control,phase,skill_id,context_id,continuation_seed,game_count,delta_utility
placebo,all,skillnet:alfworld-appliance-navigator,all_alfworld,404,62,0.03225806451612903
placebo,all,skillnet:alfworld-appliance-navigator,all_alfworld,63011,62,0.11290322580645161
placebo,all,skillnet:alfworld-appliance-navigator,all_alfworld,63021,62,0.04838709677419355
placebo,all,skillnet:alfworld-appliance-navigator,all_alfworld,404100,62,0.0
placebo,all,skillnet:alfworld-appliance-navigator,all_alfworld,404200,62,0.06451612903225806
placebo,all,skillnet:alfworld-appliance-navigator,all_alfworld,404300,62,-0.03225806451612903
placebo,all,skillnet:alfworld-appliance-navigator,all_alfworld,404400,62,0.06451612903225806
placebo,all,skillnet:alfworld-appliance-navigator,all_alfworld,404500,62,-0.03225806451612903
placebo,all,skillnet:alfworld-appliance-preparer,all_alfworld,404,8,0.0
placebo,all,skillnet:alfworld-appliance-preparer,all_alfworld,63011,8,0.0
placebo,all,skillnet:alfworld-appliance-preparer,all_alfworld,63021,8,0.0
placebo,all,skillnet:alfworld-appliance-preparer,all_alfworld,404100,8,0.0
placebo,all,skillnet:alfworld-appliance-preparer,all_alfworld,404200,8,0.0
placebo,all,skillnet:alfworld-appliance-preparer,all_alfworld,404300,8,0.0
placebo,all,skillnet:alfworld-appliance-preparer,all_alfworld,404400,8,0.0
placebo,all,skillnet:alfworld-appliance-preparer,all_alfworld,404500,8,0.0
placebo,all,skillnet:alfworld-clean-object,all_alfworld,404,37,-0.10810810810810811
placebo,all,skillnet:alfworld-clean-object,all_alfworld,63011,37,0.0
placebo,all,skillnet:alfworld-clean-object,all_alfworld,63021,37,-0.02702702702702703
placebo,all,skillnet:alfworld-clean-object,all_alfworld,404100,37,-0.08108108108108109
placebo,all,skillnet:alfworld-clean-object,all_alfworld,404200,37,0.02702702702702703
placebo,all,skillnet:alfworld-clean-object,all_alfworld,404300,37,-0.08108108108108109
placebo,all,skillnet:alfworld-clean-object,all_alfworld,404400,37,0.10810810810810811
placebo,all,skillnet:alfworld-clean-object,all_alfworld,404500,37,-0.08108108108108109
placebo,all,skillnet:alfworld-device-operator,all_alfworld,404,59,0.0
placebo,all,skillnet:alfworld-device-operator,all_alfworld,63011,59,-0.03389830508474576
placebo,all,skillnet:alfworld-device-operator,all_alfworld,63021,59,-0.03389830508474576
placebo,all,skillnet:alfworld-device-operator,all_alfworld,404100,59,-0.0847457627118644
placebo,all,skillnet:alfworld-device-operator,all_alfworld,404200,59,-0.05084745762711865
placebo,all,skillnet:alfworld-device-operator,all_alfworld,404300,59,0.0
placebo,all,skillnet:alfworld-device-operator,all_alfworld,404400,59,0.0
placebo,all,skillnet:alfworld-device-operator,all_alfworld,404500,59,-0.05084745762711865
placebo,all,skillnet:alfworld-heat-object-with-appliance,all_alfworld,404,32,-0.0625
placebo,all,skillnet:alfworld-heat-object-with-appliance,all_alfworld,63011,32,-0.0625
placebo,all,skillnet:alfworld-heat-object-with-appliance,all_alfworld,63021,32,0.03125
placebo,all,skillnet:alfworld-heat-object-with-appliance,all_alfworld,404100,32,-0.125
placebo,all,skillnet:alfworld-heat-object-with-appliance,all_alfworld,404200,32,0.0
placebo,all,skillnet:alfworld-heat-object-with-appliance,all_alfworld,404300,32,0.03125
placebo,all,skillnet:alfworld-heat-object-with-appliance,all_alfworld,404400,32,-0.09375
placebo,all,skillnet:alfworld-heat-object-with-appliance,all_alfworld,404500,32,-0.125
placebo,all,skillnet:alfworld-inventory-management,all_alfworld,404,2,0.0
placebo,all,skillnet:alfworld-inventory-management,all_alfworld,63011,2,0.0
placebo,all,skillnet:alfworld-inventory-management,all_alfworld,63021,2,0.0
placebo,all,skillnet:alfworld-inventory-management,all_alfworld,404100,2,0.0
placebo,all,skillnet:alfworld-inventory-management,all_alfworld,404200,2,0.0
placebo,all,skillnet:alfworld-inventory-management,all_alfworld,404300,2,0.0
placebo,all,skillnet:alfworld-inventory-management,all_alfworld,404400,2,0.0
placebo,all,skillnet:alfworld-inventory-management,all_alfworld,404500,2,0.0
placebo,all,skillnet:alfworld-locate-target-object,all_alfworld,404,2,-0.5
placebo,all,skillnet:alfworld-locate-target-object,all_alfworld,63011,2,0.0
placebo,all,skillnet:alfworld-locate-target-object,all_alfworld,63021,2,0.0
placebo,all,skillnet:alfworld-locate-target-object,all_alfworld,404100,2,0.0
placebo,all,skillnet:alfworld-locate-target-object,all_alfworld,404200,2,0.0
placebo,all,skillnet:alfworld-locate-target-object,all_alfworld,404300,2,0.0
placebo,all,skillnet:alfworld-locate-target-object,all_alfworld,404400,2,0.0
placebo,all,skillnet:alfworld-locate-target-object,all_alfworld,404500,2,0.5
placebo,all,skillnet:alfworld-object-cooler,all_alfworld,404,21,0.047619047619047616
placebo,all,skillnet:alfworld-object-cooler,all_alfworld,63011,21,0.14285714285714285
placebo,all,skillnet:alfworld-object-cooler,all_alfworld,63021,21,0.0
placebo,all,skillnet:alfworld-object-cooler,all_alfworld,404100,21,0.0
placebo,all,skillnet:alfworld-object-cooler,all_alfworld,404200,21,-0.047619047619047616
placebo,all,skillnet:alfworld-object-cooler,all_alfworld,404300,21,0.0
placebo,all,skillnet:alfworld-object-cooler,all_alfworld,404400,21,0.0
placebo,all,skillnet:alfworld-object-cooler,all_alfworld,404500,21,0.047619047619047616
placebo,all,skillnet:alfworld-object-disposer,all_alfworld,404,2,0.0
placebo,all,skillnet:alfworld-object-disposer,all_alfworld,63011,2,0.0
placebo,all,skillnet:alfworld-object-disposer,all_alfworld,63021,2,0.0
placebo,all,skillnet:alfworld-object-disposer,all_alfworld,404100,2,0.0
placebo,all,skillnet:alfworld-object-disposer,all_alfworld,404200,2,0.5
placebo,all,skillnet:alfworld-object-disposer,all_alfworld,404300,2,0.0
placebo,all,skillnet:alfworld-object-disposer,all_alfworld,404400,2,0.0
placebo,all,skillnet:alfworld-object-disposer,all_alfworld,404500,2,0.0
placebo,all,skillnet:alfworld-object-heater,all_alfworld,404,9,-0.1111111111111111
placebo,all,skillnet:alfworld-object-heater,all_alfworld,63011,9,-0.1111111111111111
placebo,all,skillnet:alfworld-object-heater,all_alfworld,63021,9,0.0
placebo,all,skillnet:alfworld-object-heater,all_alfworld,404100,9,0.1111111111111111
placebo,all,skillnet:alfworld-object-heater,all_alfworld,404200,9,0.0
placebo,all,skillnet:alfworld-object-heater,all_alfworld,404300,9,0.1111111111111111
placebo,all,skillnet:alfworld-object-heater,all_alfworld,404400,9,0.1111111111111111
placebo,all,skillnet:alfworld-object-heater,all_alfworld,404500,9,-0.1111111111111111
placebo,all,skillnet:alfworld-object-picker,all_alfworld,404,7,0.0
placebo,all,skillnet:alfworld-object-picker,all_alfworld,63011,7,0.14285714285714285
placebo,all,skillnet:alfworld-object-picker,all_alfworld,63021,7,-0.14285714285714285
placebo,all,skillnet:alfworld-object-picker,all_alfworld,404100,7,0.2857142857142857
placebo,all,skillnet:alfworld-object-picker,all_alfworld,404200,7,0.14285714285714285
placebo,all,skillnet:alfworld-object-picker,all_alfworld,404300,7,0.0
placebo,all,skillnet:alfworld-object-picker,all_alfworld,404400,7,0.0
placebo,all,skillnet:alfworld-object-picker,all_alfworld,404500,7,0.14285714285714285
placebo,all,skillnet:alfworld-object-placer,all_alfworld,404,23,0.08695652173913043
placebo,all,skillnet:alfworld-object-placer,all_alfworld,63011,23,0.13043478260869565
placebo,all,skillnet:alfworld-object-placer,all_alfworld,63021,23,0.17391304347826086
placebo,all,skillnet:alfworld-object-placer,all_alfworld,404100,23,0.13043478260869565
placebo,all,skillnet:alfworld-object-placer,all_alfworld,404200,23,0.21739130434782608
placebo,all,skillnet:alfworld-object-placer,all_alfworld,404300,23,-0.08695652173913043
placebo,all,skillnet:alfworld-object-placer,all_alfworld,404400,23,0.17391304347826086
placebo,all,skillnet:alfworld-object-placer,all_alfworld,404500,23,0.2608695652173913
placebo,all,skillnet:alfworld-object-retriever,all_alfworld,404,15,0.13333333333333333
placebo,all,skillnet:alfworld-object-retriever,all_alfworld,63011,15,0.06666666666666667
placebo,all,skillnet:alfworld-object-retriever,all_alfworld,63021,15,-0.06666666666666667
placebo,all,skillnet:alfworld-object-retriever,all_alfworld,404100,15,-0.06666666666666667
placebo,all,skillnet:alfworld-object-retriever,all_alfworld,404200,15,-0.06666666666666667
placebo,all,skillnet:alfworld-object-retriever,all_alfworld,404300,15,0.4666666666666667
placebo,all,skillnet:alfworld-object-retriever,all_alfworld,404400,15,0.2
placebo,all,skillnet:alfworld-object-retriever,all_alfworld,404500,15,0.06666666666666667
placebo,all,skillnet:alfworld-object-state-inspector,all_alfworld,404,18,0.2222222222222222
placebo,all,skillnet:alfworld-object-state-inspector,all_alfworld,63011,18,0.2222222222222222
placebo,all,skillnet:alfworld-object-state-inspector,all_alfworld,63021,18,0.05555555555555555
placebo,all,skillnet:alfworld-object-state-inspector,all_alfworld,404100,18,-0.6666666666666666
placebo,all,skillnet:alfworld-object-state-inspector,all_alfworld,404200,18,-0.16666666666666666
placebo,all,skillnet:alfworld-object-state-inspector,all_alfworld,404300,18,0.0
placebo,all,skillnet:alfworld-object-state-inspector,all_alfworld,404400,18,-0.16666666666666666
placebo,all,skillnet:alfworld-object-state-inspector,all_alfworld,404500,18,0.05555555555555555
placebo,all,skillnet:alfworld-object-storer,all_alfworld,404,18,0.0
placebo,all,skillnet:alfworld-object-storer,all_alfworld,63011,18,0.0
placebo,all,skillnet:alfworld-object-storer,all_alfworld,63021,18,0.0
placebo,all,skillnet:alfworld-object-storer,all_alfworld,404100,18,-0.05555555555555555
placebo,all,skillnet:alfworld-object-storer,all_alfworld,404200,18,0.0
placebo,all,skillnet:alfworld-object-storer,all_alfworld,404300,18,-0.1111111111111111
placebo,all,skillnet:alfworld-object-storer,all_alfworld,404400,18,0.0
placebo,all,skillnet:alfworld-object-storer,all_alfworld,404500,18,-0.05555555555555555
placebo,all,skillnet:alfworld-object-transporter,all_alfworld,404,1,0.0
placebo,all,skillnet:alfworld-object-transporter,all_alfworld,63011,1,0.0
placebo,all,skillnet:alfworld-object-transporter,all_alfworld,63021,1,0.0
placebo,all,skillnet:alfworld-object-transporter,all_alfworld,404100,1,0.0
placebo,all,skillnet:alfworld-object-transporter,all_alfworld,404200,1,0.0
placebo,all,skillnet:alfworld-object-transporter,all_alfworld,404300,1,0.0
placebo,all,skillnet:alfworld-object-transporter,all_alfworld,404400,1,1.0
placebo,all,skillnet:alfworld-object-transporter,all_alfworld,404500,1,0.0
placebo,all,skillnet:alfworld-receptacle-closer,all_alfworld,404,5,0.0
placebo,all,skillnet:alfworld-receptacle-closer,all_alfworld,63011,5,0.0
placebo,all,skillnet:alfworld-receptacle-closer,all_alfworld,63021,5,-0.2
placebo,all,skillnet:alfworld-receptacle-closer,all_alfworld,404100,5,0.0
placebo,all,skillnet:alfworld-receptacle-closer,all_alfworld,404200,5,0.0
placebo,all,skillnet:alfworld-receptacle-closer,all_alfworld,404300,5,0.0
placebo,all,skillnet:alfworld-receptacle-closer,all_alfworld,404400,5,0.0
placebo,all,skillnet:alfworld-receptacle-closer,all_alfworld,404500,5,0.0
placebo,all,skillnet:alfworld-receptacle-finder,all_alfworld,404,10,-0.1
placebo,all,skillnet:alfworld-receptacle-finder,all_alfworld,63011,10,0.3
placebo,all,skillnet:alfworld-receptacle-finder,all_alfworld,63021,10,-0.1
placebo,all,skillnet:alfworld-receptacle-finder,all_alfworld,404100,10,0.1
placebo,all,skillnet:alfworld-receptacle-finder,all_alfworld,404200,10,0.2
placebo,all,skillnet:alfworld-receptacle-finder,all_alfworld,404300,10,0.2
placebo,all,skillnet:alfworld-receptacle-finder,all_alfworld,404400,10,0.3
placebo,all,skillnet:alfworld-receptacle-finder,all_alfworld,404500,10,0.1
placebo,all,skillnet:alfworld-receptacle-navigator,all_alfworld,404,2,-0.5
placebo,all,skillnet:alfworld-receptacle-navigator,all_alfworld,63011,2,0.5
placebo,all,skillnet:alfworld-receptacle-navigator,all_alfworld,63021,2,-0.5
placebo,all,skillnet:alfworld-receptacle-navigator,all_alfworld,404100,2,0.0
placebo,all,skillnet:alfworld-receptacle-navigator,all_alfworld,404200,2,-0.5
placebo,all,skillnet:alfworld-receptacle-navigator,all_alfworld,404300,2,0.5
placebo,all,skillnet:alfworld-receptacle-navigator,all_alfworld,404400,2,0.0
placebo,all,skillnet:alfworld-receptacle-navigator,all_alfworld,404500,2,0.0
placebo,all,skillnet:alfworld-receptacle-opener,all_alfworld,404,8,0.0
placebo,all,skillnet:alfworld-receptacle-opener,all_alfworld,63011,8,0.0
placebo,all,skillnet:alfworld-receptacle-opener,all_alfworld,63021,8,0.0
placebo,all,skillnet:alfworld-receptacle-opener,all_alfworld,404100,8,-0.125
placebo,all,skillnet:alfworld-receptacle-opener,all_alfworld,404200,8,0.0
placebo,all,skillnet:alfworld-receptacle-opener,all_alfworld,404300,8,0.0
placebo,all,skillnet:alfworld-receptacle-opener,all_alfworld,404400,8,0.125
placebo,all,skillnet:alfworld-receptacle-opener,all_alfworld,404500,8,0.0
placebo,all,skillnet:alfworld-receptacle-operator,all_alfworld,404,7,0.0
placebo,all,skillnet:alfworld-receptacle-operator,all_alfworld,63011,7,0.0
placebo,all,skillnet:alfworld-receptacle-operator,all_alfworld,63021,7,0.0
placebo,all,skillnet:alfworld-receptacle-operator,all_alfworld,404100,7,-0.14285714285714285
placebo,all,skillnet:alfworld-receptacle-operator,all_alfworld,404200,7,-0.14285714285714285
placebo,all,skillnet:alfworld-receptacle-operator,all_alfworld,404300,7,0.0
placebo,all,skillnet:alfworld-receptacle-operator,all_alfworld,404400,7,0.0
placebo,all,skillnet:alfworld-receptacle-operator,all_alfworld,404500,7,0.14285714285714285
placebo,all,skillnet:alfworld-receptacle-searcher,all_alfworld,404,2,0.0
placebo,all,skillnet:alfworld-receptacle-searcher,all_alfworld,63011,2,0.0
placebo,all,skillnet:alfworld-receptacle-searcher,all_alfworld,63021,2,-0.5
placebo,all,skillnet:alfworld-receptacle-searcher,all_alfworld,404100,2,0.0
placebo,all,skillnet:alfworld-receptacle-searcher,all_alfworld,404200,2,0.5
placebo,all,skillnet:alfworld-receptacle-searcher,all_alfworld,404300,2,0.0
placebo,all,skillnet:alfworld-receptacle-searcher,all_alfworld,404400,2,-1.0
placebo,all,skillnet:alfworld-receptacle-searcher,all_alfworld,404500,2,0.0
placebo,all,skillnet:alfworld-storage-explorer,all_alfworld,404,44,0.09090909090909091
placebo,all,skillnet:alfworld-storage-explorer,all_alfworld,63011,44,0.11363636363636363
placebo,all,skillnet:alfworld-storage-explorer,all_alfworld,63021,44,-0.045454545454545456
placebo,all,skillnet:alfworld-storage-explorer,all_alfworld,404100,44,0.0
placebo,all,skillnet:alfworld-storage-explorer,all_alfworld,404200,44,0.06818181818181818
placebo,all,skillnet:alfworld-storage-explorer,all_alfworld,404300,44,0.0
placebo,all,skillnet:alfworld-storage-explorer,all_alfworld,404400,44,0.06818181818181818
placebo,all,skillnet:alfworld-storage-explorer,all_alfworld,404500,44,-0.022727272727272728
placebo,all,skillnet:alfworld-temperature-regulator,all_alfworld,404,6,-0.16666666666666666
placebo,all,skillnet:alfworld-temperature-regulator,all_alfworld,63011,6,0.0
placebo,all,skillnet:alfworld-temperature-regulator,all_alfworld,63021,6,0.16666666666666666
placebo,all,skillnet:alfworld-temperature-regulator,all_alfworld,404100,6,0.0
placebo,all,skillnet:alfworld-temperature-regulator,all_alfworld,404200,6,0.3333333333333333
placebo,all,skillnet:alfworld-temperature-regulator,all_alfworld,404300,6,0.16666666666666666
placebo,all,skillnet:alfworld-temperature-regulator,all_alfworld,404400,6,-0.16666666666666666
placebo,all,skillnet:alfworld-temperature-regulator,all_alfworld,404500,6,0.0
placebo,all,skillnet:alfworld-tool-locator,all_alfworld,404,4,0.0
placebo,all,skillnet:alfworld-tool-locator,all_alfworld,63011,4,0.0
placebo,all,skillnet:alfworld-tool-locator,all_alfworld,63021,4,0.0
placebo,all,skillnet:alfworld-tool-locator,all_alfworld,404100,4,0.0
placebo,all,skillnet:alfworld-tool-locator,all_alfworld,404200,4,0.0
placebo,all,skillnet:alfworld-tool-locator,all_alfworld,404300,4,0.0
placebo,all,skillnet:alfworld-tool-locator,all_alfworld,404400,4,0.0
placebo,all,skillnet:alfworld-tool-locator,all_alfworld,404500,4,-0.25
placebo,initial,skillnet:alfworld-appliance-navigator,all_alfworld,404,42,0.07142857142857142
placebo,initial,skillnet:alfworld-appliance-navigator,all_alfworld,63011,42,0.14285714285714285
placebo,initial,skillnet:alfworld-appliance-navigator,all_alfworld,63021,42,0.07142857142857142
placebo,initial,skillnet:alfworld-appliance-navigator,all_alfworld,404100,42,0.0
placebo,initial,skillnet:alfworld-appliance-navigator,all_alfworld,404200,42,0.11904761904761904
placebo,initial,skillnet:alfworld-appliance-navigator,all_alfworld,404300,42,-0.047619047619047616
placebo,initial,skillnet:alfworld-appliance-navigator,all_alfworld,404400,42,0.09523809523809523
placebo,initial,skillnet:alfworld-appliance-navigator,all_alfworld,404500,42,-0.023809523809523808
placebo,initial,skillnet:alfworld-clean-object,all_alfworld,404,25,-0.08
placebo,initial,skillnet:alfworld-clean-object,all_alfworld,63011,25,0.08
placebo,initial,skillnet:alfworld-clean-object,all_alfworld,63021,25,0.0
placebo,initial,skillnet:alfworld-clean-object,all_alfworld,404100,25,-0.04
placebo,initial,skillnet:alfworld-clean-object,all_alfworld,404200,25,0.08
placebo,initial,skillnet:alfworld-clean-object,all_alfworld,404300,25,-0.08
placebo,initial,skillnet:alfworld-clean-object,all_alfworld,404400,25,0.08
placebo,initial,skillnet:alfworld-clean-object,all_alfworld,404500,25,-0.08
placebo,initial,skillnet:alfworld-device-operator,all_alfworld,404,22,-0.13636363636363635
placebo,initial,skillnet:alfworld-device-operator,all_alfworld,63011,22,-0.045454545454545456
placebo,initial,skillnet:alfworld-device-operator,all_alfworld,63021,22,-0.045454545454545456
placebo,initial,skillnet:alfworld-device-operator,all_alfworld,404100,22,-0.2727272727272727
placebo,initial,skillnet:alfworld-device-operator,all_alfworld,404200,22,-0.09090909090909091
placebo,initial,skillnet:alfworld-device-operator,all_alfworld,404300,22,-0.045454545454545456
placebo,initial,skillnet:alfworld-device-operator,all_alfworld,404400,22,-0.18181818181818182
placebo,initial,skillnet:alfworld-device-operator,all_alfworld,404500,22,-0.22727272727272727
placebo,initial,skillnet:alfworld-locate-target-object,all_alfworld,404,2,-0.5
placebo,initial,skillnet:alfworld-locate-target-object,all_alfworld,63011,2,0.0
placebo,initial,skillnet:alfworld-locate-target-object,all_alfworld,63021,2,0.0
placebo,initial,skillnet:alfworld-locate-target-object,all_alfworld,404100,2,0.0
placebo,initial,skillnet:alfworld-locate-target-object,all_alfworld,404200,2,0.0
placebo,initial,skillnet:alfworld-locate-target-object,all_alfworld,404300,2,0.0
placebo,initial,skillnet:alfworld-locate-target-object,all_alfworld,404400,2,0.0
placebo,initial,skillnet:alfworld-locate-target-object,all_alfworld,404500,2,0.5
placebo,initial,skillnet:alfworld-object-placer,all_alfworld,404,3,0.0
placebo,initial,skillnet:alfworld-object-placer,all_alfworld,63011,3,0.0
placebo,initial,skillnet:alfworld-object-placer,all_alfworld,63021,3,-0.3333333333333333
placebo,initial,skillnet:alfworld-object-placer,all_alfworld,404100,3,0.0
placebo,initial,skillnet:alfworld-object-placer,all_alfworld,404200,3,0.3333333333333333
placebo,initial,skillnet:alfworld-object-placer,all_alfworld,404300,3,0.0
placebo,initial,skillnet:alfworld-object-placer,all_alfworld,404400,3,0.0
placebo,initial,skillnet:alfworld-object-placer,all_alfworld,404500,3,0.0
placebo,initial,skillnet:alfworld-object-retriever,all_alfworld,404,2,0.5
placebo,initial,skillnet:alfworld-object-retriever,all_alfworld,63011,2,0.0
placebo,initial,skillnet:alfworld-object-retriever,all_alfworld,63021,2,0.0
placebo,initial,skillnet:alfworld-object-retriever,all_alfworld,404100,2,-0.5
placebo,initial,skillnet:alfworld-object-retriever,all_alfworld,404200,2,0.0
placebo,initial,skillnet:alfworld-object-retriever,all_alfworld,404300,2,0.5
placebo,initial,skillnet:alfworld-object-retriever,all_alfworld,404400,2,1.0
placebo,initial,skillnet:alfworld-object-retriever,all_alfworld,404500,2,0.0
placebo,initial,skillnet:alfworld-object-state-inspector,all_alfworld,404,10,0.1
placebo,initial,skillnet:alfworld-object-state-inspector,all_alfworld,63011,10,-0.1
placebo,initial,skillnet:alfworld-object-state-inspector,all_alfworld,63021,10,0.0
placebo,initial,skillnet:alfworld-object-state-inspector,all_alfworld,404100,10,-0.6
placebo,initial,skillnet:alfworld-object-state-inspector,all_alfworld,404200,10,-0.2
placebo,initial,skillnet:alfworld-object-state-inspector,all_alfworld,404300,10,-0.1
placebo,initial,skillnet:alfworld-object-state-inspector,all_alfworld,404400,10,-0.1
placebo,initial,skillnet:alfworld-object-state-inspector,all_alfworld,404500,10,-0.1
placebo,initial,skillnet:alfworld-receptacle-finder,all_alfworld,404,3,0.3333333333333333
placebo,initial,skillnet:alfworld-receptacle-finder,all_alfworld,63011,3,0.3333333333333333
placebo,initial,skillnet:alfworld-receptacle-finder,all_alfworld,63021,3,0.0
placebo,initial,skillnet:alfworld-receptacle-finder,all_alfworld,404100,3,0.3333333333333333
placebo,initial,skillnet:alfworld-receptacle-finder,all_alfworld,404200,3,0.3333333333333333
placebo,initial,skillnet:alfworld-receptacle-finder,all_alfworld,404300,3,0.3333333333333333
placebo,initial,skillnet:alfworld-receptacle-finder,all_alfworld,404400,3,0.3333333333333333
placebo,initial,skillnet:alfworld-receptacle-finder,all_alfworld,404500,3,0.0
placebo,initial,skillnet:alfworld-receptacle-searcher,all_alfworld,404,2,0.0
placebo,initial,skillnet:alfworld-receptacle-searcher,all_alfworld,63011,2,0.0
placebo,initial,skillnet:alfworld-receptacle-searcher,all_alfworld,63021,2,-0.5
placebo,initial,skillnet:alfworld-receptacle-searcher,all_alfworld,404100,2,0.0
placebo,initial,skillnet:alfworld-receptacle-searcher,all_alfworld,404200,2,0.5
placebo,initial,skillnet:alfworld-receptacle-searcher,all_alfworld,404300,2,0.0
placebo,initial,skillnet:alfworld-receptacle-searcher,all_alfworld,404400,2,-1.0
placebo,initial,skillnet:alfworld-receptacle-searcher,all_alfworld,404500,2,0.0
placebo,initial,skillnet:alfworld-storage-explorer,all_alfworld,404,23,0.08695652173913043
placebo,initial,skillnet:alfworld-storage-explorer,all_alfworld,63011,23,0.2608695652173913
placebo,initial,skillnet:alfworld-storage-explorer,all_alfworld,63021,23,-0.043478260869565216
placebo,initial,skillnet:alfworld-storage-explorer,all_alfworld,404100,23,-0.043478260869565216
placebo,initial,skillnet:alfworld-storage-explorer,all_alfworld,404200,23,0.043478260869565216
placebo,initial,skillnet:alfworld-storage-explorer,all_alfworld,404300,23,0.08695652173913043
placebo,initial,skillnet:alfworld-storage-explorer,all_alfworld,404400,23,0.043478260869565216
placebo,initial,skillnet:alfworld-storage-explorer,all_alfworld,404500,23,0.0
placebo,early,skillnet:alfworld-appliance-navigator,all_alfworld,404,8,-0.125
placebo,early,skillnet:alfworld-appliance-navigator,all_alfworld,63011,8,0.125
placebo,early,skillnet:alfworld-appliance-navigator,all_alfworld,63021,8,0.0
placebo,early,skillnet:alfworld-appliance-navigator,all_alfworld,404100,8,0.0
placebo,early,skillnet:alfworld-appliance-navigator,all_alfworld,404200,8,-0.125
placebo,early,skillnet:alfworld-appliance-navigator,all_alfworld,404300,8,0.0
placebo,early,skillnet:alfworld-appliance-navigator,all_alfworld,404400,8,-0.125
placebo,early,skillnet:alfworld-appliance-navigator,all_alfworld,404500,8,-0.125
placebo,early,skillnet:alfworld-clean-object,all_alfworld,404,9,-0.2222222222222222
placebo,early,skillnet:alfworld-clean-object,all_alfworld,63011,9,-0.2222222222222222
placebo,early,skillnet:alfworld-clean-object,all_alfworld,63021,9,-0.1111111111111111
placebo,early,skillnet:alfworld-clean-object,all_alfworld,404100,9,-0.2222222222222222
placebo,early,skillnet:alfworld-clean-object,all_alfworld,404200,9,-0.1111111111111111
placebo,early,skillnet:alfworld-clean-object,all_alfworld,404300,9,-0.1111111111111111
placebo,early,skillnet:alfworld-clean-object,all_alfworld,404400,9,0.2222222222222222
placebo,early,skillnet:alfworld-clean-object,all_alfworld,404500,9,-0.1111111111111111
placebo,early,skillnet:alfworld-device-operator,all_alfworld,404,27,0.0
placebo,early,skillnet:alfworld-device-operator,all_alfworld,63011,27,0.0
placebo,early,skillnet:alfworld-device-operator,all_alfworld,63021,27,0.0
placebo,early,skillnet:alfworld-device-operator,all_alfworld,404100,27,0.0
placebo,early,skillnet:alfworld-device-operator,all_alfworld,404200,27,-0.07407407407407407
placebo,early,skillnet:alfworld-device-operator,all_alfworld,404300,27,0.0
placebo,early,skillnet:alfworld-device-operator,all_alfworld,404400,27,0.1111111111111111
placebo,early,skillnet:alfworld-device-operator,all_alfworld,404500,27,0.07407407407407407
placebo,early,skillnet:alfworld-heat-object-with-appliance,all_alfworld,404,13,-0.07692307692307693
placebo,early,skillnet:alfworld-heat-object-with-appliance,all_alfworld,63011,13,-0.07692307692307693
placebo,early,skillnet:alfworld-heat-object-with-appliance,all_alfworld,63021,13,-0.07692307692307693
placebo,early,skillnet:alfworld-heat-object-with-appliance,all_alfworld,404100,13,-0.3076923076923077
placebo,early,skillnet:alfworld-heat-object-with-appliance,all_alfworld,404200,13,-0.07692307692307693
placebo,early,skillnet:alfworld-heat-object-with-appliance,all_alfworld,404300,13,0.0
placebo,early,skillnet:alfworld-heat-object-with-appliance,all_alfworld,404400,13,-0.3076923076923077
placebo,early,skillnet:alfworld-heat-object-with-appliance,all_alfworld,404500,13,-0.23076923076923078
placebo,early,skillnet:alfworld-inventory-management,all_alfworld,404,2,0.0
placebo,early,skillnet:alfworld-inventory-management,all_alfworld,63011,2,0.0
placebo,early,skillnet:alfworld-inventory-management,all_alfworld,63021,2,0.0
placebo,early,skillnet:alfworld-inventory-management,all_alfworld,404100,2,0.0
placebo,early,skillnet:alfworld-inventory-management,all_alfworld,404200,2,0.0
placebo,early,skillnet:alfworld-inventory-management,all_alfworld,404300,2,0.0
placebo,early,skillnet:alfworld-inventory-management,all_alfworld,404400,2,0.0
placebo,early,skillnet:alfworld-inventory-management,all_alfworld,404500,2,0.0
placebo,early,skillnet:alfworld-object-cooler,all_alfworld,404,9,0.0
placebo,early,skillnet:alfworld-object-cooler,all_alfworld,63011,9,0.3333333333333333
placebo,early,skillnet:alfworld-object-cooler,all_alfworld,63021,9,-0.1111111111111111
placebo,early,skillnet:alfworld-object-cooler,all_alfworld,404100,9,-0.1111111111111111
placebo,early,skillnet:alfworld-object-cooler,all_alfworld,404200,9,-0.2222222222222222
placebo,early,skillnet:alfworld-object-cooler,all_alfworld,404300,9,-0.1111111111111111
placebo,early,skillnet:alfworld-object-cooler,all_alfworld,404400,9,-0.1111111111111111
placebo,early,skillnet:alfworld-object-cooler,all_alfworld,404500,9,0.1111111111111111
placebo,early,skillnet:alfworld-object-disposer,all_alfworld,404,2,0.0
placebo,early,skillnet:alfworld-object-disposer,all_alfworld,63011,2,0.0
placebo,early,skillnet:alfworld-object-disposer,all_alfworld,63021,2,0.0
placebo,early,skillnet:alfworld-object-disposer,all_alfworld,404100,2,0.0
placebo,early,skillnet:alfworld-object-disposer,all_alfworld,404200,2,0.5
placebo,early,skillnet:alfworld-object-disposer,all_alfworld,404300,2,0.0
placebo,early,skillnet:alfworld-object-disposer,all_alfworld,404400,2,0.0
placebo,early,skillnet:alfworld-object-disposer,all_alfworld,404500,2,0.0
placebo,early,skillnet:alfworld-object-heater,all_alfworld,404,1,0.0
placebo,early,skillnet:alfworld-object-heater,all_alfworld,63011,1,0.0
placebo,early,skillnet:alfworld-object-heater,all_alfworld,63021,1,0.0
placebo,early,skillnet:alfworld-object-heater,all_alfworld,404100,1,0.0
placebo,early,skillnet:alfworld-object-heater,all_alfworld,404200,1,0.0
placebo,early,skillnet:alfworld-object-heater,all_alfworld,404300,1,0.0
placebo,early,skillnet:alfworld-object-heater,all_alfworld,404400,1,0.0
placebo,early,skillnet:alfworld-object-heater,all_alfworld,404500,1,0.0
placebo,early,skillnet:alfworld-object-picker,all_alfworld,404,4,0.0
placebo,early,skillnet:alfworld-object-picker,all_alfworld,63011,4,0.0
placebo,early,skillnet:alfworld-object-picker,all_alfworld,63021,4,-0.25
placebo,early,skillnet:alfworld-object-picker,all_alfworld,404100,4,0.5
placebo,early,skillnet:alfworld-object-picker,all_alfworld,404200,4,0.25
placebo,early,skillnet:alfworld-object-picker,all_alfworld,404300,4,0.0
placebo,early,skillnet:alfworld-object-picker,all_alfworld,404400,4,0.25
placebo,early,skillnet:alfworld-object-picker,all_alfworld,404500,4,0.0
placebo,early,skillnet:alfworld-object-placer,all_alfworld,404,4,0.0
placebo,early,skillnet:alfworld-object-placer,all_alfworld,63011,4,0.5
placebo,early,skillnet:alfworld-object-placer,all_alfworld,63021,4,0.25
placebo,early,skillnet:alfworld-object-placer,all_alfworld,404100,4,0.0
placebo,early,skillnet:alfworld-object-placer,all_alfworld,404200,4,0.5
placebo,early,skillnet:alfworld-object-placer,all_alfworld,404300,4,-0.25
placebo,early,skillnet:alfworld-object-placer,all_alfworld,404400,4,1.0
placebo,early,skillnet:alfworld-object-placer,all_alfworld,404500,4,0.75
placebo,early,skillnet:alfworld-object-retriever,all_alfworld,404,13,0.07692307692307693
placebo,early,skillnet:alfworld-object-retriever,all_alfworld,63011,13,0.07692307692307693
placebo,early,skillnet:alfworld-object-retriever,all_alfworld,63021,13,-0.07692307692307693
placebo,early,skillnet:alfworld-object-retriever,all_alfworld,404100,13,0.0
placebo,early,skillnet:alfworld-object-retriever,all_alfworld,404200,13,-0.07692307692307693
placebo,early,skillnet:alfworld-object-retriever,all_alfworld,404300,13,0.46153846153846156
placebo,early,skillnet:alfworld-object-retriever,all_alfworld,404400,13,0.07692307692307693
placebo,early,skillnet:alfworld-object-retriever,all_alfworld,404500,13,0.07692307692307693
placebo,early,skillnet:alfworld-object-state-inspector,all_alfworld,404,7,0.42857142857142855
placebo,early,skillnet:alfworld-object-state-inspector,all_alfworld,63011,7,0.7142857142857143
placebo,early,skillnet:alfworld-object-state-inspector,all_alfworld,63021,7,0.14285714285714285
placebo,early,skillnet:alfworld-object-state-inspector,all_alfworld,404100,7,-0.8571428571428571
placebo,early,skillnet:alfworld-object-state-inspector,all_alfworld,404200,7,-0.14285714285714285
placebo,early,skillnet:alfworld-object-state-inspector,all_alfworld,404300,7,0.2857142857142857
placebo,early,skillnet:alfworld-object-state-inspector,all_alfworld,404400,7,-0.2857142857142857
placebo,early,skillnet:alfworld-object-state-inspector,all_alfworld,404500,7,0.2857142857142857
placebo,early,skillnet:alfworld-object-storer,all_alfworld,404,8,0.125
placebo,early,skillnet:alfworld-object-storer,all_alfworld,63011,8,0.25
placebo,early,skillnet:alfworld-object-storer,all_alfworld,63021,8,0.125
placebo,early,skillnet:alfworld-object-storer,all_alfworld,404100,8,0.0
placebo,early,skillnet:alfworld-object-storer,all_alfworld,404200,8,0.0
placebo,early,skillnet:alfworld-object-storer,all_alfworld,404300,8,0.0
placebo,early,skillnet:alfworld-object-storer,all_alfworld,404400,8,0.0
placebo,early,skillnet:alfworld-object-storer,all_alfworld,404500,8,-0.125
placebo,early,skillnet:alfworld-receptacle-finder,all_alfworld,404,1,0.0
placebo,early,skillnet:alfworld-receptacle-finder,all_alfworld,63011,1,1.0
placebo,early,skillnet:alfworld-receptacle-finder,all_alfworld,63021,1,-1.0
placebo,early,skillnet:alfworld-receptacle-finder,all_alfworld,404100,1,1.0
placebo,early,skillnet:alfworld-receptacle-finder,all_alfworld,404200,1,1.0
placebo,early,skillnet:alfworld-receptacle-finder,all_alfworld,404300,1,1.0
placebo,early,skillnet:alfworld-receptacle-finder,all_alfworld,404400,1,1.0
placebo,early,skillnet:alfworld-receptacle-finder,all_alfworld,404500,1,1.0
placebo,early,skillnet:alfworld-receptacle-navigator,all_alfworld,404,2,-0.5
placebo,early,skillnet:alfworld-receptacle-navigator,all_alfworld,63011,2,0.5
placebo,early,skillnet:alfworld-receptacle-navigator,all_alfworld,63021,2,-0.5
placebo,early,skillnet:alfworld-receptacle-navigator,all_alfworld,404100,2,0.0
placebo,early,skillnet:alfworld-receptacle-navigator,all_alfworld,404200,2,-0.5
placebo,early,skillnet:alfworld-receptacle-navigator,all_alfworld,404300,2,0.5
placebo,early,skillnet:alfworld-receptacle-navigator,all_alfworld,404400,2,0.0
placebo,early,skillnet:alfworld-receptacle-navigator,all_alfworld,404500,2,0.0
placebo,early,skillnet:alfworld-receptacle-opener,all_alfworld,404,1,0.0
placebo,early,skillnet:alfworld-receptacle-opener,all_alfworld,63011,1,0.0
placebo,early,skillnet:alfworld-receptacle-opener,all_alfworld,63021,1,0.0
placebo,early,skillnet:alfworld-receptacle-opener,all_alfworld,404100,1,0.0
placebo,early,skillnet:alfworld-receptacle-opener,all_alfworld,404200,1,0.0
placebo,early,skillnet:alfworld-receptacle-opener,all_alfworld,404300,1,0.0
placebo,early,skillnet:alfworld-receptacle-opener,all_alfworld,404400,1,0.0
placebo,early,skillnet:alfworld-receptacle-opener,all_alfworld,404500,1,0.0
placebo,early,skillnet:alfworld-receptacle-operator,all_alfworld,404,2,0.0
placebo,early,skillnet:alfworld-receptacle-operator,all_alfworld,63011,2,0.5
placebo,early,skillnet:alfworld-receptacle-operator,all_alfworld,63021,2,0.0
placebo,early,skillnet:alfworld-receptacle-operator,all_alfworld,404100,2,0.0
placebo,early,skillnet:alfworld-receptacle-operator,all_alfworld,404200,2,0.0
placebo,early,skillnet:alfworld-receptacle-operator,all_alfworld,404300,2,0.0
placebo,early,skillnet:alfworld-receptacle-operator,all_alfworld,404400,2,0.0
placebo,early,skillnet:alfworld-receptacle-operator,all_alfworld,404500,2,0.5
placebo,early,skillnet:alfworld-storage-explorer,all_alfworld,404,18,0.1111111111111111
placebo,early,skillnet:alfworld-storage-explorer,all_alfworld,63011,18,-0.05555555555555555
placebo,early,skillnet:alfworld-storage-explorer,all_alfworld,63021,18,-0.05555555555555555
placebo,early,skillnet:alfworld-storage-explorer,all_alfworld,404100,18,0.05555555555555555
placebo,early,skillnet:alfworld-storage-explorer,all_alfworld,404200,18,0.1111111111111111
placebo,early,skillnet:alfworld-storage-explorer,all_alfworld,404300,18,-0.1111111111111111
placebo,early,skillnet:alfworld-storage-explorer,all_alfworld,404400,18,0.1111111111111111
placebo,early,skillnet:alfworld-storage-explorer,all_alfworld,404500,18,-0.05555555555555555
placebo,early,skillnet:alfworld-tool-locator,all_alfworld,404,4,0.0
placebo,early,skillnet:alfworld-tool-locator,all_alfworld,63011,4,0.0
placebo,early,skillnet:alfworld-tool-locator,all_alfworld,63021,4,0.0
placebo,early,skillnet:alfworld-tool-locator,all_alfworld,404100,4,0.0
placebo,early,skillnet:alfworld-tool-locator,all_alfworld,404200,4,0.0
placebo,early,skillnet:alfworld-tool-locator,all_alfworld,404300,4,0.0
placebo,early,skillnet:alfworld-tool-locator,all_alfworld,404400,4,0.0
placebo,early,skillnet:alfworld-tool-locator,all_alfworld,404500,4,-0.25
placebo,middle,skillnet:alfworld-appliance-navigator,all_alfworld,404,6,0.0
placebo,middle,skillnet:alfworld-appliance-navigator,all_alfworld,63011,6,0.0
placebo,middle,skillnet:alfworld-appliance-navigator,all_alfworld,63021,6,0.0
placebo,middle,skillnet:alfworld-appliance-navigator,all_alfworld,404100,6,0.0
placebo,middle,skillnet:alfworld-appliance-navigator,all_alfworld,404200,6,0.0
placebo,middle,skillnet:alfworld-appliance-navigator,all_alfworld,404300,6,0.0
placebo,middle,skillnet:alfworld-appliance-navigator,all_alfworld,404400,6,0.0
placebo,middle,skillnet:alfworld-appliance-navigator,all_alfworld,404500,6,0.0
placebo,middle,skillnet:alfworld-appliance-preparer,all_alfworld,404,4,0.0
placebo,middle,skillnet:alfworld-appliance-preparer,all_alfworld,63011,4,0.0
placebo,middle,skillnet:alfworld-appliance-preparer,all_alfworld,63021,4,0.0
placebo,middle,skillnet:alfworld-appliance-preparer,all_alfworld,404100,4,0.0
placebo,middle,skillnet:alfworld-appliance-preparer,all_alfworld,404200,4,0.0
placebo,middle,skillnet:alfworld-appliance-preparer,all_alfworld,404300,4,0.0
placebo,middle,skillnet:alfworld-appliance-preparer,all_alfworld,404400,4,0.0
placebo,middle,skillnet:alfworld-appliance-preparer,all_alfworld,404500,4,0.0
placebo,middle,skillnet:alfworld-clean-object,all_alfworld,404,1,0.0
placebo,middle,skillnet:alfworld-clean-object,all_alfworld,63011,1,0.0
placebo,middle,skillnet:alfworld-clean-object,all_alfworld,63021,1,0.0
placebo,middle,skillnet:alfworld-clean-object,all_alfworld,404100,1,0.0
placebo,middle,skillnet:alfworld-clean-object,all_alfworld,404200,1,0.0
placebo,middle,skillnet:alfworld-clean-object,all_alfworld,404300,1,0.0
placebo,middle,skillnet:alfworld-clean-object,all_alfworld,404400,1,0.0
placebo,middle,skillnet:alfworld-clean-object,all_alfworld,404500,1,0.0
placebo,middle,skillnet:alfworld-device-operator,all_alfworld,404,7,0.42857142857142855
placebo,middle,skillnet:alfworld-device-operator,all_alfworld,63011,7,-0.14285714285714285
placebo,middle,skillnet:alfworld-device-operator,all_alfworld,63021,7,-0.14285714285714285
placebo,middle,skillnet:alfworld-device-operator,all_alfworld,404100,7,0.14285714285714285
placebo,middle,skillnet:alfworld-device-operator,all_alfworld,404200,7,0.14285714285714285
placebo,middle,skillnet:alfworld-device-operator,all_alfworld,404300,7,0.14285714285714285
placebo,middle,skillnet:alfworld-device-operator,all_alfworld,404400,7,0.14285714285714285
placebo,middle,skillnet:alfworld-device-operator,all_alfworld,404500,7,0.0
placebo,middle,skillnet:alfworld-heat-object-with-appliance,all_alfworld,404,12,-0.08333333333333333
placebo,middle,skillnet:alfworld-heat-object-with-appliance,all_alfworld,63011,12,-0.08333333333333333
placebo,middle,skillnet:alfworld-heat-object-with-appliance,all_alfworld,63021,12,0.08333333333333333
placebo,middle,skillnet:alfworld-heat-object-with-appliance,all_alfworld,404100,12,-0.08333333333333333
placebo,middle,skillnet:alfworld-heat-object-with-appliance,all_alfworld,404200,12,0.0
placebo,middle,skillnet:alfworld-heat-object-with-appliance,all_alfworld,404300,12,0.0
placebo,middle,skillnet:alfworld-heat-object-with-appliance,all_alfworld,404400,12,0.0
placebo,middle,skillnet:alfworld-heat-object-with-appliance,all_alfworld,404500,12,-0.08333333333333333
placebo,middle,skillnet:alfworld-object-cooler,all_alfworld,404,6,0.16666666666666666
placebo,middle,skillnet:alfworld-object-cooler,all_alfworld,63011,6,0.0
placebo,middle,skillnet:alfworld-object-cooler,all_alfworld,63021,6,0.16666666666666666
placebo,middle,skillnet:alfworld-object-cooler,all_alfworld,404100,6,0.16666666666666666
placebo,middle,skillnet:alfworld-object-cooler,all_alfworld,404200,6,0.16666666666666666
placebo,middle,skillnet:alfworld-object-cooler,all_alfworld,404300,6,0.16666666666666666
placebo,middle,skillnet:alfworld-object-cooler,all_alfworld,404400,6,0.16666666666666666
placebo,middle,skillnet:alfworld-object-cooler,all_alfworld,404500,6,0.16666666666666666
placebo,middle,skillnet:alfworld-object-heater,all_alfworld,404,4,-0.25
placebo,middle,skillnet:alfworld-object-heater,all_alfworld,63011,4,-0.25
placebo,middle,skillnet:alfworld-object-heater,all_alfworld,63021,4,0.0
placebo,middle,skillnet:alfworld-object-heater,all_alfworld,404100,4,0.25
placebo,middle,skillnet:alfworld-object-heater,all_alfworld,404200,4,0.0
placebo,middle,skillnet:alfworld-object-heater,all_alfworld,404300,4,0.25
placebo,middle,skillnet:alfworld-object-heater,all_alfworld,404400,4,0.25
placebo,middle,skillnet:alfworld-object-heater,all_alfworld,404500,4,-0.25
placebo,middle,skillnet:alfworld-object-picker,all_alfworld,404,1,0.0
placebo,middle,skillnet:alfworld-object-picker,all_alfworld,63011,1,1.0
placebo,middle,skillnet:alfworld-object-picker,all_alfworld,63021,1,0.0
placebo,middle,skillnet:alfworld-object-picker,all_alfworld,404100,1,0.0
placebo,middle,skillnet:alfworld-object-picker,all_alfworld,404200,1,0.0
placebo,middle,skillnet:alfworld-object-picker,all_alfworld,404300,1,0.0
placebo,middle,skillnet:alfworld-object-picker,all_alfworld,404400,1,0.0
placebo,middle,skillnet:alfworld-object-picker,all_alfworld,404500,1,1.0
placebo,middle,skillnet:alfworld-object-placer,all_alfworld,404,10,0.2
placebo,middle,skillnet:alfworld-object-placer,all_alfworld,63011,10,0.0
placebo,middle,skillnet:alfworld-object-placer,all_alfworld,63021,10,0.3
placebo,middle,skillnet:alfworld-object-placer,all_alfworld,404100,10,0.3
placebo,middle,skillnet:alfworld-object-placer,all_alfworld,404200,10,0.1
placebo,middle,skillnet:alfworld-object-placer,all_alfworld,404300,10,-0.1
placebo,middle,skillnet:alfworld-object-placer,all_alfworld,404400,10,0.0
placebo,middle,skillnet:alfworld-object-placer,all_alfworld,404500,10,0.3
placebo,middle,skillnet:alfworld-object-state-inspector,all_alfworld,404,1,0.0
placebo,middle,skillnet:alfworld-object-state-inspector,all_alfworld,63011,1,0.0
placebo,middle,skillnet:alfworld-object-state-inspector,all_alfworld,63021,1,0.0
placebo,middle,skillnet:alfworld-object-state-inspector,all_alfworld,404100,1,0.0
placebo,middle,skillnet:alfworld-object-state-inspector,all_alfworld,404200,1,0.0
placebo,middle,skillnet:alfworld-object-state-inspector,all_alfworld,404300,1,-1.0
placebo,middle,skillnet:alfworld-object-state-inspector,all_alfworld,404400,1,0.0
placebo,middle,skillnet:alfworld-object-state-inspector,all_alfworld,404500,1,0.0
placebo,middle,skillnet:alfworld-object-storer,all_alfworld,404,6,-0.16666666666666666
placebo,middle,skillnet:alfworld-object-storer,all_alfworld,63011,6,-0.16666666666666666
placebo,middle,skillnet:alfworld-object-storer,all_alfworld,63021,6,-0.16666666666666666
placebo,middle,skillnet:alfworld-object-storer,all_alfworld,404100,6,-0.16666666666666666
placebo,middle,skillnet:alfworld-object-storer,all_alfworld,404200,6,0.0
placebo,middle,skillnet:alfworld-object-storer,all_alfworld,404300,6,0.0
placebo,middle,skillnet:alfworld-object-storer,all_alfworld,404400,6,0.0
placebo,middle,skillnet:alfworld-object-storer,all_alfworld,404500,6,0.0
placebo,middle,skillnet:alfworld-receptacle-closer,all_alfworld,404,4,0.0
placebo,middle,skillnet:alfworld-receptacle-closer,all_alfworld,63011,4,0.0
placebo,middle,skillnet:alfworld-receptacle-closer,all_alfworld,63021,4,-0.25
placebo,middle,skillnet:alfworld-receptacle-closer,all_alfworld,404100,4,0.0
placebo,middle,skillnet:alfworld-receptacle-closer,all_alfworld,404200,4,0.0
placebo,middle,skillnet:alfworld-receptacle-closer,all_alfworld,404300,4,0.0
placebo,middle,skillnet:alfworld-receptacle-closer,all_alfworld,404400,4,0.0
placebo,middle,skillnet:alfworld-receptacle-closer,all_alfworld,404500,4,0.0
placebo,middle,skillnet:alfworld-receptacle-finder,all_alfworld,404,1,0.0
placebo,middle,skillnet:alfworld-receptacle-finder,all_alfworld,63011,1,0.0
placebo,middle,skillnet:alfworld-receptacle-finder,all_alfworld,63021,1,0.0
placebo,middle,skillnet:alfworld-receptacle-finder,all_alfworld,404100,1,-1.0
placebo,middle,skillnet:alfworld-receptacle-finder,all_alfworld,404200,1,0.0
placebo,middle,skillnet:alfworld-receptacle-finder,all_alfworld,404300,1,0.0
placebo,middle,skillnet:alfworld-receptacle-finder,all_alfworld,404400,1,1.0
placebo,middle,skillnet:alfworld-receptacle-finder,all_alfworld,404500,1,0.0
placebo,middle,skillnet:alfworld-receptacle-opener,all_alfworld,404,2,0.0
placebo,middle,skillnet:alfworld-receptacle-opener,all_alfworld,63011,2,0.0
placebo,middle,skillnet:alfworld-receptacle-opener,all_alfworld,63021,2,0.0
placebo,middle,skillnet:alfworld-receptacle-opener,all_alfworld,404100,2,0.0
placebo,middle,skillnet:alfworld-receptacle-opener,all_alfworld,404200,2,0.0
placebo,middle,skillnet:alfworld-receptacle-opener,all_alfworld,404300,2,0.0
placebo,middle,skillnet:alfworld-receptacle-opener,all_alfworld,404400,2,0.0
placebo,middle,skillnet:alfworld-receptacle-opener,all_alfworld,404500,2,0.0
placebo,middle,skillnet:alfworld-receptacle-operator,all_alfworld,404,3,0.0
placebo,middle,skillnet:alfworld-receptacle-operator,all_alfworld,63011,3,-0.3333333333333333
placebo,middle,skillnet:alfworld-receptacle-operator,all_alfworld,63021,3,0.0
placebo,middle,skillnet:alfworld-receptacle-operator,all_alfworld,404100,3,-0.3333333333333333
placebo,middle,skillnet:alfworld-receptacle-operator,all_alfworld,404200,3,-0.3333333333333333
placebo,middle,skillnet:alfworld-receptacle-operator,all_alfworld,404300,3,0.0
placebo,middle,skillnet:alfworld-receptacle-operator,all_alfworld,404400,3,0.0
placebo,middle,skillnet:alfworld-receptacle-operator,all_alfworld,404500,3,0.0
placebo,middle,skillnet:alfworld-storage-explorer,all_alfworld,404,1,0.0
placebo,middle,skillnet:alfworld-storage-explorer,all_alfworld,63011,1,0.0
placebo,middle,skillnet:alfworld-storage-explorer,all_alfworld,63021,1,0.0
placebo,middle,skillnet:alfworld-storage-explorer,all_alfworld,404100,1,0.0
placebo,middle,skillnet:alfworld-storage-explorer,all_alfworld,404200,1,0.0
placebo,middle,skillnet:alfworld-storage-explorer,all_alfworld,404300,1,0.0
placebo,middle,skillnet:alfworld-storage-explorer,all_alfworld,404400,1,0.0
placebo,middle,skillnet:alfworld-storage-explorer,all_alfworld,404500,1,0.0
placebo,middle,skillnet:alfworld-temperature-regulator,all_alfworld,404,2,0.0
placebo,middle,skillnet:alfworld-temperature-regulator,all_alfworld,63011,2,-0.5
placebo,middle,skillnet:alfworld-temperature-regulator,all_alfworld,63021,2,0.0
placebo,middle,skillnet:alfworld-temperature-regulator,all_alfworld,404100,2,0.0
placebo,middle,skillnet:alfworld-temperature-regulator,all_alfworld,404200,2,0.0
placebo,middle,skillnet:alfworld-temperature-regulator,all_alfworld,404300,2,0.0
placebo,middle,skillnet:alfworld-temperature-regulator,all_alfworld,404400,2,0.0
placebo,middle,skillnet:alfworld-temperature-regulator,all_alfworld,404500,2,0.0
placebo,late,skillnet:alfworld-appliance-navigator,all_alfworld,404,6,0.0
placebo,late,skillnet:alfworld-appliance-navigator,all_alfworld,63011,6,0.0
placebo,late,skillnet:alfworld-appliance-navigator,all_alfworld,63021,6,0.0
placebo,late,skillnet:alfworld-appliance-navigator,all_alfworld,404100,6,0.0
placebo,late,skillnet:alfworld-appliance-navigator,all_alfworld,404200,6,0.0
placebo,late,skillnet:alfworld-appliance-navigator,all_alfworld,404300,6,0.0
placebo,late,skillnet:alfworld-appliance-navigator,all_alfworld,404400,6,0.16666666666666666
placebo,late,skillnet:alfworld-appliance-navigator,all_alfworld,404500,6,0.0
placebo,late,skillnet:alfworld-appliance-preparer,all_alfworld,404,4,0.0
placebo,late,skillnet:alfworld-appliance-preparer,all_alfworld,63011,4,0.0
placebo,late,skillnet:alfworld-appliance-preparer,all_alfworld,63021,4,0.0
placebo,late,skillnet:alfworld-appliance-preparer,all_alfworld,404100,4,0.0
placebo,late,skillnet:alfworld-appliance-preparer,all_alfworld,404200,4,0.0
placebo,late,skillnet:alfworld-appliance-preparer,all_alfworld,404300,4,0.0
placebo,late,skillnet:alfworld-appliance-preparer,all_alfworld,404400,4,0.0
placebo,late,skillnet:alfworld-appliance-preparer,all_alfworld,404500,4,0.0
placebo,late,skillnet:alfworld-clean-object,all_alfworld,404,2,0.0
placebo,late,skillnet:alfworld-clean-object,all_alfworld,63011,2,0.0
placebo,late,skillnet:alfworld-clean-object,all_alfworld,63021,2,0.0
placebo,late,skillnet:alfworld-clean-object,all_alfworld,404100,2,0.0
placebo,late,skillnet:alfworld-clean-object,all_alfworld,404200,2,0.0
placebo,late,skillnet:alfworld-clean-object,all_alfworld,404300,2,0.0
placebo,late,skillnet:alfworld-clean-object,all_alfworld,404400,2,0.0
placebo,late,skillnet:alfworld-clean-object,all_alfworld,404500,2,0.0
placebo,late,skillnet:alfworld-device-operator,all_alfworld,404,3,0.0
placebo,late,skillnet:alfworld-device-operator,all_alfworld,63011,3,0.0
placebo,late,skillnet:alfworld-device-operator,all_alfworld,63021,3,0.0
placebo,late,skillnet:alfworld-device-operator,all_alfworld,404100,3,0.0
placebo,late,skillnet:alfworld-device-operator,all_alfworld,404200,3,0.0
placebo,late,skillnet:alfworld-device-operator,all_alfworld,404300,3,0.0
placebo,late,skillnet:alfworld-device-operator,all_alfworld,404400,3,0.0
placebo,late,skillnet:alfworld-device-operator,all_alfworld,404500,3,0.0
placebo,late,skillnet:alfworld-heat-object-with-appliance,all_alfworld,404,7,0.0
placebo,late,skillnet:alfworld-heat-object-with-appliance,all_alfworld,63011,7,0.0
placebo,late,skillnet:alfworld-heat-object-with-appliance,all_alfworld,63021,7,0.14285714285714285
placebo,late,skillnet:alfworld-heat-object-with-appliance,all_alfworld,404100,7,0.14285714285714285
placebo,late,skillnet:alfworld-heat-object-with-appliance,all_alfworld,404200,7,0.14285714285714285
placebo,late,skillnet:alfworld-heat-object-with-appliance,all_alfworld,404300,7,0.14285714285714285
placebo,late,skillnet:alfworld-heat-object-with-appliance,all_alfworld,404400,7,0.14285714285714285
placebo,late,skillnet:alfworld-heat-object-with-appliance,all_alfworld,404500,7,0.0
placebo,late,skillnet:alfworld-object-cooler,all_alfworld,404,6,0.0
placebo,late,skillnet:alfworld-object-cooler,all_alfworld,63011,6,0.0
placebo,late,skillnet:alfworld-object-cooler,all_alfworld,63021,6,0.0
placebo,late,skillnet:alfworld-object-cooler,all_alfworld,404100,6,0.0
placebo,late,skillnet:alfworld-object-cooler,all_alfworld,404200,6,0.0
placebo,late,skillnet:alfworld-object-cooler,all_alfworld,404300,6,0.0
placebo,late,skillnet:alfworld-object-cooler,all_alfworld,404400,6,0.0
placebo,late,skillnet:alfworld-object-cooler,all_alfworld,404500,6,-0.16666666666666666
placebo,late,skillnet:alfworld-object-heater,all_alfworld,404,4,0.0
placebo,late,skillnet:alfworld-object-heater,all_alfworld,63011,4,0.0
placebo,late,skillnet:alfworld-object-heater,all_alfworld,63021,4,0.0
placebo,late,skillnet:alfworld-object-heater,all_alfworld,404100,4,0.0
placebo,late,skillnet:alfworld-object-heater,all_alfworld,404200,4,0.0
placebo,late,skillnet:alfworld-object-heater,all_alfworld,404300,4,0.0
placebo,late,skillnet:alfworld-object-heater,all_alfworld,404400,4,0.0
placebo,late,skillnet:alfworld-object-heater,all_alfworld,404500,4,0.0
placebo,late,skillnet:alfworld-object-picker,all_alfworld,404,2,0.0
placebo,late,skillnet:alfworld-object-picker,all_alfworld,63011,2,0.0
placebo,late,skillnet:alfworld-object-picker,all_alfworld,63021,2,0.0
placebo,late,skillnet:alfworld-object-picker,all_alfworld,404100,2,0.0
placebo,late,skillnet:alfworld-object-picker,all_alfworld,404200,2,0.0
placebo,late,skillnet:alfworld-object-picker,all_alfworld,404300,2,0.0
placebo,late,skillnet:alfworld-object-picker,all_alfworld,404400,2,-0.5
placebo,late,skillnet:alfworld-object-picker,all_alfworld,404500,2,0.0
placebo,late,skillnet:alfworld-object-placer,all_alfworld,404,6,0.0
placebo,late,skillnet:alfworld-object-placer,all_alfworld,63011,6,0.16666666666666666
placebo,late,skillnet:alfworld-object-placer,all_alfworld,63021,6,0.16666666666666666
placebo,late,skillnet:alfworld-object-placer,all_alfworld,404100,6,0.0
placebo,late,skillnet:alfworld-object-placer,all_alfworld,404200,6,0.16666666666666666
placebo,late,skillnet:alfworld-object-placer,all_alfworld,404300,6,0.0
placebo,late,skillnet:alfworld-object-placer,all_alfworld,404400,6,0.0
placebo,late,skillnet:alfworld-object-placer,all_alfworld,404500,6,0.0
placebo,late,skillnet:alfworld-object-storer,all_alfworld,404,4,0.0
placebo,late,skillnet:alfworld-object-storer,all_alfworld,63011,4,-0.25
placebo,late,skillnet:alfworld-object-storer,all_alfworld,63021,4,0.0
placebo,late,skillnet:alfworld-object-storer,all_alfworld,404100,4,0.0
placebo,late,skillnet:alfworld-object-storer,all_alfworld,404200,4,0.0
placebo,late,skillnet:alfworld-object-storer,all_alfworld,404300,4,-0.5
placebo,late,skillnet:alfworld-object-storer,all_alfworld,404400,4,0.0
placebo,late,skillnet:alfworld-object-storer,all_alfworld,404500,4,0.0
placebo,late,skillnet:alfworld-object-transporter,all_alfworld,404,1,0.0
placebo,late,skillnet:alfworld-object-transporter,all_alfworld,63011,1,0.0
placebo,late,skillnet:alfworld-object-transporter,all_alfworld,63021,1,0.0
placebo,late,skillnet:alfworld-object-transporter,all_alfworld,404100,1,0.0
placebo,late,skillnet:alfworld-object-transporter,all_alfworld,404200,1,0.0
placebo,late,skillnet:alfworld-object-transporter,all_alfworld,404300,1,0.0
placebo,late,skillnet:alfworld-object-transporter,all_alfworld,404400,1,1.0
placebo,late,skillnet:alfworld-object-transporter,all_alfworld,404500,1,0.0
placebo,late,skillnet:alfworld-receptacle-closer,all_alfworld,404,1,0.0
placebo,late,skillnet:alfworld-receptacle-closer,all_alfworld,63011,1,0.0
placebo,late,skillnet:alfworld-receptacle-closer,all_alfworld,63021,1,0.0
placebo,late,skillnet:alfworld-receptacle-closer,all_alfworld,404100,1,0.0
placebo,late,skillnet:alfworld-receptacle-closer,all_alfworld,404200,1,0.0
placebo,late,skillnet:alfworld-receptacle-closer,all_alfworld,404300,1,0.0
placebo,late,skillnet:alfworld-receptacle-closer,all_alfworld,404400,1,0.0
placebo,late,skillnet:alfworld-receptacle-closer,all_alfworld,404500,1,0.0
placebo,late,skillnet:alfworld-receptacle-finder,all_alfworld,404,5,-0.4
placebo,late,skillnet:alfworld-receptacle-finder,all_alfworld,63011,5,0.2
placebo,late,skillnet:alfworld-receptacle-finder,all_alfworld,63021,5,0.0
placebo,late,skillnet:alfworld-receptacle-finder,all_alfworld,404100,5,0.0
placebo,late,skillnet:alfworld-receptacle-finder,all_alfworld,404200,5,0.0
placebo,late,skillnet:alfworld-receptacle-finder,all_alfworld,404300,5,0.0
placebo,late,skillnet:alfworld-receptacle-finder,all_alfworld,404400,5,0.0
placebo,late,skillnet:alfworld-receptacle-finder,all_alfworld,404500,5,0.0
placebo,late,skillnet:alfworld-receptacle-opener,all_alfworld,404,5,0.0
placebo,late,skillnet:alfworld-receptacle-opener,all_alfworld,63011,5,0.0
placebo,late,skillnet:alfworld-receptacle-opener,all_alfworld,63021,5,0.0
placebo,late,skillnet:alfworld-receptacle-opener,all_alfworld,404100,5,-0.2
placebo,late,skillnet:alfworld-receptacle-opener,all_alfworld,404200,5,0.0
placebo,late,skillnet:alfworld-receptacle-opener,all_alfworld,404300,5,0.0
placebo,late,skillnet:alfworld-receptacle-opener,all_alfworld,404400,5,0.2
placebo,late,skillnet:alfworld-receptacle-opener,all_alfworld,404500,5,0.0
placebo,late,skillnet:alfworld-receptacle-operator,all_alfworld,404,2,0.0
placebo,late,skillnet:alfworld-receptacle-operator,all_alfworld,63011,2,0.0
placebo,late,skillnet:alfworld-receptacle-operator,all_alfworld,63021,2,0.0
placebo,late,skillnet:alfworld-receptacle-operator,all_alfworld,404100,2,0.0
placebo,late,skillnet:alfworld-receptacle-operator,all_alfworld,404200,2,0.0
placebo,late,skillnet:alfworld-receptacle-operator,all_alfworld,404300,2,0.0
placebo,late,skillnet:alfworld-receptacle-operator,all_alfworld,404400,2,0.0
placebo,late,skillnet:alfworld-receptacle-operator,all_alfworld,404500,2,0.0
placebo,late,skillnet:alfworld-storage-explorer,all_alfworld,404,2,0.0
placebo,late,skillnet:alfworld-storage-explorer,all_alfworld,63011,2,0.0
placebo,late,skillnet:alfworld-storage-explorer,all_alfworld,63021,2,0.0
placebo,late,skillnet:alfworld-storage-explorer,all_alfworld,404100,2,0.0
placebo,late,skillnet:alfworld-storage-explorer,all_alfworld,404200,2,0.0
placebo,late,skillnet:alfworld-storage-explorer,all_alfworld,404300,2,0.0
placebo,late,skillnet:alfworld-storage-explorer,all_alfworld,404400,2,0.0
placebo,late,skillnet:alfworld-storage-explorer,all_alfworld,404500,2,0.0
placebo,late,skillnet:alfworld-temperature-regulator,all_alfworld,404,4,-0.25
placebo,late,skillnet:alfworld-temperature-regulator,all_alfworld,63011,4,0.25
placebo,late,skillnet:alfworld-temperature-regulator,all_alfworld,63021,4,0.25
placebo,late,skillnet:alfworld-temperature-regulator,all_alfworld,404100,4,0.0
placebo,late,skillnet:alfworld-temperature-regulator,all_alfworld,404200,4,0.5
placebo,late,skillnet:alfworld-temperature-regulator,all_alfworld,404300,4,0.25
placebo,late,skillnet:alfworld-temperature-regulator,all_alfworld,404400,4,-0.25
placebo,late,skillnet:alfworld-temperature-regulator,all_alfworld,404500,4,0.0
null,all,skillnet:alfworld-appliance-navigator,all_alfworld,404,62,0.0
null,all,skillnet:alfworld-appliance-navigator,all_alfworld,63011,62,0.03225806451612903
null,all,skillnet:alfworld-appliance-navigator,all_alfworld,63021,62,-0.016129032258064516
null,all,skillnet:alfworld-appliance-navigator,all_alfworld,404100,62,0.03225806451612903
null,all,skillnet:alfworld-appliance-navigator,all_alfworld,404200,62,0.03225806451612903
null,all,skillnet:alfworld-appliance-navigator,all_alfworld,404300,62,0.03225806451612903
null,all,skillnet:alfworld-appliance-navigator,all_alfworld,404400,62,0.03225806451612903
null,all,skillnet:alfworld-appliance-navigator,all_alfworld,404500,62,0.03225806451612903
null,all,skillnet:alfworld-appliance-preparer,all_alfworld,404,8,0.0
null,all,skillnet:alfworld-appliance-preparer,all_alfworld,63011,8,0.0
null,all,skillnet:alfworld-appliance-preparer,all_alfworld,63021,8,0.0
null,all,skillnet:alfworld-appliance-preparer,all_alfworld,404100,8,0.0
null,all,skillnet:alfworld-appliance-preparer,all_alfworld,404200,8,0.0
null,all,skillnet:alfworld-appliance-preparer,all_alfworld,404300,8,0.0
null,all,skillnet:alfworld-appliance-preparer,all_alfworld,404400,8,0.0
null,all,skillnet:alfworld-appliance-preparer,all_alfworld,404500,8,0.0
null,all,skillnet:alfworld-clean-object,all_alfworld,404,37,-0.08108108108108109
null,all,skillnet:alfworld-clean-object,all_alfworld,63011,37,-0.10810810810810811
null,all,skillnet:alfworld-clean-object,all_alfworld,63021,37,-0.13513513513513514
null,all,skillnet:alfworld-clean-object,all_alfworld,404100,37,-0.02702702702702703
null,all,skillnet:alfworld-clean-object,all_alfworld,404200,37,0.05405405405405406
null,all,skillnet:alfworld-clean-object,all_alfworld,404300,37,-0.05405405405405406
null,all,skillnet:alfworld-clean-object,all_alfworld,404400,37,0.0
null,all,skillnet:alfworld-clean-object,all_alfworld,404500,37,-0.10810810810810811
null,all,skillnet:alfworld-device-operator,all_alfworld,404,59,0.15254237288135594
null,all,skillnet:alfworld-device-operator,all_alfworld,63011,59,0.13559322033898305
null,all,skillnet:alfworld-device-operator,all_alfworld,63021,59,-0.05084745762711865
null,all,skillnet:alfworld-device-operator,all_alfworld,404100,59,-0.01694915254237288
null,all,skillnet:alfworld-device-operator,all_alfworld,404200,59,-0.03389830508474576
null,all,skillnet:alfworld-device-operator,all_alfworld,404300,59,0.01694915254237288
null,all,skillnet:alfworld-device-operator,all_alfworld,404400,59,0.0
null,all,skillnet:alfworld-device-operator,all_alfworld,404500,59,-0.01694915254237288
null,all,skillnet:alfworld-heat-object-with-appliance,all_alfworld,404,32,0.03125
null,all,skillnet:alfworld-heat-object-with-appliance,all_alfworld,63011,32,0.0625
null,all,skillnet:alfworld-heat-object-with-appliance,all_alfworld,63021,32,-0.0625
null,all,skillnet:alfworld-heat-object-with-appliance,all_alfworld,404100,32,-0.0625
null,all,skillnet:alfworld-heat-object-with-appliance,all_alfworld,404200,32,0.03125
null,all,skillnet:alfworld-heat-object-with-appliance,all_alfworld,404300,32,0.0625
null,all,skillnet:alfworld-heat-object-with-appliance,all_alfworld,404400,32,-0.15625
null,all,skillnet:alfworld-heat-object-with-appliance,all_alfworld,404500,32,0.0625
null,all,skillnet:alfworld-inventory-management,all_alfworld,404,2,0.0
null,all,skillnet:alfworld-inventory-management,all_alfworld,63011,2,0.0
null,all,skillnet:alfworld-inventory-management,all_alfworld,63021,2,0.0
null,all,skillnet:alfworld-inventory-management,all_alfworld,404100,2,0.0
null,all,skillnet:alfworld-inventory-management,all_alfworld,404200,2,0.0
null,all,skillnet:alfworld-inventory-management,all_alfworld,404300,2,0.0
null,all,skillnet:alfworld-inventory-management,all_alfworld,404400,2,0.0
null,all,skillnet:alfworld-inventory-management,all_alfworld,404500,2,0.0
null,all,skillnet:alfworld-locate-target-object,all_alfworld,404,2,-0.5
null,all,skillnet:alfworld-locate-target-object,all_alfworld,63011,2,0.0
null,all,skillnet:alfworld-locate-target-object,all_alfworld,63021,2,0.0
null,all,skillnet:alfworld-locate-target-object,all_alfworld,404100,2,0.0
null,all,skillnet:alfworld-locate-target-object,all_alfworld,404200,2,0.0
null,all,skillnet:alfworld-locate-target-object,all_alfworld,404300,2,0.0
null,all,skillnet:alfworld-locate-target-object,all_alfworld,404400,2,0.0
null,all,skillnet:alfworld-locate-target-object,all_alfworld,404500,2,0.5
null,all,skillnet:alfworld-object-cooler,all_alfworld,404,21,0.047619047619047616
null,all,skillnet:alfworld-object-cooler,all_alfworld,63011,21,0.14285714285714285
null,all,skillnet:alfworld-object-cooler,all_alfworld,63021,21,0.09523809523809523
null,all,skillnet:alfworld-object-cooler,all_alfworld,404100,21,-0.047619047619047616
null,all,skillnet:alfworld-object-cooler,all_alfworld,404200,21,-0.047619047619047616
null,all,skillnet:alfworld-object-cooler,all_alfworld,404300,21,0.0
null,all,skillnet:alfworld-object-cooler,all_alfworld,404400,21,0.0
null,all,skillnet:alfworld-object-cooler,all_alfworld,404500,21,0.047619047619047616
null,all,skillnet:alfworld-object-disposer,all_alfworld,404,2,0.0
null,all,skillnet:alfworld-object-disposer,all_alfworld,63011,2,0.0
null,all,skillnet:alfworld-object-disposer,all_alfworld,63021,2,0.0
null,all,skillnet:alfworld-object-disposer,all_alfworld,404100,2,0.0
null,all,skillnet:alfworld-object-disposer,all_alfworld,404200,2,0.5
null,all,skillnet:alfworld-object-disposer,all_alfworld,404300,2,0.0
null,all,skillnet:alfworld-object-disposer,all_alfworld,404400,2,0.0
null,all,skillnet:alfworld-object-disposer,all_alfworld,404500,2,0.0
null,all,skillnet:alfworld-object-heater,all_alfworld,404,9,-0.1111111111111111
null,all,skillnet:alfworld-object-heater,all_alfworld,63011,9,-0.1111111111111111
null,all,skillnet:alfworld-object-heater,all_alfworld,63021,9,0.0
null,all,skillnet:alfworld-object-heater,all_alfworld,404100,9,0.1111111111111111
null,all,skillnet:alfworld-object-heater,all_alfworld,404200,9,-0.1111111111111111
null,all,skillnet:alfworld-object-heater,all_alfworld,404300,9,0.0
null,all,skillnet:alfworld-object-heater,all_alfworld,404400,9,0.0
null,all,skillnet:alfworld-object-heater,all_alfworld,404500,9,-0.1111111111111111
null,all,skillnet:alfworld-object-picker,all_alfworld,404,7,0.0
null,all,skillnet:alfworld-object-picker,all_alfworld,63011,7,0.14285714285714285
null,all,skillnet:alfworld-object-picker,all_alfworld,63021,7,-0.14285714285714285
null,all,skillnet:alfworld-object-picker,all_alfworld,404100,7,0.14285714285714285
null,all,skillnet:alfworld-object-picker,all_alfworld,404200,7,0.0
null,all,skillnet:alfworld-object-picker,all_alfworld,404300,7,0.0
null,all,skillnet:alfworld-object-picker,all_alfworld,404400,7,0.0
null,all,skillnet:alfworld-object-picker,all_alfworld,404500,7,0.2857142857142857
null,all,skillnet:alfworld-object-placer,all_alfworld,404,23,0.043478260869565216
null,all,skillnet:alfworld-object-placer,all_alfworld,63011,23,0.043478260869565216
null,all,skillnet:alfworld-object-placer,all_alfworld,63021,23,0.13043478260869565
null,all,skillnet:alfworld-object-placer,all_alfworld,404100,23,0.13043478260869565
null,all,skillnet:alfworld-object-placer,all_alfworld,404200,23,0.30434782608695654
null,all,skillnet:alfworld-object-placer,all_alfworld,404300,23,0.0
null,all,skillnet:alfworld-object-placer,all_alfworld,404400,23,0.2608695652173913
null,all,skillnet:alfworld-object-placer,all_alfworld,404500,23,0.34782608695652173
null,all,skillnet:alfworld-object-retriever,all_alfworld,404,15,0.2
null,all,skillnet:alfworld-object-retriever,all_alfworld,63011,15,0.06666666666666667
null,all,skillnet:alfworld-object-retriever,all_alfworld,63021,15,-0.06666666666666667
null,all,skillnet:alfworld-object-retriever,all_alfworld,404100,15,0.0
null,all,skillnet:alfworld-object-retriever,all_alfworld,404200,15,-0.06666666666666667
null,all,skillnet:alfworld-object-retriever,all_alfworld,404300,15,0.06666666666666667
null,all,skillnet:alfworld-object-retriever,all_alfworld,404400,15,0.2
null,all,skillnet:alfworld-object-retriever,all_alfworld,404500,15,0.0
null,all,skillnet:alfworld-object-state-inspector,all_alfworld,404,18,0.2222222222222222
null,all,skillnet:alfworld-object-state-inspector,all_alfworld,63011,18,0.2222222222222222
null,all,skillnet:alfworld-object-state-inspector,all_alfworld,63021,18,0.05555555555555555
null,all,skillnet:alfworld-object-state-inspector,all_alfworld,404100,18,-0.3333333333333333
null,all,skillnet:alfworld-object-state-inspector,all_alfworld,404200,18,-0.05555555555555555
null,all,skillnet:alfworld-object-state-inspector,all_alfworld,404300,18,0.0
null,all,skillnet:alfworld-object-state-inspector,all_alfworld,404400,18,-0.16666666666666666
null,all,skillnet:alfworld-object-state-inspector,all_alfworld,404500,18,0.1111111111111111
null,all,skillnet:alfworld-object-storer,all_alfworld,404,18,0.0
null,all,skillnet:alfworld-object-storer,all_alfworld,63011,18,-0.1111111111111111
null,all,skillnet:alfworld-object-storer,all_alfworld,63021,18,-0.05555555555555555
null,all,skillnet:alfworld-object-storer,all_alfworld,404100,18,0.0
null,all,skillnet:alfworld-object-storer,all_alfworld,404200,18,0.0
null,all,skillnet:alfworld-object-storer,all_alfworld,404300,18,0.0
null,all,skillnet:alfworld-object-storer,all_alfworld,404400,18,0.0
null,all,skillnet:alfworld-object-storer,all_alfworld,404500,18,-0.05555555555555555
null,all,skillnet:alfworld-object-transporter,all_alfworld,404,1,0.0
null,all,skillnet:alfworld-object-transporter,all_alfworld,63011,1,0.0
null,all,skillnet:alfworld-object-transporter,all_alfworld,63021,1,0.0
null,all,skillnet:alfworld-object-transporter,all_alfworld,404100,1,0.0
null,all,skillnet:alfworld-object-transporter,all_alfworld,404200,1,0.0
null,all,skillnet:alfworld-object-transporter,all_alfworld,404300,1,0.0
null,all,skillnet:alfworld-object-transporter,all_alfworld,404400,1,1.0
null,all,skillnet:alfworld-object-transporter,all_alfworld,404500,1,0.0
null,all,skillnet:alfworld-receptacle-closer,all_alfworld,404,5,0.0
null,all,skillnet:alfworld-receptacle-closer,all_alfworld,63011,5,0.0
null,all,skillnet:alfworld-receptacle-closer,all_alfworld,63021,5,-0.4
null,all,skillnet:alfworld-receptacle-closer,all_alfworld,404100,5,0.0
null,all,skillnet:alfworld-receptacle-closer,all_alfworld,404200,5,0.0
null,all,skillnet:alfworld-receptacle-closer,all_alfworld,404300,5,0.0
null,all,skillnet:alfworld-receptacle-closer,all_alfworld,404400,5,0.0
null,all,skillnet:alfworld-receptacle-closer,all_alfworld,404500,5,0.0
null,all,skillnet:alfworld-receptacle-finder,all_alfworld,404,10,-0.3
null,all,skillnet:alfworld-receptacle-finder,all_alfworld,63011,10,0.1
null,all,skillnet:alfworld-receptacle-finder,all_alfworld,63021,10,-0.1
null,all,skillnet:alfworld-receptacle-finder,all_alfworld,404100,10,0.0
null,all,skillnet:alfworld-receptacle-finder,all_alfworld,404200,10,0.2
null,all,skillnet:alfworld-receptacle-finder,all_alfworld,404300,10,0.1
null,all,skillnet:alfworld-receptacle-finder,all_alfworld,404400,10,0.2
null,all,skillnet:alfworld-receptacle-finder,all_alfworld,404500,10,0.0
null,all,skillnet:alfworld-receptacle-navigator,all_alfworld,404,2,-0.5
null,all,skillnet:alfworld-receptacle-navigator,all_alfworld,63011,2,0.0
null,all,skillnet:alfworld-receptacle-navigator,all_alfworld,63021,2,-0.5
null,all,skillnet:alfworld-receptacle-navigator,all_alfworld,404100,2,0.0
null,all,skillnet:alfworld-receptacle-navigator,all_alfworld,404200,2,-0.5
null,all,skillnet:alfworld-receptacle-navigator,all_alfworld,404300,2,0.5
null,all,skillnet:alfworld-receptacle-navigator,all_alfworld,404400,2,0.0
null,all,skillnet:alfworld-receptacle-navigator,all_alfworld,404500,2,0.0
null,all,skillnet:alfworld-receptacle-opener,all_alfworld,404,8,0.0
null,all,skillnet:alfworld-receptacle-opener,all_alfworld,63011,8,0.0
null,all,skillnet:alfworld-receptacle-opener,all_alfworld,63021,8,0.0
null,all,skillnet:alfworld-receptacle-opener,all_alfworld,404100,8,0.0
null,all,skillnet:alfworld-receptacle-opener,all_alfworld,404200,8,-0.25
null,all,skillnet:alfworld-receptacle-opener,all_alfworld,404300,8,0.0
null,all,skillnet:alfworld-receptacle-opener,all_alfworld,404400,8,0.0
null,all,skillnet:alfworld-receptacle-opener,all_alfworld,404500,8,0.0
null,all,skillnet:alfworld-receptacle-operator,all_alfworld,404,7,0.0
null,all,skillnet:alfworld-receptacle-operator,all_alfworld,63011,7,-0.14285714285714285
null,all,skillnet:alfworld-receptacle-operator,all_alfworld,63021,7,-0.14285714285714285
null,all,skillnet:alfworld-receptacle-operator,all_alfworld,404100,7,-0.14285714285714285
null,all,skillnet:alfworld-receptacle-operator,all_alfworld,404200,7,-0.14285714285714285
null,all,skillnet:alfworld-receptacle-operator,all_alfworld,404300,7,0.0
null,all,skillnet:alfworld-receptacle-operator,all_alfworld,404400,7,0.0
null,all,skillnet:alfworld-receptacle-operator,all_alfworld,404500,7,0.0
null,all,skillnet:alfworld-receptacle-searcher,all_alfworld,404,2,0.0
null,all,skillnet:alfworld-receptacle-searcher,all_alfworld,63011,2,0.0
null,all,skillnet:alfworld-receptacle-searcher,all_alfworld,63021,2,-0.5
null,all,skillnet:alfworld-receptacle-searcher,all_alfworld,404100,2,0.0
null,all,skillnet:alfworld-receptacle-searcher,all_alfworld,404200,2,0.5
null,all,skillnet:alfworld-receptacle-searcher,all_alfworld,404300,2,0.5
null,all,skillnet:alfworld-receptacle-searcher,all_alfworld,404400,2,-1.0
null,all,skillnet:alfworld-receptacle-searcher,all_alfworld,404500,2,0.0
null,all,skillnet:alfworld-storage-explorer,all_alfworld,404,44,0.09090909090909091
null,all,skillnet:alfworld-storage-explorer,all_alfworld,63011,44,0.06818181818181818
null,all,skillnet:alfworld-storage-explorer,all_alfworld,63021,44,0.022727272727272728
null,all,skillnet:alfworld-storage-explorer,all_alfworld,404100,44,0.0
null,all,skillnet:alfworld-storage-explorer,all_alfworld,404200,44,0.022727272727272728
null,all,skillnet:alfworld-storage-explorer,all_alfworld,404300,44,-0.09090909090909091
null,all,skillnet:alfworld-storage-explorer,all_alfworld,404400,44,0.1590909090909091
null,all,skillnet:alfworld-storage-explorer,all_alfworld,404500,44,0.06818181818181818
null,all,skillnet:alfworld-temperature-regulator,all_alfworld,404,6,-0.16666666666666666
null,all,skillnet:alfworld-temperature-regulator,all_alfworld,63011,6,0.0
null,all,skillnet:alfworld-temperature-regulator,all_alfworld,63021,6,0.16666666666666666
null,all,skillnet:alfworld-temperature-regulator,all_alfworld,404100,6,0.0
null,all,skillnet:alfworld-temperature-regulator,all_alfworld,404200,6,0.3333333333333333
null,all,skillnet:alfworld-temperature-regulator,all_alfworld,404300,6,0.16666666666666666
null,all,skillnet:alfworld-temperature-regulator,all_alfworld,404400,6,0.0
null,all,skillnet:alfworld-temperature-regulator,all_alfworld,404500,6,0.0
null,all,skillnet:alfworld-tool-locator,all_alfworld,404,4,0.0
null,all,skillnet:alfworld-tool-locator,all_alfworld,63011,4,0.0
null,all,skillnet:alfworld-tool-locator,all_alfworld,63021,4,0.0
null,all,skillnet:alfworld-tool-locator,all_alfworld,404100,4,0.0
null,all,skillnet:alfworld-tool-locator,all_alfworld,404200,4,0.0
null,all,skillnet:alfworld-tool-locator,all_alfworld,404300,4,0.0
null,all,skillnet:alfworld-tool-locator,all_alfworld,404400,4,0.25
null,all,skillnet:alfworld-tool-locator,all_alfworld,404500,4,-0.25
null,initial,skillnet:alfworld-appliance-navigator,all_alfworld,404,42,0.023809523809523808
null,initial,skillnet:alfworld-appliance-navigator,all_alfworld,63011,42,0.047619047619047616
null,initial,skillnet:alfworld-appliance-navigator,all_alfworld,63021,42,-0.047619047619047616
null,initial,skillnet:alfworld-appliance-navigator,all_alfworld,404100,42,0.047619047619047616
null,initial,skillnet:alfworld-appliance-navigator,all_alfworld,404200,42,0.047619047619047616
null,initial,skillnet:alfworld-appliance-navigator,all_alfworld,404300,42,0.07142857142857142
null,initial,skillnet:alfworld-appliance-navigator,all_alfworld,404400,42,0.07142857142857142
null,initial,skillnet:alfworld-appliance-navigator,all_alfworld,404500,42,0.07142857142857142
null,initial,skillnet:alfworld-clean-object,all_alfworld,404,25,-0.12
null,initial,skillnet:alfworld-clean-object,all_alfworld,63011,25,-0.08
null,initial,skillnet:alfworld-clean-object,all_alfworld,63021,25,-0.2
null,initial,skillnet:alfworld-clean-object,all_alfworld,404100,25,0.0
null,initial,skillnet:alfworld-clean-object,all_alfworld,404200,25,0.08
null,initial,skillnet:alfworld-clean-object,all_alfworld,404300,25,0.0
null,initial,skillnet:alfworld-clean-object,all_alfworld,404400,25,0.0
null,initial,skillnet:alfworld-clean-object,all_alfworld,404500,25,-0.08
null,initial,skillnet:alfworld-device-operator,all_alfworld,404,22,0.22727272727272727
null,initial,skillnet:alfworld-device-operator,all_alfworld,63011,22,0.2727272727272727
null,initial,skillnet:alfworld-device-operator,all_alfworld,63021,22,-0.045454545454545456
null,initial,skillnet:alfworld-device-operator,all_alfworld,404100,22,-0.045454545454545456
null,initial,skillnet:alfworld-device-operator,all_alfworld,404200,22,0.0
null,initial,skillnet:alfworld-device-operator,all_alfworld,404300,22,0.045454545454545456
null,initial,skillnet:alfworld-device-operator,all_alfworld,404400,22,-0.09090909090909091
null,initial,skillnet:alfworld-device-operator,all_alfworld,404500,22,-0.09090909090909091
null,initial,skillnet:alfworld-locate-target-object,all_alfworld,404,2,-0.5
null,initial,skillnet:alfworld-locate-target-object,all_alfworld,63011,2,0.0
null,initial,skillnet:alfworld-locate-target-object,all_alfworld,63021,2,0.0
null,initial,skillnet:alfworld-locate-target-object,all_alfworld,404100,2,0.0
null,initial,skillnet:alfworld-locate-target-object,all_alfworld,404200,2,0.0
null,initial,skillnet:alfworld-locate-target-object,all_alfworld,404300,2,0.0
null,initial,skillnet:alfworld-locate-target-object,all_alfworld,404400,2,0.0
null,initial,skillnet:alfworld-locate-target-object,all_alfworld,404500,2,0.5
null,initial,skillnet:alfworld-object-placer,all_alfworld,404,3,0.3333333333333333
null,initial,skillnet:alfworld-object-placer,all_alfworld,63011,3,0.0
null,initial,skillnet:alfworld-object-placer,all_alfworld,63021,3,0.0
null,initial,skillnet:alfworld-object-placer,all_alfworld,404100,3,0.0
null,initial,skillnet:alfworld-object-placer,all_alfworld,404200,3,0.3333333333333333
null,initial,skillnet:alfworld-object-placer,all_alfworld,404300,3,0.3333333333333333
null,initial,skillnet:alfworld-object-placer,all_alfworld,404400,3,0.0
null,initial,skillnet:alfworld-object-placer,all_alfworld,404500,3,0.3333333333333333
null,initial,skillnet:alfworld-object-retriever,all_alfworld,404,2,0.5
null,initial,skillnet:alfworld-object-retriever,all_alfworld,63011,2,0.0
null,initial,skillnet:alfworld-object-retriever,all_alfworld,63021,2,0.0
null,initial,skillnet:alfworld-object-retriever,all_alfworld,404100,2,0.0
null,initial,skillnet:alfworld-object-retriever,all_alfworld,404200,2,0.0
null,initial,skillnet:alfworld-object-retriever,all_alfworld,404300,2,0.0
null,initial,skillnet:alfworld-object-retriever,all_alfworld,404400,2,0.5
null,initial,skillnet:alfworld-object-retriever,all_alfworld,404500,2,0.0
null,initial,skillnet:alfworld-object-state-inspector,all_alfworld,404,10,0.1
null,initial,skillnet:alfworld-object-state-inspector,all_alfworld,63011,10,-0.1
null,initial,skillnet:alfworld-object-state-inspector,all_alfworld,63021,10,-0.1
null,initial,skillnet:alfworld-object-state-inspector,all_alfworld,404100,10,-0.4
null,initial,skillnet:alfworld-object-state-inspector,all_alfworld,404200,10,-0.2
null,initial,skillnet:alfworld-object-state-inspector,all_alfworld,404300,10,-0.2
null,initial,skillnet:alfworld-object-state-inspector,all_alfworld,404400,10,0.0
null,initial,skillnet:alfworld-object-state-inspector,all_alfworld,404500,10,-0.1
null,initial,skillnet:alfworld-receptacle-finder,all_alfworld,404,3,0.0
null,initial,skillnet:alfworld-receptacle-finder,all_alfworld,63011,3,0.3333333333333333
null,initial,skillnet:alfworld-receptacle-finder,all_alfworld,63021,3,-0.3333333333333333
null,initial,skillnet:alfworld-receptacle-finder,all_alfworld,404100,3,0.0
null,initial,skillnet:alfworld-receptacle-finder,all_alfworld,404200,3,0.3333333333333333
null,initial,skillnet:alfworld-receptacle-finder,all_alfworld,404300,3,0.0
null,initial,skillnet:alfworld-receptacle-finder,all_alfworld,404400,3,0.0
null,initial,skillnet:alfworld-receptacle-finder,all_alfworld,404500,3,0.0
null,initial,skillnet:alfworld-receptacle-searcher,all_alfworld,404,2,0.0
null,initial,skillnet:alfworld-receptacle-searcher,all_alfworld,63011,2,0.0
null,initial,skillnet:alfworld-receptacle-searcher,all_alfworld,63021,2,-0.5
null,initial,skillnet:alfworld-receptacle-searcher,all_alfworld,404100,2,0.0
null,initial,skillnet:alfworld-receptacle-searcher,all_alfworld,404200,2,0.5
null,initial,skillnet:alfworld-receptacle-searcher,all_alfworld,404300,2,0.5
null,initial,skillnet:alfworld-receptacle-searcher,all_alfworld,404400,2,-1.0
null,initial,skillnet:alfworld-receptacle-searcher,all_alfworld,404500,2,0.0
null,initial,skillnet:alfworld-storage-explorer,all_alfworld,404,23,0.08695652173913043
null,initial,skillnet:alfworld-storage-explorer,all_alfworld,63011,23,0.13043478260869565
null,initial,skillnet:alfworld-storage-explorer,all_alfworld,63021,23,0.08695652173913043
null,initial,skillnet:alfworld-storage-explorer,all_alfworld,404100,23,-0.043478260869565216
null,initial,skillnet:alfworld-storage-explorer,all_alfworld,404200,23,0.043478260869565216
null,initial,skillnet:alfworld-storage-explorer,all_alfworld,404300,23,-0.08695652173913043
null,initial,skillnet:alfworld-storage-explorer,all_alfworld,404400,23,0.08695652173913043
null,initial,skillnet:alfworld-storage-explorer,all_alfworld,404500,23,0.0
null,early,skillnet:alfworld-appliance-navigator,all_alfworld,404,8,-0.125
null,early,skillnet:alfworld-appliance-navigator,all_alfworld,63011,8,0.0
null,early,skillnet:alfworld-appliance-navigator,all_alfworld,63021,8,0.0
null,early,skillnet:alfworld-appliance-navigator,all_alfworld,404100,8,0.0
null,early,skillnet:alfworld-appliance-navigator,all_alfworld,404200,8,-0.125
null,early,skillnet:alfworld-appliance-navigator,all_alfworld,404300,8,-0.125
null,early,skillnet:alfworld-appliance-navigator,all_alfworld,404400,8,-0.25
null,early,skillnet:alfworld-appliance-navigator,all_alfworld,404500,8,-0.125
null,early,skillnet:alfworld-clean-object,all_alfworld,404,9,0.0
null,early,skillnet:alfworld-clean-object,all_alfworld,63011,9,-0.2222222222222222
null,early,skillnet:alfworld-clean-object,all_alfworld,63021,9,0.0
null,early,skillnet:alfworld-clean-object,all_alfworld,404100,9,-0.1111111111111111
null,early,skillnet:alfworld-clean-object,all_alfworld,404200,9,0.0
null,early,skillnet:alfworld-clean-object,all_alfworld,404300,9,-0.2222222222222222
null,early,skillnet:alfworld-clean-object,all_alfworld,404400,9,0.0
null,early,skillnet:alfworld-clean-object,all_alfworld,404500,9,-0.2222222222222222
null,early,skillnet:alfworld-device-operator,all_alfworld,404,27,0.037037037037037035
null,early,skillnet:alfworld-device-operator,all_alfworld,63011,27,0.0
null,early,skillnet:alfworld-device-operator,all_alfworld,63021,27,-0.037037037037037035
null,early,skillnet:alfworld-device-operator,all_alfworld,404100,27,-0.037037037037037035
null,early,skillnet:alfworld-device-operator,all_alfworld,404200,27,-0.07407407407407407
null,early,skillnet:alfworld-device-operator,all_alfworld,404300,27,-0.037037037037037035
null,early,skillnet:alfworld-device-operator,all_alfworld,404400,27,0.07407407407407407
null,early,skillnet:alfworld-device-operator,all_alfworld,404500,27,0.037037037037037035
null,early,skillnet:alfworld-heat-object-with-appliance,all_alfworld,404,13,0.07692307692307693
null,early,skillnet:alfworld-heat-object-with-appliance,all_alfworld,63011,13,0.0
null,early,skillnet:alfworld-heat-object-with-appliance,all_alfworld,63021,13,-0.07692307692307693
null,early,skillnet:alfworld-heat-object-with-appliance,all_alfworld,404100,13,-0.15384615384615385
null,early,skillnet:alfworld-heat-object-with-appliance,all_alfworld,404200,13,0.0
null,early,skillnet:alfworld-heat-object-with-appliance,all_alfworld,404300,13,0.07692307692307693
null,early,skillnet:alfworld-heat-object-with-appliance,all_alfworld,404400,13,-0.23076923076923078
null,early,skillnet:alfworld-heat-object-with-appliance,all_alfworld,404500,13,0.15384615384615385
null,early,skillnet:alfworld-inventory-management,all_alfworld,404,2,0.0
null,early,skillnet:alfworld-inventory-management,all_alfworld,63011,2,0.0
null,early,skillnet:alfworld-inventory-management,all_alfworld,63021,2,0.0
null,early,skillnet:alfworld-inventory-management,all_alfworld,404100,2,0.0
null,early,skillnet:alfworld-inventory-management,all_alfworld,404200,2,0.0
null,early,skillnet:alfworld-inventory-management,all_alfworld,404300,2,0.0
null,early,skillnet:alfworld-inventory-management,all_alfworld,404400,2,0.0
null,early,skillnet:alfworld-inventory-management,all_alfworld,404500,2,0.0
null,early,skillnet:alfworld-object-cooler,all_alfworld,404,9,0.1111111111111111
null,early,skillnet:alfworld-object-cooler,all_alfworld,63011,9,0.3333333333333333
null,early,skillnet:alfworld-object-cooler,all_alfworld,63021,9,0.1111111111111111
null,early,skillnet:alfworld-object-cooler,all_alfworld,404100,9,-0.1111111111111111
null,early,skillnet:alfworld-object-cooler,all_alfworld,404200,9,-0.2222222222222222
null,early,skillnet:alfworld-object-cooler,all_alfworld,404300,9,-0.1111111111111111
null,early,skillnet:alfworld-object-cooler,all_alfworld,404400,9,-0.1111111111111111
null,early,skillnet:alfworld-object-cooler,all_alfworld,404500,9,0.1111111111111111
null,early,skillnet:alfworld-object-disposer,all_alfworld,404,2,0.0
null,early,skillnet:alfworld-object-disposer,all_alfworld,63011,2,0.0
null,early,skillnet:alfworld-object-disposer,all_alfworld,63021,2,0.0
null,early,skillnet:alfworld-object-disposer,all_alfworld,404100,2,0.0
null,early,skillnet:alfworld-object-disposer,all_alfworld,404200,2,0.5
null,early,skillnet:alfworld-object-disposer,all_alfworld,404300,2,0.0
null,early,skillnet:alfworld-object-disposer,all_alfworld,404400,2,0.0
null,early,skillnet:alfworld-object-disposer,all_alfworld,404500,2,0.0
null,early,skillnet:alfworld-object-heater,all_alfworld,404,1,0.0
null,early,skillnet:alfworld-object-heater,all_alfworld,63011,1,0.0
null,early,skillnet:alfworld-object-heater,all_alfworld,63021,1,0.0
null,early,skillnet:alfworld-object-heater,all_alfworld,404100,1,0.0
null,early,skillnet:alfworld-object-heater,all_alfworld,404200,1,0.0
null,early,skillnet:alfworld-object-heater,all_alfworld,404300,1,0.0
null,early,skillnet:alfworld-object-heater,all_alfworld,404400,1,0.0
null,early,skillnet:alfworld-object-heater,all_alfworld,404500,1,0.0
null,early,skillnet:alfworld-object-picker,all_alfworld,404,4,0.0
null,early,skillnet:alfworld-object-picker,all_alfworld,63011,4,0.0
null,early,skillnet:alfworld-object-picker,all_alfworld,63021,4,-0.25
null,early,skillnet:alfworld-object-picker,all_alfworld,404100,4,0.25
null,early,skillnet:alfworld-object-picker,all_alfworld,404200,4,0.0
null,early,skillnet:alfworld-object-picker,all_alfworld,404300,4,0.0
null,early,skillnet:alfworld-object-picker,all_alfworld,404400,4,0.25
null,early,skillnet:alfworld-object-picker,all_alfworld,404500,4,0.25
null,early,skillnet:alfworld-object-placer,all_alfworld,404,4,0.0
null,early,skillnet:alfworld-object-placer,all_alfworld,63011,4,0.0
null,early,skillnet:alfworld-object-placer,all_alfworld,63021,4,0.25
null,early,skillnet:alfworld-object-placer,all_alfworld,404100,4,0.0
null,early,skillnet:alfworld-object-placer,all_alfworld,404200,4,0.5
null,early,skillnet:alfworld-object-placer,all_alfworld,404300,4,-0.25
null,early,skillnet:alfworld-object-placer,all_alfworld,404400,4,1.0
null,early,skillnet:alfworld-object-placer,all_alfworld,404500,4,0.75
null,early,skillnet:alfworld-object-retriever,all_alfworld,404,13,0.15384615384615385
null,early,skillnet:alfworld-object-retriever,all_alfworld,63011,13,0.07692307692307693
null,early,skillnet:alfworld-object-retriever,all_alfworld,63021,13,-0.07692307692307693
null,early,skillnet:alfworld-object-retriever,all_alfworld,404100,13,0.0
null,early,skillnet:alfworld-object-retriever,all_alfworld,404200,13,-0.07692307692307693
null,early,skillnet:alfworld-object-retriever,all_alfworld,404300,13,0.07692307692307693
null,early,skillnet:alfworld-object-retriever,all_alfworld,404400,13,0.15384615384615385
null,early,skillnet:alfworld-object-retriever,all_alfworld,404500,13,0.0
null,early,skillnet:alfworld-object-state-inspector,all_alfworld,404,7,0.42857142857142855
null,early,skillnet:alfworld-object-state-inspector,all_alfworld,63011,7,0.7142857142857143
null,early,skillnet:alfworld-object-state-inspector,all_alfworld,63021,7,0.2857142857142857
null,early,skillnet:alfworld-object-state-inspector,all_alfworld,404100,7,-0.2857142857142857
null,early,skillnet:alfworld-object-state-inspector,all_alfworld,404200,7,0.14285714285714285
null,early,skillnet:alfworld-object-state-inspector,all_alfworld,404300,7,0.42857142857142855
null,early,skillnet:alfworld-object-state-inspector,all_alfworld,404400,7,-0.42857142857142855
null,early,skillnet:alfworld-object-state-inspector,all_alfworld,404500,7,0.42857142857142855
null,early,skillnet:alfworld-object-storer,all_alfworld,404,8,0.125
null,early,skillnet:alfworld-object-storer,all_alfworld,63011,8,0.0
null,early,skillnet:alfworld-object-storer,all_alfworld,63021,8,0.0
null,early,skillnet:alfworld-object-storer,all_alfworld,404100,8,0.125
null,early,skillnet:alfworld-object-storer,all_alfworld,404200,8,0.0
null,early,skillnet:alfworld-object-storer,all_alfworld,404300,8,0.125
null,early,skillnet:alfworld-object-storer,all_alfworld,404400,8,0.125
null,early,skillnet:alfworld-object-storer,all_alfworld,404500,8,-0.125
null,early,skillnet:alfworld-receptacle-finder,all_alfworld,404,1,-1.0
null,early,skillnet:alfworld-receptacle-finder,all_alfworld,63011,1,0.0
null,early,skillnet:alfworld-receptacle-finder,all_alfworld,63021,1,0.0
null,early,skillnet:alfworld-receptacle-finder,all_alfworld,404100,1,1.0
null,early,skillnet:alfworld-receptacle-finder,all_alfworld,404200,1,1.0
null,early,skillnet:alfworld-receptacle-finder,all_alfworld,404300,1,1.0
null,early,skillnet:alfworld-receptacle-finder,all_alfworld,404400,1,1.0
null,early,skillnet:alfworld-receptacle-finder,all_alfworld,404500,1,0.0
null,early,skillnet:alfworld-receptacle-navigator,all_alfworld,404,2,-0.5
null,early,skillnet:alfworld-receptacle-navigator,all_alfworld,63011,2,0.0
null,early,skillnet:alfworld-receptacle-navigator,all_alfworld,63021,2,-0.5
null,early,skillnet:alfworld-receptacle-navigator,all_alfworld,404100,2,0.0
null,early,skillnet:alfworld-receptacle-navigator,all_alfworld,404200,2,-0.5
null,early,skillnet:alfworld-receptacle-navigator,all_alfworld,404300,2,0.5
null,early,skillnet:alfworld-receptacle-navigator,all_alfworld,404400,2,0.0
null,early,skillnet:alfworld-receptacle-navigator,all_alfworld,404500,2,0.0
null,early,skillnet:alfworld-receptacle-opener,all_alfworld,404,1,0.0
null,early,skillnet:alfworld-receptacle-opener,all_alfworld,63011,1,0.0
null,early,skillnet:alfworld-receptacle-opener,all_alfworld,63021,1,0.0
null,early,skillnet:alfworld-receptacle-opener,all_alfworld,404100,1,0.0
null,early,skillnet:alfworld-receptacle-opener,all_alfworld,404200,1,0.0
null,early,skillnet:alfworld-receptacle-opener,all_alfworld,404300,1,0.0
null,early,skillnet:alfworld-receptacle-opener,all_alfworld,404400,1,0.0
null,early,skillnet:alfworld-receptacle-opener,all_alfworld,404500,1,0.0
null,early,skillnet:alfworld-receptacle-operator,all_alfworld,404,2,0.0
null,early,skillnet:alfworld-receptacle-operator,all_alfworld,63011,2,0.0
null,early,skillnet:alfworld-receptacle-operator,all_alfworld,63021,2,-0.5
null,early,skillnet:alfworld-receptacle-operator,all_alfworld,404100,2,0.0
null,early,skillnet:alfworld-receptacle-operator,all_alfworld,404200,2,0.0
null,early,skillnet:alfworld-receptacle-operator,all_alfworld,404300,2,0.0
null,early,skillnet:alfworld-receptacle-operator,all_alfworld,404400,2,0.0
null,early,skillnet:alfworld-receptacle-operator,all_alfworld,404500,2,0.0
null,early,skillnet:alfworld-storage-explorer,all_alfworld,404,18,0.1111111111111111
null,early,skillnet:alfworld-storage-explorer,all_alfworld,63011,18,0.0
null,early,skillnet:alfworld-storage-explorer,all_alfworld,63021,18,-0.05555555555555555
null,early,skillnet:alfworld-storage-explorer,all_alfworld,404100,18,0.05555555555555555
null,early,skillnet:alfworld-storage-explorer,all_alfworld,404200,18,0.0
null,early,skillnet:alfworld-storage-explorer,all_alfworld,404300,18,-0.1111111111111111
null,early,skillnet:alfworld-storage-explorer,all_alfworld,404400,18,0.2777777777777778
null,early,skillnet:alfworld-storage-explorer,all_alfworld,404500,18,0.16666666666666666
null,early,skillnet:alfworld-tool-locator,all_alfworld,404,4,0.0
null,early,skillnet:alfworld-tool-locator,all_alfworld,63011,4,0.0
null,early,skillnet:alfworld-tool-locator,all_alfworld,63021,4,0.0
null,early,skillnet:alfworld-tool-locator,all_alfworld,404100,4,0.0
null,early,skillnet:alfworld-tool-locator,all_alfworld,404200,4,0.0
null,early,skillnet:alfworld-tool-locator,all_alfworld,404300,4,0.0
null,early,skillnet:alfworld-tool-locator,all_alfworld,404400,4,0.25
null,early,skillnet:alfworld-tool-locator,all_alfworld,404500,4,-0.25
null,middle,skillnet:alfworld-appliance-navigator,all_alfworld,404,6,0.0
null,middle,skillnet:alfworld-appliance-navigator,all_alfworld,63011,6,0.0
null,middle,skillnet:alfworld-appliance-navigator,all_alfworld,63021,6,0.0
null,middle,skillnet:alfworld-appliance-navigator,all_alfworld,404100,6,0.0
null,middle,skillnet:alfworld-appliance-navigator,all_alfworld,404200,6,0.0
null,middle,skillnet:alfworld-appliance-navigator,all_alfworld,404300,6,0.0
null,middle,skillnet:alfworld-appliance-navigator,all_alfworld,404400,6,0.0
null,middle,skillnet:alfworld-appliance-navigator,all_alfworld,404500,6,0.0
null,middle,skillnet:alfworld-appliance-preparer,all_alfworld,404,4,0.0
null,middle,skillnet:alfworld-appliance-preparer,all_alfworld,63011,4,0.0
null,middle,skillnet:alfworld-appliance-preparer,all_alfworld,63021,4,0.0
null,middle,skillnet:alfworld-appliance-preparer,all_alfworld,404100,4,0.0
null,middle,skillnet:alfworld-appliance-preparer,all_alfworld,404200,4,0.0
null,middle,skillnet:alfworld-appliance-preparer,all_alfworld,404300,4,0.0
null,middle,skillnet:alfworld-appliance-preparer,all_alfworld,404400,4,0.0
null,middle,skillnet:alfworld-appliance-preparer,all_alfworld,404500,4,0.0
null,middle,skillnet:alfworld-clean-object,all_alfworld,404,1,0.0
null,middle,skillnet:alfworld-clean-object,all_alfworld,63011,1,0.0
null,middle,skillnet:alfworld-clean-object,all_alfworld,63021,1,0.0
null,middle,skillnet:alfworld-clean-object,all_alfworld,404100,1,0.0
null,middle,skillnet:alfworld-clean-object,all_alfworld,404200,1,0.0
null,middle,skillnet:alfworld-clean-object,all_alfworld,404300,1,0.0
null,middle,skillnet:alfworld-clean-object,all_alfworld,404400,1,0.0
null,middle,skillnet:alfworld-clean-object,all_alfworld,404500,1,0.0
null,middle,skillnet:alfworld-device-operator,all_alfworld,404,7,0.42857142857142855
null,middle,skillnet:alfworld-device-operator,all_alfworld,63011,7,0.2857142857142857
null,middle,skillnet:alfworld-device-operator,all_alfworld,63021,7,-0.14285714285714285
null,middle,skillnet:alfworld-device-operator,all_alfworld,404100,7,0.14285714285714285
null,middle,skillnet:alfworld-device-operator,all_alfworld,404200,7,0.0
null,middle,skillnet:alfworld-device-operator,all_alfworld,404300,7,0.14285714285714285
null,middle,skillnet:alfworld-device-operator,all_alfworld,404400,7,0.0
null,middle,skillnet:alfworld-device-operator,all_alfworld,404500,7,0.0
null,middle,skillnet:alfworld-heat-object-with-appliance,all_alfworld,404,12,0.0
null,middle,skillnet:alfworld-heat-object-with-appliance,all_alfworld,63011,12,0.16666666666666666
null,middle,skillnet:alfworld-heat-object-with-appliance,all_alfworld,63021,12,-0.08333333333333333
null,middle,skillnet:alfworld-heat-object-with-appliance,all_alfworld,404100,12,-0.08333333333333333
null,middle,skillnet:alfworld-heat-object-with-appliance,all_alfworld,404200,12,0.0
null,middle,skillnet:alfworld-heat-object-with-appliance,all_alfworld,404300,12,0.0
null,middle,skillnet:alfworld-heat-object-with-appliance,all_alfworld,404400,12,-0.16666666666666666
null,middle,skillnet:alfworld-heat-object-with-appliance,all_alfworld,404500,12,0.0
null,middle,skillnet:alfworld-object-cooler,all_alfworld,404,6,0.0
null,middle,skillnet:alfworld-object-cooler,all_alfworld,63011,6,0.0
null,middle,skillnet:alfworld-object-cooler,all_alfworld,63021,6,0.16666666666666666
null,middle,skillnet:alfworld-object-cooler,all_alfworld,404100,6,0.0
null,middle,skillnet:alfworld-object-cooler,all_alfworld,404200,6,0.16666666666666666
null,middle,skillnet:alfworld-object-cooler,all_alfworld,404300,6,0.16666666666666666
null,middle,skillnet:alfworld-object-cooler,all_alfworld,404400,6,0.16666666666666666
null,middle,skillnet:alfworld-object-cooler,all_alfworld,404500,6,0.16666666666666666
null,middle,skillnet:alfworld-object-heater,all_alfworld,404,4,-0.25
null,middle,skillnet:alfworld-object-heater,all_alfworld,63011,4,-0.25
null,middle,skillnet:alfworld-object-heater,all_alfworld,63021,4,0.0
null,middle,skillnet:alfworld-object-heater,all_alfworld,404100,4,0.25
null,middle,skillnet:alfworld-object-heater,all_alfworld,404200,4,-0.25
null,middle,skillnet:alfworld-object-heater,all_alfworld,404300,4,0.0
null,middle,skillnet:alfworld-object-heater,all_alfworld,404400,4,0.0
null,middle,skillnet:alfworld-object-heater,all_alfworld,404500,4,-0.25
null,middle,skillnet:alfworld-object-picker,all_alfworld,404,1,0.0
null,middle,skillnet:alfworld-object-picker,all_alfworld,63011,1,1.0
null,middle,skillnet:alfworld-object-picker,all_alfworld,63021,1,0.0
null,middle,skillnet:alfworld-object-picker,all_alfworld,404100,1,0.0
null,middle,skillnet:alfworld-object-picker,all_alfworld,404200,1,0.0
null,middle,skillnet:alfworld-object-picker,all_alfworld,404300,1,0.0
null,middle,skillnet:alfworld-object-picker,all_alfworld,404400,1,0.0
null,middle,skillnet:alfworld-object-picker,all_alfworld,404500,1,1.0
null,middle,skillnet:alfworld-object-placer,all_alfworld,404,10,0.0
null,middle,skillnet:alfworld-object-placer,all_alfworld,63011,10,0.0
null,middle,skillnet:alfworld-object-placer,all_alfworld,63021,10,0.0
null,middle,skillnet:alfworld-object-placer,all_alfworld,404100,10,0.3
null,middle,skillnet:alfworld-object-placer,all_alfworld,404200,10,0.3
null,middle,skillnet:alfworld-object-placer,all_alfworld,404300,10,0.0
null,middle,skillnet:alfworld-object-placer,all_alfworld,404400,10,0.1
null,middle,skillnet:alfworld-object-placer,all_alfworld,404500,10,0.3
null,middle,skillnet:alfworld-object-state-inspector,all_alfworld,404,1,0.0
null,middle,skillnet:alfworld-object-state-inspector,all_alfworld,63011,1,0.0
null,middle,skillnet:alfworld-object-state-inspector,all_alfworld,63021,1,0.0
null,middle,skillnet:alfworld-object-state-inspector,all_alfworld,404100,1,0.0
null,middle,skillnet:alfworld-object-state-inspector,all_alfworld,404200,1,0.0
null,middle,skillnet:alfworld-object-state-inspector,all_alfworld,404300,1,-1.0
null,middle,skillnet:alfworld-object-state-inspector,all_alfworld,404400,1,0.0
null,middle,skillnet:alfworld-object-state-inspector,all_alfworld,404500,1,0.0
null,middle,skillnet:alfworld-object-storer,all_alfworld,404,6,-0.16666666666666666
null,middle,skillnet:alfworld-object-storer,all_alfworld,63011,6,-0.16666666666666666
null,middle,skillnet:alfworld-object-storer,all_alfworld,63021,6,-0.16666666666666666
null,middle,skillnet:alfworld-object-storer,all_alfworld,404100,6,-0.16666666666666666
null,middle,skillnet:alfworld-object-storer,all_alfworld,404200,6,0.0
null,middle,skillnet:alfworld-object-storer,all_alfworld,404300,6,0.0
null,middle,skillnet:alfworld-object-storer,all_alfworld,404400,6,-0.16666666666666666
null,middle,skillnet:alfworld-object-storer,all_alfworld,404500,6,0.0
null,middle,skillnet:alfworld-receptacle-closer,all_alfworld,404,4,0.0
null,middle,skillnet:alfworld-receptacle-closer,all_alfworld,63011,4,0.0
null,middle,skillnet:alfworld-receptacle-closer,all_alfworld,63021,4,-0.25
null,middle,skillnet:alfworld-receptacle-closer,all_alfworld,404100,4,0.0
null,middle,skillnet:alfworld-receptacle-closer,all_alfworld,404200,4,0.0
null,middle,skillnet:alfworld-receptacle-closer,all_alfworld,404300,4,0.0
null,middle,skillnet:alfworld-receptacle-closer,all_alfworld,404400,4,0.0
null,middle,skillnet:alfworld-receptacle-closer,all_alfworld,404500,4,0.0
null,middle,skillnet:alfworld-receptacle-finder,all_alfworld,404,1,0.0
null,middle,skillnet:alfworld-receptacle-finder,all_alfworld,63011,1,0.0
null,middle,skillnet:alfworld-receptacle-finder,all_alfworld,63021,1,0.0
null,middle,skillnet:alfworld-receptacle-finder,all_alfworld,404100,1,-1.0
null,middle,skillnet:alfworld-receptacle-finder,all_alfworld,404200,1,0.0
null,middle,skillnet:alfworld-receptacle-finder,all_alfworld,404300,1,0.0
null,middle,skillnet:alfworld-receptacle-finder,all_alfworld,404400,1,0.0
null,middle,skillnet:alfworld-receptacle-finder,all_alfworld,404500,1,0.0
null,middle,skillnet:alfworld-receptacle-opener,all_alfworld,404,2,0.0
null,middle,skillnet:alfworld-receptacle-opener,all_alfworld,63011,2,0.0
null,middle,skillnet:alfworld-receptacle-opener,all_alfworld,63021,2,0.0
null,middle,skillnet:alfworld-receptacle-opener,all_alfworld,404100,2,0.0
null,middle,skillnet:alfworld-receptacle-opener,all_alfworld,404200,2,0.0
null,middle,skillnet:alfworld-receptacle-opener,all_alfworld,404300,2,0.0
null,middle,skillnet:alfworld-receptacle-opener,all_alfworld,404400,2,0.0
null,middle,skillnet:alfworld-receptacle-opener,all_alfworld,404500,2,0.0
null,middle,skillnet:alfworld-receptacle-operator,all_alfworld,404,3,0.0
null,middle,skillnet:alfworld-receptacle-operator,all_alfworld,63011,3,-0.3333333333333333
null,middle,skillnet:alfworld-receptacle-operator,all_alfworld,63021,3,0.0
null,middle,skillnet:alfworld-receptacle-operator,all_alfworld,404100,3,-0.3333333333333333
null,middle,skillnet:alfworld-receptacle-operator,all_alfworld,404200,3,-0.3333333333333333
null,middle,skillnet:alfworld-receptacle-operator,all_alfworld,404300,3,0.0
null,middle,skillnet:alfworld-receptacle-operator,all_alfworld,404400,3,0.0
null,middle,skillnet:alfworld-receptacle-operator,all_alfworld,404500,3,0.0
null,middle,skillnet:alfworld-storage-explorer,all_alfworld,404,1,0.0
null,middle,skillnet:alfworld-storage-explorer,all_alfworld,63011,1,0.0
null,middle,skillnet:alfworld-storage-explorer,all_alfworld,63021,1,0.0
null,middle,skillnet:alfworld-storage-explorer,all_alfworld,404100,1,0.0
null,middle,skillnet:alfworld-storage-explorer,all_alfworld,404200,1,0.0
null,middle,skillnet:alfworld-storage-explorer,all_alfworld,404300,1,0.0
null,middle,skillnet:alfworld-storage-explorer,all_alfworld,404400,1,0.0
null,middle,skillnet:alfworld-storage-explorer,all_alfworld,404500,1,0.0
null,middle,skillnet:alfworld-temperature-regulator,all_alfworld,404,2,0.0
null,middle,skillnet:alfworld-temperature-regulator,all_alfworld,63011,2,-0.5
null,middle,skillnet:alfworld-temperature-regulator,all_alfworld,63021,2,0.0
null,middle,skillnet:alfworld-temperature-regulator,all_alfworld,404100,2,0.0
null,middle,skillnet:alfworld-temperature-regulator,all_alfworld,404200,2,0.0
null,middle,skillnet:alfworld-temperature-regulator,all_alfworld,404300,2,0.0
null,middle,skillnet:alfworld-temperature-regulator,all_alfworld,404400,2,0.0
null,middle,skillnet:alfworld-temperature-regulator,all_alfworld,404500,2,0.0
null,late,skillnet:alfworld-appliance-navigator,all_alfworld,404,6,0.0
null,late,skillnet:alfworld-appliance-navigator,all_alfworld,63011,6,0.0
null,late,skillnet:alfworld-appliance-navigator,all_alfworld,63021,6,0.16666666666666666
null,late,skillnet:alfworld-appliance-navigator,all_alfworld,404100,6,0.0
null,late,skillnet:alfworld-appliance-navigator,all_alfworld,404200,6,0.16666666666666666
null,late,skillnet:alfworld-appliance-navigator,all_alfworld,404300,6,0.0
null,late,skillnet:alfworld-appliance-navigator,all_alfworld,404400,6,0.16666666666666666
null,late,skillnet:alfworld-appliance-navigator,all_alfworld,404500,6,0.0
null,late,skillnet:alfworld-appliance-preparer,all_alfworld,404,4,0.0
null,late,skillnet:alfworld-appliance-preparer,all_alfworld,63011,4,0.0
null,late,skillnet:alfworld-appliance-preparer,all_alfworld,63021,4,0.0
null,late,skillnet:alfworld-appliance-preparer,all_alfworld,404100,4,0.0
null,late,skillnet:alfworld-appliance-preparer,all_alfworld,404200,4,0.0
null,late,skillnet:alfworld-appliance-preparer,all_alfworld,404300,4,0.0
null,late,skillnet:alfworld-appliance-preparer,all_alfworld,404400,4,0.0
null,late,skillnet:alfworld-appliance-preparer,all_alfworld,404500,4,0.0
null,late,skillnet:alfworld-clean-object,all_alfworld,404,2,0.0
null,late,skillnet:alfworld-clean-object,all_alfworld,63011,2,0.0
null,late,skillnet:alfworld-clean-object,all_alfworld,63021,2,0.0
null,late,skillnet:alfworld-clean-object,all_alfworld,404100,2,0.0
null,late,skillnet:alfworld-clean-object,all_alfworld,404200,2,0.0
null,late,skillnet:alfworld-clean-object,all_alfworld,404300,2,0.0
null,late,skillnet:alfworld-clean-object,all_alfworld,404400,2,0.0
null,late,skillnet:alfworld-clean-object,all_alfworld,404500,2,0.0
null,late,skillnet:alfworld-device-operator,all_alfworld,404,3,0.0
null,late,skillnet:alfworld-device-operator,all_alfworld,63011,3,0.0
null,late,skillnet:alfworld-device-operator,all_alfworld,63021,3,0.0
null,late,skillnet:alfworld-device-operator,all_alfworld,404100,3,0.0
null,late,skillnet:alfworld-device-operator,all_alfworld,404200,3,0.0
null,late,skillnet:alfworld-device-operator,all_alfworld,404300,3,0.0
null,late,skillnet:alfworld-device-operator,all_alfworld,404400,3,0.0
null,late,skillnet:alfworld-device-operator,all_alfworld,404500,3,0.0
null,late,skillnet:alfworld-heat-object-with-appliance,all_alfworld,404,7,0.0
null,late,skillnet:alfworld-heat-object-with-appliance,all_alfworld,63011,7,0.0
null,late,skillnet:alfworld-heat-object-with-appliance,all_alfworld,63021,7,0.0
null,late,skillnet:alfworld-heat-object-with-appliance,all_alfworld,404100,7,0.14285714285714285
null,late,skillnet:alfworld-heat-object-with-appliance,all_alfworld,404200,7,0.14285714285714285
null,late,skillnet:alfworld-heat-object-with-appliance,all_alfworld,404300,7,0.14285714285714285
null,late,skillnet:alfworld-heat-object-with-appliance,all_alfworld,404400,7,0.0
null,late,skillnet:alfworld-heat-object-with-appliance,all_alfworld,404500,7,0.0
null,late,skillnet:alfworld-object-cooler,all_alfworld,404,6,0.0
null,late,skillnet:alfworld-object-cooler,all_alfworld,63011,6,0.0
null,late,skillnet:alfworld-object-cooler,all_alfworld,63021,6,0.0
null,late,skillnet:alfworld-object-cooler,all_alfworld,404100,6,0.0
null,late,skillnet:alfworld-object-cooler,all_alfworld,404200,6,0.0
null,late,skillnet:alfworld-object-cooler,all_alfworld,404300,6,0.0
null,late,skillnet:alfworld-object-cooler,all_alfworld,404400,6,0.0
null,late,skillnet:alfworld-object-cooler,all_alfworld,404500,6,-0.16666666666666666
null,late,skillnet:alfworld-object-heater,all_alfworld,404,4,0.0
null,late,skillnet:alfworld-object-heater,all_alfworld,63011,4,0.0
null,late,skillnet:alfworld-object-heater,all_alfworld,63021,4,0.0
null,late,skillnet:alfworld-object-heater,all_alfworld,404100,4,0.0
null,late,skillnet:alfworld-object-heater,all_alfworld,404200,4,0.0
null,late,skillnet:alfworld-object-heater,all_alfworld,404300,4,0.0
null,late,skillnet:alfworld-object-heater,all_alfworld,404400,4,0.0
null,late,skillnet:alfworld-object-heater,all_alfworld,404500,4,0.0
null,late,skillnet:alfworld-object-picker,all_alfworld,404,2,0.0
null,late,skillnet:alfworld-object-picker,all_alfworld,63011,2,0.0
null,late,skillnet:alfworld-object-picker,all_alfworld,63021,2,0.0
null,late,skillnet:alfworld-object-picker,all_alfworld,404100,2,0.0
null,late,skillnet:alfworld-object-picker,all_alfworld,404200,2,0.0
null,late,skillnet:alfworld-object-picker,all_alfworld,404300,2,0.0
null,late,skillnet:alfworld-object-picker,all_alfworld,404400,2,-0.5
null,late,skillnet:alfworld-object-picker,all_alfworld,404500,2,0.0
null,late,skillnet:alfworld-object-placer,all_alfworld,404,6,0.0
null,late,skillnet:alfworld-object-placer,all_alfworld,63011,6,0.16666666666666666
null,late,skillnet:alfworld-object-placer,all_alfworld,63021,6,0.3333333333333333
null,late,skillnet:alfworld-object-placer,all_alfworld,404100,6,0.0
null,late,skillnet:alfworld-object-placer,all_alfworld,404200,6,0.16666666666666666
null,late,skillnet:alfworld-object-placer,all_alfworld,404300,6,0.0
null,late,skillnet:alfworld-object-placer,all_alfworld,404400,6,0.16666666666666666
null,late,skillnet:alfworld-object-placer,all_alfworld,404500,6,0.16666666666666666
null,late,skillnet:alfworld-object-storer,all_alfworld,404,4,0.0
null,late,skillnet:alfworld-object-storer,all_alfworld,63011,4,-0.25
null,late,skillnet:alfworld-object-storer,all_alfworld,63021,4,0.0
null,late,skillnet:alfworld-object-storer,all_alfworld,404100,4,0.0
null,late,skillnet:alfworld-object-storer,all_alfworld,404200,4,0.0
null,late,skillnet:alfworld-object-storer,all_alfworld,404300,4,-0.25
null,late,skillnet:alfworld-object-storer,all_alfworld,404400,4,0.0
null,late,skillnet:alfworld-object-storer,all_alfworld,404500,4,0.0
null,late,skillnet:alfworld-object-transporter,all_alfworld,404,1,0.0
null,late,skillnet:alfworld-object-transporter,all_alfworld,63011,1,0.0
null,late,skillnet:alfworld-object-transporter,all_alfworld,63021,1,0.0
null,late,skillnet:alfworld-object-transporter,all_alfworld,404100,1,0.0
null,late,skillnet:alfworld-object-transporter,all_alfworld,404200,1,0.0
null,late,skillnet:alfworld-object-transporter,all_alfworld,404300,1,0.0
null,late,skillnet:alfworld-object-transporter,all_alfworld,404400,1,1.0
null,late,skillnet:alfworld-object-transporter,all_alfworld,404500,1,0.0
null,late,skillnet:alfworld-receptacle-closer,all_alfworld,404,1,0.0
null,late,skillnet:alfworld-receptacle-closer,all_alfworld,63011,1,0.0
null,late,skillnet:alfworld-receptacle-closer,all_alfworld,63021,1,-1.0
null,late,skillnet:alfworld-receptacle-closer,all_alfworld,404100,1,0.0
null,late,skillnet:alfworld-receptacle-closer,all_alfworld,404200,1,0.0
null,late,skillnet:alfworld-receptacle-closer,all_alfworld,404300,1,0.0
null,late,skillnet:alfworld-receptacle-closer,all_alfworld,404400,1,0.0
null,late,skillnet:alfworld-receptacle-closer,all_alfworld,404500,1,0.0
null,late,skillnet:alfworld-receptacle-finder,all_alfworld,404,5,-0.4
null,late,skillnet:alfworld-receptacle-finder,all_alfworld,63011,5,0.0
null,late,skillnet:alfworld-receptacle-finder,all_alfworld,63021,5,0.0
null,late,skillnet:alfworld-receptacle-finder,all_alfworld,404100,5,0.0
null,late,skillnet:alfworld-receptacle-finder,all_alfworld,404200,5,0.0
null,late,skillnet:alfworld-receptacle-finder,all_alfworld,404300,5,0.0
null,late,skillnet:alfworld-receptacle-finder,all_alfworld,404400,5,0.2
null,late,skillnet:alfworld-receptacle-finder,all_alfworld,404500,5,0.0
null,late,skillnet:alfworld-receptacle-opener,all_alfworld,404,5,0.0
null,late,skillnet:alfworld-receptacle-opener,all_alfworld,63011,5,0.0
null,late,skillnet:alfworld-receptacle-opener,all_alfworld,63021,5,0.0
null,late,skillnet:alfworld-receptacle-opener,all_alfworld,404100,5,0.0
null,late,skillnet:alfworld-receptacle-opener,all_alfworld,404200,5,-0.4
null,late,skillnet:alfworld-receptacle-opener,all_alfworld,404300,5,0.0
null,late,skillnet:alfworld-receptacle-opener,all_alfworld,404400,5,0.0
null,late,skillnet:alfworld-receptacle-opener,all_alfworld,404500,5,0.0
null,late,skillnet:alfworld-receptacle-operator,all_alfworld,404,2,0.0
null,late,skillnet:alfworld-receptacle-operator,all_alfworld,63011,2,0.0
null,late,skillnet:alfworld-receptacle-operator,all_alfworld,63021,2,0.0
null,late,skillnet:alfworld-receptacle-operator,all_alfworld,404100,2,0.0
null,late,skillnet:alfworld-receptacle-operator,all_alfworld,404200,2,0.0
null,late,skillnet:alfworld-receptacle-operator,all_alfworld,404300,2,0.0
null,late,skillnet:alfworld-receptacle-operator,all_alfworld,404400,2,0.0
null,late,skillnet:alfworld-receptacle-operator,all_alfworld,404500,2,0.0
null,late,skillnet:alfworld-storage-explorer,all_alfworld,404,2,0.0
null,late,skillnet:alfworld-storage-explorer,all_alfworld,63011,2,0.0
null,late,skillnet:alfworld-storage-explorer,all_alfworld,63021,2,0.0
null,late,skillnet:alfworld-storage-explorer,all_alfworld,404100,2,0.0
null,late,skillnet:alfworld-storage-explorer,all_alfworld,404200,2,0.0
null,late,skillnet:alfworld-storage-explorer,all_alfworld,404300,2,0.0
null,late,skillnet:alfworld-storage-explorer,all_alfworld,404400,2,0.0
null,late,skillnet:alfworld-storage-explorer,all_alfworld,404500,2,0.0
null,late,skillnet:alfworld-temperature-regulator,all_alfworld,404,4,-0.25
null,late,skillnet:alfworld-temperature-regulator,all_alfworld,63011,4,0.25
null,late,skillnet:alfworld-temperature-regulator,all_alfworld,63021,4,0.25
null,late,skillnet:alfworld-temperature-regulator,all_alfworld,404100,4,0.0
null,late,skillnet:alfworld-temperature-regulator,all_alfworld,404200,4,0.5
null,late,skillnet:alfworld-temperature-regulator,all_alfworld,404300,4,0.25
null,late,skillnet:alfworld-temperature-regulator,all_alfworld,404400,4,0.0
null,late,skillnet:alfworld-temperature-regulator,all_alfworld,404500,4,0.0
