start_update,global_update,window_horizon,window_role,control,skill_id,context_id,phase,anchor_count,game_count,source_trajectory_count,continuation_repeats,paired_anchor_repeats,utility_old,utility_new,delta_utility,ci_low,ci_high,direction,interval_status,quantity_filter_applied,negative_point_label,original_old,control_old,original_new,control_new,delta_original,delta_control,ci_width,ci_contains_zero,degenerate_interval,direction_at_zero,precision_panel
0,5,5,test,placebo,skillnet:alfworld-appliance-navigator,all_alfworld,all,62,62,62,2,124,-0.056451612903225805,0.024193548387096774,0.08064516129032258,0.008064516129032258,0.1693548387096774,uncertain,paired_game_cluster_bootstrap,False,False,0.27419354838709675,0.33064516129032256,0.18548387096774194,0.16129032258064516,-0.08870967741935482,-0.1693548387096774,0.16129032258064516,False,False,increase_resolved,gold2
0,5,5,test,placebo,skillnet:alfworld-appliance-navigator,all_alfworld,initial,42,42,42,2,84,-0.07142857142857142,0.03571428571428571,0.10714285714285714,0.0,0.2261904761904762,uncertain,paired_game_cluster_bootstrap,False,False,0.34523809523809523,0.4166666666666667,0.21428571428571427,0.17857142857142858,-0.13095238095238096,-0.2380952380952381,0.2261904761904762,True,False,unresolved,gold2
0,5,5,test,placebo,skillnet:alfworld-appliance-navigator,all_alfworld,early,8,8,8,2,16,-0.0625,0.0,0.0625,0.0,0.25,uncertain,paired_game_cluster_bootstrap,False,False,0.1875,0.25,0.1875,0.1875,0.0,-0.0625,0.25,True,False,unresolved,gold2
0,5,5,test,placebo,skillnet:alfworld-appliance-navigator,all_alfworld,middle,6,6,6,2,12,0.0,0.0,0.0,0.0,0.0,stable,paired_game_cluster_bootstrap,False,False,0.16666666666666666,0.16666666666666666,0.16666666666666666,0.16666666666666666,0.0,0.0,0.0,True,True,unresolved,gold2
0,5,5,test,placebo,skillnet:alfworld-appliance-navigator,all_alfworld,late,6,6,6,2,12,0.0,0.0,0.0,0.0,0.0,stable,paired_game_cluster_bootstrap,False,False,0.0,0.0,0.0,0.0,0.0,0.0,0.0,True,True,unresolved,gold2
0,5,5,test,placebo,skillnet:alfworld-appliance-preparer,all_alfworld,all,8,8,8,2,16,0.0,0.0,0.0,0.0,0.0,stable,paired_game_cluster_bootstrap,False,False,0.0,0.0,0.0,0.0,0.0,0.0,0.0,True,True,unresolved,gold2
0,5,5,test,placebo,skillnet:alfworld-appliance-preparer,all_alfworld,middle,4,4,4,2,8,0.0,0.0,0.0,0.0,0.0,stable,paired_game_cluster_bootstrap,False,False,0.0,0.0,0.0,0.0,0.0,0.0,0.0,True,True,unresolved,gold2
0,5,5,test,placebo,skillnet:alfworld-appliance-preparer,all_alfworld,late,4,4,4,2,8,0.0,0.0,0.0,0.0,0.0,stable,paired_game_cluster_bootstrap,False,False,0.0,0.0,0.0,0.0,0.0,0.0,0.0,True,True,unresolved,gold2
0,5,5,test,placebo,skillnet:alfworld-clean-object,all_alfworld,all,37,37,37,2,74,-0.0945945945945946,-0.10810810810810811,-0.013513513513513514,-0.16216216216216217,0.13513513513513514,uncertain,paired_game_cluster_bootstrap,False,False,0.2972972972972973,0.3918918918918919,0.0945945945945946,0.20270270270270271,-0.20270270270270271,-0.18918918918918917,0.2972972972972973,True,False,unresolved,gold2
0,5,5,test,placebo,skillnet:alfworld-clean-object,all_alfworld,initial,25,25,25,2,50,-0.26,-0.22,0.04,-0.14,0.22,uncertain,paired_game_cluster_bootstrap,False,False,0.22,0.48,0.0,0.22,-0.22,-0.26,0.36,True,False,unresolved,gold2
0,5,5,test,placebo,skillnet:alfworld-clean-object,all_alfworld,early,9,9,9,2,18,0.2222222222222222,0.05555555555555555,-0.16666666666666666,-0.5,0.1111111111111111,uncertain,paired_game_cluster_bootstrap,False,True,0.5,0.2777777777777778,0.2777777777777778,0.2222222222222222,-0.2222222222222222,-0.05555555555555558,0.6111111111111112,True,False,unresolved,gold2
0,5,5,test,placebo,skillnet:alfworld-clean-object,all_alfworld,middle,1,1,1,2,2,0.0,0.0,0.0,,,uncertain,single_game_interval_undefined,False,False,0.0,0.0,0.0,0.0,0.0,0.0,,False,False,interval_undefined,gold2
0,5,5,test,placebo,skillnet:alfworld-clean-object,all_alfworld,late,2,2,2,2,4,0.5,0.5,0.0,0.0,0.0,stable,paired_game_cluster_bootstrap,False,False,0.5,0.0,0.5,0.0,0.0,0.0,0.0,True,True,unresolved,gold2
0,5,5,test,placebo,skillnet:alfworld-device-operator,all_alfworld,all,59,59,59,2,118,0.059322033898305086,0.025423728813559324,-0.03389830508474576,-0.15254237288135594,0.0847457627118644,uncertain,paired_game_cluster_bootstrap,False,False,0.2966101694915254,0.23728813559322035,0.2627118644067797,0.23728813559322035,-0.03389830508474573,0.0,0.23728813559322035,True,False,unresolved,gold2
0,5,5,test,placebo,skillnet:alfworld-device-operator,all_alfworld,initial,22,22,22,2,44,0.11363636363636363,0.06818181818181818,-0.045454545454545456,-0.29545454545454547,0.18181818181818182,uncertain,paired_game_cluster_bootstrap,False,False,0.36363636363636365,0.25,0.4090909090909091,0.3409090909090909,0.04545454545454547,0.09090909090909088,0.4772727272727273,True,False,unresolved,gold2
0,5,5,test,placebo,skillnet:alfworld-device-operator,all_alfworld,early,27,27,27,2,54,0.05555555555555555,0.05555555555555555,0.0,-0.12962962962962962,0.12962962962962962,uncertain,paired_game_cluster_bootstrap,False,False,0.2962962962962963,0.24074074074074073,0.2222222222222222,0.16666666666666666,-0.07407407407407407,-0.07407407407407407,0.25925925925925924,True,False,unresolved,gold2
0,5,5,test,placebo,skillnet:alfworld-device-operator,all_alfworld,middle,7,7,7,2,14,-0.07142857142857142,-0.21428571428571427,-0.14285714285714285,-0.42857142857142855,0.0,uncertain,paired_game_cluster_bootstrap,False,True,0.21428571428571427,0.2857142857142857,0.07142857142857142,0.2857142857142857,-0.14285714285714285,0.0,0.42857142857142855,True,False,unresolved,gold2
0,5,5,test,placebo,skillnet:alfworld-device-operator,all_alfworld,late,3,3,3,2,6,0.0,0.0,0.0,0.0,0.0,stable,paired_game_cluster_bootstrap,False,False,0.0,0.0,0.0,0.0,0.0,0.0,0.0,True,True,unresolved,gold2
0,5,5,test,placebo,skillnet:alfworld-heat-object-with-appliance,all_alfworld,all,32,32,32,2,64,0.15625,0.140625,-0.015625,-0.125,0.09375,uncertain,paired_game_cluster_bootstrap,False,False,0.234375,0.078125,0.25,0.109375,0.015625,0.03125,0.21875,True,False,unresolved,gold2
0,5,5,test,placebo,skillnet:alfworld-heat-object-with-appliance,all_alfworld,early,13,13,13,2,26,0.15384615384615385,0.07692307692307693,-0.07692307692307693,-0.2692307692307692,0.11538461538461539,uncertain,paired_game_cluster_bootstrap,False,True,0.23076923076923078,0.07692307692307693,0.23076923076923078,0.15384615384615385,0.0,0.07692307692307693,0.3846153846153846,True,False,unresolved,gold2
0,5,5,test,placebo,skillnet:alfworld-heat-object-with-appliance,all_alfworld,middle,12,12,12,2,24,0.25,0.25,0.0,-0.16666666666666666,0.16666666666666666,uncertain,paired_game_cluster_bootstrap,False,False,0.3333333333333333,0.08333333333333333,0.3333333333333333,0.08333333333333333,0.0,0.0,0.3333333333333333,True,False,unresolved,gold2
0,5,5,test,placebo,skillnet:alfworld-heat-object-with-appliance,all_alfworld,late,7,7,7,2,14,0.0,0.07142857142857142,0.07142857142857142,0.0,0.2857142857142857,uncertain,paired_game_cluster_bootstrap,False,False,0.07142857142857142,0.07142857142857142,0.14285714285714285,0.07142857142857142,0.07142857142857142,0.0,0.2857142857142857,True,False,unresolved,gold2
0,5,5,test,placebo,skillnet:alfworld-inventory-management,all_alfworld,all,2,2,2,2,4,0.0,0.0,0.0,0.0,0.0,stable,paired_game_cluster_bootstrap,False,False,0.5,0.5,0.75,0.75,0.25,0.25,0.0,True,True,unresolved,gold2
0,5,5,test,placebo,skillnet:alfworld-inventory-management,all_alfworld,early,2,2,2,2,4,0.0,0.0,0.0,0.0,0.0,stable,paired_game_cluster_bootstrap,False,False,0.5,0.5,0.75,0.75,0.25,0.25,0.0,True,True,unresolved,gold2
0,5,5,test,placebo,skillnet:alfworld-locate-target-object,all_alfworld,all,2,2,2,2,4,0.0,0.0,0.0,0.0,0.0,stable,paired_game_cluster_bootstrap,False,False,0.5,0.5,0.5,0.5,0.0,0.0,0.0,True,True,unresolved,gold2
0,5,5,test,placebo,skillnet:alfworld-locate-target-object,all_alfworld,initial,2,2,2,2,4,0.0,0.0,0.0,0.0,0.0,stable,paired_game_cluster_bootstrap,False,False,0.5,0.5,0.5,0.5,0.0,0.0,0.0,True,True,unresolved,gold2
0,5,5,test,placebo,skillnet:alfworld-object-cooler,all_alfworld,all,21,21,21,2,42,0.023809523809523808,0.09523809523809523,0.07142857142857142,-0.09523809523809523,0.2857142857142857,uncertain,paired_game_cluster_bootstrap,False,False,0.30952380952380953,0.2857142857142857,0.23809523809523808,0.14285714285714285,-0.07142857142857145,-0.14285714285714285,0.38095238095238093,True,False,unresolved,gold2
0,5,5,test,placebo,skillnet:alfworld-object-cooler,all_alfworld,early,9,9,9,2,18,0.05555555555555555,0.16666666666666666,0.1111111111111111,-0.2777777777777778,0.5555555555555556,uncertain,paired_game_cluster_bootstrap,False,False,0.4444444444444444,0.3888888888888889,0.2777777777777778,0.1111111111111111,-0.16666666666666663,-0.2777777777777778,0.8333333333333334,True,False,unresolved,gold2
0,5,5,test,placebo,skillnet:alfworld-object-cooler,all_alfworld,middle,6,6,6,2,12,-0.08333333333333333,0.0,0.08333333333333333,0.0,0.3333333333333333,uncertain,paired_game_cluster_bootstrap,False,False,0.3333333333333333,0.4166666666666667,0.3333333333333333,0.3333333333333333,0.0,-0.08333333333333337,0.3333333333333333,True,False,unresolved,gold2
0,5,5,test,placebo,skillnet:alfworld-object-cooler,all_alfworld,late,6,6,6,2,12,0.08333333333333333,0.08333333333333333,0.0,0.0,0.0,stable,paired_game_cluster_bootstrap,False,False,0.08333333333333333,0.0,0.08333333333333333,0.0,0.0,0.0,0.0,True,True,unresolved,gold2
0,5,5,test,placebo,skillnet:alfworld-object-disposer,all_alfworld,all,2,2,2,2,4,0.0,0.0,0.0,0.0,0.0,stable,paired_game_cluster_bootstrap,False,False,0.5,0.5,0.75,0.75,0.25,0.25,0.0,True,True,unresolved,gold2
0,5,5,test,placebo,skillnet:alfworld-object-disposer,all_alfworld,early,2,2,2,2,4,0.0,0.0,0.0,0.0,0.0,stable,paired_game_cluster_bootstrap,False,False,0.5,0.5,0.75,0.75,0.25,0.25,0.0,True,True,unresolved,gold2
0,5,5,test,placebo,skillnet:alfworld-object-heater,all_alfworld,all,9,9,9,2,18,0.0,-0.05555555555555555,-0.05555555555555555,-0.2222222222222222,0.0,uncertain,paired_game_cluster_bootstrap,False,True,0.2777777777777778,0.2777777777777778,0.16666666666666666,0.2222222222222222,-0.11111111111111113,-0.05555555555555558,0.2222222222222222,True,False,unresolved,gold2
0,5,5,test,placebo,skillnet:alfworld-object-heater,all_alfworld,early,1,1,1,2,2,0.0,0.0,0.0,,,uncertain,single_game_interval_undefined,False,False,0.0,0.0,0.5,0.5,0.5,0.5,,False,False,interval_undefined,gold2
0,5,5,test,placebo,skillnet:alfworld-object-heater,all_alfworld,middle,4,4,4,2,8,0.0,-0.125,-0.125,-0.5,0.0,uncertain,paired_game_cluster_bootstrap,False,True,0.625,0.625,0.25,0.375,-0.375,-0.25,0.5,True,False,unresolved,gold2
0,5,5,test,placebo,skillnet:alfworld-object-heater,all_alfworld,late,4,4,4,2,8,0.0,0.0,0.0,0.0,0.0,stable,paired_game_cluster_bootstrap,False,False,0.0,0.0,0.0,0.0,0.0,0.0,0.0,True,True,unresolved,gold2
0,5,5,test,placebo,skillnet:alfworld-object-picker,all_alfworld,all,7,7,7,2,14,0.0,0.0,0.0,-0.21428571428571427,0.21428571428571427,uncertain,paired_game_cluster_bootstrap,False,False,0.14285714285714285,0.14285714285714285,0.2857142857142857,0.2857142857142857,0.14285714285714285,0.14285714285714285,0.42857142857142855,True,False,unresolved,gold2
0,5,5,test,placebo,skillnet:alfworld-object-picker,all_alfworld,early,4,4,4,2,8,0.125,0.0,-0.125,-0.5,0.0,uncertain,paired_game_cluster_bootstrap,False,True,0.125,0.0,0.0,0.0,-0.125,0.0,0.5,True,False,unresolved,gold2
0,5,5,test,placebo,skillnet:alfworld-object-picker,all_alfworld,middle,1,1,1,2,2,-0.5,0.0,0.5,,,uncertain,single_game_interval_undefined,False,False,0.5,1.0,1.0,1.0,0.5,0.0,,False,False,interval_undefined,gold2
0,5,5,test,placebo,skillnet:alfworld-object-picker,all_alfworld,late,2,2,2,2,4,0.0,0.0,0.0,0.0,0.0,stable,paired_game_cluster_bootstrap,False,False,0.0,0.0,0.5,0.5,0.5,0.5,0.0,True,True,unresolved,gold2
0,5,5,test,placebo,skillnet:alfworld-object-placer,all_alfworld,all,23,23,23,2,46,-0.15217391304347827,0.0,0.15217391304347827,-0.043478260869565216,0.34782608695652173,uncertain,paired_game_cluster_bootstrap,False,False,0.32608695652173914,0.4782608695652174,0.5,0.5,0.17391304347826086,0.021739130434782594,0.3913043478260869,True,False,unresolved,gold2
0,5,5,test,placebo,skillnet:alfworld-object-placer,all_alfworld,initial,3,3,3,2,6,0.16666666666666666,0.0,-0.16666666666666666,-0.6666666666666666,0.0,uncertain,paired_game_cluster_bootstrap,False,True,0.16666666666666666,0.0,0.0,0.0,-0.16666666666666666,0.0,0.6666666666666666,True,False,unresolved,gold2
0,5,5,test,placebo,skillnet:alfworld-object-placer,all_alfworld,early,4,4,4,2,8,-0.5,-0.125,0.375,0.0,0.875,uncertain,paired_game_cluster_bootstrap,False,False,0.0,0.5,0.625,0.75,0.625,0.25,0.875,True,False,unresolved,gold2
0,5,5,test,placebo,skillnet:alfworld-object-placer,all_alfworld,middle,10,10,10,2,20,-0.1,0.05,0.15,-0.2,0.5,uncertain,paired_game_cluster_bootstrap,False,False,0.6,0.7,0.75,0.7,0.15000000000000002,0.0,0.7,True,False,unresolved,gold2
0,5,5,test,placebo,skillnet:alfworld-object-placer,all_alfworld,late,6,6,6,2,12,-0.16666666666666666,0.0,0.16666666666666666,0.0,0.4166666666666667,uncertain,paired_game_cluster_bootstrap,False,False,0.16666666666666666,0.3333333333333333,0.25,0.25,0.08333333333333334,-0.08333333333333331,0.4166666666666667,True,False,unresolved,gold2
0,5,5,test,placebo,skillnet:alfworld-object-retriever,all_alfworld,all,15,15,15,2,30,-0.03333333333333333,-0.03333333333333333,0.0,-0.16666666666666666,0.2,uncertain,paired_game_cluster_bootstrap,False,False,0.3333333333333333,0.36666666666666664,0.3,0.3333333333333333,-0.033333333333333326,-0.033333333333333326,0.3666666666666667,True,False,unresolved,gold2
0,5,5,test,placebo,skillnet:alfworld-object-retriever,all_alfworld,initial,2,2,2,2,4,0.0,0.0,0.0,0.0,0.0,stable,paired_game_cluster_bootstrap,False,False,0.0,0.0,0.5,0.5,0.5,0.5,0.0,True,True,unresolved,gold2
0,5,5,test,placebo,skillnet:alfworld-object-retriever,all_alfworld,early,13,13,13,2,26,-0.038461538461538464,-0.038461538461538464,0.0,-0.19230769230769232,0.23076923076923078,uncertain,paired_game_cluster_bootstrap,False,False,0.38461538461538464,0.4230769230769231,0.2692307692307692,0.3076923076923077,-0.11538461538461542,-0.11538461538461536,0.42307692307692313,True,False,unresolved,gold2
0,5,5,test,placebo,skillnet:alfworld-object-state-inspector,all_alfworld,all,18,18,18,2,36,0.05555555555555555,0.19444444444444445,0.1388888888888889,-0.1111111111111111,0.3888888888888889,uncertain,paired_game_cluster_bootstrap,False,False,0.3888888888888889,0.3333333333333333,0.4722222222222222,0.2777777777777778,0.08333333333333331,-0.055555555555555525,0.5,True,False,unresolved,gold2
0,5,5,test,placebo,skillnet:alfworld-object-state-inspector,all_alfworld,initial,10,10,10,2,20,0.1,0.05,-0.05,-0.3,0.25,uncertain,paired_game_cluster_bootstrap,False,False,0.2,0.1,0.3,0.25,0.09999999999999998,0.15,0.55,True,False,unresolved,gold2
0,5,5,test,placebo,skillnet:alfworld-object-state-inspector,all_alfworld,early,7,7,7,2,14,0.0,0.42857142857142855,0.42857142857142855,0.07142857142857142,0.8571428571428571,positive,paired_game_cluster_bootstrap,False,False,0.5714285714285714,0.5714285714285714,0.6428571428571429,0.21428571428571427,0.07142857142857151,-0.3571428571428571,0.7857142857142857,False,False,increase_resolved,gold2
0,5,5,test,placebo,skillnet:alfworld-object-state-inspector,all_alfworld,middle,1,1,1,2,2,0.0,0.0,0.0,,,uncertain,single_game_interval_undefined,False,False,1.0,1.0,1.0,1.0,0.0,0.0,,False,False,interval_undefined,gold2
0,5,5,test,placebo,skillnet:alfworld-object-storer,all_alfworld,all,18,18,18,2,36,-0.05555555555555555,-0.05555555555555555,0.0,-0.16666666666666666,0.16666666666666666,uncertain,paired_game_cluster_bootstrap,False,False,0.1111111111111111,0.16666666666666666,0.25,0.3055555555555556,0.1388888888888889,0.13888888888888892,0.3333333333333333,True,False,unresolved,gold2
0,5,5,test,placebo,skillnet:alfworld-object-storer,all_alfworld,early,8,8,8,2,16,-0.125,0.0625,0.1875,0.0,0.5,uncertain,paired_game_cluster_bootstrap,False,False,0.0,0.125,0.375,0.3125,0.375,0.1875,0.5,True,False,unresolved,gold2
0,5,5,test,placebo,skillnet:alfworld-object-storer,all_alfworld,middle,6,6,6,2,12,0.0,-0.16666666666666666,-0.16666666666666666,-0.5,0.0,uncertain,paired_game_cluster_bootstrap,False,True,0.16666666666666666,0.16666666666666666,0.16666666666666666,0.3333333333333333,0.0,0.16666666666666666,0.5,True,False,unresolved,gold2
0,5,5,test,placebo,skillnet:alfworld-object-storer,all_alfworld,late,4,4,4,2,8,0.0,-0.125,-0.125,-0.5,0.0,uncertain,paired_game_cluster_bootstrap,False,True,0.25,0.25,0.125,0.25,-0.125,0.0,0.5,True,False,unresolved,gold2
0,5,5,test,placebo,skillnet:alfworld-object-transporter,all_alfworld,all,1,1,1,2,2,0.0,0.0,0.0,,,uncertain,single_game_interval_undefined,False,False,1.0,1.0,1.0,1.0,0.0,0.0,,False,False,interval_undefined,gold2
0,5,5,test,placebo,skillnet:alfworld-object-transporter,all_alfworld,late,1,1,1,2,2,0.0,0.0,0.0,,,uncertain,single_game_interval_undefined,False,False,1.0,1.0,1.0,1.0,0.0,0.0,,False,False,interval_undefined,gold2
0,5,5,test,placebo,skillnet:alfworld-receptacle-closer,all_alfworld,all,5,5,5,2,10,0.1,0.0,-0.1,-0.4,0.0,uncertain,paired_game_cluster_bootstrap,False,True,0.2,0.1,0.0,0.0,-0.2,-0.1,0.4,True,False,unresolved,gold2
0,5,5,test,placebo,skillnet:alfworld-receptacle-closer,all_alfworld,middle,4,4,4,2,8,0.125,0.0,-0.125,-0.5,0.0,uncertain,paired_game_cluster_bootstrap,False,True,0.25,0.125,0.0,0.0,-0.25,-0.125,0.5,True,False,unresolved,gold2
0,5,5,test,placebo,skillnet:alfworld-receptacle-closer,all_alfworld,late,1,1,1,2,2,0.0,0.0,0.0,,,uncertain,single_game_interval_undefined,False,False,0.0,0.0,0.0,0.0,0.0,0.0,,False,False,interval_undefined,gold2
0,5,5,test,placebo,skillnet:alfworld-receptacle-finder,all_alfworld,all,10,10,10,2,20,-0.2,-0.1,0.1,-0.1,0.35,uncertain,paired_game_cluster_bootstrap,False,False,0.05,0.25,0.1,0.2,0.05,-0.04999999999999999,0.44999999999999996,True,False,unresolved,gold2
0,5,5,test,placebo,skillnet:alfworld-receptacle-finder,all_alfworld,initial,3,3,3,2,6,-0.3333333333333333,-0.16666666666666666,0.16666666666666666,0.0,0.6666666666666666,uncertain,paired_game_cluster_bootstrap,False,False,0.0,0.3333333333333333,0.0,0.16666666666666666,0.0,-0.16666666666666666,0.6666666666666666,True,False,unresolved,gold2
0,5,5,test,placebo,skillnet:alfworld-receptacle-finder,all_alfworld,early,1,1,1,2,2,-0.5,-0.5,0.0,,,uncertain,single_game_interval_undefined,False,False,0.5,1.0,0.0,0.5,-0.5,-0.5,,False,False,interval_undefined,gold2
0,5,5,test,placebo,skillnet:alfworld-receptacle-finder,all_alfworld,middle,1,1,1,2,2,0.0,0.0,0.0,,,uncertain,single_game_interval_undefined,False,False,0.0,0.0,1.0,1.0,1.0,1.0,,False,False,interval_undefined,gold2
0,5,5,test,placebo,skillnet:alfworld-receptacle-finder,all_alfworld,late,5,5,5,2,10,-0.1,0.0,0.1,0.0,0.4,uncertain,paired_game_cluster_bootstrap,False,False,0.0,0.1,0.0,0.0,0.0,-0.1,0.4,True,False,unresolved,gold2
0,5,5,test,placebo,skillnet:alfworld-receptacle-navigator,all_alfworld,all,2,2,2,2,4,0.0,0.0,0.0,-0.5,0.5,uncertain,paired_game_cluster_bootstrap,False,False,0.0,0.0,0.25,0.25,0.25,0.25,1.0,True,False,unresolved,gold2
0,5,5,test,placebo,skillnet:alfworld-receptacle-navigator,all_alfworld,early,2,2,2,2,4,0.0,0.0,0.0,-0.5,0.5,uncertain,paired_game_cluster_bootstrap,False,False,0.0,0.0,0.25,0.25,0.25,0.25,1.0,True,False,unresolved,gold2
0,5,5,test,placebo,skillnet:alfworld-receptacle-opener,all_alfworld,all,8,8,8,2,16,0.0,0.0,0.0,0.0,0.0,stable,paired_game_cluster_bootstrap,False,False,0.0,0.0,0.0,0.0,0.0,0.0,0.0,True,True,unresolved,gold2
0,5,5,test,placebo,skillnet:alfworld-receptacle-opener,all_alfworld,early,1,1,1,2,2,0.0,0.0,0.0,,,uncertain,single_game_interval_undefined,False,False,0.0,0.0,0.0,0.0,0.0,0.0,,False,False,interval_undefined,gold2
0,5,5,test,placebo,skillnet:alfworld-receptacle-opener,all_alfworld,middle,2,2,2,2,4,0.0,0.0,0.0,0.0,0.0,stable,paired_game_cluster_bootstrap,False,False,0.0,0.0,0.0,0.0,0.0,0.0,0.0,True,True,unresolved,gold2
0,5,5,test,placebo,skillnet:alfworld-receptacle-opener,all_alfworld,late,5,5,5,2,10,0.0,0.0,0.0,0.0,0.0,stable,paired_game_cluster_bootstrap,False,False,0.0,0.0,0.0,0.0,0.0,0.0,0.0,True,True,unresolved,gold2
0,5,5,test,placebo,skillnet:alfworld-receptacle-operator,all_alfworld,all,7,7,7,2,14,0.0,0.0,0.0,-0.2857142857142857,0.21607142857140257,uncertain,paired_game_cluster_bootstrap,False,False,0.2857142857142857,0.2857142857142857,0.14285714285714285,0.14285714285714285,-0.14285714285714285,-0.14285714285714285,0.5017857142856883,True,False,unresolved,gold2
0,5,5,test,placebo,skillnet:alfworld-receptacle-operator,all_alfworld,early,2,2,2,2,4,0.0,0.25,0.25,0.0,0.75,uncertain,paired_game_cluster_bootstrap,False,False,0.5,0.5,0.25,0.0,-0.25,-0.5,0.75,True,False,unresolved,gold2
0,5,5,test,placebo,skillnet:alfworld-receptacle-operator,all_alfworld,middle,3,3,3,2,6,0.0,-0.16666666666666666,-0.16666666666666666,-0.6666666666666666,0.0,uncertain,paired_game_cluster_bootstrap,False,True,0.3333333333333333,0.3333333333333333,0.16666666666666666,0.3333333333333333,-0.16666666666666666,0.0,0.6666666666666666,True,False,unresolved,gold2
0,5,5,test,placebo,skillnet:alfworld-receptacle-operator,all_alfworld,late,2,2,2,2,4,0.0,0.0,0.0,0.0,0.0,stable,paired_game_cluster_bootstrap,False,False,0.0,0.0,0.0,0.0,0.0,0.0,0.0,True,True,unresolved,gold2
0,5,5,test,placebo,skillnet:alfworld-receptacle-searcher,all_alfworld,all,2,2,2,2,4,0.25,0.0,-0.25,-0.75,0.0,uncertain,paired_game_cluster_bootstrap,False,True,1.0,0.75,0.0,0.0,-1.0,-0.75,0.75,True,False,unresolved,gold2
0,5,5,test,placebo,skillnet:alfworld-receptacle-searcher,all_alfworld,initial,2,2,2,2,4,0.25,0.0,-0.25,-0.75,0.0,uncertain,paired_game_cluster_bootstrap,False,True,1.0,0.75,0.0,0.0,-1.0,-0.75,0.75,True,False,unresolved,gold2
0,5,5,test,placebo,skillnet:alfworld-storage-explorer,all_alfworld,all,44,44,44,2,88,-0.06818181818181818,-0.03409090909090909,0.03409090909090909,-0.09090909090909091,0.1590909090909091,uncertain,paired_game_cluster_bootstrap,False,False,0.2159090909090909,0.2840909090909091,0.3181818181818182,0.3522727272727273,0.10227272727272727,0.06818181818181818,0.25,True,False,unresolved,gold2
0,5,5,test,placebo,skillnet:alfworld-storage-explorer,all_alfworld,initial,23,23,23,2,46,-0.13043478260869565,-0.021739130434782608,0.10869565217391304,-0.06521739130434782,0.2826086956521739,uncertain,paired_game_cluster_bootstrap,False,False,0.17391304347826086,0.30434782608695654,0.41304347826086957,0.43478260869565216,0.2391304347826087,0.13043478260869562,0.34782608695652173,True,False,unresolved,gold2
0,5,5,test,placebo,skillnet:alfworld-storage-explorer,all_alfworld,early,18,18,18,2,36,0.0,-0.05555555555555555,-0.05555555555555555,-0.25,0.1388888888888889,uncertain,paired_game_cluster_bootstrap,False,True,0.3055555555555556,0.3055555555555556,0.25,0.3055555555555556,-0.05555555555555558,0.0,0.3888888888888889,True,False,unresolved,gold2
0,5,5,test,placebo,skillnet:alfworld-storage-explorer,all_alfworld,middle,1,1,1,2,2,0.0,0.0,0.0,,,uncertain,single_game_interval_undefined,False,False,0.0,0.0,0.0,0.0,0.0,0.0,,False,False,interval_undefined,gold2
0,5,5,test,placebo,skillnet:alfworld-storage-explorer,all_alfworld,late,2,2,2,2,4,0.0,0.0,0.0,0.0,0.0,stable,paired_game_cluster_bootstrap,False,False,0.0,0.0,0.0,0.0,0.0,0.0,0.0,True,True,unresolved,gold2
0,5,5,test,placebo,skillnet:alfworld-temperature-regulator,all_alfworld,all,6,6,6,2,12,0.08333333333333333,0.16666666666666666,0.08333333333333333,-0.25,0.5,uncertain,paired_game_cluster_bootstrap,False,False,0.08333333333333333,0.0,0.16666666666666666,0.0,0.08333333333333333,0.0,0.75,True,False,unresolved,gold2
0,5,5,test,placebo,skillnet:alfworld-temperature-regulator,all_alfworld,middle,2,2,2,2,4,0.25,0.0,-0.25,-0.75,0.0,uncertain,paired_game_cluster_bootstrap,False,True,0.25,0.0,0.0,0.0,-0.25,0.0,0.75,True,False,unresolved,gold2
0,5,5,test,placebo,skillnet:alfworld-temperature-regulator,all_alfworld,late,4,4,4,2,8,0.0,0.25,0.25,0.0,0.75,uncertain,paired_game_cluster_bootstrap,False,False,0.0,0.0,0.25,0.0,0.25,0.0,0.75,True,False,unresolved,gold2
0,5,5,test,placebo,skillnet:alfworld-tool-locator,all_alfworld,all,4,4,4,2,8,-0.125,-0.125,0.0,0.0,0.0,stable,paired_game_cluster_bootstrap,False,False,0.25,0.375,0.125,0.25,-0.125,-0.125,0.0,True,True,unresolved,gold2
0,5,5,test,placebo,skillnet:alfworld-tool-locator,all_alfworld,early,4,4,4,2,8,-0.125,-0.125,0.0,0.0,0.0,stable,paired_game_cluster_bootstrap,False,False,0.25,0.375,0.125,0.25,-0.125,-0.125,0.0,True,True,unresolved,gold2
0,5,5,test,null,skillnet:alfworld-appliance-navigator,all_alfworld,all,62,62,62,2,124,0.0,0.008064516129032258,0.008064516129032258,-0.08064516129032258,0.0967741935483871,uncertain,paired_game_cluster_bootstrap,False,False,0.27419354838709675,0.27419354838709675,0.18548387096774194,0.1774193548387097,-0.08870967741935482,-0.09677419354838707,0.1774193548387097,True,False,unresolved,gold2
0,5,5,test,null,skillnet:alfworld-appliance-navigator,all_alfworld,initial,42,42,42,2,84,0.023809523809523808,0.023809523809523808,0.0,-0.13095238095238096,0.13095238095238096,uncertain,paired_game_cluster_bootstrap,False,False,0.34523809523809523,0.32142857142857145,0.21428571428571427,0.19047619047619047,-0.13095238095238096,-0.130952380952381,0.2619047619047619,True,False,unresolved,gold2
0,5,5,test,null,skillnet:alfworld-appliance-navigator,all_alfworld,early,8,8,8,2,16,-0.0625,-0.0625,0.0,0.0,0.0,stable,paired_game_cluster_bootstrap,False,False,0.1875,0.25,0.1875,0.25,0.0,0.0,0.0,True,True,unresolved,gold2
0,5,5,test,null,skillnet:alfworld-appliance-navigator,all_alfworld,middle,6,6,6,2,12,0.0,0.0,0.0,0.0,0.0,stable,paired_game_cluster_bootstrap,False,False,0.16666666666666666,0.16666666666666666,0.16666666666666666,0.16666666666666666,0.0,0.0,0.0,True,True,unresolved,gold2
0,5,5,test,null,skillnet:alfworld-appliance-navigator,all_alfworld,late,6,6,6,2,12,-0.08333333333333333,0.0,0.08333333333333333,0.0,0.3333333333333333,uncertain,paired_game_cluster_bootstrap,False,False,0.0,0.08333333333333333,0.0,0.0,0.0,-0.08333333333333333,0.3333333333333333,True,False,unresolved,gold2
0,5,5,test,null,skillnet:alfworld-appliance-preparer,all_alfworld,all,8,8,8,2,16,0.0,0.0,0.0,0.0,0.0,stable,paired_game_cluster_bootstrap,False,False,0.0,0.0,0.0,0.0,0.0,0.0,0.0,True,True,unresolved,gold2
0,5,5,test,null,skillnet:alfworld-appliance-preparer,all_alfworld,middle,4,4,4,2,8,0.0,0.0,0.0,0.0,0.0,stable,paired_game_cluster_bootstrap,False,False,0.0,0.0,0.0,0.0,0.0,0.0,0.0,True,True,unresolved,gold2
0,5,5,test,null,skillnet:alfworld-appliance-preparer,all_alfworld,late,4,4,4,2,8,0.0,0.0,0.0,0.0,0.0,stable,paired_game_cluster_bootstrap,False,False,0.0,0.0,0.0,0.0,0.0,0.0,0.0,True,True,unresolved,gold2
0,5,5,test,null,skillnet:alfworld-clean-object,all_alfworld,all,37,37,37,2,74,-0.0945945945945946,-0.21621621621621623,-0.12162162162162163,-0.3108108108108108,0.06756756756756757,uncertain,paired_game_cluster_bootstrap,False,True,0.2972972972972973,0.3918918918918919,0.0945945945945946,0.3108108108108108,-0.20270270270270271,-0.08108108108108109,0.3783783783783784,True,False,unresolved,gold2
0,5,5,test,null,skillnet:alfworld-clean-object,all_alfworld,initial,25,25,25,2,50,-0.2,-0.34,-0.14,-0.38,0.1,uncertain,paired_game_cluster_bootstrap,False,True,0.22,0.42,0.0,0.34,-0.22,-0.07999999999999996,0.48,True,False,unresolved,gold2
0,5,5,test,null,skillnet:alfworld-clean-object,all_alfworld,early,9,9,9,2,18,0.05555555555555555,-0.05555555555555555,-0.1111111111111111,-0.4444444444444444,0.2222222222222222,uncertain,paired_game_cluster_bootstrap,False,True,0.5,0.4444444444444444,0.2777777777777778,0.3333333333333333,-0.2222222222222222,-0.1111111111111111,0.6666666666666666,True,False,unresolved,gold2
0,5,5,test,null,skillnet:alfworld-clean-object,all_alfworld,middle,1,1,1,2,2,0.0,0.0,0.0,,,uncertain,single_game_interval_undefined,False,False,0.0,0.0,0.0,0.0,0.0,0.0,,False,False,interval_undefined,gold2
0,5,5,test,null,skillnet:alfworld-clean-object,all_alfworld,late,2,2,2,2,4,0.5,0.5,0.0,0.0,0.0,stable,paired_game_cluster_bootstrap,False,False,0.5,0.0,0.5,0.0,0.0,0.0,0.0,True,True,unresolved,gold2
0,5,5,test,null,skillnet:alfworld-device-operator,all_alfworld,all,59,59,59,2,118,0.00847457627118644,0.05084745762711865,0.0423728813559322,-0.07627118644067797,0.15254237288135594,uncertain,paired_game_cluster_bootstrap,False,False,0.2966101694915254,0.288135593220339,0.2627118644067797,0.211864406779661,-0.03389830508474573,-0.07627118644067798,0.2288135593220339,True,False,unresolved,gold2
0,5,5,test,null,skillnet:alfworld-device-operator,all_alfworld,initial,22,22,22,2,44,0.045454545454545456,0.1590909090909091,0.11363636363636363,-0.09090909090909091,0.3181818181818182,uncertain,paired_game_cluster_bootstrap,False,False,0.36363636363636365,0.3181818181818182,0.4090909090909091,0.25,0.04545454545454547,-0.06818181818181818,0.40909090909090906,True,False,unresolved,gold2
0,5,5,test,null,skillnet:alfworld-device-operator,all_alfworld,early,27,27,27,2,54,0.037037037037037035,0.018518518518518517,-0.018518518518518517,-0.16666666666666666,0.12962962962962962,uncertain,paired_game_cluster_bootstrap,False,False,0.2962962962962963,0.25925925925925924,0.2222222222222222,0.2037037037037037,-0.07407407407407407,-0.05555555555555555,0.2962962962962963,True,False,unresolved,gold2
0,5,5,test,null,skillnet:alfworld-device-operator,all_alfworld,middle,7,7,7,2,14,-0.21428571428571427,-0.14285714285714285,0.07142857142857142,-0.2857142857142857,0.5,uncertain,paired_game_cluster_bootstrap,False,False,0.21428571428571427,0.42857142857142855,0.07142857142857142,0.21428571428571427,-0.14285714285714285,-0.21428571428571427,0.7857142857142857,True,False,unresolved,gold2
0,5,5,test,null,skillnet:alfworld-device-operator,all_alfworld,late,3,3,3,2,6,0.0,0.0,0.0,0.0,0.0,stable,paired_game_cluster_bootstrap,False,False,0.0,0.0,0.0,0.0,0.0,0.0,0.0,True,True,unresolved,gold2
0,5,5,test,null,skillnet:alfworld-heat-object-with-appliance,all_alfworld,all,32,32,32,2,64,0.140625,0.140625,0.0,-0.109375,0.109375,uncertain,paired_game_cluster_bootstrap,False,False,0.234375,0.09375,0.25,0.109375,0.015625,0.015625,0.21875,True,False,unresolved,gold2
0,5,5,test,null,skillnet:alfworld-heat-object-with-appliance,all_alfworld,early,13,13,13,2,26,0.11538461538461539,0.07692307692307693,-0.038461538461538464,-0.2692307692307692,0.19230769230769232,uncertain,paired_game_cluster_bootstrap,False,False,0.23076923076923078,0.11538461538461539,0.23076923076923078,0.15384615384615385,0.0,0.038461538461538464,0.46153846153846156,True,False,unresolved,gold2
0,5,5,test,null,skillnet:alfworld-heat-object-with-appliance,all_alfworld,middle,12,12,12,2,24,0.25,0.2916666666666667,0.041666666666666664,-0.125,0.20833333333333334,uncertain,paired_game_cluster_bootstrap,False,False,0.3333333333333333,0.08333333333333333,0.3333333333333333,0.041666666666666664,0.0,-0.041666666666666664,0.33333333333333337,True,False,unresolved,gold2
0,5,5,test,null,skillnet:alfworld-heat-object-with-appliance,all_alfworld,late,7,7,7,2,14,0.0,0.0,0.0,0.0,0.0,stable,paired_game_cluster_bootstrap,False,False,0.07142857142857142,0.07142857142857142,0.14285714285714285,0.14285714285714285,0.07142857142857142,0.07142857142857142,0.0,True,True,unresolved,gold2
0,5,5,test,null,skillnet:alfworld-inventory-management,all_alfworld,all,2,2,2,2,4,0.0,0.0,0.0,0.0,0.0,stable,paired_game_cluster_bootstrap,False,False,0.5,0.5,0.75,0.75,0.25,0.25,0.0,True,True,unresolved,gold2
0,5,5,test,null,skillnet:alfworld-inventory-management,all_alfworld,early,2,2,2,2,4,0.0,0.0,0.0,0.0,0.0,stable,paired_game_cluster_bootstrap,False,False,0.5,0.5,0.75,0.75,0.25,0.25,0.0,True,True,unresolved,gold2
0,5,5,test,null,skillnet:alfworld-locate-target-object,all_alfworld,all,2,2,2,2,4,0.0,0.0,0.0,0.0,0.0,stable,paired_game_cluster_bootstrap,False,False,0.5,0.5,0.5,0.5,0.0,0.0,0.0,True,True,unresolved,gold2
0,5,5,test,null,skillnet:alfworld-locate-target-object,all_alfworld,initial,2,2,2,2,4,0.0,0.0,0.0,0.0,0.0,stable,paired_game_cluster_bootstrap,False,False,0.5,0.5,0.5,0.5,0.0,0.0,0.0,True,True,unresolved,gold2
0,5,5,test,null,skillnet:alfworld-object-cooler,all_alfworld,all,21,21,21,2,42,-0.023809523809523808,0.09523809523809523,0.11904761904761904,-0.09523809523809523,0.35714285714285715,uncertain,paired_game_cluster_bootstrap,False,False,0.30952380952380953,0.3333333333333333,0.23809523809523808,0.14285714285714285,-0.07142857142857145,-0.19047619047619047,0.4523809523809524,True,False,unresolved,gold2
0,5,5,test,null,skillnet:alfworld-object-cooler,all_alfworld,early,9,9,9,2,18,-0.05555555555555555,0.16666666666666666,0.2222222222222222,-0.2222222222222222,0.7222222222222222,uncertain,paired_game_cluster_bootstrap,False,False,0.4444444444444444,0.5,0.2777777777777778,0.1111111111111111,-0.16666666666666663,-0.3888888888888889,0.9444444444444444,True,False,unresolved,gold2
0,5,5,test,null,skillnet:alfworld-object-cooler,all_alfworld,middle,6,6,6,2,12,-0.08333333333333333,0.0,0.08333333333333333,-0.25,0.5,uncertain,paired_game_cluster_bootstrap,False,False,0.3333333333333333,0.4166666666666667,0.3333333333333333,0.3333333333333333,0.0,-0.08333333333333337,0.75,True,False,unresolved,gold2
0,5,5,test,null,skillnet:alfworld-object-cooler,all_alfworld,late,6,6,6,2,12,0.08333333333333333,0.08333333333333333,0.0,0.0,0.0,stable,paired_game_cluster_bootstrap,False,False,0.08333333333333333,0.0,0.08333333333333333,0.0,0.0,0.0,0.0,True,True,unresolved,gold2
0,5,5,test,null,skillnet:alfworld-object-disposer,all_alfworld,all,2,2,2,2,4,0.0,0.0,0.0,0.0,0.0,stable,paired_game_cluster_bootstrap,False,False,0.5,0.5,0.75,0.75,0.25,0.25,0.0,True,True,unresolved,gold2
0,5,5,test,null,skillnet:alfworld-object-disposer,all_alfworld,early,2,2,2,2,4,0.0,0.0,0.0,0.0,0.0,stable,paired_game_cluster_bootstrap,False,False,0.5,0.5,0.75,0.75,0.25,0.25,0.0,True,True,unresolved,gold2
0,5,5,test,null,skillnet:alfworld-object-heater,all_alfworld,all,9,9,9,2,18,0.0,-0.05555555555555555,-0.05555555555555555,-0.2222222222222222,0.0,uncertain,paired_game_cluster_bootstrap,False,True,0.2777777777777778,0.2777777777777778,0.16666666666666666,0.2222222222222222,-0.11111111111111113,-0.05555555555555558,0.2222222222222222,True,False,unresolved,gold2
0,5,5,test,null,skillnet:alfworld-object-heater,all_alfworld,early,1,1,1,2,2,0.0,0.0,0.0,,,uncertain,single_game_interval_undefined,False,False,0.0,0.0,0.5,0.5,0.5,0.5,,False,False,interval_undefined,gold2
0,5,5,test,null,skillnet:alfworld-object-heater,all_alfworld,middle,4,4,4,2,8,0.0,-0.125,-0.125,-0.5,0.0,uncertain,paired_game_cluster_bootstrap,False,True,0.625,0.625,0.25,0.375,-0.375,-0.25,0.5,True,False,unresolved,gold2
0,5,5,test,null,skillnet:alfworld-object-heater,all_alfworld,late,4,4,4,2,8,0.0,0.0,0.0,0.0,0.0,stable,paired_game_cluster_bootstrap,False,False,0.0,0.0,0.0,0.0,0.0,0.0,0.0,True,True,unresolved,gold2
0,5,5,test,null,skillnet:alfworld-object-picker,all_alfworld,all,7,7,7,2,14,0.0,0.0,0.0,-0.2857142857142857,0.21428571428571427,uncertain,paired_game_cluster_bootstrap,False,False,0.14285714285714285,0.14285714285714285,0.2857142857142857,0.2857142857142857,0.14285714285714285,0.14285714285714285,0.5,True,False,unresolved,gold2
0,5,5,test,null,skillnet:alfworld-object-picker,all_alfworld,early,4,4,4,2,8,0.125,0.0,-0.125,-0.5,0.0,uncertain,paired_game_cluster_bootstrap,False,True,0.125,0.0,0.0,0.0,-0.125,0.0,0.5,True,False,unresolved,gold2
0,5,5,test,null,skillnet:alfworld-object-picker,all_alfworld,middle,1,1,1,2,2,-0.5,0.0,0.5,,,uncertain,single_game_interval_undefined,False,False,0.5,1.0,1.0,1.0,0.5,0.0,,False,False,interval_undefined,gold2
0,5,5,test,null,skillnet:alfworld-object-picker,all_alfworld,late,2,2,2,2,4,0.0,0.0,0.0,0.0,0.0,stable,paired_game_cluster_bootstrap,False,False,0.0,0.0,0.5,0.5,0.5,0.5,0.0,True,True,unresolved,gold2
0,5,5,test,null,skillnet:alfworld-object-placer,all_alfworld,all,23,23,23,2,46,-0.08695652173913043,0.0,0.08695652173913043,-0.08695652173913043,0.2608695652173913,uncertain,paired_game_cluster_bootstrap,False,False,0.32608695652173914,0.41304347826086957,0.5,0.5,0.17391304347826086,0.08695652173913043,0.34782608695652173,True,False,unresolved,gold2
0,5,5,test,null,skillnet:alfworld-object-placer,all_alfworld,initial,3,3,3,2,6,0.0,0.0,0.0,-0.5,0.5,uncertain,paired_game_cluster_bootstrap,False,False,0.16666666666666666,0.16666666666666666,0.0,0.0,-0.16666666666666666,-0.16666666666666666,1.0,True,False,unresolved,gold2
0,5,5,test,null,skillnet:alfworld-object-placer,all_alfworld,early,4,4,4,2,8,-0.25,-0.125,0.125,-0.375,0.75,uncertain,paired_game_cluster_bootstrap,False,False,0.0,0.25,0.625,0.75,0.625,0.5,1.125,True,False,unresolved,gold2
0,5,5,test,null,skillnet:alfworld-object-placer,all_alfworld,middle,10,10,10,2,20,0.05,0.05,0.0,-0.2,0.15,uncertain,paired_game_cluster_bootstrap,False,False,0.6,0.55,0.75,0.7,0.15000000000000002,0.1499999999999999,0.35,True,False,unresolved,gold2
0,5,5,test,null,skillnet:alfworld-object-placer,all_alfworld,late,6,6,6,2,12,-0.25,0.0,0.25,0.0,0.5833333333333334,uncertain,paired_game_cluster_bootstrap,False,False,0.16666666666666666,0.4166666666666667,0.25,0.25,0.08333333333333334,-0.16666666666666669,0.5833333333333334,True,False,unresolved,gold2
0,5,5,test,null,skillnet:alfworld-object-retriever,all_alfworld,all,15,15,15,2,30,-0.03333333333333333,-0.03333333333333333,0.0,-0.16666666666666666,0.2,uncertain,paired_game_cluster_bootstrap,False,False,0.3333333333333333,0.36666666666666664,0.3,0.3333333333333333,-0.033333333333333326,-0.033333333333333326,0.3666666666666667,True,False,unresolved,gold2
0,5,5,test,null,skillnet:alfworld-object-retriever,all_alfworld,initial,2,2,2,2,4,0.0,0.0,0.0,0.0,0.0,stable,paired_game_cluster_bootstrap,False,False,0.0,0.0,0.5,0.5,0.5,0.5,0.0,True,True,unresolved,gold2
0,5,5,test,null,skillnet:alfworld-object-retriever,all_alfworld,early,13,13,13,2,26,-0.038461538461538464,-0.038461538461538464,0.0,-0.19230769230769232,0.23076923076923078,uncertain,paired_game_cluster_bootstrap,False,False,0.38461538461538464,0.4230769230769231,0.2692307692307692,0.3076923076923077,-0.11538461538461542,-0.11538461538461536,0.42307692307692313,True,False,unresolved,gold2
0,5,5,test,null,skillnet:alfworld-object-state-inspector,all_alfworld,all,18,18,18,2,36,0.027777777777777776,0.16666666666666666,0.1388888888888889,-0.1388888888888889,0.4722222222222222,uncertain,paired_game_cluster_bootstrap,False,False,0.3888888888888889,0.3611111111111111,0.4722222222222222,0.3055555555555556,0.08333333333333331,-0.055555555555555525,0.6111111111111112,True,False,unresolved,gold2
0,5,5,test,null,skillnet:alfworld-object-state-inspector,all_alfworld,initial,10,10,10,2,20,0.1,0.0,-0.1,-0.4,0.2,uncertain,paired_game_cluster_bootstrap,False,True,0.2,0.1,0.3,0.3,0.09999999999999998,0.19999999999999998,0.6000000000000001,True,False,unresolved,gold2
0,5,5,test,null,skillnet:alfworld-object-state-inspector,all_alfworld,early,7,7,7,2,14,-0.07142857142857142,0.42857142857142855,0.5,0.0,1.0714285714285714,uncertain,paired_game_cluster_bootstrap,False,False,0.5714285714285714,0.6428571428571429,0.6428571428571429,0.21428571428571427,0.07142857142857151,-0.4285714285714286,1.0714285714285714,True,False,unresolved,gold2
0,5,5,test,null,skillnet:alfworld-object-state-inspector,all_alfworld,middle,1,1,1,2,2,0.0,0.0,0.0,,,uncertain,single_game_interval_undefined,False,False,1.0,1.0,1.0,1.0,0.0,0.0,,False,False,interval_undefined,gold2
0,5,5,test,null,skillnet:alfworld-object-storer,all_alfworld,all,18,18,18,2,36,-0.05555555555555555,-0.1388888888888889,-0.08333333333333333,-0.2222222222222222,0.0,uncertain,paired_game_cluster_bootstrap,False,True,0.1111111111111111,0.16666666666666666,0.25,0.3888888888888889,0.1388888888888889,0.22222222222222224,0.2222222222222222,True,False,unresolved,gold2
0,5,5,test,null,skillnet:alfworld-object-storer,all_alfworld,early,8,8,8,2,16,-0.125,-0.125,0.0,0.0,0.0,stable,paired_game_cluster_bootstrap,False,False,0.0,0.125,0.375,0.5,0.375,0.375,0.0,True,True,unresolved,gold2
0,5,5,test,null,skillnet:alfworld-object-storer,all_alfworld,middle,6,6,6,2,12,0.0,-0.16666666666666666,-0.16666666666666666,-0.5,0.0,uncertain,paired_game_cluster_bootstrap,False,True,0.16666666666666666,0.16666666666666666,0.16666666666666666,0.3333333333333333,0.0,0.16666666666666666,0.5,True,False,unresolved,gold2
0,5,5,test,null,skillnet:alfworld-object-storer,all_alfworld,late,4,4,4,2,8,0.0,-0.125,-0.125,-0.5,0.0,uncertain,paired_game_cluster_bootstrap,False,True,0.25,0.25,0.125,0.25,-0.125,0.0,0.5,True,False,unresolved,gold2
0,5,5,test,null,skillnet:alfworld-object-transporter,all_alfworld,all,1,1,1,2,2,0.0,0.0,0.0,,,uncertain,single_game_interval_undefined,False,False,1.0,1.0,1.0,1.0,0.0,0.0,,False,False,interval_undefined,gold2
0,5,5,test,null,skillnet:alfworld-object-transporter,all_alfworld,late,1,1,1,2,2,0.0,0.0,0.0,,,uncertain,single_game_interval_undefined,False,False,1.0,1.0,1.0,1.0,0.0,0.0,,False,False,interval_undefined,gold2
0,5,5,test,null,skillnet:alfworld-receptacle-closer,all_alfworld,all,5,5,5,2,10,0.1,-0.1,-0.2,-0.5,0.0,uncertain,paired_game_cluster_bootstrap,False,True,0.2,0.1,0.0,0.1,-0.2,0.0,0.5,True,False,unresolved,gold2
0,5,5,test,null,skillnet:alfworld-receptacle-closer,all_alfworld,middle,4,4,4,2,8,0.125,0.0,-0.125,-0.5,0.0,uncertain,paired_game_cluster_bootstrap,False,True,0.25,0.125,0.0,0.0,-0.25,-0.125,0.5,True,False,unresolved,gold2
0,5,5,test,null,skillnet:alfworld-receptacle-closer,all_alfworld,late,1,1,1,2,2,0.0,-0.5,-0.5,,,uncertain,single_game_interval_undefined,False,True,0.0,0.0,0.0,0.5,0.0,0.5,,False,False,interval_undefined,gold2
0,5,5,test,null,skillnet:alfworld-receptacle-finder,all_alfworld,all,10,10,10,2,20,-0.1,-0.1,0.0,-0.1,0.1,uncertain,paired_game_cluster_bootstrap,False,False,0.05,0.15,0.1,0.2,0.05,0.05000000000000002,0.2,True,False,unresolved,gold2
0,5,5,test,null,skillnet:alfworld-receptacle-finder,all_alfworld,initial,3,3,3,2,6,-0.16666666666666666,-0.16666666666666666,0.0,-0.3333333333333333,0.3333333333333333,uncertain,paired_game_cluster_bootstrap,False,False,0.0,0.16666666666666666,0.0,0.16666666666666666,0.0,0.0,0.6666666666666666,True,False,unresolved,gold2
0,5,5,test,null,skillnet:alfworld-receptacle-finder,all_alfworld,early,1,1,1,2,2,-0.5,-0.5,0.0,,,uncertain,single_game_interval_undefined,False,False,0.5,1.0,0.0,0.5,-0.5,-0.5,,False,False,interval_undefined,gold2
0,5,5,test,null,skillnet:alfworld-receptacle-finder,all_alfworld,middle,1,1,1,2,2,0.0,0.0,0.0,,,uncertain,single_game_interval_undefined,False,False,0.0,0.0,1.0,1.0,1.0,1.0,,False,False,interval_undefined,gold2
0,5,5,test,null,skillnet:alfworld-receptacle-finder,all_alfworld,late,5,5,5,2,10,0.0,0.0,0.0,0.0,0.0,stable,paired_game_cluster_bootstrap,False,False,0.0,0.0,0.0,0.0,0.0,0.0,0.0,True,True,unresolved,gold2
0,5,5,test,null,skillnet:alfworld-receptacle-navigator,all_alfworld,all,2,2,2,2,4,0.0,-0.25,-0.25,-0.75,0.0,uncertain,paired_game_cluster_bootstrap,False,True,0.0,0.0,0.25,0.5,0.25,0.5,0.75,True,False,unresolved,gold2
0,5,5,test,null,skillnet:alfworld-receptacle-navigator,all_alfworld,early,2,2,2,2,4,0.0,-0.25,-0.25,-0.75,0.0,uncertain,paired_game_cluster_bootstrap,False,True,0.0,0.0,0.25,0.5,0.25,0.5,0.75,True,False,unresolved,gold2
0,5,5,test,null,skillnet:alfworld-receptacle-opener,all_alfworld,all,8,8,8,2,16,0.0,0.0,0.0,0.0,0.0,stable,paired_game_cluster_bootstrap,False,False,0.0,0.0,0.0,0.0,0.0,0.0,0.0,True,True,unresolved,gold2
0,5,5,test,null,skillnet:alfworld-receptacle-opener,all_alfworld,early,1,1,1,2,2,0.0,0.0,0.0,,,uncertain,single_game_interval_undefined,False,False,0.0,0.0,0.0,0.0,0.0,0.0,,False,False,interval_undefined,gold2
0,5,5,test,null,skillnet:alfworld-receptacle-opener,all_alfworld,middle,2,2,2,2,4,0.0,0.0,0.0,0.0,0.0,stable,paired_game_cluster_bootstrap,False,False,0.0,0.0,0.0,0.0,0.0,0.0,0.0,True,True,unresolved,gold2
0,5,5,test,null,skillnet:alfworld-receptacle-opener,all_alfworld,late,5,5,5,2,10,0.0,0.0,0.0,0.0,0.0,stable,paired_game_cluster_bootstrap,False,False,0.0,0.0,0.0,0.0,0.0,0.0,0.0,True,True,unresolved,gold2
0,5,5,test,null,skillnet:alfworld-receptacle-operator,all_alfworld,all,7,7,7,2,14,0.0,-0.14285714285714285,-0.14285714285714285,-0.42857142857142855,0.0,uncertain,paired_game_cluster_bootstrap,False,True,0.2857142857142857,0.2857142857142857,0.14285714285714285,0.2857142857142857,-0.14285714285714285,0.0,0.42857142857142855,True,False,unresolved,gold2
0,5,5,test,null,skillnet:alfworld-receptacle-operator,all_alfworld,early,2,2,2,2,4,0.0,-0.25,-0.25,-0.75,0.0,uncertain,paired_game_cluster_bootstrap,False,True,0.5,0.5,0.25,0.5,-0.25,0.0,0.75,True,False,unresolved,gold2
0,5,5,test,null,skillnet:alfworld-receptacle-operator,all_alfworld,middle,3,3,3,2,6,0.0,-0.16666666666666666,-0.16666666666666666,-0.6666666666666666,0.0,uncertain,paired_game_cluster_bootstrap,False,True,0.3333333333333333,0.3333333333333333,0.16666666666666666,0.3333333333333333,-0.16666666666666666,0.0,0.6666666666666666,True,False,unresolved,gold2
0,5,5,test,null,skillnet:alfworld-receptacle-operator,all_alfworld,late,2,2,2,2,4,0.0,0.0,0.0,0.0,0.0,stable,paired_game_cluster_bootstrap,False,False,0.0,0.0,0.0,0.0,0.0,0.0,0.0,True,True,unresolved,gold2
0,5,5,test,null,skillnet:alfworld-receptacle-searcher,all_alfworld,all,2,2,2,2,4,0.25,0.0,-0.25,-0.75,0.0,uncertain,paired_game_cluster_bootstrap,False,True,1.0,0.75,0.0,0.0,-1.0,-0.75,0.75,True,False,unresolved,gold2
0,5,5,test,null,skillnet:alfworld-receptacle-searcher,all_alfworld,initial,2,2,2,2,4,0.25,0.0,-0.25,-0.75,0.0,uncertain,paired_game_cluster_bootstrap,False,True,1.0,0.75,0.0,0.0,-1.0,-0.75,0.75,True,False,unresolved,gold2
0,5,5,test,null,skillnet:alfworld-storage-explorer,all_alfworld,all,44,44,44,2,88,-0.06818181818181818,-0.022727272727272728,0.045454545454545456,-0.09090909090909091,0.17045454545454544,uncertain,paired_game_cluster_bootstrap,False,False,0.2159090909090909,0.2840909090909091,0.3181818181818182,0.3409090909090909,0.10227272727272727,0.05681818181818177,0.26136363636363635,True,False,unresolved,gold2
0,5,5,test,null,skillnet:alfworld-storage-explorer,all_alfworld,initial,23,23,23,2,46,-0.10869565217391304,0.0,0.10869565217391304,-0.06521739130434782,0.30434782608695654,uncertain,paired_game_cluster_bootstrap,False,False,0.17391304347826086,0.2826086956521739,0.41304347826086957,0.41304347826086957,0.2391304347826087,0.13043478260869568,0.3695652173913044,True,False,unresolved,gold2
0,5,5,test,null,skillnet:alfworld-storage-explorer,all_alfworld,early,18,18,18,2,36,-0.027777777777777776,-0.05555555555555555,-0.027777777777777776,-0.2222222222222222,0.16666666666666666,uncertain,paired_game_cluster_bootstrap,False,False,0.3055555555555556,0.3333333333333333,0.25,0.3055555555555556,-0.05555555555555558,-0.027777777777777735,0.38888888888888884,True,False,unresolved,gold2
0,5,5,test,null,skillnet:alfworld-storage-explorer,all_alfworld,middle,1,1,1,2,2,0.0,0.0,0.0,,,uncertain,single_game_interval_undefined,False,False,0.0,0.0,0.0,0.0,0.0,0.0,,False,False,interval_undefined,gold2
0,5,5,test,null,skillnet:alfworld-storage-explorer,all_alfworld,late,2,2,2,2,4,0.0,0.0,0.0,0.0,0.0,stable,paired_game_cluster_bootstrap,False,False,0.0,0.0,0.0,0.0,0.0,0.0,0.0,True,True,unresolved,gold2
0,5,5,test,null,skillnet:alfworld-temperature-regulator,all_alfworld,all,6,6,6,2,12,0.08333333333333333,0.16666666666666666,0.08333333333333333,-0.25,0.5,uncertain,paired_game_cluster_bootstrap,False,False,0.08333333333333333,0.0,0.16666666666666666,0.0,0.08333333333333333,0.0,0.75,True,False,unresolved,gold2
0,5,5,test,null,skillnet:alfworld-temperature-regulator,all_alfworld,middle,2,2,2,2,4,0.25,0.0,-0.25,-0.75,0.0,uncertain,paired_game_cluster_bootstrap,False,True,0.25,0.0,0.0,0.0,-0.25,0.0,0.75,True,False,unresolved,gold2
0,5,5,test,null,skillnet:alfworld-temperature-regulator,all_alfworld,late,4,4,4,2,8,0.0,0.25,0.25,0.0,0.75,uncertain,paired_game_cluster_bootstrap,False,False,0.0,0.0,0.25,0.0,0.25,0.0,0.75,True,False,unresolved,gold2
0,5,5,test,null,skillnet:alfworld-tool-locator,all_alfworld,all,4,4,4,2,8,-0.125,-0.125,0.0,0.0,0.0,stable,paired_game_cluster_bootstrap,False,False,0.25,0.375,0.125,0.25,-0.125,-0.125,0.0,True,True,unresolved,gold2
0,5,5,test,null,skillnet:alfworld-tool-locator,all_alfworld,early,4,4,4,2,8,-0.125,-0.125,0.0,0.0,0.0,stable,paired_game_cluster_bootstrap,False,False,0.25,0.375,0.125,0.25,-0.125,-0.125,0.0,True,True,unresolved,gold2
0,5,5,test,placebo,skillnet:alfworld-appliance-navigator,all_alfworld,all,62,62,62,4,248,-0.028225806451612902,0.020161290322580645,0.04838709677419355,-0.016129032258064516,0.11693548387096774,uncertain,paired_game_cluster_bootstrap,False,False,0.2661290322580645,0.29435483870967744,0.18951612903225806,0.1693548387096774,-0.07661290322580644,-0.12500000000000003,0.13306451612903225,True,False,unresolved,gold4
0,5,5,test,placebo,skillnet:alfworld-appliance-navigator,all_alfworld,initial,42,42,42,4,168,-0.041666666666666664,0.02976190476190476,0.07142857142857142,-0.017857142857142856,0.17261904761904762,uncertain,paired_game_cluster_bootstrap,False,False,0.3273809523809524,0.36904761904761907,0.21428571428571427,0.18452380952380953,-0.11309523809523811,-0.18452380952380953,0.19047619047619047,True,False,unresolved,gold4
0,5,5,test,placebo,skillnet:alfworld-appliance-navigator,all_alfworld,early,8,8,8,4,32,0.0,0.0,0.0,-0.09375,0.09375,uncertain,paired_game_cluster_bootstrap,False,False,0.21875,0.21875,0.21875,0.21875,0.0,0.0,0.1875,True,False,unresolved,gold4
0,5,5,test,placebo,skillnet:alfworld-appliance-navigator,all_alfworld,middle,6,6,6,4,24,0.0,0.0,0.0,0.0,0.0,stable,paired_game_cluster_bootstrap,False,False,0.16666666666666666,0.16666666666666666,0.16666666666666666,0.16666666666666666,0.0,0.0,0.0,True,True,unresolved,gold4
0,5,5,test,placebo,skillnet:alfworld-appliance-navigator,all_alfworld,late,6,6,6,4,24,0.0,0.0,0.0,0.0,0.0,stable,paired_game_cluster_bootstrap,False,False,0.0,0.0,0.0,0.0,0.0,0.0,0.0,True,True,unresolved,gold4
0,5,5,test,placebo,skillnet:alfworld-appliance-preparer,all_alfworld,all,8,8,8,4,32,0.0,0.0,0.0,0.0,0.0,stable,paired_game_cluster_bootstrap,False,False,0.0,0.0,0.0,0.0,0.0,0.0,0.0,True,True,unresolved,gold4
0,5,5,test,placebo,skillnet:alfworld-appliance-preparer,all_alfworld,middle,4,4,4,4,16,0.0,0.0,0.0,0.0,0.0,stable,paired_game_cluster_bootstrap,False,False,0.0,0.0,0.0,0.0,0.0,0.0,0.0,True,True,unresolved,gold4
0,5,5,test,placebo,skillnet:alfworld-appliance-preparer,all_alfworld,late,4,4,4,4,16,0.0,0.0,0.0,0.0,0.0,stable,paired_game_cluster_bootstrap,False,False,0.0,0.0,0.0,0.0,0.0,0.0,0.0,True,True,unresolved,gold4
0,5,5,test,placebo,skillnet:alfworld-clean-object,all_alfworld,all,37,37,37,4,148,-0.0472972972972973,-0.10135135135135136,-0.05405405405405406,-0.20945945945945946,0.0945945945945946,uncertain,paired_game_cluster_bootstrap,False,True,0.30405405405405406,0.35135135135135137,0.08783783783783784,0.1891891891891892,-0.21621621621621623,-0.16216216216216217,0.30405405405405406,True,False,unresolved,gold4
0,5,5,test,placebo,skillnet:alfworld-clean-object,all_alfworld,initial,25,25,25,4,100,-0.2,-0.21,-0.01,-0.2,0.17,uncertain,paired_game_cluster_bootstrap,False,False,0.23,0.43,0.0,0.21,-0.23,-0.22,0.37,True,False,unresolved,gold4
0,5,5,test,placebo,skillnet:alfworld-clean-object,all_alfworld,early,9,9,9,4,36,0.25,0.05555555555555555,-0.19444444444444445,-0.5277777777777778,0.1111111111111111,uncertain,paired_game_cluster_bootstrap,False,True,0.5,0.25,0.25,0.19444444444444445,-0.25,-0.05555555555555555,0.6388888888888888,True,False,unresolved,gold4
0,5,5,test,placebo,skillnet:alfworld-clean-object,all_alfworld,middle,1,1,1,4,4,0.0,0.0,0.0,,,uncertain,single_game_interval_undefined,False,False,0.0,0.0,0.0,0.0,0.0,0.0,,False,False,interval_undefined,gold4
0,5,5,test,placebo,skillnet:alfworld-clean-object,all_alfworld,late,2,2,2,4,8,0.5,0.5,0.0,0.0,0.0,stable,paired_game_cluster_bootstrap,False,False,0.5,0.0,0.5,0.0,0.0,0.0,0.0,True,True,unresolved,gold4
0,5,5,test,placebo,skillnet:alfworld-device-operator,all_alfworld,all,59,59,59,4,236,0.046610169491525424,0.00847457627118644,-0.038135593220338986,-0.13135593220338984,0.05084745762711865,uncertain,paired_game_cluster_bootstrap,False,False,0.2838983050847458,0.23728813559322035,0.2457627118644068,0.23728813559322035,-0.03813559322033899,0.0,0.1822033898305085,True,False,unresolved,gold4
0,5,5,test,placebo,skillnet:alfworld-device-operator,all_alfworld,initial,22,22,22,4,88,0.125,0.0,-0.125,-0.3068181818181818,0.045454545454545456,uncertain,paired_game_cluster_bootstrap,False,True,0.3522727272727273,0.22727272727272727,0.32954545454545453,0.32954545454545453,-0.022727272727272763,0.10227272727272727,0.3522727272727273,True,False,unresolved,gold4
0,5,5,test,placebo,skillnet:alfworld-device-operator,all_alfworld,early,27,27,27,4,108,0.027777777777777776,0.027777777777777776,0.0,-0.11134259259259238,0.1111111111111111,uncertain,paired_game_cluster_bootstrap,False,False,0.28703703703703703,0.25925925925925924,0.2222222222222222,0.19444444444444445,-0.06481481481481483,-0.0648148148148148,0.2224537037037035,True,False,unresolved,gold4
0,5,5,test,placebo,skillnet:alfworld-device-operator,all_alfworld,middle,7,7,7,4,28,-0.10714285714285714,-0.03571428571428571,0.07142857142857142,-0.14285714285714285,0.2857142857142857,uncertain,paired_game_cluster_bootstrap,False,False,0.17857142857142858,0.2857142857142857,0.17857142857142858,0.21428571428571427,0.0,-0.07142857142857142,0.42857142857142855,True,False,unresolved,gold4
0,5,5,test,placebo,skillnet:alfworld-device-operator,all_alfworld,late,3,3,3,4,12,0.0,0.0,0.0,0.0,0.0,stable,paired_game_cluster_bootstrap,False,False,0.0,0.0,0.0,0.0,0.0,0.0,0.0,True,True,unresolved,gold4
0,5,5,test,placebo,skillnet:alfworld-heat-object-with-appliance,all_alfworld,all,32,32,32,4,128,0.1640625,0.109375,-0.0546875,-0.1484375,0.03125,uncertain,paired_game_cluster_bootstrap,False,True,0.2265625,0.0625,0.21875,0.109375,-0.0078125,0.046875,0.1796875,True,False,unresolved,gold4
0,5,5,test,placebo,skillnet:alfworld-heat-object-with-appliance,all_alfworld,early,13,13,13,4,52,0.15384615384615385,0.019230769230769232,-0.1346153846153846,-0.3076923076923077,0.0,uncertain,paired_game_cluster_bootstrap,False,True,0.25,0.09615384615384616,0.23076923076923078,0.21153846153846154,-0.019230769230769218,0.11538461538461538,0.3076923076923077,True,False,unresolved,gold4
0,5,5,test,placebo,skillnet:alfworld-heat-object-with-appliance,all_alfworld,middle,12,12,12,4,48,0.25,0.20833333333333334,-0.041666666666666664,-0.1875,0.0625,uncertain,paired_game_cluster_bootstrap,False,False,0.2916666666666667,0.041666666666666664,0.25,0.041666666666666664,-0.041666666666666685,0.0,0.25,True,False,unresolved,gold4
0,5,5,test,placebo,skillnet:alfworld-heat-object-with-appliance,all_alfworld,late,7,7,7,4,28,0.03571428571428571,0.10714285714285714,0.07142857142857142,0.0,0.25,uncertain,paired_game_cluster_bootstrap,False,False,0.07142857142857142,0.03571428571428571,0.14285714285714285,0.03571428571428571,0.07142857142857142,0.0,0.25,True,False,unresolved,gold4
0,5,5,test,placebo,skillnet:alfworld-inventory-management,all_alfworld,all,2,2,2,4,8,0.0,0.0,0.0,0.0,0.0,stable,paired_game_cluster_bootstrap,False,False,0.625,0.625,0.75,0.75,0.125,0.125,0.0,True,True,unresolved,gold4
0,5,5,test,placebo,skillnet:alfworld-inventory-management,all_alfworld,early,2,2,2,4,8,0.0,0.0,0.0,0.0,0.0,stable,paired_game_cluster_bootstrap,False,False,0.625,0.625,0.75,0.75,0.125,0.125,0.0,True,True,unresolved,gold4
0,5,5,test,placebo,skillnet:alfworld-locate-target-object,all_alfworld,all,2,2,2,4,8,0.0,-0.125,-0.125,-0.5,0.0,uncertain,paired_game_cluster_bootstrap,False,True,0.5,0.5,0.5,0.625,0.0,0.125,0.5,True,False,unresolved,gold4
0,5,5,test,placebo,skillnet:alfworld-locate-target-object,all_alfworld,initial,2,2,2,4,8,0.0,-0.125,-0.125,-0.5,0.0,uncertain,paired_game_cluster_bootstrap,False,True,0.5,0.5,0.5,0.625,0.0,0.125,0.5,True,False,unresolved,gold4
0,5,5,test,placebo,skillnet:alfworld-object-cooler,all_alfworld,all,21,21,21,4,84,0.03571428571428571,0.08333333333333333,0.047619047619047616,-0.10714285714285714,0.21428571428571427,uncertain,paired_game_cluster_bootstrap,False,False,0.3333333333333333,0.2976190476190476,0.23809523809523808,0.15476190476190477,-0.09523809523809523,-0.14285714285714285,0.3214285714285714,True,False,unresolved,gold4
0,5,5,test,placebo,skillnet:alfworld-object-cooler,all_alfworld,early,9,9,9,4,36,0.08333333333333333,0.1111111111111111,0.027777777777777776,-0.2777777777777778,0.3888888888888889,uncertain,paired_game_cluster_bootstrap,False,False,0.4722222222222222,0.3888888888888889,0.25,0.1388888888888889,-0.2222222222222222,-0.25,0.6666666666666667,True,False,unresolved,gold4
0,5,5,test,placebo,skillnet:alfworld-object-cooler,all_alfworld,middle,6,6,6,4,24,-0.125,0.0,0.125,0.0,0.4166666666666667,uncertain,paired_game_cluster_bootstrap,False,False,0.3333333333333333,0.4583333333333333,0.3333333333333333,0.3333333333333333,0.0,-0.125,0.4166666666666667,True,False,unresolved,gold4
0,5,5,test,placebo,skillnet:alfworld-object-cooler,all_alfworld,late,6,6,6,4,24,0.125,0.125,0.0,0.0,0.0,stable,paired_game_cluster_bootstrap,False,False,0.125,0.0,0.125,0.0,0.0,0.0,0.0,True,True,unresolved,gold4
0,5,5,test,placebo,skillnet:alfworld-object-disposer,all_alfworld,all,2,2,2,4,8,0.0,0.0,0.0,0.0,0.0,stable,paired_game_cluster_bootstrap,False,False,0.625,0.625,0.5,0.5,-0.125,-0.125,0.0,True,True,unresolved,gold4
0,5,5,test,placebo,skillnet:alfworld-object-disposer,all_alfworld,early,2,2,2,4,8,0.0,0.0,0.0,0.0,0.0,stable,paired_game_cluster_bootstrap,False,False,0.625,0.625,0.5,0.5,-0.125,-0.125,0.0,True,True,unresolved,gold4
0,5,5,test,placebo,skillnet:alfworld-object-heater,all_alfworld,all,9,9,9,4,36,0.0,-0.027777777777777776,-0.027777777777777776,-0.1388888888888889,0.08333333333333333,uncertain,paired_game_cluster_bootstrap,False,False,0.25,0.25,0.16666666666666666,0.19444444444444445,-0.08333333333333334,-0.05555555555555555,0.2222222222222222,True,False,unresolved,gold4
0,5,5,test,placebo,skillnet:alfworld-object-heater,all_alfworld,early,1,1,1,4,4,0.0,0.0,0.0,,,uncertain,single_game_interval_undefined,False,False,0.0,0.0,0.25,0.25,0.25,0.25,,False,False,interval_undefined,gold4
0,5,5,test,placebo,skillnet:alfworld-object-heater,all_alfworld,middle,4,4,4,4,16,0.0,-0.0625,-0.0625,-0.3125,0.1875,uncertain,paired_game_cluster_bootstrap,False,True,0.5625,0.5625,0.3125,0.375,-0.25,-0.1875,0.5,True,False,unresolved,gold4
0,5,5,test,placebo,skillnet:alfworld-object-heater,all_alfworld,late,4,4,4,4,16,0.0,0.0,0.0,0.0,0.0,stable,paired_game_cluster_bootstrap,False,False,0.0,0.0,0.0,0.0,0.0,0.0,0.0,True,True,unresolved,gold4
0,5,5,test,placebo,skillnet:alfworld-object-picker,all_alfworld,all,7,7,7,4,28,-0.07142857142857142,0.0,0.07142857142857142,-0.07142857142857142,0.25,uncertain,paired_game_cluster_bootstrap,False,False,0.10714285714285714,0.17857142857142858,0.2857142857142857,0.2857142857142857,0.17857142857142855,0.10714285714285712,0.3214285714285714,True,False,unresolved,gold4
0,5,5,test,placebo,skillnet:alfworld-object-picker,all_alfworld,early,4,4,4,4,16,-0.0625,0.0,0.0625,-0.1875,0.3125,uncertain,paired_game_cluster_bootstrap,False,False,0.0625,0.125,0.0,0.0,-0.0625,-0.125,0.5,True,False,unresolved,gold4
0,5,5,test,placebo,skillnet:alfworld-object-picker,all_alfworld,middle,1,1,1,4,4,-0.25,0.0,0.25,,,uncertain,single_game_interval_undefined,False,False,0.25,0.5,1.0,1.0,0.75,0.5,,False,False,interval_undefined,gold4
0,5,5,test,placebo,skillnet:alfworld-object-picker,all_alfworld,late,2,2,2,4,8,0.0,0.0,0.0,0.0,0.0,stable,paired_game_cluster_bootstrap,False,False,0.125,0.125,0.5,0.5,0.375,0.375,0.0,True,True,unresolved,gold4
0,5,5,test,placebo,skillnet:alfworld-object-placer,all_alfworld,all,23,23,23,4,92,-0.14130434782608695,-0.010869565217391304,0.13043478260869565,-0.021739130434782608,0.29347826086956524,uncertain,paired_game_cluster_bootstrap,False,False,0.31521739130434784,0.45652173913043476,0.5,0.5108695652173914,0.18478260869565216,0.0543478260869566,0.31521739130434784,True,False,unresolved,gold4
0,5,5,test,placebo,skillnet:alfworld-object-placer,all_alfworld,initial,3,3,3,4,12,0.08333333333333333,0.0,-0.08333333333333333,-0.3333333333333333,0.0,uncertain,paired_game_cluster_bootstrap,False,True,0.08333333333333333,0.0,0.08333333333333333,0.08333333333333333,0.0,0.08333333333333333,0.3333333333333333,True,False,unresolved,gold4
0,5,5,test,placebo,skillnet:alfworld-object-placer,all_alfworld,early,4,4,4,4,16,-0.375,-0.1875,0.1875,-0.25,0.75,uncertain,paired_game_cluster_bootstrap,False,False,0.0625,0.4375,0.6875,0.875,0.625,0.4375,1.0,True,False,unresolved,gold4
0,5,5,test,placebo,skillnet:alfworld-object-placer,all_alfworld,middle,10,10,10,4,40,-0.15,0.05,0.2,-0.05,0.475,uncertain,paired_game_cluster_bootstrap,False,False,0.55,0.7,0.725,0.675,0.17499999999999993,-0.02499999999999991,0.525,True,False,unresolved,gold4
0,5,5,test,placebo,skillnet:alfworld-object-placer,all_alfworld,late,6,6,6,4,24,-0.08333333333333333,0.0,0.08333333333333333,0.0,0.25,uncertain,paired_game_cluster_bootstrap,False,False,0.20833333333333334,0.2916666666666667,0.20833333333333334,0.20833333333333334,0.0,-0.08333333333333334,0.25,True,False,unresolved,gold4
0,5,5,test,placebo,skillnet:alfworld-object-retriever,all_alfworld,all,15,15,15,4,60,-0.06666666666666667,-0.05,0.016666666666666666,-0.15,0.18333333333333332,uncertain,paired_game_cluster_bootstrap,False,False,0.3,0.36666666666666664,0.35,0.4,0.04999999999999999,0.03333333333333338,0.3333333333333333,True,False,unresolved,gold4
0,5,5,test,placebo,skillnet:alfworld-object-retriever,all_alfworld,initial,2,2,2,4,8,0.0,0.0,0.0,-0.5,0.5,uncertain,paired_game_cluster_bootstrap,False,False,0.0,0.0,0.5,0.5,0.5,0.5,1.0,True,False,unresolved,gold4
0,5,5,test,placebo,skillnet:alfworld-object-retriever,all_alfworld,early,13,13,13,4,52,-0.07692307692307693,-0.057692307692307696,0.019230769230769232,-0.15384615384615385,0.19230769230769232,uncertain,paired_game_cluster_bootstrap,False,False,0.34615384615384615,0.4230769230769231,0.3269230769230769,0.38461538461538464,-0.019230769230769218,-0.038461538461538436,0.34615384615384615,True,False,unresolved,gold4
0,5,5,test,placebo,skillnet:alfworld-object-state-inspector,all_alfworld,all,18,18,18,4,72,0.041666666666666664,0.0,-0.041666666666666664,-0.25,0.19444444444444445,uncertain,paired_game_cluster_bootstrap,False,False,0.3055555555555556,0.2638888888888889,0.3888888888888889,0.3888888888888889,0.08333333333333331,0.125,0.4444444444444444,True,False,unresolved,gold4
0,5,5,test,placebo,skillnet:alfworld-object-state-inspector,all_alfworld,initial,10,10,10,4,40,0.025,-0.125,-0.15,-0.4,0.125,uncertain,paired_game_cluster_bootstrap,False,True,0.1,0.075,0.25,0.375,0.15,0.3,0.525,True,False,unresolved,gold4
0,5,5,test,placebo,skillnet:alfworld-object-state-inspector,all_alfworld,early,7,7,7,4,28,0.07142857142857142,0.17857142857142858,0.10714285714285714,-0.2857142857142857,0.5357142857142857,uncertain,paired_game_cluster_bootstrap,False,False,0.5,0.42857142857142855,0.5357142857142857,0.35714285714285715,0.0357142857142857,-0.0714285714285714,0.8214285714285714,True,False,unresolved,gold4
0,5,5,test,placebo,skillnet:alfworld-object-state-inspector,all_alfworld,middle,1,1,1,4,4,0.0,0.0,0.0,,,uncertain,single_game_interval_undefined,False,False,1.0,1.0,0.75,0.75,-0.25,-0.25,,False,False,interval_undefined,gold4
0,5,5,test,placebo,skillnet:alfworld-object-storer,all_alfworld,all,18,18,18,4,72,-0.041666666666666664,-0.05555555555555555,-0.013888888888888888,-0.1388888888888889,0.125,uncertain,paired_game_cluster_bootstrap,False,False,0.1111111111111111,0.1527777777777778,0.2222222222222222,0.2777777777777778,0.1111111111111111,0.125,0.2638888888888889,True,False,unresolved,gold4
0,5,5,test,placebo,skillnet:alfworld-object-storer,all_alfworld,early,8,8,8,4,32,-0.09375,0.03125,0.125,0.0,0.34375,uncertain,paired_game_cluster_bootstrap,False,False,0.0,0.09375,0.34375,0.3125,0.34375,0.21875,0.34375,True,False,unresolved,gold4
0,5,5,test,placebo,skillnet:alfworld-object-storer,all_alfworld,middle,6,6,6,4,24,0.0,-0.16666666666666666,-0.16666666666666666,-0.4166666666666667,0.0,uncertain,paired_game_cluster_bootstrap,False,True,0.16666666666666666,0.16666666666666666,0.08333333333333333,0.25,-0.08333333333333333,0.08333333333333334,0.4166666666666667,True,False,unresolved,gold4
0,5,5,test,placebo,skillnet:alfworld-object-storer,all_alfworld,late,4,4,4,4,16,0.0,-0.0625,-0.0625,-0.25,0.0,uncertain,paired_game_cluster_bootstrap,False,True,0.25,0.25,0.1875,0.25,-0.0625,0.0,0.25,True,False,unresolved,gold4
0,5,5,test,placebo,skillnet:alfworld-object-transporter,all_alfworld,all,1,1,1,4,4,0.0,0.0,0.0,,,uncertain,single_game_interval_undefined,False,False,1.0,1.0,1.0,1.0,0.0,0.0,,False,False,interval_undefined,gold4
0,5,5,test,placebo,skillnet:alfworld-object-transporter,all_alfworld,late,1,1,1,4,4,0.0,0.0,0.0,,,uncertain,single_game_interval_undefined,False,False,1.0,1.0,1.0,1.0,0.0,0.0,,False,False,interval_undefined,gold4
0,5,5,test,placebo,skillnet:alfworld-receptacle-closer,all_alfworld,all,5,5,5,4,20,0.05,0.0,-0.05,-0.2,0.0,uncertain,paired_game_cluster_bootstrap,False,False,0.15,0.1,0.0,0.0,-0.15,-0.1,0.2,True,False,unresolved,gold4
0,5,5,test,placebo,skillnet:alfworld-receptacle-closer,all_alfworld,middle,4,4,4,4,16,0.0625,0.0,-0.0625,-0.25,0.0,uncertain,paired_game_cluster_bootstrap,False,True,0.1875,0.125,0.0,0.0,-0.1875,-0.125,0.25,True,False,unresolved,gold4
0,5,5,test,placebo,skillnet:alfworld-receptacle-closer,all_alfworld,late,1,1,1,4,4,0.0,0.0,0.0,,,uncertain,single_game_interval_undefined,False,False,0.0,0.0,0.0,0.0,0.0,0.0,,False,False,interval_undefined,gold4
0,5,5,test,placebo,skillnet:alfworld-receptacle-finder,all_alfworld,all,10,10,10,4,40,-0.125,-0.075,0.05,-0.15,0.275,uncertain,paired_game_cluster_bootstrap,False,False,0.075,0.2,0.1,0.175,0.02500000000000001,-0.025000000000000022,0.42500000000000004,True,False,unresolved,gold4
0,5,5,test,placebo,skillnet:alfworld-receptacle-finder,all_alfworld,initial,3,3,3,4,12,-0.3333333333333333,-0.08333333333333333,0.25,0.0,0.6666666666666666,uncertain,paired_game_cluster_bootstrap,False,False,0.0,0.3333333333333333,0.0,0.08333333333333333,0.0,-0.25,0.6666666666666666,True,False,unresolved,gold4
0,5,5,test,placebo,skillnet:alfworld-receptacle-finder,all_alfworld,early,1,1,1,4,4,-0.5,-0.25,0.25,,,uncertain,single_game_interval_undefined,False,False,0.25,0.75,0.0,0.25,-0.25,-0.5,,False,False,interval_undefined,gold4
0,5,5,test,placebo,skillnet:alfworld-receptacle-finder,all_alfworld,middle,1,1,1,4,4,0.25,0.0,-0.25,,,uncertain,single_game_interval_undefined,False,True,0.25,0.0,1.0,1.0,0.75,1.0,,False,False,interval_undefined,gold4
0,5,5,test,placebo,skillnet:alfworld-receptacle-finder,all_alfworld,late,5,5,5,4,20,0.0,-0.05,-0.05,-0.25,0.15,uncertain,paired_game_cluster_bootstrap,False,False,0.05,0.05,0.0,0.05,-0.05,0.0,0.4,True,False,unresolved,gold4
0,5,5,test,placebo,skillnet:alfworld-receptacle-navigator,all_alfworld,all,2,2,2,4,8,0.0,-0.125,-0.125,-0.625,0.25,uncertain,paired_game_cluster_bootstrap,False,True,0.0,0.0,0.25,0.375,0.25,0.375,0.875,True,False,unresolved,gold4
0,5,5,test,placebo,skillnet:alfworld-receptacle-navigator,all_alfworld,early,2,2,2,4,8,0.0,-0.125,-0.125,-0.625,0.25,uncertain,paired_game_cluster_bootstrap,False,True,0.0,0.0,0.25,0.375,0.25,0.375,0.875,True,False,unresolved,gold4
0,5,5,test,placebo,skillnet:alfworld-receptacle-opener,all_alfworld,all,8,8,8,4,32,0.0,-0.03125,-0.03125,-0.125,0.0,uncertain,paired_game_cluster_bootstrap,False,False,0.0,0.0,0.03125,0.0625,0.03125,0.0625,0.125,True,False,unresolved,gold4
0,5,5,test,placebo,skillnet:alfworld-receptacle-opener,all_alfworld,early,1,1,1,4,4,0.0,0.0,0.0,,,uncertain,single_game_interval_undefined,False,False,0.0,0.0,0.0,0.0,0.0,0.0,,False,False,interval_undefined,gold4
0,5,5,test,placebo,skillnet:alfworld-receptacle-opener,all_alfworld,middle,2,2,2,4,8,0.0,0.0,0.0,0.0,0.0,stable,paired_game_cluster_bootstrap,False,False,0.0,0.0,0.0,0.0,0.0,0.0,0.0,True,True,unresolved,gold4
0,5,5,test,placebo,skillnet:alfworld-receptacle-opener,all_alfworld,late,5,5,5,4,20,0.0,-0.05,-0.05,-0.2,0.0,uncertain,paired_game_cluster_bootstrap,False,False,0.0,0.0,0.05,0.1,0.05,0.1,0.2,True,False,unresolved,gold4
0,5,5,test,placebo,skillnet:alfworld-receptacle-operator,all_alfworld,all,7,7,7,4,28,0.03571428571428571,0.0,-0.03571428571428571,-0.25,0.14285714285714285,uncertain,paired_game_cluster_bootstrap,False,False,0.25,0.21428571428571427,0.21428571428571427,0.21428571428571427,-0.035714285714285726,0.0,0.39285714285714285,True,False,unresolved,gold4
0,5,5,test,placebo,skillnet:alfworld-receptacle-operator,all_alfworld,early,2,2,2,4,8,0.0,0.125,0.125,0.0,0.5,uncertain,paired_game_cluster_bootstrap,False,False,0.5,0.5,0.375,0.25,-0.125,-0.25,0.5,True,False,unresolved,gold4
0,5,5,test,placebo,skillnet:alfworld-receptacle-operator,all_alfworld,middle,3,3,3,4,12,0.08333333333333333,-0.08333333333333333,-0.16666666666666666,-0.5,0.0,uncertain,paired_game_cluster_bootstrap,False,True,0.25,0.16666666666666666,0.25,0.3333333333333333,0.0,0.16666666666666666,0.5,True,False,unresolved,gold4
0,5,5,test,placebo,skillnet:alfworld-receptacle-operator,all_alfworld,late,2,2,2,4,8,0.0,0.0,0.0,0.0,0.0,stable,paired_game_cluster_bootstrap,False,False,0.0,0.0,0.0,0.0,0.0,0.0,0.0,True,True,unresolved,gold4
0,5,5,test,placebo,skillnet:alfworld-receptacle-searcher,all_alfworld,all,2,2,2,4,8,0.125,0.0,-0.125,-0.5,0.0,uncertain,paired_game_cluster_bootstrap,False,True,1.0,0.875,0.25,0.25,-0.75,-0.625,0.5,True,False,unresolved,gold4
0,5,5,test,placebo,skillnet:alfworld-receptacle-searcher,all_alfworld,initial,2,2,2,4,8,0.125,0.0,-0.125,-0.5,0.0,uncertain,paired_game_cluster_bootstrap,False,True,1.0,0.875,0.25,0.25,-0.75,-0.625,0.5,True,False,unresolved,gold4
0,5,5,test,placebo,skillnet:alfworld-storage-explorer,all_alfworld,all,44,44,44,4,176,-0.07386363636363637,-0.03409090909090909,0.03977272727272727,-0.08522727272727272,0.1590909090909091,uncertain,paired_game_cluster_bootstrap,False,False,0.2159090909090909,0.2897727272727273,0.30113636363636365,0.3352272727272727,0.08522727272727273,0.045454545454545414,0.24431818181818182,True,False,unresolved,gold4
0,5,5,test,placebo,skillnet:alfworld-storage-explorer,all_alfworld,initial,23,23,23,4,92,-0.09782608695652174,-0.03260869565217391,0.06521739130434782,-0.11956521739130435,0.2608695652173913,uncertain,paired_game_cluster_bootstrap,False,False,0.18478260869565216,0.2826086956521739,0.3804347826086957,0.41304347826086957,0.19565217391304351,0.13043478260869568,0.3804347826086957,True,False,unresolved,gold4
0,5,5,test,placebo,skillnet:alfworld-storage-explorer,all_alfworld,early,18,18,18,4,72,-0.05555555555555555,-0.041666666666666664,0.013888888888888888,-0.16666666666666666,0.19444444444444445,uncertain,paired_game_cluster_bootstrap,False,False,0.2916666666666667,0.3472222222222222,0.25,0.2916666666666667,-0.041666666666666685,-0.055555555555555525,0.3611111111111111,True,False,unresolved,gold4
0,5,5,test,placebo,skillnet:alfworld-storage-explorer,all_alfworld,middle,1,1,1,4,4,0.0,0.0,0.0,,,uncertain,single_game_interval_undefined,False,False,0.0,0.0,0.0,0.0,0.0,0.0,,False,False,interval_undefined,gold4
0,5,5,test,placebo,skillnet:alfworld-storage-explorer,all_alfworld,late,2,2,2,4,8,0.0,0.0,0.0,0.0,0.0,stable,paired_game_cluster_bootstrap,False,False,0.0,0.0,0.0,0.0,0.0,0.0,0.0,True,True,unresolved,gold4
0,5,5,test,placebo,skillnet:alfworld-temperature-regulator,all_alfworld,all,6,6,6,4,24,0.08333333333333333,0.08333333333333333,0.0,-0.16666666666666666,0.20833333333333334,uncertain,paired_game_cluster_bootstrap,False,False,0.08333333333333333,0.0,0.08333333333333333,0.0,0.0,0.0,0.375,True,False,unresolved,gold4
0,5,5,test,placebo,skillnet:alfworld-temperature-regulator,all_alfworld,middle,2,2,2,4,8,0.125,0.0,-0.125,-0.5,0.0,uncertain,paired_game_cluster_bootstrap,False,True,0.125,0.0,0.0,0.0,-0.125,0.0,0.5,True,False,unresolved,gold4
0,5,5,test,placebo,skillnet:alfworld-temperature-regulator,all_alfworld,late,4,4,4,4,16,0.0625,0.125,0.0625,-0.125,0.3125,uncertain,paired_game_cluster_bootstrap,False,False,0.0625,0.0,0.125,0.0,0.0625,0.0,0.4375,True,False,unresolved,gold4
0,5,5,test,placebo,skillnet:alfworld-tool-locator,all_alfworld,all,4,4,4,4,16,-0.0625,-0.0625,0.0,0.0,0.0,stable,paired_game_cluster_bootstrap,False,False,0.4375,0.5,0.1875,0.25,-0.25,-0.25,0.0,True,True,unresolved,gold4
0,5,5,test,placebo,skillnet:alfworld-tool-locator,all_alfworld,early,4,4,4,4,16,-0.0625,-0.0625,0.0,0.0,0.0,stable,paired_game_cluster_bootstrap,False,False,0.4375,0.5,0.1875,0.25,-0.25,-0.25,0.0,True,True,unresolved,gold4
0,5,5,test,null,skillnet:alfworld-appliance-navigator,all_alfworld,all,62,62,62,4,248,0.0,0.012096774193548387,0.012096774193548387,-0.06048387096774194,0.08870967741935484,uncertain,paired_game_cluster_bootstrap,False,False,0.2661290322580645,0.2661290322580645,0.18951612903225806,0.1774193548387097,-0.07661290322580644,-0.08870967741935482,0.14919354838709678,True,False,unresolved,gold4
0,5,5,test,null,skillnet:alfworld-appliance-navigator,all_alfworld,initial,42,42,42,4,168,0.011904761904761904,0.02976190476190476,0.017857142857142856,-0.08928571428571429,0.125,uncertain,paired_game_cluster_bootstrap,False,False,0.3273809523809524,0.31547619047619047,0.21428571428571427,0.18452380952380953,-0.11309523809523811,-0.13095238095238093,0.2142857142857143,True,False,unresolved,gold4
0,5,5,test,null,skillnet:alfworld-appliance-navigator,all_alfworld,early,8,8,8,4,32,0.0,-0.03125,-0.03125,-0.125,0.0,uncertain,paired_game_cluster_bootstrap,False,False,0.21875,0.21875,0.21875,0.25,0.0,0.03125,0.125,True,False,unresolved,gold4
0,5,5,test,null,skillnet:alfworld-appliance-navigator,all_alfworld,middle,6,6,6,4,24,0.0,0.0,0.0,0.0,0.0,stable,paired_game_cluster_bootstrap,False,False,0.16666666666666666,0.16666666666666666,0.16666666666666666,0.16666666666666666,0.0,0.0,0.0,True,True,unresolved,gold4
0,5,5,test,null,skillnet:alfworld-appliance-navigator,all_alfworld,late,6,6,6,4,24,-0.08333333333333333,-0.041666666666666664,0.041666666666666664,-0.16666666666666666,0.25,uncertain,paired_game_cluster_bootstrap,False,False,0.0,0.08333333333333333,0.0,0.041666666666666664,0.0,-0.041666666666666664,0.41666666666666663,True,False,unresolved,gold4
0,5,5,test,null,skillnet:alfworld-appliance-preparer,all_alfworld,all,8,8,8,4,32,0.0,0.0,0.0,0.0,0.0,stable,paired_game_cluster_bootstrap,False,False,0.0,0.0,0.0,0.0,0.0,0.0,0.0,True,True,unresolved,gold4
0,5,5,test,null,skillnet:alfworld-appliance-preparer,all_alfworld,middle,4,4,4,4,16,0.0,0.0,0.0,0.0,0.0,stable,paired_game_cluster_bootstrap,False,False,0.0,0.0,0.0,0.0,0.0,0.0,0.0,True,True,unresolved,gold4
0,5,5,test,null,skillnet:alfworld-appliance-preparer,all_alfworld,late,4,4,4,4,16,0.0,0.0,0.0,0.0,0.0,stable,paired_game_cluster_bootstrap,False,False,0.0,0.0,0.0,0.0,0.0,0.0,0.0,True,True,unresolved,gold4
0,5,5,test,null,skillnet:alfworld-clean-object,all_alfworld,all,37,37,37,4,148,-0.07432432432432433,-0.16216216216216217,-0.08783783783783784,-0.25,0.07432432432432433,uncertain,paired_game_cluster_bootstrap,False,True,0.30405405405405406,0.3783783783783784,0.08783783783783784,0.25,-0.21621621621621623,-0.1283783783783784,0.32432432432432434,True,False,unresolved,gold4
0,5,5,test,null,skillnet:alfworld-clean-object,all_alfworld,initial,25,25,25,4,100,-0.18,-0.28,-0.1,-0.3,0.11,uncertain,paired_game_cluster_bootstrap,False,True,0.23,0.41,0.0,0.28,-0.23,-0.12999999999999995,0.41,True,False,unresolved,gold4
0,5,5,test,null,skillnet:alfworld-clean-object,all_alfworld,early,9,9,9,4,36,0.08333333333333333,0.0,-0.08333333333333333,-0.4444444444444444,0.25,uncertain,paired_game_cluster_bootstrap,False,True,0.5,0.4166666666666667,0.25,0.25,-0.25,-0.16666666666666669,0.6944444444444444,True,False,unresolved,gold4
0,5,5,test,null,skillnet:alfworld-clean-object,all_alfworld,middle,1,1,1,4,4,0.0,0.0,0.0,,,uncertain,single_game_interval_undefined,False,False,0.0,0.0,0.0,0.0,0.0,0.0,,False,False,interval_undefined,gold4
0,5,5,test,null,skillnet:alfworld-clean-object,all_alfworld,late,2,2,2,4,8,0.5,0.5,0.0,0.0,0.0,stable,paired_game_cluster_bootstrap,False,False,0.5,0.0,0.5,0.0,0.0,0.0,0.0,True,True,unresolved,gold4
0,5,5,test,null,skillnet:alfworld-device-operator,all_alfworld,all,59,59,59,4,236,-0.01694915254237288,0.038135593220338986,0.05508474576271186,-0.0423728813559322,0.15254237288135594,uncertain,paired_game_cluster_bootstrap,False,False,0.2838983050847458,0.3008474576271186,0.2457627118644068,0.2076271186440678,-0.03813559322033899,-0.09322033898305082,0.19491525423728814,True,False,unresolved,gold4
0,5,5,test,null,skillnet:alfworld-device-operator,all_alfworld,initial,22,22,22,4,88,-0.022727272727272728,0.07954545454545454,0.10227272727272728,-0.07954545454545454,0.2727272727272727,uncertain,paired_game_cluster_bootstrap,False,False,0.3522727272727273,0.375,0.32954545454545453,0.25,-0.022727272727272763,-0.125,0.35227272727272724,True,False,unresolved,gold4
0,5,5,test,null,skillnet:alfworld-device-operator,all_alfworld,early,27,27,27,4,108,0.037037037037037035,0.027777777777777776,-0.009259259259259259,-0.1298611111111109,0.1111111111111111,uncertain,paired_game_cluster_bootstrap,False,False,0.28703703703703703,0.25,0.2222222222222222,0.19444444444444445,-0.06481481481481483,-0.05555555555555555,0.240972222222222,True,False,unresolved,gold4
0,5,5,test,null,skillnet:alfworld-device-operator,all_alfworld,middle,7,7,7,4,28,-0.21428571428571427,-0.03571428571428571,0.17857142857142858,-0.10714285714285714,0.5,uncertain,paired_game_cluster_bootstrap,False,False,0.17857142857142858,0.39285714285714285,0.17857142857142858,0.21428571428571427,0.0,-0.17857142857142858,0.6071428571428571,True,False,unresolved,gold4
0,5,5,test,null,skillnet:alfworld-device-operator,all_alfworld,late,3,3,3,4,12,0.0,0.0,0.0,0.0,0.0,stable,paired_game_cluster_bootstrap,False,False,0.0,0.0,0.0,0.0,0.0,0.0,0.0,True,True,unresolved,gold4
0,5,5,test,null,skillnet:alfworld-heat-object-with-appliance,all_alfworld,all,32,32,32,4,128,0.1328125,0.125,-0.0078125,-0.1015625,0.0859375,uncertain,paired_game_cluster_bootstrap,False,False,0.2265625,0.09375,0.21875,0.09375,-0.0078125,0.0,0.1875,True,False,unresolved,gold4
0,5,5,test,null,skillnet:alfworld-heat-object-with-appliance,all_alfworld,early,13,13,13,4,52,0.11538461538461539,0.07692307692307693,-0.038461538461538464,-0.17307692307692307,0.07692307692307693,uncertain,paired_game_cluster_bootstrap,False,False,0.25,0.1346153846153846,0.23076923076923078,0.15384615384615385,-0.019230769230769218,0.019230769230769246,0.25,True,False,unresolved,gold4
0,5,5,test,null,skillnet:alfworld-heat-object-with-appliance,all_alfworld,middle,12,12,12,4,48,0.20833333333333334,0.20833333333333334,0.0,-0.1875,0.1875,uncertain,paired_game_cluster_bootstrap,False,False,0.2916666666666667,0.08333333333333333,0.25,0.041666666666666664,-0.041666666666666685,-0.041666666666666664,0.375,True,False,unresolved,gold4
0,5,5,test,null,skillnet:alfworld-heat-object-with-appliance,all_alfworld,late,7,7,7,4,28,0.03571428571428571,0.07142857142857142,0.03571428571428571,0.0,0.14285714285714285,uncertain,paired_game_cluster_bootstrap,False,False,0.07142857142857142,0.03571428571428571,0.14285714285714285,0.07142857142857142,0.07142857142857142,0.03571428571428571,0.14285714285714285,True,False,unresolved,gold4
0,5,5,test,null,skillnet:alfworld-inventory-management,all_alfworld,all,2,2,2,4,8,0.0,0.0,0.0,0.0,0.0,stable,paired_game_cluster_bootstrap,False,False,0.625,0.625,0.75,0.75,0.125,0.125,0.0,True,True,unresolved,gold4
0,5,5,test,null,skillnet:alfworld-inventory-management,all_alfworld,early,2,2,2,4,8,0.0,0.0,0.0,0.0,0.0,stable,paired_game_cluster_bootstrap,False,False,0.625,0.625,0.75,0.75,0.125,0.125,0.0,True,True,unresolved,gold4
0,5,5,test,null,skillnet:alfworld-locate-target-object,all_alfworld,all,2,2,2,4,8,0.0,-0.125,-0.125,-0.5,0.0,uncertain,paired_game_cluster_bootstrap,False,True,0.5,0.5,0.5,0.625,0.0,0.125,0.5,True,False,unresolved,gold4
0,5,5,test,null,skillnet:alfworld-locate-target-object,all_alfworld,initial,2,2,2,4,8,0.0,-0.125,-0.125,-0.5,0.0,uncertain,paired_game_cluster_bootstrap,False,True,0.5,0.5,0.5,0.625,0.0,0.125,0.5,True,False,unresolved,gold4
0,5,5,test,null,skillnet:alfworld-object-cooler,all_alfworld,all,21,21,21,4,84,0.011904761904761904,0.07142857142857142,0.05952380952380952,-0.11904761904761904,0.2619047619047619,uncertain,paired_game_cluster_bootstrap,False,False,0.3333333333333333,0.32142857142857145,0.23809523809523808,0.16666666666666666,-0.09523809523809523,-0.1547619047619048,0.38095238095238093,True,False,unresolved,gold4
0,5,5,test,null,skillnet:alfworld-object-cooler,all_alfworld,early,9,9,9,4,36,0.027777777777777776,0.1388888888888889,0.1111111111111111,-0.2222222222222222,0.4722222222222222,uncertain,paired_game_cluster_bootstrap,False,False,0.4722222222222222,0.4444444444444444,0.25,0.1111111111111111,-0.2222222222222222,-0.3333333333333333,0.6944444444444444,True,False,unresolved,gold4
0,5,5,test,null,skillnet:alfworld-object-cooler,all_alfworld,middle,6,6,6,4,24,-0.125,-0.08333333333333333,0.041666666666666664,-0.2916666666666667,0.4583333333333333,uncertain,paired_game_cluster_bootstrap,False,False,0.3333333333333333,0.4583333333333333,0.3333333333333333,0.4166666666666667,0.0,-0.04166666666666663,0.75,True,False,unresolved,gold4
0,5,5,test,null,skillnet:alfworld-object-cooler,all_alfworld,late,6,6,6,4,24,0.125,0.125,0.0,0.0,0.0,stable,paired_game_cluster_bootstrap,False,False,0.125,0.0,0.125,0.0,0.0,0.0,0.0,True,True,unresolved,gold4
0,5,5,test,null,skillnet:alfworld-object-disposer,all_alfworld,all,2,2,2,4,8,0.0,0.0,0.0,0.0,0.0,stable,paired_game_cluster_bootstrap,False,False,0.625,0.625,0.5,0.5,-0.125,-0.125,0.0,True,True,unresolved,gold4
0,5,5,test,null,skillnet:alfworld-object-disposer,all_alfworld,early,2,2,2,4,8,0.0,0.0,0.0,0.0,0.0,stable,paired_game_cluster_bootstrap,False,False,0.625,0.625,0.5,0.5,-0.125,-0.125,0.0,True,True,unresolved,gold4
0,5,5,test,null,skillnet:alfworld-object-heater,all_alfworld,all,9,9,9,4,36,0.0,-0.027777777777777776,-0.027777777777777776,-0.1388888888888889,0.08333333333333333,uncertain,paired_game_cluster_bootstrap,False,False,0.25,0.25,0.16666666666666666,0.19444444444444445,-0.08333333333333334,-0.05555555555555555,0.2222222222222222,True,False,unresolved,gold4
0,5,5,test,null,skillnet:alfworld-object-heater,all_alfworld,early,1,1,1,4,4,0.0,0.0,0.0,,,uncertain,single_game_interval_undefined,False,False,0.0,0.0,0.25,0.25,0.25,0.25,,False,False,interval_undefined,gold4
0,5,5,test,null,skillnet:alfworld-object-heater,all_alfworld,middle,4,4,4,4,16,0.0,-0.0625,-0.0625,-0.3125,0.1875,uncertain,paired_game_cluster_bootstrap,False,True,0.5625,0.5625,0.3125,0.375,-0.25,-0.1875,0.5,True,False,unresolved,gold4
0,5,5,test,null,skillnet:alfworld-object-heater,all_alfworld,late,4,4,4,4,16,0.0,0.0,0.0,0.0,0.0,stable,paired_game_cluster_bootstrap,False,False,0.0,0.0,0.0,0.0,0.0,0.0,0.0,True,True,unresolved,gold4
0,5,5,test,null,skillnet:alfworld-object-picker,all_alfworld,all,7,7,7,4,28,-0.03571428571428571,0.0,0.03571428571428571,-0.07142857142857142,0.17857142857142858,uncertain,paired_game_cluster_bootstrap,False,False,0.10714285714285714,0.14285714285714285,0.2857142857142857,0.2857142857142857,0.17857142857142855,0.14285714285714285,0.25,True,False,unresolved,gold4
0,5,5,test,null,skillnet:alfworld-object-picker,all_alfworld,early,4,4,4,4,16,0.0,0.0,0.0,-0.1875,0.1875,uncertain,paired_game_cluster_bootstrap,False,False,0.0625,0.0625,0.0,0.0,-0.0625,-0.0625,0.375,True,False,unresolved,gold4
0,5,5,test,null,skillnet:alfworld-object-picker,all_alfworld,middle,1,1,1,4,4,-0.25,0.0,0.25,,,uncertain,single_game_interval_undefined,False,False,0.25,0.5,1.0,1.0,0.75,0.5,,False,False,interval_undefined,gold4
0,5,5,test,null,skillnet:alfworld-object-picker,all_alfworld,late,2,2,2,4,8,0.0,0.0,0.0,0.0,0.0,stable,paired_game_cluster_bootstrap,False,False,0.125,0.125,0.5,0.5,0.375,0.375,0.0,True,True,unresolved,gold4
0,5,5,test,null,skillnet:alfworld-object-placer,all_alfworld,all,23,23,23,4,92,-0.10869565217391304,-0.021739130434782608,0.08695652173913043,-0.05434782608695652,0.2391304347826087,uncertain,paired_game_cluster_bootstrap,False,False,0.31521739130434784,0.42391304347826086,0.5,0.5217391304347826,0.18478260869565216,0.09782608695652173,0.29347826086956524,True,False,unresolved,gold4
0,5,5,test,null,skillnet:alfworld-object-placer,all_alfworld,initial,3,3,3,4,12,-0.08333333333333333,0.0,0.08333333333333333,-0.3333333333333333,0.5,uncertain,paired_game_cluster_bootstrap,False,False,0.08333333333333333,0.16666666666666666,0.08333333333333333,0.08333333333333333,0.0,-0.08333333333333333,0.8333333333333333,True,False,unresolved,gold4
0,5,5,test,null,skillnet:alfworld-object-placer,all_alfworld,early,4,4,4,4,16,-0.25,-0.1875,0.0625,-0.4375,0.6890624999999773,uncertain,paired_game_cluster_bootstrap,False,False,0.0625,0.3125,0.6875,0.875,0.625,0.5625,1.1265624999999773,True,False,unresolved,gold4
0,5,5,test,null,skillnet:alfworld-object-placer,all_alfworld,middle,10,10,10,4,40,-0.05,0.025,0.075,-0.1,0.275,uncertain,paired_game_cluster_bootstrap,False,False,0.55,0.6,0.725,0.7,0.17499999999999993,0.09999999999999998,0.375,True,False,unresolved,gold4
0,5,5,test,null,skillnet:alfworld-object-placer,all_alfworld,late,6,6,6,4,24,-0.125,0.0,0.125,0.0,0.3333333333333333,uncertain,paired_game_cluster_bootstrap,False,False,0.20833333333333334,0.3333333333333333,0.20833333333333334,0.20833333333333334,0.0,-0.12499999999999997,0.3333333333333333,True,False,unresolved,gold4
0,5,5,test,null,skillnet:alfworld-object-retriever,all_alfworld,all,15,15,15,4,60,-0.08333333333333333,-0.03333333333333333,0.05,-0.13333333333333333,0.23333333333333334,uncertain,paired_game_cluster_bootstrap,False,False,0.3,0.38333333333333336,0.35,0.38333333333333336,0.04999999999999999,0.0,0.3666666666666667,True,False,unresolved,gold4
0,5,5,test,null,skillnet:alfworld-object-retriever,all_alfworld,initial,2,2,2,4,8,0.0,0.125,0.125,0.0,0.5,uncertain,paired_game_cluster_bootstrap,False,False,0.0,0.0,0.5,0.375,0.5,0.375,0.5,True,False,unresolved,gold4
0,5,5,test,null,skillnet:alfworld-object-retriever,all_alfworld,early,13,13,13,4,52,-0.09615384615384616,-0.057692307692307696,0.038461538461538464,-0.17307692307692307,0.25,uncertain,paired_game_cluster_bootstrap,False,False,0.34615384615384615,0.4423076923076923,0.3269230769230769,0.38461538461538464,-0.019230769230769218,-0.057692307692307654,0.4230769230769231,True,False,unresolved,gold4
0,5,5,test,null,skillnet:alfworld-object-state-inspector,all_alfworld,all,18,18,18,4,72,0.0,0.041666666666666664,0.041666666666666664,-0.16666666666666666,0.2638888888888889,uncertain,paired_game_cluster_bootstrap,False,False,0.3055555555555556,0.3055555555555556,0.3888888888888889,0.3472222222222222,0.08333333333333331,0.04166666666666663,0.4305555555555556,True,False,unresolved,gold4
0,5,5,test,null,skillnet:alfworld-object-state-inspector,all_alfworld,initial,10,10,10,4,40,0.025,-0.1,-0.125,-0.35,0.1,uncertain,paired_game_cluster_bootstrap,False,True,0.1,0.075,0.25,0.35,0.15,0.27499999999999997,0.44999999999999996,True,False,unresolved,gold4
0,5,5,test,null,skillnet:alfworld-object-state-inspector,all_alfworld,early,7,7,7,4,28,-0.03571428571428571,0.25,0.2857142857142857,-0.07142857142857142,0.7142857142857143,uncertain,paired_game_cluster_bootstrap,False,False,0.5,0.5357142857142857,0.5357142857142857,0.2857142857142857,0.0357142857142857,-0.25,0.7857142857142857,True,False,unresolved,gold4
0,5,5,test,null,skillnet:alfworld-object-state-inspector,all_alfworld,middle,1,1,1,4,4,0.0,0.0,0.0,,,uncertain,single_game_interval_undefined,False,False,1.0,1.0,0.75,0.75,-0.25,-0.25,,False,False,interval_undefined,gold4
0,5,5,test,null,skillnet:alfworld-object-storer,all_alfworld,all,18,18,18,4,72,-0.08333333333333333,-0.125,-0.041666666666666664,-0.1527777777777778,0.05555555555555555,uncertain,paired_game_cluster_bootstrap,False,False,0.1111111111111111,0.19444444444444445,0.2222222222222222,0.3472222222222222,0.1111111111111111,0.15277777777777776,0.20833333333333334,True,False,unresolved,gold4
0,5,5,test,null,skillnet:alfworld-object-storer,all_alfworld,early,8,8,8,4,32,-0.1875,-0.125,0.0625,0.0,0.1875,uncertain,paired_game_cluster_bootstrap,False,False,0.0,0.1875,0.34375,0.46875,0.34375,0.28125,0.1875,True,False,unresolved,gold4
0,5,5,test,null,skillnet:alfworld-object-storer,all_alfworld,middle,6,6,6,4,24,0.0,-0.16666666666666666,-0.16666666666666666,-0.4166666666666667,0.0,uncertain,paired_game_cluster_bootstrap,False,True,0.16666666666666666,0.16666666666666666,0.08333333333333333,0.25,-0.08333333333333333,0.08333333333333334,0.4166666666666667,True,False,unresolved,gold4
0,5,5,test,null,skillnet:alfworld-object-storer,all_alfworld,late,4,4,4,4,16,0.0,-0.0625,-0.0625,-0.25,0.0,uncertain,paired_game_cluster_bootstrap,False,True,0.25,0.25,0.1875,0.25,-0.0625,0.0,0.25,True,False,unresolved,gold4
0,5,5,test,null,skillnet:alfworld-object-transporter,all_alfworld,all,1,1,1,4,4,0.0,0.0,0.0,,,uncertain,single_game_interval_undefined,False,False,1.0,1.0,1.0,1.0,0.0,0.0,,False,False,interval_undefined,gold4
0,5,5,test,null,skillnet:alfworld-object-transporter,all_alfworld,late,1,1,1,4,4,0.0,0.0,0.0,,,uncertain,single_game_interval_undefined,False,False,1.0,1.0,1.0,1.0,0.0,0.0,,False,False,interval_undefined,gold4
0,5,5,test,null,skillnet:alfworld-receptacle-closer,all_alfworld,all,5,5,5,4,20,0.05,-0.05,-0.1,-0.3,0.0,uncertain,paired_game_cluster_bootstrap,False,True,0.15,0.1,0.0,0.05,-0.15,-0.05,0.3,True,False,unresolved,gold4
0,5,5,test,null,skillnet:alfworld-receptacle-closer,all_alfworld,middle,4,4,4,4,16,0.0625,0.0,-0.0625,-0.25,0.0,uncertain,paired_game_cluster_bootstrap,False,True,0.1875,0.125,0.0,0.0,-0.1875,-0.125,0.25,True,False,unresolved,gold4
0,5,5,test,null,skillnet:alfworld-receptacle-closer,all_alfworld,late,1,1,1,4,4,0.0,-0.25,-0.25,,,uncertain,single_game_interval_undefined,False,True,0.0,0.0,0.0,0.25,0.0,0.25,,False,False,interval_undefined,gold4
0,5,5,test,null,skillnet:alfworld-receptacle-finder,all_alfworld,all,10,10,10,4,40,-0.05,-0.125,-0.075,-0.225,0.075,uncertain,paired_game_cluster_bootstrap,False,True,0.075,0.125,0.1,0.225,0.02500000000000001,0.1,0.3,True,False,unresolved,gold4
0,5,5,test,null,skillnet:alfworld-receptacle-finder,all_alfworld,initial,3,3,3,4,12,-0.16666666666666666,-0.16666666666666666,0.0,-0.25,0.25,uncertain,paired_game_cluster_bootstrap,False,False,0.0,0.16666666666666666,0.0,0.16666666666666666,0.0,0.0,0.5,True,False,unresolved,gold4
0,5,5,test,null,skillnet:alfworld-receptacle-finder,all_alfworld,early,1,1,1,4,4,-0.5,-0.5,0.0,,,uncertain,single_game_interval_undefined,False,False,0.25,0.75,0.0,0.5,-0.25,-0.25,,False,False,interval_undefined,gold4
0,5,5,test,null,skillnet:alfworld-receptacle-finder,all_alfworld,middle,1,1,1,4,4,0.25,0.0,-0.25,,,uncertain,single_game_interval_undefined,False,True,0.25,0.0,1.0,1.0,0.75,1.0,,False,False,interval_undefined,gold4
0,5,5,test,null,skillnet:alfworld-receptacle-finder,all_alfworld,late,5,5,5,4,20,0.05,-0.05,-0.1,-0.3,0.0,uncertain,paired_game_cluster_bootstrap,False,True,0.05,0.0,0.0,0.05,-0.05,0.05,0.3,True,False,unresolved,gold4
0,5,5,test,null,skillnet:alfworld-receptacle-navigator,all_alfworld,all,2,2,2,4,8,0.0,-0.25,-0.25,-0.75,0.0,uncertain,paired_game_cluster_bootstrap,False,True,0.0,0.0,0.25,0.5,0.25,0.5,0.75,True,False,unresolved,gold4
0,5,5,test,null,skillnet:alfworld-receptacle-navigator,all_alfworld,early,2,2,2,4,8,0.0,-0.25,-0.25,-0.75,0.0,uncertain,paired_game_cluster_bootstrap,False,True,0.0,0.0,0.25,0.5,0.25,0.5,0.75,True,False,unresolved,gold4
0,5,5,test,null,skillnet:alfworld-receptacle-opener,all_alfworld,all,8,8,8,4,32,0.0,0.0,0.0,0.0,0.0,stable,paired_game_cluster_bootstrap,False,False,0.0,0.0,0.03125,0.03125,0.03125,0.03125,0.0,True,True,unresolved,gold4
0,5,5,test,null,skillnet:alfworld-receptacle-opener,all_alfworld,early,1,1,1,4,4,0.0,0.0,0.0,,,uncertain,single_game_interval_undefined,False,False,0.0,0.0,0.0,0.0,0.0,0.0,,False,False,interval_undefined,gold4
0,5,5,test,null,skillnet:alfworld-receptacle-opener,all_alfworld,middle,2,2,2,4,8,0.0,0.0,0.0,0.0,0.0,stable,paired_game_cluster_bootstrap,False,False,0.0,0.0,0.0,0.0,0.0,0.0,0.0,True,True,unresolved,gold4
0,5,5,test,null,skillnet:alfworld-receptacle-opener,all_alfworld,late,5,5,5,4,20,0.0,0.0,0.0,0.0,0.0,stable,paired_game_cluster_bootstrap,False,False,0.0,0.0,0.05,0.05,0.05,0.05,0.0,True,True,unresolved,gold4
0,5,5,test,null,skillnet:alfworld-receptacle-operator,all_alfworld,all,7,7,7,4,28,0.03571428571428571,-0.07142857142857142,-0.10714285714285714,-0.2857142857142857,0.0,uncertain,paired_game_cluster_bootstrap,False,True,0.25,0.21428571428571427,0.21428571428571427,0.2857142857142857,-0.035714285714285726,0.07142857142857142,0.2857142857142857,True,False,unresolved,gold4
0,5,5,test,null,skillnet:alfworld-receptacle-operator,all_alfworld,early,2,2,2,4,8,0.0,-0.125,-0.125,-0.5,0.0,uncertain,paired_game_cluster_bootstrap,False,True,0.5,0.5,0.375,0.5,-0.125,0.0,0.5,True,False,unresolved,gold4
0,5,5,test,null,skillnet:alfworld-receptacle-operator,all_alfworld,middle,3,3,3,4,12,0.08333333333333333,-0.08333333333333333,-0.16666666666666666,-0.5,0.0,uncertain,paired_game_cluster_bootstrap,False,True,0.25,0.16666666666666666,0.25,0.3333333333333333,0.0,0.16666666666666666,0.5,True,False,unresolved,gold4
0,5,5,test,null,skillnet:alfworld-receptacle-operator,all_alfworld,late,2,2,2,4,8,0.0,0.0,0.0,0.0,0.0,stable,paired_game_cluster_bootstrap,False,False,0.0,0.0,0.0,0.0,0.0,0.0,0.0,True,True,unresolved,gold4
0,5,5,test,null,skillnet:alfworld-receptacle-searcher,all_alfworld,all,2,2,2,4,8,0.125,0.0,-0.125,-0.5,0.0,uncertain,paired_game_cluster_bootstrap,False,True,1.0,0.875,0.25,0.25,-0.75,-0.625,0.5,True,False,unresolved,gold4
0,5,5,test,null,skillnet:alfworld-receptacle-searcher,all_alfworld,initial,2,2,2,4,8,0.125,0.0,-0.125,-0.5,0.0,uncertain,paired_game_cluster_bootstrap,False,True,1.0,0.875,0.25,0.25,-0.75,-0.625,0.5,True,False,unresolved,gold4
0,5,5,test,null,skillnet:alfworld-storage-explorer,all_alfworld,all,44,44,44,4,176,-0.0625,-0.017045454545454544,0.045454545454545456,-0.07954545454545454,0.17045454545454544,uncertain,paired_game_cluster_bootstrap,False,False,0.2159090909090909,0.2784090909090909,0.30113636363636365,0.3181818181818182,0.08522727272727273,0.03977272727272729,0.25,True,False,unresolved,gold4
0,5,5,test,null,skillnet:alfworld-storage-explorer,all_alfworld,initial,23,23,23,4,92,-0.06521739130434782,0.0,0.06521739130434782,-0.11956521739130435,0.25,uncertain,paired_game_cluster_bootstrap,False,False,0.18478260869565216,0.25,0.3804347826086957,0.3804347826086957,0.19565217391304351,0.13043478260869568,0.3695652173913043,True,False,unresolved,gold4
0,5,5,test,null,skillnet:alfworld-storage-explorer,all_alfworld,early,18,18,18,4,72,-0.06944444444444445,-0.041666666666666664,0.027777777777777776,-0.16666666666666666,0.20833333333333334,uncertain,paired_game_cluster_bootstrap,False,False,0.2916666666666667,0.3611111111111111,0.25,0.2916666666666667,-0.041666666666666685,-0.06944444444444442,0.375,True,False,unresolved,gold4
0,5,5,test,null,skillnet:alfworld-storage-explorer,all_alfworld,middle,1,1,1,4,4,0.0,0.0,0.0,,,uncertain,single_game_interval_undefined,False,False,0.0,0.0,0.0,0.0,0.0,0.0,,False,False,interval_undefined,gold4
0,5,5,test,null,skillnet:alfworld-storage-explorer,all_alfworld,late,2,2,2,4,8,0.0,0.0,0.0,0.0,0.0,stable,paired_game_cluster_bootstrap,False,False,0.0,0.0,0.0,0.0,0.0,0.0,0.0,True,True,unresolved,gold4
0,5,5,test,null,skillnet:alfworld-temperature-regulator,all_alfworld,all,6,6,6,4,24,0.08333333333333333,0.08333333333333333,0.0,-0.16666666666666666,0.20833333333333334,uncertain,paired_game_cluster_bootstrap,False,False,0.08333333333333333,0.0,0.08333333333333333,0.0,0.0,0.0,0.375,True,False,unresolved,gold4
0,5,5,test,null,skillnet:alfworld-temperature-regulator,all_alfworld,middle,2,2,2,4,8,0.125,0.0,-0.125,-0.5,0.0,uncertain,paired_game_cluster_bootstrap,False,True,0.125,0.0,0.0,0.0,-0.125,0.0,0.5,True,False,unresolved,gold4
0,5,5,test,null,skillnet:alfworld-temperature-regulator,all_alfworld,late,4,4,4,4,16,0.0625,0.125,0.0625,-0.125,0.3125,uncertain,paired_game_cluster_bootstrap,False,False,0.0625,0.0,0.125,0.0,0.0625,0.0,0.4375,True,False,unresolved,gold4
0,5,5,test,null,skillnet:alfworld-tool-locator,all_alfworld,all,4,4,4,4,16,-0.0625,-0.0625,0.0,0.0,0.0,stable,paired_game_cluster_bootstrap,False,False,0.4375,0.5,0.1875,0.25,-0.25,-0.25,0.0,True,True,unresolved,gold4
0,5,5,test,null,skillnet:alfworld-tool-locator,all_alfworld,early,4,4,4,4,16,-0.0625,-0.0625,0.0,0.0,0.0,stable,paired_game_cluster_bootstrap,False,False,0.4375,0.5,0.1875,0.25,-0.25,-0.25,0.0,True,True,unresolved,gold4
0,5,5,test,placebo,skillnet:alfworld-appliance-navigator,all_alfworld,all,62,62,62,8,496,-0.03024193548387097,0.0020161290322580645,0.03225806451612903,-0.03024193548387097,0.09879032258064516,uncertain,paired_game_cluster_bootstrap,False,False,0.25,0.28024193548387094,0.1774193548387097,0.17540322580645162,-0.07258064516129031,-0.10483870967741932,0.12903225806451613,True,False,unresolved,gold8
0,5,5,test,placebo,skillnet:alfworld-appliance-navigator,all_alfworld,initial,42,42,42,8,336,-0.047619047619047616,0.005952380952380952,0.05357142857142857,-0.03571428571428571,0.1488095238095238,uncertain,paired_game_cluster_bootstrap,False,False,0.30357142857142855,0.35119047619047616,0.20238095238095238,0.19642857142857142,-0.10119047619047616,-0.15476190476190474,0.18452380952380953,True,False,unresolved,gold8
0,5,5,test,placebo,skillnet:alfworld-appliance-navigator,all_alfworld,early,8,8,8,8,64,0.03125,-0.015625,-0.046875,-0.171875,0.03125,uncertain,paired_game_cluster_bootstrap,False,False,0.21875,0.1875,0.1875,0.203125,-0.03125,0.015625,0.203125,True,False,unresolved,gold8
0,5,5,test,placebo,skillnet:alfworld-appliance-navigator,all_alfworld,middle,6,6,6,8,48,0.0,0.0,0.0,0.0,0.0,stable,paired_game_cluster_bootstrap,False,False,0.16666666666666666,0.16666666666666666,0.16666666666666666,0.16666666666666666,0.0,0.0,0.0,True,True,unresolved,gold8
0,5,5,test,placebo,skillnet:alfworld-appliance-navigator,all_alfworld,late,6,6,6,8,48,-0.020833333333333332,0.0,0.020833333333333332,0.0,0.08333333333333333,uncertain,paired_game_cluster_bootstrap,False,False,0.0,0.020833333333333332,0.0,0.0,0.0,-0.020833333333333332,0.08333333333333333,True,False,unresolved,gold8
0,5,5,test,placebo,skillnet:alfworld-appliance-preparer,all_alfworld,all,8,8,8,8,64,0.0,0.0,0.0,0.0,0.0,stable,paired_game_cluster_bootstrap,False,False,0.0,0.0,0.0,0.0,0.0,0.0,0.0,True,True,unresolved,gold8
0,5,5,test,placebo,skillnet:alfworld-appliance-preparer,all_alfworld,middle,4,4,4,8,32,0.0,0.0,0.0,0.0,0.0,stable,paired_game_cluster_bootstrap,False,False,0.0,0.0,0.0,0.0,0.0,0.0,0.0,True,True,unresolved,gold8
0,5,5,test,placebo,skillnet:alfworld-appliance-preparer,all_alfworld,late,4,4,4,8,32,0.0,0.0,0.0,0.0,0.0,stable,paired_game_cluster_bootstrap,False,False,0.0,0.0,0.0,0.0,0.0,0.0,0.0,True,True,unresolved,gold8
0,5,5,test,placebo,skillnet:alfworld-clean-object,all_alfworld,all,37,37,37,8,296,-0.033783783783783786,-0.06418918918918919,-0.030405405405405407,-0.1554054054054054,0.08116554054053932,uncertain,paired_game_cluster_bootstrap,False,False,0.30743243243243246,0.34121621621621623,0.09797297297297297,0.16216216216216217,-0.20945945945945948,-0.17905405405405406,0.23657094594594472,True,False,unresolved,gold8
0,5,5,test,placebo,skillnet:alfworld-clean-object,all_alfworld,initial,25,25,25,8,200,-0.17,-0.175,-0.005,-0.165,0.135,uncertain,paired_game_cluster_bootstrap,False,False,0.24,0.41,0.0,0.175,-0.24,-0.235,0.30000000000000004,True,False,unresolved,gold8
0,5,5,test,placebo,skillnet:alfworld-clean-object,all_alfworld,early,9,9,9,8,72,0.2222222222222222,0.1111111111111111,-0.1111111111111111,-0.3753472222222219,0.1388888888888889,uncertain,paired_game_cluster_bootstrap,False,True,0.4861111111111111,0.2638888888888889,0.2916666666666667,0.18055555555555555,-0.19444444444444442,-0.08333333333333334,0.5142361111111108,True,False,unresolved,gold8
0,5,5,test,placebo,skillnet:alfworld-clean-object,all_alfworld,middle,1,1,1,8,8,0.0,0.0,0.0,,,uncertain,single_game_interval_undefined,False,False,0.0,0.0,0.0,0.0,0.0,0.0,,False,False,interval_undefined,gold8
0,5,5,test,placebo,skillnet:alfworld-clean-object,all_alfworld,late,2,2,2,8,16,0.5,0.5,0.0,0.0,0.0,stable,paired_game_cluster_bootstrap,False,False,0.5,0.0,0.5,0.0,0.0,0.0,0.0,True,True,unresolved,gold8
0,5,5,test,placebo,skillnet:alfworld-device-operator,all_alfworld,all,59,59,59,8,472,0.046610169491525424,0.014830508474576272,-0.03177966101694915,-0.11652542372881355,0.046610169491525424,uncertain,paired_game_cluster_bootstrap,False,False,0.2902542372881356,0.24364406779661016,0.2266949152542373,0.211864406779661,-0.0635593220338983,-0.03177966101694915,0.163135593220339,True,False,unresolved,gold8
0,5,5,test,placebo,skillnet:alfworld-device-operator,all_alfworld,initial,22,22,22,8,176,0.13068181818181818,0.0,-0.13068181818181818,-0.3125,0.022727272727272728,uncertain,paired_game_cluster_bootstrap,False,True,0.35795454545454547,0.22727272727272727,0.29545454545454547,0.29545454545454547,-0.0625,0.0681818181818182,0.3352272727272727,True,False,unresolved,gold8
0,5,5,test,placebo,skillnet:alfworld-device-operator,all_alfworld,early,27,27,27,8,216,0.027777777777777776,0.041666666666666664,0.013888888888888888,-0.08333333333333333,0.1111111111111111,uncertain,paired_game_cluster_bootstrap,False,False,0.28703703703703703,0.25925925925925924,0.20833333333333334,0.16666666666666666,-0.07870370370370369,-0.09259259259259259,0.19444444444444442,True,False,unresolved,gold8
0,5,5,test,placebo,skillnet:alfworld-device-operator,all_alfworld,middle,7,7,7,8,56,-0.125,-0.03571428571428571,0.08928571428571429,-0.08928571428571429,0.30357142857142855,uncertain,paired_game_cluster_bootstrap,False,False,0.21428571428571427,0.3392857142857143,0.17857142857142858,0.21428571428571427,-0.0357142857142857,-0.12500000000000003,0.39285714285714285,True,False,unresolved,gold8
0,5,5,test,placebo,skillnet:alfworld-device-operator,all_alfworld,late,3,3,3,8,24,0.0,0.0,0.0,0.0,0.0,stable,paired_game_cluster_bootstrap,False,False,0.0,0.0,0.0,0.0,0.0,0.0,0.0,True,True,unresolved,gold8
0,5,5,test,placebo,skillnet:alfworld-heat-object-with-appliance,all_alfworld,all,32,32,32,8,256,0.16796875,0.1171875,-0.05078125,-0.140625,0.03125,uncertain,paired_game_cluster_bootstrap,False,True,0.234375,0.06640625,0.21875,0.1015625,-0.015625,0.03515625,0.171875,True,False,unresolved,gold8
0,5,5,test,placebo,skillnet:alfworld-heat-object-with-appliance,all_alfworld,early,13,13,13,8,104,0.18269230769230768,0.038461538461538464,-0.14423076923076922,-0.3076923076923077,0.0,uncertain,paired_game_cluster_bootstrap,False,True,0.2692307692307692,0.08653846153846154,0.2403846153846154,0.20192307692307693,-0.028846153846153827,0.11538461538461539,0.3076923076923077,True,False,unresolved,gold8
0,5,5,test,placebo,skillnet:alfworld-heat-object-with-appliance,all_alfworld,middle,12,12,12,8,96,0.23958333333333334,0.20833333333333334,-0.03125,-0.13541666666666666,0.052083333333333336,uncertain,paired_game_cluster_bootstrap,False,False,0.3125,0.07291666666666667,0.23958333333333334,0.03125,-0.07291666666666666,-0.04166666666666667,0.1875,True,False,unresolved,gold8
0,5,5,test,placebo,skillnet:alfworld-heat-object-with-appliance,all_alfworld,late,7,7,7,8,56,0.017857142857142856,0.10714285714285714,0.08928571428571429,0.0,0.2857142857142857,uncertain,paired_game_cluster_bootstrap,False,False,0.03571428571428571,0.017857142857142856,0.14285714285714285,0.03571428571428571,0.10714285714285714,0.017857142857142856,0.2857142857142857,True,False,unresolved,gold8
0,5,5,test,placebo,skillnet:alfworld-inventory-management,all_alfworld,all,2,2,2,8,16,0.0,0.0,0.0,0.0,0.0,stable,paired_game_cluster_bootstrap,False,False,0.6875,0.6875,0.875,0.875,0.1875,0.1875,0.0,True,True,unresolved,gold8
0,5,5,test,placebo,skillnet:alfworld-inventory-management,all_alfworld,early,2,2,2,8,16,0.0,0.0,0.0,0.0,0.0,stable,paired_game_cluster_bootstrap,False,False,0.6875,0.6875,0.875,0.875,0.1875,0.1875,0.0,True,True,unresolved,gold8
0,5,5,test,placebo,skillnet:alfworld-locate-target-object,all_alfworld,all,2,2,2,8,16,0.0,0.0,0.0,-0.1875,0.1875,uncertain,paired_game_cluster_bootstrap,False,False,0.5,0.5,0.5625,0.5625,0.0625,0.0625,0.375,True,False,unresolved,gold8
0,5,5,test,placebo,skillnet:alfworld-locate-target-object,all_alfworld,initial,2,2,2,8,16,0.0,0.0,0.0,-0.1875,0.1875,uncertain,paired_game_cluster_bootstrap,False,False,0.5,0.5,0.5625,0.5625,0.0625,0.0625,0.375,True,False,unresolved,gold8
0,5,5,test,placebo,skillnet:alfworld-object-cooler,all_alfworld,all,21,21,21,8,168,0.047619047619047616,0.07142857142857142,0.023809523809523808,-0.10714285714285714,0.16666666666666666,uncertain,paired_game_cluster_bootstrap,False,False,0.35119047619047616,0.30357142857142855,0.22023809523809523,0.1488095238095238,-0.13095238095238093,-0.15476190476190474,0.2738095238095238,True,False,unresolved,gold8
0,5,5,test,placebo,skillnet:alfworld-object-cooler,all_alfworld,early,9,9,9,8,72,0.1111111111111111,0.08333333333333333,-0.027777777777777776,-0.2638888888888889,0.2222222222222222,uncertain,paired_game_cluster_bootstrap,False,False,0.5,0.3888888888888889,0.20833333333333334,0.125,-0.29166666666666663,-0.2638888888888889,0.4861111111111111,True,False,unresolved,gold8
0,5,5,test,placebo,skillnet:alfworld-object-cooler,all_alfworld,middle,6,6,6,8,48,-0.14583333333333334,0.0,0.14583333333333334,0.0,0.4583333333333333,uncertain,paired_game_cluster_bootstrap,False,False,0.3333333333333333,0.4791666666666667,0.3333333333333333,0.3333333333333333,0.0,-0.14583333333333337,0.4583333333333333,True,False,unresolved,gold8
0,5,5,test,placebo,skillnet:alfworld-object-cooler,all_alfworld,late,6,6,6,8,48,0.14583333333333334,0.125,-0.020833333333333332,-0.08333333333333333,0.0,uncertain,paired_game_cluster_bootstrap,False,False,0.14583333333333334,0.0,0.125,0.0,-0.020833333333333343,0.0,0.08333333333333333,True,False,unresolved,gold8
0,5,5,test,placebo,skillnet:alfworld-object-disposer,all_alfworld,all,2,2,2,8,16,-0.0625,0.0,0.0625,0.0,0.25,uncertain,paired_game_cluster_bootstrap,False,False,0.5625,0.625,0.5,0.5,-0.0625,-0.125,0.25,True,False,unresolved,gold8
0,5,5,test,placebo,skillnet:alfworld-object-disposer,all_alfworld,early,2,2,2,8,16,-0.0625,0.0,0.0625,0.0,0.25,uncertain,paired_game_cluster_bootstrap,False,False,0.5625,0.625,0.5,0.5,-0.0625,-0.125,0.25,True,False,unresolved,gold8
0,5,5,test,placebo,skillnet:alfworld-object-heater,all_alfworld,all,9,9,9,8,72,0.013888888888888888,0.013888888888888888,0.0,-0.09722222222222222,0.09722222222222222,uncertain,paired_game_cluster_bootstrap,False,False,0.2777777777777778,0.2638888888888889,0.2222222222222222,0.20833333333333334,-0.05555555555555558,-0.05555555555555555,0.19444444444444445,True,False,unresolved,gold8
0,5,5,test,placebo,skillnet:alfworld-object-heater,all_alfworld,early,1,1,1,8,8,0.0,0.0,0.0,,,uncertain,single_game_interval_undefined,False,False,0.0,0.0,0.5,0.5,0.5,0.5,,False,False,interval_undefined,gold8
0,5,5,test,placebo,skillnet:alfworld-object-heater,all_alfworld,middle,4,4,4,8,32,0.03125,0.03125,0.0,-0.1875,0.21875,uncertain,paired_game_cluster_bootstrap,False,False,0.625,0.59375,0.375,0.34375,-0.25,-0.25,0.40625,True,False,unresolved,gold8
0,5,5,test,placebo,skillnet:alfworld-object-heater,all_alfworld,late,4,4,4,8,32,0.0,0.0,0.0,0.0,0.0,stable,paired_game_cluster_bootstrap,False,False,0.0,0.0,0.0,0.0,0.0,0.0,0.0,True,True,unresolved,gold8
0,5,5,test,placebo,skillnet:alfworld-object-picker,all_alfworld,all,7,7,7,8,56,-0.08928571428571429,-0.017857142857142856,0.07142857142857142,-0.05357142857142857,0.21428571428571427,uncertain,paired_game_cluster_bootstrap,False,False,0.08928571428571429,0.17857142857142858,0.25,0.26785714285714285,0.1607142857142857,0.08928571428571427,0.26785714285714285,True,False,unresolved,gold8
0,5,5,test,placebo,skillnet:alfworld-object-picker,all_alfworld,early,4,4,4,8,32,-0.09375,0.0,0.09375,-0.0625,0.28125,uncertain,paired_game_cluster_bootstrap,False,False,0.03125,0.125,0.0,0.0,-0.03125,-0.125,0.34375,True,False,unresolved,gold8
0,5,5,test,placebo,skillnet:alfworld-object-picker,all_alfworld,middle,1,1,1,8,8,-0.25,0.0,0.25,,,uncertain,single_game_interval_undefined,False,False,0.125,0.375,1.0,1.0,0.875,0.625,,False,False,interval_undefined,gold8
0,5,5,test,placebo,skillnet:alfworld-object-picker,all_alfworld,late,2,2,2,8,16,0.0,-0.0625,-0.0625,-0.25,0.0,uncertain,paired_game_cluster_bootstrap,False,True,0.1875,0.1875,0.375,0.4375,0.1875,0.25,0.25,True,False,unresolved,gold8
0,5,5,test,placebo,skillnet:alfworld-object-placer,all_alfworld,all,23,23,23,8,184,-0.14130434782608695,-0.005434782608695652,0.1358695652173913,0.016304347826086956,0.266304347826087,uncertain,paired_game_cluster_bootstrap,False,False,0.29891304347826086,0.44021739130434784,0.5108695652173914,0.5163043478260869,0.2119565217391305,0.07608695652173908,0.25,False,False,increase_resolved,gold8
0,5,5,test,placebo,skillnet:alfworld-object-placer,all_alfworld,initial,3,3,3,8,24,0.0,0.0,0.0,-0.125,0.125,uncertain,paired_game_cluster_bootstrap,False,False,0.041666666666666664,0.041666666666666664,0.08333333333333333,0.08333333333333333,0.041666666666666664,0.041666666666666664,0.25,True,False,unresolved,gold8
0,5,5,test,placebo,skillnet:alfworld-object-placer,all_alfworld,early,4,4,4,8,32,-0.5,-0.15625,0.34375,-0.03125,0.75,uncertain,paired_game_cluster_bootstrap,False,False,0.0625,0.5625,0.6875,0.84375,0.625,0.28125,0.78125,True,False,unresolved,gold8
0,5,5,test,placebo,skillnet:alfworld-object-placer,all_alfworld,middle,10,10,10,8,80,-0.0875,0.05,0.1375,-0.05,0.3625,uncertain,paired_game_cluster_bootstrap,False,False,0.5375,0.625,0.75,0.7,0.21250000000000002,0.07499999999999996,0.4125,True,False,unresolved,gold8
0,5,5,test,placebo,skillnet:alfworld-object-placer,all_alfworld,late,6,6,6,8,48,-0.0625,0.0,0.0625,0.0,0.1875,uncertain,paired_game_cluster_bootstrap,False,False,0.1875,0.25,0.20833333333333334,0.20833333333333334,0.020833333333333343,-0.04166666666666666,0.1875,True,False,unresolved,gold8
0,5,5,test,placebo,skillnet:alfworld-object-retriever,all_alfworld,all,15,15,15,8,120,-0.09166666666666666,0.0,0.09166666666666666,-0.08333333333333333,0.3,uncertain,paired_game_cluster_bootstrap,False,False,0.2916666666666667,0.38333333333333336,0.325,0.325,0.033333333333333326,-0.05833333333333335,0.3833333333333333,True,False,unresolved,gold8
0,5,5,test,placebo,skillnet:alfworld-object-retriever,all_alfworld,initial,2,2,2,8,16,0.0,0.1875,0.1875,-0.1875,0.5,uncertain,paired_game_cluster_bootstrap,False,False,0.0,0.0,0.4375,0.25,0.4375,0.25,0.6875,True,False,unresolved,gold8
0,5,5,test,placebo,skillnet:alfworld-object-retriever,all_alfworld,early,13,13,13,8,104,-0.10576923076923077,-0.028846153846153848,0.07692307692307693,-0.11538461538461539,0.3076923076923077,uncertain,paired_game_cluster_bootstrap,False,False,0.33653846153846156,0.4423076923076923,0.3076923076923077,0.33653846153846156,-0.028846153846153855,-0.10576923076923073,0.42307692307692313,True,False,unresolved,gold8
0,5,5,test,placebo,skillnet:alfworld-object-state-inspector,all_alfworld,all,18,18,18,8,144,0.034722222222222224,-0.020833333333333332,-0.05555555555555555,-0.19444444444444445,0.09027777777777778,uncertain,paired_game_cluster_bootstrap,False,True,0.2708333333333333,0.2361111111111111,0.3125,0.3333333333333333,0.041666666666666685,0.09722222222222221,0.2847222222222222,True,False,unresolved,gold8
0,5,5,test,placebo,skillnet:alfworld-object-state-inspector,all_alfworld,initial,10,10,10,8,80,0.0,-0.1375,-0.1375,-0.3,0.0125,uncertain,paired_game_cluster_bootstrap,False,True,0.075,0.075,0.1875,0.325,0.1125,0.25,0.3125,True,False,unresolved,gold8
0,5,5,test,placebo,skillnet:alfworld-object-state-inspector,all_alfworld,early,7,7,7,8,56,0.07142857142857142,0.14285714285714285,0.07142857142857142,-0.17857142857142858,0.3392857142857143,uncertain,paired_game_cluster_bootstrap,False,False,0.44642857142857145,0.375,0.44642857142857145,0.30357142857142855,0.0,-0.07142857142857145,0.5178571428571429,True,False,unresolved,gold8
0,5,5,test,placebo,skillnet:alfworld-object-state-inspector,all_alfworld,middle,1,1,1,8,8,0.125,0.0,-0.125,,,uncertain,single_game_interval_undefined,False,True,1.0,0.875,0.625,0.625,-0.375,-0.25,,False,False,interval_undefined,gold8
0,5,5,test,placebo,skillnet:alfworld-object-storer,all_alfworld,all,18,18,18,8,144,-0.034722222222222224,-0.0625,-0.027777777777777776,-0.1111111111111111,0.04861111111111111,uncertain,paired_game_cluster_bootstrap,False,False,0.10416666666666667,0.1388888888888889,0.2222222222222222,0.2847222222222222,0.11805555555555554,0.14583333333333331,0.1597222222222222,True,False,unresolved,gold8
0,5,5,test,placebo,skillnet:alfworld-object-storer,all_alfworld,early,8,8,8,8,64,-0.09375,-0.046875,0.046875,-0.03125,0.15625,uncertain,paired_game_cluster_bootstrap,False,False,0.0,0.09375,0.3125,0.359375,0.3125,0.265625,0.1875,True,False,unresolved,gold8
0,5,5,test,placebo,skillnet:alfworld-object-storer,all_alfworld,middle,6,6,6,8,48,0.0,-0.08333333333333333,-0.08333333333333333,-0.22916666666666666,0.0,uncertain,paired_game_cluster_bootstrap,False,True,0.16666666666666666,0.16666666666666666,0.125,0.20833333333333334,-0.04166666666666666,0.041666666666666685,0.22916666666666666,True,False,unresolved,gold8
0,5,5,test,placebo,skillnet:alfworld-object-storer,all_alfworld,late,4,4,4,8,32,0.03125,-0.0625,-0.09375,-0.34375,0.0,uncertain,paired_game_cluster_bootstrap,False,True,0.21875,0.1875,0.1875,0.25,-0.03125,0.0625,0.34375,True,False,unresolved,gold8
0,5,5,test,placebo,skillnet:alfworld-object-transporter,all_alfworld,all,1,1,1,8,8,-0.125,0.0,0.125,,,uncertain,single_game_interval_undefined,False,False,0.875,1.0,1.0,1.0,0.125,0.0,,False,False,interval_undefined,gold8
0,5,5,test,placebo,skillnet:alfworld-object-transporter,all_alfworld,late,1,1,1,8,8,-0.125,0.0,0.125,,,uncertain,single_game_interval_undefined,False,False,0.875,1.0,1.0,1.0,0.125,0.0,,False,False,interval_undefined,gold8
0,5,5,test,placebo,skillnet:alfworld-receptacle-closer,all_alfworld,all,5,5,5,8,40,0.025,0.0,-0.025,-0.1,0.0,uncertain,paired_game_cluster_bootstrap,False,False,0.125,0.1,0.0,0.0,-0.125,-0.1,0.1,True,False,unresolved,gold8
0,5,5,test,placebo,skillnet:alfworld-receptacle-closer,all_alfworld,middle,4,4,4,8,32,0.03125,0.0,-0.03125,-0.125,0.0,uncertain,paired_game_cluster_bootstrap,False,False,0.15625,0.125,0.0,0.0,-0.15625,-0.125,0.125,True,False,unresolved,gold8
0,5,5,test,placebo,skillnet:alfworld-receptacle-closer,all_alfworld,late,1,1,1,8,8,0.0,0.0,0.0,,,uncertain,single_game_interval_undefined,False,False,0.0,0.0,0.0,0.0,0.0,0.0,,False,False,interval_undefined,gold8
0,5,5,test,placebo,skillnet:alfworld-receptacle-finder,all_alfworld,all,10,10,10,8,80,-0.1625,-0.0375,0.125,-0.0375,0.3375,uncertain,paired_game_cluster_bootstrap,False,False,0.0375,0.2,0.1375,0.175,0.1,-0.025000000000000022,0.375,True,False,unresolved,gold8
0,5,5,test,placebo,skillnet:alfworld-receptacle-finder,all_alfworld,initial,3,3,3,8,24,-0.3333333333333333,-0.08333333333333333,0.25,0.0,0.7083333333333334,uncertain,paired_game_cluster_bootstrap,False,False,0.0,0.3333333333333333,0.0,0.08333333333333333,0.0,-0.25,0.7083333333333334,True,False,unresolved,gold8
0,5,5,test,placebo,skillnet:alfworld-receptacle-finder,all_alfworld,early,1,1,1,8,8,-0.75,-0.125,0.625,,,uncertain,single_game_interval_undefined,False,False,0.125,0.875,0.0,0.125,-0.125,-0.75,,False,False,interval_undefined,gold8
0,5,5,test,placebo,skillnet:alfworld-receptacle-finder,all_alfworld,middle,1,1,1,8,8,0.125,0.125,0.0,,,uncertain,single_game_interval_undefined,False,False,0.125,0.0,1.0,0.875,0.875,0.875,,False,False,interval_undefined,gold8
0,5,5,test,placebo,skillnet:alfworld-receptacle-finder,all_alfworld,late,5,5,5,8,40,0.0,-0.025,-0.025,-0.125,0.075,uncertain,paired_game_cluster_bootstrap,False,False,0.025,0.025,0.075,0.1,0.049999999999999996,0.07500000000000001,0.2,True,False,unresolved,gold8
0,5,5,test,placebo,skillnet:alfworld-receptacle-navigator,all_alfworld,all,2,2,2,8,16,0.0,-0.0625,-0.0625,-0.375,0.1875,uncertain,paired_game_cluster_bootstrap,False,True,0.0,0.0,0.1875,0.25,0.1875,0.25,0.5625,True,False,unresolved,gold8
0,5,5,test,placebo,skillnet:alfworld-receptacle-navigator,all_alfworld,early,2,2,2,8,16,0.0,-0.0625,-0.0625,-0.375,0.1875,uncertain,paired_game_cluster_bootstrap,False,True,0.0,0.0,0.1875,0.25,0.1875,0.25,0.5625,True,False,unresolved,gold8
0,5,5,test,placebo,skillnet:alfworld-receptacle-opener,all_alfworld,all,8,8,8,8,64,0.0,0.0,0.0,-0.046875,0.046875,stable,paired_game_cluster_bootstrap,False,False,0.0,0.0,0.03125,0.03125,0.03125,0.03125,0.09375,True,False,unresolved,gold8
0,5,5,test,placebo,skillnet:alfworld-receptacle-opener,all_alfworld,early,1,1,1,8,8,0.0,0.0,0.0,,,uncertain,single_game_interval_undefined,False,False,0.0,0.0,0.0,0.0,0.0,0.0,,False,False,interval_undefined,gold8
0,5,5,test,placebo,skillnet:alfworld-receptacle-opener,all_alfworld,middle,2,2,2,8,16,0.0,0.0,0.0,0.0,0.0,stable,paired_game_cluster_bootstrap,False,False,0.0,0.0,0.0,0.0,0.0,0.0,0.0,True,True,unresolved,gold8
0,5,5,test,placebo,skillnet:alfworld-receptacle-opener,all_alfworld,late,5,5,5,8,40,0.0,0.0,0.0,-0.075,0.075,uncertain,paired_game_cluster_bootstrap,False,False,0.0,0.0,0.05,0.05,0.05,0.05,0.15,True,False,unresolved,gold8
0,5,5,test,placebo,skillnet:alfworld-receptacle-operator,all_alfworld,all,7,7,7,8,56,0.0,-0.017857142857142856,-0.017857142857142856,-0.14285714285714285,0.10714285714285714,uncertain,paired_game_cluster_bootstrap,False,False,0.21428571428571427,0.21428571428571427,0.21428571428571427,0.23214285714285715,0.0,0.017857142857142877,0.25,True,False,unresolved,gold8
0,5,5,test,placebo,skillnet:alfworld-receptacle-operator,all_alfworld,early,2,2,2,8,16,0.0,0.125,0.125,0.0,0.375,uncertain,paired_game_cluster_bootstrap,False,False,0.5,0.5,0.4375,0.3125,-0.0625,-0.1875,0.375,True,False,unresolved,gold8
0,5,5,test,placebo,skillnet:alfworld-receptacle-operator,all_alfworld,middle,3,3,3,8,24,0.0,-0.125,-0.125,-0.3333333333333333,0.0,uncertain,paired_game_cluster_bootstrap,False,True,0.16666666666666666,0.16666666666666666,0.20833333333333334,0.3333333333333333,0.041666666666666685,0.16666666666666666,0.3333333333333333,True,False,unresolved,gold8
0,5,5,test,placebo,skillnet:alfworld-receptacle-operator,all_alfworld,late,2,2,2,8,16,0.0,0.0,0.0,0.0,0.0,stable,paired_game_cluster_bootstrap,False,False,0.0,0.0,0.0,0.0,0.0,0.0,0.0,True,True,unresolved,gold8
0,5,5,test,placebo,skillnet:alfworld-receptacle-searcher,all_alfworld,all,2,2,2,8,16,0.125,0.0,-0.125,-0.3765624999999986,0.1875,uncertain,paired_game_cluster_bootstrap,False,True,0.875,0.75,0.125,0.125,-0.75,-0.625,0.5640624999999986,True,False,unresolved,gold8
0,5,5,test,placebo,skillnet:alfworld-receptacle-searcher,all_alfworld,initial,2,2,2,8,16,0.125,0.0,-0.125,-0.4375,0.1875,uncertain,paired_game_cluster_bootstrap,False,True,0.875,0.75,0.125,0.125,-0.75,-0.625,0.625,True,False,unresolved,gold8
0,5,5,test,placebo,skillnet:alfworld-storage-explorer,all_alfworld,all,44,44,44,8,352,-0.056818181818181816,-0.022727272727272728,0.03409090909090909,-0.05965909090909091,0.13352272727272727,uncertain,paired_game_cluster_bootstrap,False,False,0.20170454545454544,0.2585227272727273,0.29261363636363635,0.3153409090909091,0.09090909090909091,0.05681818181818182,0.19318181818181818,True,False,unresolved,gold8
0,5,5,test,placebo,skillnet:alfworld-storage-explorer,all_alfworld,initial,23,23,23,8,184,-0.07608695652173914,-0.021739130434782608,0.05434782608695652,-0.08695652173913043,0.21195652173913043,uncertain,paired_game_cluster_bootstrap,False,False,0.1793478260869565,0.2554347826086957,0.3641304347826087,0.3858695652173913,0.1847826086956522,0.13043478260869562,0.29891304347826086,True,False,unresolved,gold8
0,5,5,test,placebo,skillnet:alfworld-storage-explorer,all_alfworld,early,18,18,18,8,144,-0.041666666666666664,-0.027777777777777776,0.013888888888888888,-0.11805555555555555,0.1388888888888889,uncertain,paired_game_cluster_bootstrap,False,False,0.2638888888888889,0.3055555555555556,0.25,0.2777777777777778,-0.013888888888888895,-0.02777777777777779,0.2569444444444444,True,False,unresolved,gold8
0,5,5,test,placebo,skillnet:alfworld-storage-explorer,all_alfworld,middle,1,1,1,8,8,0.0,0.0,0.0,,,uncertain,single_game_interval_undefined,False,False,0.0,0.0,0.0,0.0,0.0,0.0,,False,False,interval_undefined,gold8
0,5,5,test,placebo,skillnet:alfworld-storage-explorer,all_alfworld,late,2,2,2,8,16,0.0,0.0,0.0,0.0,0.0,stable,paired_game_cluster_bootstrap,False,False,0.0,0.0,0.0,0.0,0.0,0.0,0.0,True,True,unresolved,gold8
0,5,5,test,placebo,skillnet:alfworld-temperature-regulator,all_alfworld,all,6,6,6,8,48,0.08333333333333333,0.125,0.041666666666666664,-0.10416666666666667,0.20833333333333334,uncertain,paired_game_cluster_bootstrap,False,False,0.08333333333333333,0.0,0.14583333333333334,0.020833333333333332,0.06250000000000001,0.020833333333333332,0.3125,True,False,unresolved,gold8
0,5,5,test,placebo,skillnet:alfworld-temperature-regulator,all_alfworld,middle,2,2,2,8,16,0.1875,0.125,-0.0625,-0.25,0.0,uncertain,paired_game_cluster_bootstrap,False,True,0.1875,0.0,0.125,0.0,-0.0625,0.0,0.25,True,False,unresolved,gold8
0,5,5,test,placebo,skillnet:alfworld-temperature-regulator,all_alfworld,late,4,4,4,8,32,0.03125,0.125,0.09375,-0.09375,0.3125,uncertain,paired_game_cluster_bootstrap,False,False,0.03125,0.0,0.15625,0.03125,0.125,0.03125,0.40625,True,False,unresolved,gold8
0,5,5,test,placebo,skillnet:alfworld-tool-locator,all_alfworld,all,4,4,4,8,32,-0.0625,-0.09375,-0.03125,-0.125,0.0,uncertain,paired_game_cluster_bootstrap,False,False,0.4375,0.5,0.09375,0.1875,-0.34375,-0.3125,0.125,True,False,unresolved,gold8
0,5,5,test,placebo,skillnet:alfworld-tool-locator,all_alfworld,early,4,4,4,8,32,-0.0625,-0.09375,-0.03125,-0.125,0.0,uncertain,paired_game_cluster_bootstrap,False,False,0.4375,0.5,0.09375,0.1875,-0.34375,-0.3125,0.125,True,False,unresolved,gold8
0,5,5,test,null,skillnet:alfworld-appliance-navigator,all_alfworld,all,62,62,62,8,496,-0.03225806451612903,-0.010080645161290322,0.02217741935483871,-0.05443548387096774,0.09879032258064516,uncertain,paired_game_cluster_bootstrap,False,False,0.25,0.28225806451612906,0.1774193548387097,0.1875,-0.07258064516129031,-0.09475806451612906,0.1532258064516129,True,False,unresolved,gold8
0,5,5,test,null,skillnet:alfworld-appliance-navigator,all_alfworld,initial,42,42,42,8,336,-0.044642857142857144,-0.002976190476190476,0.041666666666666664,-0.06547619047619048,0.14583333333333334,uncertain,paired_game_cluster_bootstrap,False,False,0.30357142857142855,0.3482142857142857,0.20238095238095238,0.20535714285714285,-0.10119047619047616,-0.14285714285714285,0.21130952380952384,True,False,unresolved,gold8
0,5,5,test,null,skillnet:alfworld-appliance-navigator,all_alfworld,early,8,8,8,8,64,0.046875,-0.046875,-0.09375,-0.28125,0.0,uncertain,paired_game_cluster_bootstrap,False,True,0.21875,0.171875,0.1875,0.234375,-0.03125,0.0625,0.28125,True,False,unresolved,gold8
0,5,5,test,null,skillnet:alfworld-appliance-navigator,all_alfworld,middle,6,6,6,8,48,0.0,0.0,0.0,0.0,0.0,stable,paired_game_cluster_bootstrap,False,False,0.16666666666666666,0.16666666666666666,0.16666666666666666,0.16666666666666666,0.0,0.0,0.0,True,True,unresolved,gold8
0,5,5,test,null,skillnet:alfworld-appliance-navigator,all_alfworld,late,6,6,6,8,48,-0.08333333333333333,-0.020833333333333332,0.0625,-0.08333333333333333,0.2708333333333333,uncertain,paired_game_cluster_bootstrap,False,False,0.0,0.08333333333333333,0.0,0.020833333333333332,0.0,-0.0625,0.35416666666666663,True,False,unresolved,gold8
0,5,5,test,null,skillnet:alfworld-appliance-preparer,all_alfworld,all,8,8,8,8,64,0.0,0.0,0.0,0.0,0.0,stable,paired_game_cluster_bootstrap,False,False,0.0,0.0,0.0,0.0,0.0,0.0,0.0,True,True,unresolved,gold8
0,5,5,test,null,skillnet:alfworld-appliance-preparer,all_alfworld,middle,4,4,4,8,32,0.0,0.0,0.0,0.0,0.0,stable,paired_game_cluster_bootstrap,False,False,0.0,0.0,0.0,0.0,0.0,0.0,0.0,True,True,unresolved,gold8
0,5,5,test,null,skillnet:alfworld-appliance-preparer,all_alfworld,late,4,4,4,8,32,0.0,0.0,0.0,0.0,0.0,stable,paired_game_cluster_bootstrap,False,False,0.0,0.0,0.0,0.0,0.0,0.0,0.0,True,True,unresolved,gold8
0,5,5,test,null,skillnet:alfworld-clean-object,all_alfworld,all,37,37,37,8,296,-0.060810810810810814,-0.11824324324324324,-0.057432432432432436,-0.19594594594594594,0.0777027027027027,uncertain,paired_game_cluster_bootstrap,False,True,0.30743243243243246,0.36824324324324326,0.09797297297297297,0.21621621621621623,-0.20945945945945948,-0.15202702702702703,0.27364864864864863,True,False,unresolved,gold8
0,5,5,test,null,skillnet:alfworld-clean-object,all_alfworld,initial,25,25,25,8,200,-0.175,-0.225,-0.05,-0.215,0.115,uncertain,paired_game_cluster_bootstrap,False,False,0.24,0.415,0.0,0.225,-0.24,-0.18999999999999997,0.33,True,False,unresolved,gold8
0,5,5,test,null,skillnet:alfworld-clean-object,all_alfworld,early,9,9,9,8,72,0.125,0.027777777777777776,-0.09722222222222222,-0.4444444444444444,0.19444444444444445,uncertain,paired_game_cluster_bootstrap,False,True,0.4861111111111111,0.3611111111111111,0.2916666666666667,0.2638888888888889,-0.19444444444444442,-0.09722222222222221,0.6388888888888888,True,False,unresolved,gold8
0,5,5,test,null,skillnet:alfworld-clean-object,all_alfworld,middle,1,1,1,8,8,0.0,0.0,0.0,,,uncertain,single_game_interval_undefined,False,False,0.0,0.0,0.0,0.0,0.0,0.0,,False,False,interval_undefined,gold8
0,5,5,test,null,skillnet:alfworld-clean-object,all_alfworld,late,2,2,2,8,16,0.5,0.5,0.0,0.0,0.0,stable,paired_game_cluster_bootstrap,False,False,0.5,0.0,0.5,0.0,0.0,0.0,0.0,True,True,unresolved,gold8
0,5,5,test,null,skillnet:alfworld-device-operator,all_alfworld,all,59,59,59,8,472,0.00847457627118644,0.03177966101694915,0.023305084745762712,-0.05296610169491525,0.09957627118644068,uncertain,paired_game_cluster_bootstrap,False,False,0.2902542372881356,0.2817796610169492,0.2266949152542373,0.19491525423728814,-0.0635593220338983,-0.08686440677966104,0.15254237288135591,True,False,unresolved,gold8
0,5,5,test,null,skillnet:alfworld-device-operator,all_alfworld,initial,22,22,22,8,176,0.011363636363636364,0.045454545454545456,0.03409090909090909,-0.10795454545454546,0.17045454545454544,uncertain,paired_game_cluster_bootstrap,False,False,0.35795454545454547,0.3465909090909091,0.29545454545454547,0.25,-0.0625,-0.09659090909090912,0.2784090909090909,True,False,unresolved,gold8
0,5,5,test,null,skillnet:alfworld-device-operator,all_alfworld,early,27,27,27,8,216,0.05555555555555555,0.05092592592592592,-0.004629629629629629,-0.10185185185185185,0.09259259259259259,uncertain,paired_game_cluster_bootstrap,False,False,0.28703703703703703,0.23148148148148148,0.20833333333333334,0.1574074074074074,-0.07870370370370369,-0.07407407407407407,0.19444444444444442,True,False,unresolved,gold8
0,5,5,test,null,skillnet:alfworld-device-operator,all_alfworld,middle,7,7,7,8,56,-0.17857142857142858,-0.07142857142857142,0.10714285714285714,-0.125,0.4107142857142857,uncertain,paired_game_cluster_bootstrap,False,False,0.21428571428571427,0.39285714285714285,0.17857142857142858,0.25,-0.0357142857142857,-0.14285714285714285,0.5357142857142857,True,False,unresolved,gold8
0,5,5,test,null,skillnet:alfworld-device-operator,all_alfworld,late,3,3,3,8,24,0.0,0.0,0.0,0.0,0.0,stable,paired_game_cluster_bootstrap,False,False,0.0,0.0,0.0,0.0,0.0,0.0,0.0,True,True,unresolved,gold8
0,5,5,test,null,skillnet:alfworld-heat-object-with-appliance,all_alfworld,all,32,32,32,8,256,0.13671875,0.1328125,-0.00390625,-0.08984375,0.08203125,uncertain,paired_game_cluster_bootstrap,False,False,0.234375,0.09765625,0.21875,0.0859375,-0.015625,-0.01171875,0.171875,True,False,unresolved,gold8
0,5,5,test,null,skillnet:alfworld-heat-object-with-appliance,all_alfworld,early,13,13,13,8,104,0.10576923076923077,0.08653846153846154,-0.019230769230769232,-0.14423076923076922,0.10576923076923077,uncertain,paired_game_cluster_bootstrap,False,False,0.2692307692307692,0.16346153846153846,0.2403846153846154,0.15384615384615385,-0.028846153846153827,-0.009615384615384609,0.25,True,False,unresolved,gold8
0,5,5,test,null,skillnet:alfworld-heat-object-with-appliance,all_alfworld,middle,12,12,12,8,96,0.23958333333333334,0.21875,-0.020833333333333332,-0.1875,0.16666666666666666,uncertain,paired_game_cluster_bootstrap,False,False,0.3125,0.07291666666666667,0.23958333333333334,0.020833333333333332,-0.07291666666666666,-0.05208333333333334,0.35416666666666663,True,False,unresolved,gold8
0,5,5,test,null,skillnet:alfworld-heat-object-with-appliance,all_alfworld,late,7,7,7,8,56,0.017857142857142856,0.07142857142857142,0.05357142857142857,0.0,0.19642857142857142,uncertain,paired_game_cluster_bootstrap,False,False,0.03571428571428571,0.017857142857142856,0.14285714285714285,0.07142857142857142,0.10714285714285714,0.05357142857142857,0.19642857142857142,True,False,unresolved,gold8
0,5,5,test,null,skillnet:alfworld-inventory-management,all_alfworld,all,2,2,2,8,16,0.0,0.0,0.0,0.0,0.0,stable,paired_game_cluster_bootstrap,False,False,0.6875,0.6875,0.875,0.875,0.1875,0.1875,0.0,True,True,unresolved,gold8
0,5,5,test,null,skillnet:alfworld-inventory-management,all_alfworld,early,2,2,2,8,16,0.0,0.0,0.0,0.0,0.0,stable,paired_game_cluster_bootstrap,False,False,0.6875,0.6875,0.875,0.875,0.1875,0.1875,0.0,True,True,unresolved,gold8
0,5,5,test,null,skillnet:alfworld-locate-target-object,all_alfworld,all,2,2,2,8,16,0.0,0.0,0.0,-0.1875,0.1875,uncertain,paired_game_cluster_bootstrap,False,False,0.5,0.5,0.5625,0.5625,0.0625,0.0625,0.375,True,False,unresolved,gold8
0,5,5,test,null,skillnet:alfworld-locate-target-object,all_alfworld,initial,2,2,2,8,16,0.0,0.0,0.0,-0.1875,0.1875,uncertain,paired_game_cluster_bootstrap,False,False,0.5,0.5,0.5625,0.5625,0.0625,0.0625,0.375,True,False,unresolved,gold8
0,5,5,test,null,skillnet:alfworld-object-cooler,all_alfworld,all,21,21,21,8,168,0.02976190476190476,0.05952380952380952,0.02976190476190476,-0.1130952380952381,0.19047619047619047,uncertain,paired_game_cluster_bootstrap,False,False,0.35119047619047616,0.32142857142857145,0.22023809523809523,0.16071428571428573,-0.13095238095238093,-0.16071428571428573,0.30357142857142855,True,False,unresolved,gold8
0,5,5,test,null,skillnet:alfworld-object-cooler,all_alfworld,early,9,9,9,8,72,0.06944444444444445,0.08333333333333333,0.013888888888888888,-0.25,0.2638888888888889,uncertain,paired_game_cluster_bootstrap,False,False,0.5,0.4305555555555556,0.20833333333333334,0.125,-0.29166666666666663,-0.3055555555555556,0.5138888888888888,True,False,unresolved,gold8
0,5,5,test,null,skillnet:alfworld-object-cooler,all_alfworld,middle,6,6,6,8,48,-0.14583333333333334,-0.041666666666666664,0.10416666666666667,-0.16666666666666666,0.5,uncertain,paired_game_cluster_bootstrap,False,False,0.3333333333333333,0.4791666666666667,0.3333333333333333,0.375,0.0,-0.10416666666666669,0.6666666666666666,True,False,unresolved,gold8
0,5,5,test,null,skillnet:alfworld-object-cooler,all_alfworld,late,6,6,6,8,48,0.14583333333333334,0.125,-0.020833333333333332,-0.08333333333333333,0.0,uncertain,paired_game_cluster_bootstrap,False,False,0.14583333333333334,0.0,0.125,0.0,-0.020833333333333343,0.0,0.08333333333333333,True,False,unresolved,gold8
0,5,5,test,null,skillnet:alfworld-object-disposer,all_alfworld,all,2,2,2,8,16,-0.0625,0.0,0.0625,0.0,0.25,uncertain,paired_game_cluster_bootstrap,False,False,0.5625,0.625,0.5,0.5,-0.0625,-0.125,0.25,True,False,unresolved,gold8
0,5,5,test,null,skillnet:alfworld-object-disposer,all_alfworld,early,2,2,2,8,16,-0.0625,0.0,0.0625,0.0,0.25,uncertain,paired_game_cluster_bootstrap,False,False,0.5625,0.625,0.5,0.5,-0.0625,-0.125,0.25,True,False,unresolved,gold8
0,5,5,test,null,skillnet:alfworld-object-heater,all_alfworld,all,9,9,9,8,72,0.06944444444444445,0.027777777777777776,-0.041666666666666664,-0.1527777777777778,0.041666666666666664,uncertain,paired_game_cluster_bootstrap,False,False,0.2777777777777778,0.20833333333333334,0.2222222222222222,0.19444444444444445,-0.05555555555555558,-0.013888888888888895,0.19444444444444445,True,False,unresolved,gold8
0,5,5,test,null,skillnet:alfworld-object-heater,all_alfworld,early,1,1,1,8,8,0.0,0.0,0.0,,,uncertain,single_game_interval_undefined,False,False,0.0,0.0,0.5,0.5,0.5,0.5,,False,False,interval_undefined,gold8
0,5,5,test,null,skillnet:alfworld-object-heater,all_alfworld,middle,4,4,4,8,32,0.15625,0.0625,-0.09375,-0.3125,0.09375,uncertain,paired_game_cluster_bootstrap,False,True,0.625,0.46875,0.375,0.3125,-0.25,-0.15625,0.40625,True,False,unresolved,gold8
0,5,5,test,null,skillnet:alfworld-object-heater,all_alfworld,late,4,4,4,8,32,0.0,0.0,0.0,0.0,0.0,stable,paired_game_cluster_bootstrap,False,False,0.0,0.0,0.0,0.0,0.0,0.0,0.0,True,True,unresolved,gold8
0,5,5,test,null,skillnet:alfworld-object-picker,all_alfworld,all,7,7,7,8,56,-0.07142857142857142,-0.017857142857142856,0.05357142857142857,-0.07142857142857142,0.19642857142857142,uncertain,paired_game_cluster_bootstrap,False,False,0.08928571428571429,0.16071428571428573,0.25,0.26785714285714285,0.1607142857142857,0.10714285714285712,0.26785714285714285,True,False,unresolved,gold8
0,5,5,test,null,skillnet:alfworld-object-picker,all_alfworld,early,4,4,4,8,32,-0.0625,0.0,0.0625,-0.0625,0.25,uncertain,paired_game_cluster_bootstrap,False,False,0.03125,0.09375,0.0,0.0,-0.03125,-0.09375,0.3125,True,False,unresolved,gold8
0,5,5,test,null,skillnet:alfworld-object-picker,all_alfworld,middle,1,1,1,8,8,-0.25,0.0,0.25,,,uncertain,single_game_interval_undefined,False,False,0.125,0.375,1.0,1.0,0.875,0.625,,False,False,interval_undefined,gold8
0,5,5,test,null,skillnet:alfworld-object-picker,all_alfworld,late,2,2,2,8,16,0.0,-0.0625,-0.0625,-0.25,0.0,uncertain,paired_game_cluster_bootstrap,False,True,0.1875,0.1875,0.375,0.4375,0.1875,0.25,0.25,True,False,unresolved,gold8
0,5,5,test,null,skillnet:alfworld-object-placer,all_alfworld,all,23,23,23,8,184,-0.15217391304347827,0.005434782608695652,0.15760869565217392,0.04891304347826087,0.2826086956521739,uncertain,paired_game_cluster_bootstrap,False,False,0.29891304347826086,0.45108695652173914,0.5108695652173914,0.5054347826086957,0.2119565217391305,0.05434782608695654,0.23369565217391303,False,False,increase_resolved,gold8
0,5,5,test,null,skillnet:alfworld-object-placer,all_alfworld,initial,3,3,3,8,24,-0.16666666666666666,0.0,0.16666666666666666,-0.041666666666666664,0.4166666666666667,uncertain,paired_game_cluster_bootstrap,False,False,0.041666666666666664,0.20833333333333334,0.08333333333333333,0.08333333333333333,0.041666666666666664,-0.125,0.45833333333333337,True,False,unresolved,gold8
0,5,5,test,null,skillnet:alfworld-object-placer,all_alfworld,early,4,4,4,8,32,-0.34375,-0.0625,0.28125,-0.125,0.78125,uncertain,paired_game_cluster_bootstrap,False,False,0.0625,0.40625,0.6875,0.75,0.625,0.34375,0.90625,True,False,unresolved,gold8
0,5,5,test,null,skillnet:alfworld-object-placer,all_alfworld,middle,10,10,10,8,80,-0.0875,0.0375,0.125,0.0,0.2875,uncertain,paired_game_cluster_bootstrap,False,False,0.5375,0.625,0.75,0.7125,0.21250000000000002,0.08750000000000002,0.2875,True,False,unresolved,gold8
0,5,5,test,null,skillnet:alfworld-object-placer,all_alfworld,late,6,6,6,8,48,-0.125,0.0,0.125,0.0,0.3541666666666667,uncertain,paired_game_cluster_bootstrap,False,False,0.1875,0.3125,0.20833333333333334,0.20833333333333334,0.020833333333333343,-0.10416666666666666,0.3541666666666667,True,False,unresolved,gold8
0,5,5,test,null,skillnet:alfworld-object-retriever,all_alfworld,all,15,15,15,8,120,-0.08333333333333333,-0.03333333333333333,0.05,-0.13333333333333333,0.25,uncertain,paired_game_cluster_bootstrap,False,False,0.2916666666666667,0.375,0.325,0.35833333333333334,0.033333333333333326,-0.016666666666666663,0.3833333333333333,True,False,unresolved,gold8
0,5,5,test,null,skillnet:alfworld-object-retriever,all_alfworld,initial,2,2,2,8,16,0.0,0.125,0.125,0.0,0.3125,uncertain,paired_game_cluster_bootstrap,False,False,0.0,0.0,0.4375,0.3125,0.4375,0.3125,0.3125,True,False,unresolved,gold8
0,5,5,test,null,skillnet:alfworld-object-retriever,all_alfworld,early,13,13,13,8,104,-0.09615384615384616,-0.057692307692307696,0.038461538461538464,-0.16346153846153846,0.2692307692307692,uncertain,paired_game_cluster_bootstrap,False,False,0.33653846153846156,0.4326923076923077,0.3076923076923077,0.36538461538461536,-0.028846153846153855,-0.06730769230769235,0.4326923076923077,True,False,unresolved,gold8
0,5,5,test,null,skillnet:alfworld-object-state-inspector,all_alfworld,all,18,18,18,8,144,0.013888888888888888,0.020833333333333332,0.006944444444444444,-0.1388888888888889,0.1597222222222222,uncertain,paired_game_cluster_bootstrap,False,False,0.2708333333333333,0.2569444444444444,0.3125,0.2916666666666667,0.041666666666666685,0.034722222222222265,0.2986111111111111,True,False,unresolved,gold8
0,5,5,test,null,skillnet:alfworld-object-state-inspector,all_alfworld,initial,10,10,10,8,80,0.025,-0.1,-0.125,-0.2875,0.0125,uncertain,paired_game_cluster_bootstrap,False,True,0.075,0.05,0.1875,0.2875,0.1125,0.2375,0.3,True,False,unresolved,gold8
0,5,5,test,null,skillnet:alfworld-object-state-inspector,all_alfworld,early,7,7,7,8,56,-0.017857142857142856,0.19642857142857142,0.21428571428571427,-0.03571428571428571,0.5,uncertain,paired_game_cluster_bootstrap,False,False,0.44642857142857145,0.4642857142857143,0.44642857142857145,0.25,0.0,-0.2142857142857143,0.5357142857142857,True,False,unresolved,gold8
0,5,5,test,null,skillnet:alfworld-object-state-inspector,all_alfworld,middle,1,1,1,8,8,0.125,0.0,-0.125,,,uncertain,single_game_interval_undefined,False,True,1.0,0.875,0.625,0.625,-0.375,-0.25,,False,False,interval_undefined,gold8
0,5,5,test,null,skillnet:alfworld-object-storer,all_alfworld,all,18,18,18,8,144,-0.0763888888888889,-0.10416666666666667,-0.027777777777777776,-0.125,0.06944444444444445,uncertain,paired_game_cluster_bootstrap,False,False,0.10416666666666667,0.18055555555555555,0.2222222222222222,0.3263888888888889,0.11805555555555554,0.14583333333333334,0.19444444444444445,True,False,unresolved,gold8
0,5,5,test,null,skillnet:alfworld-object-storer,all_alfworld,early,8,8,8,8,64,-0.171875,-0.125,0.046875,-0.09375,0.21875,uncertain,paired_game_cluster_bootstrap,False,False,0.0,0.171875,0.3125,0.4375,0.3125,0.265625,0.3125,True,False,unresolved,gold8
0,5,5,test,null,skillnet:alfworld-object-storer,all_alfworld,middle,6,6,6,8,48,0.0,-0.10416666666666667,-0.10416666666666667,-0.2708333333333333,0.0,uncertain,paired_game_cluster_bootstrap,False,True,0.16666666666666666,0.16666666666666666,0.125,0.22916666666666666,-0.04166666666666666,0.0625,0.2708333333333333,True,False,unresolved,gold8
0,5,5,test,null,skillnet:alfworld-object-storer,all_alfworld,late,4,4,4,8,32,0.0,-0.0625,-0.0625,-0.21875,0.0,uncertain,paired_game_cluster_bootstrap,False,True,0.21875,0.21875,0.1875,0.25,-0.03125,0.03125,0.21875,True,False,unresolved,gold8
0,5,5,test,null,skillnet:alfworld-object-transporter,all_alfworld,all,1,1,1,8,8,-0.125,0.0,0.125,,,uncertain,single_game_interval_undefined,False,False,0.875,1.0,1.0,1.0,0.125,0.0,,False,False,interval_undefined,gold8
0,5,5,test,null,skillnet:alfworld-object-transporter,all_alfworld,late,1,1,1,8,8,-0.125,0.0,0.125,,,uncertain,single_game_interval_undefined,False,False,0.875,1.0,1.0,1.0,0.125,0.0,,False,False,interval_undefined,gold8
0,5,5,test,null,skillnet:alfworld-receptacle-closer,all_alfworld,all,5,5,5,8,40,0.025,-0.025,-0.05,-0.15,0.0,uncertain,paired_game_cluster_bootstrap,False,False,0.125,0.1,0.0,0.025,-0.125,-0.07500000000000001,0.15,True,False,unresolved,gold8
0,5,5,test,null,skillnet:alfworld-receptacle-closer,all_alfworld,middle,4,4,4,8,32,0.03125,0.0,-0.03125,-0.125,0.0,uncertain,paired_game_cluster_bootstrap,False,False,0.15625,0.125,0.0,0.0,-0.15625,-0.125,0.125,True,False,unresolved,gold8
0,5,5,test,null,skillnet:alfworld-receptacle-closer,all_alfworld,late,1,1,1,8,8,0.0,-0.125,-0.125,,,uncertain,single_game_interval_undefined,False,True,0.0,0.0,0.0,0.125,0.0,0.125,,False,False,interval_undefined,gold8
0,5,5,test,null,skillnet:alfworld-receptacle-finder,all_alfworld,all,10,10,10,8,80,-0.1375,-0.1125,0.025,-0.0875,0.1625,uncertain,paired_game_cluster_bootstrap,False,False,0.0375,0.175,0.1375,0.25,0.1,0.07500000000000001,0.25,True,False,unresolved,gold8
0,5,5,test,null,skillnet:alfworld-receptacle-finder,all_alfworld,initial,3,3,3,8,24,-0.25,-0.20833333333333334,0.041666666666666664,-0.16666666666666666,0.3333333333333333,uncertain,paired_game_cluster_bootstrap,False,False,0.0,0.25,0.0,0.20833333333333334,0.0,-0.04166666666666666,0.5,True,False,unresolved,gold8
0,5,5,test,null,skillnet:alfworld-receptacle-finder,all_alfworld,early,1,1,1,8,8,-0.75,-0.375,0.375,,,uncertain,single_game_interval_undefined,False,False,0.125,0.875,0.0,0.375,-0.125,-0.5,,False,False,interval_undefined,gold8
0,5,5,test,null,skillnet:alfworld-receptacle-finder,all_alfworld,middle,1,1,1,8,8,0.125,0.0,-0.125,,,uncertain,single_game_interval_undefined,False,True,0.125,0.0,1.0,1.0,0.875,1.0,,False,False,interval_undefined,gold8
0,5,5,test,null,skillnet:alfworld-receptacle-finder,all_alfworld,late,5,5,5,8,40,0.0,-0.025,-0.025,-0.125,0.075,uncertain,paired_game_cluster_bootstrap,False,False,0.025,0.025,0.075,0.1,0.049999999999999996,0.07500000000000001,0.2,True,False,unresolved,gold8
0,5,5,test,null,skillnet:alfworld-receptacle-navigator,all_alfworld,all,2,2,2,8,16,0.0,-0.125,-0.125,-0.5,0.0625,uncertain,paired_game_cluster_bootstrap,False,True,0.0,0.0,0.1875,0.3125,0.1875,0.3125,0.5625,True,False,unresolved,gold8
0,5,5,test,null,skillnet:alfworld-receptacle-navigator,all_alfworld,early,2,2,2,8,16,0.0,-0.125,-0.125,-0.4375,0.0625,uncertain,paired_game_cluster_bootstrap,False,True,0.0,0.0,0.1875,0.3125,0.1875,0.3125,0.5,True,False,unresolved,gold8
0,5,5,test,null,skillnet:alfworld-receptacle-opener,all_alfworld,all,8,8,8,8,64,0.0,-0.03125,-0.03125,-0.09375,0.0,uncertain,paired_game_cluster_bootstrap,False,False,0.0,0.0,0.03125,0.0625,0.03125,0.0625,0.09375,True,False,unresolved,gold8
0,5,5,test,null,skillnet:alfworld-receptacle-opener,all_alfworld,early,1,1,1,8,8,0.0,0.0,0.0,,,uncertain,single_game_interval_undefined,False,False,0.0,0.0,0.0,0.0,0.0,0.0,,False,False,interval_undefined,gold8
0,5,5,test,null,skillnet:alfworld-receptacle-opener,all_alfworld,middle,2,2,2,8,16,0.0,0.0,0.0,0.0,0.0,stable,paired_game_cluster_bootstrap,False,False,0.0,0.0,0.0,0.0,0.0,0.0,0.0,True,True,unresolved,gold8
0,5,5,test,null,skillnet:alfworld-receptacle-opener,all_alfworld,late,5,5,5,8,40,0.0,-0.05,-0.05,-0.15,0.0,uncertain,paired_game_cluster_bootstrap,False,False,0.0,0.0,0.05,0.1,0.05,0.1,0.15,True,False,unresolved,gold8
0,5,5,test,null,skillnet:alfworld-receptacle-operator,all_alfworld,all,7,7,7,8,56,0.0,-0.07142857142857142,-0.07142857142857142,-0.17857142857142858,0.0,uncertain,paired_game_cluster_bootstrap,False,True,0.21428571428571427,0.21428571428571427,0.21428571428571427,0.2857142857142857,0.0,0.07142857142857142,0.17857142857142858,True,False,unresolved,gold8
0,5,5,test,null,skillnet:alfworld-receptacle-operator,all_alfworld,early,2,2,2,8,16,0.0,-0.0625,-0.0625,-0.25,0.0,uncertain,paired_game_cluster_bootstrap,False,True,0.5,0.5,0.4375,0.5,-0.0625,0.0,0.25,True,False,unresolved,gold8
0,5,5,test,null,skillnet:alfworld-receptacle-operator,all_alfworld,middle,3,3,3,8,24,0.0,-0.125,-0.125,-0.3333333333333333,0.0,uncertain,paired_game_cluster_bootstrap,False,True,0.16666666666666666,0.16666666666666666,0.20833333333333334,0.3333333333333333,0.041666666666666685,0.16666666666666666,0.3333333333333333,True,False,unresolved,gold8
0,5,5,test,null,skillnet:alfworld-receptacle-operator,all_alfworld,late,2,2,2,8,16,0.0,0.0,0.0,0.0,0.0,stable,paired_game_cluster_bootstrap,False,False,0.0,0.0,0.0,0.0,0.0,0.0,0.0,True,True,unresolved,gold8
0,5,5,test,null,skillnet:alfworld-receptacle-searcher,all_alfworld,all,2,2,2,8,16,0.0625,0.0,-0.0625,-0.375,0.3125,uncertain,paired_game_cluster_bootstrap,False,True,0.875,0.8125,0.125,0.125,-0.75,-0.6875,0.6875,True,False,unresolved,gold8
0,5,5,test,null,skillnet:alfworld-receptacle-searcher,all_alfworld,initial,2,2,2,8,16,0.0625,0.0,-0.0625,-0.375,0.3125,uncertain,paired_game_cluster_bootstrap,False,True,0.875,0.8125,0.125,0.125,-0.75,-0.6875,0.6875,True,False,unresolved,gold8
0,5,5,test,null,skillnet:alfworld-storage-explorer,all_alfworld,all,44,44,44,8,352,-0.05113636363636364,-0.008522727272727272,0.04261363636363636,-0.05397727272727273,0.14204545454545456,uncertain,paired_game_cluster_bootstrap,False,False,0.20170454545454544,0.2528409090909091,0.29261363636363635,0.30113636363636365,0.09090909090909091,0.04829545454545453,0.1960227272727273,True,False,unresolved,gold8
0,5,5,test,null,skillnet:alfworld-storage-explorer,all_alfworld,initial,23,23,23,8,184,-0.03804347826086957,0.0,0.03804347826086957,-0.10869565217391304,0.1956521739130435,uncertain,paired_game_cluster_bootstrap,False,False,0.1793478260869565,0.21739130434782608,0.3641304347826087,0.3641304347826087,0.1847826086956522,0.14673913043478262,0.30434782608695654,True,False,unresolved,gold8
0,5,5,test,null,skillnet:alfworld-storage-explorer,all_alfworld,early,18,18,18,8,144,-0.0763888888888889,-0.020833333333333332,0.05555555555555555,-0.08333333333333333,0.2013888888888889,uncertain,paired_game_cluster_bootstrap,False,False,0.2638888888888889,0.3402777777777778,0.25,0.2708333333333333,-0.013888888888888895,-0.06944444444444448,0.2847222222222222,True,False,unresolved,gold8
0,5,5,test,null,skillnet:alfworld-storage-explorer,all_alfworld,middle,1,1,1,8,8,0.0,0.0,0.0,,,uncertain,single_game_interval_undefined,False,False,0.0,0.0,0.0,0.0,0.0,0.0,,False,False,interval_undefined,gold8
0,5,5,test,null,skillnet:alfworld-storage-explorer,all_alfworld,late,2,2,2,8,16,0.0,0.0,0.0,0.0,0.0,stable,paired_game_cluster_bootstrap,False,False,0.0,0.0,0.0,0.0,0.0,0.0,0.0,True,True,unresolved,gold8
0,5,5,test,null,skillnet:alfworld-temperature-regulator,all_alfworld,all,6,6,6,8,48,0.08333333333333333,0.14583333333333334,0.0625,-0.0625,0.20833333333333334,uncertain,paired_game_cluster_bootstrap,False,False,0.08333333333333333,0.0,0.14583333333333334,0.0,0.06250000000000001,0.0,0.27083333333333337,True,False,unresolved,gold8
0,5,5,test,null,skillnet:alfworld-temperature-regulator,all_alfworld,middle,2,2,2,8,16,0.1875,0.125,-0.0625,-0.25,0.0,uncertain,paired_game_cluster_bootstrap,False,True,0.1875,0.0,0.125,0.0,-0.0625,0.0,0.25,True,False,unresolved,gold8
0,5,5,test,null,skillnet:alfworld-temperature-regulator,all_alfworld,late,4,4,4,8,32,0.03125,0.15625,0.125,0.0,0.3125,uncertain,paired_game_cluster_bootstrap,False,False,0.03125,0.0,0.15625,0.0,0.125,0.0,0.3125,True,False,unresolved,gold8
0,5,5,test,null,skillnet:alfworld-tool-locator,all_alfworld,all,4,4,4,8,32,-0.0625,-0.0625,0.0,-0.09375,0.09375,uncertain,paired_game_cluster_bootstrap,False,False,0.4375,0.5,0.09375,0.15625,-0.34375,-0.34375,0.1875,True,False,unresolved,gold8
0,5,5,test,null,skillnet:alfworld-tool-locator,all_alfworld,early,4,4,4,8,32,-0.0625,-0.0625,0.0,-0.09375,0.09375,uncertain,paired_game_cluster_bootstrap,False,False,0.4375,0.5,0.09375,0.15625,-0.34375,-0.34375,0.1875,True,False,unresolved,gold8
0,5,5,test,placebo,skillnet:alfworld-appliance-navigator,all_alfworld,all,62,62,62,6,372,-0.02150537634408602,-0.005376344086021506,0.016129032258064512,-0.053763440860215055,0.08870967741935484,uncertain,paired_game_cluster_bootstrap,False,False,0.24193548387096775,0.2634408602150538,0.17473118279569896,0.18010752688172044,-0.06720430107526879,-0.08333333333333337,0.1424731182795699,True,False,unresolved,added6_only
0,5,5,test,placebo,skillnet:alfworld-appliance-navigator,all_alfworld,initial,42,42,42,6,252,-0.03968253968253968,-0.003968253968253969,0.03571428571428571,-0.06349206349206347,0.13492063492063494,uncertain,paired_game_cluster_bootstrap,False,False,0.2896825396825397,0.32936507936507936,0.19841269841269837,0.20238095238095238,-0.09126984126984133,-0.12698412698412698,0.19841269841269843,True,False,unresolved,added6_only
0,5,5,test,placebo,skillnet:alfworld-appliance-navigator,all_alfworld,early,8,8,8,6,48,0.0625,-0.020833333333333332,-0.08333333333333333,-0.25,0.0,uncertain,paired_game_cluster_bootstrap,False,True,0.22916666666666669,0.16666666666666666,0.1875,0.20833333333333334,-0.041666666666666685,0.041666666666666685,0.25,True,False,unresolved,added6_only
0,5,5,test,placebo,skillnet:alfworld-appliance-navigator,all_alfworld,middle,6,6,6,6,36,0.0,0.0,0.0,0.0,0.0,stable,paired_game_cluster_bootstrap,False,False,0.16666666666666666,0.16666666666666666,0.16666666666666666,0.16666666666666666,0.0,0.0,0.0,True,True,unresolved,added6_only
0,5,5,test,placebo,skillnet:alfworld-appliance-navigator,all_alfworld,late,6,6,6,6,36,-0.027777777777777776,0.0,0.027777777777777776,0.0,0.1111111111111111,uncertain,paired_game_cluster_bootstrap,False,False,0.0,0.027777777777777776,0.0,0.0,0.0,-0.027777777777777776,0.1111111111111111,True,False,unresolved,added6_only
0,5,5,test,placebo,skillnet:alfworld-appliance-preparer,all_alfworld,all,8,8,8,6,48,0.0,0.0,0.0,0.0,0.0,stable,paired_game_cluster_bootstrap,False,False,0.0,0.0,0.0,0.0,0.0,0.0,0.0,True,True,unresolved,added6_only
0,5,5,test,placebo,skillnet:alfworld-appliance-preparer,all_alfworld,middle,4,4,4,6,24,0.0,0.0,0.0,0.0,0.0,stable,paired_game_cluster_bootstrap,False,False,0.0,0.0,0.0,0.0,0.0,0.0,0.0,True,True,unresolved,added6_only
0,5,5,test,placebo,skillnet:alfworld-appliance-preparer,all_alfworld,late,4,4,4,6,24,0.0,0.0,0.0,0.0,0.0,stable,paired_game_cluster_bootstrap,False,False,0.0,0.0,0.0,0.0,0.0,0.0,0.0,True,True,unresolved,added6_only
0,5,5,test,placebo,skillnet:alfworld-clean-object,all_alfworld,all,37,37,37,6,222,-0.013513513513513499,-0.04954954954954955,-0.03603603603603604,-0.16216216216216217,0.08108108108108109,uncertain,paired_game_cluster_bootstrap,False,False,0.3108108108108108,0.32432432432432434,0.09909909909909911,0.14864864864864866,-0.2117117117117117,-0.17567567567567569,0.24324324324324326,True,False,unresolved,added6_only
0,5,5,test,placebo,skillnet:alfworld-clean-object,all_alfworld,initial,25,25,25,6,150,-0.14,-0.15999999999999998,-0.020000000000000004,-0.18,0.12,uncertain,paired_game_cluster_bootstrap,False,False,0.24666666666666667,0.38666666666666666,0.0,0.15999999999999998,-0.24666666666666667,-0.22666666666666668,0.3,True,False,unresolved,added6_only
0,5,5,test,placebo,skillnet:alfworld-clean-object,all_alfworld,early,9,9,9,6,54,0.2222222222222222,0.12962962962962965,-0.09259259259259259,-0.3703703703703704,0.18518518518518517,uncertain,paired_game_cluster_bootstrap,False,True,0.48148148148148157,0.25925925925925924,0.29629629629629634,0.16666666666666666,-0.18518518518518523,-0.09259259259259259,0.5555555555555556,True,False,unresolved,added6_only
0,5,5,test,placebo,skillnet:alfworld-clean-object,all_alfworld,middle,1,1,1,6,6,0.0,0.0,0.0,,,uncertain,single_game_interval_undefined,False,False,0.0,0.0,0.0,0.0,0.0,0.0,,False,False,interval_undefined,added6_only
0,5,5,test,placebo,skillnet:alfworld-clean-object,all_alfworld,late,2,2,2,6,12,0.5,0.5,0.0,0.0,0.0,stable,paired_game_cluster_bootstrap,False,False,0.5,0.0,0.5,0.0,0.0,0.0,0.0,True,True,unresolved,added6_only
0,5,5,test,placebo,skillnet:alfworld-device-operator,all_alfworld,all,59,59,59,6,354,0.0423728813559322,0.011299435028248586,-0.031073446327683635,-0.12994350282485873,0.06779661016949151,uncertain,paired_game_cluster_bootstrap,False,False,0.288135593220339,0.2457627118644068,0.21468926553672316,0.2033898305084746,-0.07344632768361584,-0.0423728813559322,0.19774011299435024,True,False,unresolved,added6_only
0,5,5,test,placebo,skillnet:alfworld-device-operator,all_alfworld,initial,22,22,22,6,132,0.13636363636363635,-0.02272727272727273,-0.15909090909090912,-0.34848484848484856,0.007575757575757575,uncertain,paired_game_cluster_bootstrap,False,True,0.3560606060606061,0.2196969696969697,0.2575757575757576,0.28030303030303033,-0.09848484848484845,0.060606060606060635,0.35606060606060613,True,False,unresolved,added6_only
0,5,5,test,placebo,skillnet:alfworld-device-operator,all_alfworld,early,27,27,27,6,162,0.018518518518518514,0.037037037037037035,0.018518518518518517,-0.10493827160493827,0.14814814814814814,uncertain,paired_game_cluster_bootstrap,False,False,0.2839506172839506,0.2654320987654321,0.2037037037037037,0.16666666666666666,-0.08024691358024691,-0.09876543209876545,0.25308641975308643,True,False,unresolved,added6_only
0,5,5,test,placebo,skillnet:alfworld-device-operator,all_alfworld,middle,7,7,7,6,42,-0.14285714285714285,0.023809523809523808,0.16666666666666666,-0.07142857142857142,0.42857142857142855,uncertain,paired_game_cluster_bootstrap,False,False,0.21428571428571427,0.35714285714285715,0.21428571428571427,0.19047619047619047,0.0,-0.16666666666666669,0.5,True,False,unresolved,added6_only
0,5,5,test,placebo,skillnet:alfworld-device-operator,all_alfworld,late,3,3,3,6,18,0.0,0.0,0.0,0.0,0.0,stable,paired_game_cluster_bootstrap,False,False,0.0,0.0,0.0,0.0,0.0,0.0,0.0,True,True,unresolved,added6_only
0,5,5,test,placebo,skillnet:alfworld-heat-object-with-appliance,all_alfworld,all,32,32,32,6,192,0.171875,0.109375,-0.0625,-0.16666666666666663,0.03645833333333333,uncertain,paired_game_cluster_bootstrap,False,True,0.234375,0.06249999999999999,0.20833333333333334,0.09895833333333334,-0.026041666666666657,0.03645833333333335,0.20312499999999994,True,False,unresolved,added6_only
0,5,5,test,placebo,skillnet:alfworld-heat-object-with-appliance,all_alfworld,early,13,13,13,6,78,0.19230769230769232,0.025641025641025644,-0.16666666666666669,-0.3589743589743589,-8.540177112501205e-18,uncertain,paired_game_cluster_bootstrap,False,True,0.28205128205128205,0.08974358974358973,0.24358974358974358,0.21794871794871795,-0.038461538461538464,0.12820512820512822,0.3589743589743589,False,False,decline_resolved,added6_only
0,5,5,test,placebo,skillnet:alfworld-heat-object-with-appliance,all_alfworld,middle,12,12,12,6,72,0.23611111111111113,0.19444444444444445,-0.041666666666666664,-0.19444444444444445,0.06944444444444445,uncertain,paired_game_cluster_bootstrap,False,False,0.3055555555555555,0.06944444444444443,0.20833333333333334,0.013888888888888888,-0.09722222222222218,-0.055555555555555546,0.2638888888888889,True,False,unresolved,added6_only
0,5,5,test,placebo,skillnet:alfworld-heat-object-with-appliance,all_alfworld,late,7,7,7,6,42,0.023809523809523808,0.11904761904761905,0.09523809523809523,0.0,0.3095238095238095,uncertain,paired_game_cluster_bootstrap,False,False,0.023809523809523808,0.0,0.14285714285714285,0.023809523809523808,0.11904761904761904,0.023809523809523808,0.3095238095238095,True,False,unresolved,added6_only
0,5,5,test,placebo,skillnet:alfworld-inventory-management,all_alfworld,all,2,2,2,6,12,0.0,0.0,0.0,0.0,0.0,stable,paired_game_cluster_bootstrap,False,False,0.75,0.75,0.9166666666666667,0.9166666666666667,0.16666666666666674,0.16666666666666674,0.0,True,True,unresolved,added6_only
0,5,5,test,placebo,skillnet:alfworld-inventory-management,all_alfworld,early,2,2,2,6,12,0.0,0.0,0.0,0.0,0.0,stable,paired_game_cluster_bootstrap,False,False,0.75,0.75,0.9166666666666667,0.9166666666666667,0.16666666666666674,0.16666666666666674,0.0,True,True,unresolved,added6_only
0,5,5,test,placebo,skillnet:alfworld-locate-target-object,all_alfworld,all,2,2,2,6,12,0.0,0.0,0.0,-0.25,0.25,uncertain,paired_game_cluster_bootstrap,False,False,0.5,0.5,0.5833333333333334,0.5833333333333334,0.08333333333333337,0.08333333333333337,0.5,True,False,unresolved,added6_only
0,5,5,test,placebo,skillnet:alfworld-locate-target-object,all_alfworld,initial,2,2,2,6,12,0.0,0.0,0.0,-0.25,0.25,uncertain,paired_game_cluster_bootstrap,False,False,0.5,0.5,0.5833333333333334,0.5833333333333334,0.08333333333333337,0.08333333333333337,0.5,True,False,unresolved,added6_only
0,5,5,test,placebo,skillnet:alfworld-object-cooler,all_alfworld,all,21,21,21,6,126,0.055555555555555566,0.0634920634920635,0.007936507936507934,-0.11904761904761907,0.15079365079365079,uncertain,paired_game_cluster_bootstrap,False,False,0.36507936507936506,0.30952380952380953,0.21428571428571427,0.1507936507936508,-0.15079365079365079,-0.15873015873015872,0.2698412698412699,True,False,unresolved,added6_only
0,5,5,test,placebo,skillnet:alfworld-object-cooler,all_alfworld,early,9,9,9,6,54,0.12962962962962962,0.05555555555555555,-0.07407407407407406,-0.29629629629629634,0.12962962962962962,uncertain,paired_game_cluster_bootstrap,False,True,0.5185185185185186,0.3888888888888889,0.1851851851851852,0.12962962962962965,-0.33333333333333337,-0.25925925925925924,0.42592592592592593,True,False,unresolved,added6_only
0,5,5,test,placebo,skillnet:alfworld-object-cooler,all_alfworld,middle,6,6,6,6,36,-0.16666666666666666,0.0,0.16666666666666666,0.0,0.5,uncertain,paired_game_cluster_bootstrap,False,False,0.3333333333333333,0.5,0.3333333333333333,0.3333333333333333,0.0,-0.16666666666666669,0.5,True,False,unresolved,added6_only
0,5,5,test,placebo,skillnet:alfworld-object-cooler,all_alfworld,late,6,6,6,6,36,0.16666666666666666,0.1388888888888889,-0.027777777777777776,-0.1111111111111111,0.0,uncertain,paired_game_cluster_bootstrap,False,False,0.16666666666666666,0.0,0.1388888888888889,0.0,-0.027777777777777762,0.0,0.1111111111111111,True,False,unresolved,added6_only
0,5,5,test,placebo,skillnet:alfworld-object-disposer,all_alfworld,all,2,2,2,6,12,-0.08333333333333333,0.0,0.08333333333333333,0.0,0.3333333333333333,uncertain,paired_game_cluster_bootstrap,False,False,0.5833333333333334,0.6666666666666666,0.4166666666666667,0.4166666666666667,-0.16666666666666669,-0.24999999999999994,0.3333333333333333,True,False,unresolved,added6_only
0,5,5,test,placebo,skillnet:alfworld-object-disposer,all_alfworld,early,2,2,2,6,12,-0.08333333333333333,0.0,0.08333333333333333,0.0,0.3333333333333333,uncertain,paired_game_cluster_bootstrap,False,False,0.5833333333333334,0.6666666666666666,0.4166666666666667,0.4166666666666667,-0.16666666666666669,-0.24999999999999994,0.3333333333333333,True,False,unresolved,added6_only
0,5,5,test,placebo,skillnet:alfworld-object-heater,all_alfworld,all,9,9,9,6,54,0.018518518518518517,0.037037037037037035,0.018518518518518517,-0.09259259259259259,0.12962962962962962,uncertain,paired_game_cluster_bootstrap,False,False,0.2777777777777778,0.25925925925925924,0.24074074074074073,0.2037037037037037,-0.03703703703703706,-0.05555555555555555,0.2222222222222222,True,False,unresolved,added6_only
0,5,5,test,placebo,skillnet:alfworld-object-heater,all_alfworld,early,1,1,1,6,6,0.0,0.0,0.0,,,uncertain,single_game_interval_undefined,False,False,0.0,0.0,0.5,0.5,0.5,0.5,,False,False,interval_undefined,added6_only
0,5,5,test,placebo,skillnet:alfworld-object-heater,all_alfworld,middle,4,4,4,6,24,0.041666666666666664,0.08333333333333333,0.041666666666666664,-0.20833333333333331,0.29166666666666663,uncertain,paired_game_cluster_bootstrap,False,False,0.625,0.5833333333333333,0.41666666666666663,0.3333333333333333,-0.20833333333333337,-0.24999999999999994,0.49999999999999994,True,False,unresolved,added6_only
0,5,5,test,placebo,skillnet:alfworld-object-heater,all_alfworld,late,4,4,4,6,24,0.0,0.0,0.0,0.0,0.0,stable,paired_game_cluster_bootstrap,False,False,0.0,0.0,0.0,0.0,0.0,0.0,0.0,True,True,unresolved,added6_only
0,5,5,test,placebo,skillnet:alfworld-object-picker,all_alfworld,all,7,7,7,6,42,-0.11904761904761904,-0.023809523809523808,0.09523809523809523,-0.04761904761904762,0.2619047619047619,uncertain,paired_game_cluster_bootstrap,False,False,0.07142857142857142,0.1904761904761905,0.23809523809523808,0.2619047619047619,0.16666666666666666,0.07142857142857142,0.30952380952380953,True,False,unresolved,added6_only
0,5,5,test,placebo,skillnet:alfworld-object-picker,all_alfworld,early,4,4,4,6,24,-0.16666666666666666,0.0,0.16666666666666666,0.0,0.375,uncertain,paired_game_cluster_bootstrap,False,False,0.0,0.16666666666666666,0.0,0.0,0.0,-0.16666666666666666,0.375,True,False,unresolved,added6_only
0,5,5,test,placebo,skillnet:alfworld-object-picker,all_alfworld,middle,1,1,1,6,6,-0.16666666666666666,0.0,0.16666666666666666,,,uncertain,single_game_interval_undefined,False,False,0.0,0.16666666666666666,1.0,1.0,1.0,0.8333333333333334,,False,False,interval_undefined,added6_only
0,5,5,test,placebo,skillnet:alfworld-object-picker,all_alfworld,late,2,2,2,6,12,0.0,-0.08333333333333333,-0.08333333333333333,-0.3333333333333333,0.0,uncertain,paired_game_cluster_bootstrap,False,True,0.25,0.25,0.3333333333333333,0.4166666666666667,0.08333333333333331,0.16666666666666669,0.3333333333333333,True,False,unresolved,added6_only
0,5,5,test,placebo,skillnet:alfworld-object-placer,all_alfworld,all,23,23,23,6,138,-0.13768115942028986,-0.007246376811594201,0.13043478260869568,0.014492753623188403,0.2608695652173913,uncertain,paired_game_cluster_bootstrap,False,False,0.2898550724637681,0.4275362318840579,0.5144927536231884,0.5217391304347826,0.22463768115942023,0.09420289855072467,0.24637681159420288,False,False,increase_resolved,added6_only
0,5,5,test,placebo,skillnet:alfworld-object-placer,all_alfworld,initial,3,3,3,6,18,-0.05555555555555555,0.0,0.05555555555555555,0.0,0.2222222222222222,uncertain,paired_game_cluster_bootstrap,False,False,0.0,0.05555555555555555,0.1111111111111111,0.1111111111111111,0.1111111111111111,0.05555555555555555,0.2222222222222222,True,False,unresolved,added6_only
0,5,5,test,placebo,skillnet:alfworld-object-placer,all_alfworld,early,4,4,4,6,24,-0.5,-0.16666666666666666,0.3333333333333333,-0.08333333333333334,0.7499999999999999,uncertain,paired_game_cluster_bootstrap,False,False,0.08333333333333333,0.5833333333333334,0.7083333333333334,0.875,0.625,0.29166666666666663,0.8333333333333333,True,False,unresolved,added6_only
0,5,5,test,placebo,skillnet:alfworld-object-placer,all_alfworld,middle,10,10,10,6,60,-0.08333333333333336,0.05,0.13333333333333336,-0.049999999999999996,0.35,uncertain,paired_game_cluster_bootstrap,False,False,0.5166666666666667,0.6,0.75,0.7,0.23333333333333328,0.09999999999999998,0.39999999999999997,True,False,unresolved,added6_only
0,5,5,test,placebo,skillnet:alfworld-object-placer,all_alfworld,late,6,6,6,6,36,-0.027777777777777776,0.0,0.027777777777777776,0.0,0.1111111111111111,uncertain,paired_game_cluster_bootstrap,False,False,0.19444444444444445,0.2222222222222222,0.19444444444444445,0.19444444444444445,0.0,-0.027777777777777762,0.1111111111111111,True,False,unresolved,added6_only
0,5,5,test,placebo,skillnet:alfworld-object-retriever,all_alfworld,all,15,15,15,6,90,-0.1111111111111111,0.011111111111111118,0.12222222222222225,-0.08888888888888886,0.35555555555555557,uncertain,paired_game_cluster_bootstrap,False,False,0.2777777777777778,0.38888888888888895,0.33333333333333326,0.32222222222222224,0.05555555555555547,-0.06666666666666671,0.4444444444444444,True,False,unresolved,added6_only
0,5,5,test,placebo,skillnet:alfworld-object-retriever,all_alfworld,initial,2,2,2,6,12,0.0,0.25,0.25,-0.25,0.6666666666666667,uncertain,paired_game_cluster_bootstrap,False,False,0.0,0.0,0.41666666666666663,0.16666666666666666,0.41666666666666663,0.16666666666666666,0.9166666666666667,True,False,unresolved,added6_only
0,5,5,test,placebo,skillnet:alfworld-object-retriever,all_alfworld,early,13,13,13,6,78,-0.12820512820512822,-0.025641025641025644,0.10256410256410256,-0.1153846153846154,0.358974358974359,uncertain,paired_game_cluster_bootstrap,False,False,0.32051282051282054,0.4487179487179488,0.3205128205128205,0.34615384615384615,-5.551115123125783e-17,-0.10256410256410264,0.4743589743589744,True,False,unresolved,added6_only
0,5,5,test,placebo,skillnet:alfworld-object-state-inspector,all_alfworld,all,18,18,18,6,108,0.027777777777777776,-0.09259259259259259,-0.12037037037037036,-0.2592592592592593,0.018518518518518524,uncertain,paired_game_cluster_bootstrap,False,True,0.2314814814814815,0.2037037037037037,0.2592592592592593,0.35185185185185186,0.02777777777777779,0.14814814814814817,0.27777777777777785,True,False,unresolved,added6_only
0,5,5,test,placebo,skillnet:alfworld-object-state-inspector,all_alfworld,initial,10,10,10,6,60,-0.03333333333333333,-0.2,-0.16666666666666666,-0.3333333333333333,-0.03333333333333333,uncertain,paired_game_cluster_bootstrap,False,True,0.03333333333333333,0.06666666666666667,0.15,0.35,0.11666666666666667,0.2833333333333333,0.3,False,False,decline_resolved,added6_only
0,5,5,test,placebo,skillnet:alfworld-object-state-inspector,all_alfworld,early,7,7,7,6,42,0.09523809523809523,0.047619047619047616,-0.047619047619047616,-0.3333333333333333,0.2380952380952381,uncertain,paired_game_cluster_bootstrap,False,False,0.4047619047619047,0.3095238095238095,0.38095238095238093,0.3333333333333333,-0.02380952380952378,0.023809523809523836,0.5714285714285714,True,False,unresolved,added6_only
0,5,5,test,placebo,skillnet:alfworld-object-state-inspector,all_alfworld,middle,1,1,1,6,6,0.16666666666666666,0.0,-0.16666666666666666,,,uncertain,single_game_interval_undefined,False,True,1.0,0.8333333333333334,0.5,0.5,-0.5,-0.33333333333333337,,False,False,interval_undefined,added6_only
0,5,5,test,placebo,skillnet:alfworld-object-storer,all_alfworld,all,18,18,18,6,108,-0.027777777777777776,-0.06481481481481481,-0.037037037037037035,-0.12037037037037036,0.027777777777777776,uncertain,paired_game_cluster_bootstrap,False,False,0.10185185185185186,0.12962962962962962,0.21296296296296297,0.2777777777777778,0.1111111111111111,0.14814814814814817,0.14814814814814814,True,False,unresolved,added6_only
0,5,5,test,placebo,skillnet:alfworld-object-storer,all_alfworld,early,8,8,8,6,48,-0.08333333333333333,-0.08333333333333333,0.0,-0.10416666666666666,0.10416666666666666,uncertain,paired_game_cluster_bootstrap,False,False,0.0,0.08333333333333333,0.2916666666666667,0.375,0.2916666666666667,0.2916666666666667,0.20833333333333331,True,False,unresolved,added6_only
0,5,5,test,placebo,skillnet:alfworld-object-storer,all_alfworld,middle,6,6,6,6,36,0.0,-0.05555555555555555,-0.05555555555555555,-0.19444444444444445,0.0,uncertain,paired_game_cluster_bootstrap,False,True,0.16666666666666666,0.16666666666666666,0.1111111111111111,0.16666666666666666,-0.05555555555555555,0.0,0.19444444444444445,True,False,unresolved,added6_only
0,5,5,test,placebo,skillnet:alfworld-object-storer,all_alfworld,late,4,4,4,6,24,0.041666666666666664,-0.041666666666666664,-0.08333333333333333,-0.3333333333333333,0.0,uncertain,paired_game_cluster_bootstrap,False,True,0.20833333333333334,0.16666666666666666,0.20833333333333334,0.25,0.0,0.08333333333333334,0.3333333333333333,True,False,unresolved,added6_only
0,5,5,test,placebo,skillnet:alfworld-object-transporter,all_alfworld,all,1,1,1,6,6,-0.16666666666666666,0.0,0.16666666666666666,,,uncertain,single_game_interval_undefined,False,False,0.8333333333333334,1.0,1.0,1.0,0.16666666666666663,0.0,,False,False,interval_undefined,added6_only
0,5,5,test,placebo,skillnet:alfworld-object-transporter,all_alfworld,late,1,1,1,6,6,-0.16666666666666666,0.0,0.16666666666666666,,,uncertain,single_game_interval_undefined,False,False,0.8333333333333334,1.0,1.0,1.0,0.16666666666666663,0.0,,False,False,interval_undefined,added6_only
0,5,5,test,placebo,skillnet:alfworld-receptacle-closer,all_alfworld,all,5,5,5,6,30,0.0,0.0,0.0,0.0,0.0,stable,paired_game_cluster_bootstrap,False,False,0.1,0.1,0.0,0.0,-0.1,-0.1,0.0,True,True,unresolved,added6_only
0,5,5,test,placebo,skillnet:alfworld-receptacle-closer,all_alfworld,middle,4,4,4,6,24,0.0,0.0,0.0,0.0,0.0,stable,paired_game_cluster_bootstrap,False,False,0.125,0.125,0.0,0.0,-0.125,-0.125,0.0,True,True,unresolved,added6_only
0,5,5,test,placebo,skillnet:alfworld-receptacle-closer,all_alfworld,late,1,1,1,6,6,0.0,0.0,0.0,,,uncertain,single_game_interval_undefined,False,False,0.0,0.0,0.0,0.0,0.0,0.0,,False,False,interval_undefined,added6_only
0,5,5,test,placebo,skillnet:alfworld-receptacle-finder,all_alfworld,all,10,10,10,6,60,-0.15,-0.016666666666666666,0.13333333333333336,-0.06666666666666667,0.38333333333333336,uncertain,paired_game_cluster_bootstrap,False,False,0.03333333333333333,0.18333333333333335,0.15,0.16666666666666669,0.11666666666666667,-0.016666666666666663,0.45,True,False,unresolved,added6_only
0,5,5,test,placebo,skillnet:alfworld-receptacle-finder,all_alfworld,initial,3,3,3,6,18,-0.3333333333333333,-0.05555555555555555,0.2777777777777778,0.0,0.7777777777777778,uncertain,paired_game_cluster_bootstrap,False,False,0.0,0.3333333333333333,0.0,0.05555555555555555,0.0,-0.2777777777777778,0.7777777777777778,True,False,unresolved,added6_only
0,5,5,test,placebo,skillnet:alfworld-receptacle-finder,all_alfworld,early,1,1,1,6,6,-0.8333333333333334,0.0,0.8333333333333334,,,uncertain,single_game_interval_undefined,False,False,0.0,0.8333333333333334,0.0,0.0,0.0,-0.8333333333333334,,False,False,interval_undefined,added6_only
0,5,5,test,placebo,skillnet:alfworld-receptacle-finder,all_alfworld,middle,1,1,1,6,6,0.16666666666666666,0.16666666666666666,0.0,,,uncertain,single_game_interval_undefined,False,False,0.16666666666666666,0.0,1.0,0.8333333333333334,0.8333333333333334,0.8333333333333334,,False,False,interval_undefined,added6_only
0,5,5,test,placebo,skillnet:alfworld-receptacle-finder,all_alfworld,late,5,5,5,6,30,0.03333333333333333,-0.03333333333333333,-0.06666666666666667,-0.2,0.0,uncertain,paired_game_cluster_bootstrap,False,True,0.03333333333333333,0.0,0.1,0.13333333333333333,0.06666666666666668,0.13333333333333333,0.2,True,False,unresolved,added6_only
0,5,5,test,placebo,skillnet:alfworld-receptacle-navigator,all_alfworld,all,2,2,2,6,12,0.0,-0.08333333333333333,-0.08333333333333333,-0.4166666666666667,0.16666666666666666,uncertain,paired_game_cluster_bootstrap,False,True,0.0,0.0,0.16666666666666666,0.25,0.16666666666666666,0.25,0.5833333333333334,True,False,unresolved,added6_only
0,5,5,test,placebo,skillnet:alfworld-receptacle-navigator,all_alfworld,early,2,2,2,6,12,0.0,-0.08333333333333333,-0.08333333333333333,-0.4166666666666667,0.16666666666666666,uncertain,paired_game_cluster_bootstrap,False,True,0.0,0.0,0.16666666666666666,0.25,0.16666666666666666,0.25,0.5833333333333334,True,False,unresolved,added6_only
0,5,5,test,placebo,skillnet:alfworld-receptacle-opener,all_alfworld,all,8,8,8,6,48,0.0,0.0,0.0,-0.0625,0.0625,uncertain,paired_game_cluster_bootstrap,False,False,0.0,0.0,0.041666666666666664,0.041666666666666664,0.041666666666666664,0.041666666666666664,0.125,True,False,unresolved,added6_only
0,5,5,test,placebo,skillnet:alfworld-receptacle-opener,all_alfworld,early,1,1,1,6,6,0.0,0.0,0.0,,,uncertain,single_game_interval_undefined,False,False,0.0,0.0,0.0,0.0,0.0,0.0,,False,False,interval_undefined,added6_only
0,5,5,test,placebo,skillnet:alfworld-receptacle-opener,all_alfworld,middle,2,2,2,6,12,0.0,0.0,0.0,0.0,0.0,stable,paired_game_cluster_bootstrap,False,False,0.0,0.0,0.0,0.0,0.0,0.0,0.0,True,True,unresolved,added6_only
0,5,5,test,placebo,skillnet:alfworld-receptacle-opener,all_alfworld,late,5,5,5,6,30,0.0,0.0,0.0,-0.1,0.1,uncertain,paired_game_cluster_bootstrap,False,False,0.0,0.0,0.06666666666666667,0.06666666666666667,0.06666666666666667,0.06666666666666667,0.2,True,False,unresolved,added6_only
0,5,5,test,placebo,skillnet:alfworld-receptacle-operator,all_alfworld,all,7,7,7,6,42,0.0,-0.023809523809523808,-0.023809523809523808,-0.14285714285714285,0.09523809523809523,uncertain,paired_game_cluster_bootstrap,False,False,0.19047619047619047,0.19047619047619047,0.23809523809523808,0.2619047619047619,0.047619047619047616,0.07142857142857145,0.23809523809523808,True,False,unresolved,added6_only
0,5,5,test,placebo,skillnet:alfworld-receptacle-operator,all_alfworld,early,2,2,2,6,12,0.0,0.08333333333333333,0.08333333333333333,0.0,0.3333333333333333,uncertain,paired_game_cluster_bootstrap,False,False,0.5,0.5,0.5,0.4166666666666667,0.0,-0.08333333333333331,0.3333333333333333,True,False,unresolved,added6_only
0,5,5,test,placebo,skillnet:alfworld-receptacle-operator,all_alfworld,middle,3,3,3,6,18,0.0,-0.1111111111111111,-0.1111111111111111,-0.3333333333333333,0.0,uncertain,paired_game_cluster_bootstrap,False,True,0.1111111111111111,0.1111111111111111,0.2222222222222222,0.3333333333333333,0.1111111111111111,0.2222222222222222,0.3333333333333333,True,False,unresolved,added6_only
0,5,5,test,placebo,skillnet:alfworld-receptacle-operator,all_alfworld,late,2,2,2,6,12,0.0,0.0,0.0,0.0,0.0,stable,paired_game_cluster_bootstrap,False,False,0.0,0.0,0.0,0.0,0.0,0.0,0.0,True,True,unresolved,added6_only
0,5,5,test,placebo,skillnet:alfworld-receptacle-searcher,all_alfworld,all,2,2,2,6,12,0.08333333333333333,0.0,-0.08333333333333333,-0.3333333333333333,0.25,uncertain,paired_game_cluster_bootstrap,False,True,0.8333333333333333,0.75,0.16666666666666666,0.16666666666666666,-0.6666666666666666,-0.5833333333333334,0.5833333333333333,True,False,unresolved,added6_only
0,5,5,test,placebo,skillnet:alfworld-receptacle-searcher,all_alfworld,initial,2,2,2,6,12,0.08333333333333333,0.0,-0.08333333333333333,-0.3333333333333333,0.25,uncertain,paired_game_cluster_bootstrap,False,True,0.8333333333333333,0.75,0.16666666666666666,0.16666666666666666,-0.6666666666666666,-0.5833333333333334,0.5833333333333333,True,False,unresolved,added6_only
0,5,5,test,placebo,skillnet:alfworld-storage-explorer,all_alfworld,all,44,44,44,6,264,-0.05303030303030303,-0.01893939393939394,0.03409090909090909,-0.06818181818181818,0.14015151515151517,uncertain,paired_game_cluster_bootstrap,False,False,0.19696969696969696,0.25,0.2840909090909091,0.30303030303030304,0.08712121212121215,0.05303030303030304,0.20833333333333334,True,False,unresolved,added6_only
0,5,5,test,placebo,skillnet:alfworld-storage-explorer,all_alfworld,initial,23,23,23,6,138,-0.05797101449275362,-0.021739130434782608,0.03623188405797102,-0.13043478260869565,0.2028985507246377,uncertain,paired_game_cluster_bootstrap,False,False,0.18115942028985504,0.2391304347826087,0.34782608695652173,0.3695652173913043,0.16666666666666669,0.13043478260869562,0.33333333333333337,True,False,unresolved,added6_only
0,5,5,test,placebo,skillnet:alfworld-storage-explorer,all_alfworld,early,18,18,18,6,108,-0.05555555555555555,-0.018518518518518517,0.037037037037037035,-0.0925925925925926,0.18518518518518517,uncertain,paired_game_cluster_bootstrap,False,False,0.24999999999999994,0.3055555555555556,0.25,0.26851851851851855,5.551115123125783e-17,-0.037037037037037035,0.2777777777777778,True,False,unresolved,added6_only
0,5,5,test,placebo,skillnet:alfworld-storage-explorer,all_alfworld,middle,1,1,1,6,6,0.0,0.0,0.0,,,uncertain,single_game_interval_undefined,False,False,0.0,0.0,0.0,0.0,0.0,0.0,,False,False,interval_undefined,added6_only
0,5,5,test,placebo,skillnet:alfworld-storage-explorer,all_alfworld,late,2,2,2,6,12,0.0,0.0,0.0,0.0,0.0,stable,paired_game_cluster_bootstrap,False,False,0.0,0.0,0.0,0.0,0.0,0.0,0.0,True,True,unresolved,added6_only
0,5,5,test,placebo,skillnet:alfworld-temperature-regulator,all_alfworld,all,6,6,6,6,36,0.08333333333333333,0.1111111111111111,0.027777777777777776,-0.11111111111111112,0.16666666666666666,uncertain,paired_game_cluster_bootstrap,False,False,0.08333333333333333,0.0,0.13888888888888887,0.027777777777777776,0.05555555555555554,0.027777777777777776,0.2777777777777778,True,False,unresolved,added6_only
0,5,5,test,placebo,skillnet:alfworld-temperature-regulator,all_alfworld,middle,2,2,2,6,12,0.16666666666666666,0.16666666666666666,0.0,0.0,0.0,stable,paired_game_cluster_bootstrap,False,False,0.16666666666666666,0.0,0.16666666666666666,0.0,0.0,0.0,0.0,True,True,unresolved,added6_only
0,5,5,test,placebo,skillnet:alfworld-temperature-regulator,all_alfworld,late,4,4,4,6,24,0.041666666666666664,0.08333333333333333,0.041666666666666664,-0.16666666666666669,0.25,uncertain,paired_game_cluster_bootstrap,False,False,0.041666666666666664,0.0,0.125,0.041666666666666664,0.08333333333333334,0.041666666666666664,0.4166666666666667,True,False,unresolved,added6_only
0,5,5,test,placebo,skillnet:alfworld-tool-locator,all_alfworld,all,4,4,4,6,24,-0.041666666666666664,-0.08333333333333333,-0.041666666666666664,-0.16666666666666666,0.0,uncertain,paired_game_cluster_bootstrap,False,False,0.5,0.5416666666666666,0.08333333333333333,0.16666666666666666,-0.4166666666666667,-0.375,0.16666666666666666,True,False,unresolved,added6_only
0,5,5,test,placebo,skillnet:alfworld-tool-locator,all_alfworld,early,4,4,4,6,24,-0.041666666666666664,-0.08333333333333333,-0.041666666666666664,-0.16666666666666666,0.0,uncertain,paired_game_cluster_bootstrap,False,False,0.5,0.5416666666666666,0.08333333333333333,0.16666666666666666,-0.4166666666666667,-0.375,0.16666666666666666,True,False,unresolved,added6_only
0,5,5,test,null,skillnet:alfworld-appliance-navigator,all_alfworld,all,62,62,62,6,372,-0.04301075268817203,-0.01612903225806452,0.026881720430107524,-0.05913978494623655,0.11290322580645161,uncertain,paired_game_cluster_bootstrap,False,False,0.24193548387096775,0.2849462365591398,0.17473118279569896,0.19086021505376344,-0.06720430107526879,-0.09408602150537637,0.17204301075268816,True,False,unresolved,added6_only
0,5,5,test,null,skillnet:alfworld-appliance-navigator,all_alfworld,initial,42,42,42,6,252,-0.06746031746031746,-0.011904761904761904,0.055555555555555546,-0.06349206349206349,0.17063492063492064,uncertain,paired_game_cluster_bootstrap,False,False,0.2896825396825397,0.35714285714285715,0.19841269841269837,0.2103174603174603,-0.09126984126984133,-0.14682539682539686,0.23412698412698413,True,False,unresolved,added6_only
0,5,5,test,null,skillnet:alfworld-appliance-navigator,all_alfworld,early,8,8,8,6,48,0.08333333333333333,-0.041666666666666664,-0.125,-0.375,0.0,uncertain,paired_game_cluster_bootstrap,False,True,0.22916666666666669,0.14583333333333334,0.1875,0.22916666666666666,-0.041666666666666685,0.08333333333333331,0.375,True,False,unresolved,added6_only
0,5,5,test,null,skillnet:alfworld-appliance-navigator,all_alfworld,middle,6,6,6,6,36,0.0,0.0,0.0,0.0,0.0,stable,paired_game_cluster_bootstrap,False,False,0.16666666666666666,0.16666666666666666,0.16666666666666666,0.16666666666666666,0.0,0.0,0.0,True,True,unresolved,added6_only
0,5,5,test,null,skillnet:alfworld-appliance-navigator,all_alfworld,late,6,6,6,6,36,-0.08333333333333333,-0.027777777777777776,0.05555555555555556,-0.08333333333333333,0.27777777777777773,uncertain,paired_game_cluster_bootstrap,False,False,0.0,0.08333333333333333,0.0,0.027777777777777776,0.0,-0.05555555555555555,0.36111111111111105,True,False,unresolved,added6_only
0,5,5,test,null,skillnet:alfworld-appliance-preparer,all_alfworld,all,8,8,8,6,48,0.0,0.0,0.0,0.0,0.0,stable,paired_game_cluster_bootstrap,False,False,0.0,0.0,0.0,0.0,0.0,0.0,0.0,True,True,unresolved,added6_only
0,5,5,test,null,skillnet:alfworld-appliance-preparer,all_alfworld,middle,4,4,4,6,24,0.0,0.0,0.0,0.0,0.0,stable,paired_game_cluster_bootstrap,False,False,0.0,0.0,0.0,0.0,0.0,0.0,0.0,True,True,unresolved,added6_only
0,5,5,test,null,skillnet:alfworld-appliance-preparer,all_alfworld,late,4,4,4,6,24,0.0,0.0,0.0,0.0,0.0,stable,paired_game_cluster_bootstrap,False,False,0.0,0.0,0.0,0.0,0.0,0.0,0.0,True,True,unresolved,added6_only
0,5,5,test,null,skillnet:alfworld-clean-object,all_alfworld,all,37,37,37,6,222,-0.04954954954954954,-0.0855855855855856,-0.03603603603603604,-0.18018018018018017,0.09909909909909911,uncertain,paired_game_cluster_bootstrap,False,False,0.3108108108108108,0.3603603603603604,0.09909909909909911,0.18468468468468466,-0.2117117117117117,-0.17567567567567574,0.2792792792792793,True,False,unresolved,added6_only
0,5,5,test,null,skillnet:alfworld-clean-object,all_alfworld,initial,25,25,25,6,150,-0.16666666666666663,-0.18666666666666665,-0.019999999999999997,-0.18666666666666668,0.14666666666666667,uncertain,paired_game_cluster_bootstrap,False,False,0.24666666666666667,0.4133333333333333,0.0,0.18666666666666665,-0.24666666666666667,-0.22666666666666663,0.33333333333333337,True,False,unresolved,added6_only
0,5,5,test,null,skillnet:alfworld-clean-object,all_alfworld,early,9,9,9,6,54,0.14814814814814817,0.055555555555555546,-0.0925925925925926,-0.4444444444444444,0.2222222222222222,uncertain,paired_game_cluster_bootstrap,False,True,0.48148148148148157,0.3333333333333333,0.29629629629629634,0.24074074074074078,-0.18518518518518523,-0.09259259259259253,0.6666666666666666,True,False,unresolved,added6_only
0,5,5,test,null,skillnet:alfworld-clean-object,all_alfworld,middle,1,1,1,6,6,0.0,0.0,0.0,,,uncertain,single_game_interval_undefined,False,False,0.0,0.0,0.0,0.0,0.0,0.0,,False,False,interval_undefined,added6_only
0,5,5,test,null,skillnet:alfworld-clean-object,all_alfworld,late,2,2,2,6,12,0.5,0.5,0.0,0.0,0.0,stable,paired_game_cluster_bootstrap,False,False,0.5,0.0,0.5,0.0,0.0,0.0,0.0,True,True,unresolved,added6_only
0,5,5,test,null,skillnet:alfworld-device-operator,all_alfworld,all,59,59,59,6,354,0.008474576271186444,0.025423728813559324,0.016949152542372878,-0.06497175141242938,0.09887005649717513,uncertain,paired_game_cluster_bootstrap,False,False,0.288135593220339,0.27966101694915246,0.21468926553672316,0.18926553672316382,-0.07344632768361584,-0.09039548022598864,0.1638418079096045,True,False,unresolved,added6_only
0,5,5,test,null,skillnet:alfworld-device-operator,all_alfworld,initial,22,22,22,6,132,1.0092936587501423e-17,0.00757575757575757,0.00757575757575757,-0.15151515151515155,0.1590909090909091,uncertain,paired_game_cluster_bootstrap,False,False,0.3560606060606061,0.356060606060606,0.2575757575757576,0.25,-0.09848484848484845,-0.10606060606060602,0.31060606060606066,True,False,unresolved,added6_only
0,5,5,test,null,skillnet:alfworld-device-operator,all_alfworld,early,27,27,27,6,162,0.061728395061728385,0.06172839506172839,-2.05596856412066e-18,-0.10493827160493827,0.10493827160493828,uncertain,paired_game_cluster_bootstrap,False,False,0.2839506172839506,0.2222222222222222,0.2037037037037037,0.1419753086419753,-0.08024691358024691,-0.08024691358024691,0.20987654320987653,True,False,unresolved,added6_only
0,5,5,test,null,skillnet:alfworld-device-operator,all_alfworld,middle,7,7,7,6,42,-0.16666666666666666,-0.047619047619047616,0.11904761904761905,-0.14285714285714285,0.42857142857142855,uncertain,paired_game_cluster_bootstrap,False,False,0.21428571428571427,0.380952380952381,0.21428571428571427,0.2619047619047619,0.0,-0.11904761904761907,0.5714285714285714,True,False,unresolved,added6_only
0,5,5,test,null,skillnet:alfworld-device-operator,all_alfworld,late,3,3,3,6,18,0.0,0.0,0.0,0.0,0.0,stable,paired_game_cluster_bootstrap,False,False,0.0,0.0,0.0,0.0,0.0,0.0,0.0,True,True,unresolved,added6_only
0,5,5,test,null,skillnet:alfworld-heat-object-with-appliance,all_alfworld,all,32,32,32,6,192,0.13541666666666669,0.13020833333333331,-0.0052083333333333304,-0.11471354166666656,0.09895833333333334,uncertain,paired_game_cluster_bootstrap,False,False,0.234375,0.09895833333333333,0.20833333333333334,0.078125,-0.026041666666666657,-0.02083333333333333,0.2136718749999999,True,False,unresolved,added6_only
0,5,5,test,null,skillnet:alfworld-heat-object-with-appliance,all_alfworld,early,13,13,13,6,78,0.10256410256410256,0.08974358974358973,-0.012820512820512815,-0.17948717948717946,0.14102564102564102,uncertain,paired_game_cluster_bootstrap,False,False,0.28205128205128205,0.17948717948717946,0.24358974358974358,0.15384615384615385,-0.038461538461538464,-0.025641025641025605,0.3205128205128205,True,False,unresolved,added6_only
0,5,5,test,null,skillnet:alfworld-heat-object-with-appliance,all_alfworld,middle,12,12,12,6,72,0.23611111111111108,0.19444444444444442,-0.041666666666666664,-0.25,0.16666666666666666,uncertain,paired_game_cluster_bootstrap,False,False,0.3055555555555555,0.06944444444444445,0.20833333333333334,0.013888888888888888,-0.09722222222222218,-0.05555555555555556,0.41666666666666663,True,False,unresolved,added6_only
0,5,5,test,null,skillnet:alfworld-heat-object-with-appliance,all_alfworld,late,7,7,7,6,42,0.023809523809523808,0.09523809523809523,0.07142857142857142,0.0,0.2380952380952381,uncertain,paired_game_cluster_bootstrap,False,False,0.023809523809523808,0.0,0.14285714285714285,0.047619047619047616,0.11904761904761904,0.047619047619047616,0.2380952380952381,True,False,unresolved,added6_only
0,5,5,test,null,skillnet:alfworld-inventory-management,all_alfworld,all,2,2,2,6,12,0.0,0.0,0.0,0.0,0.0,stable,paired_game_cluster_bootstrap,False,False,0.75,0.75,0.9166666666666667,0.9166666666666667,0.16666666666666674,0.16666666666666674,0.0,True,True,unresolved,added6_only
0,5,5,test,null,skillnet:alfworld-inventory-management,all_alfworld,early,2,2,2,6,12,0.0,0.0,0.0,0.0,0.0,stable,paired_game_cluster_bootstrap,False,False,0.75,0.75,0.9166666666666667,0.9166666666666667,0.16666666666666674,0.16666666666666674,0.0,True,True,unresolved,added6_only
0,5,5,test,null,skillnet:alfworld-locate-target-object,all_alfworld,all,2,2,2,6,12,0.0,0.0,0.0,-0.25,0.25,uncertain,paired_game_cluster_bootstrap,False,False,0.5,0.5,0.5833333333333334,0.5833333333333334,0.08333333333333337,0.08333333333333337,0.5,True,False,unresolved,added6_only
0,5,5,test,null,skillnet:alfworld-locate-target-object,all_alfworld,initial,2,2,2,6,12,0.0,0.0,0.0,-0.25,0.25,uncertain,paired_game_cluster_bootstrap,False,False,0.5,0.5,0.5833333333333334,0.5833333333333334,0.08333333333333337,0.08333333333333337,0.5,True,False,unresolved,added6_only
0,5,5,test,null,skillnet:alfworld-object-cooler,all_alfworld,all,21,21,21,6,126,0.047619047619047616,0.04761904761904763,0.0,-0.13492063492063494,0.15079365079365079,uncertain,paired_game_cluster_bootstrap,False,False,0.36507936507936506,0.31746031746031744,0.21428571428571427,0.16666666666666666,-0.15079365079365079,-0.15079365079365079,0.2857142857142857,True,False,unresolved,added6_only
0,5,5,test,null,skillnet:alfworld-object-cooler,all_alfworld,early,9,9,9,6,54,0.1111111111111111,0.05555555555555555,-0.055555555555555546,-0.2962962962962963,0.14814814814814817,uncertain,paired_game_cluster_bootstrap,False,True,0.5185185185185186,0.40740740740740744,0.1851851851851852,0.12962962962962965,-0.33333333333333337,-0.2777777777777778,0.4444444444444444,True,False,unresolved,added6_only
0,5,5,test,null,skillnet:alfworld-object-cooler,all_alfworld,middle,6,6,6,6,36,-0.16666666666666666,-0.05555555555555555,0.11111111111111112,-0.16666666666666666,0.5,uncertain,paired_game_cluster_bootstrap,False,False,0.3333333333333333,0.5,0.3333333333333333,0.3888888888888889,0.0,-0.1111111111111111,0.6666666666666666,True,False,unresolved,added6_only
0,5,5,test,null,skillnet:alfworld-object-cooler,all_alfworld,late,6,6,6,6,36,0.16666666666666666,0.1388888888888889,-0.027777777777777776,-0.1111111111111111,0.0,uncertain,paired_game_cluster_bootstrap,False,False,0.16666666666666666,0.0,0.1388888888888889,0.0,-0.027777777777777762,0.0,0.1111111111111111,True,False,unresolved,added6_only
0,5,5,test,null,skillnet:alfworld-object-disposer,all_alfworld,all,2,2,2,6,12,-0.08333333333333333,0.0,0.08333333333333333,0.0,0.3333333333333333,uncertain,paired_game_cluster_bootstrap,False,False,0.5833333333333334,0.6666666666666666,0.4166666666666667,0.4166666666666667,-0.16666666666666669,-0.24999999999999994,0.3333333333333333,True,False,unresolved,added6_only
0,5,5,test,null,skillnet:alfworld-object-disposer,all_alfworld,early,2,2,2,6,12,-0.08333333333333333,0.0,0.08333333333333333,0.0,0.3333333333333333,uncertain,paired_game_cluster_bootstrap,False,False,0.5833333333333334,0.6666666666666666,0.4166666666666667,0.4166666666666667,-0.16666666666666669,-0.24999999999999994,0.3333333333333333,True,False,unresolved,added6_only
0,5,5,test,null,skillnet:alfworld-object-heater,all_alfworld,all,9,9,9,6,54,0.09259259259259259,0.05555555555555555,-0.037037037037037035,-0.16666666666666666,0.05555555555555555,uncertain,paired_game_cluster_bootstrap,False,False,0.2777777777777778,0.1851851851851852,0.24074074074074073,0.18518518518518517,-0.03703703703703706,-2.7755575615628914e-17,0.2222222222222222,True,False,unresolved,added6_only
0,5,5,test,null,skillnet:alfworld-object-heater,all_alfworld,early,1,1,1,6,6,0.0,0.0,0.0,,,uncertain,single_game_interval_undefined,False,False,0.0,0.0,0.5,0.5,0.5,0.5,,False,False,interval_undefined,added6_only
0,5,5,test,null,skillnet:alfworld-object-heater,all_alfworld,middle,4,4,4,6,24,0.20833333333333331,0.125,-0.08333333333333333,-0.375,0.16666666666666666,uncertain,paired_game_cluster_bootstrap,False,True,0.625,0.4166666666666667,0.41666666666666663,0.2916666666666667,-0.20833333333333337,-0.125,0.5416666666666666,True,False,unresolved,added6_only
0,5,5,test,null,skillnet:alfworld-object-heater,all_alfworld,late,4,4,4,6,24,0.0,0.0,0.0,0.0,0.0,stable,paired_game_cluster_bootstrap,False,False,0.0,0.0,0.0,0.0,0.0,0.0,0.0,True,True,unresolved,added6_only
0,5,5,test,null,skillnet:alfworld-object-picker,all_alfworld,all,7,7,7,6,42,-0.09523809523809523,-0.023809523809523808,0.07142857142857142,-0.07142857142857142,0.21428571428571433,uncertain,paired_game_cluster_bootstrap,False,False,0.07142857142857142,0.16666666666666666,0.23809523809523808,0.2619047619047619,0.16666666666666666,0.09523809523809526,0.28571428571428575,True,False,unresolved,added6_only
0,5,5,test,null,skillnet:alfworld-object-picker,all_alfworld,early,4,4,4,6,24,-0.125,0.0,0.125,0.0,0.3333333333333333,uncertain,paired_game_cluster_bootstrap,False,False,0.0,0.125,0.0,0.0,0.0,-0.125,0.3333333333333333,True,False,unresolved,added6_only
0,5,5,test,null,skillnet:alfworld-object-picker,all_alfworld,middle,1,1,1,6,6,-0.16666666666666666,0.0,0.16666666666666666,,,uncertain,single_game_interval_undefined,False,False,0.0,0.16666666666666666,1.0,1.0,1.0,0.8333333333333334,,False,False,interval_undefined,added6_only
0,5,5,test,null,skillnet:alfworld-object-picker,all_alfworld,late,2,2,2,6,12,0.0,-0.08333333333333333,-0.08333333333333333,-0.3333333333333333,0.0,uncertain,paired_game_cluster_bootstrap,False,True,0.25,0.25,0.3333333333333333,0.4166666666666667,0.08333333333333331,0.16666666666666669,0.3333333333333333,True,False,unresolved,added6_only
0,5,5,test,null,skillnet:alfworld-object-placer,all_alfworld,all,23,23,23,6,138,-0.17391304347826086,0.007246376811594205,0.18115942028985507,0.05797101449275363,0.31884057971014496,positive,paired_game_cluster_bootstrap,False,False,0.2898550724637681,0.4637681159420289,0.5144927536231884,0.5072463768115941,0.22463768115942023,0.043478260869565244,0.26086956521739135,False,False,increase_resolved,added6_only
0,5,5,test,null,skillnet:alfworld-object-placer,all_alfworld,initial,3,3,3,6,18,-0.2222222222222222,0.0,0.2222222222222222,0.0,0.5,uncertain,paired_game_cluster_bootstrap,False,False,0.0,0.2222222222222222,0.1111111111111111,0.1111111111111111,0.1111111111111111,-0.1111111111111111,0.5,True,False,unresolved,added6_only
0,5,5,test,null,skillnet:alfworld-object-placer,all_alfworld,early,4,4,4,6,24,-0.37500000000000006,-0.041666666666666664,0.33333333333333337,-0.08333333333333334,0.8333333333333334,uncertain,paired_game_cluster_bootstrap,False,False,0.08333333333333333,0.4583333333333333,0.7083333333333334,0.75,0.625,0.2916666666666667,0.9166666666666667,True,False,unresolved,added6_only
0,5,5,test,null,skillnet:alfworld-object-placer,all_alfworld,middle,10,10,10,6,60,-0.13333333333333333,0.03333333333333334,0.16666666666666669,0.016666666666666666,0.36666666666666664,uncertain,paired_game_cluster_bootstrap,False,False,0.5166666666666667,0.65,0.75,0.7166666666666666,0.23333333333333328,0.06666666666666654,0.35,False,False,increase_resolved,added6_only
0,5,5,test,null,skillnet:alfworld-object-placer,all_alfworld,late,6,6,6,6,36,-0.08333333333333333,0.0,0.08333333333333333,0.0,0.27777777777777773,uncertain,paired_game_cluster_bootstrap,False,False,0.19444444444444445,0.27777777777777773,0.19444444444444445,0.19444444444444445,0.0,-0.08333333333333329,0.27777777777777773,True,False,unresolved,added6_only
0,5,5,test,null,skillnet:alfworld-object-retriever,all_alfworld,all,15,15,15,6,90,-0.1,-0.03333333333333333,0.06666666666666665,-0.14444444444444443,0.2888888888888889,uncertain,paired_game_cluster_bootstrap,False,False,0.2777777777777778,0.3777777777777778,0.33333333333333326,0.3666666666666666,0.05555555555555547,-0.011111111111111238,0.43333333333333335,True,False,unresolved,added6_only
0,5,5,test,null,skillnet:alfworld-object-retriever,all_alfworld,initial,2,2,2,6,12,0.0,0.16666666666666666,0.16666666666666666,0.0,0.41666666666666663,uncertain,paired_game_cluster_bootstrap,False,False,0.0,0.0,0.41666666666666663,0.25,0.41666666666666663,0.25,0.41666666666666663,True,False,unresolved,added6_only
0,5,5,test,null,skillnet:alfworld-object-retriever,all_alfworld,early,13,13,13,6,78,-0.11538461538461539,-0.06410256410256411,0.05128205128205129,-0.19230769230769232,0.3076923076923077,uncertain,paired_game_cluster_bootstrap,False,False,0.32051282051282054,0.4358974358974359,0.3205128205128205,0.3846153846153845,-5.551115123125783e-17,-0.05128205128205138,0.5,True,False,unresolved,added6_only
0,5,5,test,null,skillnet:alfworld-object-state-inspector,all_alfworld,all,18,18,18,6,108,0.00925925925925926,-0.027777777777777776,-0.037037037037037035,-0.18518518518518515,0.1111111111111111,uncertain,paired_game_cluster_bootstrap,False,False,0.2314814814814815,0.2222222222222222,0.2592592592592593,0.28703703703703703,0.02777777777777779,0.06481481481481483,0.2962962962962963,True,False,unresolved,added6_only
0,5,5,test,null,skillnet:alfworld-object-state-inspector,all_alfworld,initial,10,10,10,6,60,0.0,-0.13333333333333333,-0.13333333333333333,-0.3,2.7755575615628915e-18,uncertain,paired_game_cluster_bootstrap,False,True,0.03333333333333333,0.03333333333333333,0.15,0.2833333333333333,0.11666666666666667,0.25,0.3,True,False,unresolved,added6_only
0,5,5,test,null,skillnet:alfworld-object-state-inspector,all_alfworld,early,7,7,7,6,42,0.0,0.11904761904761904,0.11904761904761904,-0.14285714285714285,0.4047619047619047,uncertain,paired_game_cluster_bootstrap,False,False,0.4047619047619047,0.40476190476190477,0.38095238095238093,0.26190476190476186,-0.02380952380952378,-0.1428571428571429,0.5476190476190476,True,False,unresolved,added6_only
0,5,5,test,null,skillnet:alfworld-object-state-inspector,all_alfworld,middle,1,1,1,6,6,0.16666666666666666,0.0,-0.16666666666666666,,,uncertain,single_game_interval_undefined,False,True,1.0,0.8333333333333334,0.5,0.5,-0.5,-0.33333333333333337,,False,False,interval_undefined,added6_only
0,5,5,test,null,skillnet:alfworld-object-storer,all_alfworld,all,18,18,18,6,108,-0.08333333333333333,-0.09259259259259259,-0.009259259259259259,-0.1111111111111111,0.1111111111111111,uncertain,paired_game_cluster_bootstrap,False,False,0.10185185185185186,0.1851851851851852,0.21296296296296297,0.3055555555555556,0.1111111111111111,0.12037037037037038,0.2222222222222222,True,False,unresolved,added6_only
0,5,5,test,null,skillnet:alfworld-object-storer,all_alfworld,early,8,8,8,6,48,-0.1875,-0.125,0.062499999999999986,-0.125,0.29166666666666663,uncertain,paired_game_cluster_bootstrap,False,False,0.0,0.1875,0.2916666666666667,0.41666666666666663,0.2916666666666667,0.22916666666666663,0.41666666666666663,True,False,unresolved,added6_only
0,5,5,test,null,skillnet:alfworld-object-storer,all_alfworld,middle,6,6,6,6,36,0.0,-0.08333333333333333,-0.08333333333333333,-0.24999999999999997,0.0,uncertain,paired_game_cluster_bootstrap,False,True,0.16666666666666666,0.16666666666666666,0.1111111111111111,0.19444444444444445,-0.05555555555555555,0.02777777777777779,0.24999999999999997,True,False,unresolved,added6_only
0,5,5,test,null,skillnet:alfworld-object-storer,all_alfworld,late,4,4,4,6,24,0.0,-0.041666666666666664,-0.041666666666666664,-0.16666666666666666,0.0,uncertain,paired_game_cluster_bootstrap,False,False,0.20833333333333334,0.20833333333333334,0.20833333333333334,0.25,0.0,0.04166666666666666,0.16666666666666666,True,False,unresolved,added6_only
0,5,5,test,null,skillnet:alfworld-object-transporter,all_alfworld,all,1,1,1,6,6,-0.16666666666666666,0.0,0.16666666666666666,,,uncertain,single_game_interval_undefined,False,False,0.8333333333333334,1.0,1.0,1.0,0.16666666666666663,0.0,,False,False,interval_undefined,added6_only
0,5,5,test,null,skillnet:alfworld-object-transporter,all_alfworld,late,1,1,1,6,6,-0.16666666666666666,0.0,0.16666666666666666,,,uncertain,single_game_interval_undefined,False,False,0.8333333333333334,1.0,1.0,1.0,0.16666666666666663,0.0,,False,False,interval_undefined,added6_only
0,5,5,test,null,skillnet:alfworld-receptacle-closer,all_alfworld,all,5,5,5,6,30,0.0,0.0,0.0,0.0,0.0,stable,paired_game_cluster_bootstrap,False,False,0.1,0.1,0.0,0.0,-0.1,-0.1,0.0,True,True,unresolved,added6_only
0,5,5,test,null,skillnet:alfworld-receptacle-closer,all_alfworld,middle,4,4,4,6,24,0.0,0.0,0.0,0.0,0.0,stable,paired_game_cluster_bootstrap,False,False,0.125,0.125,0.0,0.0,-0.125,-0.125,0.0,True,True,unresolved,added6_only
0,5,5,test,null,skillnet:alfworld-receptacle-closer,all_alfworld,late,1,1,1,6,6,0.0,0.0,0.0,,,uncertain,single_game_interval_undefined,False,False,0.0,0.0,0.0,0.0,0.0,0.0,,False,False,interval_undefined,added6_only
0,5,5,test,null,skillnet:alfworld-receptacle-finder,all_alfworld,all,10,10,10,6,60,-0.15,-0.11666666666666665,0.03333333333333334,-0.11666666666666665,0.21666666666666665,uncertain,paired_game_cluster_bootstrap,False,False,0.03333333333333333,0.18333333333333335,0.15,0.26666666666666666,0.11666666666666667,0.08333333333333331,0.3333333333333333,True,False,unresolved,added6_only
0,5,5,test,null,skillnet:alfworld-receptacle-finder,all_alfworld,initial,3,3,3,6,18,-0.2777777777777778,-0.2222222222222222,0.05555555555555555,-0.2222222222222222,0.3333333333333333,uncertain,paired_game_cluster_bootstrap,False,False,0.0,0.2777777777777778,0.0,0.2222222222222222,0.0,-0.05555555555555558,0.5555555555555556,True,False,unresolved,added6_only
0,5,5,test,null,skillnet:alfworld-receptacle-finder,all_alfworld,early,1,1,1,6,6,-0.8333333333333334,-0.3333333333333333,0.5,,,uncertain,single_game_interval_undefined,False,False,0.0,0.8333333333333334,0.0,0.3333333333333333,0.0,-0.5,,False,False,interval_undefined,added6_only
0,5,5,test,null,skillnet:alfworld-receptacle-finder,all_alfworld,middle,1,1,1,6,6,0.16666666666666666,0.0,-0.16666666666666666,,,uncertain,single_game_interval_undefined,False,True,0.16666666666666666,0.0,1.0,1.0,0.8333333333333334,1.0,,False,False,interval_undefined,added6_only
0,5,5,test,null,skillnet:alfworld-receptacle-finder,all_alfworld,late,5,5,5,6,30,0.0,-0.03333333333333333,-0.03333333333333333,-0.16666666666666666,0.1,uncertain,paired_game_cluster_bootstrap,False,False,0.03333333333333333,0.03333333333333333,0.1,0.13333333333333333,0.06666666666666668,0.1,0.26666666666666666,True,False,unresolved,added6_only
0,5,5,test,null,skillnet:alfworld-receptacle-navigator,all_alfworld,all,2,2,2,6,12,0.0,-0.08333333333333333,-0.08333333333333333,-0.41666666666666663,0.16666666666666666,uncertain,paired_game_cluster_bootstrap,False,True,0.0,0.0,0.16666666666666666,0.25,0.16666666666666666,0.25,0.5833333333333333,True,False,unresolved,added6_only
0,5,5,test,null,skillnet:alfworld-receptacle-navigator,all_alfworld,early,2,2,2,6,12,0.0,-0.08333333333333333,-0.08333333333333333,-0.41666666666666663,0.16666666666666666,uncertain,paired_game_cluster_bootstrap,False,True,0.0,0.0,0.16666666666666666,0.25,0.16666666666666666,0.25,0.5833333333333333,True,False,unresolved,added6_only
0,5,5,test,null,skillnet:alfworld-receptacle-opener,all_alfworld,all,8,8,8,6,48,0.0,-0.041666666666666664,-0.041666666666666664,-0.125,0.0,uncertain,paired_game_cluster_bootstrap,False,False,0.0,0.0,0.041666666666666664,0.08333333333333333,0.041666666666666664,0.08333333333333333,0.125,True,False,unresolved,added6_only
0,5,5,test,null,skillnet:alfworld-receptacle-opener,all_alfworld,early,1,1,1,6,6,0.0,0.0,0.0,,,uncertain,single_game_interval_undefined,False,False,0.0,0.0,0.0,0.0,0.0,0.0,,False,False,interval_undefined,added6_only
0,5,5,test,null,skillnet:alfworld-receptacle-opener,all_alfworld,middle,2,2,2,6,12,0.0,0.0,0.0,0.0,0.0,stable,paired_game_cluster_bootstrap,False,False,0.0,0.0,0.0,0.0,0.0,0.0,0.0,True,True,unresolved,added6_only
0,5,5,test,null,skillnet:alfworld-receptacle-opener,all_alfworld,late,5,5,5,6,30,0.0,-0.06666666666666667,-0.06666666666666667,-0.2,0.0,uncertain,paired_game_cluster_bootstrap,False,True,0.0,0.0,0.06666666666666667,0.13333333333333333,0.06666666666666667,0.13333333333333333,0.2,True,False,unresolved,added6_only
0,5,5,test,null,skillnet:alfworld-receptacle-operator,all_alfworld,all,7,7,7,6,42,0.0,-0.047619047619047616,-0.047619047619047616,-0.14285714285714285,0.0,uncertain,paired_game_cluster_bootstrap,False,False,0.19047619047619047,0.19047619047619047,0.23809523809523808,0.2857142857142857,0.047619047619047616,0.09523809523809523,0.14285714285714285,True,False,unresolved,added6_only
0,5,5,test,null,skillnet:alfworld-receptacle-operator,all_alfworld,early,2,2,2,6,12,0.0,0.0,0.0,0.0,0.0,stable,paired_game_cluster_bootstrap,False,False,0.5,0.5,0.5,0.5,0.0,0.0,0.0,True,True,unresolved,added6_only
0,5,5,test,null,skillnet:alfworld-receptacle-operator,all_alfworld,middle,3,3,3,6,18,0.0,-0.1111111111111111,-0.1111111111111111,-0.27777777777777773,0.0,uncertain,paired_game_cluster_bootstrap,False,True,0.1111111111111111,0.1111111111111111,0.2222222222222222,0.3333333333333333,0.1111111111111111,0.2222222222222222,0.27777777777777773,True,False,unresolved,added6_only
0,5,5,test,null,skillnet:alfworld-receptacle-operator,all_alfworld,late,2,2,2,6,12,0.0,0.0,0.0,0.0,0.0,stable,paired_game_cluster_bootstrap,False,False,0.0,0.0,0.0,0.0,0.0,0.0,0.0,True,True,unresolved,added6_only
0,5,5,test,null,skillnet:alfworld-receptacle-searcher,all_alfworld,all,2,2,2,6,12,0.0,0.0,0.0,-0.3333333333333333,0.41666666666666663,uncertain,paired_game_cluster_bootstrap,False,False,0.8333333333333333,0.8333333333333334,0.16666666666666666,0.16666666666666666,-0.6666666666666666,-0.6666666666666667,0.75,True,False,unresolved,added6_only
0,5,5,test,null,skillnet:alfworld-receptacle-searcher,all_alfworld,initial,2,2,2,6,12,0.0,0.0,0.0,-0.3333333333333333,0.41666666666666663,uncertain,paired_game_cluster_bootstrap,False,False,0.8333333333333333,0.8333333333333334,0.16666666666666666,0.16666666666666666,-0.6666666666666666,-0.6666666666666667,0.75,True,False,unresolved,added6_only
0,5,5,test,null,skillnet:alfworld-storage-explorer,all_alfworld,all,44,44,44,6,264,-0.045454545454545456,-0.0037878787878787884,0.041666666666666664,-0.0606060606060606,0.14772727272727273,uncertain,paired_game_cluster_bootstrap,False,False,0.19696969696969696,0.24242424242424246,0.2840909090909091,0.28787878787878785,0.08712121212121215,0.045454545454545386,0.20833333333333334,True,False,unresolved,added6_only
0,5,5,test,null,skillnet:alfworld-storage-explorer,all_alfworld,initial,23,23,23,6,138,-0.014492753623188416,0.0,0.014492753623188416,-0.13768115942028986,0.18115942028985507,uncertain,paired_game_cluster_bootstrap,False,False,0.18115942028985504,0.1956521739130435,0.34782608695652173,0.34782608695652173,0.16666666666666669,0.15217391304347824,0.3188405797101449,True,False,unresolved,added6_only
0,5,5,test,null,skillnet:alfworld-storage-explorer,all_alfworld,early,18,18,18,6,108,-0.0925925925925926,-0.009259259259259259,0.08333333333333333,-0.05555555555555555,0.24074074074074073,uncertain,paired_game_cluster_bootstrap,False,False,0.24999999999999994,0.34259259259259256,0.25,0.25925925925925924,5.551115123125783e-17,-0.08333333333333331,0.2962962962962963,True,False,unresolved,added6_only
0,5,5,test,null,skillnet:alfworld-storage-explorer,all_alfworld,middle,1,1,1,6,6,0.0,0.0,0.0,,,uncertain,single_game_interval_undefined,False,False,0.0,0.0,0.0,0.0,0.0,0.0,,False,False,interval_undefined,added6_only
0,5,5,test,null,skillnet:alfworld-storage-explorer,all_alfworld,late,2,2,2,6,12,0.0,0.0,0.0,0.0,0.0,stable,paired_game_cluster_bootstrap,False,False,0.0,0.0,0.0,0.0,0.0,0.0,0.0,True,True,unresolved,added6_only
0,5,5,test,null,skillnet:alfworld-temperature-regulator,all_alfworld,all,6,6,6,6,36,0.08333333333333333,0.13888888888888887,0.05555555555555555,-0.05555555555555556,0.19444444444444442,uncertain,paired_game_cluster_bootstrap,False,False,0.08333333333333333,0.0,0.13888888888888887,0.0,0.05555555555555554,0.0,0.24999999999999997,True,False,unresolved,added6_only
0,5,5,test,null,skillnet:alfworld-temperature-regulator,all_alfworld,middle,2,2,2,6,12,0.16666666666666666,0.16666666666666666,0.0,0.0,0.0,stable,paired_game_cluster_bootstrap,False,False,0.16666666666666666,0.0,0.16666666666666666,0.0,0.0,0.0,0.0,True,True,unresolved,added6_only
0,5,5,test,null,skillnet:alfworld-temperature-regulator,all_alfworld,late,4,4,4,6,24,0.041666666666666664,0.125,0.08333333333333333,-0.08333333333333334,0.25,uncertain,paired_game_cluster_bootstrap,False,False,0.041666666666666664,0.0,0.125,0.0,0.08333333333333334,0.0,0.33333333333333337,True,False,unresolved,added6_only
0,5,5,test,null,skillnet:alfworld-tool-locator,all_alfworld,all,4,4,4,6,24,-0.041666666666666664,-0.041666666666666664,0.0,-0.125,0.125,uncertain,paired_game_cluster_bootstrap,False,False,0.5,0.5416666666666666,0.08333333333333333,0.125,-0.4166666666666667,-0.41666666666666663,0.25,True,False,unresolved,added6_only
0,5,5,test,null,skillnet:alfworld-tool-locator,all_alfworld,early,4,4,4,6,24,-0.041666666666666664,-0.041666666666666664,0.0,-0.125,0.125,uncertain,paired_game_cluster_bootstrap,False,False,0.5,0.5416666666666666,0.08333333333333333,0.125,-0.4166666666666667,-0.41666666666666663,0.25,True,False,unresolved,added6_only
