control,threshold,metric,draw,maximum_over_three_D_real_aggregations
placebo,0.0,auroc_decline_vs_increase,0,0.6
placebo,0.0,auroc_decline_vs_increase,1,0.6285714285714286
placebo,0.0,auroc_decline_vs_increase,2,0.5428571428571428
placebo,0.0,auroc_decline_vs_increase,3,0.5428571428571428
placebo,0.0,auroc_decline_vs_increase,4,0.7714285714285715
placebo,0.0,auroc_decline_vs_increase,5,0.6285714285714286
placebo,0.0,auroc_decline_vs_increase,6,0.8
placebo,0.0,auroc_decline_vs_increase,7,0.6285714285714286
placebo,0.0,auroc_decline_vs_increase,8,0.6571428571428571
placebo,0.0,auroc_decline_vs_increase,9,0.5714285714285714
placebo,0.0,auroc_decline_vs_increase,10,0.9142857142857143
placebo,0.0,auroc_decline_vs_increase,11,0.5142857142857142
placebo,0.0,auroc_decline_vs_increase,12,0.37142857142857144
placebo,0.0,auroc_decline_vs_increase,13,0.8571428571428571
placebo,0.0,auroc_decline_vs_increase,14,0.6285714285714286
placebo,0.0,auroc_decline_vs_increase,15,0.8857142857142857
placebo,0.0,auroc_decline_vs_increase,16,0.5428571428571428
placebo,0.0,auroc_decline_vs_increase,17,0.6
placebo,0.0,auroc_decline_vs_increase,18,0.42857142857142855
placebo,0.0,auroc_decline_vs_increase,19,0.34285714285714286
placebo,0.0,auroc_decline_vs_increase,20,0.34285714285714286
placebo,0.0,auroc_decline_vs_increase,21,0.2857142857142857
placebo,0.0,auroc_decline_vs_increase,22,0.7428571428571429
placebo,0.0,auroc_decline_vs_increase,23,0.8571428571428571
placebo,0.0,auroc_decline_vs_increase,24,0.45714285714285713
placebo,0.0,auroc_decline_vs_increase,25,0.6857142857142857
placebo,0.0,auroc_decline_vs_increase,26,0.8857142857142857
placebo,0.0,auroc_decline_vs_increase,27,0.7428571428571429
placebo,0.0,auroc_decline_vs_increase,28,0.37142857142857144
placebo,0.0,auroc_decline_vs_increase,29,0.6857142857142857
placebo,0.0,auroc_decline_vs_increase,30,0.4
placebo,0.0,auroc_decline_vs_increase,31,0.6
placebo,0.0,auroc_decline_vs_increase,32,0.7142857142857143
placebo,0.0,auroc_decline_vs_increase,33,0.5714285714285714
placebo,0.0,auroc_decline_vs_increase,34,0.5428571428571428
placebo,0.0,auroc_decline_vs_increase,35,0.3142857142857143
placebo,0.0,auroc_decline_vs_increase,36,0.7428571428571429
placebo,0.0,auroc_decline_vs_increase,37,0.17142857142857143
placebo,0.0,auroc_decline_vs_increase,38,0.5714285714285714
placebo,0.0,auroc_decline_vs_increase,39,0.9428571428571428
placebo,0.0,auroc_decline_vs_increase,40,0.6571428571428571
placebo,0.0,auroc_decline_vs_increase,41,0.9142857142857143
placebo,0.0,auroc_decline_vs_increase,42,0.5428571428571428
placebo,0.0,auroc_decline_vs_increase,43,0.22857142857142856
placebo,0.0,auroc_decline_vs_increase,44,0.37142857142857144
placebo,0.0,auroc_decline_vs_increase,45,0.6
placebo,0.0,auroc_decline_vs_increase,46,0.6857142857142857
placebo,0.0,auroc_decline_vs_increase,47,0.6
placebo,0.0,auroc_decline_vs_increase,48,0.6857142857142857
placebo,0.0,auroc_decline_vs_increase,49,0.5714285714285714
placebo,0.0,auroc_decline_vs_increase,50,0.6285714285714286
placebo,0.0,auroc_decline_vs_increase,51,0.8571428571428571
placebo,0.0,auroc_decline_vs_increase,52,0.4857142857142857
placebo,0.0,auroc_decline_vs_increase,53,0.4857142857142857
placebo,0.0,auroc_decline_vs_increase,54,0.4857142857142857
placebo,0.0,auroc_decline_vs_increase,55,0.5428571428571428
placebo,0.0,auroc_decline_vs_increase,56,0.4
placebo,0.0,auroc_decline_vs_increase,57,0.6857142857142857
placebo,0.0,auroc_decline_vs_increase,58,0.6285714285714286
placebo,0.0,auroc_decline_vs_increase,59,0.5714285714285714
placebo,0.0,auroc_decline_vs_increase,60,0.5142857142857142
placebo,0.0,auroc_decline_vs_increase,61,0.5142857142857142
placebo,0.0,auroc_decline_vs_increase,62,0.6
placebo,0.0,auroc_decline_vs_increase,63,0.5428571428571428
placebo,0.0,auroc_decline_vs_increase,64,0.3142857142857143
placebo,0.0,auroc_decline_vs_increase,65,0.4857142857142857
placebo,0.0,auroc_decline_vs_increase,66,0.45714285714285713
placebo,0.0,auroc_decline_vs_increase,67,0.6
placebo,0.0,auroc_decline_vs_increase,68,0.7428571428571429
placebo,0.0,auroc_decline_vs_increase,69,0.34285714285714286
placebo,0.0,auroc_decline_vs_increase,70,0.6
placebo,0.0,auroc_decline_vs_increase,71,0.8857142857142857
placebo,0.0,auroc_decline_vs_increase,72,0.2
placebo,0.0,auroc_decline_vs_increase,73,0.7714285714285715
placebo,0.0,auroc_decline_vs_increase,74,0.5714285714285714
placebo,0.0,auroc_decline_vs_increase,75,0.7142857142857143
placebo,0.0,auroc_decline_vs_increase,76,0.34285714285714286
placebo,0.0,auroc_decline_vs_increase,77,0.14285714285714285
placebo,0.0,auroc_decline_vs_increase,78,0.5142857142857142
placebo,0.0,auroc_decline_vs_increase,79,0.6857142857142857
placebo,0.0,auroc_decline_vs_increase,80,0.42857142857142855
placebo,0.0,auroc_decline_vs_increase,81,0.37142857142857144
placebo,0.0,auroc_decline_vs_increase,82,0.6571428571428571
placebo,0.0,auroc_decline_vs_increase,83,0.37142857142857144
placebo,0.0,auroc_decline_vs_increase,84,1.0
placebo,0.0,auroc_decline_vs_increase,85,0.4
placebo,0.0,auroc_decline_vs_increase,86,0.6
placebo,0.0,auroc_decline_vs_increase,87,0.8
placebo,0.0,auroc_decline_vs_increase,88,0.6
placebo,0.0,auroc_decline_vs_increase,89,0.22857142857142856
placebo,0.0,auroc_decline_vs_increase,90,0.45714285714285713
placebo,0.0,auroc_decline_vs_increase,91,0.8
placebo,0.0,auroc_decline_vs_increase,92,0.17142857142857143
placebo,0.0,auroc_decline_vs_increase,93,0.8
placebo,0.0,auroc_decline_vs_increase,94,0.34285714285714286
placebo,0.0,auroc_decline_vs_increase,95,0.6
placebo,0.0,auroc_decline_vs_increase,96,0.7428571428571429
placebo,0.0,auroc_decline_vs_increase,97,0.4857142857142857
placebo,0.0,auroc_decline_vs_increase,98,0.8
placebo,0.0,auroc_decline_vs_increase,99,0.5714285714285714
placebo,0.0,auroc_decline_vs_increase,100,0.42857142857142855
placebo,0.0,auroc_decline_vs_increase,101,1.0
placebo,0.0,auroc_decline_vs_increase,102,0.5142857142857142
placebo,0.0,auroc_decline_vs_increase,103,0.45714285714285713
placebo,0.0,auroc_decline_vs_increase,104,0.7428571428571429
placebo,0.0,auroc_decline_vs_increase,105,0.9142857142857143
placebo,0.0,auroc_decline_vs_increase,106,0.8571428571428571
placebo,0.0,auroc_decline_vs_increase,107,0.34285714285714286
placebo,0.0,auroc_decline_vs_increase,108,0.37142857142857144
placebo,0.0,auroc_decline_vs_increase,109,0.7714285714285715
placebo,0.0,auroc_decline_vs_increase,110,0.6285714285714286
placebo,0.0,auroc_decline_vs_increase,111,0.8285714285714286
placebo,0.0,auroc_decline_vs_increase,112,0.5428571428571428
placebo,0.0,auroc_decline_vs_increase,113,0.7714285714285715
placebo,0.0,auroc_decline_vs_increase,114,0.2
placebo,0.0,auroc_decline_vs_increase,115,0.45714285714285713
placebo,0.0,auroc_decline_vs_increase,116,0.34285714285714286
placebo,0.0,auroc_decline_vs_increase,117,0.4
placebo,0.0,auroc_decline_vs_increase,118,0.7714285714285715
placebo,0.0,auroc_decline_vs_increase,119,0.2571428571428571
placebo,0.0,auroc_decline_vs_increase,120,0.4
placebo,0.0,auroc_decline_vs_increase,121,0.37142857142857144
placebo,0.0,auroc_decline_vs_increase,122,0.6285714285714286
placebo,0.0,auroc_decline_vs_increase,123,0.5142857142857142
placebo,0.0,auroc_decline_vs_increase,124,0.7428571428571429
placebo,0.0,auroc_decline_vs_increase,125,0.3142857142857143
placebo,0.0,auroc_decline_vs_increase,126,0.8
placebo,0.0,auroc_decline_vs_increase,127,0.8
placebo,0.0,auroc_decline_vs_increase,128,0.3142857142857143
placebo,0.0,auroc_decline_vs_increase,129,0.6
placebo,0.0,auroc_decline_vs_increase,130,0.6857142857142857
placebo,0.0,auroc_decline_vs_increase,131,0.6
placebo,0.0,auroc_decline_vs_increase,132,0.7428571428571429
placebo,0.0,auroc_decline_vs_increase,133,0.5714285714285714
placebo,0.0,auroc_decline_vs_increase,134,0.6
placebo,0.0,auroc_decline_vs_increase,135,0.6285714285714286
placebo,0.0,auroc_decline_vs_increase,136,0.5428571428571428
placebo,0.0,auroc_decline_vs_increase,137,0.4
placebo,0.0,auroc_decline_vs_increase,138,0.5714285714285714
placebo,0.0,auroc_decline_vs_increase,139,0.7714285714285715
placebo,0.0,auroc_decline_vs_increase,140,0.5428571428571428
placebo,0.0,auroc_decline_vs_increase,141,0.7142857142857143
placebo,0.0,auroc_decline_vs_increase,142,0.7428571428571429
placebo,0.0,auroc_decline_vs_increase,143,0.7142857142857143
placebo,0.0,auroc_decline_vs_increase,144,0.7142857142857143
placebo,0.0,auroc_decline_vs_increase,145,0.4857142857142857
placebo,0.0,auroc_decline_vs_increase,146,0.6
placebo,0.0,auroc_decline_vs_increase,147,0.7428571428571429
placebo,0.0,auroc_decline_vs_increase,148,0.42857142857142855
placebo,0.0,auroc_decline_vs_increase,149,0.42857142857142855
placebo,0.0,auroc_decline_vs_increase,150,0.4857142857142857
placebo,0.0,auroc_decline_vs_increase,151,0.3142857142857143
placebo,0.0,auroc_decline_vs_increase,152,0.3142857142857143
placebo,0.0,auroc_decline_vs_increase,153,0.6857142857142857
placebo,0.0,auroc_decline_vs_increase,154,0.22857142857142856
placebo,0.0,auroc_decline_vs_increase,155,0.4
placebo,0.0,auroc_decline_vs_increase,156,0.9142857142857143
placebo,0.0,auroc_decline_vs_increase,157,0.4857142857142857
placebo,0.0,auroc_decline_vs_increase,158,0.45714285714285713
placebo,0.0,auroc_decline_vs_increase,159,0.5142857142857142
placebo,0.0,auroc_decline_vs_increase,160,0.45714285714285713
placebo,0.0,auroc_decline_vs_increase,161,0.42857142857142855
placebo,0.0,auroc_decline_vs_increase,162,0.5142857142857142
placebo,0.0,auroc_decline_vs_increase,163,0.34285714285714286
placebo,0.0,auroc_decline_vs_increase,164,0.9142857142857143
placebo,0.0,auroc_decline_vs_increase,165,0.5714285714285714
placebo,0.0,auroc_decline_vs_increase,166,0.6857142857142857
placebo,0.0,auroc_decline_vs_increase,167,0.7428571428571429
placebo,0.0,auroc_decline_vs_increase,168,0.2571428571428571
placebo,0.0,auroc_decline_vs_increase,169,0.6
placebo,0.0,auroc_decline_vs_increase,170,0.5714285714285714
placebo,0.0,auroc_decline_vs_increase,171,0.6
placebo,0.0,auroc_decline_vs_increase,172,0.3142857142857143
placebo,0.0,auroc_decline_vs_increase,173,0.5142857142857142
placebo,0.0,auroc_decline_vs_increase,174,0.5714285714285714
placebo,0.0,auroc_decline_vs_increase,175,0.45714285714285713
placebo,0.0,auroc_decline_vs_increase,176,0.6285714285714286
placebo,0.0,auroc_decline_vs_increase,177,0.5428571428571428
placebo,0.0,auroc_decline_vs_increase,178,0.5714285714285714
placebo,0.0,auroc_decline_vs_increase,179,0.5714285714285714
placebo,0.0,auroc_decline_vs_increase,180,0.4857142857142857
placebo,0.0,auroc_decline_vs_increase,181,0.7142857142857143
placebo,0.0,auroc_decline_vs_increase,182,0.2857142857142857
placebo,0.0,auroc_decline_vs_increase,183,0.37142857142857144
placebo,0.0,auroc_decline_vs_increase,184,0.6857142857142857
placebo,0.0,auroc_decline_vs_increase,185,0.4
placebo,0.0,auroc_decline_vs_increase,186,0.6571428571428571
placebo,0.0,auroc_decline_vs_increase,187,0.5142857142857142
placebo,0.0,auroc_decline_vs_increase,188,0.8571428571428571
placebo,0.0,auroc_decline_vs_increase,189,0.42857142857142855
placebo,0.0,auroc_decline_vs_increase,190,0.5714285714285714
placebo,0.0,auroc_decline_vs_increase,191,0.8
placebo,0.0,auroc_decline_vs_increase,192,0.6285714285714286
placebo,0.0,auroc_decline_vs_increase,193,0.5714285714285714
placebo,0.0,auroc_decline_vs_increase,194,0.37142857142857144
placebo,0.0,auroc_decline_vs_increase,195,0.42857142857142855
placebo,0.0,auroc_decline_vs_increase,196,0.5714285714285714
placebo,0.0,auroc_decline_vs_increase,197,0.42857142857142855
placebo,0.0,auroc_decline_vs_increase,198,0.37142857142857144
placebo,0.0,auroc_decline_vs_increase,199,0.6857142857142857
placebo,0.0,auroc_decline_vs_increase,200,0.34285714285714286
placebo,0.0,auroc_decline_vs_increase,201,0.5428571428571428
placebo,0.0,auroc_decline_vs_increase,202,0.5714285714285714
placebo,0.0,auroc_decline_vs_increase,203,1.0
placebo,0.0,auroc_decline_vs_increase,204,0.5714285714285714
placebo,0.0,auroc_decline_vs_increase,205,0.6285714285714286
placebo,0.0,auroc_decline_vs_increase,206,0.4
placebo,0.0,auroc_decline_vs_increase,207,0.7714285714285715
placebo,0.0,auroc_decline_vs_increase,208,0.7714285714285715
placebo,0.0,auroc_decline_vs_increase,209,0.7142857142857143
placebo,0.0,auroc_decline_vs_increase,210,0.6285714285714286
placebo,0.0,auroc_decline_vs_increase,211,0.4857142857142857
placebo,0.0,auroc_decline_vs_increase,212,0.4857142857142857
placebo,0.0,auroc_decline_vs_increase,213,0.37142857142857144
placebo,0.0,auroc_decline_vs_increase,214,0.3142857142857143
placebo,0.0,auroc_decline_vs_increase,215,0.37142857142857144
placebo,0.0,auroc_decline_vs_increase,216,0.6
placebo,0.0,auroc_decline_vs_increase,217,0.5142857142857142
placebo,0.0,auroc_decline_vs_increase,218,0.6857142857142857
placebo,0.0,auroc_decline_vs_increase,219,0.6571428571428571
placebo,0.0,auroc_decline_vs_increase,220,0.2571428571428571
placebo,0.0,auroc_decline_vs_increase,221,0.22857142857142856
placebo,0.0,auroc_decline_vs_increase,222,0.42857142857142855
placebo,0.0,auroc_decline_vs_increase,223,0.34285714285714286
placebo,0.0,auroc_decline_vs_increase,224,0.4857142857142857
placebo,0.0,auroc_decline_vs_increase,225,0.4857142857142857
placebo,0.0,auroc_decline_vs_increase,226,0.34285714285714286
placebo,0.0,auroc_decline_vs_increase,227,0.6857142857142857
placebo,0.0,auroc_decline_vs_increase,228,0.5428571428571428
placebo,0.0,auroc_decline_vs_increase,229,0.42857142857142855
placebo,0.0,auroc_decline_vs_increase,230,0.7142857142857143
placebo,0.0,auroc_decline_vs_increase,231,0.6857142857142857
placebo,0.0,auroc_decline_vs_increase,232,0.6285714285714286
placebo,0.0,auroc_decline_vs_increase,233,0.7428571428571429
placebo,0.0,auroc_decline_vs_increase,234,0.6857142857142857
placebo,0.0,auroc_decline_vs_increase,235,0.6
placebo,0.0,auroc_decline_vs_increase,236,0.37142857142857144
placebo,0.0,auroc_decline_vs_increase,237,0.42857142857142855
placebo,0.0,auroc_decline_vs_increase,238,0.7714285714285715
placebo,0.0,auroc_decline_vs_increase,239,0.45714285714285713
placebo,0.0,auroc_decline_vs_increase,240,0.2857142857142857
placebo,0.0,auroc_decline_vs_increase,241,0.6857142857142857
placebo,0.0,auroc_decline_vs_increase,242,0.6571428571428571
placebo,0.0,auroc_decline_vs_increase,243,0.3142857142857143
placebo,0.0,auroc_decline_vs_increase,244,0.8285714285714286
placebo,0.0,auroc_decline_vs_increase,245,0.5714285714285714
placebo,0.0,auroc_decline_vs_increase,246,0.5428571428571428
placebo,0.0,auroc_decline_vs_increase,247,0.5428571428571428
placebo,0.0,auroc_decline_vs_increase,248,0.34285714285714286
placebo,0.0,auroc_decline_vs_increase,249,0.8571428571428571
placebo,0.0,auroc_decline_vs_increase,250,0.45714285714285713
placebo,0.0,auroc_decline_vs_increase,251,0.5428571428571428
placebo,0.0,auroc_decline_vs_increase,252,0.6285714285714286
placebo,0.0,auroc_decline_vs_increase,253,0.6857142857142857
placebo,0.0,auroc_decline_vs_increase,254,0.5714285714285714
placebo,0.0,auroc_decline_vs_increase,255,0.6571428571428571
placebo,0.0,auroc_decline_vs_increase,256,0.6285714285714286
placebo,0.0,auroc_decline_vs_increase,257,0.5142857142857142
placebo,0.0,auroc_decline_vs_increase,258,0.5142857142857142
placebo,0.0,auroc_decline_vs_increase,259,0.8
placebo,0.0,auroc_decline_vs_increase,260,0.5142857142857142
placebo,0.0,auroc_decline_vs_increase,261,0.6857142857142857
placebo,0.0,auroc_decline_vs_increase,262,0.2857142857142857
placebo,0.0,auroc_decline_vs_increase,263,0.6857142857142857
placebo,0.0,auroc_decline_vs_increase,264,1.0
placebo,0.0,auroc_decline_vs_increase,265,0.22857142857142856
placebo,0.0,auroc_decline_vs_increase,266,0.37142857142857144
placebo,0.0,auroc_decline_vs_increase,267,0.6571428571428571
placebo,0.0,auroc_decline_vs_increase,268,0.6571428571428571
placebo,0.0,auroc_decline_vs_increase,269,0.5714285714285714
placebo,0.0,auroc_decline_vs_increase,270,0.7714285714285715
placebo,0.0,auroc_decline_vs_increase,271,0.4857142857142857
placebo,0.0,auroc_decline_vs_increase,272,0.5714285714285714
placebo,0.0,auroc_decline_vs_increase,273,0.45714285714285713
placebo,0.0,auroc_decline_vs_increase,274,0.4
placebo,0.0,auroc_decline_vs_increase,275,0.7714285714285715
placebo,0.0,auroc_decline_vs_increase,276,0.8571428571428571
placebo,0.0,auroc_decline_vs_increase,277,0.45714285714285713
placebo,0.0,auroc_decline_vs_increase,278,0.37142857142857144
placebo,0.0,auroc_decline_vs_increase,279,0.4
placebo,0.0,auroc_decline_vs_increase,280,0.5428571428571428
placebo,0.0,auroc_decline_vs_increase,281,0.7142857142857143
placebo,0.0,auroc_decline_vs_increase,282,0.7142857142857143
placebo,0.0,auroc_decline_vs_increase,283,0.6
placebo,0.0,auroc_decline_vs_increase,284,0.4857142857142857
placebo,0.0,auroc_decline_vs_increase,285,0.7142857142857143
placebo,0.0,auroc_decline_vs_increase,286,0.4857142857142857
placebo,0.0,auroc_decline_vs_increase,287,0.2571428571428571
placebo,0.0,auroc_decline_vs_increase,288,0.6571428571428571
placebo,0.0,auroc_decline_vs_increase,289,0.6857142857142857
placebo,0.0,auroc_decline_vs_increase,290,0.6
placebo,0.0,auroc_decline_vs_increase,291,0.7714285714285715
placebo,0.0,auroc_decline_vs_increase,292,0.6857142857142857
placebo,0.0,auroc_decline_vs_increase,293,0.7428571428571429
placebo,0.0,auroc_decline_vs_increase,294,0.5714285714285714
placebo,0.0,auroc_decline_vs_increase,295,0.8
placebo,0.0,auroc_decline_vs_increase,296,0.8
placebo,0.0,auroc_decline_vs_increase,297,0.34285714285714286
placebo,0.0,auroc_decline_vs_increase,298,0.6
placebo,0.0,auroc_decline_vs_increase,299,0.5428571428571428
placebo,0.0,auroc_decline_vs_increase,300,0.2857142857142857
placebo,0.0,auroc_decline_vs_increase,301,0.45714285714285713
placebo,0.0,auroc_decline_vs_increase,302,0.8285714285714286
placebo,0.0,auroc_decline_vs_increase,303,0.8571428571428571
placebo,0.0,auroc_decline_vs_increase,304,0.5142857142857142
placebo,0.0,auroc_decline_vs_increase,305,0.37142857142857144
placebo,0.0,auroc_decline_vs_increase,306,0.3142857142857143
placebo,0.0,auroc_decline_vs_increase,307,0.7142857142857143
placebo,0.0,auroc_decline_vs_increase,308,0.5714285714285714
placebo,0.0,auroc_decline_vs_increase,309,0.3142857142857143
placebo,0.0,auroc_decline_vs_increase,310,0.42857142857142855
placebo,0.0,auroc_decline_vs_increase,311,0.5428571428571428
placebo,0.0,auroc_decline_vs_increase,312,0.3142857142857143
placebo,0.0,auroc_decline_vs_increase,313,0.5142857142857142
placebo,0.0,auroc_decline_vs_increase,314,0.7142857142857143
placebo,0.0,auroc_decline_vs_increase,315,0.7714285714285715
placebo,0.0,auroc_decline_vs_increase,316,0.6857142857142857
placebo,0.0,auroc_decline_vs_increase,317,0.7142857142857143
placebo,0.0,auroc_decline_vs_increase,318,1.0
placebo,0.0,auroc_decline_vs_increase,319,0.9142857142857143
placebo,0.0,auroc_decline_vs_increase,320,0.37142857142857144
placebo,0.0,auroc_decline_vs_increase,321,0.8571428571428571
placebo,0.0,auroc_decline_vs_increase,322,0.5142857142857142
placebo,0.0,auroc_decline_vs_increase,323,0.7428571428571429
placebo,0.0,auroc_decline_vs_increase,324,0.6285714285714286
placebo,0.0,auroc_decline_vs_increase,325,0.7142857142857143
placebo,0.0,auroc_decline_vs_increase,326,0.5714285714285714
placebo,0.0,auroc_decline_vs_increase,327,0.3142857142857143
placebo,0.0,auroc_decline_vs_increase,328,0.45714285714285713
placebo,0.0,auroc_decline_vs_increase,329,0.6857142857142857
placebo,0.0,auroc_decline_vs_increase,330,0.5428571428571428
placebo,0.0,auroc_decline_vs_increase,331,0.6285714285714286
placebo,0.0,auroc_decline_vs_increase,332,0.6857142857142857
placebo,0.0,auroc_decline_vs_increase,333,0.8
placebo,0.0,auroc_decline_vs_increase,334,0.5428571428571428
placebo,0.0,auroc_decline_vs_increase,335,0.6285714285714286
placebo,0.0,auroc_decline_vs_increase,336,0.4
placebo,0.0,auroc_decline_vs_increase,337,0.34285714285714286
placebo,0.0,auroc_decline_vs_increase,338,0.4857142857142857
placebo,0.0,auroc_decline_vs_increase,339,0.37142857142857144
placebo,0.0,auroc_decline_vs_increase,340,0.6
placebo,0.0,auroc_decline_vs_increase,341,0.9428571428571428
placebo,0.0,auroc_decline_vs_increase,342,0.34285714285714286
placebo,0.0,auroc_decline_vs_increase,343,0.2857142857142857
placebo,0.0,auroc_decline_vs_increase,344,0.7428571428571429
placebo,0.0,auroc_decline_vs_increase,345,0.4857142857142857
placebo,0.0,auroc_decline_vs_increase,346,0.6857142857142857
placebo,0.0,auroc_decline_vs_increase,347,0.6571428571428571
placebo,0.0,auroc_decline_vs_increase,348,0.6285714285714286
placebo,0.0,auroc_decline_vs_increase,349,0.6285714285714286
placebo,0.0,auroc_decline_vs_increase,350,0.7142857142857143
placebo,0.0,auroc_decline_vs_increase,351,0.8
placebo,0.0,auroc_decline_vs_increase,352,0.42857142857142855
placebo,0.0,auroc_decline_vs_increase,353,0.42857142857142855
placebo,0.0,auroc_decline_vs_increase,354,0.37142857142857144
placebo,0.0,auroc_decline_vs_increase,355,0.7714285714285715
placebo,0.0,auroc_decline_vs_increase,356,0.42857142857142855
placebo,0.0,auroc_decline_vs_increase,357,0.5428571428571428
placebo,0.0,auroc_decline_vs_increase,358,0.7714285714285715
placebo,0.0,auroc_decline_vs_increase,359,0.5142857142857142
placebo,0.0,auroc_decline_vs_increase,360,0.7714285714285715
placebo,0.0,auroc_decline_vs_increase,361,0.2571428571428571
placebo,0.0,auroc_decline_vs_increase,362,0.9714285714285714
placebo,0.0,auroc_decline_vs_increase,363,0.7142857142857143
placebo,0.0,auroc_decline_vs_increase,364,0.6571428571428571
placebo,0.0,auroc_decline_vs_increase,365,0.6
placebo,0.0,auroc_decline_vs_increase,366,0.45714285714285713
placebo,0.0,auroc_decline_vs_increase,367,0.7142857142857143
placebo,0.0,auroc_decline_vs_increase,368,0.5714285714285714
placebo,0.0,auroc_decline_vs_increase,369,0.37142857142857144
placebo,0.0,auroc_decline_vs_increase,370,0.6
placebo,0.0,auroc_decline_vs_increase,371,0.45714285714285713
placebo,0.0,auroc_decline_vs_increase,372,0.6
placebo,0.0,auroc_decline_vs_increase,373,0.6571428571428571
placebo,0.0,auroc_decline_vs_increase,374,0.5428571428571428
placebo,0.0,auroc_decline_vs_increase,375,0.42857142857142855
placebo,0.0,auroc_decline_vs_increase,376,0.6857142857142857
placebo,0.0,auroc_decline_vs_increase,377,0.6571428571428571
placebo,0.0,auroc_decline_vs_increase,378,0.4
placebo,0.0,auroc_decline_vs_increase,379,0.4857142857142857
placebo,0.0,auroc_decline_vs_increase,380,0.6285714285714286
placebo,0.0,auroc_decline_vs_increase,381,0.6571428571428571
placebo,0.0,auroc_decline_vs_increase,382,0.5428571428571428
placebo,0.0,auroc_decline_vs_increase,383,0.7142857142857143
placebo,0.0,auroc_decline_vs_increase,384,0.34285714285714286
placebo,0.0,auroc_decline_vs_increase,385,0.6571428571428571
placebo,0.0,auroc_decline_vs_increase,386,0.2857142857142857
placebo,0.0,auroc_decline_vs_increase,387,0.4
placebo,0.0,auroc_decline_vs_increase,388,0.34285714285714286
placebo,0.0,auroc_decline_vs_increase,389,0.7714285714285715
placebo,0.0,auroc_decline_vs_increase,390,0.6857142857142857
placebo,0.0,auroc_decline_vs_increase,391,0.6285714285714286
placebo,0.0,auroc_decline_vs_increase,392,0.5428571428571428
placebo,0.0,auroc_decline_vs_increase,393,0.45714285714285713
placebo,0.0,auroc_decline_vs_increase,394,0.42857142857142855
placebo,0.0,auroc_decline_vs_increase,395,0.6571428571428571
placebo,0.0,auroc_decline_vs_increase,396,0.5428571428571428
placebo,0.0,auroc_decline_vs_increase,397,0.37142857142857144
placebo,0.0,auroc_decline_vs_increase,398,0.7714285714285715
placebo,0.0,auroc_decline_vs_increase,399,0.5142857142857142
placebo,0.0,auroc_decline_vs_increase,400,0.5142857142857142
placebo,0.0,auroc_decline_vs_increase,401,0.4
placebo,0.0,auroc_decline_vs_increase,402,0.6
placebo,0.0,auroc_decline_vs_increase,403,0.6
placebo,0.0,auroc_decline_vs_increase,404,0.5428571428571428
placebo,0.0,auroc_decline_vs_increase,405,0.4857142857142857
placebo,0.0,auroc_decline_vs_increase,406,0.6
placebo,0.0,auroc_decline_vs_increase,407,0.5142857142857142
placebo,0.0,auroc_decline_vs_increase,408,0.5428571428571428
placebo,0.0,auroc_decline_vs_increase,409,0.8571428571428571
placebo,0.0,auroc_decline_vs_increase,410,0.9142857142857143
placebo,0.0,auroc_decline_vs_increase,411,0.8
placebo,0.0,auroc_decline_vs_increase,412,0.9428571428571428
placebo,0.0,auroc_decline_vs_increase,413,0.4
placebo,0.0,auroc_decline_vs_increase,414,0.6857142857142857
placebo,0.0,auroc_decline_vs_increase,415,0.5714285714285714
placebo,0.0,auroc_decline_vs_increase,416,0.7428571428571429
placebo,0.0,auroc_decline_vs_increase,417,0.6
placebo,0.0,auroc_decline_vs_increase,418,0.2857142857142857
placebo,0.0,auroc_decline_vs_increase,419,0.34285714285714286
placebo,0.0,auroc_decline_vs_increase,420,0.6571428571428571
placebo,0.0,auroc_decline_vs_increase,421,0.6285714285714286
placebo,0.0,auroc_decline_vs_increase,422,0.8285714285714286
placebo,0.0,auroc_decline_vs_increase,423,0.8857142857142857
placebo,0.0,auroc_decline_vs_increase,424,0.6285714285714286
placebo,0.0,auroc_decline_vs_increase,425,0.5428571428571428
placebo,0.0,auroc_decline_vs_increase,426,0.5142857142857142
placebo,0.0,auroc_decline_vs_increase,427,0.7142857142857143
placebo,0.0,auroc_decline_vs_increase,428,0.6
placebo,0.0,auroc_decline_vs_increase,429,0.7142857142857143
placebo,0.0,auroc_decline_vs_increase,430,0.37142857142857144
placebo,0.0,auroc_decline_vs_increase,431,0.6857142857142857
placebo,0.0,auroc_decline_vs_increase,432,0.8285714285714286
placebo,0.0,auroc_decline_vs_increase,433,0.2
placebo,0.0,auroc_decline_vs_increase,434,0.6285714285714286
placebo,0.0,auroc_decline_vs_increase,435,0.2
placebo,0.0,auroc_decline_vs_increase,436,0.4
placebo,0.0,auroc_decline_vs_increase,437,0.4857142857142857
placebo,0.0,auroc_decline_vs_increase,438,0.6857142857142857
placebo,0.0,auroc_decline_vs_increase,439,0.7714285714285715
placebo,0.0,auroc_decline_vs_increase,440,0.2857142857142857
placebo,0.0,auroc_decline_vs_increase,441,0.45714285714285713
placebo,0.0,auroc_decline_vs_increase,442,0.5714285714285714
placebo,0.0,auroc_decline_vs_increase,443,0.42857142857142855
placebo,0.0,auroc_decline_vs_increase,444,0.7142857142857143
placebo,0.0,auroc_decline_vs_increase,445,0.42857142857142855
placebo,0.0,auroc_decline_vs_increase,446,0.7428571428571429
placebo,0.0,auroc_decline_vs_increase,447,0.7714285714285715
placebo,0.0,auroc_decline_vs_increase,448,0.6285714285714286
placebo,0.0,auroc_decline_vs_increase,449,0.4857142857142857
placebo,0.0,auroc_decline_vs_increase,450,0.4857142857142857
placebo,0.0,auroc_decline_vs_increase,451,0.9142857142857143
placebo,0.0,auroc_decline_vs_increase,452,0.6285714285714286
placebo,0.0,auroc_decline_vs_increase,453,0.3142857142857143
placebo,0.0,auroc_decline_vs_increase,454,0.34285714285714286
placebo,0.0,auroc_decline_vs_increase,455,0.6857142857142857
placebo,0.0,auroc_decline_vs_increase,456,0.9142857142857143
placebo,0.0,auroc_decline_vs_increase,457,0.6857142857142857
placebo,0.0,auroc_decline_vs_increase,458,0.7142857142857143
placebo,0.0,auroc_decline_vs_increase,459,0.5428571428571428
placebo,0.0,auroc_decline_vs_increase,460,0.42857142857142855
placebo,0.0,auroc_decline_vs_increase,461,0.6285714285714286
placebo,0.0,auroc_decline_vs_increase,462,0.2857142857142857
placebo,0.0,auroc_decline_vs_increase,463,0.22857142857142856
placebo,0.0,auroc_decline_vs_increase,464,0.5428571428571428
placebo,0.0,auroc_decline_vs_increase,465,0.42857142857142855
placebo,0.0,auroc_decline_vs_increase,466,0.4
placebo,0.0,auroc_decline_vs_increase,467,0.7142857142857143
placebo,0.0,auroc_decline_vs_increase,468,0.6571428571428571
placebo,0.0,auroc_decline_vs_increase,469,0.8857142857142857
placebo,0.0,auroc_decline_vs_increase,470,0.6571428571428571
placebo,0.0,auroc_decline_vs_increase,471,0.2857142857142857
placebo,0.0,auroc_decline_vs_increase,472,0.4
placebo,0.0,auroc_decline_vs_increase,473,0.6857142857142857
placebo,0.0,auroc_decline_vs_increase,474,0.5428571428571428
placebo,0.0,auroc_decline_vs_increase,475,0.45714285714285713
placebo,0.0,auroc_decline_vs_increase,476,0.5142857142857142
placebo,0.0,auroc_decline_vs_increase,477,0.6
placebo,0.0,auroc_decline_vs_increase,478,0.5142857142857142
placebo,0.0,auroc_decline_vs_increase,479,0.4
placebo,0.0,auroc_decline_vs_increase,480,0.2
placebo,0.0,auroc_decline_vs_increase,481,0.6571428571428571
placebo,0.0,auroc_decline_vs_increase,482,0.6285714285714286
placebo,0.0,auroc_decline_vs_increase,483,0.8571428571428571
placebo,0.0,auroc_decline_vs_increase,484,0.6571428571428571
placebo,0.0,auroc_decline_vs_increase,485,0.4
placebo,0.0,auroc_decline_vs_increase,486,0.5714285714285714
placebo,0.0,auroc_decline_vs_increase,487,0.6285714285714286
placebo,0.0,auroc_decline_vs_increase,488,0.42857142857142855
placebo,0.0,auroc_decline_vs_increase,489,0.7714285714285715
placebo,0.0,auroc_decline_vs_increase,490,0.34285714285714286
placebo,0.0,auroc_decline_vs_increase,491,0.7714285714285715
placebo,0.0,auroc_decline_vs_increase,492,0.5714285714285714
placebo,0.0,auroc_decline_vs_increase,493,0.2571428571428571
placebo,0.0,auroc_decline_vs_increase,494,0.6571428571428571
placebo,0.0,auroc_decline_vs_increase,495,0.34285714285714286
placebo,0.0,auroc_decline_vs_increase,496,0.6
placebo,0.0,auroc_decline_vs_increase,497,0.6285714285714286
placebo,0.0,auroc_decline_vs_increase,498,0.3142857142857143
placebo,0.0,auroc_decline_vs_increase,499,0.6571428571428571
placebo,0.0,auroc_decline_vs_increase,500,0.8857142857142857
placebo,0.0,auroc_decline_vs_increase,501,0.5142857142857142
placebo,0.0,auroc_decline_vs_increase,502,0.5714285714285714
placebo,0.0,auroc_decline_vs_increase,503,0.42857142857142855
placebo,0.0,auroc_decline_vs_increase,504,0.6
placebo,0.0,auroc_decline_vs_increase,505,0.42857142857142855
placebo,0.0,auroc_decline_vs_increase,506,0.45714285714285713
placebo,0.0,auroc_decline_vs_increase,507,0.7428571428571429
placebo,0.0,auroc_decline_vs_increase,508,0.8285714285714286
placebo,0.0,auroc_decline_vs_increase,509,0.4857142857142857
placebo,0.0,auroc_decline_vs_increase,510,0.4857142857142857
placebo,0.0,auroc_decline_vs_increase,511,0.5428571428571428
placebo,0.0,spearman,0,0.21233228959430234
placebo,0.0,spearman,1,0.12193339402445084
placebo,0.0,spearman,2,-0.04835289763038568
placebo,0.0,spearman,3,0.2207414891821955
placebo,0.0,spearman,4,0.3174472844429668
placebo,0.0,spearman,5,0.20917883974884238
placebo,0.0,spearman,6,0.30903808485507367
placebo,0.0,spearman,7,0.10301269495169123
placebo,0.0,spearman,8,0.1881558407791095
placebo,0.0,spearman,9,0.10616614479715117
placebo,0.0,spearman,10,0.6674802172890197
placebo,0.0,spearman,11,-0.0031534498454599356
placebo,0.0,spearman,12,-0.26383863707014793
placebo,0.0,spearman,13,0.6233319194525806
placebo,0.0,spearman,14,0.26804323686409454
placebo,0.0,spearman,15,0.622280769504094
placebo,0.0,spearman,16,0.10196154500320459
placebo,0.0,spearman,17,0.08409199587893161
placebo,0.0,spearman,18,0.012613799381839742
placebo,0.0,spearman,19,-0.2049742399548958
placebo,0.0,spearman,20,-0.05676209721827884
placebo,0.0,spearman,21,-0.37736283150670563
placebo,0.0,spearman,22,0.3163961344944802
placebo,0.0,spearman,23,0.4677617270765571
placebo,0.0,spearman,24,0.0010511499484866453
placebo,0.0,spearman,25,0.3048334850611271
placebo,0.0,spearman,26,0.6433037684738269
placebo,0.0,spearman,27,0.35949328238243267
placebo,0.0,spearman,28,-0.1513655925820769
placebo,0.0,spearman,29,0.343726033155133
placebo,0.0,spearman,30,-0.10301269495169123
placebo,0.0,spearman,31,0.044148297836439095
placebo,0.0,spearman,32,0.2596340372762014
placebo,0.0,spearman,33,0.09985924510623129
placebo,0.0,spearman,34,0.06937589660011859
placebo,0.0,spearman,35,-0.30903808485507367
placebo,0.0,spearman,36,0.27960588629744765
placebo,0.0,spearman,37,-0.441482978364391
placebo,0.0,spearman,38,0.1671328418093766
placebo,0.0,spearman,39,0.6727359670314529
placebo,0.0,spearman,40,0.29432198557626066
placebo,0.0,spearman,41,0.5791836216161415
placebo,0.0,spearman,42,0.015767249227299676
placebo,0.0,spearman,43,-0.4435852782613643
placebo,0.0,spearman,44,-0.21233228959430234
placebo,0.0,spearman,45,0.13980294314872382
placebo,0.0,spearman,46,0.2838104860913942
placebo,0.0,spearman,47,0.19656504036700265
placebo,0.0,spearman,48,0.21233228959430234
placebo,0.0,spearman,49,0.051506347475845614
placebo,0.0,spearman,50,-0.019971849021246258
placebo,0.0,spearman,51,0.5634163723888418
placebo,0.0,spearman,52,0.008409199587893162
placebo,0.0,spearman,53,0.005255749742433226
placebo,0.0,spearman,54,0.027329898660652774
placebo,0.0,spearman,55,0.14085409309721045
placebo,0.0,spearman,56,-0.047301747681899035
placebo,0.0,spearman,57,0.3048334850611271
placebo,0.0,spearman,58,0.34057258330967305
placebo,0.0,spearman,59,0.051506347475845614
placebo,0.0,spearman,60,0.006306899690919871
placebo,0.0,spearman,61,0.08093854603347168
placebo,0.0,spearman,62,0.1723885915518098
placebo,0.0,spearman,63,0.1345471934062906
placebo,0.0,spearman,64,-0.21128113964581569
placebo,0.0,spearman,65,-0.0021022998969732905
placebo,0.0,spearman,66,0.027329898660652774
placebo,0.0,spearman,67,0.1534678924790502
placebo,0.0,spearman,68,0.35003293284605286
placebo,0.0,spearman,69,-0.3542375326399994
placebo,0.0,spearman,70,0.11352419443655767
placebo,0.0,spearman,71,0.7126796650739454
placebo,0.0,spearman,72,-0.40153928032189845
placebo,0.0,spearman,73,0.4635571272826105
placebo,0.0,spearman,74,0.2596340372762014
placebo,0.0,spearman,75,0.15662134232451014
placebo,0.0,spearman,76,-0.18290009103667626
placebo,0.0,spearman,77,-0.601257770534361
placebo,0.0,spearman,78,0.14295639299418375
placebo,0.0,spearman,79,0.3184984343914535
placebo,0.0,spearman,80,0.04835289763038568
placebo,0.0,spearman,81,-0.19341159052154272
placebo,0.0,spearman,82,0.3163961344944802
placebo,0.0,spearman,83,-0.17659319134575638
placebo,0.0,spearman,84,0.6706336671344796
placebo,0.0,spearman,85,-0.2575317373792281
placebo,0.0,spearman,86,0.14821214273661698
placebo,0.0,spearman,87,0.5203192245008894
placebo,0.0,spearman,88,0.09250119546682478
placebo,0.0,spearman,89,-0.33636798351572644
placebo,0.0,spearman,90,-0.21969033923370884
placebo,0.0,spearman,91,0.3721070817642724
placebo,0.0,spearman,92,-0.4067950300643317
placebo,0.0,spearman,93,0.32375418413388674
placebo,0.0,spearman,94,-0.1492632926851036
placebo,0.0,spearman,95,0.08198969598195832
placebo,0.0,spearman,96,0.33636798351572644
placebo,0.0,spearman,97,0.011562649433353098
placebo,0.0,spearman,98,0.38051628135216553
placebo,0.0,spearman,99,0.11457534438504433
placebo,0.0,spearman,100,-0.03153449845459935
placebo,0.0,spearman,101,0.7925670611589305
placebo,0.0,spearman,102,0.008409199587893162
placebo,0.0,spearman,103,-0.05571094726979219
placebo,0.0,spearman,104,0.35528868258848606
placebo,0.0,spearman,105,0.6979635657951324
placebo,0.0,spearman,106,0.48142667640688347
placebo,0.0,spearman,107,-0.21969033923370884
placebo,0.0,spearman,108,-0.14505869289115703
placebo,0.0,spearman,109,0.3836697311976255
placebo,0.0,spearman,110,-0.02838104860913942
placebo,0.0,spearman,111,0.32585648403086
placebo,0.0,spearman,112,0.13139374356083064
placebo,0.0,spearman,113,0.3163961344944802
placebo,0.0,spearman,114,-0.2522759876367948
placebo,0.0,spearman,115,0.005255749742433226
placebo,0.0,spearman,116,-0.3416237332581597
placebo,0.0,spearman,117,-0.12298454397293748
placebo,0.0,spearman,118,0.30903808485507367
placebo,0.0,spearman,119,-0.4194088294461714
placebo,0.0,spearman,120,-0.05255749742433226
placebo,0.0,spearman,121,-0.11772879423050427
placebo,0.0,spearman,122,0.22389493902765542
placebo,0.0,spearman,123,-0.029432198557626067
placebo,0.0,spearman,124,0.44989217795228414
placebo,0.0,spearman,125,-0.2144345894912756
placebo,0.0,spearman,126,0.4877335760978034
placebo,0.0,spearman,127,0.4435852782613643
placebo,0.0,spearman,128,-0.21233228959430234
placebo,0.0,spearman,129,0.0672735967031453
placebo,0.0,spearman,130,0.34057258330967305
placebo,0.0,spearman,131,0.1419052430456971
placebo,0.0,spearman,132,0.20917883974884238
placebo,0.0,spearman,133,0.047301747681899035
placebo,0.0,spearman,134,0.08829659567287819
placebo,0.0,spearman,135,0.33847028341269975
placebo,0.0,spearman,136,0.10406384490017788
placebo,0.0,spearman,137,-0.008409199587893162
placebo,0.0,spearman,138,0.09250119546682478
placebo,0.0,spearman,139,0.37946513140367893
placebo,0.0,spearman,140,0.1261379938183974
placebo,0.0,spearman,141,0.22179263913068215
placebo,0.0,spearman,142,0.293270835627774
placebo,0.0,spearman,143,0.29642428547323396
placebo,0.0,spearman,144,0.24702023789436162
placebo,0.0,spearman,145,0.10826844469412446
placebo,0.0,spearman,146,0.12929144366385736
placebo,0.0,spearman,147,0.3836697311976255
placebo,0.0,spearman,148,-0.24281563810041504
placebo,0.0,spearman,149,-0.11037074459109775
placebo,0.0,spearman,150,-0.15662134232451014
placebo,0.0,spearman,151,-0.3342656836187532
placebo,0.0,spearman,152,-0.14821214273661698
placebo,0.0,spearman,153,0.24491793799738834
placebo,0.0,spearman,154,-0.3048334850611271
placebo,0.0,spearman,155,-0.025227598763679485
placebo,0.0,spearman,156,0.6117692700192275
placebo,0.0,spearman,157,0.015767249227299676
placebo,0.0,spearman,158,-0.1839512409851629
placebo,0.0,spearman,159,0.11247304448807104
placebo,0.0,spearman,160,-0.11352419443655767
placebo,0.0,spearman,161,-0.20182079010943588
placebo,0.0,spearman,162,0.14505869289115703
placebo,0.0,spearman,163,-0.29011738578231405
placebo,0.0,spearman,164,0.5508025730070021
placebo,0.0,spearman,165,0.08409199587893161
placebo,0.0,spearman,166,0.26594093696712123
placebo,0.0,spearman,167,0.29432198557626066
placebo,0.0,spearman,168,-0.4067950300643317
placebo,0.0,spearman,169,0.26594093696712123
placebo,0.0,spearman,170,0.11772879423050427
placebo,0.0,spearman,171,0.10826844469412446
placebo,0.0,spearman,172,-0.24807138784284827
placebo,0.0,spearman,173,0.06096669701222542
placebo,0.0,spearman,174,0.04309714788795245
placebo,0.0,spearman,175,-0.11562649433353098
placebo,0.0,spearman,176,0.195513890418516
placebo,0.0,spearman,177,0.03153449845459935
placebo,0.0,spearman,178,0.13980294314872382
placebo,0.0,spearman,179,0.15662134232451014
placebo,0.0,spearman,180,-0.1093195946426111
placebo,0.0,spearman,181,0.3174472844429668
placebo,0.0,spearman,182,-0.19025814067608277
placebo,0.0,spearman,183,-0.08198969598195832
placebo,0.0,spearman,184,0.26594093696712123
placebo,0.0,spearman,185,-0.08724544572439155
placebo,0.0,spearman,186,0.2302018387185753
placebo,0.0,spearman,187,0.10301269495169123
placebo,0.0,spearman,188,0.46460827723109716
placebo,0.0,spearman,189,-0.08829659567287819
placebo,0.0,spearman,190,0.10826844469412446
placebo,0.0,spearman,191,0.4530456277977441
placebo,0.0,spearman,192,0.1440075429426704
placebo,0.0,spearman,193,0.029432198557626067
placebo,0.0,spearman,194,-0.07358049639406516
placebo,0.0,spearman,195,-0.1534678924790502
placebo,0.0,spearman,196,0.11247304448807104
placebo,0.0,spearman,197,-0.2186391892852222
placebo,0.0,spearman,198,-0.11142189453958438
placebo,0.0,spearman,199,0.32690763397934663
placebo,0.0,spearman,200,-0.12403569392142413
placebo,0.0,spearman,201,-0.006306899690919871
placebo,0.0,spearman,202,0.02627874871216613
placebo,0.0,spearman,203,0.7757486619831442
placebo,0.0,spearman,204,0.039943698042492516
placebo,0.0,spearman,205,0.04309714788795245
placebo,0.0,spearman,206,-0.08934774562136484
placebo,0.0,spearman,207,0.33111223377329324
placebo,0.0,spearman,208,0.34582833305210625
placebo,0.0,spearman,209,0.4488410280037975
placebo,0.0,spearman,210,0.19130929062456942
placebo,0.0,spearman,211,0.018920699072759613
placebo,0.0,spearman,212,-0.08198969598195832
placebo,0.0,spearman,213,-0.2186391892852222
placebo,0.0,spearman,214,-0.17764434129424303
placebo,0.0,spearman,215,-0.15662134232451014
placebo,0.0,spearman,216,0.17343974150029645
placebo,0.0,spearman,217,0.0
placebo,0.0,spearman,218,0.10406384490017788
placebo,0.0,spearman,219,0.3721070817642724
placebo,0.0,spearman,220,-0.3447771831036196
placebo,0.0,spearman,221,-0.23125298866706195
placebo,0.0,spearman,222,0.0010511499484866453
placebo,0.0,spearman,223,-0.24491793799738834
placebo,0.0,spearman,224,0.1208822440759642
placebo,0.0,spearman,225,-0.09670579526077136
placebo,0.0,spearman,226,-0.30903808485507367
placebo,0.0,spearman,227,0.30903808485507367
placebo,0.0,spearman,228,-0.014716099278813033
placebo,0.0,spearman,229,0.0672735967031453
placebo,0.0,spearman,230,0.3510840827945395
placebo,0.0,spearman,231,0.27960588629744765
placebo,0.0,spearman,232,0.0767339462395251
placebo,0.0,spearman,233,0.4194088294461714
placebo,0.0,spearman,234,0.3510840827945395
placebo,0.0,spearman,235,0.10091039505471794
placebo,0.0,spearman,236,-0.1324448935093173
placebo,0.0,spearman,237,-0.21758803933673557
placebo,0.0,spearman,238,0.27960588629744765
placebo,0.0,spearman,239,0.03363679835157265
placebo,0.0,spearman,240,-0.2859127859883675
placebo,0.0,spearman,241,0.293270835627774
placebo,0.0,spearman,242,0.051506347475845614
placebo,0.0,spearman,243,-0.3174472844429668
placebo,0.0,spearman,244,0.46881287702504376
placebo,0.0,spearman,245,0.14295639299418375
placebo,0.0,spearman,246,0.03363679835157265
placebo,0.0,spearman,247,0.1324448935093173
placebo,0.0,spearman,248,-0.14295639299418375
placebo,0.0,spearman,249,0.5266261241918092
placebo,0.0,spearman,250,-0.09355234541531142
placebo,0.0,spearman,251,0.05991554706373878
placebo,0.0,spearman,252,0.13034259361234402
placebo,0.0,spearman,253,0.34057258330967305
placebo,0.0,spearman,254,0.03573909824854594
placebo,0.0,spearman,255,0.2554294374822548
placebo,0.0,spearman,256,0.19130929062456942
placebo,0.0,spearman,257,0.0767339462395251
placebo,0.0,spearman,258,-0.05781324716676549
placebo,0.0,spearman,259,0.5465979732130555
placebo,0.0,spearman,260,0.11037074459109775
placebo,0.0,spearman,261,0.3132426846490203
placebo,0.0,spearman,262,-0.2985265853702072
placebo,0.0,spearman,263,0.2596340372762014
placebo,0.0,spearman,264,0.7505210632194647
placebo,0.0,spearman,265,-0.3679024819703258
placebo,0.0,spearman,266,-0.1818489410881896
placebo,0.0,spearman,267,0.2396621882549551
placebo,0.0,spearman,268,0.24596908794587496
placebo,0.0,spearman,269,0.18290009103667626
placebo,0.0,spearman,270,0.44043182841590434
placebo,0.0,spearman,271,0.005255749742433226
placebo,0.0,spearman,272,0.21758803933673557
placebo,0.0,spearman,273,-0.11457534438504433
placebo,0.0,spearman,274,-0.1261379938183974
placebo,0.0,spearman,275,0.4372783785704444
placebo,0.0,spearman,276,0.4540967777462307
placebo,0.0,spearman,277,-0.12508684386991079
placebo,0.0,spearman,278,-0.2543782875337681
placebo,0.0,spearman,279,-0.05886439711525213
placebo,0.0,spearman,280,0.07988739608498503
placebo,0.0,spearman,281,0.2743501365550144
placebo,0.0,spearman,282,0.3447771831036196
placebo,0.0,spearman,283,0.07988739608498503
placebo,0.0,spearman,284,-0.09039889556985149
placebo,0.0,spearman,285,0.21548573943976226
placebo,0.0,spearman,286,0.07568279629103845
placebo,0.0,spearman,287,-0.37526053160973233
placebo,0.0,spearman,288,0.2838104860913942
placebo,0.0,spearman,289,0.19130929062456942
placebo,0.0,spearman,290,0.1072172947456378
placebo,0.0,spearman,291,0.43832952851893103
placebo,0.0,spearman,292,0.22494608897614207
placebo,0.0,spearman,293,0.28486163603988085
placebo,0.0,spearman,294,0.1324448935093173
placebo,0.0,spearman,295,0.2564805874307414
placebo,0.0,spearman,296,0.373158231712759
placebo,0.0,spearman,297,-0.10301269495169123
placebo,0.0,spearman,298,0.12403569392142413
placebo,0.0,spearman,299,0.1093195946426111
placebo,0.0,spearman,300,-0.3142938345975069
placebo,0.0,spearman,301,-0.03784139814551923
placebo,0.0,spearman,302,0.4877335760978034
placebo,0.0,spearman,303,0.5192680745524028
placebo,0.0,spearman,304,-0.013664949330326387
placebo,0.0,spearman,305,-0.24281563810041504
placebo,0.0,spearman,306,-0.19130929062456942
placebo,0.0,spearman,307,0.27119668670955444
placebo,0.0,spearman,308,0.1282402937153707
placebo,0.0,spearman,309,-0.2575317373792281
placebo,0.0,spearman,310,-0.1093195946426111
placebo,0.0,spearman,311,0.15031444263359026
placebo,0.0,spearman,312,-0.3700047818672991
placebo,0.0,spearman,313,0.05886439711525213
placebo,0.0,spearman,314,0.12508684386991079
placebo,0.0,spearman,315,0.4677617270765571
placebo,0.0,spearman,316,0.2722478366580411
placebo,0.0,spearman,317,0.3710559318157858
placebo,0.0,spearman,318,0.6969124158466458
placebo,0.0,spearman,319,0.6243830694010672
placebo,0.0,spearman,320,-0.1555701923760235
placebo,0.0,spearman,321,0.5739278718737083
placebo,0.0,spearman,322,0.004204599793946581
placebo,0.0,spearman,323,0.3142938345975069
placebo,0.0,spearman,324,0.17133744160332318
placebo,0.0,spearman,325,0.20812768980035576
placebo,0.0,spearman,326,0.07778509618801174
placebo,0.0,spearman,327,-0.1345471934062906
placebo,0.0,spearman,328,0.011562649433353098
placebo,0.0,spearman,329,0.32585648403086
placebo,0.0,spearman,330,-0.004204599793946581
placebo,0.0,spearman,331,0.24071333820344173
placebo,0.0,spearman,332,0.2669920869156079
placebo,0.0,spearman,333,0.4173065295491981
placebo,0.0,spearman,334,0.1555701923760235
placebo,0.0,spearman,335,0.20182079010943588
placebo,0.0,spearman,336,-0.018920699072759613
placebo,0.0,spearman,337,-0.21022998969732903
placebo,0.0,spearman,338,-0.044148297836439095
placebo,0.0,spearman,339,-0.12403569392142413
placebo,0.0,spearman,340,0.1555701923760235
placebo,0.0,spearman,341,0.6096669701222542
placebo,0.0,spearman,342,-0.15451904242753683
placebo,0.0,spearman,343,-0.19130929062456942
placebo,0.0,spearman,344,0.3248053340823734
placebo,0.0,spearman,345,-0.1072172947456378
placebo,0.0,spearman,346,0.21969033923370884
placebo,0.0,spearman,347,0.2070765398518691
placebo,0.0,spearman,348,0.21233228959430234
placebo,0.0,spearman,349,0.2554294374822548
placebo,0.0,spearman,350,0.1534678924790502
placebo,0.0,spearman,351,0.47617092666445027
placebo,0.0,spearman,352,-0.0630689969091987
placebo,0.0,spearman,353,-0.03153449845459935
placebo,0.0,spearman,354,-0.11562649433353098
placebo,0.0,spearman,355,0.3721070817642724
placebo,0.0,spearman,356,-0.06201784696071207
placebo,0.0,spearman,357,0.12718914376688406
placebo,0.0,spearman,358,0.35003293284605286
placebo,0.0,spearman,359,0.06412014685768536
placebo,0.0,spearman,360,0.3206007342884268
placebo,0.0,spearman,361,-0.37736283150670563
placebo,0.0,spearman,362,0.734753813992165
placebo,0.0,spearman,363,0.2859127859883675
placebo,0.0,spearman,364,0.11562649433353098
placebo,0.0,spearman,365,0.26068518722468803
placebo,0.0,spearman,366,0.03679024819703258
placebo,0.0,spearman,367,0.4215111293431447
placebo,0.0,spearman,368,0.09985924510623129
placebo,0.0,spearman,369,-0.2564805874307414
placebo,0.0,spearman,370,0.04835289763038568
placebo,0.0,spearman,371,-0.12929144366385736
placebo,0.0,spearman,372,0.07042704654860522
placebo,0.0,spearman,373,0.13770064325175052
placebo,0.0,spearman,374,0.18500239093364956
placebo,0.0,spearman,375,-0.07988739608498503
placebo,0.0,spearman,376,0.2585828873277147
placebo,0.0,spearman,377,0.07988739608498503
placebo,0.0,spearman,378,-0.32690763397934663
placebo,0.0,spearman,379,-0.11772879423050427
placebo,0.0,spearman,380,0.18079779113970298
placebo,0.0,spearman,381,0.376311681558219
placebo,0.0,spearman,382,0.0767339462395251
placebo,0.0,spearman,383,0.2669920869156079
placebo,0.0,spearman,384,-0.26068518722468803
placebo,0.0,spearman,385,0.3121915347005336
placebo,0.0,spearman,386,-0.3510840827945395
placebo,0.0,spearman,387,-0.04309714788795245
placebo,0.0,spearman,388,-0.2575317373792281
placebo,0.0,spearman,389,0.4625059773341239
placebo,0.0,spearman,390,0.40889732996130496
placebo,0.0,spearman,391,0.26383863707014793
placebo,0.0,spearman,392,0.005255749742433226
placebo,0.0,spearman,393,-0.0746316463425518
placebo,0.0,spearman,394,-0.19971849021246257
placebo,0.0,spearman,395,0.27119668670955444
placebo,0.0,spearman,396,0.1723885915518098
placebo,0.0,spearman,397,-0.09880809515774465
placebo,0.0,spearman,398,0.45514792769471735
placebo,0.0,spearman,399,-0.004204599793946581
placebo,0.0,spearman,400,0.05781324716676549
placebo,0.0,spearman,401,-0.15031444263359026
placebo,0.0,spearman,402,0.06412014685768536
placebo,0.0,spearman,403,0.20182079010943588
placebo,0.0,spearman,404,0.05991554706373878
placebo,0.0,spearman,405,0.15031444263359026
placebo,0.0,spearman,406,0.09670579526077136
placebo,0.0,spearman,407,-0.09250119546682478
placebo,0.0,spearman,408,0.0536086473728189
placebo,0.0,spearman,409,0.5108588749645095
placebo,0.0,spearman,410,0.7767998119316308
placebo,0.0,spearman,411,0.391027780837032
placebo,0.0,spearman,412,0.6611733175980998
placebo,0.0,spearman,413,-0.17554204139726975
placebo,0.0,spearman,414,0.376311681558219
placebo,0.0,spearman,415,-0.02627874871216613
placebo,0.0,spearman,416,0.1513655925820769
placebo,0.0,spearman,417,0.07358049639406516
placebo,0.0,spearman,418,-0.29957773531869386
placebo,0.0,spearman,419,-0.15662134232451014
placebo,0.0,spearman,420,0.39628353057946525
placebo,0.0,spearman,421,0.16818399175786322
placebo,0.0,spearman,422,0.5035008253251031
placebo,0.0,spearman,423,0.5318818739342425
placebo,0.0,spearman,424,0.23125298866706195
placebo,0.0,spearman,425,-0.13875179320023717
placebo,0.0,spearman,426,0.05255749742433226
placebo,0.0,spearman,427,0.41835767949768476
placebo,0.0,spearman,428,0.15031444263359026
placebo,0.0,spearman,429,0.2554294374822548
placebo,0.0,spearman,430,-0.2186391892852222
placebo,0.0,spearman,431,0.2911685357308007
placebo,0.0,spearman,432,0.43622722862195773
placebo,0.0,spearman,433,-0.4877335760978034
placebo,0.0,spearman,434,0.2575317373792281
placebo,0.0,spearman,435,-0.3489817828975662
placebo,0.0,spearman,436,0.006306899690919871
placebo,0.0,spearman,437,-0.05465979732130555
placebo,0.0,spearman,438,0.1492632926851036
placebo,0.0,spearman,439,0.4719663268705037
placebo,0.0,spearman,440,-0.21022998969732903
placebo,0.0,spearman,441,-0.195513890418516
placebo,0.0,spearman,442,0.21969033923370884
placebo,0.0,spearman,443,-0.09880809515774465
placebo,0.0,spearman,444,0.32690763397934663
placebo,0.0,spearman,445,-0.04625059773341239
placebo,0.0,spearman,446,0.40574388011584506
placebo,0.0,spearman,447,0.2722478366580411
placebo,0.0,spearman,448,0.10406384490017788
placebo,0.0,spearman,449,0.011562649433353098
placebo,0.0,spearman,450,0.09355234541531142
placebo,0.0,spearman,451,0.5644675223373284
placebo,0.0,spearman,452,0.15451904242753683
placebo,0.0,spearman,453,-0.24281563810041504
placebo,0.0,spearman,454,-0.21548573943976226
placebo,0.0,spearman,455,0.2144345894912756
placebo,0.0,spearman,456,0.6296388191435005
placebo,0.0,spearman,457,0.26383863707014793
placebo,0.0,spearman,458,0.4141530797037382
placebo,0.0,spearman,459,0.16292824201543
placebo,0.0,spearman,460,-0.20182079010943588
placebo,0.0,spearman,461,0.20602538990338246
placebo,0.0,spearman,462,-0.1650305419124033
placebo,0.0,spearman,463,-0.3721070817642724
placebo,0.0,spearman,464,0.042045997939465805
placebo,0.0,spearman,465,-0.11352419443655767
placebo,0.0,spearman,466,-0.1345471934062906
placebo,0.0,spearman,467,0.22599723892462872
placebo,0.0,spearman,468,0.21548573943976226
placebo,0.0,spearman,469,0.5434445233675955
placebo,0.0,spearman,470,0.20917883974884238
placebo,0.0,spearman,471,-0.19236044057305607
placebo,0.0,spearman,472,-0.044148297836439095
placebo,0.0,spearman,473,0.2911685357308007
placebo,0.0,spearman,474,0.06201784696071207
placebo,0.0,spearman,475,-0.03048334850611271
placebo,0.0,spearman,476,0.004204599793946581
placebo,0.0,spearman,477,-0.004204599793946581
placebo,0.0,spearman,478,0.03679024819703258
placebo,0.0,spearman,479,-0.10826844469412446
placebo,0.0,spearman,480,-0.47091517692201706
placebo,0.0,spearman,481,0.16397939196391664
placebo,0.0,spearman,482,0.07568279629103845
placebo,0.0,spearman,483,0.47617092666445027
placebo,0.0,spearman,484,0.12298454397293748
placebo,0.0,spearman,485,-0.0767339462395251
placebo,0.0,spearman,486,0.08198969598195832
placebo,0.0,spearman,487,0.2302018387185753
placebo,0.0,spearman,488,-0.12298454397293748
placebo,0.0,spearman,489,0.39207893078551864
placebo,0.0,spearman,490,-0.14085409309721045
placebo,0.0,spearman,491,0.2764524364519877
placebo,0.0,spearman,492,0.17133744160332318
placebo,0.0,spearman,493,-0.5308307239857558
placebo,0.0,spearman,494,0.2302018387185753
placebo,0.0,spearman,495,-0.19130929062456942
placebo,0.0,spearman,496,0.1440075429426704
placebo,0.0,spearman,497,0.32165188423691343
placebo,0.0,spearman,498,-0.09985924510623129
placebo,0.0,spearman,499,0.042045997939465805
placebo,0.0,spearman,500,0.4877335760978034
placebo,0.0,spearman,501,-0.06622244675465865
placebo,0.0,spearman,502,0.2302018387185753
placebo,0.0,spearman,503,-0.11457534438504433
placebo,0.0,spearman,504,0.2207414891821955
placebo,0.0,spearman,505,0.0021022998969732905
placebo,0.0,spearman,506,-0.032585648403086004
placebo,0.0,spearman,507,0.46145482738563726
placebo,0.0,spearman,508,0.45514792769471735
placebo,0.0,spearman,509,0.022074148918219547
placebo,0.0,spearman,510,0.03784139814551923
placebo,0.0,spearman,511,0.10826844469412446
placebo,0.0,average_precision,0,0.5158333333333334
placebo,0.0,average_precision,1,0.5793650793650793
placebo,0.0,average_precision,2,0.487156862745098
placebo,0.0,average_precision,3,0.42878689937513464
placebo,0.0,average_precision,4,0.6925
placebo,0.0,average_precision,5,0.4540947940947941
placebo,0.0,average_precision,6,0.7912087912087913
placebo,0.0,average_precision,7,0.6022222222222222
placebo,0.0,average_precision,8,0.5203619909502262
placebo,0.0,average_precision,9,0.5079365079365079
placebo,0.0,average_precision,10,0.8333333333333334
placebo,0.0,average_precision,11,0.5088235294117647
placebo,0.0,average_precision,12,0.3032967032967033
placebo,0.0,average_precision,13,0.6291666666666667
placebo,0.0,average_precision,14,0.3054901960784314
placebo,0.0,average_precision,15,0.6466666666666667
placebo,0.0,average_precision,16,0.45549019607843133
placebo,0.0,average_precision,17,0.5047222222222223
placebo,0.0,average_precision,18,0.43497737556561084
placebo,0.0,average_precision,19,0.2932679738562092
placebo,0.0,average_precision,20,0.28174603174603174
placebo,0.0,average_precision,21,0.3154348919054802
placebo,0.0,average_precision,22,0.4088235294117647
placebo,0.0,average_precision,23,0.5997979797979798
placebo,0.0,average_precision,24,0.43787878787878787
placebo,0.0,average_precision,25,0.6274891774891775
placebo,0.0,average_precision,26,0.7176190476190476
placebo,0.0,average_precision,27,0.6323809523809524
placebo,0.0,average_precision,28,0.25010101010101005
placebo,0.0,average_precision,29,0.486060606060606
placebo,0.0,average_precision,30,0.39168067226890757
placebo,0.0,average_precision,31,0.4839317545199898
placebo,0.0,average_precision,32,0.5047619047619047
placebo,0.0,average_precision,33,0.5203619909502262
placebo,0.0,average_precision,34,0.3778711484593838
placebo,0.0,average_precision,35,0.3928571428571429
placebo,0.0,average_precision,36,0.5597619047619047
placebo,0.0,average_precision,37,0.19846297493356319
placebo,0.0,average_precision,38,0.5838235294117646
placebo,0.0,average_precision,39,0.6222222222222222
placebo,0.0,average_precision,40,0.5038451744334097
placebo,0.0,average_precision,41,0.7393939393939395
placebo,0.0,average_precision,42,0.5908333333333333
placebo,0.0,average_precision,43,0.2821015585721468
placebo,0.0,average_precision,44,0.31834733893557426
placebo,0.0,average_precision,45,0.49083333333333334
placebo,0.0,average_precision,46,0.5952272727272727
placebo,0.0,average_precision,47,0.4898412698412698
placebo,0.0,average_precision,48,0.642156862745098
placebo,0.0,average_precision,49,0.6097527472527473
placebo,0.0,average_precision,50,0.5136507936507936
placebo,0.0,average_precision,51,0.800909090909091
placebo,0.0,average_precision,52,0.3883473389355742
placebo,0.0,average_precision,53,0.3088888888888889
placebo,0.0,average_precision,54,0.3505984211866565
placebo,0.0,average_precision,55,0.39942182001005533
placebo,0.0,average_precision,56,0.21743811743811742
placebo,0.0,average_precision,57,0.5810457516339869
placebo,0.0,average_precision,58,0.4705118411000764
placebo,0.0,average_precision,59,0.512156862745098
placebo,0.0,average_precision,60,0.41583333333333333
placebo,0.0,average_precision,61,0.4488888888888889
placebo,0.0,average_precision,62,0.4865508021390374
placebo,0.0,average_precision,63,0.42027777777777775
placebo,0.0,average_precision,64,0.3561813186813187
placebo,0.0,average_precision,65,0.4264239028944911
placebo,0.0,average_precision,66,0.4241883116883117
placebo,0.0,average_precision,67,0.43555555555555553
placebo,0.0,average_precision,68,0.6102564102564102
placebo,0.0,average_precision,69,0.39168067226890757
placebo,0.0,average_precision,70,0.5102564102564102
placebo,0.0,average_precision,71,0.7309523809523809
placebo,0.0,average_precision,72,0.24314468211527035
placebo,0.0,average_precision,73,0.6677124183006536
placebo,0.0,average_precision,74,0.4196428571428571
placebo,0.0,average_precision,75,0.6833333333333333
placebo,0.0,average_precision,76,0.29923687423687423
placebo,0.0,average_precision,77,0.22833333333333333
placebo,0.0,average_precision,78,0.45549019607843133
placebo,0.0,average_precision,79,0.6310457516339868
placebo,0.0,average_precision,80,0.4326330532212885
placebo,0.0,average_precision,81,0.3055555555555555
placebo,0.0,average_precision,82,0.5705118411000762
placebo,0.0,average_precision,83,0.3951871657754011
placebo,0.0,average_precision,84,0.7769230769230769
placebo,0.0,average_precision,85,0.3688235294117647
placebo,0.0,average_precision,86,0.5569230769230769
placebo,0.0,average_precision,87,0.7767857142857142
placebo,0.0,average_precision,88,0.5136953242835596
placebo,0.0,average_precision,89,0.24975723622782448
placebo,0.0,average_precision,90,0.38888888888888884
placebo,0.0,average_precision,91,0.6496503496503496
placebo,0.0,average_precision,92,0.2401143790849673
placebo,0.0,average_precision,93,0.6866666666666666
placebo,0.0,average_precision,94,0.29000000000000004
placebo,0.0,average_precision,95,0.5703619909502262
placebo,0.0,average_precision,96,0.6143939393939395
placebo,0.0,average_precision,97,0.4438888888888889
placebo,0.0,average_precision,98,0.57
placebo,0.0,average_precision,99,0.46382352941176463
placebo,0.0,average_precision,100,0.4021603396603396
placebo,0.0,average_precision,101,0.885
placebo,0.0,average_precision,102,0.39453781512605046
placebo,0.0,average_precision,103,0.4016806722689076
placebo,0.0,average_precision,104,0.6815508021390374
placebo,0.0,average_precision,105,0.7714285714285715
placebo,0.0,average_precision,106,0.8102564102564103
placebo,0.0,average_precision,107,0.3088522588522588
placebo,0.0,average_precision,108,0.3355555555555555
placebo,0.0,average_precision,109,0.6102564102564102
placebo,0.0,average_precision,110,0.6791666666666666
placebo,0.0,average_precision,111,0.576060606060606
placebo,0.0,average_precision,112,0.4504901960784314
placebo,0.0,average_precision,113,0.7588235294117647
placebo,0.0,average_precision,114,0.20730158730158726
placebo,0.0,average_precision,115,0.3576143790849673
placebo,0.0,average_precision,116,0.36010101010101014
placebo,0.0,average_precision,117,0.23218559218559215
placebo,0.0,average_precision,118,0.6371031746031747
placebo,0.0,average_precision,119,0.2983760683760684
placebo,0.0,average_precision,120,0.25501400560224086
placebo,0.0,average_precision,121,0.38555555555555554
placebo,0.0,average_precision,122,0.5286953242835596
placebo,0.0,average_precision,123,0.3650793650793651
placebo,0.0,average_precision,124,0.7014285714285714
placebo,0.0,average_precision,125,0.3961538461538462
placebo,0.0,average_precision,126,0.6713888888888889
placebo,0.0,average_precision,127,0.7625
placebo,0.0,average_precision,128,0.2725777490483373
placebo,0.0,average_precision,129,0.5588235294117647
placebo,0.0,average_precision,130,0.5388235294117647
placebo,0.0,average_precision,131,0.34215686274509804
placebo,0.0,average_precision,132,0.6925
placebo,0.0,average_precision,133,0.512156862745098
placebo,0.0,average_precision,134,0.5796428571428571
placebo,0.0,average_precision,135,0.4895238095238096
placebo,0.0,average_precision,136,0.4588235294117647
placebo,0.0,average_precision,137,0.39326797385620915
placebo,0.0,average_precision,138,0.4579365079365079
placebo,0.0,average_precision,139,0.6677124183006536
placebo,0.0,average_precision,140,0.4274114774114775
placebo,0.0,average_precision,141,0.6125
placebo,0.0,average_precision,142,0.6941558441558442
placebo,0.0,average_precision,143,0.6909090909090909
placebo,0.0,average_precision,144,0.43479797979797985
placebo,0.0,average_precision,145,0.3359477124183006
placebo,0.0,average_precision,146,0.48476190476190484
placebo,0.0,average_precision,147,0.577094017094017
placebo,0.0,average_precision,148,0.40885225885225884
placebo,0.0,average_precision,149,0.40793650793650793
placebo,0.0,average_precision,150,0.3197572362278245
placebo,0.0,average_precision,151,0.28804430863254393
placebo,0.0,average_precision,152,0.24876822523881348
placebo,0.0,average_precision,153,0.6264285714285714
placebo,0.0,average_precision,154,0.19918192918192917
placebo,0.0,average_precision,155,0.22473970473970475
placebo,0.0,average_precision,156,0.7644444444444444
placebo,0.0,average_precision,157,0.2826330532212885
placebo,0.0,average_precision,158,0.40376068376068375
placebo,0.0,average_precision,159,0.5248841354723707
placebo,0.0,average_precision,160,0.3983107088989442
placebo,0.0,average_precision,161,0.3949494949494949
placebo,0.0,average_precision,162,0.4683473389355742
placebo,0.0,average_precision,163,0.312156862745098
placebo,0.0,average_precision,164,0.86
placebo,0.0,average_precision,165,0.43555555555555553
placebo,0.0,average_precision,166,0.6564425770308123
placebo,0.0,average_precision,167,0.6018939393939393
placebo,0.0,average_precision,168,0.24876822523881348
placebo,0.0,average_precision,169,0.5327272727272727
placebo,0.0,average_precision,170,0.4192997198879552
placebo,0.0,average_precision,171,0.47596638655462187
placebo,0.0,average_precision,172,0.28391053391053384
placebo,0.0,average_precision,173,0.3088235294117647
placebo,0.0,average_precision,174,0.4904761904761905
placebo,0.0,average_precision,175,0.3555555555555555
placebo,0.0,average_precision,176,0.5134267040149393
placebo,0.0,average_precision,177,0.42163947163947163
placebo,0.0,average_precision,178,0.4482828282828283
placebo,0.0,average_precision,179,0.4573717948717949
placebo,0.0,average_precision,180,0.4452272727272727
placebo,0.0,average_precision,181,0.5876984126984126
placebo,0.0,average_precision,182,0.2870588235294118
placebo,0.0,average_precision,183,0.26928104575163403
placebo,0.0,average_precision,184,0.5704365079365079
placebo,0.0,average_precision,185,0.32384517443340977
placebo,0.0,average_precision,186,0.5688888888888888
placebo,0.0,average_precision,187,0.4538235294117647
placebo,0.0,average_precision,188,0.7753968253968253
placebo,0.0,average_precision,189,0.2537441643323996
placebo,0.0,average_precision,190,0.4254273504273504
placebo,0.0,average_precision,191,0.496060606060606
placebo,0.0,average_precision,192,0.5131313131313131
placebo,0.0,average_precision,193,0.4212121212121212
placebo,0.0,average_precision,194,0.33596638655462185
placebo,0.0,average_precision,195,0.4470940170940171
placebo,0.0,average_precision,196,0.412120232708468
placebo,0.0,average_precision,197,0.3339105339105338
placebo,0.0,average_precision,198,0.3071598336304219
placebo,0.0,average_precision,199,0.5375
placebo,0.0,average_precision,200,0.30198717948717946
placebo,0.0,average_precision,201,0.36036199095022625
placebo,0.0,average_precision,202,0.4200356506238859
placebo,0.0,average_precision,203,0.850909090909091
placebo,0.0,average_precision,204,0.40057720057720053
placebo,0.0,average_precision,205,0.5705118411000762
placebo,0.0,average_precision,206,0.2782828282828283
placebo,0.0,average_precision,207,0.6547619047619048
placebo,0.0,average_precision,208,0.6319230769230769
placebo,0.0,average_precision,209,0.5366666666666667
placebo,0.0,average_precision,210,0.5648841354723707
placebo,0.0,average_precision,211,0.4522222222222222
placebo,0.0,average_precision,212,0.47269841269841273
placebo,0.0,average_precision,213,0.3571598336304219
placebo,0.0,average_precision,214,0.2921381886087769
placebo,0.0,average_precision,215,0.31261437908496736
placebo,0.0,average_precision,216,0.5703787878787878
placebo,0.0,average_precision,217,0.40555555555555556
placebo,0.0,average_precision,218,0.6102272727272727
placebo,0.0,average_precision,219,0.5015476190476191
placebo,0.0,average_precision,220,0.2352525252525252
placebo,0.0,average_precision,221,0.21624075271134097
placebo,0.0,average_precision,222,0.2954715219421102
placebo,0.0,average_precision,223,0.3016806722689076
placebo,0.0,average_precision,224,0.39453781512605046
placebo,0.0,average_precision,225,0.4126984126984127
placebo,0.0,average_precision,226,0.3283549783549783
placebo,0.0,average_precision,227,0.6888235294117646
placebo,0.0,average_precision,228,0.3355555555555555
placebo,0.0,average_precision,229,0.3851871657754011
placebo,0.0,average_precision,230,0.5800356506238858
placebo,0.0,average_precision,231,0.5847222222222223
placebo,0.0,average_precision,232,0.53
placebo,0.0,average_precision,233,0.7133333333333333
placebo,0.0,average_precision,234,0.5948717948717948
placebo,0.0,average_precision,235,0.5153646353646354
placebo,0.0,average_precision,236,0.39326797385620915
placebo,0.0,average_precision,237,0.40888888888888886
placebo,0.0,average_precision,238,0.7103174603174603
placebo,0.0,average_precision,239,0.5088888888888888
placebo,0.0,average_precision,240,0.30333333333333334
placebo,0.0,average_precision,241,0.5703619909502262
placebo,0.0,average_precision,242,0.5755555555555556
placebo,0.0,average_precision,243,0.23545356604180134
placebo,0.0,average_precision,244,0.6442424242424243
placebo,0.0,average_precision,245,0.4126984126984127
placebo,0.0,average_precision,246,0.3612044817927171
placebo,0.0,average_precision,247,0.4745378151260504
placebo,0.0,average_precision,248,0.2818351583057465
placebo,0.0,average_precision,249,0.4688888888888889
placebo,0.0,average_precision,250,0.33263305322128855
placebo,0.0,average_precision,251,0.4004901960784314
placebo,0.0,average_precision,252,0.5188235294117647
placebo,0.0,average_precision,253,0.6083333333333334
placebo,0.0,average_precision,254,0.48382352941176465
placebo,0.0,average_precision,255,0.44670231729055254
placebo,0.0,average_precision,256,0.4736953242835595
placebo,0.0,average_precision,257,0.3149562855445208
placebo,0.0,average_precision,258,0.4444444444444445
placebo,0.0,average_precision,259,0.6445378151260505
placebo,0.0,average_precision,260,0.3259663865546219
placebo,0.0,average_precision,261,0.5588235294117647
placebo,0.0,average_precision,262,0.2450356506238859
placebo,0.0,average_precision,263,0.5990384615384615
placebo,0.0,average_precision,264,0.9111111111111111
placebo,0.0,average_precision,265,0.3078134284016637
placebo,0.0,average_precision,266,0.39841269841269844
placebo,0.0,average_precision,267,0.4663095238095238
placebo,0.0,average_precision,268,0.5858119658119658
placebo,0.0,average_precision,269,0.4326495726495727
placebo,0.0,average_precision,270,0.5745421245421245
placebo,0.0,average_precision,271,0.3167023172905526
placebo,0.0,average_precision,272,0.531204481792717
placebo,0.0,average_precision,273,0.3393650793650793
placebo,0.0,average_precision,274,0.33888888888888885
placebo,0.0,average_precision,275,0.7069230769230769
placebo,0.0,average_precision,276,0.7112087912087912
placebo,0.0,average_precision,277,0.3720940170940171
placebo,0.0,average_precision,278,0.35888888888888887
placebo,0.0,average_precision,279,0.24453781512605044
placebo,0.0,average_precision,280,0.42676767676767674
placebo,0.0,average_precision,281,0.5909090909090909
placebo,0.0,average_precision,282,0.5921568627450979
placebo,0.0,average_precision,283,0.5350140056022408
placebo,0.0,average_precision,284,0.40793650793650793
placebo,0.0,average_precision,285,0.6251082251082252
placebo,0.0,average_precision,286,0.3088235294117647
placebo,0.0,average_precision,287,0.23715983363042187
placebo,0.0,average_precision,288,0.5848841354723707
placebo,0.0,average_precision,289,0.6139194139194138
placebo,0.0,average_precision,290,0.4788235294117647
placebo,0.0,average_precision,291,0.6745421245421245
placebo,0.0,average_precision,292,0.6148841354723708
placebo,0.0,average_precision,293,0.4259090909090909
placebo,0.0,average_precision,294,0.5371031746031746
placebo,0.0,average_precision,295,0.6880952380952381
placebo,0.0,average_precision,296,0.5386904761904762
placebo,0.0,average_precision,297,0.3016806722689076
placebo,0.0,average_precision,298,0.3016806722689076
placebo,0.0,average_precision,299,0.5242997198879551
placebo,0.0,average_precision,300,0.39326797385620915
placebo,0.0,average_precision,301,0.3426984126984127
placebo,0.0,average_precision,302,0.6433333333333333
placebo,0.0,average_precision,303,0.8051948051948052
placebo,0.0,average_precision,304,0.4822222222222222
placebo,0.0,average_precision,305,0.2703619909502263
placebo,0.0,average_precision,306,0.3055555555555555
placebo,0.0,average_precision,307,0.33821746880570414
placebo,0.0,average_precision,308,0.4984126984126984
placebo,0.0,average_precision,309,0.23536199095022625
placebo,0.0,average_precision,310,0.3951871657754011
placebo,0.0,average_precision,311,0.38415584415584414
placebo,0.0,average_precision,312,0.3026143790849673
placebo,0.0,average_precision,313,0.4565367965367965
placebo,0.0,average_precision,314,0.7315508021390374
placebo,0.0,average_precision,315,0.462156862745098
placebo,0.0,average_precision,316,0.5974891774891775
placebo,0.0,average_precision,317,0.4769230769230769
placebo,0.0,average_precision,318,0.7226190476190476
placebo,0.0,average_precision,319,0.800909090909091
placebo,0.0,average_precision,320,0.3121855921855922
placebo,0.0,average_precision,321,0.7333333333333334
placebo,0.0,average_precision,322,0.3383107088989442
placebo,0.0,average_precision,323,0.6941558441558442
placebo,0.0,average_precision,324,0.6245378151260503
placebo,0.0,average_precision,325,0.6635897435897437
placebo,0.0,average_precision,326,0.4605555555555555
placebo,0.0,average_precision,327,0.2211858076563959
placebo,0.0,average_precision,328,0.2799346405228758
placebo,0.0,average_precision,329,0.5948717948717948
placebo,0.0,average_precision,330,0.43437908496732025
placebo,0.0,average_precision,331,0.5625
placebo,0.0,average_precision,332,0.6655122655122655
placebo,0.0,average_precision,333,0.6935897435897436
placebo,0.0,average_precision,334,0.4170940170940171
placebo,0.0,average_precision,335,0.6032828282828283
placebo,0.0,average_precision,336,0.31388888888888883
placebo,0.0,average_precision,337,0.32936507936507936
placebo,0.0,average_precision,338,0.4333689839572192
placebo,0.0,average_precision,339,0.36261437908496735
placebo,0.0,average_precision,340,0.5659663865546218
placebo,0.0,average_precision,341,0.86
placebo,0.0,average_precision,342,0.3072438672438672
placebo,0.0,average_precision,343,0.23555555555555557
placebo,0.0,average_precision,344,0.6925
placebo,0.0,average_precision,345,0.2917460317460317
placebo,0.0,average_precision,346,0.5990384615384615
placebo,0.0,average_precision,347,0.5
placebo,0.0,average_precision,348,0.4735897435897436
placebo,0.0,average_precision,349,0.6263888888888889
placebo,0.0,average_precision,350,0.6263888888888889
placebo,0.0,average_precision,351,0.7309523809523809
placebo,0.0,average_precision,352,0.3188888888888889
placebo,0.0,average_precision,353,0.26596638655462185
placebo,0.0,average_precision,354,0.3504273504273504
placebo,0.0,average_precision,355,0.5394096099978453
placebo,0.0,average_precision,356,0.38888888888888884
placebo,0.0,average_precision,357,0.4883333333333333
placebo,0.0,average_precision,358,0.6825
placebo,0.0,average_precision,359,0.40555555555555556
placebo,0.0,average_precision,360,0.6833333333333333
placebo,0.0,average_precision,361,0.24555555555555558
placebo,0.0,average_precision,362,0.885
placebo,0.0,average_precision,363,0.6626373626373626
placebo,0.0,average_precision,364,0.551923076923077
placebo,0.0,average_precision,365,0.4860762766645119
placebo,0.0,average_precision,366,0.42928104575163395
placebo,0.0,average_precision,367,0.5968253968253968
placebo,0.0,average_precision,368,0.5204901960784313
placebo,0.0,average_precision,369,0.3049773755656109
placebo,0.0,average_precision,370,0.5355555555555556
placebo,0.0,average_precision,371,0.4837606837606837
placebo,0.0,average_precision,372,0.531204481792717
placebo,0.0,average_precision,373,0.5803619909502261
placebo,0.0,average_precision,374,0.32222222222222224
placebo,0.0,average_precision,375,0.31545356604180136
placebo,0.0,average_precision,376,0.36809523809523814
placebo,0.0,average_precision,377,0.6482828282828283
placebo,0.0,average_precision,378,0.3393650793650793
placebo,0.0,average_precision,379,0.43888888888888894
placebo,0.0,average_precision,380,0.4946428571428571
placebo,0.0,average_precision,381,0.5758333333333333
placebo,0.0,average_precision,382,0.5054901960784314
placebo,0.0,average_precision,383,0.4588235294117647
placebo,0.0,average_precision,384,0.39841269841269844
placebo,0.0,average_precision,385,0.4757326007326007
placebo,0.0,average_precision,386,0.2152158952158952
placebo,0.0,average_precision,387,0.25841269841269837
placebo,0.0,average_precision,388,0.2273300229182582
placebo,0.0,average_precision,389,0.6825
placebo,0.0,average_precision,390,0.6264425770308122
placebo,0.0,average_precision,391,0.5788235294117646
placebo,0.0,average_precision,392,0.4519230769230769
placebo,0.0,average_precision,393,0.4154535660418014
placebo,0.0,average_precision,394,0.2789780154486037
placebo,0.0,average_precision,395,0.632156862745098
placebo,0.0,average_precision,396,0.4129761904761905
placebo,0.0,average_precision,397,0.3059663865546219
placebo,0.0,average_precision,398,0.6893939393939394
placebo,0.0,average_precision,399,0.4226984126984127
placebo,0.0,average_precision,400,0.4317460317460317
placebo,0.0,average_precision,401,0.3393650793650793
placebo,0.0,average_precision,402,0.5667023172905525
placebo,0.0,average_precision,403,0.4888888888888888
placebo,0.0,average_precision,404,0.5366161616161615
placebo,0.0,average_precision,405,0.46120448179271706
placebo,0.0,average_precision,406,0.4805555555555555
placebo,0.0,average_precision,407,0.44670231729055254
placebo,0.0,average_precision,408,0.45427489177489183
placebo,0.0,average_precision,409,0.5914285714285714
placebo,0.0,average_precision,410,0.835
placebo,0.0,average_precision,411,0.7603174603174604
placebo,0.0,average_precision,412,0.7158119658119658
placebo,0.0,average_precision,413,0.2789780154486037
placebo,0.0,average_precision,414,0.6315508021390375
placebo,0.0,average_precision,415,0.4403619909502262
placebo,0.0,average_precision,416,0.7477124183006536
placebo,0.0,average_precision,417,0.5361416361416361
placebo,0.0,average_precision,418,0.2196743452625806
placebo,0.0,average_precision,419,0.3426984126984127
placebo,0.0,average_precision,420,0.5134267040149393
placebo,0.0,average_precision,421,0.618560606060606
placebo,0.0,average_precision,422,0.7912087912087913
placebo,0.0,average_precision,423,0.5296503496503497
placebo,0.0,average_precision,424,0.42036199095022625
placebo,0.0,average_precision,425,0.5482828282828283
placebo,0.0,average_precision,426,0.4031349206349207
placebo,0.0,average_precision,427,0.5136507936507936
placebo,0.0,average_precision,428,0.5009415584415585
placebo,0.0,average_precision,429,0.4969230769230769
placebo,0.0,average_precision,430,0.28841269841269834
placebo,0.0,average_precision,431,0.5921568627450979
placebo,0.0,average_precision,432,0.7166666666666666
placebo,0.0,average_precision,433,0.21640637140637145
placebo,0.0,average_precision,434,0.4972222222222221
placebo,0.0,average_precision,435,0.20596638655462188
placebo,0.0,average_precision,436,0.2664425770308123
placebo,0.0,average_precision,437,0.4688888888888889
placebo,0.0,average_precision,438,0.6722222222222222
placebo,0.0,average_precision,439,0.6791666666666666
placebo,0.0,average_precision,440,0.20775335775335774
placebo,0.0,average_precision,441,0.4659663865546218
placebo,0.0,average_precision,442,0.4438888888888889
placebo,0.0,average_precision,443,0.3776143790849673
placebo,0.0,average_precision,444,0.6677124183006536
placebo,0.0,average_precision,445,0.25326797385620914
placebo,0.0,average_precision,446,0.6258333333333332
placebo,0.0,average_precision,447,0.5858119658119658
placebo,0.0,average_precision,448,0.6454901960784314
placebo,0.0,average_precision,449,0.34882352941176475
placebo,0.0,average_precision,450,0.4238265002970885
placebo,0.0,average_precision,451,0.8242424242424242
placebo,0.0,average_precision,452,0.46010101010101
placebo,0.0,average_precision,453,0.25888888888888884
placebo,0.0,average_precision,454,0.28888888888888886
placebo,0.0,average_precision,455,0.6097527472527473
placebo,0.0,average_precision,456,0.6909090909090909
placebo,0.0,average_precision,457,0.5815384615384616
placebo,0.0,average_precision,458,0.6352272727272728
placebo,0.0,average_precision,459,0.40215686274509804
placebo,0.0,average_precision,460,0.39168067226890757
placebo,0.0,average_precision,461,0.6143939393939395
placebo,0.0,average_precision,462,0.25564468211527036
placebo,0.0,average_precision,463,0.2321015585721468
placebo,0.0,average_precision,464,0.4625
placebo,0.0,average_precision,465,0.3401010101010101
placebo,0.0,average_precision,466,0.312120232708468
placebo,0.0,average_precision,467,0.6334267040149393
placebo,0.0,average_precision,468,0.598217468805704
placebo,0.0,average_precision,469,0.7435897435897435
placebo,0.0,average_precision,470,0.522156862745098
placebo,0.0,average_precision,471,0.2622222222222222
placebo,0.0,average_precision,472,0.3088235294117647
placebo,0.0,average_precision,473,0.5727272727272726
placebo,0.0,average_precision,474,0.4745378151260504
placebo,0.0,average_precision,475,0.3304273504273504
placebo,0.0,average_precision,476,0.3432539682539682
placebo,0.0,average_precision,477,0.562120232708468
placebo,0.0,average_precision,478,0.5054901960784314
placebo,0.0,average_precision,479,0.2534343434343434
placebo,0.0,average_precision,480,0.25841269841269837
placebo,0.0,average_precision,481,0.5125
placebo,0.0,average_precision,482,0.6159663865546218
placebo,0.0,average_precision,483,0.7633333333333333
placebo,0.0,average_precision,484,0.44157411216234743
placebo,0.0,average_precision,485,0.3547619047619047
placebo,0.0,average_precision,486,0.49120448179271703
placebo,0.0,average_precision,487,0.47490744549568076
placebo,0.0,average_precision,488,0.31269841269841264
placebo,0.0,average_precision,489,0.5745421245421245
placebo,0.0,average_precision,490,0.23906204906204906
placebo,0.0,average_precision,491,0.4688888888888888
placebo,0.0,average_precision,492,0.31603174603174605
placebo,0.0,average_precision,493,0.315079365079365
placebo,0.0,average_precision,494,0.5691666666666666
placebo,0.0,average_precision,495,0.3197572362278245
placebo,0.0,average_precision,496,0.5203619909502262
placebo,0.0,average_precision,497,0.41571428571428565
placebo,0.0,average_precision,498,0.20726495726495725
placebo,0.0,average_precision,499,0.5441558441558441
placebo,0.0,average_precision,500,0.6885281385281384
placebo,0.0,average_precision,501,0.30882352941176466
placebo,0.0,average_precision,502,0.412156862745098
placebo,0.0,average_precision,503,0.38810966810966807
placebo,0.0,average_precision,504,0.5386904761904762
placebo,0.0,average_precision,505,0.3059663865546219
placebo,0.0,average_precision,506,0.3282051282051282
placebo,0.0,average_precision,507,0.6588235294117647
placebo,0.0,average_precision,508,0.7214285714285714
placebo,0.0,average_precision,509,0.2693285799168152
placebo,0.0,average_precision,510,0.4354901960784313
placebo,0.0,average_precision,511,0.4222222222222222
placebo,0.0,auroc_decline_vs_rest,0,0.5538461538461539
placebo,0.0,auroc_decline_vs_rest,1,0.6461538461538462
placebo,0.0,auroc_decline_vs_rest,2,0.5538461538461539
placebo,0.0,auroc_decline_vs_rest,3,0.4461538461538462
placebo,0.0,auroc_decline_vs_rest,4,0.7230769230769231
placebo,0.0,auroc_decline_vs_rest,5,0.5538461538461539
placebo,0.0,auroc_decline_vs_rest,6,0.8307692307692308
placebo,0.0,auroc_decline_vs_rest,7,0.676923076923077
placebo,0.0,auroc_decline_vs_rest,8,0.5692307692307692
placebo,0.0,auroc_decline_vs_rest,9,0.6
placebo,0.0,auroc_decline_vs_rest,10,0.8923076923076924
placebo,0.0,auroc_decline_vs_rest,11,0.5230769230769231
placebo,0.0,auroc_decline_vs_rest,12,0.36923076923076925
placebo,0.0,auroc_decline_vs_rest,13,0.7384615384615385
placebo,0.0,auroc_decline_vs_rest,14,0.49230769230769234
placebo,0.0,auroc_decline_vs_rest,15,0.7692307692307693
placebo,0.0,auroc_decline_vs_rest,16,0.49230769230769234
placebo,0.0,auroc_decline_vs_rest,17,0.6923076923076923
placebo,0.0,auroc_decline_vs_rest,18,0.46153846153846156
placebo,0.0,auroc_decline_vs_rest,19,0.3384615384615385
placebo,0.0,auroc_decline_vs_rest,20,0.35384615384615387
placebo,0.0,auroc_decline_vs_rest,21,0.36923076923076925
placebo,0.0,auroc_decline_vs_rest,22,0.5230769230769231
placebo,0.0,auroc_decline_vs_rest,23,0.7692307692307693
placebo,0.0,auroc_decline_vs_rest,24,0.5076923076923077
placebo,0.0,auroc_decline_vs_rest,25,0.7692307692307693
placebo,0.0,auroc_decline_vs_rest,26,0.8153846153846154
placebo,0.0,auroc_decline_vs_rest,27,0.6923076923076923
placebo,0.0,auroc_decline_vs_rest,28,0.35384615384615387
placebo,0.0,auroc_decline_vs_rest,29,0.6
placebo,0.0,auroc_decline_vs_rest,30,0.3384615384615385
placebo,0.0,auroc_decline_vs_rest,31,0.6153846153846154
placebo,0.0,auroc_decline_vs_rest,32,0.7076923076923077
placebo,0.0,auroc_decline_vs_rest,33,0.5692307692307692
placebo,0.0,auroc_decline_vs_rest,34,0.5230769230769231
placebo,0.0,auroc_decline_vs_rest,35,0.3384615384615385
placebo,0.0,auroc_decline_vs_rest,36,0.676923076923077
placebo,0.0,auroc_decline_vs_rest,37,0.13846153846153847
placebo,0.0,auroc_decline_vs_rest,38,0.5538461538461539
placebo,0.0,auroc_decline_vs_rest,39,0.7846153846153846
placebo,0.0,auroc_decline_vs_rest,40,0.5230769230769231
placebo,0.0,auroc_decline_vs_rest,41,0.7384615384615385
placebo,0.0,auroc_decline_vs_rest,42,0.6923076923076923
placebo,0.0,auroc_decline_vs_rest,43,0.27692307692307694
placebo,0.0,auroc_decline_vs_rest,44,0.49230769230769234
placebo,0.0,auroc_decline_vs_rest,45,0.5538461538461539
placebo,0.0,auroc_decline_vs_rest,46,0.6153846153846154
placebo,0.0,auroc_decline_vs_rest,47,0.676923076923077
placebo,0.0,auroc_decline_vs_rest,48,0.7230769230769231
placebo,0.0,auroc_decline_vs_rest,49,0.6923076923076923
placebo,0.0,auroc_decline_vs_rest,50,0.7384615384615385
placebo,0.0,auroc_decline_vs_rest,51,0.8769230769230769
placebo,0.0,auroc_decline_vs_rest,52,0.4461538461538462
placebo,0.0,auroc_decline_vs_rest,53,0.38461538461538464
placebo,0.0,auroc_decline_vs_rest,54,0.5538461538461539
placebo,0.0,auroc_decline_vs_rest,55,0.47692307692307695
placebo,0.0,auroc_decline_vs_rest,56,0.23076923076923078
placebo,0.0,auroc_decline_vs_rest,57,0.676923076923077
placebo,0.0,auroc_decline_vs_rest,58,0.5538461538461539
placebo,0.0,auroc_decline_vs_rest,59,0.5538461538461539
placebo,0.0,auroc_decline_vs_rest,60,0.4307692307692308
placebo,0.0,auroc_decline_vs_rest,61,0.5230769230769231
placebo,0.0,auroc_decline_vs_rest,62,0.6153846153846154
placebo,0.0,auroc_decline_vs_rest,63,0.4461538461538462
placebo,0.0,auroc_decline_vs_rest,64,0.5230769230769231
placebo,0.0,auroc_decline_vs_rest,65,0.4307692307692308
placebo,0.0,auroc_decline_vs_rest,66,0.46153846153846156
placebo,0.0,auroc_decline_vs_rest,67,0.6153846153846154
placebo,0.0,auroc_decline_vs_rest,68,0.7384615384615385
placebo,0.0,auroc_decline_vs_rest,69,0.3384615384615385
placebo,0.0,auroc_decline_vs_rest,70,0.7384615384615385
placebo,0.0,auroc_decline_vs_rest,71,0.7846153846153846
placebo,0.0,auroc_decline_vs_rest,72,0.23076923076923078
placebo,0.0,auroc_decline_vs_rest,73,0.7076923076923077
placebo,0.0,auroc_decline_vs_rest,74,0.4461538461538462
placebo,0.0,auroc_decline_vs_rest,75,0.7076923076923077
placebo,0.0,auroc_decline_vs_rest,76,0.46153846153846156
placebo,0.0,auroc_decline_vs_rest,77,0.27692307692307694
placebo,0.0,auroc_decline_vs_rest,78,0.49230769230769234
placebo,0.0,auroc_decline_vs_rest,79,0.7076923076923077
placebo,0.0,auroc_decline_vs_rest,80,0.46153846153846156
placebo,0.0,auroc_decline_vs_rest,81,0.4307692307692308
placebo,0.0,auroc_decline_vs_rest,82,0.5384615384615384
placebo,0.0,auroc_decline_vs_rest,83,0.35384615384615387
placebo,0.0,auroc_decline_vs_rest,84,0.8153846153846154
placebo,0.0,auroc_decline_vs_rest,85,0.47692307692307695
placebo,0.0,auroc_decline_vs_rest,86,0.7230769230769231
placebo,0.0,auroc_decline_vs_rest,87,0.7846153846153846
placebo,0.0,auroc_decline_vs_rest,88,0.5538461538461539
placebo,0.0,auroc_decline_vs_rest,89,0.3230769230769231
placebo,0.0,auroc_decline_vs_rest,90,0.5692307692307692
placebo,0.0,auroc_decline_vs_rest,91,0.7230769230769231
placebo,0.0,auroc_decline_vs_rest,92,0.2153846153846154
placebo,0.0,auroc_decline_vs_rest,93,0.8461538461538461
placebo,0.0,auroc_decline_vs_rest,94,0.3076923076923077
placebo,0.0,auroc_decline_vs_rest,95,0.6
placebo,0.0,auroc_decline_vs_rest,96,0.6923076923076923
placebo,0.0,auroc_decline_vs_rest,97,0.6
placebo,0.0,auroc_decline_vs_rest,98,0.8
placebo,0.0,auroc_decline_vs_rest,99,0.5538461538461539
placebo,0.0,auroc_decline_vs_rest,100,0.38461538461538464
placebo,0.0,auroc_decline_vs_rest,101,0.9384615384615385
placebo,0.0,auroc_decline_vs_rest,102,0.5230769230769231
placebo,0.0,auroc_decline_vs_rest,103,0.38461538461538464
placebo,0.0,auroc_decline_vs_rest,104,0.6923076923076923
placebo,0.0,auroc_decline_vs_rest,105,0.8
placebo,0.0,auroc_decline_vs_rest,106,0.8461538461538461
placebo,0.0,auroc_decline_vs_rest,107,0.4307692307692308
placebo,0.0,auroc_decline_vs_rest,108,0.4461538461538462
placebo,0.0,auroc_decline_vs_rest,109,0.7076923076923077
placebo,0.0,auroc_decline_vs_rest,110,0.6923076923076923
placebo,0.0,auroc_decline_vs_rest,111,0.7230769230769231
placebo,0.0,auroc_decline_vs_rest,112,0.49230769230769234
placebo,0.0,auroc_decline_vs_rest,113,0.7538461538461538
placebo,0.0,auroc_decline_vs_rest,114,0.18461538461538463
placebo,0.0,auroc_decline_vs_rest,115,0.46153846153846156
placebo,0.0,auroc_decline_vs_rest,116,0.4461538461538462
placebo,0.0,auroc_decline_vs_rest,117,0.2923076923076923
placebo,0.0,auroc_decline_vs_rest,118,0.6923076923076923
placebo,0.0,auroc_decline_vs_rest,119,0.4307692307692308
placebo,0.0,auroc_decline_vs_rest,120,0.36923076923076925
placebo,0.0,auroc_decline_vs_rest,121,0.3384615384615385
placebo,0.0,auroc_decline_vs_rest,122,0.5846153846153846
placebo,0.0,auroc_decline_vs_rest,123,0.5076923076923077
placebo,0.0,auroc_decline_vs_rest,124,0.7538461538461538
placebo,0.0,auroc_decline_vs_rest,125,0.35384615384615387
placebo,0.0,auroc_decline_vs_rest,126,0.7230769230769231
placebo,0.0,auroc_decline_vs_rest,127,0.7692307692307693
placebo,0.0,auroc_decline_vs_rest,128,0.3384615384615385
placebo,0.0,auroc_decline_vs_rest,129,0.6615384615384615
placebo,0.0,auroc_decline_vs_rest,130,0.6461538461538462
placebo,0.0,auroc_decline_vs_rest,131,0.5230769230769231
placebo,0.0,auroc_decline_vs_rest,132,0.7230769230769231
placebo,0.0,auroc_decline_vs_rest,133,0.5846153846153846
placebo,0.0,auroc_decline_vs_rest,134,0.6
placebo,0.0,auroc_decline_vs_rest,135,0.5846153846153846
placebo,0.0,auroc_decline_vs_rest,136,0.6153846153846154
placebo,0.0,auroc_decline_vs_rest,137,0.3384615384615385
placebo,0.0,auroc_decline_vs_rest,138,0.7076923076923077
placebo,0.0,auroc_decline_vs_rest,139,0.7076923076923077
placebo,0.0,auroc_decline_vs_rest,140,0.47692307692307695
placebo,0.0,auroc_decline_vs_rest,141,0.676923076923077
placebo,0.0,auroc_decline_vs_rest,142,0.7384615384615385
placebo,0.0,auroc_decline_vs_rest,143,0.8
placebo,0.0,auroc_decline_vs_rest,144,0.6923076923076923
placebo,0.0,auroc_decline_vs_rest,145,0.4461538461538462
placebo,0.0,auroc_decline_vs_rest,146,0.6153846153846154
placebo,0.0,auroc_decline_vs_rest,147,0.6153846153846154
placebo,0.0,auroc_decline_vs_rest,148,0.4
placebo,0.0,auroc_decline_vs_rest,149,0.6
placebo,0.0,auroc_decline_vs_rest,150,0.4
placebo,0.0,auroc_decline_vs_rest,151,0.3076923076923077
placebo,0.0,auroc_decline_vs_rest,152,0.3076923076923077
placebo,0.0,auroc_decline_vs_rest,153,0.7230769230769231
placebo,0.0,auroc_decline_vs_rest,154,0.13846153846153847
placebo,0.0,auroc_decline_vs_rest,155,0.26153846153846155
placebo,0.0,auroc_decline_vs_rest,156,0.8769230769230769
placebo,0.0,auroc_decline_vs_rest,157,0.38461538461538464
placebo,0.0,auroc_decline_vs_rest,158,0.5692307692307692
placebo,0.0,auroc_decline_vs_rest,159,0.5846153846153846
placebo,0.0,auroc_decline_vs_rest,160,0.4
placebo,0.0,auroc_decline_vs_rest,161,0.5538461538461539
placebo,0.0,auroc_decline_vs_rest,162,0.5538461538461539
placebo,0.0,auroc_decline_vs_rest,163,0.38461538461538464
placebo,0.0,auroc_decline_vs_rest,164,0.9076923076923077
placebo,0.0,auroc_decline_vs_rest,165,0.46153846153846156
placebo,0.0,auroc_decline_vs_rest,166,0.7384615384615385
placebo,0.0,auroc_decline_vs_rest,167,0.6307692307692307
placebo,0.0,auroc_decline_vs_rest,168,0.3230769230769231
placebo,0.0,auroc_decline_vs_rest,169,0.6307692307692307
placebo,0.0,auroc_decline_vs_rest,170,0.4307692307692308
placebo,0.0,auroc_decline_vs_rest,171,0.6461538461538462
placebo,0.0,auroc_decline_vs_rest,172,0.4
placebo,0.0,auroc_decline_vs_rest,173,0.46153846153846156
placebo,0.0,auroc_decline_vs_rest,174,0.7076923076923077
placebo,0.0,auroc_decline_vs_rest,175,0.47692307692307695
placebo,0.0,auroc_decline_vs_rest,176,0.6461538461538462
placebo,0.0,auroc_decline_vs_rest,177,0.4461538461538462
placebo,0.0,auroc_decline_vs_rest,178,0.6153846153846154
placebo,0.0,auroc_decline_vs_rest,179,0.6153846153846154
placebo,0.0,auroc_decline_vs_rest,180,0.5230769230769231
placebo,0.0,auroc_decline_vs_rest,181,0.6
placebo,0.0,auroc_decline_vs_rest,182,0.3384615384615385
placebo,0.0,auroc_decline_vs_rest,183,0.35384615384615387
placebo,0.0,auroc_decline_vs_rest,184,0.676923076923077
placebo,0.0,auroc_decline_vs_rest,185,0.4307692307692308
placebo,0.0,auroc_decline_vs_rest,186,0.6615384615384615
placebo,0.0,auroc_decline_vs_rest,187,0.5076923076923077
placebo,0.0,auroc_decline_vs_rest,188,0.8769230769230769
placebo,0.0,auroc_decline_vs_rest,189,0.36923076923076925
placebo,0.0,auroc_decline_vs_rest,190,0.6461538461538462
placebo,0.0,auroc_decline_vs_rest,191,0.6307692307692307
placebo,0.0,auroc_decline_vs_rest,192,0.7538461538461538
placebo,0.0,auroc_decline_vs_rest,193,0.49230769230769234
placebo,0.0,auroc_decline_vs_rest,194,0.46153846153846156
placebo,0.0,auroc_decline_vs_rest,195,0.49230769230769234
placebo,0.0,auroc_decline_vs_rest,196,0.4153846153846154
placebo,0.0,auroc_decline_vs_rest,197,0.46153846153846156
placebo,0.0,auroc_decline_vs_rest,198,0.36923076923076925
placebo,0.0,auroc_decline_vs_rest,199,0.6153846153846154
placebo,0.0,auroc_decline_vs_rest,200,0.36923076923076925
placebo,0.0,auroc_decline_vs_rest,201,0.5076923076923077
placebo,0.0,auroc_decline_vs_rest,202,0.4461538461538462
placebo,0.0,auroc_decline_vs_rest,203,0.9076923076923077
placebo,0.0,auroc_decline_vs_rest,204,0.49230769230769234
placebo,0.0,auroc_decline_vs_rest,205,0.5384615384615384
placebo,0.0,auroc_decline_vs_rest,206,0.4307692307692308
placebo,0.0,auroc_decline_vs_rest,207,0.7692307692307693
placebo,0.0,auroc_decline_vs_rest,208,0.7076923076923077
placebo,0.0,auroc_decline_vs_rest,209,0.7692307692307693
placebo,0.0,auroc_decline_vs_rest,210,0.6461538461538462
placebo,0.0,auroc_decline_vs_rest,211,0.47692307692307695
placebo,0.0,auroc_decline_vs_rest,212,0.5230769230769231
placebo,0.0,auroc_decline_vs_rest,213,0.4307692307692308
placebo,0.0,auroc_decline_vs_rest,214,0.35384615384615387
placebo,0.0,auroc_decline_vs_rest,215,0.4
placebo,0.0,auroc_decline_vs_rest,216,0.5384615384615384
placebo,0.0,auroc_decline_vs_rest,217,0.5230769230769231
placebo,0.0,auroc_decline_vs_rest,218,0.6461538461538462
placebo,0.0,auroc_decline_vs_rest,219,0.5692307692307692
placebo,0.0,auroc_decline_vs_rest,220,0.2923076923076923
placebo,0.0,auroc_decline_vs_rest,221,0.2
placebo,0.0,auroc_decline_vs_rest,222,0.35384615384615387
placebo,0.0,auroc_decline_vs_rest,223,0.35384615384615387
placebo,0.0,auroc_decline_vs_rest,224,0.5230769230769231
placebo,0.0,auroc_decline_vs_rest,225,0.5230769230769231
placebo,0.0,auroc_decline_vs_rest,226,0.46153846153846156
placebo,0.0,auroc_decline_vs_rest,227,0.7076923076923077
placebo,0.0,auroc_decline_vs_rest,228,0.47692307692307695
placebo,0.0,auroc_decline_vs_rest,229,0.3230769230769231
placebo,0.0,auroc_decline_vs_rest,230,0.5692307692307692
placebo,0.0,auroc_decline_vs_rest,231,0.6923076923076923
placebo,0.0,auroc_decline_vs_rest,232,0.7076923076923077
placebo,0.0,auroc_decline_vs_rest,233,0.7846153846153846
placebo,0.0,auroc_decline_vs_rest,234,0.6153846153846154
placebo,0.0,auroc_decline_vs_rest,235,0.6615384615384615
placebo,0.0,auroc_decline_vs_rest,236,0.3384615384615385
placebo,0.0,auroc_decline_vs_rest,237,0.5076923076923077
placebo,0.0,auroc_decline_vs_rest,238,0.7692307692307693
placebo,0.0,auroc_decline_vs_rest,239,0.5384615384615384
placebo,0.0,auroc_decline_vs_rest,240,0.36923076923076925
placebo,0.0,auroc_decline_vs_rest,241,0.5692307692307692
placebo,0.0,auroc_decline_vs_rest,242,0.7230769230769231
placebo,0.0,auroc_decline_vs_rest,243,0.3076923076923077
placebo,0.0,auroc_decline_vs_rest,244,0.8307692307692308
placebo,0.0,auroc_decline_vs_rest,245,0.5846153846153846
placebo,0.0,auroc_decline_vs_rest,246,0.5076923076923077
placebo,0.0,auroc_decline_vs_rest,247,0.5230769230769231
placebo,0.0,auroc_decline_vs_rest,248,0.36923076923076925
placebo,0.0,auroc_decline_vs_rest,249,0.7384615384615385
placebo,0.0,auroc_decline_vs_rest,250,0.4461538461538462
placebo,0.0,auroc_decline_vs_rest,251,0.5692307692307692
placebo,0.0,auroc_decline_vs_rest,252,0.6307692307692307
placebo,0.0,auroc_decline_vs_rest,253,0.7384615384615385
placebo,0.0,auroc_decline_vs_rest,254,0.5538461538461539
placebo,0.0,auroc_decline_vs_rest,255,0.5384615384615384
placebo,0.0,auroc_decline_vs_rest,256,0.6153846153846154
placebo,0.0,auroc_decline_vs_rest,257,0.4153846153846154
placebo,0.0,auroc_decline_vs_rest,258,0.6307692307692307
placebo,0.0,auroc_decline_vs_rest,259,0.6923076923076923
placebo,0.0,auroc_decline_vs_rest,260,0.4461538461538462
placebo,0.0,auroc_decline_vs_rest,261,0.5538461538461539
placebo,0.0,auroc_decline_vs_rest,262,0.3384615384615385
placebo,0.0,auroc_decline_vs_rest,263,0.6153846153846154
placebo,0.0,auroc_decline_vs_rest,264,0.9384615384615385
placebo,0.0,auroc_decline_vs_rest,265,0.38461538461538464
placebo,0.0,auroc_decline_vs_rest,266,0.35384615384615387
placebo,0.0,auroc_decline_vs_rest,267,0.5384615384615384
placebo,0.0,auroc_decline_vs_rest,268,0.7538461538461538
placebo,0.0,auroc_decline_vs_rest,269,0.49230769230769234
placebo,0.0,auroc_decline_vs_rest,270,0.7846153846153846
placebo,0.0,auroc_decline_vs_rest,271,0.49230769230769234
placebo,0.0,auroc_decline_vs_rest,272,0.5692307692307692
placebo,0.0,auroc_decline_vs_rest,273,0.47692307692307695
placebo,0.0,auroc_decline_vs_rest,274,0.5076923076923077
placebo,0.0,auroc_decline_vs_rest,275,0.7692307692307693
placebo,0.0,auroc_decline_vs_rest,276,0.8
placebo,0.0,auroc_decline_vs_rest,277,0.5538461538461539
placebo,0.0,auroc_decline_vs_rest,278,0.46153846153846156
placebo,0.0,auroc_decline_vs_rest,279,0.3384615384615385
placebo,0.0,auroc_decline_vs_rest,280,0.46153846153846156
placebo,0.0,auroc_decline_vs_rest,281,0.8
placebo,0.0,auroc_decline_vs_rest,282,0.676923076923077
placebo,0.0,auroc_decline_vs_rest,283,0.6
placebo,0.0,auroc_decline_vs_rest,284,0.5692307692307692
placebo,0.0,auroc_decline_vs_rest,285,0.676923076923077
placebo,0.0,auroc_decline_vs_rest,286,0.36923076923076925
placebo,0.0,auroc_decline_vs_rest,287,0.2923076923076923
placebo,0.0,auroc_decline_vs_rest,288,0.6615384615384615
placebo,0.0,auroc_decline_vs_rest,289,0.6461538461538462
placebo,0.0,auroc_decline_vs_rest,290,0.6307692307692307
placebo,0.0,auroc_decline_vs_rest,291,0.8
placebo,0.0,auroc_decline_vs_rest,292,0.676923076923077
placebo,0.0,auroc_decline_vs_rest,293,0.676923076923077
placebo,0.0,auroc_decline_vs_rest,294,0.6615384615384615
placebo,0.0,auroc_decline_vs_rest,295,0.8
placebo,0.0,auroc_decline_vs_rest,296,0.6615384615384615
placebo,0.0,auroc_decline_vs_rest,297,0.35384615384615387
placebo,0.0,auroc_decline_vs_rest,298,0.4153846153846154
placebo,0.0,auroc_decline_vs_rest,299,0.5692307692307692
placebo,0.0,auroc_decline_vs_rest,300,0.3384615384615385
placebo,0.0,auroc_decline_vs_rest,301,0.4461538461538462
placebo,0.0,auroc_decline_vs_rest,302,0.8615384615384616
placebo,0.0,auroc_decline_vs_rest,303,0.8615384615384616
placebo,0.0,auroc_decline_vs_rest,304,0.5384615384615384
placebo,0.0,auroc_decline_vs_rest,305,0.4153846153846154
placebo,0.0,auroc_decline_vs_rest,306,0.46153846153846156
placebo,0.0,auroc_decline_vs_rest,307,0.5230769230769231
placebo,0.0,auroc_decline_vs_rest,308,0.5846153846153846
placebo,0.0,auroc_decline_vs_rest,309,0.3076923076923077
placebo,0.0,auroc_decline_vs_rest,310,0.35384615384615387
placebo,0.0,auroc_decline_vs_rest,311,0.5846153846153846
placebo,0.0,auroc_decline_vs_rest,312,0.35384615384615387
placebo,0.0,auroc_decline_vs_rest,313,0.5538461538461539
placebo,0.0,auroc_decline_vs_rest,314,0.7076923076923077
placebo,0.0,auroc_decline_vs_rest,315,0.5692307692307692
placebo,0.0,auroc_decline_vs_rest,316,0.7076923076923077
placebo,0.0,auroc_decline_vs_rest,317,0.6
placebo,0.0,auroc_decline_vs_rest,318,0.8769230769230769
placebo,0.0,auroc_decline_vs_rest,319,0.8769230769230769
placebo,0.0,auroc_decline_vs_rest,320,0.38461538461538464
placebo,0.0,auroc_decline_vs_rest,321,0.8153846153846154
placebo,0.0,auroc_decline_vs_rest,322,0.4307692307692308
placebo,0.0,auroc_decline_vs_rest,323,0.7538461538461538
placebo,0.0,auroc_decline_vs_rest,324,0.6615384615384615
placebo,0.0,auroc_decline_vs_rest,325,0.7538461538461538
placebo,0.0,auroc_decline_vs_rest,326,0.49230769230769234
placebo,0.0,auroc_decline_vs_rest,327,0.23076923076923078
placebo,0.0,auroc_decline_vs_rest,328,0.4307692307692308
placebo,0.0,auroc_decline_vs_rest,329,0.6153846153846154
placebo,0.0,auroc_decline_vs_rest,330,0.6461538461538462
placebo,0.0,auroc_decline_vs_rest,331,0.676923076923077
placebo,0.0,auroc_decline_vs_rest,332,0.7846153846153846
placebo,0.0,auroc_decline_vs_rest,333,0.7384615384615385
placebo,0.0,auroc_decline_vs_rest,334,0.5692307692307692
placebo,0.0,auroc_decline_vs_rest,335,0.6153846153846154
placebo,0.0,auroc_decline_vs_rest,336,0.49230769230769234
placebo,0.0,auroc_decline_vs_rest,337,0.46153846153846156
placebo,0.0,auroc_decline_vs_rest,338,0.5076923076923077
placebo,0.0,auroc_decline_vs_rest,339,0.4461538461538462
placebo,0.0,auroc_decline_vs_rest,340,0.5230769230769231
placebo,0.0,auroc_decline_vs_rest,341,0.9076923076923077
placebo,0.0,auroc_decline_vs_rest,342,0.46153846153846156
placebo,0.0,auroc_decline_vs_rest,343,0.27692307692307694
placebo,0.0,auroc_decline_vs_rest,344,0.7230769230769231
placebo,0.0,auroc_decline_vs_rest,345,0.35384615384615387
placebo,0.0,auroc_decline_vs_rest,346,0.6153846153846154
placebo,0.0,auroc_decline_vs_rest,347,0.7076923076923077
placebo,0.0,auroc_decline_vs_rest,348,0.6
placebo,0.0,auroc_decline_vs_rest,349,0.676923076923077
placebo,0.0,auroc_decline_vs_rest,350,0.7230769230769231
placebo,0.0,auroc_decline_vs_rest,351,0.7846153846153846
placebo,0.0,auroc_decline_vs_rest,352,0.4153846153846154
placebo,0.0,auroc_decline_vs_rest,353,0.38461538461538464
placebo,0.0,auroc_decline_vs_rest,354,0.5076923076923077
placebo,0.0,auroc_decline_vs_rest,355,0.6615384615384615
placebo,0.0,auroc_decline_vs_rest,356,0.4461538461538462
placebo,0.0,auroc_decline_vs_rest,357,0.6153846153846154
placebo,0.0,auroc_decline_vs_rest,358,0.7384615384615385
placebo,0.0,auroc_decline_vs_rest,359,0.4307692307692308
placebo,0.0,auroc_decline_vs_rest,360,0.7076923076923077
placebo,0.0,auroc_decline_vs_rest,361,0.24615384615384617
placebo,0.0,auroc_decline_vs_rest,362,0.9384615384615385
placebo,0.0,auroc_decline_vs_rest,363,0.7538461538461538
placebo,0.0,auroc_decline_vs_rest,364,0.6615384615384615
placebo,0.0,auroc_decline_vs_rest,365,0.5692307692307692
placebo,0.0,auroc_decline_vs_rest,366,0.4307692307692308
placebo,0.0,auroc_decline_vs_rest,367,0.7846153846153846
placebo,0.0,auroc_decline_vs_rest,368,0.5538461538461539
placebo,0.0,auroc_decline_vs_rest,369,0.36923076923076925
placebo,0.0,auroc_decline_vs_rest,370,0.6461538461538462
placebo,0.0,auroc_decline_vs_rest,371,0.5384615384615384
placebo,0.0,auroc_decline_vs_rest,372,0.5692307692307692
placebo,0.0,auroc_decline_vs_rest,373,0.5692307692307692
placebo,0.0,auroc_decline_vs_rest,374,0.4153846153846154
placebo,0.0,auroc_decline_vs_rest,375,0.4153846153846154
placebo,0.0,auroc_decline_vs_rest,376,0.5692307692307692
placebo,0.0,auroc_decline_vs_rest,377,0.6615384615384615
placebo,0.0,auroc_decline_vs_rest,378,0.47692307692307695
placebo,0.0,auroc_decline_vs_rest,379,0.46153846153846156
placebo,0.0,auroc_decline_vs_rest,380,0.6153846153846154
placebo,0.0,auroc_decline_vs_rest,381,0.5538461538461539
placebo,0.0,auroc_decline_vs_rest,382,0.5230769230769231
placebo,0.0,auroc_decline_vs_rest,383,0.6461538461538462
placebo,0.0,auroc_decline_vs_rest,384,0.35384615384615387
placebo,0.0,auroc_decline_vs_rest,385,0.6
placebo,0.0,auroc_decline_vs_rest,386,0.2153846153846154
placebo,0.0,auroc_decline_vs_rest,387,0.35384615384615387
placebo,0.0,auroc_decline_vs_rest,388,0.27692307692307694
placebo,0.0,auroc_decline_vs_rest,389,0.7384615384615385
placebo,0.0,auroc_decline_vs_rest,390,0.7230769230769231
placebo,0.0,auroc_decline_vs_rest,391,0.6307692307692307
placebo,0.0,auroc_decline_vs_rest,392,0.6461538461538462
placebo,0.0,auroc_decline_vs_rest,393,0.4153846153846154
placebo,0.0,auroc_decline_vs_rest,394,0.3230769230769231
placebo,0.0,auroc_decline_vs_rest,395,0.6153846153846154
placebo,0.0,auroc_decline_vs_rest,396,0.5384615384615384
placebo,0.0,auroc_decline_vs_rest,397,0.35384615384615387
placebo,0.0,auroc_decline_vs_rest,398,0.7230769230769231
placebo,0.0,auroc_decline_vs_rest,399,0.4461538461538462
placebo,0.0,auroc_decline_vs_rest,400,0.5538461538461539
placebo,0.0,auroc_decline_vs_rest,401,0.47692307692307695
placebo,0.0,auroc_decline_vs_rest,402,0.5230769230769231
placebo,0.0,auroc_decline_vs_rest,403,0.6
placebo,0.0,auroc_decline_vs_rest,404,0.6
placebo,0.0,auroc_decline_vs_rest,405,0.5076923076923077
placebo,0.0,auroc_decline_vs_rest,406,0.5076923076923077
placebo,0.0,auroc_decline_vs_rest,407,0.47692307692307695
placebo,0.0,auroc_decline_vs_rest,408,0.6307692307692307
placebo,0.0,auroc_decline_vs_rest,409,0.7384615384615385
placebo,0.0,auroc_decline_vs_rest,410,0.9230769230769231
placebo,0.0,auroc_decline_vs_rest,411,0.8
placebo,0.0,auroc_decline_vs_rest,412,0.8
placebo,0.0,auroc_decline_vs_rest,413,0.3384615384615385
placebo,0.0,auroc_decline_vs_rest,414,0.6615384615384615
placebo,0.0,auroc_decline_vs_rest,415,0.6
placebo,0.0,auroc_decline_vs_rest,416,0.7384615384615385
placebo,0.0,auroc_decline_vs_rest,417,0.5846153846153846
placebo,0.0,auroc_decline_vs_rest,418,0.24615384615384617
placebo,0.0,auroc_decline_vs_rest,419,0.46153846153846156
placebo,0.0,auroc_decline_vs_rest,420,0.6461538461538462
placebo,0.0,auroc_decline_vs_rest,421,0.6923076923076923
placebo,0.0,auroc_decline_vs_rest,422,0.8307692307692308
placebo,0.0,auroc_decline_vs_rest,423,0.676923076923077
placebo,0.0,auroc_decline_vs_rest,424,0.4461538461538462
placebo,0.0,auroc_decline_vs_rest,425,0.6307692307692307
placebo,0.0,auroc_decline_vs_rest,426,0.38461538461538464
placebo,0.0,auroc_decline_vs_rest,427,0.7230769230769231
placebo,0.0,auroc_decline_vs_rest,428,0.6153846153846154
placebo,0.0,auroc_decline_vs_rest,429,0.7384615384615385
placebo,0.0,auroc_decline_vs_rest,430,0.3076923076923077
placebo,0.0,auroc_decline_vs_rest,431,0.676923076923077
placebo,0.0,auroc_decline_vs_rest,432,0.8615384615384616
placebo,0.0,auroc_decline_vs_rest,433,0.23076923076923078
placebo,0.0,auroc_decline_vs_rest,434,0.6153846153846154
placebo,0.0,auroc_decline_vs_rest,435,0.16923076923076924
placebo,0.0,auroc_decline_vs_rest,436,0.4
placebo,0.0,auroc_decline_vs_rest,437,0.5076923076923077
placebo,0.0,auroc_decline_vs_rest,438,0.6923076923076923
placebo,0.0,auroc_decline_vs_rest,439,0.7692307692307693
placebo,0.0,auroc_decline_vs_rest,440,0.18461538461538463
placebo,0.0,auroc_decline_vs_rest,441,0.49230769230769234
placebo,0.0,auroc_decline_vs_rest,442,0.6
placebo,0.0,auroc_decline_vs_rest,443,0.47692307692307695
placebo,0.0,auroc_decline_vs_rest,444,0.7076923076923077
placebo,0.0,auroc_decline_vs_rest,445,0.35384615384615387
placebo,0.0,auroc_decline_vs_rest,446,0.7076923076923077
placebo,0.0,auroc_decline_vs_rest,447,0.7384615384615385
placebo,0.0,auroc_decline_vs_rest,448,0.6615384615384615
placebo,0.0,auroc_decline_vs_rest,449,0.46153846153846156
placebo,0.0,auroc_decline_vs_rest,450,0.47692307692307695
placebo,0.0,auroc_decline_vs_rest,451,0.8769230769230769
placebo,0.0,auroc_decline_vs_rest,452,0.49230769230769234
placebo,0.0,auroc_decline_vs_rest,453,0.36923076923076925
placebo,0.0,auroc_decline_vs_rest,454,0.38461538461538464
placebo,0.0,auroc_decline_vs_rest,455,0.6307692307692307
placebo,0.0,auroc_decline_vs_rest,456,0.8307692307692308
placebo,0.0,auroc_decline_vs_rest,457,0.6615384615384615
placebo,0.0,auroc_decline_vs_rest,458,0.676923076923077
placebo,0.0,auroc_decline_vs_rest,459,0.4461538461538462
placebo,0.0,auroc_decline_vs_rest,460,0.3384615384615385
placebo,0.0,auroc_decline_vs_rest,461,0.6923076923076923
placebo,0.0,auroc_decline_vs_rest,462,0.3384615384615385
placebo,0.0,auroc_decline_vs_rest,463,0.27692307692307694
placebo,0.0,auroc_decline_vs_rest,464,0.5230769230769231
placebo,0.0,auroc_decline_vs_rest,465,0.4461538461538462
placebo,0.0,auroc_decline_vs_rest,466,0.38461538461538464
placebo,0.0,auroc_decline_vs_rest,467,0.676923076923077
placebo,0.0,auroc_decline_vs_rest,468,0.6153846153846154
placebo,0.0,auroc_decline_vs_rest,469,0.7538461538461538
placebo,0.0,auroc_decline_vs_rest,470,0.676923076923077
placebo,0.0,auroc_decline_vs_rest,471,0.3076923076923077
placebo,0.0,auroc_decline_vs_rest,472,0.36923076923076925
placebo,0.0,auroc_decline_vs_rest,473,0.676923076923077
placebo,0.0,auroc_decline_vs_rest,474,0.5230769230769231
placebo,0.0,auroc_decline_vs_rest,475,0.49230769230769234
placebo,0.0,auroc_decline_vs_rest,476,0.5384615384615384
placebo,0.0,auroc_decline_vs_rest,477,0.5076923076923077
placebo,0.0,auroc_decline_vs_rest,478,0.5230769230769231
placebo,0.0,auroc_decline_vs_rest,479,0.35384615384615387
placebo,0.0,auroc_decline_vs_rest,480,0.3076923076923077
placebo,0.0,auroc_decline_vs_rest,481,0.6615384615384615
placebo,0.0,auroc_decline_vs_rest,482,0.6153846153846154
placebo,0.0,auroc_decline_vs_rest,483,0.8
placebo,0.0,auroc_decline_vs_rest,484,0.5538461538461539
placebo,0.0,auroc_decline_vs_rest,485,0.5384615384615384
placebo,0.0,auroc_decline_vs_rest,486,0.5846153846153846
placebo,0.0,auroc_decline_vs_rest,487,0.5692307692307692
placebo,0.0,auroc_decline_vs_rest,488,0.4307692307692308
placebo,0.0,auroc_decline_vs_rest,489,0.7846153846153846
placebo,0.0,auroc_decline_vs_rest,490,0.3076923076923077
placebo,0.0,auroc_decline_vs_rest,491,0.6307692307692307
placebo,0.0,auroc_decline_vs_rest,492,0.47692307692307695
placebo,0.0,auroc_decline_vs_rest,493,0.36923076923076925
placebo,0.0,auroc_decline_vs_rest,494,0.6153846153846154
placebo,0.0,auroc_decline_vs_rest,495,0.4
placebo,0.0,auroc_decline_vs_rest,496,0.6
placebo,0.0,auroc_decline_vs_rest,497,0.6615384615384615
placebo,0.0,auroc_decline_vs_rest,498,0.18461538461538463
placebo,0.0,auroc_decline_vs_rest,499,0.7076923076923077
placebo,0.0,auroc_decline_vs_rest,500,0.8307692307692308
placebo,0.0,auroc_decline_vs_rest,501,0.49230769230769234
placebo,0.0,auroc_decline_vs_rest,502,0.4
placebo,0.0,auroc_decline_vs_rest,503,0.38461538461538464
placebo,0.0,auroc_decline_vs_rest,504,0.6
placebo,0.0,auroc_decline_vs_rest,505,0.35384615384615387
placebo,0.0,auroc_decline_vs_rest,506,0.46153846153846156
placebo,0.0,auroc_decline_vs_rest,507,0.6923076923076923
placebo,0.0,auroc_decline_vs_rest,508,0.7846153846153846
placebo,0.0,auroc_decline_vs_rest,509,0.4153846153846154
placebo,0.0,auroc_decline_vs_rest,510,0.46153846153846156
placebo,0.0,auroc_decline_vs_rest,511,0.5538461538461539
placebo,0.05,auroc_decline_vs_increase,0,0.5
placebo,0.05,auroc_decline_vs_increase,1,0.8333333333333334
placebo,0.05,auroc_decline_vs_increase,2,0.3333333333333333
placebo,0.05,auroc_decline_vs_increase,3,0.5
placebo,0.05,auroc_decline_vs_increase,4,0.5
placebo,0.05,auroc_decline_vs_increase,5,0.8333333333333334
placebo,0.05,auroc_decline_vs_increase,6,0.8333333333333334
placebo,0.05,auroc_decline_vs_increase,7,0.25
placebo,0.05,auroc_decline_vs_increase,8,0.5
placebo,0.05,auroc_decline_vs_increase,9,0.16666666666666666
placebo,0.05,auroc_decline_vs_increase,10,0.8333333333333334
placebo,0.05,auroc_decline_vs_increase,11,0.75
placebo,0.05,auroc_decline_vs_increase,12,0.25
placebo,0.05,auroc_decline_vs_increase,13,1.0
placebo,0.05,auroc_decline_vs_increase,14,0.5833333333333334
placebo,0.05,auroc_decline_vs_increase,15,0.9166666666666666
placebo,0.05,auroc_decline_vs_increase,16,0.4166666666666667
placebo,0.05,auroc_decline_vs_increase,17,0.5833333333333334
placebo,0.05,auroc_decline_vs_increase,18,0.8333333333333334
placebo,0.05,auroc_decline_vs_increase,19,0.3333333333333333
placebo,0.05,auroc_decline_vs_increase,20,0.3333333333333333
placebo,0.05,auroc_decline_vs_increase,21,0.16666666666666666
placebo,0.05,auroc_decline_vs_increase,22,0.5833333333333334
placebo,0.05,auroc_decline_vs_increase,23,0.75
placebo,0.05,auroc_decline_vs_increase,24,0.6666666666666666
placebo,0.05,auroc_decline_vs_increase,25,0.8333333333333334
placebo,0.05,auroc_decline_vs_increase,26,1.0
placebo,0.05,auroc_decline_vs_increase,27,0.75
placebo,0.05,auroc_decline_vs_increase,28,0.3333333333333333
placebo,0.05,auroc_decline_vs_increase,29,0.8333333333333334
placebo,0.05,auroc_decline_vs_increase,30,0.3333333333333333
placebo,0.05,auroc_decline_vs_increase,31,0.3333333333333333
placebo,0.05,auroc_decline_vs_increase,32,0.75
placebo,0.05,auroc_decline_vs_increase,33,0.5
placebo,0.05,auroc_decline_vs_increase,34,0.4166666666666667
placebo,0.05,auroc_decline_vs_increase,35,0.16666666666666666
placebo,0.05,auroc_decline_vs_increase,36,0.75
placebo,0.05,auroc_decline_vs_increase,37,0.16666666666666666
placebo,0.05,auroc_decline_vs_increase,38,0.8333333333333334
placebo,0.05,auroc_decline_vs_increase,39,1.0
placebo,0.05,auroc_decline_vs_increase,40,0.5
placebo,0.05,auroc_decline_vs_increase,41,0.9166666666666666
placebo,0.05,auroc_decline_vs_increase,42,0.75
placebo,0.05,auroc_decline_vs_increase,43,0.16666666666666666
placebo,0.05,auroc_decline_vs_increase,44,0.4166666666666667
placebo,0.05,auroc_decline_vs_increase,45,0.5
placebo,0.05,auroc_decline_vs_increase,46,0.8333333333333334
placebo,0.05,auroc_decline_vs_increase,47,0.4166666666666667
placebo,0.05,auroc_decline_vs_increase,48,0.3333333333333333
placebo,0.05,auroc_decline_vs_increase,49,0.6666666666666666
placebo,0.05,auroc_decline_vs_increase,50,0.5833333333333334
placebo,0.05,auroc_decline_vs_increase,51,0.8333333333333334
placebo,0.05,auroc_decline_vs_increase,52,0.6666666666666666
placebo,0.05,auroc_decline_vs_increase,53,0.5
placebo,0.05,auroc_decline_vs_increase,54,0.3333333333333333
placebo,0.05,auroc_decline_vs_increase,55,0.9166666666666666
placebo,0.05,auroc_decline_vs_increase,56,0.3333333333333333
placebo,0.05,auroc_decline_vs_increase,57,0.5
placebo,0.05,auroc_decline_vs_increase,58,1.0
placebo,0.05,auroc_decline_vs_increase,59,0.75
placebo,0.05,auroc_decline_vs_increase,60,0.4166666666666667
placebo,0.05,auroc_decline_vs_increase,61,0.75
placebo,0.05,auroc_decline_vs_increase,62,0.8333333333333334
placebo,0.05,auroc_decline_vs_increase,63,0.5
placebo,0.05,auroc_decline_vs_increase,64,0.5833333333333334
placebo,0.05,auroc_decline_vs_increase,65,0.3333333333333333
placebo,0.05,auroc_decline_vs_increase,66,0.75
placebo,0.05,auroc_decline_vs_increase,67,0.25
placebo,0.05,auroc_decline_vs_increase,68,0.9166666666666666
placebo,0.05,auroc_decline_vs_increase,69,0.25
placebo,0.05,auroc_decline_vs_increase,70,0.5833333333333334
placebo,0.05,auroc_decline_vs_increase,71,1.0
placebo,0.05,auroc_decline_vs_increase,72,0.25
placebo,0.05,auroc_decline_vs_increase,73,0.5
placebo,0.05,auroc_decline_vs_increase,74,0.5833333333333334
placebo,0.05,auroc_decline_vs_increase,75,0.75
placebo,0.05,auroc_decline_vs_increase,76,0.25
placebo,0.05,auroc_decline_vs_increase,77,0.08333333333333333
placebo,0.05,auroc_decline_vs_increase,78,0.3333333333333333
placebo,0.05,auroc_decline_vs_increase,79,0.8333333333333334
placebo,0.05,auroc_decline_vs_increase,80,0.3333333333333333
placebo,0.05,auroc_decline_vs_increase,81,0.25
placebo,0.05,auroc_decline_vs_increase,82,0.8333333333333334
placebo,0.05,auroc_decline_vs_increase,83,0.25
placebo,0.05,auroc_decline_vs_increase,84,1.0
placebo,0.05,auroc_decline_vs_increase,85,0.3333333333333333
placebo,0.05,auroc_decline_vs_increase,86,0.5833333333333334
placebo,0.05,auroc_decline_vs_increase,87,0.8333333333333334
placebo,0.05,auroc_decline_vs_increase,88,0.75
placebo,0.05,auroc_decline_vs_increase,89,0.25
placebo,0.05,auroc_decline_vs_increase,90,0.25
placebo,0.05,auroc_decline_vs_increase,91,0.8333333333333334
placebo,0.05,auroc_decline_vs_increase,92,0.16666666666666666
placebo,0.05,auroc_decline_vs_increase,93,0.8333333333333334
placebo,0.05,auroc_decline_vs_increase,94,0.3333333333333333
placebo,0.05,auroc_decline_vs_increase,95,0.6666666666666666
placebo,0.05,auroc_decline_vs_increase,96,0.75
placebo,0.05,auroc_decline_vs_increase,97,0.5
placebo,0.05,auroc_decline_vs_increase,98,0.75
placebo,0.05,auroc_decline_vs_increase,99,0.4166666666666667
placebo,0.05,auroc_decline_vs_increase,100,0.6666666666666666
placebo,0.05,auroc_decline_vs_increase,101,1.0
placebo,0.05,auroc_decline_vs_increase,102,0.4166666666666667
placebo,0.05,auroc_decline_vs_increase,103,0.4166666666666667
placebo,0.05,auroc_decline_vs_increase,104,0.5833333333333334
placebo,0.05,auroc_decline_vs_increase,105,1.0
placebo,0.05,auroc_decline_vs_increase,106,0.9166666666666666
placebo,0.05,auroc_decline_vs_increase,107,0.25
placebo,0.05,auroc_decline_vs_increase,108,0.25
placebo,0.05,auroc_decline_vs_increase,109,0.8333333333333334
placebo,0.05,auroc_decline_vs_increase,110,0.6666666666666666
placebo,0.05,auroc_decline_vs_increase,111,0.8333333333333334
placebo,0.05,auroc_decline_vs_increase,112,0.4166666666666667
placebo,0.05,auroc_decline_vs_increase,113,0.4166666666666667
placebo,0.05,auroc_decline_vs_increase,114,0.3333333333333333
placebo,0.05,auroc_decline_vs_increase,115,0.3333333333333333
placebo,0.05,auroc_decline_vs_increase,116,0.08333333333333333
placebo,0.05,auroc_decline_vs_increase,117,0.4166666666666667
placebo,0.05,auroc_decline_vs_increase,118,0.8333333333333334
placebo,0.05,auroc_decline_vs_increase,119,0.16666666666666666
placebo,0.05,auroc_decline_vs_increase,120,0.4166666666666667
placebo,0.05,auroc_decline_vs_increase,121,0.25
placebo,0.05,auroc_decline_vs_increase,122,0.5
placebo,0.05,auroc_decline_vs_increase,123,0.25
placebo,0.05,auroc_decline_vs_increase,124,0.8333333333333334
placebo,0.05,auroc_decline_vs_increase,125,0.25
placebo,0.05,auroc_decline_vs_increase,126,0.5833333333333334
placebo,0.05,auroc_decline_vs_increase,127,0.8333333333333334
placebo,0.05,auroc_decline_vs_increase,128,0.25
placebo,0.05,auroc_decline_vs_increase,129,0.6666666666666666
placebo,0.05,auroc_decline_vs_increase,130,0.9166666666666666
placebo,0.05,auroc_decline_vs_increase,131,0.5833333333333334
placebo,0.05,auroc_decline_vs_increase,132,0.5
placebo,0.05,auroc_decline_vs_increase,133,0.5833333333333334
placebo,0.05,auroc_decline_vs_increase,134,0.6666666666666666
placebo,0.05,auroc_decline_vs_increase,135,0.9166666666666666
placebo,0.05,auroc_decline_vs_increase,136,0.6666666666666666
placebo,0.05,auroc_decline_vs_increase,137,0.4166666666666667
placebo,0.05,auroc_decline_vs_increase,138,0.5833333333333334
placebo,0.05,auroc_decline_vs_increase,139,0.4166666666666667
placebo,0.05,auroc_decline_vs_increase,140,0.75
placebo,0.05,auroc_decline_vs_increase,141,0.5
placebo,0.05,auroc_decline_vs_increase,142,0.75
placebo,0.05,auroc_decline_vs_increase,143,0.8333333333333334
placebo,0.05,auroc_decline_vs_increase,144,0.75
placebo,0.05,auroc_decline_vs_increase,145,0.3333333333333333
placebo,0.05,auroc_decline_vs_increase,146,0.75
placebo,0.05,auroc_decline_vs_increase,147,0.8333333333333334
placebo,0.05,auroc_decline_vs_increase,148,0.3333333333333333
placebo,0.05,auroc_decline_vs_increase,149,0.25
placebo,0.05,auroc_decline_vs_increase,150,0.3333333333333333
placebo,0.05,auroc_decline_vs_increase,151,0.25
placebo,0.05,auroc_decline_vs_increase,152,0.25
placebo,0.05,auroc_decline_vs_increase,153,0.8333333333333334
placebo,0.05,auroc_decline_vs_increase,154,0.25
placebo,0.05,auroc_decline_vs_increase,155,0.4166666666666667
placebo,0.05,auroc_decline_vs_increase,156,0.9166666666666666
placebo,0.05,auroc_decline_vs_increase,157,0.4166666666666667
placebo,0.05,auroc_decline_vs_increase,158,0.16666666666666666
placebo,0.05,auroc_decline_vs_increase,159,0.6666666666666666
placebo,0.05,auroc_decline_vs_increase,160,0.3333333333333333
placebo,0.05,auroc_decline_vs_increase,161,0.25
placebo,0.05,auroc_decline_vs_increase,162,0.8333333333333334
placebo,0.05,auroc_decline_vs_increase,163,0.5833333333333334
placebo,0.05,auroc_decline_vs_increase,164,0.8333333333333334
placebo,0.05,auroc_decline_vs_increase,165,0.3333333333333333
placebo,0.05,auroc_decline_vs_increase,166,0.5
placebo,0.05,auroc_decline_vs_increase,167,0.5
placebo,0.05,auroc_decline_vs_increase,168,0.25
placebo,0.05,auroc_decline_vs_increase,169,0.75
placebo,0.05,auroc_decline_vs_increase,170,0.3333333333333333
placebo,0.05,auroc_decline_vs_increase,171,0.5
placebo,0.05,auroc_decline_vs_increase,172,0.16666666666666666
placebo,0.05,auroc_decline_vs_increase,173,0.4166666666666667
placebo,0.05,auroc_decline_vs_increase,174,0.5833333333333334
placebo,0.05,auroc_decline_vs_increase,175,0.25
placebo,0.05,auroc_decline_vs_increase,176,0.8333333333333334
placebo,0.05,auroc_decline_vs_increase,177,0.4166666666666667
placebo,0.05,auroc_decline_vs_increase,178,0.25
placebo,0.05,auroc_decline_vs_increase,179,0.6666666666666666
placebo,0.05,auroc_decline_vs_increase,180,0.6666666666666666
placebo,0.05,auroc_decline_vs_increase,181,0.9166666666666666
placebo,0.05,auroc_decline_vs_increase,182,0.3333333333333333
placebo,0.05,auroc_decline_vs_increase,183,0.3333333333333333
placebo,0.05,auroc_decline_vs_increase,184,0.75
placebo,0.05,auroc_decline_vs_increase,185,0.5833333333333334
placebo,0.05,auroc_decline_vs_increase,186,0.8333333333333334
placebo,0.05,auroc_decline_vs_increase,187,0.4166666666666667
placebo,0.05,auroc_decline_vs_increase,188,0.9166666666666666
placebo,0.05,auroc_decline_vs_increase,189,0.4166666666666667
placebo,0.05,auroc_decline_vs_increase,190,0.6666666666666666
placebo,0.05,auroc_decline_vs_increase,191,0.9166666666666666
placebo,0.05,auroc_decline_vs_increase,192,0.6666666666666666
placebo,0.05,auroc_decline_vs_increase,193,0.3333333333333333
placebo,0.05,auroc_decline_vs_increase,194,0.5833333333333334
placebo,0.05,auroc_decline_vs_increase,195,0.25
placebo,0.05,auroc_decline_vs_increase,196,0.5833333333333334
placebo,0.05,auroc_decline_vs_increase,197,0.16666666666666666
placebo,0.05,auroc_decline_vs_increase,198,0.75
placebo,0.05,auroc_decline_vs_increase,199,0.75
placebo,0.05,auroc_decline_vs_increase,200,0.6666666666666666
placebo,0.05,auroc_decline_vs_increase,201,0.4166666666666667
placebo,0.05,auroc_decline_vs_increase,202,0.3333333333333333
placebo,0.05,auroc_decline_vs_increase,203,1.0
placebo,0.05,auroc_decline_vs_increase,204,0.3333333333333333
placebo,0.05,auroc_decline_vs_increase,205,0.4166666666666667
placebo,0.05,auroc_decline_vs_increase,206,0.4166666666666667
placebo,0.05,auroc_decline_vs_increase,207,0.5833333333333334
placebo,0.05,auroc_decline_vs_increase,208,0.9166666666666666
placebo,0.05,auroc_decline_vs_increase,209,0.6666666666666666
placebo,0.05,auroc_decline_vs_increase,210,0.3333333333333333
placebo,0.05,auroc_decline_vs_increase,211,0.75
placebo,0.05,auroc_decline_vs_increase,212,0.25
placebo,0.05,auroc_decline_vs_increase,213,0.5833333333333334
placebo,0.05,auroc_decline_vs_increase,214,0.25
placebo,0.05,auroc_decline_vs_increase,215,0.25
placebo,0.05,auroc_decline_vs_increase,216,0.75
placebo,0.05,auroc_decline_vs_increase,217,0.3333333333333333
placebo,0.05,auroc_decline_vs_increase,218,0.4166666666666667
placebo,0.05,auroc_decline_vs_increase,219,0.6666666666666666
placebo,0.05,auroc_decline_vs_increase,220,0.16666666666666666
placebo,0.05,auroc_decline_vs_increase,221,0.4166666666666667
placebo,0.05,auroc_decline_vs_increase,222,0.3333333333333333
placebo,0.05,auroc_decline_vs_increase,223,0.3333333333333333
placebo,0.05,auroc_decline_vs_increase,224,0.4166666666666667
placebo,0.05,auroc_decline_vs_increase,225,0.5833333333333334
placebo,0.05,auroc_decline_vs_increase,226,0.5833333333333334
placebo,0.05,auroc_decline_vs_increase,227,0.75
placebo,0.05,auroc_decline_vs_increase,228,0.25
placebo,0.05,auroc_decline_vs_increase,229,0.8333333333333334
placebo,0.05,auroc_decline_vs_increase,230,0.4166666666666667
placebo,0.05,auroc_decline_vs_increase,231,0.5
placebo,0.05,auroc_decline_vs_increase,232,0.5833333333333334
placebo,0.05,auroc_decline_vs_increase,233,0.8333333333333334
placebo,0.05,auroc_decline_vs_increase,234,0.9166666666666666
placebo,0.05,auroc_decline_vs_increase,235,0.6666666666666666
placebo,0.05,auroc_decline_vs_increase,236,0.3333333333333333
placebo,0.05,auroc_decline_vs_increase,237,0.5
placebo,0.05,auroc_decline_vs_increase,238,0.75
placebo,0.05,auroc_decline_vs_increase,239,0.6666666666666666
placebo,0.05,auroc_decline_vs_increase,240,0.16666666666666666
placebo,0.05,auroc_decline_vs_increase,241,0.5
placebo,0.05,auroc_decline_vs_increase,242,0.5833333333333334
placebo,0.05,auroc_decline_vs_increase,243,0.3333333333333333
placebo,0.05,auroc_decline_vs_increase,244,0.8333333333333334
placebo,0.05,auroc_decline_vs_increase,245,0.5833333333333334
placebo,0.05,auroc_decline_vs_increase,246,0.4166666666666667
placebo,0.05,auroc_decline_vs_increase,247,0.8333333333333334
placebo,0.05,auroc_decline_vs_increase,248,0.25
placebo,0.05,auroc_decline_vs_increase,249,0.8333333333333334
placebo,0.05,auroc_decline_vs_increase,250,0.3333333333333333
placebo,0.05,auroc_decline_vs_increase,251,0.6666666666666666
placebo,0.05,auroc_decline_vs_increase,252,0.4166666666666667
placebo,0.05,auroc_decline_vs_increase,253,0.8333333333333334
placebo,0.05,auroc_decline_vs_increase,254,0.5833333333333334
placebo,0.05,auroc_decline_vs_increase,255,0.6666666666666666
placebo,0.05,auroc_decline_vs_increase,256,0.6666666666666666
placebo,0.05,auroc_decline_vs_increase,257,0.6666666666666666
placebo,0.05,auroc_decline_vs_increase,258,0.25
placebo,0.05,auroc_decline_vs_increase,259,1.0
placebo,0.05,auroc_decline_vs_increase,260,0.5833333333333334
placebo,0.05,auroc_decline_vs_increase,261,0.8333333333333334
placebo,0.05,auroc_decline_vs_increase,262,0.3333333333333333
placebo,0.05,auroc_decline_vs_increase,263,0.5
placebo,0.05,auroc_decline_vs_increase,264,1.0
placebo,0.05,auroc_decline_vs_increase,265,0.5833333333333334
placebo,0.05,auroc_decline_vs_increase,266,0.25
placebo,0.05,auroc_decline_vs_increase,267,0.5833333333333334
placebo,0.05,auroc_decline_vs_increase,268,0.6666666666666666
placebo,0.05,auroc_decline_vs_increase,269,0.9166666666666666
placebo,0.05,auroc_decline_vs_increase,270,0.75
placebo,0.05,auroc_decline_vs_increase,271,0.4166666666666667
placebo,0.05,auroc_decline_vs_increase,272,0.5
placebo,0.05,auroc_decline_vs_increase,273,0.3333333333333333
placebo,0.05,auroc_decline_vs_increase,274,0.16666666666666666
placebo,0.05,auroc_decline_vs_increase,275,0.9166666666666666
placebo,0.05,auroc_decline_vs_increase,276,0.8333333333333334
placebo,0.05,auroc_decline_vs_increase,277,0.25
placebo,0.05,auroc_decline_vs_increase,278,0.08333333333333333
placebo,0.05,auroc_decline_vs_increase,279,0.4166666666666667
placebo,0.05,auroc_decline_vs_increase,280,0.4166666666666667
placebo,0.05,auroc_decline_vs_increase,281,0.8333333333333334
placebo,0.05,auroc_decline_vs_increase,282,0.5833333333333334
placebo,0.05,auroc_decline_vs_increase,283,0.5
placebo,0.05,auroc_decline_vs_increase,284,0.3333333333333333
placebo,0.05,auroc_decline_vs_increase,285,0.75
placebo,0.05,auroc_decline_vs_increase,286,0.5
placebo,0.05,auroc_decline_vs_increase,287,0.25
placebo,0.05,auroc_decline_vs_increase,288,0.3333333333333333
placebo,0.05,auroc_decline_vs_increase,289,0.6666666666666666
placebo,0.05,auroc_decline_vs_increase,290,0.5
placebo,0.05,auroc_decline_vs_increase,291,0.8333333333333334
placebo,0.05,auroc_decline_vs_increase,292,0.3333333333333333
placebo,0.05,auroc_decline_vs_increase,293,0.75
placebo,0.05,auroc_decline_vs_increase,294,0.8333333333333334
placebo,0.05,auroc_decline_vs_increase,295,0.6666666666666666
placebo,0.05,auroc_decline_vs_increase,296,0.8333333333333334
placebo,0.05,auroc_decline_vs_increase,297,0.3333333333333333
placebo,0.05,auroc_decline_vs_increase,298,0.4166666666666667
placebo,0.05,auroc_decline_vs_increase,299,0.6666666666666666
placebo,0.05,auroc_decline_vs_increase,300,0.6666666666666666
placebo,0.05,auroc_decline_vs_increase,301,0.4166666666666667
placebo,0.05,auroc_decline_vs_increase,302,0.75
placebo,0.05,auroc_decline_vs_increase,303,0.8333333333333334
placebo,0.05,auroc_decline_vs_increase,304,0.3333333333333333
placebo,0.05,auroc_decline_vs_increase,305,0.3333333333333333
placebo,0.05,auroc_decline_vs_increase,306,0.25
placebo,0.05,auroc_decline_vs_increase,307,0.6666666666666666
placebo,0.05,auroc_decline_vs_increase,308,0.25
placebo,0.05,auroc_decline_vs_increase,309,0.3333333333333333
placebo,0.05,auroc_decline_vs_increase,310,0.3333333333333333
placebo,0.05,auroc_decline_vs_increase,311,0.6666666666666666
placebo,0.05,auroc_decline_vs_increase,312,0.25
placebo,0.05,auroc_decline_vs_increase,313,0.75
placebo,0.05,auroc_decline_vs_increase,314,0.25
placebo,0.05,auroc_decline_vs_increase,315,0.9166666666666666
placebo,0.05,auroc_decline_vs_increase,316,0.8333333333333334
placebo,0.05,auroc_decline_vs_increase,317,1.0
placebo,0.05,auroc_decline_vs_increase,318,1.0
placebo,0.05,auroc_decline_vs_increase,319,0.9166666666666666
placebo,0.05,auroc_decline_vs_increase,320,0.5833333333333334
placebo,0.05,auroc_decline_vs_increase,321,0.9166666666666666
placebo,0.05,auroc_decline_vs_increase,322,0.5
placebo,0.05,auroc_decline_vs_increase,323,0.8333333333333334
placebo,0.05,auroc_decline_vs_increase,324,0.75
placebo,0.05,auroc_decline_vs_increase,325,0.75
placebo,0.05,auroc_decline_vs_increase,326,0.4166666666666667
placebo,0.05,auroc_decline_vs_increase,327,0.4166666666666667
placebo,0.05,auroc_decline_vs_increase,328,0.5833333333333334
placebo,0.05,auroc_decline_vs_increase,329,0.9166666666666666
placebo,0.05,auroc_decline_vs_increase,330,0.5833333333333334
placebo,0.05,auroc_decline_vs_increase,331,0.5833333333333334
placebo,0.05,auroc_decline_vs_increase,332,0.8333333333333334
placebo,0.05,auroc_decline_vs_increase,333,0.8333333333333334
placebo,0.05,auroc_decline_vs_increase,334,0.75
placebo,0.05,auroc_decline_vs_increase,335,0.8333333333333334
placebo,0.05,auroc_decline_vs_increase,336,0.3333333333333333
placebo,0.05,auroc_decline_vs_increase,337,0.3333333333333333
placebo,0.05,auroc_decline_vs_increase,338,0.3333333333333333
placebo,0.05,auroc_decline_vs_increase,339,0.25
placebo,0.05,auroc_decline_vs_increase,340,0.75
placebo,0.05,auroc_decline_vs_increase,341,0.9166666666666666
placebo,0.05,auroc_decline_vs_increase,342,0.25
placebo,0.05,auroc_decline_vs_increase,343,0.5
placebo,0.05,auroc_decline_vs_increase,344,0.5
placebo,0.05,auroc_decline_vs_increase,345,0.3333333333333333
placebo,0.05,auroc_decline_vs_increase,346,0.5
placebo,0.05,auroc_decline_vs_increase,347,0.6666666666666666
placebo,0.05,auroc_decline_vs_increase,348,0.8333333333333334
placebo,0.05,auroc_decline_vs_increase,349,0.75
placebo,0.05,auroc_decline_vs_increase,350,0.6666666666666666
placebo,0.05,auroc_decline_vs_increase,351,0.8333333333333334
placebo,0.05,auroc_decline_vs_increase,352,0.3333333333333333
placebo,0.05,auroc_decline_vs_increase,353,0.5833333333333334
placebo,0.05,auroc_decline_vs_increase,354,0.5
placebo,0.05,auroc_decline_vs_increase,355,0.9166666666666666
placebo,0.05,auroc_decline_vs_increase,356,0.5833333333333334
placebo,0.05,auroc_decline_vs_increase,357,0.75
placebo,0.05,auroc_decline_vs_increase,358,0.5
placebo,0.05,auroc_decline_vs_increase,359,0.3333333333333333
placebo,0.05,auroc_decline_vs_increase,360,0.75
placebo,0.05,auroc_decline_vs_increase,361,0.16666666666666666
placebo,0.05,auroc_decline_vs_increase,362,0.9166666666666666
placebo,0.05,auroc_decline_vs_increase,363,0.75
placebo,0.05,auroc_decline_vs_increase,364,0.75
placebo,0.05,auroc_decline_vs_increase,365,0.8333333333333334
placebo,0.05,auroc_decline_vs_increase,366,0.4166666666666667
placebo,0.05,auroc_decline_vs_increase,367,0.8333333333333334
placebo,0.05,auroc_decline_vs_increase,368,0.4166666666666667
placebo,0.05,auroc_decline_vs_increase,369,0.25
placebo,0.05,auroc_decline_vs_increase,370,0.16666666666666666
placebo,0.05,auroc_decline_vs_increase,371,0.5833333333333334
placebo,0.05,auroc_decline_vs_increase,372,0.8333333333333334
placebo,0.05,auroc_decline_vs_increase,373,0.4166666666666667
placebo,0.05,auroc_decline_vs_increase,374,0.4166666666666667
placebo,0.05,auroc_decline_vs_increase,375,0.3333333333333333
placebo,0.05,auroc_decline_vs_increase,376,0.75
placebo,0.05,auroc_decline_vs_increase,377,0.75
placebo,0.05,auroc_decline_vs_increase,378,0.08333333333333333
placebo,0.05,auroc_decline_vs_increase,379,0.25
placebo,0.05,auroc_decline_vs_increase,380,0.75
placebo,0.05,auroc_decline_vs_increase,381,0.9166666666666666
placebo,0.05,auroc_decline_vs_increase,382,0.75
placebo,0.05,auroc_decline_vs_increase,383,0.5
placebo,0.05,auroc_decline_vs_increase,384,0.25
placebo,0.05,auroc_decline_vs_increase,385,0.8333333333333334
placebo,0.05,auroc_decline_vs_increase,386,0.25
placebo,0.05,auroc_decline_vs_increase,387,0.5833333333333334
placebo,0.05,auroc_decline_vs_increase,388,0.3333333333333333
placebo,0.05,auroc_decline_vs_increase,389,0.9166666666666666
placebo,0.05,auroc_decline_vs_increase,390,0.9166666666666666
placebo,0.05,auroc_decline_vs_increase,391,0.5
placebo,0.05,auroc_decline_vs_increase,392,0.6666666666666666
placebo,0.05,auroc_decline_vs_increase,393,0.5
placebo,0.05,auroc_decline_vs_increase,394,0.25
placebo,0.05,auroc_decline_vs_increase,395,0.8333333333333334
placebo,0.05,auroc_decline_vs_increase,396,0.75
placebo,0.05,auroc_decline_vs_increase,397,0.3333333333333333
placebo,0.05,auroc_decline_vs_increase,398,0.8333333333333334
placebo,0.05,auroc_decline_vs_increase,399,0.75
placebo,0.05,auroc_decline_vs_increase,400,0.3333333333333333
placebo,0.05,auroc_decline_vs_increase,401,0.3333333333333333
placebo,0.05,auroc_decline_vs_increase,402,0.4166666666666667
placebo,0.05,auroc_decline_vs_increase,403,0.4166666666666667
placebo,0.05,auroc_decline_vs_increase,404,0.5833333333333334
placebo,0.05,auroc_decline_vs_increase,405,0.8333333333333334
placebo,0.05,auroc_decline_vs_increase,406,0.75
placebo,0.05,auroc_decline_vs_increase,407,0.25
placebo,0.05,auroc_decline_vs_increase,408,0.6666666666666666
placebo,0.05,auroc_decline_vs_increase,409,1.0
placebo,0.05,auroc_decline_vs_increase,410,1.0
placebo,0.05,auroc_decline_vs_increase,411,0.75
placebo,0.05,auroc_decline_vs_increase,412,0.9166666666666666
placebo,0.05,auroc_decline_vs_increase,413,0.25
placebo,0.05,auroc_decline_vs_increase,414,0.4166666666666667
placebo,0.05,auroc_decline_vs_increase,415,0.6666666666666666
placebo,0.05,auroc_decline_vs_increase,416,0.3333333333333333
placebo,0.05,auroc_decline_vs_increase,417,0.6666666666666666
placebo,0.05,auroc_decline_vs_increase,418,0.4166666666666667
placebo,0.05,auroc_decline_vs_increase,419,0.5
placebo,0.05,auroc_decline_vs_increase,420,0.8333333333333334
placebo,0.05,auroc_decline_vs_increase,421,0.5833333333333334
placebo,0.05,auroc_decline_vs_increase,422,0.8333333333333334
placebo,0.05,auroc_decline_vs_increase,423,0.8333333333333334
placebo,0.05,auroc_decline_vs_increase,424,0.9166666666666666
placebo,0.05,auroc_decline_vs_increase,425,0.16666666666666666
placebo,0.05,auroc_decline_vs_increase,426,0.5833333333333334
placebo,0.05,auroc_decline_vs_increase,427,0.75
placebo,0.05,auroc_decline_vs_increase,428,0.6666666666666666
placebo,0.05,auroc_decline_vs_increase,429,0.75
placebo,0.05,auroc_decline_vs_increase,430,0.25
placebo,0.05,auroc_decline_vs_increase,431,0.3333333333333333
placebo,0.05,auroc_decline_vs_increase,432,0.6666666666666666
placebo,0.05,auroc_decline_vs_increase,433,0.16666666666666666
placebo,0.05,auroc_decline_vs_increase,434,0.75
placebo,0.05,auroc_decline_vs_increase,435,0.3333333333333333
placebo,0.05,auroc_decline_vs_increase,436,0.4166666666666667
placebo,0.05,auroc_decline_vs_increase,437,0.25
placebo,0.05,auroc_decline_vs_increase,438,0.6666666666666666
placebo,0.05,auroc_decline_vs_increase,439,0.6666666666666666
placebo,0.05,auroc_decline_vs_increase,440,0.4166666666666667
placebo,0.05,auroc_decline_vs_increase,441,0.3333333333333333
placebo,0.05,auroc_decline_vs_increase,442,0.75
placebo,0.05,auroc_decline_vs_increase,443,0.25
placebo,0.05,auroc_decline_vs_increase,444,0.8333333333333334
placebo,0.05,auroc_decline_vs_increase,445,0.4166666666666667
placebo,0.05,auroc_decline_vs_increase,446,0.8333333333333334
placebo,0.05,auroc_decline_vs_increase,447,0.75
placebo,0.05,auroc_decline_vs_increase,448,0.25
placebo,0.05,auroc_decline_vs_increase,449,0.3333333333333333
placebo,0.05,auroc_decline_vs_increase,450,0.75
placebo,0.05,auroc_decline_vs_increase,451,0.8333333333333334
placebo,0.05,auroc_decline_vs_increase,452,0.75
placebo,0.05,auroc_decline_vs_increase,453,0.3333333333333333
placebo,0.05,auroc_decline_vs_increase,454,0.25
placebo,0.05,auroc_decline_vs_increase,455,0.8333333333333334
placebo,0.05,auroc_decline_vs_increase,456,1.0
placebo,0.05,auroc_decline_vs_increase,457,0.6666666666666666
placebo,0.05,auroc_decline_vs_increase,458,0.8333333333333334
placebo,0.05,auroc_decline_vs_increase,459,0.4166666666666667
placebo,0.05,auroc_decline_vs_increase,460,0.3333333333333333
placebo,0.05,auroc_decline_vs_increase,461,0.75
placebo,0.05,auroc_decline_vs_increase,462,0.25
placebo,0.05,auroc_decline_vs_increase,463,0.16666666666666666
placebo,0.05,auroc_decline_vs_increase,464,0.4166666666666667
placebo,0.05,auroc_decline_vs_increase,465,0.3333333333333333
placebo,0.05,auroc_decline_vs_increase,466,0.3333333333333333
placebo,0.05,auroc_decline_vs_increase,467,0.4166666666666667
placebo,0.05,auroc_decline_vs_increase,468,0.8333333333333334
placebo,0.05,auroc_decline_vs_increase,469,0.8333333333333334
placebo,0.05,auroc_decline_vs_increase,470,0.3333333333333333
placebo,0.05,auroc_decline_vs_increase,471,0.3333333333333333
placebo,0.05,auroc_decline_vs_increase,472,0.3333333333333333
placebo,0.05,auroc_decline_vs_increase,473,0.75
placebo,0.05,auroc_decline_vs_increase,474,0.4166666666666667
placebo,0.05,auroc_decline_vs_increase,475,0.3333333333333333
placebo,0.05,auroc_decline_vs_increase,476,0.25
placebo,0.05,auroc_decline_vs_increase,477,0.25
placebo,0.05,auroc_decline_vs_increase,478,0.3333333333333333
placebo,0.05,auroc_decline_vs_increase,479,0.3333333333333333
placebo,0.05,auroc_decline_vs_increase,480,0.16666666666666666
placebo,0.05,auroc_decline_vs_increase,481,0.5833333333333334
placebo,0.05,auroc_decline_vs_increase,482,0.4166666666666667
placebo,0.05,auroc_decline_vs_increase,483,0.8333333333333334
placebo,0.05,auroc_decline_vs_increase,484,0.4166666666666667
placebo,0.05,auroc_decline_vs_increase,485,0.5833333333333334
placebo,0.05,auroc_decline_vs_increase,486,0.25
placebo,0.05,auroc_decline_vs_increase,487,0.8333333333333334
placebo,0.05,auroc_decline_vs_increase,488,0.25
placebo,0.05,auroc_decline_vs_increase,489,0.6666666666666666
placebo,0.05,auroc_decline_vs_increase,490,0.3333333333333333
placebo,0.05,auroc_decline_vs_increase,491,0.4166666666666667
placebo,0.05,auroc_decline_vs_increase,492,0.3333333333333333
placebo,0.05,auroc_decline_vs_increase,493,0.0
placebo,0.05,auroc_decline_vs_increase,494,0.5833333333333334
placebo,0.05,auroc_decline_vs_increase,495,0.16666666666666666
placebo,0.05,auroc_decline_vs_increase,496,0.5
placebo,0.05,auroc_decline_vs_increase,497,0.75
placebo,0.05,auroc_decline_vs_increase,498,0.3333333333333333
placebo,0.05,auroc_decline_vs_increase,499,0.75
placebo,0.05,auroc_decline_vs_increase,500,0.8333333333333334
placebo,0.05,auroc_decline_vs_increase,501,0.5
placebo,0.05,auroc_decline_vs_increase,502,0.5833333333333334
placebo,0.05,auroc_decline_vs_increase,503,0.25
placebo,0.05,auroc_decline_vs_increase,504,0.5
placebo,0.05,auroc_decline_vs_increase,505,0.4166666666666667
placebo,0.05,auroc_decline_vs_increase,506,0.75
placebo,0.05,auroc_decline_vs_increase,507,0.8333333333333334
placebo,0.05,auroc_decline_vs_increase,508,0.8333333333333334
placebo,0.05,auroc_decline_vs_increase,509,0.5833333333333334
placebo,0.05,auroc_decline_vs_increase,510,0.3333333333333333
placebo,0.05,auroc_decline_vs_increase,511,0.4166666666666667
placebo,0.05,spearman,0,0.21233228959430234
placebo,0.05,spearman,1,0.12193339402445084
placebo,0.05,spearman,2,-0.04835289763038568
placebo,0.05,spearman,3,0.2207414891821955
placebo,0.05,spearman,4,0.3174472844429668
placebo,0.05,spearman,5,0.20917883974884238
placebo,0.05,spearman,6,0.30903808485507367
placebo,0.05,spearman,7,0.10301269495169123
placebo,0.05,spearman,8,0.1881558407791095
placebo,0.05,spearman,9,0.10616614479715117
placebo,0.05,spearman,10,0.6674802172890197
placebo,0.05,spearman,11,-0.0031534498454599356
placebo,0.05,spearman,12,-0.26383863707014793
placebo,0.05,spearman,13,0.6233319194525806
placebo,0.05,spearman,14,0.26804323686409454
placebo,0.05,spearman,15,0.622280769504094
placebo,0.05,spearman,16,0.10196154500320459
placebo,0.05,spearman,17,0.08409199587893161
placebo,0.05,spearman,18,0.012613799381839742
placebo,0.05,spearman,19,-0.2049742399548958
placebo,0.05,spearman,20,-0.05676209721827884
placebo,0.05,spearman,21,-0.37736283150670563
placebo,0.05,spearman,22,0.3163961344944802
placebo,0.05,spearman,23,0.4677617270765571
placebo,0.05,spearman,24,0.0010511499484866453
placebo,0.05,spearman,25,0.3048334850611271
placebo,0.05,spearman,26,0.6433037684738269
placebo,0.05,spearman,27,0.35949328238243267
placebo,0.05,spearman,28,-0.1513655925820769
placebo,0.05,spearman,29,0.343726033155133
placebo,0.05,spearman,30,-0.10301269495169123
placebo,0.05,spearman,31,0.044148297836439095
placebo,0.05,spearman,32,0.2596340372762014
placebo,0.05,spearman,33,0.09985924510623129
placebo,0.05,spearman,34,0.06937589660011859
placebo,0.05,spearman,35,-0.30903808485507367
placebo,0.05,spearman,36,0.27960588629744765
placebo,0.05,spearman,37,-0.441482978364391
placebo,0.05,spearman,38,0.1671328418093766
placebo,0.05,spearman,39,0.6727359670314529
placebo,0.05,spearman,40,0.29432198557626066
placebo,0.05,spearman,41,0.5791836216161415
placebo,0.05,spearman,42,0.015767249227299676
placebo,0.05,spearman,43,-0.4435852782613643
placebo,0.05,spearman,44,-0.21233228959430234
placebo,0.05,spearman,45,0.13980294314872382
placebo,0.05,spearman,46,0.2838104860913942
placebo,0.05,spearman,47,0.19656504036700265
placebo,0.05,spearman,48,0.21233228959430234
placebo,0.05,spearman,49,0.051506347475845614
placebo,0.05,spearman,50,-0.019971849021246258
placebo,0.05,spearman,51,0.5634163723888418
placebo,0.05,spearman,52,0.008409199587893162
placebo,0.05,spearman,53,0.005255749742433226
placebo,0.05,spearman,54,0.027329898660652774
placebo,0.05,spearman,55,0.14085409309721045
placebo,0.05,spearman,56,-0.047301747681899035
placebo,0.05,spearman,57,0.3048334850611271
placebo,0.05,spearman,58,0.34057258330967305
placebo,0.05,spearman,59,0.051506347475845614
placebo,0.05,spearman,60,0.006306899690919871
placebo,0.05,spearman,61,0.08093854603347168
placebo,0.05,spearman,62,0.1723885915518098
placebo,0.05,spearman,63,0.1345471934062906
placebo,0.05,spearman,64,-0.21128113964581569
placebo,0.05,spearman,65,-0.0021022998969732905
placebo,0.05,spearman,66,0.027329898660652774
placebo,0.05,spearman,67,0.1534678924790502
placebo,0.05,spearman,68,0.35003293284605286
placebo,0.05,spearman,69,-0.3542375326399994
placebo,0.05,spearman,70,0.11352419443655767
placebo,0.05,spearman,71,0.7126796650739454
placebo,0.05,spearman,72,-0.40153928032189845
placebo,0.05,spearman,73,0.4635571272826105
placebo,0.05,spearman,74,0.2596340372762014
placebo,0.05,spearman,75,0.15662134232451014
placebo,0.05,spearman,76,-0.18290009103667626
placebo,0.05,spearman,77,-0.601257770534361
placebo,0.05,spearman,78,0.14295639299418375
placebo,0.05,spearman,79,0.3184984343914535
placebo,0.05,spearman,80,0.04835289763038568
placebo,0.05,spearman,81,-0.19341159052154272
placebo,0.05,spearman,82,0.3163961344944802
placebo,0.05,spearman,83,-0.17659319134575638
placebo,0.05,spearman,84,0.6706336671344796
placebo,0.05,spearman,85,-0.2575317373792281
placebo,0.05,spearman,86,0.14821214273661698
placebo,0.05,spearman,87,0.5203192245008894
placebo,0.05,spearman,88,0.09250119546682478
placebo,0.05,spearman,89,-0.33636798351572644
placebo,0.05,spearman,90,-0.21969033923370884
placebo,0.05,spearman,91,0.3721070817642724
placebo,0.05,spearman,92,-0.4067950300643317
placebo,0.05,spearman,93,0.32375418413388674
placebo,0.05,spearman,94,-0.1492632926851036
placebo,0.05,spearman,95,0.08198969598195832
placebo,0.05,spearman,96,0.33636798351572644
placebo,0.05,spearman,97,0.011562649433353098
placebo,0.05,spearman,98,0.38051628135216553
placebo,0.05,spearman,99,0.11457534438504433
placebo,0.05,spearman,100,-0.03153449845459935
placebo,0.05,spearman,101,0.7925670611589305
placebo,0.05,spearman,102,0.008409199587893162
placebo,0.05,spearman,103,-0.05571094726979219
placebo,0.05,spearman,104,0.35528868258848606
placebo,0.05,spearman,105,0.6979635657951324
placebo,0.05,spearman,106,0.48142667640688347
placebo,0.05,spearman,107,-0.21969033923370884
placebo,0.05,spearman,108,-0.14505869289115703
placebo,0.05,spearman,109,0.3836697311976255
placebo,0.05,spearman,110,-0.02838104860913942
placebo,0.05,spearman,111,0.32585648403086
placebo,0.05,spearman,112,0.13139374356083064
placebo,0.05,spearman,113,0.3163961344944802
placebo,0.05,spearman,114,-0.2522759876367948
placebo,0.05,spearman,115,0.005255749742433226
placebo,0.05,spearman,116,-0.3416237332581597
placebo,0.05,spearman,117,-0.12298454397293748
placebo,0.05,spearman,118,0.30903808485507367
placebo,0.05,spearman,119,-0.4194088294461714
placebo,0.05,spearman,120,-0.05255749742433226
placebo,0.05,spearman,121,-0.11772879423050427
placebo,0.05,spearman,122,0.22389493902765542
placebo,0.05,spearman,123,-0.029432198557626067
placebo,0.05,spearman,124,0.44989217795228414
placebo,0.05,spearman,125,-0.2144345894912756
placebo,0.05,spearman,126,0.4877335760978034
placebo,0.05,spearman,127,0.4435852782613643
placebo,0.05,spearman,128,-0.21233228959430234
placebo,0.05,spearman,129,0.0672735967031453
placebo,0.05,spearman,130,0.34057258330967305
placebo,0.05,spearman,131,0.1419052430456971
placebo,0.05,spearman,132,0.20917883974884238
placebo,0.05,spearman,133,0.047301747681899035
placebo,0.05,spearman,134,0.08829659567287819
placebo,0.05,spearman,135,0.33847028341269975
placebo,0.05,spearman,136,0.10406384490017788
placebo,0.05,spearman,137,-0.008409199587893162
placebo,0.05,spearman,138,0.09250119546682478
placebo,0.05,spearman,139,0.37946513140367893
placebo,0.05,spearman,140,0.1261379938183974
placebo,0.05,spearman,141,0.22179263913068215
placebo,0.05,spearman,142,0.293270835627774
placebo,0.05,spearman,143,0.29642428547323396
placebo,0.05,spearman,144,0.24702023789436162
placebo,0.05,spearman,145,0.10826844469412446
placebo,0.05,spearman,146,0.12929144366385736
placebo,0.05,spearman,147,0.3836697311976255
placebo,0.05,spearman,148,-0.24281563810041504
placebo,0.05,spearman,149,-0.11037074459109775
placebo,0.05,spearman,150,-0.15662134232451014
placebo,0.05,spearman,151,-0.3342656836187532
placebo,0.05,spearman,152,-0.14821214273661698
placebo,0.05,spearman,153,0.24491793799738834
placebo,0.05,spearman,154,-0.3048334850611271
placebo,0.05,spearman,155,-0.025227598763679485
placebo,0.05,spearman,156,0.6117692700192275
placebo,0.05,spearman,157,0.015767249227299676
placebo,0.05,spearman,158,-0.1839512409851629
placebo,0.05,spearman,159,0.11247304448807104
placebo,0.05,spearman,160,-0.11352419443655767
placebo,0.05,spearman,161,-0.20182079010943588
placebo,0.05,spearman,162,0.14505869289115703
placebo,0.05,spearman,163,-0.29011738578231405
placebo,0.05,spearman,164,0.5508025730070021
placebo,0.05,spearman,165,0.08409199587893161
placebo,0.05,spearman,166,0.26594093696712123
placebo,0.05,spearman,167,0.29432198557626066
placebo,0.05,spearman,168,-0.4067950300643317
placebo,0.05,spearman,169,0.26594093696712123
placebo,0.05,spearman,170,0.11772879423050427
placebo,0.05,spearman,171,0.10826844469412446
placebo,0.05,spearman,172,-0.24807138784284827
placebo,0.05,spearman,173,0.06096669701222542
placebo,0.05,spearman,174,0.04309714788795245
placebo,0.05,spearman,175,-0.11562649433353098
placebo,0.05,spearman,176,0.195513890418516
placebo,0.05,spearman,177,0.03153449845459935
placebo,0.05,spearman,178,0.13980294314872382
placebo,0.05,spearman,179,0.15662134232451014
placebo,0.05,spearman,180,-0.1093195946426111
placebo,0.05,spearman,181,0.3174472844429668
placebo,0.05,spearman,182,-0.19025814067608277
placebo,0.05,spearman,183,-0.08198969598195832
placebo,0.05,spearman,184,0.26594093696712123
placebo,0.05,spearman,185,-0.08724544572439155
placebo,0.05,spearman,186,0.2302018387185753
placebo,0.05,spearman,187,0.10301269495169123
placebo,0.05,spearman,188,0.46460827723109716
placebo,0.05,spearman,189,-0.08829659567287819
placebo,0.05,spearman,190,0.10826844469412446
placebo,0.05,spearman,191,0.4530456277977441
placebo,0.05,spearman,192,0.1440075429426704
placebo,0.05,spearman,193,0.029432198557626067
placebo,0.05,spearman,194,-0.07358049639406516
placebo,0.05,spearman,195,-0.1534678924790502
placebo,0.05,spearman,196,0.11247304448807104
placebo,0.05,spearman,197,-0.2186391892852222
placebo,0.05,spearman,198,-0.11142189453958438
placebo,0.05,spearman,199,0.32690763397934663
placebo,0.05,spearman,200,-0.12403569392142413
placebo,0.05,spearman,201,-0.006306899690919871
placebo,0.05,spearman,202,0.02627874871216613
placebo,0.05,spearman,203,0.7757486619831442
placebo,0.05,spearman,204,0.039943698042492516
placebo,0.05,spearman,205,0.04309714788795245
placebo,0.05,spearman,206,-0.08934774562136484
placebo,0.05,spearman,207,0.33111223377329324
placebo,0.05,spearman,208,0.34582833305210625
placebo,0.05,spearman,209,0.4488410280037975
placebo,0.05,spearman,210,0.19130929062456942
placebo,0.05,spearman,211,0.018920699072759613
placebo,0.05,spearman,212,-0.08198969598195832
placebo,0.05,spearman,213,-0.2186391892852222
placebo,0.05,spearman,214,-0.17764434129424303
placebo,0.05,spearman,215,-0.15662134232451014
placebo,0.05,spearman,216,0.17343974150029645
placebo,0.05,spearman,217,0.0
placebo,0.05,spearman,218,0.10406384490017788
placebo,0.05,spearman,219,0.3721070817642724
placebo,0.05,spearman,220,-0.3447771831036196
placebo,0.05,spearman,221,-0.23125298866706195
placebo,0.05,spearman,222,0.0010511499484866453
placebo,0.05,spearman,223,-0.24491793799738834
placebo,0.05,spearman,224,0.1208822440759642
placebo,0.05,spearman,225,-0.09670579526077136
placebo,0.05,spearman,226,-0.30903808485507367
placebo,0.05,spearman,227,0.30903808485507367
placebo,0.05,spearman,228,-0.014716099278813033
placebo,0.05,spearman,229,0.0672735967031453
placebo,0.05,spearman,230,0.3510840827945395
placebo,0.05,spearman,231,0.27960588629744765
placebo,0.05,spearman,232,0.0767339462395251
placebo,0.05,spearman,233,0.4194088294461714
placebo,0.05,spearman,234,0.3510840827945395
placebo,0.05,spearman,235,0.10091039505471794
placebo,0.05,spearman,236,-0.1324448935093173
placebo,0.05,spearman,237,-0.21758803933673557
placebo,0.05,spearman,238,0.27960588629744765
placebo,0.05,spearman,239,0.03363679835157265
placebo,0.05,spearman,240,-0.2859127859883675
placebo,0.05,spearman,241,0.293270835627774
placebo,0.05,spearman,242,0.051506347475845614
placebo,0.05,spearman,243,-0.3174472844429668
placebo,0.05,spearman,244,0.46881287702504376
placebo,0.05,spearman,245,0.14295639299418375
placebo,0.05,spearman,246,0.03363679835157265
placebo,0.05,spearman,247,0.1324448935093173
placebo,0.05,spearman,248,-0.14295639299418375
placebo,0.05,spearman,249,0.5266261241918092
placebo,0.05,spearman,250,-0.09355234541531142
placebo,0.05,spearman,251,0.05991554706373878
placebo,0.05,spearman,252,0.13034259361234402
placebo,0.05,spearman,253,0.34057258330967305
placebo,0.05,spearman,254,0.03573909824854594
placebo,0.05,spearman,255,0.2554294374822548
placebo,0.05,spearman,256,0.19130929062456942
placebo,0.05,spearman,257,0.0767339462395251
placebo,0.05,spearman,258,-0.05781324716676549
placebo,0.05,spearman,259,0.5465979732130555
placebo,0.05,spearman,260,0.11037074459109775
placebo,0.05,spearman,261,0.3132426846490203
placebo,0.05,spearman,262,-0.2985265853702072
placebo,0.05,spearman,263,0.2596340372762014
placebo,0.05,spearman,264,0.7505210632194647
placebo,0.05,spearman,265,-0.3679024819703258
placebo,0.05,spearman,266,-0.1818489410881896
placebo,0.05,spearman,267,0.2396621882549551
placebo,0.05,spearman,268,0.24596908794587496
placebo,0.05,spearman,269,0.18290009103667626
placebo,0.05,spearman,270,0.44043182841590434
placebo,0.05,spearman,271,0.005255749742433226
placebo,0.05,spearman,272,0.21758803933673557
placebo,0.05,spearman,273,-0.11457534438504433
placebo,0.05,spearman,274,-0.1261379938183974
placebo,0.05,spearman,275,0.4372783785704444
placebo,0.05,spearman,276,0.4540967777462307
placebo,0.05,spearman,277,-0.12508684386991079
placebo,0.05,spearman,278,-0.2543782875337681
placebo,0.05,spearman,279,-0.05886439711525213
placebo,0.05,spearman,280,0.07988739608498503
placebo,0.05,spearman,281,0.2743501365550144
placebo,0.05,spearman,282,0.3447771831036196
placebo,0.05,spearman,283,0.07988739608498503
placebo,0.05,spearman,284,-0.09039889556985149
placebo,0.05,spearman,285,0.21548573943976226
placebo,0.05,spearman,286,0.07568279629103845
placebo,0.05,spearman,287,-0.37526053160973233
placebo,0.05,spearman,288,0.2838104860913942
placebo,0.05,spearman,289,0.19130929062456942
placebo,0.05,spearman,290,0.1072172947456378
placebo,0.05,spearman,291,0.43832952851893103
placebo,0.05,spearman,292,0.22494608897614207
placebo,0.05,spearman,293,0.28486163603988085
placebo,0.05,spearman,294,0.1324448935093173
placebo,0.05,spearman,295,0.2564805874307414
placebo,0.05,spearman,296,0.373158231712759
placebo,0.05,spearman,297,-0.10301269495169123
placebo,0.05,spearman,298,0.12403569392142413
placebo,0.05,spearman,299,0.1093195946426111
placebo,0.05,spearman,300,-0.3142938345975069
placebo,0.05,spearman,301,-0.03784139814551923
placebo,0.05,spearman,302,0.4877335760978034
placebo,0.05,spearman,303,0.5192680745524028
placebo,0.05,spearman,304,-0.013664949330326387
placebo,0.05,spearman,305,-0.24281563810041504
placebo,0.05,spearman,306,-0.19130929062456942
placebo,0.05,spearman,307,0.27119668670955444
placebo,0.05,spearman,308,0.1282402937153707
placebo,0.05,spearman,309,-0.2575317373792281
placebo,0.05,spearman,310,-0.1093195946426111
placebo,0.05,spearman,311,0.15031444263359026
placebo,0.05,spearman,312,-0.3700047818672991
placebo,0.05,spearman,313,0.05886439711525213
placebo,0.05,spearman,314,0.12508684386991079
placebo,0.05,spearman,315,0.4677617270765571
placebo,0.05,spearman,316,0.2722478366580411
placebo,0.05,spearman,317,0.3710559318157858
placebo,0.05,spearman,318,0.6969124158466458
placebo,0.05,spearman,319,0.6243830694010672
placebo,0.05,spearman,320,-0.1555701923760235
placebo,0.05,spearman,321,0.5739278718737083
placebo,0.05,spearman,322,0.004204599793946581
placebo,0.05,spearman,323,0.3142938345975069
placebo,0.05,spearman,324,0.17133744160332318
placebo,0.05,spearman,325,0.20812768980035576
placebo,0.05,spearman,326,0.07778509618801174
placebo,0.05,spearman,327,-0.1345471934062906
placebo,0.05,spearman,328,0.011562649433353098
placebo,0.05,spearman,329,0.32585648403086
placebo,0.05,spearman,330,-0.004204599793946581
placebo,0.05,spearman,331,0.24071333820344173
placebo,0.05,spearman,332,0.2669920869156079
placebo,0.05,spearman,333,0.4173065295491981
placebo,0.05,spearman,334,0.1555701923760235
placebo,0.05,spearman,335,0.20182079010943588
placebo,0.05,spearman,336,-0.018920699072759613
placebo,0.05,spearman,337,-0.21022998969732903
placebo,0.05,spearman,338,-0.044148297836439095
placebo,0.05,spearman,339,-0.12403569392142413
placebo,0.05,spearman,340,0.1555701923760235
placebo,0.05,spearman,341,0.6096669701222542
placebo,0.05,spearman,342,-0.15451904242753683
placebo,0.05,spearman,343,-0.19130929062456942
placebo,0.05,spearman,344,0.3248053340823734
placebo,0.05,spearman,345,-0.1072172947456378
placebo,0.05,spearman,346,0.21969033923370884
placebo,0.05,spearman,347,0.2070765398518691
placebo,0.05,spearman,348,0.21233228959430234
placebo,0.05,spearman,349,0.2554294374822548
placebo,0.05,spearman,350,0.1534678924790502
placebo,0.05,spearman,351,0.47617092666445027
placebo,0.05,spearman,352,-0.0630689969091987
placebo,0.05,spearman,353,-0.03153449845459935
placebo,0.05,spearman,354,-0.11562649433353098
placebo,0.05,spearman,355,0.3721070817642724
placebo,0.05,spearman,356,-0.06201784696071207
placebo,0.05,spearman,357,0.12718914376688406
placebo,0.05,spearman,358,0.35003293284605286
placebo,0.05,spearman,359,0.06412014685768536
placebo,0.05,spearman,360,0.3206007342884268
placebo,0.05,spearman,361,-0.37736283150670563
placebo,0.05,spearman,362,0.734753813992165
placebo,0.05,spearman,363,0.2859127859883675
placebo,0.05,spearman,364,0.11562649433353098
placebo,0.05,spearman,365,0.26068518722468803
placebo,0.05,spearman,366,0.03679024819703258
placebo,0.05,spearman,367,0.4215111293431447
placebo,0.05,spearman,368,0.09985924510623129
placebo,0.05,spearman,369,-0.2564805874307414
placebo,0.05,spearman,370,0.04835289763038568
placebo,0.05,spearman,371,-0.12929144366385736
placebo,0.05,spearman,372,0.07042704654860522
placebo,0.05,spearman,373,0.13770064325175052
placebo,0.05,spearman,374,0.18500239093364956
placebo,0.05,spearman,375,-0.07988739608498503
placebo,0.05,spearman,376,0.2585828873277147
placebo,0.05,spearman,377,0.07988739608498503
placebo,0.05,spearman,378,-0.32690763397934663
placebo,0.05,spearman,379,-0.11772879423050427
placebo,0.05,spearman,380,0.18079779113970298
placebo,0.05,spearman,381,0.376311681558219
placebo,0.05,spearman,382,0.0767339462395251
placebo,0.05,spearman,383,0.2669920869156079
placebo,0.05,spearman,384,-0.26068518722468803
placebo,0.05,spearman,385,0.3121915347005336
placebo,0.05,spearman,386,-0.3510840827945395
placebo,0.05,spearman,387,-0.04309714788795245
placebo,0.05,spearman,388,-0.2575317373792281
placebo,0.05,spearman,389,0.4625059773341239
placebo,0.05,spearman,390,0.40889732996130496
placebo,0.05,spearman,391,0.26383863707014793
placebo,0.05,spearman,392,0.005255749742433226
placebo,0.05,spearman,393,-0.0746316463425518
placebo,0.05,spearman,394,-0.19971849021246257
placebo,0.05,spearman,395,0.27119668670955444
placebo,0.05,spearman,396,0.1723885915518098
placebo,0.05,spearman,397,-0.09880809515774465
placebo,0.05,spearman,398,0.45514792769471735
placebo,0.05,spearman,399,-0.004204599793946581
placebo,0.05,spearman,400,0.05781324716676549
placebo,0.05,spearman,401,-0.15031444263359026
placebo,0.05,spearman,402,0.06412014685768536
placebo,0.05,spearman,403,0.20182079010943588
placebo,0.05,spearman,404,0.05991554706373878
placebo,0.05,spearman,405,0.15031444263359026
placebo,0.05,spearman,406,0.09670579526077136
placebo,0.05,spearman,407,-0.09250119546682478
placebo,0.05,spearman,408,0.0536086473728189
placebo,0.05,spearman,409,0.5108588749645095
placebo,0.05,spearman,410,0.7767998119316308
placebo,0.05,spearman,411,0.391027780837032
placebo,0.05,spearman,412,0.6611733175980998
placebo,0.05,spearman,413,-0.17554204139726975
placebo,0.05,spearman,414,0.376311681558219
placebo,0.05,spearman,415,-0.02627874871216613
placebo,0.05,spearman,416,0.1513655925820769
placebo,0.05,spearman,417,0.07358049639406516
placebo,0.05,spearman,418,-0.29957773531869386
placebo,0.05,spearman,419,-0.15662134232451014
placebo,0.05,spearman,420,0.39628353057946525
placebo,0.05,spearman,421,0.16818399175786322
placebo,0.05,spearman,422,0.5035008253251031
placebo,0.05,spearman,423,0.5318818739342425
placebo,0.05,spearman,424,0.23125298866706195
placebo,0.05,spearman,425,-0.13875179320023717
placebo,0.05,spearman,426,0.05255749742433226
placebo,0.05,spearman,427,0.41835767949768476
placebo,0.05,spearman,428,0.15031444263359026
placebo,0.05,spearman,429,0.2554294374822548
placebo,0.05,spearman,430,-0.2186391892852222
placebo,0.05,spearman,431,0.2911685357308007
placebo,0.05,spearman,432,0.43622722862195773
placebo,0.05,spearman,433,-0.4877335760978034
placebo,0.05,spearman,434,0.2575317373792281
placebo,0.05,spearman,435,-0.3489817828975662
placebo,0.05,spearman,436,0.006306899690919871
placebo,0.05,spearman,437,-0.05465979732130555
placebo,0.05,spearman,438,0.1492632926851036
placebo,0.05,spearman,439,0.4719663268705037
placebo,0.05,spearman,440,-0.21022998969732903
placebo,0.05,spearman,441,-0.195513890418516
placebo,0.05,spearman,442,0.21969033923370884
placebo,0.05,spearman,443,-0.09880809515774465
placebo,0.05,spearman,444,0.32690763397934663
placebo,0.05,spearman,445,-0.04625059773341239
placebo,0.05,spearman,446,0.40574388011584506
placebo,0.05,spearman,447,0.2722478366580411
placebo,0.05,spearman,448,0.10406384490017788
placebo,0.05,spearman,449,0.011562649433353098
placebo,0.05,spearman,450,0.09355234541531142
placebo,0.05,spearman,451,0.5644675223373284
placebo,0.05,spearman,452,0.15451904242753683
placebo,0.05,spearman,453,-0.24281563810041504
placebo,0.05,spearman,454,-0.21548573943976226
placebo,0.05,spearman,455,0.2144345894912756
placebo,0.05,spearman,456,0.6296388191435005
placebo,0.05,spearman,457,0.26383863707014793
placebo,0.05,spearman,458,0.4141530797037382
placebo,0.05,spearman,459,0.16292824201543
placebo,0.05,spearman,460,-0.20182079010943588
placebo,0.05,spearman,461,0.20602538990338246
placebo,0.05,spearman,462,-0.1650305419124033
placebo,0.05,spearman,463,-0.3721070817642724
placebo,0.05,spearman,464,0.042045997939465805
placebo,0.05,spearman,465,-0.11352419443655767
placebo,0.05,spearman,466,-0.1345471934062906
placebo,0.05,spearman,467,0.22599723892462872
placebo,0.05,spearman,468,0.21548573943976226
placebo,0.05,spearman,469,0.5434445233675955
placebo,0.05,spearman,470,0.20917883974884238
placebo,0.05,spearman,471,-0.19236044057305607
placebo,0.05,spearman,472,-0.044148297836439095
placebo,0.05,spearman,473,0.2911685357308007
placebo,0.05,spearman,474,0.06201784696071207
placebo,0.05,spearman,475,-0.03048334850611271
placebo,0.05,spearman,476,0.004204599793946581
placebo,0.05,spearman,477,-0.004204599793946581
placebo,0.05,spearman,478,0.03679024819703258
placebo,0.05,spearman,479,-0.10826844469412446
placebo,0.05,spearman,480,-0.47091517692201706
placebo,0.05,spearman,481,0.16397939196391664
placebo,0.05,spearman,482,0.07568279629103845
placebo,0.05,spearman,483,0.47617092666445027
placebo,0.05,spearman,484,0.12298454397293748
placebo,0.05,spearman,485,-0.0767339462395251
placebo,0.05,spearman,486,0.08198969598195832
placebo,0.05,spearman,487,0.2302018387185753
placebo,0.05,spearman,488,-0.12298454397293748
placebo,0.05,spearman,489,0.39207893078551864
placebo,0.05,spearman,490,-0.14085409309721045
placebo,0.05,spearman,491,0.2764524364519877
placebo,0.05,spearman,492,0.17133744160332318
placebo,0.05,spearman,493,-0.5308307239857558
placebo,0.05,spearman,494,0.2302018387185753
placebo,0.05,spearman,495,-0.19130929062456942
placebo,0.05,spearman,496,0.1440075429426704
placebo,0.05,spearman,497,0.32165188423691343
placebo,0.05,spearman,498,-0.09985924510623129
placebo,0.05,spearman,499,0.042045997939465805
placebo,0.05,spearman,500,0.4877335760978034
placebo,0.05,spearman,501,-0.06622244675465865
placebo,0.05,spearman,502,0.2302018387185753
placebo,0.05,spearman,503,-0.11457534438504433
placebo,0.05,spearman,504,0.2207414891821955
placebo,0.05,spearman,505,0.0021022998969732905
placebo,0.05,spearman,506,-0.032585648403086004
placebo,0.05,spearman,507,0.46145482738563726
placebo,0.05,spearman,508,0.45514792769471735
placebo,0.05,spearman,509,0.022074148918219547
placebo,0.05,spearman,510,0.03784139814551923
placebo,0.05,spearman,511,0.10826844469412446
placebo,0.05,average_precision,0,0.1213235294117647
placebo,0.05,average_precision,1,0.6666666666666666
placebo,0.05,average_precision,2,0.13025210084033612
placebo,0.05,average_precision,3,0.1588235294117647
placebo,0.05,average_precision,4,0.1213235294117647
placebo,0.05,average_precision,5,0.6111111111111112
placebo,0.05,average_precision,6,0.6428571428571428
placebo,0.05,average_precision,7,0.11437908496732026
placebo,0.05,average_precision,8,0.13025210084033612
placebo,0.05,average_precision,9,0.10555555555555556
placebo,0.05,average_precision,10,0.6111111111111112
placebo,0.05,average_precision,11,0.6111111111111112
placebo,0.05,average_precision,12,0.1111111111111111
placebo,0.05,average_precision,13,0.6428571428571428
placebo,0.05,average_precision,14,0.1875
placebo,0.05,average_precision,15,0.6428571428571428
placebo,0.05,average_precision,16,0.1588235294117647
placebo,0.05,average_precision,17,0.3333333333333333
placebo,0.05,average_precision,18,0.7
placebo,0.05,average_precision,19,0.11805555555555555
placebo,0.05,average_precision,20,0.1388888888888889
placebo,0.05,average_precision,21,0.10555555555555556
placebo,0.05,average_precision,22,0.13025210084033612
placebo,0.05,average_precision,23,0.5909090909090909
placebo,0.05,average_precision,24,0.5909090909090909
placebo,0.05,average_precision,25,0.625
placebo,0.05,average_precision,26,0.6428571428571428
placebo,0.05,average_precision,27,0.5833333333333334
placebo,0.05,average_precision,28,0.15555555555555556
placebo,0.05,average_precision,29,0.7
placebo,0.05,average_precision,30,0.12698412698412698
placebo,0.05,average_precision,31,0.13025210084033612
placebo,0.05,average_precision,32,0.35
placebo,0.05,average_precision,33,0.13025210084033612
placebo,0.05,average_precision,34,0.13025210084033612
placebo,0.05,average_precision,35,0.1111111111111111
placebo,0.05,average_precision,36,0.6111111111111112
placebo,0.05,average_precision,37,0.1111111111111111
placebo,0.05,average_precision,38,0.39285714285714285
placebo,0.05,average_precision,39,0.6666666666666666
placebo,0.05,average_precision,40,0.1125
placebo,0.05,average_precision,41,0.625
placebo,0.05,average_precision,42,0.625
placebo,0.05,average_precision,43,0.10555555555555556
placebo,0.05,average_precision,44,0.19166666666666665
placebo,0.05,average_precision,45,0.13025210084033612
placebo,0.05,average_precision,46,0.625
placebo,0.05,average_precision,47,0.12698412698412698
placebo,0.05,average_precision,48,0.12698412698412698
placebo,0.05,average_precision,49,0.5769230769230769
placebo,0.05,average_precision,50,0.34090909090909094
placebo,0.05,average_precision,51,0.5909090909090909
placebo,0.05,average_precision,52,0.3333333333333333
placebo,0.05,average_precision,53,0.14215686274509803
placebo,0.05,average_precision,54,0.13025210084033612
placebo,0.05,average_precision,55,0.6111111111111112
placebo,0.05,average_precision,56,0.1111111111111111
placebo,0.05,average_precision,57,0.1388888888888889
placebo,0.05,average_precision,58,0.75
placebo,0.05,average_precision,59,0.6111111111111112
placebo,0.05,average_precision,60,0.125
placebo,0.05,average_precision,61,0.6
placebo,0.05,average_precision,62,0.625
placebo,0.05,average_precision,63,0.11805555555555555
placebo,0.05,average_precision,64,0.375
placebo,0.05,average_precision,65,0.11805555555555555
placebo,0.05,average_precision,66,0.625
placebo,0.05,average_precision,67,0.10555555555555556
placebo,0.05,average_precision,68,0.7
placebo,0.05,average_precision,69,0.10882352941176471
placebo,0.05,average_precision,70,0.3269230769230769
placebo,0.05,average_precision,71,0.6666666666666666
placebo,0.05,average_precision,72,0.10427807486631016
placebo,0.05,average_precision,73,0.11805555555555555
placebo,0.05,average_precision,74,0.13025210084033612
placebo,0.05,average_precision,75,0.6111111111111112
placebo,0.05,average_precision,76,0.1388888888888889
placebo,0.05,average_precision,77,0.11805555555555555
placebo,0.05,average_precision,78,0.11805555555555555
placebo,0.05,average_precision,79,0.6111111111111112
placebo,0.05,average_precision,80,0.11805555555555555
placebo,0.05,average_precision,81,0.1125
placebo,0.05,average_precision,82,0.6
placebo,0.05,average_precision,83,0.10049019607843138
placebo,0.05,average_precision,84,0.6111111111111112
placebo,0.05,average_precision,85,0.10882352941176471
placebo,0.05,average_precision,86,0.3333333333333333
placebo,0.05,average_precision,87,0.625
placebo,0.05,average_precision,88,0.6
placebo,0.05,average_precision,89,0.12698412698412698
placebo,0.05,average_precision,90,0.1388888888888889
placebo,0.05,average_precision,91,0.5909090909090909
placebo,0.05,average_precision,92,0.10101010101010101
placebo,0.05,average_precision,93,0.6666666666666666
placebo,0.05,average_precision,94,0.11805555555555555
placebo,0.05,average_precision,95,0.5833333333333334
placebo,0.05,average_precision,96,0.5909090909090909
placebo,0.05,average_precision,97,0.35
placebo,0.05,average_precision,98,0.34090909090909094
placebo,0.05,average_precision,99,0.1588235294117647
placebo,0.05,average_precision,100,0.5909090909090909
placebo,0.05,average_precision,101,0.7
placebo,0.05,average_precision,102,0.13025210084033612
placebo,0.05,average_precision,103,0.1213235294117647
placebo,0.05,average_precision,104,0.18382352941176472
placebo,0.05,average_precision,105,0.6428571428571428
placebo,0.05,average_precision,106,0.6666666666666666
placebo,0.05,average_precision,107,0.12698412698412698
placebo,0.05,average_precision,108,0.14215686274509803
placebo,0.05,average_precision,109,0.6111111111111112
placebo,0.05,average_precision,110,0.5833333333333334
placebo,0.05,average_precision,111,0.5909090909090909
placebo,0.05,average_precision,112,0.12698412698412698
placebo,0.05,average_precision,113,0.1213235294117647
placebo,0.05,average_precision,114,0.1111111111111111
placebo,0.05,average_precision,115,0.15555555555555556
placebo,0.05,average_precision,116,0.10101010101010101
placebo,0.05,average_precision,117,0.1388888888888889
placebo,0.05,average_precision,118,0.6111111111111112
placebo,0.05,average_precision,119,0.11805555555555555
placebo,0.05,average_precision,120,0.22916666666666666
placebo,0.05,average_precision,121,0.11805555555555555
placebo,0.05,average_precision,122,0.13025210084033612
placebo,0.05,average_precision,123,0.12698412698412698
placebo,0.05,average_precision,124,0.6111111111111112
placebo,0.05,average_precision,125,0.1111111111111111
placebo,0.05,average_precision,126,0.11805555555555555
placebo,0.05,average_precision,127,0.625
placebo,0.05,average_precision,128,0.13025210084033612
placebo,0.05,average_precision,129,0.6
placebo,0.05,average_precision,130,0.6111111111111112
placebo,0.05,average_precision,131,0.16666666666666669
placebo,0.05,average_precision,132,0.11437908496732026
placebo,0.05,average_precision,133,0.3214285714285714
placebo,0.05,average_precision,134,0.6
placebo,0.05,average_precision,135,0.6428571428571428
placebo,0.05,average_precision,136,0.34090909090909094
placebo,0.05,average_precision,137,0.1213235294117647
placebo,0.05,average_precision,138,0.3611111111111111
placebo,0.05,average_precision,139,0.11437908496732026
placebo,0.05,average_precision,140,0.6111111111111112
placebo,0.05,average_precision,141,0.10427807486631016
placebo,0.05,average_precision,142,0.5769230769230769
placebo,0.05,average_precision,143,0.625
placebo,0.05,average_precision,144,0.45
placebo,0.05,average_precision,145,0.1111111111111111
placebo,0.05,average_precision,146,0.6
placebo,0.05,average_precision,147,0.6
placebo,0.05,average_precision,148,0.125
placebo,0.05,average_precision,149,0.11805555555555555
placebo,0.05,average_precision,150,0.11805555555555555
placebo,0.05,average_precision,151,0.1111111111111111
placebo,0.05,average_precision,152,0.11805555555555555
placebo,0.05,average_precision,153,0.625
placebo,0.05,average_precision,154,0.11805555555555555
placebo,0.05,average_precision,155,0.14583333333333331
placebo,0.05,average_precision,156,0.6111111111111112
placebo,0.05,average_precision,157,0.13025210084033612
placebo,0.05,average_precision,158,0.09722222222222221
placebo,0.05,average_precision,159,0.35
placebo,0.05,average_precision,160,0.10427807486631016
placebo,0.05,average_precision,161,0.1111111111111111
placebo,0.05,average_precision,162,0.6428571428571428
placebo,0.05,average_precision,163,0.39285714285714285
placebo,0.05,average_precision,164,0.6
placebo,0.05,average_precision,165,0.11805555555555555
placebo,0.05,average_precision,166,0.13025210084033612
placebo,0.05,average_precision,167,0.11805555555555555
placebo,0.05,average_precision,168,0.11805555555555555
placebo,0.05,average_precision,169,0.6
placebo,0.05,average_precision,170,0.13025210084033612
placebo,0.05,average_precision,171,0.1125
placebo,0.05,average_precision,172,0.11805555555555555
placebo,0.05,average_precision,173,0.1588235294117647
placebo,0.05,average_precision,174,0.375
placebo,0.05,average_precision,175,0.12698412698412698
placebo,0.05,average_precision,176,0.6111111111111112
placebo,0.05,average_precision,177,0.12698412698412698
placebo,0.05,average_precision,178,0.10101010101010101
placebo,0.05,average_precision,179,0.34090909090909094
placebo,0.05,average_precision,180,0.625
placebo,0.05,average_precision,181,0.6428571428571428
placebo,0.05,average_precision,182,0.125
placebo,0.05,average_precision,183,0.1388888888888889
placebo,0.05,average_precision,184,0.6111111111111112
placebo,0.05,average_precision,185,0.39285714285714285
placebo,0.05,average_precision,186,0.6
placebo,0.05,average_precision,187,0.14215686274509803
placebo,0.05,average_precision,188,0.75
placebo,0.05,average_precision,189,0.1213235294117647
placebo,0.05,average_precision,190,0.375
placebo,0.05,average_precision,191,0.7
placebo,0.05,average_precision,192,0.3333333333333333
placebo,0.05,average_precision,193,0.10555555555555556
placebo,0.05,average_precision,194,0.3611111111111111
placebo,0.05,average_precision,195,0.10101010101010101
placebo,0.05,average_precision,196,0.12916666666666665
placebo,0.05,average_precision,197,0.11805555555555555
placebo,0.05,average_precision,198,0.375
placebo,0.05,average_precision,199,0.375
placebo,0.05,average_precision,200,0.35
placebo,0.05,average_precision,201,0.1588235294117647
placebo,0.05,average_precision,202,0.11437908496732026
placebo,0.05,average_precision,203,0.6111111111111112
placebo,0.05,average_precision,204,0.11805555555555555
placebo,0.05,average_precision,205,0.10882352941176471
placebo,0.05,average_precision,206,0.15555555555555556
placebo,0.05,average_precision,207,0.3214285714285714
placebo,0.05,average_precision,208,0.625
placebo,0.05,average_precision,209,0.3333333333333333
placebo,0.05,average_precision,210,0.10555555555555556
placebo,0.05,average_precision,211,0.6111111111111112
placebo,0.05,average_precision,212,0.1111111111111111
placebo,0.05,average_precision,213,0.34090909090909094
placebo,0.05,average_precision,214,0.10555555555555556
placebo,0.05,average_precision,215,0.10555555555555556
placebo,0.05,average_precision,216,0.5909090909090909
placebo,0.05,average_precision,217,0.1388888888888889
placebo,0.05,average_precision,218,0.11437908496732026
placebo,0.05,average_precision,219,0.13392857142857142
placebo,0.05,average_precision,220,0.1588235294117647
placebo,0.05,average_precision,221,0.15555555555555556
placebo,0.05,average_precision,222,0.15555555555555556
placebo,0.05,average_precision,223,0.1213235294117647
placebo,0.05,average_precision,224,0.18055555555555555
placebo,0.05,average_precision,225,0.35
placebo,0.05,average_precision,226,0.375
placebo,0.05,average_precision,227,0.6
placebo,0.05,average_precision,228,0.1111111111111111
placebo,0.05,average_precision,229,0.5909090909090909
placebo,0.05,average_precision,230,0.10427807486631016
placebo,0.05,average_precision,231,0.11805555555555555
placebo,0.05,average_precision,232,0.3611111111111111
placebo,0.05,average_precision,233,0.6111111111111112
placebo,0.05,average_precision,234,0.6111111111111112
placebo,0.05,average_precision,235,0.6
placebo,0.05,average_precision,236,0.11437908496732026
placebo,0.05,average_precision,237,0.375
placebo,0.05,average_precision,238,0.6111111111111112
placebo,0.05,average_precision,239,0.375
placebo,0.05,average_precision,240,0.10555555555555556
placebo,0.05,average_precision,241,0.10882352941176471
placebo,0.05,average_precision,242,0.3333333333333333
placebo,0.05,average_precision,243,0.1125
placebo,0.05,average_precision,244,0.5909090909090909
placebo,0.05,average_precision,245,0.3333333333333333
placebo,0.05,average_precision,246,0.13025210084033612
placebo,0.05,average_precision,247,0.6428571428571428
placebo,0.05,average_precision,248,0.1111111111111111
placebo,0.05,average_precision,249,0.35
placebo,0.05,average_precision,250,0.1388888888888889
placebo,0.05,average_precision,251,0.3333333333333333
placebo,0.05,average_precision,252,0.10882352941176471
placebo,0.05,average_precision,253,0.625
placebo,0.05,average_precision,254,0.35
placebo,0.05,average_precision,255,0.1625
placebo,0.05,average_precision,256,0.3269230769230769
placebo,0.05,average_precision,257,0.375
placebo,0.05,average_precision,258,0.1111111111111111
placebo,0.05,average_precision,259,0.625
placebo,0.05,average_precision,260,0.1380952380952381
placebo,0.05,average_precision,261,0.6111111111111112
placebo,0.05,average_precision,262,0.1213235294117647
placebo,0.05,average_precision,263,0.125
placebo,0.05,average_precision,264,0.625
placebo,0.05,average_precision,265,0.375
placebo,0.05,average_precision,266,0.1213235294117647
placebo,0.05,average_precision,267,0.1625
placebo,0.05,average_precision,268,0.34090909090909094
placebo,0.05,average_precision,269,0.625
placebo,0.05,average_precision,270,0.41666666666666663
placebo,0.05,average_precision,271,0.14215686274509803
placebo,0.05,average_precision,272,0.14215686274509803
placebo,0.05,average_precision,273,0.1388888888888889
placebo,0.05,average_precision,274,0.09722222222222221
placebo,0.05,average_precision,275,0.6111111111111112
placebo,0.05,average_precision,276,0.5833333333333334
placebo,0.05,average_precision,277,0.11805555555555555
placebo,0.05,average_precision,278,0.09722222222222221
placebo,0.05,average_precision,279,0.1213235294117647
placebo,0.05,average_precision,280,0.10795454545454546
placebo,0.05,average_precision,281,0.625
placebo,0.05,average_precision,282,0.1588235294117647
placebo,0.05,average_precision,283,0.1588235294117647
placebo,0.05,average_precision,284,0.12698412698412698
placebo,0.05,average_precision,285,0.6111111111111112
placebo,0.05,average_precision,286,0.13025210084033612
placebo,0.05,average_precision,287,0.11437908496732026
placebo,0.05,average_precision,288,0.10427807486631016
placebo,0.05,average_precision,289,0.5833333333333334
placebo,0.05,average_precision,290,0.3333333333333333
placebo,0.05,average_precision,291,0.6428571428571428
placebo,0.05,average_precision,292,0.10427807486631016
placebo,0.05,average_precision,293,0.375
placebo,0.05,average_precision,294,0.6111111111111112
placebo,0.05,average_precision,295,0.35
placebo,0.05,average_precision,296,0.6
placebo,0.05,average_precision,297,0.1213235294117647
placebo,0.05,average_precision,298,0.1213235294117647
placebo,0.05,average_precision,299,0.375
placebo,0.05,average_precision,300,0.6111111111111112
placebo,0.05,average_precision,301,0.1625
placebo,0.05,average_precision,302,0.375
placebo,0.05,average_precision,303,0.5909090909090909
placebo,0.05,average_precision,304,0.1125
placebo,0.05,average_precision,305,0.11437908496732026
placebo,0.05,average_precision,306,0.1388888888888889
placebo,0.05,average_precision,307,0.1588235294117647
placebo,0.05,average_precision,308,0.10101010101010101
placebo,0.05,average_precision,309,0.1588235294117647
placebo,0.05,average_precision,310,0.1111111111111111
placebo,0.05,average_precision,311,0.3611111111111111
placebo,0.05,average_precision,312,0.12698412698412698
placebo,0.05,average_precision,313,0.625
placebo,0.05,average_precision,314,0.10427807486631016
placebo,0.05,average_precision,315,0.6
placebo,0.05,average_precision,316,0.6111111111111112
placebo,0.05,average_precision,317,0.6428571428571428
placebo,0.05,average_precision,318,0.6428571428571428
placebo,0.05,average_precision,319,0.34090909090909094
placebo,0.05,average_precision,320,0.39285714285714285
placebo,0.05,average_precision,321,0.625
placebo,0.05,average_precision,322,0.16666666666666669
placebo,0.05,average_precision,323,0.5909090909090909
placebo,0.05,average_precision,324,0.35
placebo,0.05,average_precision,325,0.5909090909090909
placebo,0.05,average_precision,326,0.11805555555555555
placebo,0.05,average_precision,327,0.12698412698412698
placebo,0.05,average_precision,328,0.18382352941176472
placebo,0.05,average_precision,329,0.6111111111111112
placebo,0.05,average_precision,330,0.3611111111111111
placebo,0.05,average_precision,331,0.3214285714285714
placebo,0.05,average_precision,332,0.5909090909090909
placebo,0.05,average_precision,333,0.5833333333333334
placebo,0.05,average_precision,334,0.41666666666666663
placebo,0.05,average_precision,335,0.6428571428571428
placebo,0.05,average_precision,336,0.1388888888888889
placebo,0.05,average_precision,337,0.14583333333333331
placebo,0.05,average_precision,338,0.13025210084033612
placebo,0.05,average_precision,339,0.10555555555555556
placebo,0.05,average_precision,340,0.5909090909090909
placebo,0.05,average_precision,341,0.6111111111111112
placebo,0.05,average_precision,342,0.10555555555555556
placebo,0.05,average_precision,343,0.1875
placebo,0.05,average_precision,344,0.13025210084033612
placebo,0.05,average_precision,345,0.13025210084033612
placebo,0.05,average_precision,346,0.125
placebo,0.05,average_precision,347,0.34090909090909094
placebo,0.05,average_precision,348,0.6428571428571428
placebo,0.05,average_precision,349,0.6111111111111112
placebo,0.05,average_precision,350,0.5833333333333334
placebo,0.05,average_precision,351,0.625
placebo,0.05,average_precision,352,0.11805555555555555
placebo,0.05,average_precision,353,0.16666666666666669
placebo,0.05,average_precision,354,0.3333333333333333
placebo,0.05,average_precision,355,0.6111111111111112
placebo,0.05,average_precision,356,0.34090909090909094
placebo,0.05,average_precision,357,0.6
placebo,0.05,average_precision,358,0.125
placebo,0.05,average_precision,359,0.125
placebo,0.05,average_precision,360,0.34090909090909094
placebo,0.05,average_precision,361,0.10049019607843138
placebo,0.05,average_precision,362,0.625
placebo,0.05,average_precision,363,0.5769230769230769
placebo,0.05,average_precision,364,0.625
placebo,0.05,average_precision,365,0.6428571428571428
placebo,0.05,average_precision,366,0.14215686274509803
placebo,0.05,average_precision,367,0.6111111111111112
placebo,0.05,average_precision,368,0.1213235294117647
placebo,0.05,average_precision,369,0.12698412698412698
placebo,0.05,average_precision,370,0.10555555555555556
placebo,0.05,average_precision,371,0.6111111111111112
placebo,0.05,average_precision,372,0.6428571428571428
placebo,0.05,average_precision,373,0.1111111111111111
placebo,0.05,average_precision,374,0.10049019607843138
placebo,0.05,average_precision,375,0.13025210084033612
placebo,0.05,average_precision,376,0.39285714285714285
placebo,0.05,average_precision,377,0.625
placebo,0.05,average_precision,378,0.10555555555555556
placebo,0.05,average_precision,379,0.1111111111111111
placebo,0.05,average_precision,380,0.625
placebo,0.05,average_precision,381,0.625
placebo,0.05,average_precision,382,0.6
placebo,0.05,average_precision,383,0.18382352941176472
placebo,0.05,average_precision,384,0.12698412698412698
placebo,0.05,average_precision,385,0.625
placebo,0.05,average_precision,386,0.1213235294117647
placebo,0.05,average_precision,387,0.16666666666666669
placebo,0.05,average_precision,388,0.1213235294117647
placebo,0.05,average_precision,389,0.625
placebo,0.05,average_precision,390,0.6428571428571428
placebo,0.05,average_precision,391,0.11805555555555555
placebo,0.05,average_precision,392,0.3333333333333333
placebo,0.05,average_precision,393,0.1380952380952381
placebo,0.05,average_precision,394,0.10555555555555556
placebo,0.05,average_precision,395,0.7
placebo,0.05,average_precision,396,0.35
placebo,0.05,average_precision,397,0.13025210084033612
placebo,0.05,average_precision,398,0.6
placebo,0.05,average_precision,399,0.625
placebo,0.05,average_precision,400,0.15555555555555556
placebo,0.05,average_precision,401,0.11437908496732026
placebo,0.05,average_precision,402,0.1125
placebo,0.05,average_precision,403,0.18055555555555555
placebo,0.05,average_precision,404,0.3333333333333333
placebo,0.05,average_precision,405,0.6428571428571428
placebo,0.05,average_precision,406,0.625
placebo,0.05,average_precision,407,0.10427807486631016
placebo,0.05,average_precision,408,0.34090909090909094
placebo,0.05,average_precision,409,0.625
placebo,0.05,average_precision,410,0.625
placebo,0.05,average_precision,411,0.625
placebo,0.05,average_precision,412,0.6428571428571428
placebo,0.05,average_precision,413,0.1111111111111111
placebo,0.05,average_precision,414,0.10427807486631016
placebo,0.05,average_precision,415,0.3333333333333333
placebo,0.05,average_precision,416,0.11437908496732026
placebo,0.05,average_precision,417,0.5769230769230769
placebo,0.05,average_precision,418,0.13392857142857142
placebo,0.05,average_precision,419,0.3333333333333333
placebo,0.05,average_precision,420,0.6111111111111112
placebo,0.05,average_precision,421,0.34090909090909094
placebo,0.05,average_precision,422,0.6428571428571428
placebo,0.05,average_precision,423,0.5909090909090909
placebo,0.05,average_precision,424,0.625
placebo,0.05,average_precision,425,0.10555555555555556
placebo,0.05,average_precision,426,0.11805555555555555
placebo,0.05,average_precision,427,0.3269230769230769
placebo,0.05,average_precision,428,0.5909090909090909
placebo,0.05,average_precision,429,0.34090909090909094
placebo,0.05,average_precision,430,0.11805555555555555
placebo,0.05,average_precision,431,0.10882352941176471
placebo,0.05,average_precision,432,0.34090909090909094
placebo,0.05,average_precision,433,0.09722222222222221
placebo,0.05,average_precision,434,0.625
placebo,0.05,average_precision,435,0.13025210084033612
placebo,0.05,average_precision,436,0.11805555555555555
placebo,0.05,average_precision,437,0.11805555555555555
placebo,0.05,average_precision,438,0.6
placebo,0.05,average_precision,439,0.14583333333333331
placebo,0.05,average_precision,440,0.13392857142857142
placebo,0.05,average_precision,441,0.10049019607843138
placebo,0.05,average_precision,442,0.375
placebo,0.05,average_precision,443,0.11805555555555555
placebo,0.05,average_precision,444,0.6111111111111112
placebo,0.05,average_precision,445,0.18382352941176472
placebo,0.05,average_precision,446,0.6
placebo,0.05,average_precision,447,0.6111111111111112
placebo,0.05,average_precision,448,0.10555555555555556
placebo,0.05,average_precision,449,0.1111111111111111
placebo,0.05,average_precision,450,0.5909090909090909
placebo,0.05,average_precision,451,0.5909090909090909
placebo,0.05,average_precision,452,0.5909090909090909
placebo,0.05,average_precision,453,0.10882352941176471
placebo,0.05,average_precision,454,0.11805555555555555
placebo,0.05,average_precision,455,0.6428571428571428
placebo,0.05,average_precision,456,0.6
placebo,0.05,average_precision,457,0.3333333333333333
placebo,0.05,average_precision,458,0.6
placebo,0.05,average_precision,459,0.1111111111111111
placebo,0.05,average_precision,460,0.1125
placebo,0.05,average_precision,461,0.5909090909090909
placebo,0.05,average_precision,462,0.10427807486631016
placebo,0.05,average_precision,463,0.11805555555555555
placebo,0.05,average_precision,464,0.11805555555555555
placebo,0.05,average_precision,465,0.1625
placebo,0.05,average_precision,466,0.13025210084033612
placebo,0.05,average_precision,467,0.13025210084033612
placebo,0.05,average_precision,468,0.3611111111111111
placebo,0.05,average_precision,469,0.5909090909090909
placebo,0.05,average_precision,470,0.10882352941176471
placebo,0.05,average_precision,471,0.125
placebo,0.05,average_precision,472,0.13025210084033612
placebo,0.05,average_precision,473,0.5909090909090909
placebo,0.05,average_precision,474,0.13025210084033612
placebo,0.05,average_precision,475,0.1111111111111111
placebo,0.05,average_precision,476,0.1213235294117647
placebo,0.05,average_precision,477,0.10882352941176471
placebo,0.05,average_precision,478,0.10882352941176471
placebo,0.05,average_precision,479,0.14215686274509803
placebo,0.05,average_precision,480,0.11805555555555555
placebo,0.05,average_precision,481,0.3333333333333333
placebo,0.05,average_precision,482,0.14215686274509803
placebo,0.05,average_precision,483,0.5909090909090909
placebo,0.05,average_precision,484,0.10882352941176471
placebo,0.05,average_precision,485,0.3333333333333333
placebo,0.05,average_precision,486,0.10101010101010101
placebo,0.05,average_precision,487,0.5909090909090909
placebo,0.05,average_precision,488,0.1213235294117647
placebo,0.05,average_precision,489,0.35
placebo,0.05,average_precision,490,0.15555555555555556
placebo,0.05,average_precision,491,0.10555555555555556
placebo,0.05,average_precision,492,0.12698412698412698
placebo,0.05,average_precision,493,0.09453781512605042
placebo,0.05,average_precision,494,0.1625
placebo,0.05,average_precision,495,0.10555555555555556
placebo,0.05,average_precision,496,0.12222222222222222
placebo,0.05,average_precision,497,0.39285714285714285
placebo,0.05,average_precision,498,0.1111111111111111
placebo,0.05,average_precision,499,0.6111111111111112
placebo,0.05,average_precision,500,0.6428571428571428
placebo,0.05,average_precision,501,0.22916666666666666
placebo,0.05,average_precision,502,0.14215686274509803
placebo,0.05,average_precision,503,0.11805555555555555
placebo,0.05,average_precision,504,0.14215686274509803
placebo,0.05,average_precision,505,0.13025210084033612
placebo,0.05,average_precision,506,0.375
placebo,0.05,average_precision,507,0.6
placebo,0.05,average_precision,508,0.625
placebo,0.05,average_precision,509,0.19166666666666665
placebo,0.05,average_precision,510,0.11805555555555555
placebo,0.05,average_precision,511,0.1213235294117647
placebo,0.05,auroc_decline_vs_rest,0,0.3125
placebo,0.05,auroc_decline_vs_rest,1,0.875
placebo,0.05,auroc_decline_vs_rest,2,0.34375
placebo,0.05,auroc_decline_vs_rest,3,0.40625
placebo,0.05,auroc_decline_vs_rest,4,0.3125
placebo,0.05,auroc_decline_vs_rest,5,0.78125
placebo,0.05,auroc_decline_vs_rest,6,0.84375
placebo,0.05,auroc_decline_vs_rest,7,0.28125
placebo,0.05,auroc_decline_vs_rest,8,0.34375
placebo,0.05,auroc_decline_vs_rest,9,0.21875
placebo,0.05,auroc_decline_vs_rest,10,0.78125
placebo,0.05,auroc_decline_vs_rest,11,0.78125
placebo,0.05,auroc_decline_vs_rest,12,0.25
placebo,0.05,auroc_decline_vs_rest,13,0.84375
placebo,0.05,auroc_decline_vs_rest,14,0.46875
placebo,0.05,auroc_decline_vs_rest,15,0.84375
placebo,0.05,auroc_decline_vs_rest,16,0.40625
placebo,0.05,auroc_decline_vs_rest,17,0.65625
placebo,0.05,auroc_decline_vs_rest,18,0.90625
placebo,0.05,auroc_decline_vs_rest,19,0.3125
placebo,0.05,auroc_decline_vs_rest,20,0.375
placebo,0.05,auroc_decline_vs_rest,21,0.21875
placebo,0.05,auroc_decline_vs_rest,22,0.375
placebo,0.05,auroc_decline_vs_rest,23,0.71875
placebo,0.05,auroc_decline_vs_rest,24,0.71875
placebo,0.05,auroc_decline_vs_rest,25,0.8125
placebo,0.05,auroc_decline_vs_rest,26,0.84375
placebo,0.05,auroc_decline_vs_rest,27,0.6875
placebo,0.05,auroc_decline_vs_rest,28,0.375
placebo,0.05,auroc_decline_vs_rest,29,0.90625
placebo,0.05,auroc_decline_vs_rest,30,0.3125
placebo,0.05,auroc_decline_vs_rest,31,0.34375
placebo,0.05,auroc_decline_vs_rest,32,0.71875
placebo,0.05,auroc_decline_vs_rest,33,0.34375
placebo,0.05,auroc_decline_vs_rest,34,0.34375
placebo,0.05,auroc_decline_vs_rest,35,0.25
placebo,0.05,auroc_decline_vs_rest,36,0.78125
placebo,0.05,auroc_decline_vs_rest,37,0.25
placebo,0.05,auroc_decline_vs_rest,38,0.8125
placebo,0.05,auroc_decline_vs_rest,39,0.875
placebo,0.05,auroc_decline_vs_rest,40,0.28125
placebo,0.05,auroc_decline_vs_rest,41,0.8125
placebo,0.05,auroc_decline_vs_rest,42,0.8125
placebo,0.05,auroc_decline_vs_rest,43,0.21875
placebo,0.05,auroc_decline_vs_rest,44,0.5
placebo,0.05,auroc_decline_vs_rest,45,0.34375
placebo,0.05,auroc_decline_vs_rest,46,0.8125
placebo,0.05,auroc_decline_vs_rest,47,0.3125
placebo,0.05,auroc_decline_vs_rest,48,0.3125
placebo,0.05,auroc_decline_vs_rest,49,0.6875
placebo,0.05,auroc_decline_vs_rest,50,0.6875
placebo,0.05,auroc_decline_vs_rest,51,0.71875
placebo,0.05,auroc_decline_vs_rest,52,0.65625
placebo,0.05,auroc_decline_vs_rest,53,0.40625
placebo,0.05,auroc_decline_vs_rest,54,0.34375
placebo,0.05,auroc_decline_vs_rest,55,0.78125
placebo,0.05,auroc_decline_vs_rest,56,0.25
placebo,0.05,auroc_decline_vs_rest,57,0.34375
placebo,0.05,auroc_decline_vs_rest,58,0.9375
placebo,0.05,auroc_decline_vs_rest,59,0.78125
placebo,0.05,auroc_decline_vs_rest,60,0.34375
placebo,0.05,auroc_decline_vs_rest,61,0.75
placebo,0.05,auroc_decline_vs_rest,62,0.8125
placebo,0.05,auroc_decline_vs_rest,63,0.3125
placebo,0.05,auroc_decline_vs_rest,64,0.78125
placebo,0.05,auroc_decline_vs_rest,65,0.3125
placebo,0.05,auroc_decline_vs_rest,66,0.8125
placebo,0.05,auroc_decline_vs_rest,67,0.21875
placebo,0.05,auroc_decline_vs_rest,68,0.90625
placebo,0.05,auroc_decline_vs_rest,69,0.25
placebo,0.05,auroc_decline_vs_rest,70,0.625
placebo,0.05,auroc_decline_vs_rest,71,0.875
placebo,0.05,auroc_decline_vs_rest,72,0.21875
placebo,0.05,auroc_decline_vs_rest,73,0.28125
placebo,0.05,auroc_decline_vs_rest,74,0.34375
placebo,0.05,auroc_decline_vs_rest,75,0.78125
placebo,0.05,auroc_decline_vs_rest,76,0.375
placebo,0.05,auroc_decline_vs_rest,77,0.28125
placebo,0.05,auroc_decline_vs_rest,78,0.28125
placebo,0.05,auroc_decline_vs_rest,79,0.78125
placebo,0.05,auroc_decline_vs_rest,80,0.28125
placebo,0.05,auroc_decline_vs_rest,81,0.28125
placebo,0.05,auroc_decline_vs_rest,82,0.75
placebo,0.05,auroc_decline_vs_rest,83,0.1875
placebo,0.05,auroc_decline_vs_rest,84,0.78125
placebo,0.05,auroc_decline_vs_rest,85,0.25
placebo,0.05,auroc_decline_vs_rest,86,0.65625
placebo,0.05,auroc_decline_vs_rest,87,0.8125
placebo,0.05,auroc_decline_vs_rest,88,0.75
placebo,0.05,auroc_decline_vs_rest,89,0.3125
placebo,0.05,auroc_decline_vs_rest,90,0.34375
placebo,0.05,auroc_decline_vs_rest,91,0.71875
placebo,0.05,auroc_decline_vs_rest,92,0.1875
placebo,0.05,auroc_decline_vs_rest,93,0.875
placebo,0.05,auroc_decline_vs_rest,94,0.3125
placebo,0.05,auroc_decline_vs_rest,95,0.6875
placebo,0.05,auroc_decline_vs_rest,96,0.71875
placebo,0.05,auroc_decline_vs_rest,97,0.71875
placebo,0.05,auroc_decline_vs_rest,98,0.6875
placebo,0.05,auroc_decline_vs_rest,99,0.40625
placebo,0.05,auroc_decline_vs_rest,100,0.71875
placebo,0.05,auroc_decline_vs_rest,101,0.90625
placebo,0.05,auroc_decline_vs_rest,102,0.34375
placebo,0.05,auroc_decline_vs_rest,103,0.3125
placebo,0.05,auroc_decline_vs_rest,104,0.4375
placebo,0.05,auroc_decline_vs_rest,105,0.84375
placebo,0.05,auroc_decline_vs_rest,106,0.875
placebo,0.05,auroc_decline_vs_rest,107,0.3125
placebo,0.05,auroc_decline_vs_rest,108,0.375
placebo,0.05,auroc_decline_vs_rest,109,0.78125
placebo,0.05,auroc_decline_vs_rest,110,0.6875
placebo,0.05,auroc_decline_vs_rest,111,0.71875
placebo,0.05,auroc_decline_vs_rest,112,0.3125
placebo,0.05,auroc_decline_vs_rest,113,0.3125
placebo,0.05,auroc_decline_vs_rest,114,0.25
placebo,0.05,auroc_decline_vs_rest,115,0.375
placebo,0.05,auroc_decline_vs_rest,116,0.1875
placebo,0.05,auroc_decline_vs_rest,117,0.34375
placebo,0.05,auroc_decline_vs_rest,118,0.78125
placebo,0.05,auroc_decline_vs_rest,119,0.28125
placebo,0.05,auroc_decline_vs_rest,120,0.5
placebo,0.05,auroc_decline_vs_rest,121,0.28125
placebo,0.05,auroc_decline_vs_rest,122,0.34375
placebo,0.05,auroc_decline_vs_rest,123,0.3125
placebo,0.05,auroc_decline_vs_rest,124,0.78125
placebo,0.05,auroc_decline_vs_rest,125,0.25
placebo,0.05,auroc_decline_vs_rest,126,0.3125
placebo,0.05,auroc_decline_vs_rest,127,0.8125
placebo,0.05,auroc_decline_vs_rest,128,0.34375
placebo,0.05,auroc_decline_vs_rest,129,0.75
placebo,0.05,auroc_decline_vs_rest,130,0.78125
placebo,0.05,auroc_decline_vs_rest,131,0.46875
placebo,0.05,auroc_decline_vs_rest,132,0.28125
placebo,0.05,auroc_decline_vs_rest,133,0.59375
placebo,0.05,auroc_decline_vs_rest,134,0.75
placebo,0.05,auroc_decline_vs_rest,135,0.84375
placebo,0.05,auroc_decline_vs_rest,136,0.6875
placebo,0.05,auroc_decline_vs_rest,137,0.3125
placebo,0.05,auroc_decline_vs_rest,138,0.75
placebo,0.05,auroc_decline_vs_rest,139,0.28125
placebo,0.05,auroc_decline_vs_rest,140,0.78125
placebo,0.05,auroc_decline_vs_rest,141,0.21875
placebo,0.05,auroc_decline_vs_rest,142,0.6875
placebo,0.05,auroc_decline_vs_rest,143,0.8125
placebo,0.05,auroc_decline_vs_rest,144,0.875
placebo,0.05,auroc_decline_vs_rest,145,0.25
placebo,0.05,auroc_decline_vs_rest,146,0.75
placebo,0.05,auroc_decline_vs_rest,147,0.75
placebo,0.05,auroc_decline_vs_rest,148,0.34375
placebo,0.05,auroc_decline_vs_rest,149,0.28125
placebo,0.05,auroc_decline_vs_rest,150,0.28125
placebo,0.05,auroc_decline_vs_rest,151,0.25
placebo,0.05,auroc_decline_vs_rest,152,0.28125
placebo,0.05,auroc_decline_vs_rest,153,0.8125
placebo,0.05,auroc_decline_vs_rest,154,0.28125
placebo,0.05,auroc_decline_vs_rest,155,0.40625
placebo,0.05,auroc_decline_vs_rest,156,0.78125
placebo,0.05,auroc_decline_vs_rest,157,0.34375
placebo,0.05,auroc_decline_vs_rest,158,0.15625
placebo,0.05,auroc_decline_vs_rest,159,0.71875
placebo,0.05,auroc_decline_vs_rest,160,0.21875
placebo,0.05,auroc_decline_vs_rest,161,0.25
placebo,0.05,auroc_decline_vs_rest,162,0.84375
placebo,0.05,auroc_decline_vs_rest,163,0.8125
placebo,0.05,auroc_decline_vs_rest,164,0.75
placebo,0.05,auroc_decline_vs_rest,165,0.28125
placebo,0.05,auroc_decline_vs_rest,166,0.34375
placebo,0.05,auroc_decline_vs_rest,167,0.3125
placebo,0.05,auroc_decline_vs_rest,168,0.28125
placebo,0.05,auroc_decline_vs_rest,169,0.75
placebo,0.05,auroc_decline_vs_rest,170,0.34375
placebo,0.05,auroc_decline_vs_rest,171,0.28125
placebo,0.05,auroc_decline_vs_rest,172,0.28125
placebo,0.05,auroc_decline_vs_rest,173,0.40625
placebo,0.05,auroc_decline_vs_rest,174,0.78125
placebo,0.05,auroc_decline_vs_rest,175,0.3125
placebo,0.05,auroc_decline_vs_rest,176,0.78125
placebo,0.05,auroc_decline_vs_rest,177,0.34375
placebo,0.05,auroc_decline_vs_rest,178,0.1875
placebo,0.05,auroc_decline_vs_rest,179,0.6875
placebo,0.05,auroc_decline_vs_rest,180,0.8125
placebo,0.05,auroc_decline_vs_rest,181,0.84375
placebo,0.05,auroc_decline_vs_rest,182,0.34375
placebo,0.05,auroc_decline_vs_rest,183,0.34375
placebo,0.05,auroc_decline_vs_rest,184,0.78125
placebo,0.05,auroc_decline_vs_rest,185,0.8125
placebo,0.05,auroc_decline_vs_rest,186,0.75
placebo,0.05,auroc_decline_vs_rest,187,0.375
placebo,0.05,auroc_decline_vs_rest,188,0.9375
placebo,0.05,auroc_decline_vs_rest,189,0.3125
placebo,0.05,auroc_decline_vs_rest,190,0.78125
placebo,0.05,auroc_decline_vs_rest,191,0.90625
placebo,0.05,auroc_decline_vs_rest,192,0.65625
placebo,0.05,auroc_decline_vs_rest,193,0.21875
placebo,0.05,auroc_decline_vs_rest,194,0.75
placebo,0.05,auroc_decline_vs_rest,195,0.1875
placebo,0.05,auroc_decline_vs_rest,196,0.375
placebo,0.05,auroc_decline_vs_rest,197,0.28125
placebo,0.05,auroc_decline_vs_rest,198,0.78125
placebo,0.05,auroc_decline_vs_rest,199,0.78125
placebo,0.05,auroc_decline_vs_rest,200,0.71875
placebo,0.05,auroc_decline_vs_rest,201,0.40625
placebo,0.05,auroc_decline_vs_rest,202,0.28125
placebo,0.05,auroc_decline_vs_rest,203,0.78125
placebo,0.05,auroc_decline_vs_rest,204,0.28125
placebo,0.05,auroc_decline_vs_rest,205,0.25
placebo,0.05,auroc_decline_vs_rest,206,0.375
placebo,0.05,auroc_decline_vs_rest,207,0.59375
placebo,0.05,auroc_decline_vs_rest,208,0.8125
placebo,0.05,auroc_decline_vs_rest,209,0.65625
placebo,0.05,auroc_decline_vs_rest,210,0.21875
placebo,0.05,auroc_decline_vs_rest,211,0.78125
placebo,0.05,auroc_decline_vs_rest,212,0.25
placebo,0.05,auroc_decline_vs_rest,213,0.6875
placebo,0.05,auroc_decline_vs_rest,214,0.21875
placebo,0.05,auroc_decline_vs_rest,215,0.21875
placebo,0.05,auroc_decline_vs_rest,216,0.71875
placebo,0.05,auroc_decline_vs_rest,217,0.34375
placebo,0.05,auroc_decline_vs_rest,218,0.28125
placebo,0.05,auroc_decline_vs_rest,219,0.375
placebo,0.05,auroc_decline_vs_rest,220,0.40625
placebo,0.05,auroc_decline_vs_rest,221,0.40625
placebo,0.05,auroc_decline_vs_rest,222,0.375
placebo,0.05,auroc_decline_vs_rest,223,0.3125
placebo,0.05,auroc_decline_vs_rest,224,0.40625
placebo,0.05,auroc_decline_vs_rest,225,0.71875
placebo,0.05,auroc_decline_vs_rest,226,0.78125
placebo,0.05,auroc_decline_vs_rest,227,0.75
placebo,0.05,auroc_decline_vs_rest,228,0.25
placebo,0.05,auroc_decline_vs_rest,229,0.71875
placebo,0.05,auroc_decline_vs_rest,230,0.21875
placebo,0.05,auroc_decline_vs_rest,231,0.3125
placebo,0.05,auroc_decline_vs_rest,232,0.75
placebo,0.05,auroc_decline_vs_rest,233,0.78125
placebo,0.05,auroc_decline_vs_rest,234,0.78125
placebo,0.05,auroc_decline_vs_rest,235,0.75
placebo,0.05,auroc_decline_vs_rest,236,0.28125
placebo,0.05,auroc_decline_vs_rest,237,0.78125
placebo,0.05,auroc_decline_vs_rest,238,0.78125
placebo,0.05,auroc_decline_vs_rest,239,0.78125
placebo,0.05,auroc_decline_vs_rest,240,0.21875
placebo,0.05,auroc_decline_vs_rest,241,0.25
placebo,0.05,auroc_decline_vs_rest,242,0.65625
placebo,0.05,auroc_decline_vs_rest,243,0.28125
placebo,0.05,auroc_decline_vs_rest,244,0.71875
placebo,0.05,auroc_decline_vs_rest,245,0.65625
placebo,0.05,auroc_decline_vs_rest,246,0.34375
placebo,0.05,auroc_decline_vs_rest,247,0.84375
placebo,0.05,auroc_decline_vs_rest,248,0.25
placebo,0.05,auroc_decline_vs_rest,249,0.71875
placebo,0.05,auroc_decline_vs_rest,250,0.34375
placebo,0.05,auroc_decline_vs_rest,251,0.65625
placebo,0.05,auroc_decline_vs_rest,252,0.25
placebo,0.05,auroc_decline_vs_rest,253,0.8125
placebo,0.05,auroc_decline_vs_rest,254,0.71875
placebo,0.05,auroc_decline_vs_rest,255,0.4375
placebo,0.05,auroc_decline_vs_rest,256,0.625
placebo,0.05,auroc_decline_vs_rest,257,0.78125
placebo,0.05,auroc_decline_vs_rest,258,0.25
placebo,0.05,auroc_decline_vs_rest,259,0.8125
placebo,0.05,auroc_decline_vs_rest,260,0.40625
placebo,0.05,auroc_decline_vs_rest,261,0.78125
placebo,0.05,auroc_decline_vs_rest,262,0.3125
placebo,0.05,auroc_decline_vs_rest,263,0.34375
placebo,0.05,auroc_decline_vs_rest,264,0.8125
placebo,0.05,auroc_decline_vs_rest,265,0.78125
placebo,0.05,auroc_decline_vs_rest,266,0.3125
placebo,0.05,auroc_decline_vs_rest,267,0.4375
placebo,0.05,auroc_decline_vs_rest,268,0.6875
placebo,0.05,auroc_decline_vs_rest,269,0.8125
placebo,0.05,auroc_decline_vs_rest,270,0.84375
placebo,0.05,auroc_decline_vs_rest,271,0.375
placebo,0.05,auroc_decline_vs_rest,272,0.375
placebo,0.05,auroc_decline_vs_rest,273,0.34375
placebo,0.05,auroc_decline_vs_rest,274,0.15625
placebo,0.05,auroc_decline_vs_rest,275,0.78125
placebo,0.05,auroc_decline_vs_rest,276,0.6875
placebo,0.05,auroc_decline_vs_rest,277,0.28125
placebo,0.05,auroc_decline_vs_rest,278,0.15625
placebo,0.05,auroc_decline_vs_rest,279,0.3125
placebo,0.05,auroc_decline_vs_rest,280,0.25
placebo,0.05,auroc_decline_vs_rest,281,0.8125
placebo,0.05,auroc_decline_vs_rest,282,0.40625
placebo,0.05,auroc_decline_vs_rest,283,0.40625
placebo,0.05,auroc_decline_vs_rest,284,0.3125
placebo,0.05,auroc_decline_vs_rest,285,0.78125
placebo,0.05,auroc_decline_vs_rest,286,0.34375
placebo,0.05,auroc_decline_vs_rest,287,0.28125
placebo,0.05,auroc_decline_vs_rest,288,0.21875
placebo,0.05,auroc_decline_vs_rest,289,0.6875
placebo,0.05,auroc_decline_vs_rest,290,0.65625
placebo,0.05,auroc_decline_vs_rest,291,0.84375
placebo,0.05,auroc_decline_vs_rest,292,0.21875
placebo,0.05,auroc_decline_vs_rest,293,0.78125
placebo,0.05,auroc_decline_vs_rest,294,0.8125
placebo,0.05,auroc_decline_vs_rest,295,0.71875
placebo,0.05,auroc_decline_vs_rest,296,0.75
placebo,0.05,auroc_decline_vs_rest,297,0.3125
placebo,0.05,auroc_decline_vs_rest,298,0.3125
placebo,0.05,auroc_decline_vs_rest,299,0.78125
placebo,0.05,auroc_decline_vs_rest,300,0.78125
placebo,0.05,auroc_decline_vs_rest,301,0.4375
placebo,0.05,auroc_decline_vs_rest,302,0.78125
placebo,0.05,auroc_decline_vs_rest,303,0.71875
placebo,0.05,auroc_decline_vs_rest,304,0.28125
placebo,0.05,auroc_decline_vs_rest,305,0.28125
placebo,0.05,auroc_decline_vs_rest,306,0.34375
placebo,0.05,auroc_decline_vs_rest,307,0.4375
placebo,0.05,auroc_decline_vs_rest,308,0.1875
placebo,0.05,auroc_decline_vs_rest,309,0.40625
placebo,0.05,auroc_decline_vs_rest,310,0.25
placebo,0.05,auroc_decline_vs_rest,311,0.75
placebo,0.05,auroc_decline_vs_rest,312,0.3125
placebo,0.05,auroc_decline_vs_rest,313,0.8125
placebo,0.05,auroc_decline_vs_rest,314,0.21875
placebo,0.05,auroc_decline_vs_rest,315,0.75
placebo,0.05,auroc_decline_vs_rest,316,0.78125
placebo,0.05,auroc_decline_vs_rest,317,0.84375
placebo,0.05,auroc_decline_vs_rest,318,0.84375
placebo,0.05,auroc_decline_vs_rest,319,0.6875
placebo,0.05,auroc_decline_vs_rest,320,0.8125
placebo,0.05,auroc_decline_vs_rest,321,0.8125
placebo,0.05,auroc_decline_vs_rest,322,0.46875
placebo,0.05,auroc_decline_vs_rest,323,0.71875
placebo,0.05,auroc_decline_vs_rest,324,0.71875
placebo,0.05,auroc_decline_vs_rest,325,0.71875
placebo,0.05,auroc_decline_vs_rest,326,0.28125
placebo,0.05,auroc_decline_vs_rest,327,0.3125
placebo,0.05,auroc_decline_vs_rest,328,0.4375
placebo,0.05,auroc_decline_vs_rest,329,0.78125
placebo,0.05,auroc_decline_vs_rest,330,0.75
placebo,0.05,auroc_decline_vs_rest,331,0.59375
placebo,0.05,auroc_decline_vs_rest,332,0.71875
placebo,0.05,auroc_decline_vs_rest,333,0.6875
placebo,0.05,auroc_decline_vs_rest,334,0.84375
placebo,0.05,auroc_decline_vs_rest,335,0.84375
placebo,0.05,auroc_decline_vs_rest,336,0.34375
placebo,0.05,auroc_decline_vs_rest,337,0.40625
placebo,0.05,auroc_decline_vs_rest,338,0.34375
placebo,0.05,auroc_decline_vs_rest,339,0.21875
placebo,0.05,auroc_decline_vs_rest,340,0.71875
placebo,0.05,auroc_decline_vs_rest,341,0.78125
placebo,0.05,auroc_decline_vs_rest,342,0.21875
placebo,0.05,auroc_decline_vs_rest,343,0.46875
placebo,0.05,auroc_decline_vs_rest,344,0.34375
placebo,0.05,auroc_decline_vs_rest,345,0.34375
placebo,0.05,auroc_decline_vs_rest,346,0.34375
placebo,0.05,auroc_decline_vs_rest,347,0.6875
placebo,0.05,auroc_decline_vs_rest,348,0.84375
placebo,0.05,auroc_decline_vs_rest,349,0.78125
placebo,0.05,auroc_decline_vs_rest,350,0.6875
placebo,0.05,auroc_decline_vs_rest,351,0.8125
placebo,0.05,auroc_decline_vs_rest,352,0.28125
placebo,0.05,auroc_decline_vs_rest,353,0.46875
placebo,0.05,auroc_decline_vs_rest,354,0.65625
placebo,0.05,auroc_decline_vs_rest,355,0.78125
placebo,0.05,auroc_decline_vs_rest,356,0.6875
placebo,0.05,auroc_decline_vs_rest,357,0.75
placebo,0.05,auroc_decline_vs_rest,358,0.34375
placebo,0.05,auroc_decline_vs_rest,359,0.34375
placebo,0.05,auroc_decline_vs_rest,360,0.6875
placebo,0.05,auroc_decline_vs_rest,361,0.1875
placebo,0.05,auroc_decline_vs_rest,362,0.8125
placebo,0.05,auroc_decline_vs_rest,363,0.65625
placebo,0.05,auroc_decline_vs_rest,364,0.8125
placebo,0.05,auroc_decline_vs_rest,365,0.84375
placebo,0.05,auroc_decline_vs_rest,366,0.375
placebo,0.05,auroc_decline_vs_rest,367,0.78125
placebo,0.05,auroc_decline_vs_rest,368,0.3125
placebo,0.05,auroc_decline_vs_rest,369,0.3125
placebo,0.05,auroc_decline_vs_rest,370,0.21875
placebo,0.05,auroc_decline_vs_rest,371,0.78125
placebo,0.05,auroc_decline_vs_rest,372,0.84375
placebo,0.05,auroc_decline_vs_rest,373,0.25
placebo,0.05,auroc_decline_vs_rest,374,0.1875
placebo,0.05,auroc_decline_vs_rest,375,0.34375
placebo,0.05,auroc_decline_vs_rest,376,0.8125
placebo,0.05,auroc_decline_vs_rest,377,0.8125
placebo,0.05,auroc_decline_vs_rest,378,0.21875
placebo,0.05,auroc_decline_vs_rest,379,0.25
placebo,0.05,auroc_decline_vs_rest,380,0.8125
placebo,0.05,auroc_decline_vs_rest,381,0.8125
placebo,0.05,auroc_decline_vs_rest,382,0.75
placebo,0.05,auroc_decline_vs_rest,383,0.4375
placebo,0.05,auroc_decline_vs_rest,384,0.3125
placebo,0.05,auroc_decline_vs_rest,385,0.8125
placebo,0.05,auroc_decline_vs_rest,386,0.3125
placebo,0.05,auroc_decline_vs_rest,387,0.46875
placebo,0.05,auroc_decline_vs_rest,388,0.3125
placebo,0.05,auroc_decline_vs_rest,389,0.8125
placebo,0.05,auroc_decline_vs_rest,390,0.84375
placebo,0.05,auroc_decline_vs_rest,391,0.28125
placebo,0.05,auroc_decline_vs_rest,392,0.65625
placebo,0.05,auroc_decline_vs_rest,393,0.40625
placebo,0.05,auroc_decline_vs_rest,394,0.21875
placebo,0.05,auroc_decline_vs_rest,395,0.90625
placebo,0.05,auroc_decline_vs_rest,396,0.71875
placebo,0.05,auroc_decline_vs_rest,397,0.34375
placebo,0.05,auroc_decline_vs_rest,398,0.75
placebo,0.05,auroc_decline_vs_rest,399,0.8125
placebo,0.05,auroc_decline_vs_rest,400,0.375
placebo,0.05,auroc_decline_vs_rest,401,0.28125
placebo,0.05,auroc_decline_vs_rest,402,0.28125
placebo,0.05,auroc_decline_vs_rest,403,0.40625
placebo,0.05,auroc_decline_vs_rest,404,0.65625
placebo,0.05,auroc_decline_vs_rest,405,0.84375
placebo,0.05,auroc_decline_vs_rest,406,0.8125
placebo,0.05,auroc_decline_vs_rest,407,0.21875
placebo,0.05,auroc_decline_vs_rest,408,0.6875
placebo,0.05,auroc_decline_vs_rest,409,0.8125
placebo,0.05,auroc_decline_vs_rest,410,0.8125
placebo,0.05,auroc_decline_vs_rest,411,0.8125
placebo,0.05,auroc_decline_vs_rest,412,0.84375
placebo,0.05,auroc_decline_vs_rest,413,0.25
placebo,0.05,auroc_decline_vs_rest,414,0.21875
placebo,0.05,auroc_decline_vs_rest,415,0.65625
placebo,0.05,auroc_decline_vs_rest,416,0.28125
placebo,0.05,auroc_decline_vs_rest,417,0.65625
placebo,0.05,auroc_decline_vs_rest,418,0.375
placebo,0.05,auroc_decline_vs_rest,419,0.65625
placebo,0.05,auroc_decline_vs_rest,420,0.78125
placebo,0.05,auroc_decline_vs_rest,421,0.6875
placebo,0.05,auroc_decline_vs_rest,422,0.84375
placebo,0.05,auroc_decline_vs_rest,423,0.71875
placebo,0.05,auroc_decline_vs_rest,424,0.8125
placebo,0.05,auroc_decline_vs_rest,425,0.21875
placebo,0.05,auroc_decline_vs_rest,426,0.3125
placebo,0.05,auroc_decline_vs_rest,427,0.625
placebo,0.05,auroc_decline_vs_rest,428,0.71875
placebo,0.05,auroc_decline_vs_rest,429,0.6875
placebo,0.05,auroc_decline_vs_rest,430,0.28125
placebo,0.05,auroc_decline_vs_rest,431,0.25
placebo,0.05,auroc_decline_vs_rest,432,0.6875
placebo,0.05,auroc_decline_vs_rest,433,0.15625
placebo,0.05,auroc_decline_vs_rest,434,0.8125
placebo,0.05,auroc_decline_vs_rest,435,0.34375
placebo,0.05,auroc_decline_vs_rest,436,0.3125
placebo,0.05,auroc_decline_vs_rest,437,0.28125
placebo,0.05,auroc_decline_vs_rest,438,0.75
placebo,0.05,auroc_decline_vs_rest,439,0.40625
placebo,0.05,auroc_decline_vs_rest,440,0.375
placebo,0.05,auroc_decline_vs_rest,441,0.1875
placebo,0.05,auroc_decline_vs_rest,442,0.78125
placebo,0.05,auroc_decline_vs_rest,443,0.28125
placebo,0.05,auroc_decline_vs_rest,444,0.78125
placebo,0.05,auroc_decline_vs_rest,445,0.4375
placebo,0.05,auroc_decline_vs_rest,446,0.75
placebo,0.05,auroc_decline_vs_rest,447,0.78125
placebo,0.05,auroc_decline_vs_rest,448,0.21875
placebo,0.05,auroc_decline_vs_rest,449,0.25
placebo,0.05,auroc_decline_vs_rest,450,0.71875
placebo,0.05,auroc_decline_vs_rest,451,0.71875
placebo,0.05,auroc_decline_vs_rest,452,0.71875
placebo,0.05,auroc_decline_vs_rest,453,0.25
placebo,0.05,auroc_decline_vs_rest,454,0.28125
placebo,0.05,auroc_decline_vs_rest,455,0.84375
placebo,0.05,auroc_decline_vs_rest,456,0.75
placebo,0.05,auroc_decline_vs_rest,457,0.65625
placebo,0.05,auroc_decline_vs_rest,458,0.75
placebo,0.05,auroc_decline_vs_rest,459,0.25
placebo,0.05,auroc_decline_vs_rest,460,0.28125
placebo,0.05,auroc_decline_vs_rest,461,0.71875
placebo,0.05,auroc_decline_vs_rest,462,0.21875
placebo,0.05,auroc_decline_vs_rest,463,0.28125
placebo,0.05,auroc_decline_vs_rest,464,0.3125
placebo,0.05,auroc_decline_vs_rest,465,0.4375
placebo,0.05,auroc_decline_vs_rest,466,0.34375
placebo,0.05,auroc_decline_vs_rest,467,0.34375
placebo,0.05,auroc_decline_vs_rest,468,0.75
placebo,0.05,auroc_decline_vs_rest,469,0.71875
placebo,0.05,auroc_decline_vs_rest,470,0.25
placebo,0.05,auroc_decline_vs_rest,471,0.34375
placebo,0.05,auroc_decline_vs_rest,472,0.34375
placebo,0.05,auroc_decline_vs_rest,473,0.71875
placebo,0.05,auroc_decline_vs_rest,474,0.34375
placebo,0.05,auroc_decline_vs_rest,475,0.25
placebo,0.05,auroc_decline_vs_rest,476,0.3125
placebo,0.05,auroc_decline_vs_rest,477,0.25
placebo,0.05,auroc_decline_vs_rest,478,0.25
placebo,0.05,auroc_decline_vs_rest,479,0.375
placebo,0.05,auroc_decline_vs_rest,480,0.28125
placebo,0.05,auroc_decline_vs_rest,481,0.65625
placebo,0.05,auroc_decline_vs_rest,482,0.375
placebo,0.05,auroc_decline_vs_rest,483,0.71875
placebo,0.05,auroc_decline_vs_rest,484,0.25
placebo,0.05,auroc_decline_vs_rest,485,0.65625
placebo,0.05,auroc_decline_vs_rest,486,0.1875
placebo,0.05,auroc_decline_vs_rest,487,0.71875
placebo,0.05,auroc_decline_vs_rest,488,0.3125
placebo,0.05,auroc_decline_vs_rest,489,0.71875
placebo,0.05,auroc_decline_vs_rest,490,0.375
placebo,0.05,auroc_decline_vs_rest,491,0.21875
placebo,0.05,auroc_decline_vs_rest,492,0.3125
placebo,0.05,auroc_decline_vs_rest,493,0.125
placebo,0.05,auroc_decline_vs_rest,494,0.4375
placebo,0.05,auroc_decline_vs_rest,495,0.21875
placebo,0.05,auroc_decline_vs_rest,496,0.34375
placebo,0.05,auroc_decline_vs_rest,497,0.8125
placebo,0.05,auroc_decline_vs_rest,498,0.25
placebo,0.05,auroc_decline_vs_rest,499,0.78125
placebo,0.05,auroc_decline_vs_rest,500,0.84375
placebo,0.05,auroc_decline_vs_rest,501,0.5
placebo,0.05,auroc_decline_vs_rest,502,0.375
placebo,0.05,auroc_decline_vs_rest,503,0.28125
placebo,0.05,auroc_decline_vs_rest,504,0.375
placebo,0.05,auroc_decline_vs_rest,505,0.34375
placebo,0.05,auroc_decline_vs_rest,506,0.78125
placebo,0.05,auroc_decline_vs_rest,507,0.75
placebo,0.05,auroc_decline_vs_rest,508,0.8125
placebo,0.05,auroc_decline_vs_rest,509,0.5
placebo,0.05,auroc_decline_vs_rest,510,0.28125
placebo,0.05,auroc_decline_vs_rest,511,0.3125
null,0.0,auroc_decline_vs_increase,0,0.45714285714285713
null,0.0,auroc_decline_vs_increase,1,0.7142857142857143
null,0.0,auroc_decline_vs_increase,2,0.37142857142857144
null,0.0,auroc_decline_vs_increase,3,0.4857142857142857
null,0.0,auroc_decline_vs_increase,4,0.5428571428571428
null,0.0,auroc_decline_vs_increase,5,0.6857142857142857
null,0.0,auroc_decline_vs_increase,6,0.7428571428571429
null,0.0,auroc_decline_vs_increase,7,0.6571428571428571
null,0.0,auroc_decline_vs_increase,8,0.8571428571428571
null,0.0,auroc_decline_vs_increase,9,0.4
null,0.0,auroc_decline_vs_increase,10,0.7142857142857143
null,0.0,auroc_decline_vs_increase,11,0.6285714285714286
null,0.0,auroc_decline_vs_increase,12,0.45714285714285713
null,0.0,auroc_decline_vs_increase,13,0.7714285714285715
null,0.0,auroc_decline_vs_increase,14,0.6
null,0.0,auroc_decline_vs_increase,15,0.6857142857142857
null,0.0,auroc_decline_vs_increase,16,0.34285714285714286
null,0.0,auroc_decline_vs_increase,17,0.6571428571428571
null,0.0,auroc_decline_vs_increase,18,0.5714285714285714
null,0.0,auroc_decline_vs_increase,19,0.3142857142857143
null,0.0,auroc_decline_vs_increase,20,0.3142857142857143
null,0.0,auroc_decline_vs_increase,21,0.14285714285714285
null,0.0,auroc_decline_vs_increase,22,0.7428571428571429
null,0.0,auroc_decline_vs_increase,23,0.6571428571428571
null,0.0,auroc_decline_vs_increase,24,0.45714285714285713
null,0.0,auroc_decline_vs_increase,25,0.7428571428571429
null,0.0,auroc_decline_vs_increase,26,0.9142857142857143
null,0.0,auroc_decline_vs_increase,27,0.7428571428571429
null,0.0,auroc_decline_vs_increase,28,0.45714285714285713
null,0.0,auroc_decline_vs_increase,29,0.7428571428571429
null,0.0,auroc_decline_vs_increase,30,0.45714285714285713
null,0.0,auroc_decline_vs_increase,31,0.6857142857142857
null,0.0,auroc_decline_vs_increase,32,0.6857142857142857
null,0.0,auroc_decline_vs_increase,33,0.6
null,0.0,auroc_decline_vs_increase,34,0.5142857142857142
null,0.0,auroc_decline_vs_increase,35,0.2857142857142857
null,0.0,auroc_decline_vs_increase,36,0.9142857142857143
null,0.0,auroc_decline_vs_increase,37,0.2571428571428571
null,0.0,auroc_decline_vs_increase,38,0.42857142857142855
null,0.0,auroc_decline_vs_increase,39,1.0
null,0.0,auroc_decline_vs_increase,40,0.5714285714285714
null,0.0,auroc_decline_vs_increase,41,0.9714285714285714
null,0.0,auroc_decline_vs_increase,42,0.7428571428571429
null,0.0,auroc_decline_vs_increase,43,0.17142857142857143
null,0.0,auroc_decline_vs_increase,44,0.45714285714285713
null,0.0,auroc_decline_vs_increase,45,0.34285714285714286
null,0.0,auroc_decline_vs_increase,46,0.6857142857142857
null,0.0,auroc_decline_vs_increase,47,0.5714285714285714
null,0.0,auroc_decline_vs_increase,48,0.4857142857142857
null,0.0,auroc_decline_vs_increase,49,0.6285714285714286
null,0.0,auroc_decline_vs_increase,50,0.5142857142857142
null,0.0,auroc_decline_vs_increase,51,0.7428571428571429
null,0.0,auroc_decline_vs_increase,52,0.45714285714285713
null,0.0,auroc_decline_vs_increase,53,0.5714285714285714
null,0.0,auroc_decline_vs_increase,54,0.6
null,0.0,auroc_decline_vs_increase,55,0.6857142857142857
null,0.0,auroc_decline_vs_increase,56,0.45714285714285713
null,0.0,auroc_decline_vs_increase,57,0.5142857142857142
null,0.0,auroc_decline_vs_increase,58,0.8571428571428571
null,0.0,auroc_decline_vs_increase,59,0.7142857142857143
null,0.0,auroc_decline_vs_increase,60,0.3142857142857143
null,0.0,auroc_decline_vs_increase,61,0.6
null,0.0,auroc_decline_vs_increase,62,0.5428571428571428
null,0.0,auroc_decline_vs_increase,63,0.3142857142857143
null,0.0,auroc_decline_vs_increase,64,0.4857142857142857
null,0.0,auroc_decline_vs_increase,65,0.42857142857142855
null,0.0,auroc_decline_vs_increase,66,0.5142857142857142
null,0.0,auroc_decline_vs_increase,67,0.45714285714285713
null,0.0,auroc_decline_vs_increase,68,0.9142857142857143
null,0.0,auroc_decline_vs_increase,69,0.4857142857142857
null,0.0,auroc_decline_vs_increase,70,0.4857142857142857
null,0.0,auroc_decline_vs_increase,71,0.8
null,0.0,auroc_decline_vs_increase,72,0.5142857142857142
null,0.0,auroc_decline_vs_increase,73,0.6
null,0.0,auroc_decline_vs_increase,74,0.5142857142857142
null,0.0,auroc_decline_vs_increase,75,0.7142857142857143
null,0.0,auroc_decline_vs_increase,76,0.4
null,0.0,auroc_decline_vs_increase,77,0.2571428571428571
null,0.0,auroc_decline_vs_increase,78,0.2571428571428571
null,0.0,auroc_decline_vs_increase,79,0.7428571428571429
null,0.0,auroc_decline_vs_increase,80,0.2571428571428571
null,0.0,auroc_decline_vs_increase,81,0.45714285714285713
null,0.0,auroc_decline_vs_increase,82,0.6285714285714286
null,0.0,auroc_decline_vs_increase,83,0.17142857142857143
null,0.0,auroc_decline_vs_increase,84,1.0
null,0.0,auroc_decline_vs_increase,85,0.2571428571428571
null,0.0,auroc_decline_vs_increase,86,0.4857142857142857
null,0.0,auroc_decline_vs_increase,87,0.6571428571428571
null,0.0,auroc_decline_vs_increase,88,0.42857142857142855
null,0.0,auroc_decline_vs_increase,89,0.3142857142857143
null,0.0,auroc_decline_vs_increase,90,0.2
null,0.0,auroc_decline_vs_increase,91,0.6857142857142857
null,0.0,auroc_decline_vs_increase,92,0.2
null,0.0,auroc_decline_vs_increase,93,0.8285714285714286
null,0.0,auroc_decline_vs_increase,94,0.5142857142857142
null,0.0,auroc_decline_vs_increase,95,0.42857142857142855
null,0.0,auroc_decline_vs_increase,96,0.8285714285714286
null,0.0,auroc_decline_vs_increase,97,0.45714285714285713
null,0.0,auroc_decline_vs_increase,98,0.7428571428571429
null,0.0,auroc_decline_vs_increase,99,0.7142857142857143
null,0.0,auroc_decline_vs_increase,100,0.42857142857142855
null,0.0,auroc_decline_vs_increase,101,0.9142857142857143
null,0.0,auroc_decline_vs_increase,102,0.5428571428571428
null,0.0,auroc_decline_vs_increase,103,0.4857142857142857
null,0.0,auroc_decline_vs_increase,104,0.8285714285714286
null,0.0,auroc_decline_vs_increase,105,0.9142857142857143
null,0.0,auroc_decline_vs_increase,106,0.9142857142857143
null,0.0,auroc_decline_vs_increase,107,0.4
null,0.0,auroc_decline_vs_increase,108,0.5428571428571428
null,0.0,auroc_decline_vs_increase,109,0.8571428571428571
null,0.0,auroc_decline_vs_increase,110,0.6571428571428571
null,0.0,auroc_decline_vs_increase,111,0.8
null,0.0,auroc_decline_vs_increase,112,0.34285714285714286
null,0.0,auroc_decline_vs_increase,113,0.5428571428571428
null,0.0,auroc_decline_vs_increase,114,0.4
null,0.0,auroc_decline_vs_increase,115,0.4
null,0.0,auroc_decline_vs_increase,116,0.2571428571428571
null,0.0,auroc_decline_vs_increase,117,0.4
null,0.0,auroc_decline_vs_increase,118,0.8857142857142857
null,0.0,auroc_decline_vs_increase,119,0.37142857142857144
null,0.0,auroc_decline_vs_increase,120,0.6571428571428571
null,0.0,auroc_decline_vs_increase,121,0.42857142857142855
null,0.0,auroc_decline_vs_increase,122,0.4857142857142857
null,0.0,auroc_decline_vs_increase,123,0.5428571428571428
null,0.0,auroc_decline_vs_increase,124,0.6285714285714286
null,0.0,auroc_decline_vs_increase,125,0.14285714285714285
null,0.0,auroc_decline_vs_increase,126,0.6571428571428571
null,0.0,auroc_decline_vs_increase,127,0.5142857142857142
null,0.0,auroc_decline_vs_increase,128,0.4857142857142857
null,0.0,auroc_decline_vs_increase,129,0.45714285714285713
null,0.0,auroc_decline_vs_increase,130,0.6857142857142857
null,0.0,auroc_decline_vs_increase,131,0.7142857142857143
null,0.0,auroc_decline_vs_increase,132,0.45714285714285713
null,0.0,auroc_decline_vs_increase,133,0.4857142857142857
null,0.0,auroc_decline_vs_increase,134,0.6285714285714286
null,0.0,auroc_decline_vs_increase,135,0.6857142857142857
null,0.0,auroc_decline_vs_increase,136,0.45714285714285713
null,0.0,auroc_decline_vs_increase,137,0.7142857142857143
null,0.0,auroc_decline_vs_increase,138,0.7428571428571429
null,0.0,auroc_decline_vs_increase,139,0.6
null,0.0,auroc_decline_vs_increase,140,0.6
null,0.0,auroc_decline_vs_increase,141,0.42857142857142855
null,0.0,auroc_decline_vs_increase,142,0.5428571428571428
null,0.0,auroc_decline_vs_increase,143,0.6285714285714286
null,0.0,auroc_decline_vs_increase,144,0.6571428571428571
null,0.0,auroc_decline_vs_increase,145,0.34285714285714286
null,0.0,auroc_decline_vs_increase,146,0.5714285714285714
null,0.0,auroc_decline_vs_increase,147,0.8571428571428571
null,0.0,auroc_decline_vs_increase,148,0.5714285714285714
null,0.0,auroc_decline_vs_increase,149,0.2857142857142857
null,0.0,auroc_decline_vs_increase,150,0.42857142857142855
null,0.0,auroc_decline_vs_increase,151,0.22857142857142856
null,0.0,auroc_decline_vs_increase,152,0.3142857142857143
null,0.0,auroc_decline_vs_increase,153,0.7142857142857143
null,0.0,auroc_decline_vs_increase,154,0.3142857142857143
null,0.0,auroc_decline_vs_increase,155,0.5714285714285714
null,0.0,auroc_decline_vs_increase,156,0.8285714285714286
null,0.0,auroc_decline_vs_increase,157,0.4857142857142857
null,0.0,auroc_decline_vs_increase,158,0.2857142857142857
null,0.0,auroc_decline_vs_increase,159,0.34285714285714286
null,0.0,auroc_decline_vs_increase,160,0.6285714285714286
null,0.0,auroc_decline_vs_increase,161,0.4857142857142857
null,0.0,auroc_decline_vs_increase,162,0.5714285714285714
null,0.0,auroc_decline_vs_increase,163,0.5428571428571428
null,0.0,auroc_decline_vs_increase,164,0.6571428571428571
null,0.0,auroc_decline_vs_increase,165,0.6
null,0.0,auroc_decline_vs_increase,166,0.5142857142857142
null,0.0,auroc_decline_vs_increase,167,0.6285714285714286
null,0.0,auroc_decline_vs_increase,168,0.42857142857142855
null,0.0,auroc_decline_vs_increase,169,0.7142857142857143
null,0.0,auroc_decline_vs_increase,170,0.45714285714285713
null,0.0,auroc_decline_vs_increase,171,0.6
null,0.0,auroc_decline_vs_increase,172,0.3142857142857143
null,0.0,auroc_decline_vs_increase,173,0.6285714285714286
null,0.0,auroc_decline_vs_increase,174,0.5714285714285714
null,0.0,auroc_decline_vs_increase,175,0.42857142857142855
null,0.0,auroc_decline_vs_increase,176,0.6285714285714286
null,0.0,auroc_decline_vs_increase,177,0.6571428571428571
null,0.0,auroc_decline_vs_increase,178,0.5428571428571428
null,0.0,auroc_decline_vs_increase,179,0.6571428571428571
null,0.0,auroc_decline_vs_increase,180,0.5142857142857142
null,0.0,auroc_decline_vs_increase,181,0.9142857142857143
null,0.0,auroc_decline_vs_increase,182,0.4
null,0.0,auroc_decline_vs_increase,183,0.4857142857142857
null,0.0,auroc_decline_vs_increase,184,0.8857142857142857
null,0.0,auroc_decline_vs_increase,185,0.45714285714285713
null,0.0,auroc_decline_vs_increase,186,0.8
null,0.0,auroc_decline_vs_increase,187,0.3142857142857143
null,0.0,auroc_decline_vs_increase,188,0.8285714285714286
null,0.0,auroc_decline_vs_increase,189,0.45714285714285713
null,0.0,auroc_decline_vs_increase,190,0.6571428571428571
null,0.0,auroc_decline_vs_increase,191,0.8285714285714286
null,0.0,auroc_decline_vs_increase,192,0.42857142857142855
null,0.0,auroc_decline_vs_increase,193,0.6571428571428571
null,0.0,auroc_decline_vs_increase,194,0.37142857142857144
null,0.0,auroc_decline_vs_increase,195,0.34285714285714286
null,0.0,auroc_decline_vs_increase,196,0.7714285714285715
null,0.0,auroc_decline_vs_increase,197,0.42857142857142855
null,0.0,auroc_decline_vs_increase,198,0.5428571428571428
null,0.0,auroc_decline_vs_increase,199,0.5428571428571428
null,0.0,auroc_decline_vs_increase,200,0.42857142857142855
null,0.0,auroc_decline_vs_increase,201,0.6
null,0.0,auroc_decline_vs_increase,202,0.5714285714285714
null,0.0,auroc_decline_vs_increase,203,0.8857142857142857
null,0.0,auroc_decline_vs_increase,204,0.5428571428571428
null,0.0,auroc_decline_vs_increase,205,0.5714285714285714
null,0.0,auroc_decline_vs_increase,206,0.5142857142857142
null,0.0,auroc_decline_vs_increase,207,0.6571428571428571
null,0.0,auroc_decline_vs_increase,208,0.7714285714285715
null,0.0,auroc_decline_vs_increase,209,0.7142857142857143
null,0.0,auroc_decline_vs_increase,210,0.42857142857142855
null,0.0,auroc_decline_vs_increase,211,0.5714285714285714
null,0.0,auroc_decline_vs_increase,212,0.37142857142857144
null,0.0,auroc_decline_vs_increase,213,0.34285714285714286
null,0.0,auroc_decline_vs_increase,214,0.37142857142857144
null,0.0,auroc_decline_vs_increase,215,0.14285714285714285
null,0.0,auroc_decline_vs_increase,216,0.4
null,0.0,auroc_decline_vs_increase,217,0.5428571428571428
null,0.0,auroc_decline_vs_increase,218,0.5714285714285714
null,0.0,auroc_decline_vs_increase,219,0.5142857142857142
null,0.0,auroc_decline_vs_increase,220,0.45714285714285713
null,0.0,auroc_decline_vs_increase,221,0.5142857142857142
null,0.0,auroc_decline_vs_increase,222,0.37142857142857144
null,0.0,auroc_decline_vs_increase,223,0.2571428571428571
null,0.0,auroc_decline_vs_increase,224,0.3142857142857143
null,0.0,auroc_decline_vs_increase,225,0.4857142857142857
null,0.0,auroc_decline_vs_increase,226,0.4
null,0.0,auroc_decline_vs_increase,227,0.5714285714285714
null,0.0,auroc_decline_vs_increase,228,0.6285714285714286
null,0.0,auroc_decline_vs_increase,229,0.5714285714285714
null,0.0,auroc_decline_vs_increase,230,0.6
null,0.0,auroc_decline_vs_increase,231,0.37142857142857144
null,0.0,auroc_decline_vs_increase,232,0.4857142857142857
null,0.0,auroc_decline_vs_increase,233,0.6
null,0.0,auroc_decline_vs_increase,234,0.8571428571428571
null,0.0,auroc_decline_vs_increase,235,0.5714285714285714
null,0.0,auroc_decline_vs_increase,236,0.22857142857142856
null,0.0,auroc_decline_vs_increase,237,0.4857142857142857
null,0.0,auroc_decline_vs_increase,238,0.9142857142857143
null,0.0,auroc_decline_vs_increase,239,0.45714285714285713
null,0.0,auroc_decline_vs_increase,240,0.37142857142857144
null,0.0,auroc_decline_vs_increase,241,0.5714285714285714
null,0.0,auroc_decline_vs_increase,242,0.42857142857142855
null,0.0,auroc_decline_vs_increase,243,0.45714285714285713
null,0.0,auroc_decline_vs_increase,244,0.8571428571428571
null,0.0,auroc_decline_vs_increase,245,0.5142857142857142
null,0.0,auroc_decline_vs_increase,246,0.4
null,0.0,auroc_decline_vs_increase,247,0.6571428571428571
null,0.0,auroc_decline_vs_increase,248,0.34285714285714286
null,0.0,auroc_decline_vs_increase,249,0.6857142857142857
null,0.0,auroc_decline_vs_increase,250,0.45714285714285713
null,0.0,auroc_decline_vs_increase,251,0.5714285714285714
null,0.0,auroc_decline_vs_increase,252,0.5714285714285714
null,0.0,auroc_decline_vs_increase,253,0.8285714285714286
null,0.0,auroc_decline_vs_increase,254,0.5428571428571428
null,0.0,auroc_decline_vs_increase,255,0.7428571428571429
null,0.0,auroc_decline_vs_increase,256,0.6571428571428571
null,0.0,auroc_decline_vs_increase,257,0.6571428571428571
null,0.0,auroc_decline_vs_increase,258,0.42857142857142855
null,0.0,auroc_decline_vs_increase,259,1.0
null,0.0,auroc_decline_vs_increase,260,0.5428571428571428
null,0.0,auroc_decline_vs_increase,261,0.7142857142857143
null,0.0,auroc_decline_vs_increase,262,0.3142857142857143
null,0.0,auroc_decline_vs_increase,263,0.6571428571428571
null,0.0,auroc_decline_vs_increase,264,0.9428571428571428
null,0.0,auroc_decline_vs_increase,265,0.4
null,0.0,auroc_decline_vs_increase,266,0.6571428571428571
null,0.0,auroc_decline_vs_increase,267,0.5142857142857142
null,0.0,auroc_decline_vs_increase,268,0.45714285714285713
null,0.0,auroc_decline_vs_increase,269,0.7428571428571429
null,0.0,auroc_decline_vs_increase,270,0.6857142857142857
null,0.0,auroc_decline_vs_increase,271,0.5714285714285714
null,0.0,auroc_decline_vs_increase,272,0.45714285714285713
null,0.0,auroc_decline_vs_increase,273,0.5714285714285714
null,0.0,auroc_decline_vs_increase,274,0.3142857142857143
null,0.0,auroc_decline_vs_increase,275,0.5428571428571428
null,0.0,auroc_decline_vs_increase,276,0.8285714285714286
null,0.0,auroc_decline_vs_increase,277,0.5142857142857142
null,0.0,auroc_decline_vs_increase,278,0.34285714285714286
null,0.0,auroc_decline_vs_increase,279,0.5714285714285714
null,0.0,auroc_decline_vs_increase,280,0.5428571428571428
null,0.0,auroc_decline_vs_increase,281,0.6857142857142857
null,0.0,auroc_decline_vs_increase,282,0.7714285714285715
null,0.0,auroc_decline_vs_increase,283,0.6
null,0.0,auroc_decline_vs_increase,284,0.37142857142857144
null,0.0,auroc_decline_vs_increase,285,0.7714285714285715
null,0.0,auroc_decline_vs_increase,286,0.5714285714285714
null,0.0,auroc_decline_vs_increase,287,0.2
null,0.0,auroc_decline_vs_increase,288,0.4
null,0.0,auroc_decline_vs_increase,289,0.5428571428571428
null,0.0,auroc_decline_vs_increase,290,0.4
null,0.0,auroc_decline_vs_increase,291,0.6285714285714286
null,0.0,auroc_decline_vs_increase,292,0.5142857142857142
null,0.0,auroc_decline_vs_increase,293,0.7714285714285715
null,0.0,auroc_decline_vs_increase,294,0.8285714285714286
null,0.0,auroc_decline_vs_increase,295,0.6285714285714286
null,0.0,auroc_decline_vs_increase,296,0.9428571428571428
null,0.0,auroc_decline_vs_increase,297,0.22857142857142856
null,0.0,auroc_decline_vs_increase,298,0.4857142857142857
null,0.0,auroc_decline_vs_increase,299,0.34285714285714286
null,0.0,auroc_decline_vs_increase,300,0.5142857142857142
null,0.0,auroc_decline_vs_increase,301,0.6
null,0.0,auroc_decline_vs_increase,302,0.7428571428571429
null,0.0,auroc_decline_vs_increase,303,0.7714285714285715
null,0.0,auroc_decline_vs_increase,304,0.4857142857142857
null,0.0,auroc_decline_vs_increase,305,0.5142857142857142
null,0.0,auroc_decline_vs_increase,306,0.42857142857142855
null,0.0,auroc_decline_vs_increase,307,0.7428571428571429
null,0.0,auroc_decline_vs_increase,308,0.37142857142857144
null,0.0,auroc_decline_vs_increase,309,0.42857142857142855
null,0.0,auroc_decline_vs_increase,310,0.2571428571428571
null,0.0,auroc_decline_vs_increase,311,0.4857142857142857
null,0.0,auroc_decline_vs_increase,312,0.45714285714285713
null,0.0,auroc_decline_vs_increase,313,0.5142857142857142
null,0.0,auroc_decline_vs_increase,314,0.4857142857142857
null,0.0,auroc_decline_vs_increase,315,0.7714285714285715
null,0.0,auroc_decline_vs_increase,316,0.6857142857142857
null,0.0,auroc_decline_vs_increase,317,0.8285714285714286
null,0.0,auroc_decline_vs_increase,318,0.9142857142857143
null,0.0,auroc_decline_vs_increase,319,0.7714285714285715
null,0.0,auroc_decline_vs_increase,320,0.45714285714285713
null,0.0,auroc_decline_vs_increase,321,0.8
null,0.0,auroc_decline_vs_increase,322,0.5714285714285714
null,0.0,auroc_decline_vs_increase,323,0.8
null,0.0,auroc_decline_vs_increase,324,0.34285714285714286
null,0.0,auroc_decline_vs_increase,325,0.7428571428571429
null,0.0,auroc_decline_vs_increase,326,0.7428571428571429
null,0.0,auroc_decline_vs_increase,327,0.45714285714285713
null,0.0,auroc_decline_vs_increase,328,0.5142857142857142
null,0.0,auroc_decline_vs_increase,329,0.8285714285714286
null,0.0,auroc_decline_vs_increase,330,0.45714285714285713
null,0.0,auroc_decline_vs_increase,331,0.5714285714285714
null,0.0,auroc_decline_vs_increase,332,0.6571428571428571
null,0.0,auroc_decline_vs_increase,333,0.7714285714285715
null,0.0,auroc_decline_vs_increase,334,0.6
null,0.0,auroc_decline_vs_increase,335,0.6
null,0.0,auroc_decline_vs_increase,336,0.4857142857142857
null,0.0,auroc_decline_vs_increase,337,0.4857142857142857
null,0.0,auroc_decline_vs_increase,338,0.17142857142857143
null,0.0,auroc_decline_vs_increase,339,0.22857142857142856
null,0.0,auroc_decline_vs_increase,340,0.45714285714285713
null,0.0,auroc_decline_vs_increase,341,0.7428571428571429
null,0.0,auroc_decline_vs_increase,342,0.42857142857142855
null,0.0,auroc_decline_vs_increase,343,0.4857142857142857
null,0.0,auroc_decline_vs_increase,344,0.5142857142857142
null,0.0,auroc_decline_vs_increase,345,0.6
null,0.0,auroc_decline_vs_increase,346,0.4857142857142857
null,0.0,auroc_decline_vs_increase,347,0.5142857142857142
null,0.0,auroc_decline_vs_increase,348,0.7428571428571429
null,0.0,auroc_decline_vs_increase,349,0.45714285714285713
null,0.0,auroc_decline_vs_increase,350,0.6
null,0.0,auroc_decline_vs_increase,351,0.5714285714285714
null,0.0,auroc_decline_vs_increase,352,0.5714285714285714
null,0.0,auroc_decline_vs_increase,353,0.5428571428571428
null,0.0,auroc_decline_vs_increase,354,0.2857142857142857
null,0.0,auroc_decline_vs_increase,355,0.5714285714285714
null,0.0,auroc_decline_vs_increase,356,0.4
null,0.0,auroc_decline_vs_increase,357,0.5142857142857142
null,0.0,auroc_decline_vs_increase,358,0.5428571428571428
null,0.0,auroc_decline_vs_increase,359,0.5428571428571428
null,0.0,auroc_decline_vs_increase,360,0.6
null,0.0,auroc_decline_vs_increase,361,0.42857142857142855
null,0.0,auroc_decline_vs_increase,362,0.8285714285714286
null,0.0,auroc_decline_vs_increase,363,0.5714285714285714
null,0.0,auroc_decline_vs_increase,364,0.6
null,0.0,auroc_decline_vs_increase,365,0.5714285714285714
null,0.0,auroc_decline_vs_increase,366,0.4857142857142857
null,0.0,auroc_decline_vs_increase,367,0.8285714285714286
null,0.0,auroc_decline_vs_increase,368,0.3142857142857143
null,0.0,auroc_decline_vs_increase,369,0.34285714285714286
null,0.0,auroc_decline_vs_increase,370,0.45714285714285713
null,0.0,auroc_decline_vs_increase,371,0.5428571428571428
null,0.0,auroc_decline_vs_increase,372,0.6857142857142857
null,0.0,auroc_decline_vs_increase,373,0.5714285714285714
null,0.0,auroc_decline_vs_increase,374,0.37142857142857144
null,0.0,auroc_decline_vs_increase,375,0.45714285714285713
null,0.0,auroc_decline_vs_increase,376,0.5714285714285714
null,0.0,auroc_decline_vs_increase,377,0.7714285714285715
null,0.0,auroc_decline_vs_increase,378,0.34285714285714286
null,0.0,auroc_decline_vs_increase,379,0.45714285714285713
null,0.0,auroc_decline_vs_increase,380,0.5714285714285714
null,0.0,auroc_decline_vs_increase,381,0.7142857142857143
null,0.0,auroc_decline_vs_increase,382,0.4857142857142857
null,0.0,auroc_decline_vs_increase,383,0.5428571428571428
null,0.0,auroc_decline_vs_increase,384,0.3142857142857143
null,0.0,auroc_decline_vs_increase,385,0.7428571428571429
null,0.0,auroc_decline_vs_increase,386,0.2857142857142857
null,0.0,auroc_decline_vs_increase,387,0.5142857142857142
null,0.0,auroc_decline_vs_increase,388,0.4
null,0.0,auroc_decline_vs_increase,389,0.7428571428571429
null,0.0,auroc_decline_vs_increase,390,0.6
null,0.0,auroc_decline_vs_increase,391,0.5428571428571428
null,0.0,auroc_decline_vs_increase,392,0.4857142857142857
null,0.0,auroc_decline_vs_increase,393,0.5714285714285714
null,0.0,auroc_decline_vs_increase,394,0.5142857142857142
null,0.0,auroc_decline_vs_increase,395,0.6857142857142857
null,0.0,auroc_decline_vs_increase,396,0.6857142857142857
null,0.0,auroc_decline_vs_increase,397,0.42857142857142855
null,0.0,auroc_decline_vs_increase,398,0.6571428571428571
null,0.0,auroc_decline_vs_increase,399,0.6
null,0.0,auroc_decline_vs_increase,400,0.45714285714285713
null,0.0,auroc_decline_vs_increase,401,0.4
null,0.0,auroc_decline_vs_increase,402,0.6571428571428571
null,0.0,auroc_decline_vs_increase,403,0.4857142857142857
null,0.0,auroc_decline_vs_increase,404,0.42857142857142855
null,0.0,auroc_decline_vs_increase,405,0.5428571428571428
null,0.0,auroc_decline_vs_increase,406,0.7142857142857143
null,0.0,auroc_decline_vs_increase,407,0.22857142857142856
null,0.0,auroc_decline_vs_increase,408,0.6285714285714286
null,0.0,auroc_decline_vs_increase,409,0.8857142857142857
null,0.0,auroc_decline_vs_increase,410,0.8
null,0.0,auroc_decline_vs_increase,411,0.6571428571428571
null,0.0,auroc_decline_vs_increase,412,0.9428571428571428
null,0.0,auroc_decline_vs_increase,413,0.4
null,0.0,auroc_decline_vs_increase,414,0.45714285714285713
null,0.0,auroc_decline_vs_increase,415,0.6857142857142857
null,0.0,auroc_decline_vs_increase,416,0.6285714285714286
null,0.0,auroc_decline_vs_increase,417,0.4857142857142857
null,0.0,auroc_decline_vs_increase,418,0.5142857142857142
null,0.0,auroc_decline_vs_increase,419,0.45714285714285713
null,0.0,auroc_decline_vs_increase,420,0.5142857142857142
null,0.0,auroc_decline_vs_increase,421,0.4857142857142857
null,0.0,auroc_decline_vs_increase,422,0.7428571428571429
null,0.0,auroc_decline_vs_increase,423,0.7428571428571429
null,0.0,auroc_decline_vs_increase,424,0.7714285714285715
null,0.0,auroc_decline_vs_increase,425,0.3142857142857143
null,0.0,auroc_decline_vs_increase,426,0.6571428571428571
null,0.0,auroc_decline_vs_increase,427,0.5714285714285714
null,0.0,auroc_decline_vs_increase,428,0.6857142857142857
null,0.0,auroc_decline_vs_increase,429,0.6857142857142857
null,0.0,auroc_decline_vs_increase,430,0.37142857142857144
null,0.0,auroc_decline_vs_increase,431,0.6285714285714286
null,0.0,auroc_decline_vs_increase,432,0.6857142857142857
null,0.0,auroc_decline_vs_increase,433,0.2
null,0.0,auroc_decline_vs_increase,434,0.6571428571428571
null,0.0,auroc_decline_vs_increase,435,0.3142857142857143
null,0.0,auroc_decline_vs_increase,436,0.4857142857142857
null,0.0,auroc_decline_vs_increase,437,0.45714285714285713
null,0.0,auroc_decline_vs_increase,438,0.42857142857142855
null,0.0,auroc_decline_vs_increase,439,0.7428571428571429
null,0.0,auroc_decline_vs_increase,440,0.5428571428571428
null,0.0,auroc_decline_vs_increase,441,0.45714285714285713
null,0.0,auroc_decline_vs_increase,442,0.5142857142857142
null,0.0,auroc_decline_vs_increase,443,0.34285714285714286
null,0.0,auroc_decline_vs_increase,444,0.8285714285714286
null,0.0,auroc_decline_vs_increase,445,0.5428571428571428
null,0.0,auroc_decline_vs_increase,446,0.7428571428571429
null,0.0,auroc_decline_vs_increase,447,0.7714285714285715
null,0.0,auroc_decline_vs_increase,448,0.37142857142857144
null,0.0,auroc_decline_vs_increase,449,0.4
null,0.0,auroc_decline_vs_increase,450,0.6
null,0.0,auroc_decline_vs_increase,451,0.6571428571428571
null,0.0,auroc_decline_vs_increase,452,0.6285714285714286
null,0.0,auroc_decline_vs_increase,453,0.3142857142857143
null,0.0,auroc_decline_vs_increase,454,0.5428571428571428
null,0.0,auroc_decline_vs_increase,455,0.8285714285714286
null,0.0,auroc_decline_vs_increase,456,0.9142857142857143
null,0.0,auroc_decline_vs_increase,457,0.5142857142857142
null,0.0,auroc_decline_vs_increase,458,0.45714285714285713
null,0.0,auroc_decline_vs_increase,459,0.5714285714285714
null,0.0,auroc_decline_vs_increase,460,0.5714285714285714
null,0.0,auroc_decline_vs_increase,461,0.6571428571428571
null,0.0,auroc_decline_vs_increase,462,0.2857142857142857
null,0.0,auroc_decline_vs_increase,463,0.34285714285714286
null,0.0,auroc_decline_vs_increase,464,0.2
null,0.0,auroc_decline_vs_increase,465,0.5428571428571428
null,0.0,auroc_decline_vs_increase,466,0.4
null,0.0,auroc_decline_vs_increase,467,0.6571428571428571
null,0.0,auroc_decline_vs_increase,468,0.45714285714285713
null,0.0,auroc_decline_vs_increase,469,0.8857142857142857
null,0.0,auroc_decline_vs_increase,470,0.7714285714285715
null,0.0,auroc_decline_vs_increase,471,0.2857142857142857
null,0.0,auroc_decline_vs_increase,472,0.4857142857142857
null,0.0,auroc_decline_vs_increase,473,0.7142857142857143
null,0.0,auroc_decline_vs_increase,474,0.5142857142857142
null,0.0,auroc_decline_vs_increase,475,0.42857142857142855
null,0.0,auroc_decline_vs_increase,476,0.5428571428571428
null,0.0,auroc_decline_vs_increase,477,0.5142857142857142
null,0.0,auroc_decline_vs_increase,478,0.37142857142857144
null,0.0,auroc_decline_vs_increase,479,0.4857142857142857
null,0.0,auroc_decline_vs_increase,480,0.4
null,0.0,auroc_decline_vs_increase,481,0.6285714285714286
null,0.0,auroc_decline_vs_increase,482,0.6571428571428571
null,0.0,auroc_decline_vs_increase,483,0.7714285714285715
null,0.0,auroc_decline_vs_increase,484,0.6571428571428571
null,0.0,auroc_decline_vs_increase,485,0.37142857142857144
null,0.0,auroc_decline_vs_increase,486,0.22857142857142856
null,0.0,auroc_decline_vs_increase,487,0.7142857142857143
null,0.0,auroc_decline_vs_increase,488,0.6285714285714286
null,0.0,auroc_decline_vs_increase,489,0.6
null,0.0,auroc_decline_vs_increase,490,0.45714285714285713
null,0.0,auroc_decline_vs_increase,491,0.6857142857142857
null,0.0,auroc_decline_vs_increase,492,0.6571428571428571
null,0.0,auroc_decline_vs_increase,493,0.2857142857142857
null,0.0,auroc_decline_vs_increase,494,0.4
null,0.0,auroc_decline_vs_increase,495,0.17142857142857143
null,0.0,auroc_decline_vs_increase,496,0.6
null,0.0,auroc_decline_vs_increase,497,0.5714285714285714
null,0.0,auroc_decline_vs_increase,498,0.45714285714285713
null,0.0,auroc_decline_vs_increase,499,0.5428571428571428
null,0.0,auroc_decline_vs_increase,500,0.9428571428571428
null,0.0,auroc_decline_vs_increase,501,0.6285714285714286
null,0.0,auroc_decline_vs_increase,502,0.6
null,0.0,auroc_decline_vs_increase,503,0.2857142857142857
null,0.0,auroc_decline_vs_increase,504,0.5428571428571428
null,0.0,auroc_decline_vs_increase,505,0.4
null,0.0,auroc_decline_vs_increase,506,0.6
null,0.0,auroc_decline_vs_increase,507,0.5714285714285714
null,0.0,auroc_decline_vs_increase,508,0.8571428571428571
null,0.0,auroc_decline_vs_increase,509,0.5428571428571428
null,0.0,auroc_decline_vs_increase,510,0.22857142857142856
null,0.0,auroc_decline_vs_increase,511,0.6285714285714286
null,0.0,spearman,0,-0.06832474665163193
null,0.0,spearman,1,0.20287194005792253
null,0.0,spearman,2,-0.14716099278813033
null,0.0,spearman,3,0.0767339462395251
null,0.0,spearman,4,-0.027329898660652774
null,0.0,spearman,5,0.18920699072759614
null,0.0,spearman,6,0.31954958433994013
null,0.0,spearman,7,0.3836697311976255
null,0.0,spearman,8,0.5192680745524028
null,0.0,spearman,9,-0.011562649433353098
null,0.0,spearman,10,0.28486163603988085
null,0.0,spearman,11,0.02417644881519284
null,0.0,spearman,12,-0.06201784696071207
null,0.0,spearman,13,0.35213523274302616
null,0.0,spearman,14,0.2585828873277147
null,0.0,spearman,15,0.2764524364519877
null,0.0,spearman,16,-0.1881558407791095
null,0.0,spearman,17,0.22284378907916877
null,0.0,spearman,18,-0.0010511499484866453
null,0.0,spearman,19,-0.32900993387631994
null,0.0,spearman,20,-0.14295639299418375
null,0.0,spearman,21,-0.46145482738563726
null,0.0,spearman,22,0.4046927301673584
null,0.0,spearman,23,0.20182079010943588
null,0.0,spearman,24,-0.0767339462395251
null,0.0,spearman,25,0.35739098248545936
null,0.0,spearman,26,0.5318818739342425
null,0.0,spearman,27,0.27329898660652774
null,0.0,spearman,28,0.03784139814551923
null,0.0,spearman,29,0.4698640269735304
null,0.0,spearman,30,-0.06832474665163193
null,0.0,spearman,31,0.20182079010943588
null,0.0,spearman,32,0.12508684386991079
null,0.0,spearman,33,0.19446274047002937
null,0.0,spearman,34,0.10196154500320459
null,0.0,spearman,35,-0.4025904302703851
null,0.0,spearman,36,0.46145482738563726
null,0.0,spearman,37,-0.29432198557626066
null,0.0,spearman,38,-0.1744908914487831
null,0.0,spearman,39,0.6296388191435005
null,0.0,spearman,40,0.24491793799738834
null,0.0,spearman,41,0.601257770534361
null,0.0,spearman,42,0.2186391892852222
null,0.0,spearman,43,-0.41520422965222487
null,0.0,spearman,44,-0.1419052430456971
null,0.0,spearman,45,-0.2070765398518691
null,0.0,spearman,46,0.14505869289115703
null,0.0,spearman,47,0.18079779113970298
null,0.0,spearman,48,0.025227598763679485
null,0.0,spearman,49,0.07252934644557851
null,0.0,spearman,50,-0.006306899690919871
null,0.0,spearman,51,0.40784618001281836
null,0.0,spearman,52,-0.1881558407791095
null,0.0,spearman,53,0.06096669701222542
null,0.0,spearman,54,0.14295639299418375
null,0.0,spearman,55,0.28696393593685415
null,0.0,spearman,56,0.09670579526077136
null,0.0,spearman,57,0.07042704654860522
null,0.0,spearman,58,0.4793243765099102
null,0.0,spearman,59,0.1419052430456971
null,0.0,spearman,60,-0.19236044057305607
null,0.0,spearman,61,0.07988739608498503
null,0.0,spearman,62,0.06622244675465865
null,0.0,spearman,63,-0.2554294374822548
null,0.0,spearman,64,-0.12929144366385736
null,0.0,spearman,65,-0.08304084593044497
null,0.0,spearman,66,-0.06937589660011859
null,0.0,spearman,67,0.0
null,0.0,spearman,68,0.47091517692201706
null,0.0,spearman,69,-0.006306899690919871
null,0.0,spearman,70,-0.025227598763679485
null,0.0,spearman,71,0.4835289763038568
null,0.0,spearman,72,0.025227598763679485
null,0.0,spearman,73,0.3184984343914535
null,0.0,spearman,74,0.16187709206694337
null,0.0,spearman,75,0.1261379938183974
null,0.0,spearman,76,-0.039943698042492516
null,0.0,spearman,77,-0.3689536319188125
null,0.0,spearman,78,-0.1818489410881896
null,0.0,spearman,79,0.22284378907916877
null,0.0,spearman,80,-0.29432198557626066
null,0.0,spearman,81,-0.08724544572439155
null,0.0,spearman,82,0.26068518722468803
null,0.0,spearman,83,-0.4320226288280112
null,0.0,spearman,84,0.6769405668253995
null,0.0,spearman,85,-0.33636798351572644
null,0.0,spearman,86,-0.14821214273661698
null,0.0,spearman,87,0.3721070817642724
null,0.0,spearman,88,-0.19236044057305607
null,0.0,spearman,89,-0.3636978821763792
null,0.0,spearman,90,-0.30168003521566716
null,0.0,spearman,91,0.17554204139726975
null,0.0,spearman,92,-0.2627874871216613
null,0.0,spearman,93,0.44043182841590434
null,0.0,spearman,94,-0.02627874871216613
null,0.0,spearman,95,-0.18079779113970298
null,0.0,spearman,96,0.3689536319188125
null,0.0,spearman,97,-0.06201784696071207
null,0.0,spearman,98,0.3510840827945395
null,0.0,spearman,99,0.3279587839278333
null,0.0,spearman,100,-0.1440075429426704
null,0.0,spearman,101,0.5644675223373284
null,0.0,spearman,102,0.1555701923760235
null,0.0,spearman,103,-0.0672735967031453
null,0.0,spearman,104,0.4625059773341239
null,0.0,spearman,105,0.5760301717706816
null,0.0,spearman,106,0.615973869813174
null,0.0,spearman,107,-0.2438667880489017
null,0.0,spearman,108,0.17659319134575638
null,0.0,spearman,109,0.4604036774371506
null,0.0,spearman,110,0.10196154500320459
null,0.0,spearman,111,0.32165188423691343
null,0.0,spearman,112,-0.18710469083062284
null,0.0,spearman,113,0.12929144366385736
null,0.0,spearman,114,-0.15451904242753683
null,0.0,spearman,115,-0.09039889556985149
null,0.0,spearman,116,-0.391027780837032
null,0.0,spearman,117,0.05571094726979219
null,0.0,spearman,118,0.5245238242948359
null,0.0,spearman,119,-0.2396621882549551
null,0.0,spearman,120,0.20917883974884238
null,0.0,spearman,121,-0.02627874871216613
null,0.0,spearman,122,0.0861942957759049
null,0.0,spearman,123,0.16818399175786322
null,0.0,spearman,124,0.24491793799738834
null,0.0,spearman,125,-0.4046927301673584
null,0.0,spearman,126,0.24071333820344173
null,0.0,spearman,127,-0.05781324716676549
null,0.0,spearman,128,0.0010511499484866453
null,0.0,spearman,129,-0.09039889556985149
null,0.0,spearman,130,0.21128113964581569
null,0.0,spearman,131,0.2554294374822548
null,0.0,spearman,132,-0.04625059773341239
null,0.0,spearman,133,-0.05045519752735897
null,0.0,spearman,134,0.09670579526077136
null,0.0,spearman,135,0.343726033155133
null,0.0,spearman,136,0.015767249227299676
null,0.0,spearman,137,0.3279587839278333
null,0.0,spearman,138,0.27014553676106784
null,0.0,spearman,139,0.19446274047002937
null,0.0,spearman,140,0.16608169186088995
null,0.0,spearman,141,-0.06937589660011859
null,0.0,spearman,142,0.014716099278813033
null,0.0,spearman,143,0.03468794830005929
null,0.0,spearman,144,0.2585828873277147
null,0.0,spearman,145,-0.12193339402445084
null,0.0,spearman,146,0.04835289763038568
null,0.0,spearman,147,0.5150634747584562
null,0.0,spearman,148,0.009460349536379807
null,0.0,spearman,149,-0.3227030341854001
null,0.0,spearman,150,-0.12929144366385736
null,0.0,spearman,151,-0.36474903212486587
null,0.0,spearman,152,-0.21653688938824892
null,0.0,spearman,153,0.3100892348035603
null,0.0,spearman,154,-0.22389493902765542
null,0.0,spearman,155,0.14085409309721045
null,0.0,spearman,156,0.35003293284605286
null,0.0,spearman,157,0.03048334850611271
null,0.0,spearman,158,-0.23545758846100853
null,0.0,spearman,159,-0.19866734026397595
null,0.0,spearman,160,0.15241674253056356
null,0.0,spearman,161,-0.06201784696071207
null,0.0,spearman,162,0.1671328418093766
null,0.0,spearman,163,0.044148297836439095
null,0.0,spearman,164,0.23650873840949516
null,0.0,spearman,165,0.13139374356083064
null,0.0,spearman,166,0.10826844469412446
null,0.0,spearman,167,0.11352419443655767
null,0.0,spearman,168,-0.17028629165483652
null,0.0,spearman,169,0.33321453367026654
null,0.0,spearman,170,0.03573909824854594
null,0.0,spearman,171,0.09460349536379807
null,0.0,spearman,172,-0.13875179320023717
null,0.0,spearman,173,0.22494608897614207
null,0.0,spearman,174,-0.018920699072759613
null,0.0,spearman,175,0.005255749742433226
null,0.0,spearman,176,0.16082594211845672
null,0.0,spearman,177,0.21022998969732903
null,0.0,spearman,178,0.1744908914487831
null,0.0,spearman,179,0.2375598883579818
null,0.0,spearman,180,-0.0767339462395251
null,0.0,spearman,181,0.4173065295491981
null,0.0,spearman,182,-0.11983109412747756
null,0.0,spearman,183,-0.008409199587893162
null,0.0,spearman,184,0.5276772741402959
null,0.0,spearman,185,-0.08514314582741826
null,0.0,spearman,186,0.2522759876367948
null,0.0,spearman,187,-0.18500239093364956
null,0.0,spearman,188,0.3636978821763792
null,0.0,spearman,189,-0.007358049639406517
null,0.0,spearman,190,0.22389493902765542
null,0.0,spearman,191,0.43307377877649783
null,0.0,spearman,192,-0.12298454397293748
null,0.0,spearman,193,0.3710559318157858
null,0.0,spearman,194,-0.2764524364519877
null,0.0,spearman,195,-0.11142189453958438
null,0.0,spearman,196,0.35318638269151276
null,0.0,spearman,197,-0.11562649433353098
null,0.0,spearman,198,0.014716099278813033
null,0.0,spearman,199,0.14085409309721045
null,0.0,spearman,200,-0.22494608897614207
null,0.0,spearman,201,0.09250119546682478
null,0.0,spearman,202,0.18920699072759614
null,0.0,spearman,203,0.5476491231615421
null,0.0,spearman,204,0.049404047578872325
null,0.0,spearman,205,0.02417644881519284
null,0.0,spearman,206,0.08829659567287819
null,0.0,spearman,207,0.1072172947456378
null,0.0,spearman,208,0.3006288852671805
null,0.0,spearman,209,0.29432198557626066
null,0.0,spearman,210,-0.09880809515774465
null,0.0,spearman,211,-0.05886439711525213
null,0.0,spearman,212,-0.15241674253056356
null,0.0,spearman,213,-0.2974754354217206
null,0.0,spearman,214,-0.07147819649709188
null,0.0,spearman,215,-0.4393806784674177
null,0.0,spearman,216,-0.2186391892852222
null,0.0,spearman,217,0.045199447784925746
null,0.0,spearman,218,-0.039943698042492516
null,0.0,spearman,219,0.06201784696071207
null,0.0,spearman,220,-0.005255749742433226
null,0.0,spearman,221,0.027329898660652774
null,0.0,spearman,222,-0.13034259361234402
null,0.0,spearman,223,-0.4246645791886047
null,0.0,spearman,224,-0.11457534438504433
null,0.0,spearman,225,-0.09565464531228471
null,0.0,spearman,226,-0.2596340372762014
null,0.0,spearman,227,0.04625059773341239
null,0.0,spearman,228,0.22599723892462872
null,0.0,spearman,229,-0.029432198557626067
null,0.0,spearman,230,0.28065703624593424
null,0.0,spearman,231,-0.08514314582741826
null,0.0,spearman,232,-0.12193339402445084
null,0.0,spearman,233,0.19971849021246257
null,0.0,spearman,234,0.32165188423691343
null,0.0,spearman,235,0.06937589660011859
null,0.0,spearman,236,-0.3836697311976255
null,0.0,spearman,237,-0.15241674253056356
null,0.0,spearman,238,0.5707744220282484
null,0.0,spearman,239,-0.12403569392142413
null,0.0,spearman,240,-0.0861942957759049
null,0.0,spearman,241,0.11983109412747756
null,0.0,spearman,242,-0.2522759876367948
null,0.0,spearman,243,-0.11352419443655767
null,0.0,spearman,244,0.5329330238827291
null,0.0,spearman,245,0.07042704654860522
null,0.0,spearman,246,-0.0536086473728189
null,0.0,spearman,247,0.1282402937153707
null,0.0,spearman,248,-0.18290009103667626
null,0.0,spearman,249,0.33111223377329324
null,0.0,spearman,250,-0.13349604345780394
null,0.0,spearman,251,-0.0630689969091987
null,0.0,spearman,252,0.1534678924790502
null,0.0,spearman,253,0.4278180290340646
null,0.0,spearman,254,-0.0746316463425518
null,0.0,spearman,255,0.4288691789825512
null,0.0,spearman,256,0.2049742399548958
null,0.0,spearman,257,0.16397939196391664
null,0.0,spearman,258,-0.10511499484866452
null,0.0,spearman,259,0.7389584137861116
null,0.0,spearman,260,0.0536086473728189
null,0.0,spearman,261,0.21653688938824892
null,0.0,spearman,262,-0.23125298866706195
null,0.0,spearman,263,0.20917883974884238
null,0.0,spearman,264,0.5875928212040347
null,0.0,spearman,265,-0.15662134232451014
null,0.0,spearman,266,0.1976161903154893
null,0.0,spearman,267,0.039943698042492516
null,0.0,spearman,268,-0.15031444263359026
null,0.0,spearman,269,0.26068518722468803
null,0.0,spearman,270,0.307986934906587
null,0.0,spearman,271,0.14505869289115703
null,0.0,spearman,272,0.07147819649709188
null,0.0,spearman,273,0.06832474665163193
null,0.0,spearman,274,-0.1261379938183974
null,0.0,spearman,275,0.010511499484866451
null,0.0,spearman,276,0.3395214333611864
null,0.0,spearman,277,0.015767249227299676
null,0.0,spearman,278,-0.20182079010943588
null,0.0,spearman,279,0.23335528856403523
null,0.0,spearman,280,0.044148297836439095
null,0.0,spearman,281,0.18920699072759614
null,0.0,spearman,282,0.44253412831287764
null,0.0,spearman,283,0.16397939196391664
null,0.0,spearman,284,-0.1534678924790502
null,0.0,spearman,285,0.22284378907916877
null,0.0,spearman,286,0.22599723892462872
null,0.0,spearman,287,-0.41835767949768476
null,0.0,spearman,288,-0.007358049639406517
null,0.0,spearman,289,-0.04625059773341239
null,0.0,spearman,290,-0.20917883974884238
null,0.0,spearman,291,0.1534678924790502
null,0.0,spearman,292,0.07252934644557851
null,0.0,spearman,293,0.33847028341269975
null,0.0,spearman,294,0.36264673222789257
null,0.0,spearman,295,0.0767339462395251
null,0.0,spearman,296,0.6086158201737676
null,0.0,spearman,297,-0.3132426846490203
null,0.0,spearman,298,0.08198969598195832
null,0.0,spearman,299,-0.18290009103667626
null,0.0,spearman,300,-0.07988739608498503
null,0.0,spearman,301,0.1860535408821362
null,0.0,spearman,302,0.2617363371731746
null,0.0,spearman,303,0.2522759876367948
null,0.0,spearman,304,0.045199447784925746
null,0.0,spearman,305,-0.02838104860913942
null,0.0,spearman,306,-0.03153449845459935
null,0.0,spearman,307,0.35739098248545936
null,0.0,spearman,308,-0.03784139814551923
null,0.0,spearman,309,-0.06937589660011859
null,0.0,spearman,310,-0.3605444323309193
null,0.0,spearman,311,-0.03048334850611271
null,0.0,spearman,312,-0.05991554706373878
null,0.0,spearman,313,-0.1345471934062906
null,0.0,spearman,314,0.04625059773341239
null,0.0,spearman,315,0.44463642820985094
null,0.0,spearman,316,0.08409199587893161
null,0.0,spearman,317,0.39207893078551864
null,0.0,spearman,318,0.6527641180102066
null,0.0,spearman,319,0.3468794830005929
null,0.0,spearman,320,-0.1492632926851036
null,0.0,spearman,321,0.4246645791886047
null,0.0,spearman,322,0.07147819649709188
null,0.0,spearman,323,0.4067950300643317
null,0.0,spearman,324,-0.3142938345975069
null,0.0,spearman,325,0.2617363371731746
null,0.0,spearman,326,0.37736283150670563
null,0.0,spearman,327,0.027329898660652774
null,0.0,spearman,328,0.17764434129424303
null,0.0,spearman,329,0.311140384752047
null,0.0,spearman,330,-0.11457534438504433
null,0.0,spearman,331,0.013664949330326387
null,0.0,spearman,332,0.20812768980035576
null,0.0,spearman,333,0.2838104860913942
null,0.0,spearman,334,0.19866734026397595
null,0.0,spearman,335,0.0788362461364984
null,0.0,spearman,336,0.16818399175786322
null,0.0,spearman,337,-0.029432198557626067
null,0.0,spearman,338,-0.34582833305210625
null,0.0,spearman,339,-0.2575317373792281
null,0.0,spearman,340,-0.1261379938183974
null,0.0,spearman,341,0.29221968567928736
null,0.0,spearman,342,0.015767249227299676
null,0.0,spearman,343,-0.013664949330326387
null,0.0,spearman,344,0.10406384490017788
null,0.0,spearman,345,0.10826844469412446
null,0.0,spearman,346,-0.03363679835157265
null,0.0,spearman,347,0.11983109412747756
null,0.0,spearman,348,0.2859127859883675
null,0.0,spearman,349,-0.13664949330326387
null,0.0,spearman,350,0.09250119546682478
null,0.0,spearman,351,0.03468794830005929
null,0.0,spearman,352,0.07778509618801174
null,0.0,spearman,353,0.018920699072759613
null,0.0,spearman,354,-0.41835767949768476
null,0.0,spearman,355,0.11247304448807104
null,0.0,spearman,356,-0.21758803933673557
null,0.0,spearman,357,-0.010511499484866451
null,0.0,spearman,358,0.11037074459109775
null,0.0,spearman,359,0.20076964016094923
null,0.0,spearman,360,-0.03784139814551923
null,0.0,spearman,361,-0.11142189453958438
null,0.0,spearman,362,0.39943698042492515
null,0.0,spearman,363,0.02627874871216613
null,0.0,spearman,364,-0.021022998969732903
null,0.0,spearman,365,0.016818399175786324
null,0.0,spearman,366,0.011562649433353098
null,0.0,spearman,367,0.4194088294461714
null,0.0,spearman,368,-0.13559834335477722
null,0.0,spearman,369,-0.21233228959430234
null,0.0,spearman,370,0.11772879423050427
null,0.0,spearman,371,-0.047301747681899035
null,0.0,spearman,372,0.1072172947456378
null,0.0,spearman,373,0.18290009103667626
null,0.0,spearman,374,-0.007358049639406517
null,0.0,spearman,375,-0.0021022998969732905
null,0.0,spearman,376,0.1093195946426111
null,0.0,spearman,377,0.17554204139726975
null,0.0,spearman,378,-0.22284378907916877
null,0.0,spearman,379,-0.021022998969732903
null,0.0,spearman,380,-0.023125298866706195
null,0.0,spearman,381,0.29432198557626066
null,0.0,spearman,382,-0.0031534498454599356
null,0.0,spearman,383,0.2144345894912756
null,0.0,spearman,384,-0.27119668670955444
null,0.0,spearman,385,0.19446274047002937
null,0.0,spearman,386,-0.228099538821602
null,0.0,spearman,387,-0.018920699072759613
null,0.0,spearman,388,-0.13875179320023717
null,0.0,spearman,389,0.2911685357308007
null,0.0,spearman,390,0.20182079010943588
null,0.0,spearman,391,0.18079779113970298
null,0.0,spearman,392,-0.10196154500320459
null,0.0,spearman,393,0.01786954912427297
null,0.0,spearman,394,-0.08514314582741826
null,0.0,spearman,395,0.19025814067608277
null,0.0,spearman,396,0.20392309000640918
null,0.0,spearman,397,-0.1093195946426111
null,0.0,spearman,398,0.21548573943976226
null,0.0,spearman,399,0.005255749742433226
null,0.0,spearman,400,0.02627874871216613
null,0.0,spearman,401,-0.11772879423050427
null,0.0,spearman,402,0.33111223377329324
null,0.0,spearman,403,0.09670579526077136
null,0.0,spearman,404,-0.18920699072759614
null,0.0,spearman,405,-0.0010511499484866453
null,0.0,spearman,406,0.24491793799738834
null,0.0,spearman,407,-0.35213523274302616
null,0.0,spearman,408,0.016818399175786324
null,0.0,spearman,409,0.49824507558266984
null,0.0,spearman,410,0.4004881303734118
null,0.0,spearman,411,0.1208822440759642
null,0.0,spearman,412,0.6002066205858744
null,0.0,spearman,413,-0.04835289763038568
null,0.0,spearman,414,0.07568279629103845
null,0.0,spearman,415,0.17343974150029645
null,0.0,spearman,416,0.16187709206694337
null,0.0,spearman,417,-0.14610984283964368
null,0.0,spearman,418,0.04309714788795245
null,0.0,spearman,419,-0.09039889556985149
null,0.0,spearman,420,0.02417644881519284
null,0.0,spearman,421,-0.04835289763038568
null,0.0,spearman,422,0.28696393593685415
null,0.0,spearman,423,0.32165188423691343
null,0.0,spearman,424,0.26594093696712123
null,0.0,spearman,425,-0.2049742399548958
null,0.0,spearman,426,0.2690943868125812
null,0.0,spearman,427,0.17554204139726975
null,0.0,spearman,428,0.22494608897614207
null,0.0,spearman,429,0.1282402937153707
null,0.0,spearman,430,-0.0630689969091987
null,0.0,spearman,431,0.2880150858853408
null,0.0,spearman,432,0.2953731355247473
null,0.0,spearman,433,-0.4246645791886047
null,0.0,spearman,434,0.20182079010943588
null,0.0,spearman,435,-0.307986934906587
null,0.0,spearman,436,0.08198969598195832
null,0.0,spearman,437,-0.007358049639406517
null,0.0,spearman,438,-0.1860535408821362
null,0.0,spearman,439,0.4025904302703851
null,0.0,spearman,440,0.06937589660011859
null,0.0,spearman,441,-0.13875179320023717
null,0.0,spearman,442,0.007358049639406517
null,0.0,spearman,443,-0.09985924510623129
null,0.0,spearman,444,0.3857720310945988
null,0.0,spearman,445,0.014716099278813033
null,0.0,spearman,446,0.2186391892852222
null,0.0,spearman,447,0.2880150858853408
null,0.0,spearman,448,-0.13664949330326387
null,0.0,spearman,449,-0.022074148918219547
null,0.0,spearman,450,0.17764434129424303
null,0.0,spearman,451,0.20182079010943588
null,0.0,spearman,452,0.07988739608498503
null,0.0,spearman,453,-0.1576724922729968
null,0.0,spearman,454,0.03153449845459935
null,0.0,spearman,455,0.32375418413388674
null,0.0,spearman,456,0.5245238242948359
null,0.0,spearman,457,0.07988739608498503
null,0.0,spearman,458,-0.09039889556985149
null,0.0,spearman,459,0.10406384490017788
null,0.0,spearman,460,0.006306899690919871
null,0.0,spearman,461,0.1093195946426111
null,0.0,spearman,462,-0.26594093696712123
null,0.0,spearman,463,-0.19656504036700265
null,0.0,spearman,464,-0.28696393593685415
null,0.0,spearman,465,0.2070765398518691
null,0.0,spearman,466,-0.10616614479715117
null,0.0,spearman,467,0.19236044057305607
null,0.0,spearman,468,-0.10196154500320459
null,0.0,spearman,469,0.5087565750675362
null,0.0,spearman,470,0.4257157291370913
null,0.0,spearman,471,-0.2890662358338274
null,0.0,spearman,472,0.08829659567287819
null,0.0,spearman,473,0.21758803933673557
null,0.0,spearman,474,0.02417644881519284
null,0.0,spearman,475,-0.0788362461364984
null,0.0,spearman,476,0.11247304448807104
null,0.0,spearman,477,0.05886439711525213
null,0.0,spearman,478,-0.2049742399548958
null,0.0,spearman,479,0.16187709206694337
null,0.0,spearman,480,-0.17028629165483652
null,0.0,spearman,481,0.0746316463425518
null,0.0,spearman,482,0.1671328418093766
null,0.0,spearman,483,0.3248053340823734
null,0.0,spearman,484,0.19341159052154272
null,0.0,spearman,485,-0.2302018387185753
null,0.0,spearman,486,-0.23545758846100853
null,0.0,spearman,487,0.13875179320023717
null,0.0,spearman,488,0.2838104860913942
null,0.0,spearman,489,0.09985924510623129
null,0.0,spearman,490,-0.013664949330326387
null,0.0,spearman,491,0.26068518722468803
null,0.0,spearman,492,0.307986934906587
null,0.0,spearman,493,-0.31954958433994013
null,0.0,spearman,494,-0.10826844469412446
null,0.0,spearman,495,-0.3321633837217799
null,0.0,spearman,496,0.07988739608498503
null,0.0,spearman,497,0.18920699072759614
null,0.0,spearman,498,0.03153449845459935
null,0.0,spearman,499,-0.06622244675465865
null,0.0,spearman,500,0.6359457188344203
null,0.0,spearman,501,0.17869549124272968
null,0.0,spearman,502,0.21233228959430234
null,0.0,spearman,503,-0.07568279629103845
null,0.0,spearman,504,0.0536086473728189
null,0.0,spearman,505,-0.07568279629103845
null,0.0,spearman,506,0.1587236422214834
null,0.0,spearman,507,0.06622244675465865
null,0.0,spearman,508,0.4120507798067649
null,0.0,spearman,509,0.039943698042492516
null,0.0,spearman,510,-0.24702023789436162
null,0.0,spearman,511,0.21338343954278896
null,0.0,average_precision,0,0.31036199095022626
null,0.0,average_precision,1,0.6579365079365079
null,0.0,average_precision,2,0.23453781512605043
null,0.0,average_precision,3,0.2842997198879552
null,0.0,average_precision,4,0.4149074454956808
null,0.0,average_precision,5,0.6515262515262515
null,0.0,average_precision,6,0.6857142857142857
null,0.0,average_precision,7,0.45555555555555555
null,0.0,average_precision,8,0.5227124183006536
null,0.0,average_precision,9,0.2990620490620491
null,0.0,average_precision,10,0.5805555555555555
null,0.0,average_precision,11,0.5881313131313132
null,0.0,average_precision,12,0.39944444444444444
null,0.0,average_precision,13,0.5746031746031746
null,0.0,average_precision,14,0.35882352941176465
null,0.0,average_precision,15,0.496060606060606
null,0.0,average_precision,16,0.26936507936507936
null,0.0,average_precision,17,0.4125757575757575
null,0.0,average_precision,18,0.5388235294117647
null,0.0,average_precision,19,0.24527777777777776
null,0.0,average_precision,20,0.24603174603174605
null,0.0,average_precision,21,0.2322222222222222
null,0.0,average_precision,22,0.3639317545199898
null,0.0,average_precision,23,0.5071428571428571
null,0.0,average_precision,24,0.4783549783549784
null,0.0,average_precision,25,0.5569230769230769
null,0.0,average_precision,26,0.6968253968253968
null,0.0,average_precision,27,0.5738095238095238
null,0.0,average_precision,28,0.3822222222222222
null,0.0,average_precision,29,0.5051082251082251
null,0.0,average_precision,30,0.2698412698412699
null,0.0,average_precision,31,0.5134267040149393
null,0.0,average_precision,32,0.5079365079365079
null,0.0,average_precision,33,0.5445378151260505
null,0.0,average_precision,34,0.25072829131652663
null,0.0,average_precision,35,0.26163947163947165
null,0.0,average_precision,36,0.5633333333333332
null,0.0,average_precision,37,0.24465534465534464
null,0.0,average_precision,38,0.3480952380952381
null,0.0,average_precision,39,0.6961904761904762
null,0.0,average_precision,40,0.41935188994012523
null,0.0,average_precision,41,0.7087301587301587
null,0.0,average_precision,42,0.6655122655122655
null,0.0,average_precision,43,0.22952380952380952
null,0.0,average_precision,44,0.3261904761904762
null,0.0,average_precision,45,0.23982323232323227
null,0.0,average_precision,46,0.49439393939393944
null,0.0,average_precision,47,0.352092352092352
null,0.0,average_precision,48,0.3604256854256854
null,0.0,average_precision,49,0.5933333333333334
null,0.0,average_precision,50,0.42597402597402595
null,0.0,average_precision,51,0.6041558441558441
null,0.0,average_precision,52,0.3782051282051282
null,0.0,average_precision,53,0.33488095238095233
null,0.0,average_precision,54,0.2626098901098901
null,0.0,average_precision,55,0.5063888888888888
null,0.0,average_precision,56,0.27936507936507937
null,0.0,average_precision,57,0.42709401709401706
null,0.0,average_precision,58,0.6791666666666666
null,0.0,average_precision,59,0.5972222222222222
null,0.0,average_precision,60,0.2554901960784314
null,0.0,average_precision,61,0.48916666666666664
null,0.0,average_precision,62,0.43820512820512825
null,0.0,average_precision,63,0.22826797385620914
null,0.0,average_precision,64,0.3554901960784314
null,0.0,average_precision,65,0.26107142857142857
null,0.0,average_precision,66,0.46488413547237073
null,0.0,average_precision,67,0.3393650793650793
null,0.0,average_precision,68,0.6888888888888889
null,0.0,average_precision,69,0.4415508021390374
null,0.0,average_precision,70,0.4160839160839161
null,0.0,average_precision,71,0.5412698412698413
null,0.0,average_precision,72,0.29888888888888887
null,0.0,average_precision,73,0.42666666666666664
null,0.0,average_precision,74,0.33535714285714285
null,0.0,average_precision,75,0.6435897435897436
null,0.0,average_precision,76,0.26382650029708854
null,0.0,average_precision,77,0.23507936507936505
null,0.0,average_precision,78,0.23205882352941173
null,0.0,average_precision,79,0.5881313131313132
null,0.0,average_precision,80,0.2238888888888889
null,0.0,average_precision,81,0.3188888888888889
null,0.0,average_precision,82,0.505
null,0.0,average_precision,83,0.22055555555555556
null,0.0,average_precision,84,0.7087301587301587
null,0.0,average_precision,85,0.2778134284016637
null,0.0,average_precision,86,0.3782051282051282
null,0.0,average_precision,87,0.6235897435897436
null,0.0,average_precision,88,0.4299346405228758
null,0.0,average_precision,89,0.23017570664629491
null,0.0,average_precision,90,0.22805860805860806
null,0.0,average_precision,91,0.5993939393939394
null,0.0,average_precision,92,0.21747474747474752
null,0.0,average_precision,93,0.7109090909090909
null,0.0,average_precision,94,0.3187590187590187
null,0.0,average_precision,95,0.445021645021645
null,0.0,average_precision,96,0.649047619047619
null,0.0,average_precision,97,0.3148064353946707
null,0.0,average_precision,98,0.4441558441558441
null,0.0,average_precision,99,0.5188235294117647
null,0.0,average_precision,100,0.4285839160839161
null,0.0,average_precision,101,0.6909090909090909
null,0.0,average_precision,102,0.298109243697479
null,0.0,average_precision,103,0.2612044817927171
null,0.0,average_precision,104,0.5967857142857143
null,0.0,average_precision,105,0.6746031746031746
null,0.0,average_precision,106,0.7961904761904762
null,0.0,average_precision,107,0.3604256854256854
null,0.0,average_precision,108,0.38066378066378065
null,0.0,average_precision,109,0.7453968253968253
null,0.0,average_precision,110,0.5493939393939394
null,0.0,average_precision,111,0.5547979797979797
null,0.0,average_precision,112,0.23666666666666666
null,0.0,average_precision,113,0.4576330532212885
null,0.0,average_precision,114,0.27999999999999997
null,0.0,average_precision,115,0.26215686274509803
null,0.0,average_precision,116,0.2616883116883117
null,0.0,average_precision,117,0.25717850776674306
null,0.0,average_precision,118,0.6459090909090909
null,0.0,average_precision,119,0.2878787878787878
null,0.0,average_precision,120,0.3520238095238095
null,0.0,average_precision,121,0.24888888888888888
null,0.0,average_precision,122,0.4492997198879551
null,0.0,average_precision,123,0.4101587301587301
null,0.0,average_precision,124,0.5952272727272727
null,0.0,average_precision,125,0.2172649572649573
null,0.0,average_precision,126,0.46263305322128845
null,0.0,average_precision,127,0.43275058275058276
null,0.0,average_precision,128,0.3246031746031746
null,0.0,average_precision,129,0.4200356506238859
null,0.0,average_precision,130,0.500093370681606
null,0.0,average_precision,131,0.4105555555555556
null,0.0,average_precision,132,0.41935188994012523
null,0.0,average_precision,133,0.40415584415584416
null,0.0,average_precision,134,0.63
null,0.0,average_precision,135,0.4654761904761905
null,0.0,average_precision,136,0.4208458208458209
null,0.0,average_precision,137,0.45549019607843133
null,0.0,average_precision,138,0.5476190476190477
null,0.0,average_precision,139,0.4200356506238859
null,0.0,average_precision,140,0.5153174603174604
null,0.0,average_precision,141,0.27815656565656566
null,0.0,average_precision,142,0.5163003663003662
null,0.0,average_precision,143,0.6935897435897436
null,0.0,average_precision,144,0.43238095238095237
null,0.0,average_precision,145,0.23017570664629491
null,0.0,average_precision,146,0.47264069264069264
null,0.0,average_precision,147,0.7253968253968253
null,0.0,average_precision,148,0.5101587301587301
null,0.0,average_precision,149,0.3055555555555555
null,0.0,average_precision,150,0.29222222222222216
null,0.0,average_precision,151,0.24333333333333332
null,0.0,average_precision,152,0.22055555555555556
null,0.0,average_precision,153,0.63
null,0.0,average_precision,154,0.25406162464985993
null,0.0,average_precision,155,0.3426984126984127
null,0.0,average_precision,156,0.6227272727272727
null,0.0,average_precision,157,0.257521645021645
null,0.0,average_precision,158,0.2693650793650793
null,0.0,average_precision,159,0.3398934398934399
null,0.0,average_precision,160,0.4320503026385379
null,0.0,average_precision,161,0.3522222222222222
null,0.0,average_precision,162,0.47096638655462175
null,0.0,average_precision,163,0.3576330532212885
null,0.0,average_precision,164,0.6264285714285714
null,0.0,average_precision,165,0.42153846153846153
null,0.0,average_precision,166,0.4492997198879551
null,0.0,average_precision,167,0.5227124183006536
null,0.0,average_precision,168,0.3014239028944911
null,0.0,average_precision,169,0.5652564102564102
null,0.0,average_precision,170,0.26010101010101006
null,0.0,average_precision,171,0.44417151475975
null,0.0,average_precision,172,0.31161616161616157
null,0.0,average_precision,173,0.34702865761689294
null,0.0,average_precision,174,0.4741452991452991
null,0.0,average_precision,175,0.3405555555555556
null,0.0,average_precision,176,0.42787878787878786
null,0.0,average_precision,177,0.5482142857142858
null,0.0,average_precision,178,0.3616161616161616
null,0.0,average_precision,179,0.4716666666666667
null,0.0,average_precision,180,0.4788095238095238
null,0.0,average_precision,181,0.731111111111111
null,0.0,average_precision,182,0.3026984126984127
null,0.0,average_precision,183,0.28428104575163393
null,0.0,average_precision,184,0.5108225108225108
null,0.0,average_precision,185,0.35936507936507933
null,0.0,average_precision,186,0.6079365079365079
null,0.0,average_precision,187,0.2500356506238859
null,0.0,average_precision,188,0.7551948051948052
null,0.0,average_precision,189,0.26882352941176474
null,0.0,average_precision,190,0.37464285714285717
null,0.0,average_precision,191,0.6251948051948052
null,0.0,average_precision,192,0.3657967032967033
null,0.0,average_precision,193,0.4676984126984126
null,0.0,average_precision,194,0.32815656565656565
null,0.0,average_precision,195,0.29888888888888887
null,0.0,average_precision,196,0.5323809523809524
null,0.0,average_precision,197,0.29939393939393943
null,0.0,average_precision,198,0.4425
null,0.0,average_precision,199,0.4235897435897436
null,0.0,average_precision,200,0.36606060606060603
null,0.0,average_precision,201,0.4277124183006536
null,0.0,average_precision,202,0.46263305322128845
null,0.0,average_precision,203,0.649047619047619
null,0.0,average_precision,204,0.3601587301587301
null,0.0,average_precision,205,0.4359952465834819
null,0.0,average_precision,206,0.29618131868131864
null,0.0,average_precision,207,0.44130036630036623
null,0.0,average_precision,208,0.5293040293040293
null,0.0,average_precision,209,0.43692307692307697
null,0.0,average_precision,210,0.32666666666666666
null,0.0,average_precision,211,0.5037698412698413
null,0.0,average_precision,212,0.32153846153846155
null,0.0,average_precision,213,0.35583333333333333
null,0.0,average_precision,214,0.27222222222222225
null,0.0,average_precision,215,0.20977633477633476
null,0.0,average_precision,216,0.41017316017316025
null,0.0,average_precision,217,0.3463095238095238
null,0.0,average_precision,218,0.5388235294117647
null,0.0,average_precision,219,0.2729761904761905
null,0.0,average_precision,220,0.3055555555555555
null,0.0,average_precision,221,0.33261437908496727
null,0.0,average_precision,222,0.26936507936507936
null,0.0,average_precision,223,0.2615384615384615
null,0.0,average_precision,224,0.26676767676767676
null,0.0,average_precision,225,0.3582174688057041
null,0.0,average_precision,226,0.3338095238095238
null,0.0,average_precision,227,0.4593650793650793
null,0.0,average_precision,228,0.38611111111111107
null,0.0,average_precision,229,0.45189393939393935
null,0.0,average_precision,230,0.44869365928189453
null,0.0,average_precision,231,0.2816229522111875
null,0.0,average_precision,232,0.4569230769230769
null,0.0,average_precision,233,0.5115384615384615
null,0.0,average_precision,234,0.731111111111111
null,0.0,average_precision,235,0.4648018648018648
null,0.0,average_precision,236,0.2419404125286478
null,0.0,average_precision,237,0.34603174603174597
null,0.0,average_precision,238,0.6968253968253968
null,0.0,average_precision,239,0.3452272727272727
null,0.0,average_precision,240,0.3026984126984127
null,0.0,average_precision,241,0.46263305322128845
null,0.0,average_precision,242,0.4032967032967033
null,0.0,average_precision,243,0.26051184110007636
null,0.0,average_precision,244,0.5988455988455988
null,0.0,average_precision,245,0.33787878787878783
null,0.0,average_precision,246,0.24545356604180135
null,0.0,average_precision,247,0.511204481792717
null,0.0,average_precision,248,0.317094017094017
null,0.0,average_precision,249,0.37689393939393934
null,0.0,average_precision,250,0.3336111111111111
null,0.0,average_precision,251,0.3980952380952381
null,0.0,average_precision,252,0.44869365928189453
null,0.0,average_precision,253,0.6311111111111111
null,0.0,average_precision,254,0.3607326007326007
null,0.0,average_precision,255,0.5277124183006536
null,0.0,average_precision,256,0.3875124875124875
null,0.0,average_precision,257,0.3482174688057041
null,0.0,average_precision,258,0.3449494949494949
null,0.0,average_precision,259,0.711111111111111
null,0.0,average_precision,260,0.2876190476190476
null,0.0,average_precision,261,0.6310606060606061
null,0.0,average_precision,262,0.24792331851155383
null,0.0,average_precision,263,0.44869365928189453
null,0.0,average_precision,264,0.7088888888888889
null,0.0,average_precision,265,0.3298412698412698
null,0.0,average_precision,266,0.4772222222222222
null,0.0,average_precision,267,0.3663095238095238
null,0.0,average_precision,268,0.4116883116883117
null,0.0,average_precision,269,0.6088888888888888
null,0.0,average_precision,270,0.47510822510822515
null,0.0,average_precision,271,0.31096638655462183
null,0.0,average_precision,272,0.2692997198879552
null,0.0,average_precision,273,0.4746031746031745
null,0.0,average_precision,274,0.28174603174603174
null,0.0,average_precision,275,0.45903679653679647
null,0.0,average_precision,276,0.6466666666666667
null,0.0,average_precision,277,0.3449494949494949
null,0.0,average_precision,278,0.2990620490620491
null,0.0,average_precision,279,0.29977591036414564
null,0.0,average_precision,280,0.45536032594856113
null,0.0,average_precision,281,0.5227272727272727
null,0.0,average_precision,282,0.6264425770308122
null,0.0,average_precision,283,0.3626330532212885
null,0.0,average_precision,284,0.3004273504273504
null,0.0,average_precision,285,0.6888888888888889
null,0.0,average_precision,286,0.32453781512605046
null,0.0,average_precision,287,0.23170231729055257
null,0.0,average_precision,288,0.39164404223227756
null,0.0,average_precision,289,0.445021645021645
null,0.0,average_precision,290,0.2983107088989442
null,0.0,average_precision,291,0.46679320679320674
null,0.0,average_precision,292,0.31608391608391606
null,0.0,average_precision,293,0.4766233766233766
null,0.0,average_precision,294,0.5746031746031746
null,0.0,average_precision,295,0.41630036630036626
null,0.0,average_precision,296,0.5509090909090909
null,0.0,average_precision,297,0.2212842712842713
null,0.0,average_precision,298,0.26495628554452083
null,0.0,average_precision,299,0.34155080213903743
null,0.0,average_precision,300,0.4663095238095238
null,0.0,average_precision,301,0.4225
null,0.0,average_precision,302,0.46333333333333326
null,0.0,average_precision,303,0.5926406926406926
null,0.0,average_precision,304,0.4772222222222222
null,0.0,average_precision,305,0.2842997198879552
null,0.0,average_precision,306,0.32542735042735044
null,0.0,average_precision,307,0.40403846153846157
null,0.0,average_precision,308,0.29504273504273504
null,0.0,average_precision,309,0.3388235294117647
null,0.0,average_precision,310,0.24533910533910533
null,0.0,average_precision,311,0.3433333333333333
null,0.0,average_precision,312,0.27769841269841267
null,0.0,average_precision,313,0.43380952380952376
null,0.0,average_precision,314,0.452092352092352
null,0.0,average_precision,315,0.505
null,0.0,average_precision,316,0.5633333333333332
null,0.0,average_precision,317,0.6264425770308122
null,0.0,average_precision,318,0.6509523809523808
null,0.0,average_precision,319,0.4455122655122655
null,0.0,average_precision,320,0.4037698412698413
null,0.0,average_precision,321,0.5547979797979797
null,0.0,average_precision,322,0.30987179487179484
null,0.0,average_precision,323,0.6797979797979798
null,0.0,average_precision,324,0.31036199095022626
null,0.0,average_precision,325,0.6227272727272727
null,0.0,average_precision,326,0.5555555555555556
null,0.0,average_precision,327,0.294281045751634
null,0.0,average_precision,328,0.30882352941176466
null,0.0,average_precision,329,0.711111111111111
null,0.0,average_precision,330,0.3299346405228758
null,0.0,average_precision,331,0.4321428571428571
null,0.0,average_precision,332,0.5875124875124875
null,0.0,average_precision,333,0.6417748917748918
null,0.0,average_precision,334,0.39682539682539686
null,0.0,average_precision,335,0.4883333333333333
null,0.0,average_precision,336,0.29049019607843135
null,0.0,average_precision,337,0.3804901960784314
null,0.0,average_precision,338,0.22348386907210438
null,0.0,average_precision,339,0.23140637140637138
null,0.0,average_precision,340,0.4300356506238859
null,0.0,average_precision,341,0.6459090909090909
null,0.0,average_precision,342,0.3270940170940171
null,0.0,average_precision,343,0.3988235294117647
null,0.0,average_precision,344,0.4200356506238859
null,0.0,average_precision,345,0.32787114845938375
null,0.0,average_precision,346,0.4303619909502262
null,0.0,average_precision,347,0.4115384615384615
null,0.0,average_precision,348,0.5260317460317461
null,0.0,average_precision,349,0.43275058275058276
null,0.0,average_precision,350,0.5619871794871795
null,0.0,average_precision,351,0.45189393939393935
null,0.0,average_precision,352,0.4212698412698413
null,0.0,average_precision,353,0.3538095238095238
null,0.0,average_precision,354,0.28837606837606833
null,0.0,average_precision,355,0.4359952465834819
null,0.0,average_precision,356,0.31163947163947164
null,0.0,average_precision,357,0.4458333333333333
null,0.0,average_precision,358,0.42480643539467067
null,0.0,average_precision,359,0.47096638655462175
null,0.0,average_precision,360,0.49813519813519813
null,0.0,average_precision,361,0.31269841269841264
null,0.0,average_precision,362,0.6310606060606061
null,0.0,average_precision,363,0.5583107088989442
null,0.0,average_precision,364,0.5079365079365079
null,0.0,average_precision,365,0.47096638655462175
null,0.0,average_precision,366,0.344281045751634
null,0.0,average_precision,367,0.5972222222222222
null,0.0,average_precision,368,0.25259642318465847
null,0.0,average_precision,369,0.30126984126984124
null,0.0,average_precision,370,0.32666666666666666
null,0.0,average_precision,371,0.46702865761689283
null,0.0,average_precision,372,0.6242424242424243
null,0.0,average_precision,373,0.3905555555555556
null,0.0,average_precision,374,0.23453781512605043
null,0.0,average_precision,375,0.2499346405228758
null,0.0,average_precision,376,0.37463369963369964
null,0.0,average_precision,377,0.6566233766233766
null,0.0,average_precision,378,0.29521589521589525
null,0.0,average_precision,379,0.3322222222222222
null,0.0,average_precision,380,0.4426406926406926
null,0.0,average_precision,381,0.5426373626373626
null,0.0,average_precision,382,0.42275058275058275
null,0.0,average_precision,383,0.2854901960784314
null,0.0,average_precision,384,0.25047619047619046
null,0.0,average_precision,385,0.5716666666666667
null,0.0,average_precision,386,0.2848412698412698
null,0.0,average_precision,387,0.3246428571428571
null,0.0,average_precision,388,0.2726330532212885
null,0.0,average_precision,389,0.6547979797979798
null,0.0,average_precision,390,0.5371428571428571
null,0.0,average_precision,391,0.45876068376068374
null,0.0,average_precision,392,0.3782051282051282
null,0.0,average_precision,393,0.5079365079365079
null,0.0,average_precision,394,0.33828282828282824
null,0.0,average_precision,395,0.5105555555555557
null,0.0,average_precision,396,0.5347979797979798
null,0.0,average_precision,397,0.2909663865546218
null,0.0,average_precision,398,0.6041558441558441
null,0.0,average_precision,399,0.49944444444444447
null,0.0,average_precision,400,0.3426984126984127
null,0.0,average_precision,401,0.3188888888888889
null,0.0,average_precision,402,0.4415508021390374
null,0.0,average_precision,403,0.3137606837606837
null,0.0,average_precision,404,0.3216394716394716
null,0.0,average_precision,405,0.4673701298701299
null,0.0,average_precision,406,0.442967032967033
null,0.0,average_precision,407,0.21852049910873445
null,0.0,average_precision,408,0.5227272727272727
null,0.0,average_precision,409,0.6587301587301587
null,0.0,average_precision,410,0.6383333333333333
null,0.0,average_precision,411,0.6383333333333333
null,0.0,average_precision,412,0.7087301587301587
null,0.0,average_precision,413,0.25168831168831163
null,0.0,average_precision,414,0.4116394716394717
null,0.0,average_precision,415,0.44965034965034967
null,0.0,average_precision,416,0.500093370681606
null,0.0,average_precision,417,0.43391053391053386
null,0.0,average_precision,418,0.2842997198879552
null,0.0,average_precision,419,0.3488888888888889
null,0.0,average_precision,420,0.41935188994012523
null,0.0,average_precision,421,0.4212121212121212
null,0.0,average_precision,422,0.6857142857142857
null,0.0,average_precision,423,0.49813519813519813
null,0.0,average_precision,424,0.5466666666666666
null,0.0,average_precision,425,0.4167676767676768
null,0.0,average_precision,426,0.5171031746031746
null,0.0,average_precision,427,0.3875124875124875
null,0.0,average_precision,428,0.4949494949494949
null,0.0,average_precision,429,0.4792424242424242
null,0.0,average_precision,430,0.2319047619047619
null,0.0,average_precision,431,0.31163947163947164
null,0.0,average_precision,432,0.43692307692307697
null,0.0,average_precision,433,0.2236141636141636
null,0.0,average_precision,434,0.4322222222222222
null,0.0,average_precision,435,0.2842997198879552
null,0.0,average_precision,436,0.24670231729055256
null,0.0,average_precision,437,0.3905555555555556
null,0.0,average_precision,438,0.4067256273138626
null,0.0,average_precision,439,0.40310924369747897
null,0.0,average_precision,440,0.3520238095238095
null,0.0,average_precision,441,0.3850140056022409
null,0.0,average_precision,442,0.3458333333333333
null,0.0,average_precision,443,0.22660427807486627
null,0.0,average_precision,444,0.6079365079365079
null,0.0,average_precision,445,0.4492997198879551
null,0.0,average_precision,446,0.5353646353646354
null,0.0,average_precision,447,0.5597979797979798
null,0.0,average_precision,448,0.4116394716394717
null,0.0,average_precision,449,0.27984126984126984
null,0.0,average_precision,450,0.43787878787878787
null,0.0,average_precision,451,0.5878787878787879
null,0.0,average_precision,452,0.47272727272727266
null,0.0,average_precision,453,0.24884920634920632
null,0.0,average_precision,454,0.324949494949495
null,0.0,average_precision,455,0.7253968253968253
null,0.0,average_precision,456,0.6459090909090909
null,0.0,average_precision,457,0.3875124875124875
null,0.0,average_precision,458,0.41017316017316025
null,0.0,average_precision,459,0.28820512820512817
null,0.0,average_precision,460,0.4758333333333333
null,0.0,average_precision,461,0.6319230769230769
null,0.0,average_precision,462,0.25888888888888884
null,0.0,average_precision,463,0.23573126220185045
null,0.0,average_precision,464,0.2242094017094017
null,0.0,average_precision,465,0.41342670401493925
null,0.0,average_precision,466,0.25453781512605045
null,0.0,average_precision,467,0.47096638655462175
null,0.0,average_precision,468,0.4126984126984127
null,0.0,average_precision,469,0.6310606060606061
null,0.0,average_precision,470,0.3482174688057041
null,0.0,average_precision,471,0.23143162393162395
null,0.0,average_precision,472,0.28428104575163393
null,0.0,average_precision,473,0.556060606060606
null,0.0,average_precision,474,0.2592997198879552
null,0.0,average_precision,475,0.2933333333333333
null,0.0,average_precision,476,0.27555555555555555
null,0.0,average_precision,477,0.42036199095022625
null,0.0,average_precision,478,0.3322222222222222
null,0.0,average_precision,479,0.26596638655462185
null,0.0,average_precision,480,0.3355555555555555
null,0.0,average_precision,481,0.42666666666666664
null,0.0,average_precision,482,0.5667600373482726
null,0.0,average_precision,483,0.6310606060606061
null,0.0,average_precision,484,0.45536032594856113
null,0.0,average_precision,485,0.3021969696969697
null,0.0,average_precision,486,0.25036199095022627
null,0.0,average_precision,487,0.5909090909090909
null,0.0,average_precision,488,0.36769841269841275
null,0.0,average_precision,489,0.4208458208458209
null,0.0,average_precision,490,0.3216619981325864
null,0.0,average_precision,491,0.4105555555555555
null,0.0,average_precision,492,0.37722222222222224
null,0.0,average_precision,493,0.2655189255189255
null,0.0,average_precision,494,0.2729761904761905
null,0.0,average_precision,495,0.20174603174603173
null,0.0,average_precision,496,0.46333333333333326
null,0.0,average_precision,497,0.37523809523809526
null,0.0,average_precision,498,0.27769841269841267
null,0.0,average_precision,499,0.4752272727272727
null,0.0,average_precision,500,0.6422222222222222
null,0.0,average_precision,501,0.34215686274509804
null,0.0,average_precision,502,0.36702865761689296
null,0.0,average_precision,503,0.2336141636141636
null,0.0,average_precision,504,0.3709663865546219
null,0.0,average_precision,505,0.2675048480930834
null,0.0,average_precision,506,0.3734598734598734
null,0.0,average_precision,507,0.43967171717171716
null,0.0,average_precision,508,0.711111111111111
null,0.0,average_precision,509,0.3246428571428571
null,0.0,average_precision,510,0.2137682252388135
null,0.0,average_precision,511,0.42821428571428577
null,0.0,auroc_decline_vs_rest,0,0.4307692307692308
null,0.0,auroc_decline_vs_rest,1,0.7846153846153846
null,0.0,auroc_decline_vs_rest,2,0.3076923076923077
null,0.0,auroc_decline_vs_rest,3,0.4307692307692308
null,0.0,auroc_decline_vs_rest,4,0.49230769230769234
null,0.0,auroc_decline_vs_rest,5,0.7384615384615385
null,0.0,auroc_decline_vs_rest,6,0.8
null,0.0,auroc_decline_vs_rest,7,0.5230769230769231
null,0.0,auroc_decline_vs_rest,8,0.6461538461538462
null,0.0,auroc_decline_vs_rest,9,0.4
null,0.0,auroc_decline_vs_rest,10,0.7230769230769231
null,0.0,auroc_decline_vs_rest,11,0.7384615384615385
null,0.0,auroc_decline_vs_rest,12,0.5846153846153846
null,0.0,auroc_decline_vs_rest,13,0.6923076923076923
null,0.0,auroc_decline_vs_rest,14,0.5384615384615384
null,0.0,auroc_decline_vs_rest,15,0.6307692307692307
null,0.0,auroc_decline_vs_rest,16,0.38461538461538464
null,0.0,auroc_decline_vs_rest,17,0.6615384615384615
null,0.0,auroc_decline_vs_rest,18,0.6615384615384615
null,0.0,auroc_decline_vs_rest,19,0.3384615384615385
null,0.0,auroc_decline_vs_rest,20,0.3230769230769231
null,0.0,auroc_decline_vs_rest,21,0.2923076923076923
null,0.0,auroc_decline_vs_rest,22,0.5692307692307692
null,0.0,auroc_decline_vs_rest,23,0.5538461538461539
null,0.0,auroc_decline_vs_rest,24,0.5384615384615384
null,0.0,auroc_decline_vs_rest,25,0.676923076923077
null,0.0,auroc_decline_vs_rest,26,0.8153846153846154
null,0.0,auroc_decline_vs_rest,27,0.5692307692307692
null,0.0,auroc_decline_vs_rest,28,0.5846153846153846
null,0.0,auroc_decline_vs_rest,29,0.6307692307692307
null,0.0,auroc_decline_vs_rest,30,0.4
null,0.0,auroc_decline_vs_rest,31,0.6923076923076923
null,0.0,auroc_decline_vs_rest,32,0.7538461538461538
null,0.0,auroc_decline_vs_rest,33,0.6615384615384615
null,0.0,auroc_decline_vs_rest,34,0.35384615384615387
null,0.0,auroc_decline_vs_rest,35,0.36923076923076925
null,0.0,auroc_decline_vs_rest,36,0.6923076923076923
null,0.0,auroc_decline_vs_rest,37,0.3384615384615385
null,0.0,auroc_decline_vs_rest,38,0.5230769230769231
null,0.0,auroc_decline_vs_rest,39,0.8769230769230769
null,0.0,auroc_decline_vs_rest,40,0.46153846153846156
null,0.0,auroc_decline_vs_rest,41,0.8615384615384616
null,0.0,auroc_decline_vs_rest,42,0.7692307692307693
null,0.0,auroc_decline_vs_rest,43,0.27692307692307694
null,0.0,auroc_decline_vs_rest,44,0.5230769230769231
null,0.0,auroc_decline_vs_rest,45,0.3230769230769231
null,0.0,auroc_decline_vs_rest,46,0.6153846153846154
null,0.0,auroc_decline_vs_rest,47,0.5076923076923077
null,0.0,auroc_decline_vs_rest,48,0.5230769230769231
null,0.0,auroc_decline_vs_rest,49,0.6461538461538462
null,0.0,auroc_decline_vs_rest,50,0.6461538461538462
null,0.0,auroc_decline_vs_rest,51,0.6461538461538462
null,0.0,auroc_decline_vs_rest,52,0.5230769230769231
null,0.0,auroc_decline_vs_rest,53,0.5076923076923077
null,0.0,auroc_decline_vs_rest,54,0.4
null,0.0,auroc_decline_vs_rest,55,0.6307692307692307
null,0.0,auroc_decline_vs_rest,56,0.4153846153846154
null,0.0,auroc_decline_vs_rest,57,0.46153846153846156
null,0.0,auroc_decline_vs_rest,58,0.7692307692307693
null,0.0,auroc_decline_vs_rest,59,0.7538461538461538
null,0.0,auroc_decline_vs_rest,60,0.36923076923076925
null,0.0,auroc_decline_vs_rest,61,0.6
null,0.0,auroc_decline_vs_rest,62,0.5230769230769231
null,0.0,auroc_decline_vs_rest,63,0.27692307692307694
null,0.0,auroc_decline_vs_rest,64,0.5230769230769231
null,0.0,auroc_decline_vs_rest,65,0.38461538461538464
null,0.0,auroc_decline_vs_rest,66,0.5538461538461539
null,0.0,auroc_decline_vs_rest,67,0.47692307692307695
null,0.0,auroc_decline_vs_rest,68,0.8461538461538461
null,0.0,auroc_decline_vs_rest,69,0.5076923076923077
null,0.0,auroc_decline_vs_rest,70,0.5538461538461539
null,0.0,auroc_decline_vs_rest,71,0.676923076923077
null,0.0,auroc_decline_vs_rest,72,0.47692307692307695
null,0.0,auroc_decline_vs_rest,73,0.5076923076923077
null,0.0,auroc_decline_vs_rest,74,0.5230769230769231
null,0.0,auroc_decline_vs_rest,75,0.7230769230769231
null,0.0,auroc_decline_vs_rest,76,0.38461538461538464
null,0.0,auroc_decline_vs_rest,77,0.2923076923076923
null,0.0,auroc_decline_vs_rest,78,0.27692307692307694
null,0.0,auroc_decline_vs_rest,79,0.7384615384615385
null,0.0,auroc_decline_vs_rest,80,0.26153846153846155
null,0.0,auroc_decline_vs_rest,81,0.49230769230769234
null,0.0,auroc_decline_vs_rest,82,0.6615384615384615
null,0.0,auroc_decline_vs_rest,83,0.24615384615384617
null,0.0,auroc_decline_vs_rest,84,0.8615384615384616
null,0.0,auroc_decline_vs_rest,85,0.38461538461538464
null,0.0,auroc_decline_vs_rest,86,0.5230769230769231
null,0.0,auroc_decline_vs_rest,87,0.7384615384615385
null,0.0,auroc_decline_vs_rest,88,0.47692307692307695
null,0.0,auroc_decline_vs_rest,89,0.27692307692307694
null,0.0,auroc_decline_vs_rest,90,0.27692307692307694
null,0.0,auroc_decline_vs_rest,91,0.6307692307692307
null,0.0,auroc_decline_vs_rest,92,0.23076923076923078
null,0.0,auroc_decline_vs_rest,93,0.8153846153846154
null,0.0,auroc_decline_vs_rest,94,0.5076923076923077
null,0.0,auroc_decline_vs_rest,95,0.5230769230769231
null,0.0,auroc_decline_vs_rest,96,0.7384615384615385
null,0.0,auroc_decline_vs_rest,97,0.4307692307692308
null,0.0,auroc_decline_vs_rest,98,0.6307692307692307
null,0.0,auroc_decline_vs_rest,99,0.6307692307692307
null,0.0,auroc_decline_vs_rest,100,0.47692307692307695
null,0.0,auroc_decline_vs_rest,101,0.8
null,0.0,auroc_decline_vs_rest,102,0.46153846153846156
null,0.0,auroc_decline_vs_rest,103,0.38461538461538464
null,0.0,auroc_decline_vs_rest,104,0.7230769230769231
null,0.0,auroc_decline_vs_rest,105,0.7846153846153846
null,0.0,auroc_decline_vs_rest,106,0.9076923076923077
null,0.0,auroc_decline_vs_rest,107,0.5230769230769231
null,0.0,auroc_decline_vs_rest,108,0.5538461538461539
null,0.0,auroc_decline_vs_rest,109,0.8615384615384616
null,0.0,auroc_decline_vs_rest,110,0.6615384615384615
null,0.0,auroc_decline_vs_rest,111,0.7230769230769231
null,0.0,auroc_decline_vs_rest,112,0.3076923076923077
null,0.0,auroc_decline_vs_rest,113,0.5384615384615384
null,0.0,auroc_decline_vs_rest,114,0.4
null,0.0,auroc_decline_vs_rest,115,0.38461538461538464
null,0.0,auroc_decline_vs_rest,116,0.36923076923076925
null,0.0,auroc_decline_vs_rest,117,0.36923076923076925
null,0.0,auroc_decline_vs_rest,118,0.7846153846153846
null,0.0,auroc_decline_vs_rest,119,0.4307692307692308
null,0.0,auroc_decline_vs_rest,120,0.5384615384615384
null,0.0,auroc_decline_vs_rest,121,0.3384615384615385
null,0.0,auroc_decline_vs_rest,122,0.5230769230769231
null,0.0,auroc_decline_vs_rest,123,0.6
null,0.0,auroc_decline_vs_rest,124,0.6153846153846154
null,0.0,auroc_decline_vs_rest,125,0.23076923076923078
null,0.0,auroc_decline_vs_rest,126,0.5538461538461539
null,0.0,auroc_decline_vs_rest,127,0.49230769230769234
null,0.0,auroc_decline_vs_rest,128,0.47692307692307695
null,0.0,auroc_decline_vs_rest,129,0.46153846153846156
null,0.0,auroc_decline_vs_rest,130,0.6153846153846154
null,0.0,auroc_decline_vs_rest,131,0.6307692307692307
null,0.0,auroc_decline_vs_rest,132,0.49230769230769234
null,0.0,auroc_decline_vs_rest,133,0.6
null,0.0,auroc_decline_vs_rest,134,0.7076923076923077
null,0.0,auroc_decline_vs_rest,135,0.5692307692307692
null,0.0,auroc_decline_vs_rest,136,0.5846153846153846
null,0.0,auroc_decline_vs_rest,137,0.5538461538461539
null,0.0,auroc_decline_vs_rest,138,0.8
null,0.0,auroc_decline_vs_rest,139,0.46153846153846156
null,0.0,auroc_decline_vs_rest,140,0.6615384615384615
null,0.0,auroc_decline_vs_rest,141,0.4307692307692308
null,0.0,auroc_decline_vs_rest,142,0.6461538461538462
null,0.0,auroc_decline_vs_rest,143,0.7384615384615385
null,0.0,auroc_decline_vs_rest,144,0.6615384615384615
null,0.0,auroc_decline_vs_rest,145,0.27692307692307694
null,0.0,auroc_decline_vs_rest,146,0.5692307692307692
null,0.0,auroc_decline_vs_rest,147,0.8461538461538461
null,0.0,auroc_decline_vs_rest,148,0.6153846153846154
null,0.0,auroc_decline_vs_rest,149,0.46153846153846156
null,0.0,auroc_decline_vs_rest,150,0.4307692307692308
null,0.0,auroc_decline_vs_rest,151,0.3230769230769231
null,0.0,auroc_decline_vs_rest,152,0.24615384615384617
null,0.0,auroc_decline_vs_rest,153,0.7076923076923077
null,0.0,auroc_decline_vs_rest,154,0.35384615384615387
null,0.0,auroc_decline_vs_rest,155,0.5076923076923077
null,0.0,auroc_decline_vs_rest,156,0.6923076923076923
null,0.0,auroc_decline_vs_rest,157,0.38461538461538464
null,0.0,auroc_decline_vs_rest,158,0.35384615384615387
null,0.0,auroc_decline_vs_rest,159,0.49230769230769234
null,0.0,auroc_decline_vs_rest,160,0.47692307692307695
null,0.0,auroc_decline_vs_rest,161,0.5384615384615384
null,0.0,auroc_decline_vs_rest,162,0.5692307692307692
null,0.0,auroc_decline_vs_rest,163,0.5384615384615384
null,0.0,auroc_decline_vs_rest,164,0.6923076923076923
null,0.0,auroc_decline_vs_rest,165,0.46153846153846156
null,0.0,auroc_decline_vs_rest,166,0.5230769230769231
null,0.0,auroc_decline_vs_rest,167,0.6307692307692307
null,0.0,auroc_decline_vs_rest,168,0.4153846153846154
null,0.0,auroc_decline_vs_rest,169,0.6923076923076923
null,0.0,auroc_decline_vs_rest,170,0.38461538461538464
null,0.0,auroc_decline_vs_rest,171,0.5384615384615384
null,0.0,auroc_decline_vs_rest,172,0.47692307692307695
null,0.0,auroc_decline_vs_rest,173,0.5230769230769231
null,0.0,auroc_decline_vs_rest,174,0.6923076923076923
null,0.0,auroc_decline_vs_rest,175,0.5384615384615384
null,0.0,auroc_decline_vs_rest,176,0.47692307692307695
null,0.0,auroc_decline_vs_rest,177,0.676923076923077
null,0.0,auroc_decline_vs_rest,178,0.5384615384615384
null,0.0,auroc_decline_vs_rest,179,0.7076923076923077
null,0.0,auroc_decline_vs_rest,180,0.6
null,0.0,auroc_decline_vs_rest,181,0.8461538461538461
null,0.0,auroc_decline_vs_rest,182,0.46153846153846156
null,0.0,auroc_decline_vs_rest,183,0.4
null,0.0,auroc_decline_vs_rest,184,0.676923076923077
null,0.0,auroc_decline_vs_rest,185,0.5230769230769231
null,0.0,auroc_decline_vs_rest,186,0.7692307692307693
null,0.0,auroc_decline_vs_rest,187,0.35384615384615387
null,0.0,auroc_decline_vs_rest,188,0.8461538461538461
null,0.0,auroc_decline_vs_rest,189,0.38461538461538464
null,0.0,auroc_decline_vs_rest,190,0.5692307692307692
null,0.0,auroc_decline_vs_rest,191,0.8
null,0.0,auroc_decline_vs_rest,192,0.47692307692307695
null,0.0,auroc_decline_vs_rest,193,0.5538461538461539
null,0.0,auroc_decline_vs_rest,194,0.46153846153846156
null,0.0,auroc_decline_vs_rest,195,0.35384615384615387
null,0.0,auroc_decline_vs_rest,196,0.676923076923077
null,0.0,auroc_decline_vs_rest,197,0.4461538461538462
null,0.0,auroc_decline_vs_rest,198,0.6615384615384615
null,0.0,auroc_decline_vs_rest,199,0.6461538461538462
null,0.0,auroc_decline_vs_rest,200,0.5538461538461539
null,0.0,auroc_decline_vs_rest,201,0.6307692307692307
null,0.0,auroc_decline_vs_rest,202,0.5538461538461539
null,0.0,auroc_decline_vs_rest,203,0.7384615384615385
null,0.0,auroc_decline_vs_rest,204,0.5692307692307692
null,0.0,auroc_decline_vs_rest,205,0.49230769230769234
null,0.0,auroc_decline_vs_rest,206,0.47692307692307695
null,0.0,auroc_decline_vs_rest,207,0.6153846153846154
null,0.0,auroc_decline_vs_rest,208,0.6923076923076923
null,0.0,auroc_decline_vs_rest,209,0.6307692307692307
null,0.0,auroc_decline_vs_rest,210,0.4461538461538462
null,0.0,auroc_decline_vs_rest,211,0.6307692307692307
null,0.0,auroc_decline_vs_rest,212,0.5076923076923077
null,0.0,auroc_decline_vs_rest,213,0.5230769230769231
null,0.0,auroc_decline_vs_rest,214,0.4153846153846154
null,0.0,auroc_decline_vs_rest,215,0.2
null,0.0,auroc_decline_vs_rest,216,0.4461538461538462
null,0.0,auroc_decline_vs_rest,217,0.5076923076923077
null,0.0,auroc_decline_vs_rest,218,0.6153846153846154
null,0.0,auroc_decline_vs_rest,219,0.4153846153846154
null,0.0,auroc_decline_vs_rest,220,0.4461538461538462
null,0.0,auroc_decline_vs_rest,221,0.47692307692307695
null,0.0,auroc_decline_vs_rest,222,0.38461538461538464
null,0.0,auroc_decline_vs_rest,223,0.38461538461538464
null,0.0,auroc_decline_vs_rest,224,0.36923076923076925
null,0.0,auroc_decline_vs_rest,225,0.5230769230769231
null,0.0,auroc_decline_vs_rest,226,0.47692307692307695
null,0.0,auroc_decline_vs_rest,227,0.5384615384615384
null,0.0,auroc_decline_vs_rest,228,0.5846153846153846
null,0.0,auroc_decline_vs_rest,229,0.5384615384615384
null,0.0,auroc_decline_vs_rest,230,0.5230769230769231
null,0.0,auroc_decline_vs_rest,231,0.4
null,0.0,auroc_decline_vs_rest,232,0.6615384615384615
null,0.0,auroc_decline_vs_rest,233,0.6
null,0.0,auroc_decline_vs_rest,234,0.8461538461538461
null,0.0,auroc_decline_vs_rest,235,0.5692307692307692
null,0.0,auroc_decline_vs_rest,236,0.3230769230769231
null,0.0,auroc_decline_vs_rest,237,0.49230769230769234
null,0.0,auroc_decline_vs_rest,238,0.8307692307692308
null,0.0,auroc_decline_vs_rest,239,0.5076923076923077
null,0.0,auroc_decline_vs_rest,240,0.36923076923076925
null,0.0,auroc_decline_vs_rest,241,0.5538461538461539
null,0.0,auroc_decline_vs_rest,242,0.5076923076923077
null,0.0,auroc_decline_vs_rest,243,0.36923076923076925
null,0.0,auroc_decline_vs_rest,244,0.7538461538461538
null,0.0,auroc_decline_vs_rest,245,0.49230769230769234
null,0.0,auroc_decline_vs_rest,246,0.3230769230769231
null,0.0,auroc_decline_vs_rest,247,0.6307692307692307
null,0.0,auroc_decline_vs_rest,248,0.47692307692307695
null,0.0,auroc_decline_vs_rest,249,0.5692307692307692
null,0.0,auroc_decline_vs_rest,250,0.47692307692307695
null,0.0,auroc_decline_vs_rest,251,0.5846153846153846
null,0.0,auroc_decline_vs_rest,252,0.5230769230769231
null,0.0,auroc_decline_vs_rest,253,0.8153846153846154
null,0.0,auroc_decline_vs_rest,254,0.5538461538461539
null,0.0,auroc_decline_vs_rest,255,0.6461538461538462
null,0.0,auroc_decline_vs_rest,256,0.5692307692307692
null,0.0,auroc_decline_vs_rest,257,0.5076923076923077
null,0.0,auroc_decline_vs_rest,258,0.49230769230769234
null,0.0,auroc_decline_vs_rest,259,0.8307692307692308
null,0.0,auroc_decline_vs_rest,260,0.46153846153846156
null,0.0,auroc_decline_vs_rest,261,0.7076923076923077
null,0.0,auroc_decline_vs_rest,262,0.35384615384615387
null,0.0,auroc_decline_vs_rest,263,0.5846153846153846
null,0.0,auroc_decline_vs_rest,264,0.8307692307692308
null,0.0,auroc_decline_vs_rest,265,0.4461538461538462
null,0.0,auroc_decline_vs_rest,266,0.5692307692307692
null,0.0,auroc_decline_vs_rest,267,0.5538461538461539
null,0.0,auroc_decline_vs_rest,268,0.5384615384615384
null,0.0,auroc_decline_vs_rest,269,0.7230769230769231
null,0.0,auroc_decline_vs_rest,270,0.7076923076923077
null,0.0,auroc_decline_vs_rest,271,0.46153846153846156
null,0.0,auroc_decline_vs_rest,272,0.4
null,0.0,auroc_decline_vs_rest,273,0.6461538461538462
null,0.0,auroc_decline_vs_rest,274,0.2923076923076923
null,0.0,auroc_decline_vs_rest,275,0.5538461538461539
null,0.0,auroc_decline_vs_rest,276,0.7692307692307693
null,0.0,auroc_decline_vs_rest,277,0.49230769230769234
null,0.0,auroc_decline_vs_rest,278,0.35384615384615387
null,0.0,auroc_decline_vs_rest,279,0.4461538461538462
null,0.0,auroc_decline_vs_rest,280,0.5384615384615384
null,0.0,auroc_decline_vs_rest,281,0.6615384615384615
null,0.0,auroc_decline_vs_rest,282,0.7230769230769231
null,0.0,auroc_decline_vs_rest,283,0.5538461538461539
null,0.0,auroc_decline_vs_rest,284,0.46153846153846156
null,0.0,auroc_decline_vs_rest,285,0.8
null,0.0,auroc_decline_vs_rest,286,0.49230769230769234
null,0.0,auroc_decline_vs_rest,287,0.2923076923076923
null,0.0,auroc_decline_vs_rest,288,0.3384615384615385
null,0.0,auroc_decline_vs_rest,289,0.5230769230769231
null,0.0,auroc_decline_vs_rest,290,0.35384615384615387
null,0.0,auroc_decline_vs_rest,291,0.5846153846153846
null,0.0,auroc_decline_vs_rest,292,0.4153846153846154
null,0.0,auroc_decline_vs_rest,293,0.7384615384615385
null,0.0,auroc_decline_vs_rest,294,0.7846153846153846
null,0.0,auroc_decline_vs_rest,295,0.5538461538461539
null,0.0,auroc_decline_vs_rest,296,0.7230769230769231
null,0.0,auroc_decline_vs_rest,297,0.24615384615384617
null,0.0,auroc_decline_vs_rest,298,0.38461538461538464
null,0.0,auroc_decline_vs_rest,299,0.49230769230769234
null,0.0,auroc_decline_vs_rest,300,0.5692307692307692
null,0.0,auroc_decline_vs_rest,301,0.6307692307692307
null,0.0,auroc_decline_vs_rest,302,0.676923076923077
null,0.0,auroc_decline_vs_rest,303,0.6461538461538462
null,0.0,auroc_decline_vs_rest,304,0.5692307692307692
null,0.0,auroc_decline_vs_rest,305,0.4307692307692308
null,0.0,auroc_decline_vs_rest,306,0.49230769230769234
null,0.0,auroc_decline_vs_rest,307,0.5846153846153846
null,0.0,auroc_decline_vs_rest,308,0.4
null,0.0,auroc_decline_vs_rest,309,0.49230769230769234
null,0.0,auroc_decline_vs_rest,310,0.3384615384615385
null,0.0,auroc_decline_vs_rest,311,0.5076923076923077
null,0.0,auroc_decline_vs_rest,312,0.4
null,0.0,auroc_decline_vs_rest,313,0.49230769230769234
null,0.0,auroc_decline_vs_rest,314,0.5230769230769231
null,0.0,auroc_decline_vs_rest,315,0.6615384615384615
null,0.0,auroc_decline_vs_rest,316,0.6923076923076923
null,0.0,auroc_decline_vs_rest,317,0.7230769230769231
null,0.0,auroc_decline_vs_rest,318,0.8
null,0.0,auroc_decline_vs_rest,319,0.7076923076923077
null,0.0,auroc_decline_vs_rest,320,0.6153846153846154
null,0.0,auroc_decline_vs_rest,321,0.7230769230769231
null,0.0,auroc_decline_vs_rest,322,0.5076923076923077
null,0.0,auroc_decline_vs_rest,323,0.7846153846153846
null,0.0,auroc_decline_vs_rest,324,0.4
null,0.0,auroc_decline_vs_rest,325,0.6923076923076923
null,0.0,auroc_decline_vs_rest,326,0.6615384615384615
null,0.0,auroc_decline_vs_rest,327,0.4461538461538462
null,0.0,auroc_decline_vs_rest,328,0.49230769230769234
null,0.0,auroc_decline_vs_rest,329,0.8307692307692308
null,0.0,auroc_decline_vs_rest,330,0.46153846153846156
null,0.0,auroc_decline_vs_rest,331,0.5846153846153846
null,0.0,auroc_decline_vs_rest,332,0.6
null,0.0,auroc_decline_vs_rest,333,0.7230769230769231
null,0.0,auroc_decline_vs_rest,334,0.5846153846153846
null,0.0,auroc_decline_vs_rest,335,0.6153846153846154
null,0.0,auroc_decline_vs_rest,336,0.4307692307692308
null,0.0,auroc_decline_vs_rest,337,0.5692307692307692
null,0.0,auroc_decline_vs_rest,338,0.26153846153846155
null,0.0,auroc_decline_vs_rest,339,0.27692307692307694
null,0.0,auroc_decline_vs_rest,340,0.47692307692307695
null,0.0,auroc_decline_vs_rest,341,0.7384615384615385
null,0.0,auroc_decline_vs_rest,342,0.4461538461538462
null,0.0,auroc_decline_vs_rest,343,0.5538461538461539
null,0.0,auroc_decline_vs_rest,344,0.49230769230769234
null,0.0,auroc_decline_vs_rest,345,0.5230769230769231
null,0.0,auroc_decline_vs_rest,346,0.5538461538461539
null,0.0,auroc_decline_vs_rest,347,0.5384615384615384
null,0.0,auroc_decline_vs_rest,348,0.676923076923077
null,0.0,auroc_decline_vs_rest,349,0.49230769230769234
null,0.0,auroc_decline_vs_rest,350,0.5076923076923077
null,0.0,auroc_decline_vs_rest,351,0.6
null,0.0,auroc_decline_vs_rest,352,0.6153846153846154
null,0.0,auroc_decline_vs_rest,353,0.5538461538461539
null,0.0,auroc_decline_vs_rest,354,0.3076923076923077
null,0.0,auroc_decline_vs_rest,355,0.49230769230769234
null,0.0,auroc_decline_vs_rest,356,0.4
null,0.0,auroc_decline_vs_rest,357,0.5230769230769231
null,0.0,auroc_decline_vs_rest,358,0.5076923076923077
null,0.0,auroc_decline_vs_rest,359,0.5692307692307692
null,0.0,auroc_decline_vs_rest,360,0.6
null,0.0,auroc_decline_vs_rest,361,0.47692307692307695
null,0.0,auroc_decline_vs_rest,362,0.7076923076923077
null,0.0,auroc_decline_vs_rest,363,0.6
null,0.0,auroc_decline_vs_rest,364,0.6461538461538462
null,0.0,auroc_decline_vs_rest,365,0.5692307692307692
null,0.0,auroc_decline_vs_rest,366,0.46153846153846156
null,0.0,auroc_decline_vs_rest,367,0.7538461538461538
null,0.0,auroc_decline_vs_rest,368,0.35384615384615387
null,0.0,auroc_decline_vs_rest,369,0.4461538461538462
null,0.0,auroc_decline_vs_rest,370,0.4461538461538462
null,0.0,auroc_decline_vs_rest,371,0.5384615384615384
null,0.0,auroc_decline_vs_rest,372,0.7846153846153846
null,0.0,auroc_decline_vs_rest,373,0.5846153846153846
null,0.0,auroc_decline_vs_rest,374,0.3076923076923077
null,0.0,auroc_decline_vs_rest,375,0.35384615384615387
null,0.0,auroc_decline_vs_rest,376,0.5692307692307692
null,0.0,auroc_decline_vs_rest,377,0.7538461538461538
null,0.0,auroc_decline_vs_rest,378,0.35384615384615387
null,0.0,auroc_decline_vs_rest,379,0.5076923076923077
null,0.0,auroc_decline_vs_rest,380,0.5230769230769231
null,0.0,auroc_decline_vs_rest,381,0.7076923076923077
null,0.0,auroc_decline_vs_rest,382,0.46153846153846156
null,0.0,auroc_decline_vs_rest,383,0.4461538461538462
null,0.0,auroc_decline_vs_rest,384,0.35384615384615387
null,0.0,auroc_decline_vs_rest,385,0.7076923076923077
null,0.0,auroc_decline_vs_rest,386,0.4307692307692308
null,0.0,auroc_decline_vs_rest,387,0.5076923076923077
null,0.0,auroc_decline_vs_rest,388,0.4153846153846154
null,0.0,auroc_decline_vs_rest,389,0.7538461538461538
null,0.0,auroc_decline_vs_rest,390,0.6923076923076923
null,0.0,auroc_decline_vs_rest,391,0.5230769230769231
null,0.0,auroc_decline_vs_rest,392,0.5538461538461539
null,0.0,auroc_decline_vs_rest,393,0.6461538461538462
null,0.0,auroc_decline_vs_rest,394,0.49230769230769234
null,0.0,auroc_decline_vs_rest,395,0.6461538461538462
null,0.0,auroc_decline_vs_rest,396,0.7538461538461538
null,0.0,auroc_decline_vs_rest,397,0.46153846153846156
null,0.0,auroc_decline_vs_rest,398,0.6461538461538462
null,0.0,auroc_decline_vs_rest,399,0.6307692307692307
null,0.0,auroc_decline_vs_rest,400,0.5076923076923077
null,0.0,auroc_decline_vs_rest,401,0.49230769230769234
null,0.0,auroc_decline_vs_rest,402,0.5076923076923077
null,0.0,auroc_decline_vs_rest,403,0.47692307692307695
null,0.0,auroc_decline_vs_rest,404,0.4307692307692308
null,0.0,auroc_decline_vs_rest,405,0.5692307692307692
null,0.0,auroc_decline_vs_rest,406,0.5230769230769231
null,0.0,auroc_decline_vs_rest,407,0.23076923076923078
null,0.0,auroc_decline_vs_rest,408,0.7076923076923077
null,0.0,auroc_decline_vs_rest,409,0.8307692307692308
null,0.0,auroc_decline_vs_rest,410,0.7230769230769231
null,0.0,auroc_decline_vs_rest,411,0.7230769230769231
null,0.0,auroc_decline_vs_rest,412,0.8615384615384616
null,0.0,auroc_decline_vs_rest,413,0.35384615384615387
null,0.0,auroc_decline_vs_rest,414,0.47692307692307695
null,0.0,auroc_decline_vs_rest,415,0.6461538461538462
null,0.0,auroc_decline_vs_rest,416,0.6153846153846154
null,0.0,auroc_decline_vs_rest,417,0.47692307692307695
null,0.0,auroc_decline_vs_rest,418,0.4307692307692308
null,0.0,auroc_decline_vs_rest,419,0.49230769230769234
null,0.0,auroc_decline_vs_rest,420,0.4461538461538462
null,0.0,auroc_decline_vs_rest,421,0.5692307692307692
null,0.0,auroc_decline_vs_rest,422,0.8
null,0.0,auroc_decline_vs_rest,423,0.6
null,0.0,auroc_decline_vs_rest,424,0.6923076923076923
null,0.0,auroc_decline_vs_rest,425,0.4307692307692308
null,0.0,auroc_decline_vs_rest,426,0.6461538461538462
null,0.0,auroc_decline_vs_rest,427,0.5538461538461539
null,0.0,auroc_decline_vs_rest,428,0.5846153846153846
null,0.0,auroc_decline_vs_rest,429,0.7076923076923077
null,0.0,auroc_decline_vs_rest,430,0.2923076923076923
null,0.0,auroc_decline_vs_rest,431,0.49230769230769234
null,0.0,auroc_decline_vs_rest,432,0.6153846153846154
null,0.0,auroc_decline_vs_rest,433,0.26153846153846155
null,0.0,auroc_decline_vs_rest,434,0.49230769230769234
null,0.0,auroc_decline_vs_rest,435,0.4307692307692308
null,0.0,auroc_decline_vs_rest,436,0.3384615384615385
null,0.0,auroc_decline_vs_rest,437,0.5692307692307692
null,0.0,auroc_decline_vs_rest,438,0.4307692307692308
null,0.0,auroc_decline_vs_rest,439,0.6307692307692307
null,0.0,auroc_decline_vs_rest,440,0.5384615384615384
null,0.0,auroc_decline_vs_rest,441,0.38461538461538464
null,0.0,auroc_decline_vs_rest,442,0.5076923076923077
null,0.0,auroc_decline_vs_rest,443,0.26153846153846155
null,0.0,auroc_decline_vs_rest,444,0.7692307692307693
null,0.0,auroc_decline_vs_rest,445,0.5846153846153846
null,0.0,auroc_decline_vs_rest,446,0.7230769230769231
null,0.0,auroc_decline_vs_rest,447,0.7384615384615385
null,0.0,auroc_decline_vs_rest,448,0.4153846153846154
null,0.0,auroc_decline_vs_rest,449,0.4153846153846154
null,0.0,auroc_decline_vs_rest,450,0.5076923076923077
null,0.0,auroc_decline_vs_rest,451,0.6307692307692307
null,0.0,auroc_decline_vs_rest,452,0.5846153846153846
null,0.0,auroc_decline_vs_rest,453,0.35384615384615387
null,0.0,auroc_decline_vs_rest,454,0.5076923076923077
null,0.0,auroc_decline_vs_rest,455,0.8461538461538461
null,0.0,auroc_decline_vs_rest,456,0.7846153846153846
null,0.0,auroc_decline_vs_rest,457,0.5538461538461539
null,0.0,auroc_decline_vs_rest,458,0.4153846153846154
null,0.0,auroc_decline_vs_rest,459,0.4153846153846154
null,0.0,auroc_decline_vs_rest,460,0.5846153846153846
null,0.0,auroc_decline_vs_rest,461,0.7076923076923077
null,0.0,auroc_decline_vs_rest,462,0.36923076923076925
null,0.0,auroc_decline_vs_rest,463,0.2923076923076923
null,0.0,auroc_decline_vs_rest,464,0.26153846153846155
null,0.0,auroc_decline_vs_rest,465,0.6153846153846154
null,0.0,auroc_decline_vs_rest,466,0.36923076923076925
null,0.0,auroc_decline_vs_rest,467,0.5692307692307692
null,0.0,auroc_decline_vs_rest,468,0.6461538461538462
null,0.0,auroc_decline_vs_rest,469,0.7076923076923077
null,0.0,auroc_decline_vs_rest,470,0.5230769230769231
null,0.0,auroc_decline_vs_rest,471,0.2923076923076923
null,0.0,auroc_decline_vs_rest,472,0.4
null,0.0,auroc_decline_vs_rest,473,0.676923076923077
null,0.0,auroc_decline_vs_rest,474,0.36923076923076925
null,0.0,auroc_decline_vs_rest,475,0.4307692307692308
null,0.0,auroc_decline_vs_rest,476,0.4
null,0.0,auroc_decline_vs_rest,477,0.4461538461538462
null,0.0,auroc_decline_vs_rest,478,0.46153846153846156
null,0.0,auroc_decline_vs_rest,479,0.38461538461538464
null,0.0,auroc_decline_vs_rest,480,0.5230769230769231
null,0.0,auroc_decline_vs_rest,481,0.5846153846153846
null,0.0,auroc_decline_vs_rest,482,0.6615384615384615
null,0.0,auroc_decline_vs_rest,483,0.7692307692307693
null,0.0,auroc_decline_vs_rest,484,0.5692307692307692
null,0.0,auroc_decline_vs_rest,485,0.38461538461538464
null,0.0,auroc_decline_vs_rest,486,0.35384615384615387
null,0.0,auroc_decline_vs_rest,487,0.7846153846153846
null,0.0,auroc_decline_vs_rest,488,0.5384615384615384
null,0.0,auroc_decline_vs_rest,489,0.6
null,0.0,auroc_decline_vs_rest,490,0.4461538461538462
null,0.0,auroc_decline_vs_rest,491,0.5846153846153846
null,0.0,auroc_decline_vs_rest,492,0.5538461538461539
null,0.0,auroc_decline_vs_rest,493,0.3384615384615385
null,0.0,auroc_decline_vs_rest,494,0.4153846153846154
null,0.0,auroc_decline_vs_rest,495,0.15384615384615385
null,0.0,auroc_decline_vs_rest,496,0.5692307692307692
null,0.0,auroc_decline_vs_rest,497,0.5846153846153846
null,0.0,auroc_decline_vs_rest,498,0.4
null,0.0,auroc_decline_vs_rest,499,0.5692307692307692
null,0.0,auroc_decline_vs_rest,500,0.8
null,0.0,auroc_decline_vs_rest,501,0.49230769230769234
null,0.0,auroc_decline_vs_rest,502,0.5538461538461539
null,0.0,auroc_decline_vs_rest,503,0.2923076923076923
null,0.0,auroc_decline_vs_rest,504,0.5692307692307692
null,0.0,auroc_decline_vs_rest,505,0.4
null,0.0,auroc_decline_vs_rest,506,0.5846153846153846
null,0.0,auroc_decline_vs_rest,507,0.5076923076923077
null,0.0,auroc_decline_vs_rest,508,0.8307692307692308
null,0.0,auroc_decline_vs_rest,509,0.5076923076923077
null,0.0,auroc_decline_vs_rest,510,0.2153846153846154
null,0.0,auroc_decline_vs_rest,511,0.6461538461538462
null,0.05,auroc_decline_vs_increase,0,0.55
null,0.05,auroc_decline_vs_increase,1,0.65
null,0.05,auroc_decline_vs_increase,2,0.4
null,0.05,auroc_decline_vs_increase,3,0.6
null,0.05,auroc_decline_vs_increase,4,0.55
null,0.05,auroc_decline_vs_increase,5,0.8
null,0.05,auroc_decline_vs_increase,6,0.7
null,0.05,auroc_decline_vs_increase,7,0.7
null,0.05,auroc_decline_vs_increase,8,0.85
null,0.05,auroc_decline_vs_increase,9,0.45
null,0.05,auroc_decline_vs_increase,10,0.7
null,0.05,auroc_decline_vs_increase,11,0.5
null,0.05,auroc_decline_vs_increase,12,0.5
null,0.05,auroc_decline_vs_increase,13,0.85
null,0.05,auroc_decline_vs_increase,14,0.7
null,0.05,auroc_decline_vs_increase,15,1.0
null,0.05,auroc_decline_vs_increase,16,0.3
null,0.05,auroc_decline_vs_increase,17,0.75
null,0.05,auroc_decline_vs_increase,18,0.5
null,0.05,auroc_decline_vs_increase,19,0.15
null,0.05,auroc_decline_vs_increase,20,0.3
null,0.05,auroc_decline_vs_increase,21,0.15
null,0.05,auroc_decline_vs_increase,22,0.8
null,0.05,auroc_decline_vs_increase,23,0.7
null,0.05,auroc_decline_vs_increase,24,0.65
null,0.05,auroc_decline_vs_increase,25,0.9
null,0.05,auroc_decline_vs_increase,26,1.0
null,0.05,auroc_decline_vs_increase,27,0.7
null,0.05,auroc_decline_vs_increase,28,0.55
null,0.05,auroc_decline_vs_increase,29,0.9
null,0.05,auroc_decline_vs_increase,30,0.3
null,0.05,auroc_decline_vs_increase,31,0.65
null,0.05,auroc_decline_vs_increase,32,0.65
null,0.05,auroc_decline_vs_increase,33,0.7
null,0.05,auroc_decline_vs_increase,34,0.55
null,0.05,auroc_decline_vs_increase,35,0.1
null,0.05,auroc_decline_vs_increase,36,0.85
null,0.05,auroc_decline_vs_increase,37,0.3
null,0.05,auroc_decline_vs_increase,38,0.5
null,0.05,auroc_decline_vs_increase,39,1.0
null,0.05,auroc_decline_vs_increase,40,0.85
null,0.05,auroc_decline_vs_increase,41,1.0
null,0.05,auroc_decline_vs_increase,42,0.7
null,0.05,auroc_decline_vs_increase,43,0.1
null,0.05,auroc_decline_vs_increase,44,0.25
null,0.05,auroc_decline_vs_increase,45,0.45
null,0.05,auroc_decline_vs_increase,46,0.55
null,0.05,auroc_decline_vs_increase,47,0.75
null,0.05,auroc_decline_vs_increase,48,0.45
null,0.05,auroc_decline_vs_increase,49,0.7
null,0.05,auroc_decline_vs_increase,50,0.45
null,0.05,auroc_decline_vs_increase,51,0.9
null,0.05,auroc_decline_vs_increase,52,0.35
null,0.05,auroc_decline_vs_increase,53,0.6
null,0.05,auroc_decline_vs_increase,54,0.5
null,0.05,auroc_decline_vs_increase,55,0.7
null,0.05,auroc_decline_vs_increase,56,0.55
null,0.05,auroc_decline_vs_increase,57,0.6
null,0.05,auroc_decline_vs_increase,58,0.9
null,0.05,auroc_decline_vs_increase,59,0.55
null,0.05,auroc_decline_vs_increase,60,0.4
null,0.05,auroc_decline_vs_increase,61,0.6
null,0.05,auroc_decline_vs_increase,62,0.7
null,0.05,auroc_decline_vs_increase,63,0.4
null,0.05,auroc_decline_vs_increase,64,0.35
null,0.05,auroc_decline_vs_increase,65,0.4
null,0.05,auroc_decline_vs_increase,66,0.4
null,0.05,auroc_decline_vs_increase,67,0.45
null,0.05,auroc_decline_vs_increase,68,0.85
null,0.05,auroc_decline_vs_increase,69,0.55
null,0.05,auroc_decline_vs_increase,70,0.55
null,0.05,auroc_decline_vs_increase,71,0.9
null,0.05,auroc_decline_vs_increase,72,0.45
null,0.05,auroc_decline_vs_increase,73,0.8
null,0.05,auroc_decline_vs_increase,74,0.75
null,0.05,auroc_decline_vs_increase,75,0.6
null,0.05,auroc_decline_vs_increase,76,0.25
null,0.05,auroc_decline_vs_increase,77,0.1
null,0.05,auroc_decline_vs_increase,78,0.3
null,0.05,auroc_decline_vs_increase,79,0.85
null,0.05,auroc_decline_vs_increase,80,0.35
null,0.05,auroc_decline_vs_increase,81,0.4
null,0.05,auroc_decline_vs_increase,82,0.8
null,0.05,auroc_decline_vs_increase,83,0.15
null,0.05,auroc_decline_vs_increase,84,1.0
null,0.05,auroc_decline_vs_increase,85,0.35
null,0.05,auroc_decline_vs_increase,86,0.45
null,0.05,auroc_decline_vs_increase,87,0.9
null,0.05,auroc_decline_vs_increase,88,0.3
null,0.05,auroc_decline_vs_increase,89,0.15
null,0.05,auroc_decline_vs_increase,90,0.15
null,0.05,auroc_decline_vs_increase,91,0.65
null,0.05,auroc_decline_vs_increase,92,0.3
null,0.05,auroc_decline_vs_increase,93,0.85
null,0.05,auroc_decline_vs_increase,94,0.45
null,0.05,auroc_decline_vs_increase,95,0.45
null,0.05,auroc_decline_vs_increase,96,0.8
null,0.05,auroc_decline_vs_increase,97,0.3
null,0.05,auroc_decline_vs_increase,98,0.75
null,0.05,auroc_decline_vs_increase,99,0.7
null,0.05,auroc_decline_vs_increase,100,0.45
null,0.05,auroc_decline_vs_increase,101,1.0
null,0.05,auroc_decline_vs_increase,102,0.65
null,0.05,auroc_decline_vs_increase,103,0.3
null,0.05,auroc_decline_vs_increase,104,0.85
null,0.05,auroc_decline_vs_increase,105,1.0
null,0.05,auroc_decline_vs_increase,106,1.0
null,0.05,auroc_decline_vs_increase,107,0.3
null,0.05,auroc_decline_vs_increase,108,0.65
null,0.05,auroc_decline_vs_increase,109,0.85
null,0.05,auroc_decline_vs_increase,110,0.4
null,0.05,auroc_decline_vs_increase,111,0.8
null,0.05,auroc_decline_vs_increase,112,0.3
null,0.05,auroc_decline_vs_increase,113,0.65
null,0.05,auroc_decline_vs_increase,114,0.35
null,0.05,auroc_decline_vs_increase,115,0.3
null,0.05,auroc_decline_vs_increase,116,0.2
null,0.05,auroc_decline_vs_increase,117,0.4
null,0.05,auroc_decline_vs_increase,118,0.8
null,0.05,auroc_decline_vs_increase,119,0.25
null,0.05,auroc_decline_vs_increase,120,0.65
null,0.05,auroc_decline_vs_increase,121,0.4
null,0.05,auroc_decline_vs_increase,122,0.6
null,0.05,auroc_decline_vs_increase,123,0.45
null,0.05,auroc_decline_vs_increase,124,0.8
null,0.05,auroc_decline_vs_increase,125,0.25
null,0.05,auroc_decline_vs_increase,126,0.7
null,0.05,auroc_decline_vs_increase,127,0.55
null,0.05,auroc_decline_vs_increase,128,0.3
null,0.05,auroc_decline_vs_increase,129,0.55
null,0.05,auroc_decline_vs_increase,130,0.7
null,0.05,auroc_decline_vs_increase,131,0.6
null,0.05,auroc_decline_vs_increase,132,0.55
null,0.05,auroc_decline_vs_increase,133,0.45
null,0.05,auroc_decline_vs_increase,134,0.65
null,0.05,auroc_decline_vs_increase,135,0.8
null,0.05,auroc_decline_vs_increase,136,0.6
null,0.05,auroc_decline_vs_increase,137,0.85
null,0.05,auroc_decline_vs_increase,138,0.6
null,0.05,auroc_decline_vs_increase,139,0.6
null,0.05,auroc_decline_vs_increase,140,0.65
null,0.05,auroc_decline_vs_increase,141,0.55
null,0.05,auroc_decline_vs_increase,142,0.7
null,0.05,auroc_decline_vs_increase,143,0.7
null,0.05,auroc_decline_vs_increase,144,0.65
null,0.05,auroc_decline_vs_increase,145,0.3
null,0.05,auroc_decline_vs_increase,146,0.7
null,0.05,auroc_decline_vs_increase,147,1.0
null,0.05,auroc_decline_vs_increase,148,0.35
null,0.05,auroc_decline_vs_increase,149,0.3
null,0.05,auroc_decline_vs_increase,150,0.3
null,0.05,auroc_decline_vs_increase,151,0.15
null,0.05,auroc_decline_vs_increase,152,0.2
null,0.05,auroc_decline_vs_increase,153,0.85
null,0.05,auroc_decline_vs_increase,154,0.3
null,0.05,auroc_decline_vs_increase,155,0.5
null,0.05,auroc_decline_vs_increase,156,0.85
null,0.05,auroc_decline_vs_increase,157,0.45
null,0.05,auroc_decline_vs_increase,158,0.4
null,0.05,auroc_decline_vs_increase,159,0.4
null,0.05,auroc_decline_vs_increase,160,0.6
null,0.05,auroc_decline_vs_increase,161,0.5
null,0.05,auroc_decline_vs_increase,162,0.7
null,0.05,auroc_decline_vs_increase,163,0.4
null,0.05,auroc_decline_vs_increase,164,0.85
null,0.05,auroc_decline_vs_increase,165,0.55
null,0.05,auroc_decline_vs_increase,166,0.7
null,0.05,auroc_decline_vs_increase,167,0.6
null,0.05,auroc_decline_vs_increase,168,0.3
null,0.05,auroc_decline_vs_increase,169,0.85
null,0.05,auroc_decline_vs_increase,170,0.4
null,0.05,auroc_decline_vs_increase,171,0.65
null,0.05,auroc_decline_vs_increase,172,0.3
null,0.05,auroc_decline_vs_increase,173,0.65
null,0.05,auroc_decline_vs_increase,174,0.4
null,0.05,auroc_decline_vs_increase,175,0.45
null,0.05,auroc_decline_vs_increase,176,0.75
null,0.05,auroc_decline_vs_increase,177,0.5
null,0.05,auroc_decline_vs_increase,178,0.6
null,0.05,auroc_decline_vs_increase,179,0.75
null,0.05,auroc_decline_vs_increase,180,0.45
null,0.05,auroc_decline_vs_increase,181,0.85
null,0.05,auroc_decline_vs_increase,182,0.4
null,0.05,auroc_decline_vs_increase,183,0.35
null,0.05,auroc_decline_vs_increase,184,0.8
null,0.05,auroc_decline_vs_increase,185,0.3
null,0.05,auroc_decline_vs_increase,186,0.65
null,0.05,auroc_decline_vs_increase,187,0.55
null,0.05,auroc_decline_vs_increase,188,0.8
null,0.05,auroc_decline_vs_increase,189,0.55
null,0.05,auroc_decline_vs_increase,190,0.6
null,0.05,auroc_decline_vs_increase,191,0.75
null,0.05,auroc_decline_vs_increase,192,0.5
null,0.05,auroc_decline_vs_increase,193,0.7
null,0.05,auroc_decline_vs_increase,194,0.3
null,0.05,auroc_decline_vs_increase,195,0.45
null,0.05,auroc_decline_vs_increase,196,0.7
null,0.05,auroc_decline_vs_increase,197,0.3
null,0.05,auroc_decline_vs_increase,198,0.5
null,0.05,auroc_decline_vs_increase,199,0.6
null,0.05,auroc_decline_vs_increase,200,0.35
null,0.05,auroc_decline_vs_increase,201,0.45
null,0.05,auroc_decline_vs_increase,202,0.65
null,0.05,auroc_decline_vs_increase,203,1.0
null,0.05,auroc_decline_vs_increase,204,0.4
null,0.05,auroc_decline_vs_increase,205,0.55
null,0.05,auroc_decline_vs_increase,206,0.45
null,0.05,auroc_decline_vs_increase,207,0.55
null,0.05,auroc_decline_vs_increase,208,0.85
null,0.05,auroc_decline_vs_increase,209,0.65
null,0.05,auroc_decline_vs_increase,210,0.45
null,0.05,auroc_decline_vs_increase,211,0.35
null,0.05,auroc_decline_vs_increase,212,0.4
null,0.05,auroc_decline_vs_increase,213,0.3
null,0.05,auroc_decline_vs_increase,214,0.4
null,0.05,auroc_decline_vs_increase,215,0.2
null,0.05,auroc_decline_vs_increase,216,0.55
null,0.05,auroc_decline_vs_increase,217,0.35
null,0.05,auroc_decline_vs_increase,218,0.5
null,0.05,auroc_decline_vs_increase,219,0.7
null,0.05,auroc_decline_vs_increase,220,0.2
null,0.05,auroc_decline_vs_increase,221,0.55
null,0.05,auroc_decline_vs_increase,222,0.3
null,0.05,auroc_decline_vs_increase,223,0.15
null,0.05,auroc_decline_vs_increase,224,0.4
null,0.05,auroc_decline_vs_increase,225,0.4
null,0.05,auroc_decline_vs_increase,226,0.3
null,0.05,auroc_decline_vs_increase,227,0.65
null,0.05,auroc_decline_vs_increase,228,0.6
null,0.05,auroc_decline_vs_increase,229,0.5
null,0.05,auroc_decline_vs_increase,230,0.75
null,0.05,auroc_decline_vs_increase,231,0.65
null,0.05,auroc_decline_vs_increase,232,0.4
null,0.05,auroc_decline_vs_increase,233,0.7
null,0.05,auroc_decline_vs_increase,234,0.9
null,0.05,auroc_decline_vs_increase,235,0.65
null,0.05,auroc_decline_vs_increase,236,0.25
null,0.05,auroc_decline_vs_increase,237,0.2
null,0.05,auroc_decline_vs_increase,238,0.85
null,0.05,auroc_decline_vs_increase,239,0.35
null,0.05,auroc_decline_vs_increase,240,0.45
null,0.05,auroc_decline_vs_increase,241,0.7
null,0.05,auroc_decline_vs_increase,242,0.3
null,0.05,auroc_decline_vs_increase,243,0.4
null,0.05,auroc_decline_vs_increase,244,1.0
null,0.05,auroc_decline_vs_increase,245,0.55
null,0.05,auroc_decline_vs_increase,246,0.45
null,0.05,auroc_decline_vs_increase,247,0.55
null,0.05,auroc_decline_vs_increase,248,0.45
null,0.05,auroc_decline_vs_increase,249,0.75
null,0.05,auroc_decline_vs_increase,250,0.3
null,0.05,auroc_decline_vs_increase,251,0.4
null,0.05,auroc_decline_vs_increase,252,0.7
null,0.05,auroc_decline_vs_increase,253,0.9
null,0.05,auroc_decline_vs_increase,254,0.4
null,0.05,auroc_decline_vs_increase,255,0.85
null,0.05,auroc_decline_vs_increase,256,0.65
null,0.05,auroc_decline_vs_increase,257,0.5
null,0.05,auroc_decline_vs_increase,258,0.45
null,0.05,auroc_decline_vs_increase,259,1.0
null,0.05,auroc_decline_vs_increase,260,0.55
null,0.05,auroc_decline_vs_increase,261,0.7
null,0.05,auroc_decline_vs_increase,262,0.4
null,0.05,auroc_decline_vs_increase,263,0.65
null,0.05,auroc_decline_vs_increase,264,1.0
null,0.05,auroc_decline_vs_increase,265,0.35
null,0.05,auroc_decline_vs_increase,266,0.5
null,0.05,auroc_decline_vs_increase,267,0.55
null,0.05,auroc_decline_vs_increase,268,0.45
null,0.05,auroc_decline_vs_increase,269,0.85
null,0.05,auroc_decline_vs_increase,270,0.7
null,0.05,auroc_decline_vs_increase,271,0.65
null,0.05,auroc_decline_vs_increase,272,0.65
null,0.05,auroc_decline_vs_increase,273,0.7
null,0.05,auroc_decline_vs_increase,274,0.4
null,0.05,auroc_decline_vs_increase,275,0.65
null,0.05,auroc_decline_vs_increase,276,0.8
null,0.05,auroc_decline_vs_increase,277,0.45
null,0.05,auroc_decline_vs_increase,278,0.15
null,0.05,auroc_decline_vs_increase,279,0.75
null,0.05,auroc_decline_vs_increase,280,0.5
null,0.05,auroc_decline_vs_increase,281,0.8
null,0.05,auroc_decline_vs_increase,282,0.85
null,0.05,auroc_decline_vs_increase,283,0.65
null,0.05,auroc_decline_vs_increase,284,0.45
null,0.05,auroc_decline_vs_increase,285,0.7
null,0.05,auroc_decline_vs_increase,286,0.55
null,0.05,auroc_decline_vs_increase,287,0.15
null,0.05,auroc_decline_vs_increase,288,0.55
null,0.05,auroc_decline_vs_increase,289,0.55
null,0.05,auroc_decline_vs_increase,290,0.2
null,0.05,auroc_decline_vs_increase,291,0.65
null,0.05,auroc_decline_vs_increase,292,0.45
null,0.05,auroc_decline_vs_increase,293,0.75
null,0.05,auroc_decline_vs_increase,294,0.7
null,0.05,auroc_decline_vs_increase,295,0.55
null,0.05,auroc_decline_vs_increase,296,0.9
null,0.05,auroc_decline_vs_increase,297,0.25
null,0.05,auroc_decline_vs_increase,298,0.55
null,0.05,auroc_decline_vs_increase,299,0.4
null,0.05,auroc_decline_vs_increase,300,0.4
null,0.05,auroc_decline_vs_increase,301,0.5
null,0.05,auroc_decline_vs_increase,302,0.7
null,0.05,auroc_decline_vs_increase,303,0.75
null,0.05,auroc_decline_vs_increase,304,0.5
null,0.05,auroc_decline_vs_increase,305,0.4
null,0.05,auroc_decline_vs_increase,306,0.4
null,0.05,auroc_decline_vs_increase,307,0.75
null,0.05,auroc_decline_vs_increase,308,0.5
null,0.05,auroc_decline_vs_increase,309,0.45
null,0.05,auroc_decline_vs_increase,310,0.2
null,0.05,auroc_decline_vs_increase,311,0.5
null,0.05,auroc_decline_vs_increase,312,0.3
null,0.05,auroc_decline_vs_increase,313,0.3
null,0.05,auroc_decline_vs_increase,314,0.5
null,0.05,auroc_decline_vs_increase,315,1.0
null,0.05,auroc_decline_vs_increase,316,0.7
null,0.05,auroc_decline_vs_increase,317,0.85
null,0.05,auroc_decline_vs_increase,318,1.0
null,0.05,auroc_decline_vs_increase,319,0.8
null,0.05,auroc_decline_vs_increase,320,0.35
null,0.05,auroc_decline_vs_increase,321,1.0
null,0.05,auroc_decline_vs_increase,322,0.4
null,0.05,auroc_decline_vs_increase,323,1.0
null,0.05,auroc_decline_vs_increase,324,0.4
null,0.05,auroc_decline_vs_increase,325,0.7
null,0.05,auroc_decline_vs_increase,326,0.65
null,0.05,auroc_decline_vs_increase,327,0.5
null,0.05,auroc_decline_vs_increase,328,0.75
null,0.05,auroc_decline_vs_increase,329,0.85
null,0.05,auroc_decline_vs_increase,330,0.3
null,0.05,auroc_decline_vs_increase,331,0.65
null,0.05,auroc_decline_vs_increase,332,0.85
null,0.05,auroc_decline_vs_increase,333,0.75
null,0.05,auroc_decline_vs_increase,334,0.6
null,0.05,auroc_decline_vs_increase,335,0.7
null,0.05,auroc_decline_vs_increase,336,0.65
null,0.05,auroc_decline_vs_increase,337,0.5
null,0.05,auroc_decline_vs_increase,338,0.3
null,0.05,auroc_decline_vs_increase,339,0.35
null,0.05,auroc_decline_vs_increase,340,0.4
null,0.05,auroc_decline_vs_increase,341,0.85
null,0.05,auroc_decline_vs_increase,342,0.5
null,0.05,auroc_decline_vs_increase,343,0.45
null,0.05,auroc_decline_vs_increase,344,0.55
null,0.05,auroc_decline_vs_increase,345,0.5
null,0.05,auroc_decline_vs_increase,346,0.55
null,0.05,auroc_decline_vs_increase,347,0.65
null,0.05,auroc_decline_vs_increase,348,0.8
null,0.05,auroc_decline_vs_increase,349,0.55
null,0.05,auroc_decline_vs_increase,350,0.55
null,0.05,auroc_decline_vs_increase,351,0.6
null,0.05,auroc_decline_vs_increase,352,0.5
null,0.05,auroc_decline_vs_increase,353,0.55
null,0.05,auroc_decline_vs_increase,354,0.15
null,0.05,auroc_decline_vs_increase,355,0.85
null,0.05,auroc_decline_vs_increase,356,0.4
null,0.05,auroc_decline_vs_increase,357,0.55
null,0.05,auroc_decline_vs_increase,358,0.5
null,0.05,auroc_decline_vs_increase,359,0.6
null,0.05,auroc_decline_vs_increase,360,0.5
null,0.05,auroc_decline_vs_increase,361,0.3
null,0.05,auroc_decline_vs_increase,362,0.85
null,0.05,auroc_decline_vs_increase,363,0.75
null,0.05,auroc_decline_vs_increase,364,0.5
null,0.05,auroc_decline_vs_increase,365,0.55
null,0.05,auroc_decline_vs_increase,366,0.45
null,0.05,auroc_decline_vs_increase,367,0.85
null,0.05,auroc_decline_vs_increase,368,0.45
null,0.05,auroc_decline_vs_increase,369,0.15
null,0.05,auroc_decline_vs_increase,370,0.55
null,0.05,auroc_decline_vs_increase,371,0.4
null,0.05,auroc_decline_vs_increase,372,0.5
null,0.05,auroc_decline_vs_increase,373,0.6
null,0.05,auroc_decline_vs_increase,374,0.65
null,0.05,auroc_decline_vs_increase,375,0.45
null,0.05,auroc_decline_vs_increase,376,0.55
null,0.05,auroc_decline_vs_increase,377,0.6
null,0.05,auroc_decline_vs_increase,378,0.3
null,0.05,auroc_decline_vs_increase,379,0.4
null,0.05,auroc_decline_vs_increase,380,0.45
null,0.05,auroc_decline_vs_increase,381,0.75
null,0.05,auroc_decline_vs_increase,382,0.65
null,0.05,auroc_decline_vs_increase,383,0.65
null,0.05,auroc_decline_vs_increase,384,0.3
null,0.05,auroc_decline_vs_increase,385,0.7
null,0.05,auroc_decline_vs_increase,386,0.35
null,0.05,auroc_decline_vs_increase,387,0.55
null,0.05,auroc_decline_vs_increase,388,0.4
null,0.05,auroc_decline_vs_increase,389,0.85
null,0.05,auroc_decline_vs_increase,390,0.85
null,0.05,auroc_decline_vs_increase,391,0.8
null,0.05,auroc_decline_vs_increase,392,0.45
null,0.05,auroc_decline_vs_increase,393,0.55
null,0.05,auroc_decline_vs_increase,394,0.3
null,0.05,auroc_decline_vs_increase,395,0.7
null,0.05,auroc_decline_vs_increase,396,0.65
null,0.05,auroc_decline_vs_increase,397,0.45
null,0.05,auroc_decline_vs_increase,398,0.7
null,0.05,auroc_decline_vs_increase,399,0.45
null,0.05,auroc_decline_vs_increase,400,0.5
null,0.05,auroc_decline_vs_increase,401,0.3
null,0.05,auroc_decline_vs_increase,402,0.7
null,0.05,auroc_decline_vs_increase,403,0.5
null,0.05,auroc_decline_vs_increase,404,0.35
null,0.05,auroc_decline_vs_increase,405,0.5
null,0.05,auroc_decline_vs_increase,406,0.6
null,0.05,auroc_decline_vs_increase,407,0.2
null,0.05,auroc_decline_vs_increase,408,0.5
null,0.05,auroc_decline_vs_increase,409,1.0
null,0.05,auroc_decline_vs_increase,410,0.95
null,0.05,auroc_decline_vs_increase,411,0.55
null,0.05,auroc_decline_vs_increase,412,0.9
null,0.05,auroc_decline_vs_increase,413,0.45
null,0.05,auroc_decline_vs_increase,414,0.7
null,0.05,auroc_decline_vs_increase,415,0.6
null,0.05,auroc_decline_vs_increase,416,0.65
null,0.05,auroc_decline_vs_increase,417,0.5
null,0.05,auroc_decline_vs_increase,418,0.55
null,0.05,auroc_decline_vs_increase,419,0.45
null,0.05,auroc_decline_vs_increase,420,0.6
null,0.05,auroc_decline_vs_increase,421,0.55
null,0.05,auroc_decline_vs_increase,422,0.85
null,0.05,auroc_decline_vs_increase,423,0.7
null,0.05,auroc_decline_vs_increase,424,0.7
null,0.05,auroc_decline_vs_increase,425,0.35
null,0.05,auroc_decline_vs_increase,426,0.7
null,0.05,auroc_decline_vs_increase,427,0.75
null,0.05,auroc_decline_vs_increase,428,0.75
null,0.05,auroc_decline_vs_increase,429,0.6
null,0.05,auroc_decline_vs_increase,430,0.45
null,0.05,auroc_decline_vs_increase,431,0.6
null,0.05,auroc_decline_vs_increase,432,0.75
null,0.05,auroc_decline_vs_increase,433,0.15
null,0.05,auroc_decline_vs_increase,434,0.55
null,0.05,auroc_decline_vs_increase,435,0.2
null,0.05,auroc_decline_vs_increase,436,0.55
null,0.05,auroc_decline_vs_increase,437,0.35
null,0.05,auroc_decline_vs_increase,438,0.4
null,0.05,auroc_decline_vs_increase,439,0.85
null,0.05,auroc_decline_vs_increase,440,0.4
null,0.05,auroc_decline_vs_increase,441,0.45
null,0.05,auroc_decline_vs_increase,442,0.5
null,0.05,auroc_decline_vs_increase,443,0.3
null,0.05,auroc_decline_vs_increase,444,0.85
null,0.05,auroc_decline_vs_increase,445,0.5
null,0.05,auroc_decline_vs_increase,446,0.65
null,0.05,auroc_decline_vs_increase,447,0.7
null,0.05,auroc_decline_vs_increase,448,0.5
null,0.05,auroc_decline_vs_increase,449,0.5
null,0.05,auroc_decline_vs_increase,450,0.75
null,0.05,auroc_decline_vs_increase,451,0.75
null,0.05,auroc_decline_vs_increase,452,0.55
null,0.05,auroc_decline_vs_increase,453,0.45
null,0.05,auroc_decline_vs_increase,454,0.45
null,0.05,auroc_decline_vs_increase,455,0.7
null,0.05,auroc_decline_vs_increase,456,1.0
null,0.05,auroc_decline_vs_increase,457,0.6
null,0.05,auroc_decline_vs_increase,458,0.5
null,0.05,auroc_decline_vs_increase,459,0.55
null,0.05,auroc_decline_vs_increase,460,0.35
null,0.05,auroc_decline_vs_increase,461,0.7
null,0.05,auroc_decline_vs_increase,462,0.35
null,0.05,auroc_decline_vs_increase,463,0.2
null,0.05,auroc_decline_vs_increase,464,0.35
null,0.05,auroc_decline_vs_increase,465,0.45
null,0.05,auroc_decline_vs_increase,466,0.4
null,0.05,auroc_decline_vs_increase,467,0.55
null,0.05,auroc_decline_vs_increase,468,0.5
null,0.05,auroc_decline_vs_increase,469,0.9
null,0.05,auroc_decline_vs_increase,470,0.8
null,0.05,auroc_decline_vs_increase,471,0.1
null,0.05,auroc_decline_vs_increase,472,0.4
null,0.05,auroc_decline_vs_increase,473,0.7
null,0.05,auroc_decline_vs_increase,474,0.55
null,0.05,auroc_decline_vs_increase,475,0.35
null,0.05,auroc_decline_vs_increase,476,0.45
null,0.05,auroc_decline_vs_increase,477,0.55
null,0.05,auroc_decline_vs_increase,478,0.35
null,0.05,auroc_decline_vs_increase,479,0.65
null,0.05,auroc_decline_vs_increase,480,0.4
null,0.05,auroc_decline_vs_increase,481,0.45
null,0.05,auroc_decline_vs_increase,482,0.7
null,0.05,auroc_decline_vs_increase,483,0.9
null,0.05,auroc_decline_vs_increase,484,0.7
null,0.05,auroc_decline_vs_increase,485,0.45
null,0.05,auroc_decline_vs_increase,486,0.35
null,0.05,auroc_decline_vs_increase,487,0.7
null,0.05,auroc_decline_vs_increase,488,0.6
null,0.05,auroc_decline_vs_increase,489,0.6
null,0.05,auroc_decline_vs_increase,490,0.5
null,0.05,auroc_decline_vs_increase,491,0.7
null,0.05,auroc_decline_vs_increase,492,0.6
null,0.05,auroc_decline_vs_increase,493,0.15
null,0.05,auroc_decline_vs_increase,494,0.5
null,0.05,auroc_decline_vs_increase,495,0.15
null,0.05,auroc_decline_vs_increase,496,0.55
null,0.05,auroc_decline_vs_increase,497,0.7
null,0.05,auroc_decline_vs_increase,498,0.5
null,0.05,auroc_decline_vs_increase,499,0.4
null,0.05,auroc_decline_vs_increase,500,1.0
null,0.05,auroc_decline_vs_increase,501,0.55
null,0.05,auroc_decline_vs_increase,502,0.75
null,0.05,auroc_decline_vs_increase,503,0.4
null,0.05,auroc_decline_vs_increase,504,0.65
null,0.05,auroc_decline_vs_increase,505,0.5
null,0.05,auroc_decline_vs_increase,506,0.65
null,0.05,auroc_decline_vs_increase,507,0.7
null,0.05,auroc_decline_vs_increase,508,0.75
null,0.05,auroc_decline_vs_increase,509,0.55
null,0.05,auroc_decline_vs_increase,510,0.3
null,0.05,auroc_decline_vs_increase,511,0.45
null,0.05,spearman,0,-0.06832474665163193
null,0.05,spearman,1,0.20287194005792253
null,0.05,spearman,2,-0.14716099278813033
null,0.05,spearman,3,0.0767339462395251
null,0.05,spearman,4,-0.027329898660652774
null,0.05,spearman,5,0.18920699072759614
null,0.05,spearman,6,0.31954958433994013
null,0.05,spearman,7,0.3836697311976255
null,0.05,spearman,8,0.5192680745524028
null,0.05,spearman,9,-0.011562649433353098
null,0.05,spearman,10,0.28486163603988085
null,0.05,spearman,11,0.02417644881519284
null,0.05,spearman,12,-0.06201784696071207
null,0.05,spearman,13,0.35213523274302616
null,0.05,spearman,14,0.2585828873277147
null,0.05,spearman,15,0.2764524364519877
null,0.05,spearman,16,-0.1881558407791095
null,0.05,spearman,17,0.22284378907916877
null,0.05,spearman,18,-0.0010511499484866453
null,0.05,spearman,19,-0.32900993387631994
null,0.05,spearman,20,-0.14295639299418375
null,0.05,spearman,21,-0.46145482738563726
null,0.05,spearman,22,0.4046927301673584
null,0.05,spearman,23,0.20182079010943588
null,0.05,spearman,24,-0.0767339462395251
null,0.05,spearman,25,0.35739098248545936
null,0.05,spearman,26,0.5318818739342425
null,0.05,spearman,27,0.27329898660652774
null,0.05,spearman,28,0.03784139814551923
null,0.05,spearman,29,0.4698640269735304
null,0.05,spearman,30,-0.06832474665163193
null,0.05,spearman,31,0.20182079010943588
null,0.05,spearman,32,0.12508684386991079
null,0.05,spearman,33,0.19446274047002937
null,0.05,spearman,34,0.10196154500320459
null,0.05,spearman,35,-0.4025904302703851
null,0.05,spearman,36,0.46145482738563726
null,0.05,spearman,37,-0.29432198557626066
null,0.05,spearman,38,-0.1744908914487831
null,0.05,spearman,39,0.6296388191435005
null,0.05,spearman,40,0.24491793799738834
null,0.05,spearman,41,0.601257770534361
null,0.05,spearman,42,0.2186391892852222
null,0.05,spearman,43,-0.41520422965222487
null,0.05,spearman,44,-0.1419052430456971
null,0.05,spearman,45,-0.2070765398518691
null,0.05,spearman,46,0.14505869289115703
null,0.05,spearman,47,0.18079779113970298
null,0.05,spearman,48,0.025227598763679485
null,0.05,spearman,49,0.07252934644557851
null,0.05,spearman,50,-0.006306899690919871
null,0.05,spearman,51,0.40784618001281836
null,0.05,spearman,52,-0.1881558407791095
null,0.05,spearman,53,0.06096669701222542
null,0.05,spearman,54,0.14295639299418375
null,0.05,spearman,55,0.28696393593685415
null,0.05,spearman,56,0.09670579526077136
null,0.05,spearman,57,0.07042704654860522
null,0.05,spearman,58,0.4793243765099102
null,0.05,spearman,59,0.1419052430456971
null,0.05,spearman,60,-0.19236044057305607
null,0.05,spearman,61,0.07988739608498503
null,0.05,spearman,62,0.06622244675465865
null,0.05,spearman,63,-0.2554294374822548
null,0.05,spearman,64,-0.12929144366385736
null,0.05,spearman,65,-0.08304084593044497
null,0.05,spearman,66,-0.06937589660011859
null,0.05,spearman,67,0.0
null,0.05,spearman,68,0.47091517692201706
null,0.05,spearman,69,-0.006306899690919871
null,0.05,spearman,70,-0.025227598763679485
null,0.05,spearman,71,0.4835289763038568
null,0.05,spearman,72,0.025227598763679485
null,0.05,spearman,73,0.3184984343914535
null,0.05,spearman,74,0.16187709206694337
null,0.05,spearman,75,0.1261379938183974
null,0.05,spearman,76,-0.039943698042492516
null,0.05,spearman,77,-0.3689536319188125
null,0.05,spearman,78,-0.1818489410881896
null,0.05,spearman,79,0.22284378907916877
null,0.05,spearman,80,-0.29432198557626066
null,0.05,spearman,81,-0.08724544572439155
null,0.05,spearman,82,0.26068518722468803
null,0.05,spearman,83,-0.4320226288280112
null,0.05,spearman,84,0.6769405668253995
null,0.05,spearman,85,-0.33636798351572644
null,0.05,spearman,86,-0.14821214273661698
null,0.05,spearman,87,0.3721070817642724
null,0.05,spearman,88,-0.19236044057305607
null,0.05,spearman,89,-0.3636978821763792
null,0.05,spearman,90,-0.30168003521566716
null,0.05,spearman,91,0.17554204139726975
null,0.05,spearman,92,-0.2627874871216613
null,0.05,spearman,93,0.44043182841590434
null,0.05,spearman,94,-0.02627874871216613
null,0.05,spearman,95,-0.18079779113970298
null,0.05,spearman,96,0.3689536319188125
null,0.05,spearman,97,-0.06201784696071207
null,0.05,spearman,98,0.3510840827945395
null,0.05,spearman,99,0.3279587839278333
null,0.05,spearman,100,-0.1440075429426704
null,0.05,spearman,101,0.5644675223373284
null,0.05,spearman,102,0.1555701923760235
null,0.05,spearman,103,-0.0672735967031453
null,0.05,spearman,104,0.4625059773341239
null,0.05,spearman,105,0.5760301717706816
null,0.05,spearman,106,0.615973869813174
null,0.05,spearman,107,-0.2438667880489017
null,0.05,spearman,108,0.17659319134575638
null,0.05,spearman,109,0.4604036774371506
null,0.05,spearman,110,0.10196154500320459
null,0.05,spearman,111,0.32165188423691343
null,0.05,spearman,112,-0.18710469083062284
null,0.05,spearman,113,0.12929144366385736
null,0.05,spearman,114,-0.15451904242753683
null,0.05,spearman,115,-0.09039889556985149
null,0.05,spearman,116,-0.391027780837032
null,0.05,spearman,117,0.05571094726979219
null,0.05,spearman,118,0.5245238242948359
null,0.05,spearman,119,-0.2396621882549551
null,0.05,spearman,120,0.20917883974884238
null,0.05,spearman,121,-0.02627874871216613
null,0.05,spearman,122,0.0861942957759049
null,0.05,spearman,123,0.16818399175786322
null,0.05,spearman,124,0.24491793799738834
null,0.05,spearman,125,-0.4046927301673584
null,0.05,spearman,126,0.24071333820344173
null,0.05,spearman,127,-0.05781324716676549
null,0.05,spearman,128,0.0010511499484866453
null,0.05,spearman,129,-0.09039889556985149
null,0.05,spearman,130,0.21128113964581569
null,0.05,spearman,131,0.2554294374822548
null,0.05,spearman,132,-0.04625059773341239
null,0.05,spearman,133,-0.05045519752735897
null,0.05,spearman,134,0.09670579526077136
null,0.05,spearman,135,0.343726033155133
null,0.05,spearman,136,0.015767249227299676
null,0.05,spearman,137,0.3279587839278333
null,0.05,spearman,138,0.27014553676106784
null,0.05,spearman,139,0.19446274047002937
null,0.05,spearman,140,0.16608169186088995
null,0.05,spearman,141,-0.06937589660011859
null,0.05,spearman,142,0.014716099278813033
null,0.05,spearman,143,0.03468794830005929
null,0.05,spearman,144,0.2585828873277147
null,0.05,spearman,145,-0.12193339402445084
null,0.05,spearman,146,0.04835289763038568
null,0.05,spearman,147,0.5150634747584562
null,0.05,spearman,148,0.009460349536379807
null,0.05,spearman,149,-0.3227030341854001
null,0.05,spearman,150,-0.12929144366385736
null,0.05,spearman,151,-0.36474903212486587
null,0.05,spearman,152,-0.21653688938824892
null,0.05,spearman,153,0.3100892348035603
null,0.05,spearman,154,-0.22389493902765542
null,0.05,spearman,155,0.14085409309721045
null,0.05,spearman,156,0.35003293284605286
null,0.05,spearman,157,0.03048334850611271
null,0.05,spearman,158,-0.23545758846100853
null,0.05,spearman,159,-0.19866734026397595
null,0.05,spearman,160,0.15241674253056356
null,0.05,spearman,161,-0.06201784696071207
null,0.05,spearman,162,0.1671328418093766
null,0.05,spearman,163,0.044148297836439095
null,0.05,spearman,164,0.23650873840949516
null,0.05,spearman,165,0.13139374356083064
null,0.05,spearman,166,0.10826844469412446
null,0.05,spearman,167,0.11352419443655767
null,0.05,spearman,168,-0.17028629165483652
null,0.05,spearman,169,0.33321453367026654
null,0.05,spearman,170,0.03573909824854594
null,0.05,spearman,171,0.09460349536379807
null,0.05,spearman,172,-0.13875179320023717
null,0.05,spearman,173,0.22494608897614207
null,0.05,spearman,174,-0.018920699072759613
null,0.05,spearman,175,0.005255749742433226
null,0.05,spearman,176,0.16082594211845672
null,0.05,spearman,177,0.21022998969732903
null,0.05,spearman,178,0.1744908914487831
null,0.05,spearman,179,0.2375598883579818
null,0.05,spearman,180,-0.0767339462395251
null,0.05,spearman,181,0.4173065295491981
null,0.05,spearman,182,-0.11983109412747756
null,0.05,spearman,183,-0.008409199587893162
null,0.05,spearman,184,0.5276772741402959
null,0.05,spearman,185,-0.08514314582741826
null,0.05,spearman,186,0.2522759876367948
null,0.05,spearman,187,-0.18500239093364956
null,0.05,spearman,188,0.3636978821763792
null,0.05,spearman,189,-0.007358049639406517
null,0.05,spearman,190,0.22389493902765542
null,0.05,spearman,191,0.43307377877649783
null,0.05,spearman,192,-0.12298454397293748
null,0.05,spearman,193,0.3710559318157858
null,0.05,spearman,194,-0.2764524364519877
null,0.05,spearman,195,-0.11142189453958438
null,0.05,spearman,196,0.35318638269151276
null,0.05,spearman,197,-0.11562649433353098
null,0.05,spearman,198,0.014716099278813033
null,0.05,spearman,199,0.14085409309721045
null,0.05,spearman,200,-0.22494608897614207
null,0.05,spearman,201,0.09250119546682478
null,0.05,spearman,202,0.18920699072759614
null,0.05,spearman,203,0.5476491231615421
null,0.05,spearman,204,0.049404047578872325
null,0.05,spearman,205,0.02417644881519284
null,0.05,spearman,206,0.08829659567287819
null,0.05,spearman,207,0.1072172947456378
null,0.05,spearman,208,0.3006288852671805
null,0.05,spearman,209,0.29432198557626066
null,0.05,spearman,210,-0.09880809515774465
null,0.05,spearman,211,-0.05886439711525213
null,0.05,spearman,212,-0.15241674253056356
null,0.05,spearman,213,-0.2974754354217206
null,0.05,spearman,214,-0.07147819649709188
null,0.05,spearman,215,-0.4393806784674177
null,0.05,spearman,216,-0.2186391892852222
null,0.05,spearman,217,0.045199447784925746
null,0.05,spearman,218,-0.039943698042492516
null,0.05,spearman,219,0.06201784696071207
null,0.05,spearman,220,-0.005255749742433226
null,0.05,spearman,221,0.027329898660652774
null,0.05,spearman,222,-0.13034259361234402
null,0.05,spearman,223,-0.4246645791886047
null,0.05,spearman,224,-0.11457534438504433
null,0.05,spearman,225,-0.09565464531228471
null,0.05,spearman,226,-0.2596340372762014
null,0.05,spearman,227,0.04625059773341239
null,0.05,spearman,228,0.22599723892462872
null,0.05,spearman,229,-0.029432198557626067
null,0.05,spearman,230,0.28065703624593424
null,0.05,spearman,231,-0.08514314582741826
null,0.05,spearman,232,-0.12193339402445084
null,0.05,spearman,233,0.19971849021246257
null,0.05,spearman,234,0.32165188423691343
null,0.05,spearman,235,0.06937589660011859
null,0.05,spearman,236,-0.3836697311976255
null,0.05,spearman,237,-0.15241674253056356
null,0.05,spearman,238,0.5707744220282484
null,0.05,spearman,239,-0.12403569392142413
null,0.05,spearman,240,-0.0861942957759049
null,0.05,spearman,241,0.11983109412747756
null,0.05,spearman,242,-0.2522759876367948
null,0.05,spearman,243,-0.11352419443655767
null,0.05,spearman,244,0.5329330238827291
null,0.05,spearman,245,0.07042704654860522
null,0.05,spearman,246,-0.0536086473728189
null,0.05,spearman,247,0.1282402937153707
null,0.05,spearman,248,-0.18290009103667626
null,0.05,spearman,249,0.33111223377329324
null,0.05,spearman,250,-0.13349604345780394
null,0.05,spearman,251,-0.0630689969091987
null,0.05,spearman,252,0.1534678924790502
null,0.05,spearman,253,0.4278180290340646
null,0.05,spearman,254,-0.0746316463425518
null,0.05,spearman,255,0.4288691789825512
null,0.05,spearman,256,0.2049742399548958
null,0.05,spearman,257,0.16397939196391664
null,0.05,spearman,258,-0.10511499484866452
null,0.05,spearman,259,0.7389584137861116
null,0.05,spearman,260,0.0536086473728189
null,0.05,spearman,261,0.21653688938824892
null,0.05,spearman,262,-0.23125298866706195
null,0.05,spearman,263,0.20917883974884238
null,0.05,spearman,264,0.5875928212040347
null,0.05,spearman,265,-0.15662134232451014
null,0.05,spearman,266,0.1976161903154893
null,0.05,spearman,267,0.039943698042492516
null,0.05,spearman,268,-0.15031444263359026
null,0.05,spearman,269,0.26068518722468803
null,0.05,spearman,270,0.307986934906587
null,0.05,spearman,271,0.14505869289115703
null,0.05,spearman,272,0.07147819649709188
null,0.05,spearman,273,0.06832474665163193
null,0.05,spearman,274,-0.1261379938183974
null,0.05,spearman,275,0.010511499484866451
null,0.05,spearman,276,0.3395214333611864
null,0.05,spearman,277,0.015767249227299676
null,0.05,spearman,278,-0.20182079010943588
null,0.05,spearman,279,0.23335528856403523
null,0.05,spearman,280,0.044148297836439095
null,0.05,spearman,281,0.18920699072759614
null,0.05,spearman,282,0.44253412831287764
null,0.05,spearman,283,0.16397939196391664
null,0.05,spearman,284,-0.1534678924790502
null,0.05,spearman,285,0.22284378907916877
null,0.05,spearman,286,0.22599723892462872
null,0.05,spearman,287,-0.41835767949768476
null,0.05,spearman,288,-0.007358049639406517
null,0.05,spearman,289,-0.04625059773341239
null,0.05,spearman,290,-0.20917883974884238
null,0.05,spearman,291,0.1534678924790502
null,0.05,spearman,292,0.07252934644557851
null,0.05,spearman,293,0.33847028341269975
null,0.05,spearman,294,0.36264673222789257
null,0.05,spearman,295,0.0767339462395251
null,0.05,spearman,296,0.6086158201737676
null,0.05,spearman,297,-0.3132426846490203
null,0.05,spearman,298,0.08198969598195832
null,0.05,spearman,299,-0.18290009103667626
null,0.05,spearman,300,-0.07988739608498503
null,0.05,spearman,301,0.1860535408821362
null,0.05,spearman,302,0.2617363371731746
null,0.05,spearman,303,0.2522759876367948
null,0.05,spearman,304,0.045199447784925746
null,0.05,spearman,305,-0.02838104860913942
null,0.05,spearman,306,-0.03153449845459935
null,0.05,spearman,307,0.35739098248545936
null,0.05,spearman,308,-0.03784139814551923
null,0.05,spearman,309,-0.06937589660011859
null,0.05,spearman,310,-0.3605444323309193
null,0.05,spearman,311,-0.03048334850611271
null,0.05,spearman,312,-0.05991554706373878
null,0.05,spearman,313,-0.1345471934062906
null,0.05,spearman,314,0.04625059773341239
null,0.05,spearman,315,0.44463642820985094
null,0.05,spearman,316,0.08409199587893161
null,0.05,spearman,317,0.39207893078551864
null,0.05,spearman,318,0.6527641180102066
null,0.05,spearman,319,0.3468794830005929
null,0.05,spearman,320,-0.1492632926851036
null,0.05,spearman,321,0.4246645791886047
null,0.05,spearman,322,0.07147819649709188
null,0.05,spearman,323,0.4067950300643317
null,0.05,spearman,324,-0.3142938345975069
null,0.05,spearman,325,0.2617363371731746
null,0.05,spearman,326,0.37736283150670563
null,0.05,spearman,327,0.027329898660652774
null,0.05,spearman,328,0.17764434129424303
null,0.05,spearman,329,0.311140384752047
null,0.05,spearman,330,-0.11457534438504433
null,0.05,spearman,331,0.013664949330326387
null,0.05,spearman,332,0.20812768980035576
null,0.05,spearman,333,0.2838104860913942
null,0.05,spearman,334,0.19866734026397595
null,0.05,spearman,335,0.0788362461364984
null,0.05,spearman,336,0.16818399175786322
null,0.05,spearman,337,-0.029432198557626067
null,0.05,spearman,338,-0.34582833305210625
null,0.05,spearman,339,-0.2575317373792281
null,0.05,spearman,340,-0.1261379938183974
null,0.05,spearman,341,0.29221968567928736
null,0.05,spearman,342,0.015767249227299676
null,0.05,spearman,343,-0.013664949330326387
null,0.05,spearman,344,0.10406384490017788
null,0.05,spearman,345,0.10826844469412446
null,0.05,spearman,346,-0.03363679835157265
null,0.05,spearman,347,0.11983109412747756
null,0.05,spearman,348,0.2859127859883675
null,0.05,spearman,349,-0.13664949330326387
null,0.05,spearman,350,0.09250119546682478
null,0.05,spearman,351,0.03468794830005929
null,0.05,spearman,352,0.07778509618801174
null,0.05,spearman,353,0.018920699072759613
null,0.05,spearman,354,-0.41835767949768476
null,0.05,spearman,355,0.11247304448807104
null,0.05,spearman,356,-0.21758803933673557
null,0.05,spearman,357,-0.010511499484866451
null,0.05,spearman,358,0.11037074459109775
null,0.05,spearman,359,0.20076964016094923
null,0.05,spearman,360,-0.03784139814551923
null,0.05,spearman,361,-0.11142189453958438
null,0.05,spearman,362,0.39943698042492515
null,0.05,spearman,363,0.02627874871216613
null,0.05,spearman,364,-0.021022998969732903
null,0.05,spearman,365,0.016818399175786324
null,0.05,spearman,366,0.011562649433353098
null,0.05,spearman,367,0.4194088294461714
null,0.05,spearman,368,-0.13559834335477722
null,0.05,spearman,369,-0.21233228959430234
null,0.05,spearman,370,0.11772879423050427
null,0.05,spearman,371,-0.047301747681899035
null,0.05,spearman,372,0.1072172947456378
null,0.05,spearman,373,0.18290009103667626
null,0.05,spearman,374,-0.007358049639406517
null,0.05,spearman,375,-0.0021022998969732905
null,0.05,spearman,376,0.1093195946426111
null,0.05,spearman,377,0.17554204139726975
null,0.05,spearman,378,-0.22284378907916877
null,0.05,spearman,379,-0.021022998969732903
null,0.05,spearman,380,-0.023125298866706195
null,0.05,spearman,381,0.29432198557626066
null,0.05,spearman,382,-0.0031534498454599356
null,0.05,spearman,383,0.2144345894912756
null,0.05,spearman,384,-0.27119668670955444
null,0.05,spearman,385,0.19446274047002937
null,0.05,spearman,386,-0.228099538821602
null,0.05,spearman,387,-0.018920699072759613
null,0.05,spearman,388,-0.13875179320023717
null,0.05,spearman,389,0.2911685357308007
null,0.05,spearman,390,0.20182079010943588
null,0.05,spearman,391,0.18079779113970298
null,0.05,spearman,392,-0.10196154500320459
null,0.05,spearman,393,0.01786954912427297
null,0.05,spearman,394,-0.08514314582741826
null,0.05,spearman,395,0.19025814067608277
null,0.05,spearman,396,0.20392309000640918
null,0.05,spearman,397,-0.1093195946426111
null,0.05,spearman,398,0.21548573943976226
null,0.05,spearman,399,0.005255749742433226
null,0.05,spearman,400,0.02627874871216613
null,0.05,spearman,401,-0.11772879423050427
null,0.05,spearman,402,0.33111223377329324
null,0.05,spearman,403,0.09670579526077136
null,0.05,spearman,404,-0.18920699072759614
null,0.05,spearman,405,-0.0010511499484866453
null,0.05,spearman,406,0.24491793799738834
null,0.05,spearman,407,-0.35213523274302616
null,0.05,spearman,408,0.016818399175786324
null,0.05,spearman,409,0.49824507558266984
null,0.05,spearman,410,0.4004881303734118
null,0.05,spearman,411,0.1208822440759642
null,0.05,spearman,412,0.6002066205858744
null,0.05,spearman,413,-0.04835289763038568
null,0.05,spearman,414,0.07568279629103845
null,0.05,spearman,415,0.17343974150029645
null,0.05,spearman,416,0.16187709206694337
null,0.05,spearman,417,-0.14610984283964368
null,0.05,spearman,418,0.04309714788795245
null,0.05,spearman,419,-0.09039889556985149
null,0.05,spearman,420,0.02417644881519284
null,0.05,spearman,421,-0.04835289763038568
null,0.05,spearman,422,0.28696393593685415
null,0.05,spearman,423,0.32165188423691343
null,0.05,spearman,424,0.26594093696712123
null,0.05,spearman,425,-0.2049742399548958
null,0.05,spearman,426,0.2690943868125812
null,0.05,spearman,427,0.17554204139726975
null,0.05,spearman,428,0.22494608897614207
null,0.05,spearman,429,0.1282402937153707
null,0.05,spearman,430,-0.0630689969091987
null,0.05,spearman,431,0.2880150858853408
null,0.05,spearman,432,0.2953731355247473
null,0.05,spearman,433,-0.4246645791886047
null,0.05,spearman,434,0.20182079010943588
null,0.05,spearman,435,-0.307986934906587
null,0.05,spearman,436,0.08198969598195832
null,0.05,spearman,437,-0.007358049639406517
null,0.05,spearman,438,-0.1860535408821362
null,0.05,spearman,439,0.4025904302703851
null,0.05,spearman,440,0.06937589660011859
null,0.05,spearman,441,-0.13875179320023717
null,0.05,spearman,442,0.007358049639406517
null,0.05,spearman,443,-0.09985924510623129
null,0.05,spearman,444,0.3857720310945988
null,0.05,spearman,445,0.014716099278813033
null,0.05,spearman,446,0.2186391892852222
null,0.05,spearman,447,0.2880150858853408
null,0.05,spearman,448,-0.13664949330326387
null,0.05,spearman,449,-0.022074148918219547
null,0.05,spearman,450,0.17764434129424303
null,0.05,spearman,451,0.20182079010943588
null,0.05,spearman,452,0.07988739608498503
null,0.05,spearman,453,-0.1576724922729968
null,0.05,spearman,454,0.03153449845459935
null,0.05,spearman,455,0.32375418413388674
null,0.05,spearman,456,0.5245238242948359
null,0.05,spearman,457,0.07988739608498503
null,0.05,spearman,458,-0.09039889556985149
null,0.05,spearman,459,0.10406384490017788
null,0.05,spearman,460,0.006306899690919871
null,0.05,spearman,461,0.1093195946426111
null,0.05,spearman,462,-0.26594093696712123
null,0.05,spearman,463,-0.19656504036700265
null,0.05,spearman,464,-0.28696393593685415
null,0.05,spearman,465,0.2070765398518691
null,0.05,spearman,466,-0.10616614479715117
null,0.05,spearman,467,0.19236044057305607
null,0.05,spearman,468,-0.10196154500320459
null,0.05,spearman,469,0.5087565750675362
null,0.05,spearman,470,0.4257157291370913
null,0.05,spearman,471,-0.2890662358338274
null,0.05,spearman,472,0.08829659567287819
null,0.05,spearman,473,0.21758803933673557
null,0.05,spearman,474,0.02417644881519284
null,0.05,spearman,475,-0.0788362461364984
null,0.05,spearman,476,0.11247304448807104
null,0.05,spearman,477,0.05886439711525213
null,0.05,spearman,478,-0.2049742399548958
null,0.05,spearman,479,0.16187709206694337
null,0.05,spearman,480,-0.17028629165483652
null,0.05,spearman,481,0.0746316463425518
null,0.05,spearman,482,0.1671328418093766
null,0.05,spearman,483,0.3248053340823734
null,0.05,spearman,484,0.19341159052154272
null,0.05,spearman,485,-0.2302018387185753
null,0.05,spearman,486,-0.23545758846100853
null,0.05,spearman,487,0.13875179320023717
null,0.05,spearman,488,0.2838104860913942
null,0.05,spearman,489,0.09985924510623129
null,0.05,spearman,490,-0.013664949330326387
null,0.05,spearman,491,0.26068518722468803
null,0.05,spearman,492,0.307986934906587
null,0.05,spearman,493,-0.31954958433994013
null,0.05,spearman,494,-0.10826844469412446
null,0.05,spearman,495,-0.3321633837217799
null,0.05,spearman,496,0.07988739608498503
null,0.05,spearman,497,0.18920699072759614
null,0.05,spearman,498,0.03153449845459935
null,0.05,spearman,499,-0.06622244675465865
null,0.05,spearman,500,0.6359457188344203
null,0.05,spearman,501,0.17869549124272968
null,0.05,spearman,502,0.21233228959430234
null,0.05,spearman,503,-0.07568279629103845
null,0.05,spearman,504,0.0536086473728189
null,0.05,spearman,505,-0.07568279629103845
null,0.05,spearman,506,0.1587236422214834
null,0.05,spearman,507,0.06622244675465865
null,0.05,spearman,508,0.4120507798067649
null,0.05,spearman,509,0.039943698042492516
null,0.05,spearman,510,-0.24702023789436162
null,0.05,spearman,511,0.21338343954278896
null,0.05,average_precision,0,0.31036199095022626
null,0.05,average_precision,1,0.6579365079365079
null,0.05,average_precision,2,0.23453781512605043
null,0.05,average_precision,3,0.2842997198879552
null,0.05,average_precision,4,0.4149074454956808
null,0.05,average_precision,5,0.6515262515262515
null,0.05,average_precision,6,0.6857142857142857
null,0.05,average_precision,7,0.45555555555555555
null,0.05,average_precision,8,0.5227124183006536
null,0.05,average_precision,9,0.2990620490620491
null,0.05,average_precision,10,0.5805555555555555
null,0.05,average_precision,11,0.5881313131313132
null,0.05,average_precision,12,0.39944444444444444
null,0.05,average_precision,13,0.5746031746031746
null,0.05,average_precision,14,0.35882352941176465
null,0.05,average_precision,15,0.496060606060606
null,0.05,average_precision,16,0.26936507936507936
null,0.05,average_precision,17,0.4125757575757575
null,0.05,average_precision,18,0.5388235294117647
null,0.05,average_precision,19,0.24527777777777776
null,0.05,average_precision,20,0.24603174603174605
null,0.05,average_precision,21,0.2322222222222222
null,0.05,average_precision,22,0.3639317545199898
null,0.05,average_precision,23,0.5071428571428571
null,0.05,average_precision,24,0.4783549783549784
null,0.05,average_precision,25,0.5569230769230769
null,0.05,average_precision,26,0.6968253968253968
null,0.05,average_precision,27,0.5738095238095238
null,0.05,average_precision,28,0.3822222222222222
null,0.05,average_precision,29,0.5051082251082251
null,0.05,average_precision,30,0.2698412698412699
null,0.05,average_precision,31,0.5134267040149393
null,0.05,average_precision,32,0.5079365079365079
null,0.05,average_precision,33,0.5445378151260505
null,0.05,average_precision,34,0.25072829131652663
null,0.05,average_precision,35,0.26163947163947165
null,0.05,average_precision,36,0.5633333333333332
null,0.05,average_precision,37,0.24465534465534464
null,0.05,average_precision,38,0.3480952380952381
null,0.05,average_precision,39,0.6961904761904762
null,0.05,average_precision,40,0.41935188994012523
null,0.05,average_precision,41,0.7087301587301587
null,0.05,average_precision,42,0.6655122655122655
null,0.05,average_precision,43,0.22952380952380952
null,0.05,average_precision,44,0.3261904761904762
null,0.05,average_precision,45,0.23982323232323227
null,0.05,average_precision,46,0.49439393939393944
null,0.05,average_precision,47,0.352092352092352
null,0.05,average_precision,48,0.3604256854256854
null,0.05,average_precision,49,0.5933333333333334
null,0.05,average_precision,50,0.42597402597402595
null,0.05,average_precision,51,0.6041558441558441
null,0.05,average_precision,52,0.3782051282051282
null,0.05,average_precision,53,0.33488095238095233
null,0.05,average_precision,54,0.2626098901098901
null,0.05,average_precision,55,0.5063888888888888
null,0.05,average_precision,56,0.27936507936507937
null,0.05,average_precision,57,0.42709401709401706
null,0.05,average_precision,58,0.6791666666666666
null,0.05,average_precision,59,0.5972222222222222
null,0.05,average_precision,60,0.2554901960784314
null,0.05,average_precision,61,0.48916666666666664
null,0.05,average_precision,62,0.43820512820512825
null,0.05,average_precision,63,0.22826797385620914
null,0.05,average_precision,64,0.3554901960784314
null,0.05,average_precision,65,0.26107142857142857
null,0.05,average_precision,66,0.46488413547237073
null,0.05,average_precision,67,0.3393650793650793
null,0.05,average_precision,68,0.6888888888888889
null,0.05,average_precision,69,0.4415508021390374
null,0.05,average_precision,70,0.4160839160839161
null,0.05,average_precision,71,0.5412698412698413
null,0.05,average_precision,72,0.29888888888888887
null,0.05,average_precision,73,0.42666666666666664
null,0.05,average_precision,74,0.33535714285714285
null,0.05,average_precision,75,0.6435897435897436
null,0.05,average_precision,76,0.26382650029708854
null,0.05,average_precision,77,0.23507936507936505
null,0.05,average_precision,78,0.23205882352941173
null,0.05,average_precision,79,0.5881313131313132
null,0.05,average_precision,80,0.2238888888888889
null,0.05,average_precision,81,0.3188888888888889
null,0.05,average_precision,82,0.505
null,0.05,average_precision,83,0.22055555555555556
null,0.05,average_precision,84,0.7087301587301587
null,0.05,average_precision,85,0.2778134284016637
null,0.05,average_precision,86,0.3782051282051282
null,0.05,average_precision,87,0.6235897435897436
null,0.05,average_precision,88,0.4299346405228758
null,0.05,average_precision,89,0.23017570664629491
null,0.05,average_precision,90,0.22805860805860806
null,0.05,average_precision,91,0.5993939393939394
null,0.05,average_precision,92,0.21747474747474752
null,0.05,average_precision,93,0.7109090909090909
null,0.05,average_precision,94,0.3187590187590187
null,0.05,average_precision,95,0.445021645021645
null,0.05,average_precision,96,0.649047619047619
null,0.05,average_precision,97,0.3148064353946707
null,0.05,average_precision,98,0.4441558441558441
null,0.05,average_precision,99,0.5188235294117647
null,0.05,average_precision,100,0.4285839160839161
null,0.05,average_precision,101,0.6909090909090909
null,0.05,average_precision,102,0.298109243697479
null,0.05,average_precision,103,0.2612044817927171
null,0.05,average_precision,104,0.5967857142857143
null,0.05,average_precision,105,0.6746031746031746
null,0.05,average_precision,106,0.7961904761904762
null,0.05,average_precision,107,0.3604256854256854
null,0.05,average_precision,108,0.38066378066378065
null,0.05,average_precision,109,0.7453968253968253
null,0.05,average_precision,110,0.5493939393939394
null,0.05,average_precision,111,0.5547979797979797
null,0.05,average_precision,112,0.23666666666666666
null,0.05,average_precision,113,0.4576330532212885
null,0.05,average_precision,114,0.27999999999999997
null,0.05,average_precision,115,0.26215686274509803
null,0.05,average_precision,116,0.2616883116883117
null,0.05,average_precision,117,0.25717850776674306
null,0.05,average_precision,118,0.6459090909090909
null,0.05,average_precision,119,0.2878787878787878
null,0.05,average_precision,120,0.3520238095238095
null,0.05,average_precision,121,0.24888888888888888
null,0.05,average_precision,122,0.4492997198879551
null,0.05,average_precision,123,0.4101587301587301
null,0.05,average_precision,124,0.5952272727272727
null,0.05,average_precision,125,0.2172649572649573
null,0.05,average_precision,126,0.46263305322128845
null,0.05,average_precision,127,0.43275058275058276
null,0.05,average_precision,128,0.3246031746031746
null,0.05,average_precision,129,0.4200356506238859
null,0.05,average_precision,130,0.500093370681606
null,0.05,average_precision,131,0.4105555555555556
null,0.05,average_precision,132,0.41935188994012523
null,0.05,average_precision,133,0.40415584415584416
null,0.05,average_precision,134,0.63
null,0.05,average_precision,135,0.4654761904761905
null,0.05,average_precision,136,0.4208458208458209
null,0.05,average_precision,137,0.45549019607843133
null,0.05,average_precision,138,0.5476190476190477
null,0.05,average_precision,139,0.4200356506238859
null,0.05,average_precision,140,0.5153174603174604
null,0.05,average_precision,141,0.27815656565656566
null,0.05,average_precision,142,0.5163003663003662
null,0.05,average_precision,143,0.6935897435897436
null,0.05,average_precision,144,0.43238095238095237
null,0.05,average_precision,145,0.23017570664629491
null,0.05,average_precision,146,0.47264069264069264
null,0.05,average_precision,147,0.7253968253968253
null,0.05,average_precision,148,0.5101587301587301
null,0.05,average_precision,149,0.3055555555555555
null,0.05,average_precision,150,0.29222222222222216
null,0.05,average_precision,151,0.24333333333333332
null,0.05,average_precision,152,0.22055555555555556
null,0.05,average_precision,153,0.63
null,0.05,average_precision,154,0.25406162464985993
null,0.05,average_precision,155,0.3426984126984127
null,0.05,average_precision,156,0.6227272727272727
null,0.05,average_precision,157,0.257521645021645
null,0.05,average_precision,158,0.2693650793650793
null,0.05,average_precision,159,0.3398934398934399
null,0.05,average_precision,160,0.4320503026385379
null,0.05,average_precision,161,0.3522222222222222
null,0.05,average_precision,162,0.47096638655462175
null,0.05,average_precision,163,0.3576330532212885
null,0.05,average_precision,164,0.6264285714285714
null,0.05,average_precision,165,0.42153846153846153
null,0.05,average_precision,166,0.4492997198879551
null,0.05,average_precision,167,0.5227124183006536
null,0.05,average_precision,168,0.3014239028944911
null,0.05,average_precision,169,0.5652564102564102
null,0.05,average_precision,170,0.26010101010101006
null,0.05,average_precision,171,0.44417151475975
null,0.05,average_precision,172,0.31161616161616157
null,0.05,average_precision,173,0.34702865761689294
null,0.05,average_precision,174,0.4741452991452991
null,0.05,average_precision,175,0.3405555555555556
null,0.05,average_precision,176,0.42787878787878786
null,0.05,average_precision,177,0.5482142857142858
null,0.05,average_precision,178,0.3616161616161616
null,0.05,average_precision,179,0.4716666666666667
null,0.05,average_precision,180,0.4788095238095238
null,0.05,average_precision,181,0.731111111111111
null,0.05,average_precision,182,0.3026984126984127
null,0.05,average_precision,183,0.28428104575163393
null,0.05,average_precision,184,0.5108225108225108
null,0.05,average_precision,185,0.35936507936507933
null,0.05,average_precision,186,0.6079365079365079
null,0.05,average_precision,187,0.2500356506238859
null,0.05,average_precision,188,0.7551948051948052
null,0.05,average_precision,189,0.26882352941176474
null,0.05,average_precision,190,0.37464285714285717
null,0.05,average_precision,191,0.6251948051948052
null,0.05,average_precision,192,0.3657967032967033
null,0.05,average_precision,193,0.4676984126984126
null,0.05,average_precision,194,0.32815656565656565
null,0.05,average_precision,195,0.29888888888888887
null,0.05,average_precision,196,0.5323809523809524
null,0.05,average_precision,197,0.29939393939393943
null,0.05,average_precision,198,0.4425
null,0.05,average_precision,199,0.4235897435897436
null,0.05,average_precision,200,0.36606060606060603
null,0.05,average_precision,201,0.4277124183006536
null,0.05,average_precision,202,0.46263305322128845
null,0.05,average_precision,203,0.649047619047619
null,0.05,average_precision,204,0.3601587301587301
null,0.05,average_precision,205,0.4359952465834819
null,0.05,average_precision,206,0.29618131868131864
null,0.05,average_precision,207,0.44130036630036623
null,0.05,average_precision,208,0.5293040293040293
null,0.05,average_precision,209,0.43692307692307697
null,0.05,average_precision,210,0.32666666666666666
null,0.05,average_precision,211,0.5037698412698413
null,0.05,average_precision,212,0.32153846153846155
null,0.05,average_precision,213,0.35583333333333333
null,0.05,average_precision,214,0.27222222222222225
null,0.05,average_precision,215,0.20977633477633476
null,0.05,average_precision,216,0.41017316017316025
null,0.05,average_precision,217,0.3463095238095238
null,0.05,average_precision,218,0.5388235294117647
null,0.05,average_precision,219,0.2729761904761905
null,0.05,average_precision,220,0.3055555555555555
null,0.05,average_precision,221,0.33261437908496727
null,0.05,average_precision,222,0.26936507936507936
null,0.05,average_precision,223,0.2615384615384615
null,0.05,average_precision,224,0.26676767676767676
null,0.05,average_precision,225,0.3582174688057041
null,0.05,average_precision,226,0.3338095238095238
null,0.05,average_precision,227,0.4593650793650793
null,0.05,average_precision,228,0.38611111111111107
null,0.05,average_precision,229,0.45189393939393935
null,0.05,average_precision,230,0.44869365928189453
null,0.05,average_precision,231,0.2816229522111875
null,0.05,average_precision,232,0.4569230769230769
null,0.05,average_precision,233,0.5115384615384615
null,0.05,average_precision,234,0.731111111111111
null,0.05,average_precision,235,0.4648018648018648
null,0.05,average_precision,236,0.2419404125286478
null,0.05,average_precision,237,0.34603174603174597
null,0.05,average_precision,238,0.6968253968253968
null,0.05,average_precision,239,0.3452272727272727
null,0.05,average_precision,240,0.3026984126984127
null,0.05,average_precision,241,0.46263305322128845
null,0.05,average_precision,242,0.4032967032967033
null,0.05,average_precision,243,0.26051184110007636
null,0.05,average_precision,244,0.5988455988455988
null,0.05,average_precision,245,0.33787878787878783
null,0.05,average_precision,246,0.24545356604180135
null,0.05,average_precision,247,0.511204481792717
null,0.05,average_precision,248,0.317094017094017
null,0.05,average_precision,249,0.37689393939393934
null,0.05,average_precision,250,0.3336111111111111
null,0.05,average_precision,251,0.3980952380952381
null,0.05,average_precision,252,0.44869365928189453
null,0.05,average_precision,253,0.6311111111111111
null,0.05,average_precision,254,0.3607326007326007
null,0.05,average_precision,255,0.5277124183006536
null,0.05,average_precision,256,0.3875124875124875
null,0.05,average_precision,257,0.3482174688057041
null,0.05,average_precision,258,0.3449494949494949
null,0.05,average_precision,259,0.711111111111111
null,0.05,average_precision,260,0.2876190476190476
null,0.05,average_precision,261,0.6310606060606061
null,0.05,average_precision,262,0.24792331851155383
null,0.05,average_precision,263,0.44869365928189453
null,0.05,average_precision,264,0.7088888888888889
null,0.05,average_precision,265,0.3298412698412698
null,0.05,average_precision,266,0.4772222222222222
null,0.05,average_precision,267,0.3663095238095238
null,0.05,average_precision,268,0.4116883116883117
null,0.05,average_precision,269,0.6088888888888888
null,0.05,average_precision,270,0.47510822510822515
null,0.05,average_precision,271,0.31096638655462183
null,0.05,average_precision,272,0.2692997198879552
null,0.05,average_precision,273,0.4746031746031745
null,0.05,average_precision,274,0.28174603174603174
null,0.05,average_precision,275,0.45903679653679647
null,0.05,average_precision,276,0.6466666666666667
null,0.05,average_precision,277,0.3449494949494949
null,0.05,average_precision,278,0.2990620490620491
null,0.05,average_precision,279,0.29977591036414564
null,0.05,average_precision,280,0.45536032594856113
null,0.05,average_precision,281,0.5227272727272727
null,0.05,average_precision,282,0.6264425770308122
null,0.05,average_precision,283,0.3626330532212885
null,0.05,average_precision,284,0.3004273504273504
null,0.05,average_precision,285,0.6888888888888889
null,0.05,average_precision,286,0.32453781512605046
null,0.05,average_precision,287,0.23170231729055257
null,0.05,average_precision,288,0.39164404223227756
null,0.05,average_precision,289,0.445021645021645
null,0.05,average_precision,290,0.2983107088989442
null,0.05,average_precision,291,0.46679320679320674
null,0.05,average_precision,292,0.31608391608391606
null,0.05,average_precision,293,0.4766233766233766
null,0.05,average_precision,294,0.5746031746031746
null,0.05,average_precision,295,0.41630036630036626
null,0.05,average_precision,296,0.5509090909090909
null,0.05,average_precision,297,0.2212842712842713
null,0.05,average_precision,298,0.26495628554452083
null,0.05,average_precision,299,0.34155080213903743
null,0.05,average_precision,300,0.4663095238095238
null,0.05,average_precision,301,0.4225
null,0.05,average_precision,302,0.46333333333333326
null,0.05,average_precision,303,0.5926406926406926
null,0.05,average_precision,304,0.4772222222222222
null,0.05,average_precision,305,0.2842997198879552
null,0.05,average_precision,306,0.32542735042735044
null,0.05,average_precision,307,0.40403846153846157
null,0.05,average_precision,308,0.29504273504273504
null,0.05,average_precision,309,0.3388235294117647
null,0.05,average_precision,310,0.24533910533910533
null,0.05,average_precision,311,0.3433333333333333
null,0.05,average_precision,312,0.27769841269841267
null,0.05,average_precision,313,0.43380952380952376
null,0.05,average_precision,314,0.452092352092352
null,0.05,average_precision,315,0.505
null,0.05,average_precision,316,0.5633333333333332
null,0.05,average_precision,317,0.6264425770308122
null,0.05,average_precision,318,0.6509523809523808
null,0.05,average_precision,319,0.4455122655122655
null,0.05,average_precision,320,0.4037698412698413
null,0.05,average_precision,321,0.5547979797979797
null,0.05,average_precision,322,0.30987179487179484
null,0.05,average_precision,323,0.6797979797979798
null,0.05,average_precision,324,0.31036199095022626
null,0.05,average_precision,325,0.6227272727272727
null,0.05,average_precision,326,0.5555555555555556
null,0.05,average_precision,327,0.294281045751634
null,0.05,average_precision,328,0.30882352941176466
null,0.05,average_precision,329,0.711111111111111
null,0.05,average_precision,330,0.3299346405228758
null,0.05,average_precision,331,0.4321428571428571
null,0.05,average_precision,332,0.5875124875124875
null,0.05,average_precision,333,0.6417748917748918
null,0.05,average_precision,334,0.39682539682539686
null,0.05,average_precision,335,0.4883333333333333
null,0.05,average_precision,336,0.29049019607843135
null,0.05,average_precision,337,0.3804901960784314
null,0.05,average_precision,338,0.22348386907210438
null,0.05,average_precision,339,0.23140637140637138
null,0.05,average_precision,340,0.4300356506238859
null,0.05,average_precision,341,0.6459090909090909
null,0.05,average_precision,342,0.3270940170940171
null,0.05,average_precision,343,0.3988235294117647
null,0.05,average_precision,344,0.4200356506238859
null,0.05,average_precision,345,0.32787114845938375
null,0.05,average_precision,346,0.4303619909502262
null,0.05,average_precision,347,0.4115384615384615
null,0.05,average_precision,348,0.5260317460317461
null,0.05,average_precision,349,0.43275058275058276
null,0.05,average_precision,350,0.5619871794871795
null,0.05,average_precision,351,0.45189393939393935
null,0.05,average_precision,352,0.4212698412698413
null,0.05,average_precision,353,0.3538095238095238
null,0.05,average_precision,354,0.28837606837606833
null,0.05,average_precision,355,0.4359952465834819
null,0.05,average_precision,356,0.31163947163947164
null,0.05,average_precision,357,0.4458333333333333
null,0.05,average_precision,358,0.42480643539467067
null,0.05,average_precision,359,0.47096638655462175
null,0.05,average_precision,360,0.49813519813519813
null,0.05,average_precision,361,0.31269841269841264
null,0.05,average_precision,362,0.6310606060606061
null,0.05,average_precision,363,0.5583107088989442
null,0.05,average_precision,364,0.5079365079365079
null,0.05,average_precision,365,0.47096638655462175
null,0.05,average_precision,366,0.344281045751634
null,0.05,average_precision,367,0.5972222222222222
null,0.05,average_precision,368,0.25259642318465847
null,0.05,average_precision,369,0.30126984126984124
null,0.05,average_precision,370,0.32666666666666666
null,0.05,average_precision,371,0.46702865761689283
null,0.05,average_precision,372,0.6242424242424243
null,0.05,average_precision,373,0.3905555555555556
null,0.05,average_precision,374,0.23453781512605043
null,0.05,average_precision,375,0.2499346405228758
null,0.05,average_precision,376,0.37463369963369964
null,0.05,average_precision,377,0.6566233766233766
null,0.05,average_precision,378,0.29521589521589525
null,0.05,average_precision,379,0.3322222222222222
null,0.05,average_precision,380,0.4426406926406926
null,0.05,average_precision,381,0.5426373626373626
null,0.05,average_precision,382,0.42275058275058275
null,0.05,average_precision,383,0.2854901960784314
null,0.05,average_precision,384,0.25047619047619046
null,0.05,average_precision,385,0.5716666666666667
null,0.05,average_precision,386,0.2848412698412698
null,0.05,average_precision,387,0.3246428571428571
null,0.05,average_precision,388,0.2726330532212885
null,0.05,average_precision,389,0.6547979797979798
null,0.05,average_precision,390,0.5371428571428571
null,0.05,average_precision,391,0.45876068376068374
null,0.05,average_precision,392,0.3782051282051282
null,0.05,average_precision,393,0.5079365079365079
null,0.05,average_precision,394,0.33828282828282824
null,0.05,average_precision,395,0.5105555555555557
null,0.05,average_precision,396,0.5347979797979798
null,0.05,average_precision,397,0.2909663865546218
null,0.05,average_precision,398,0.6041558441558441
null,0.05,average_precision,399,0.49944444444444447
null,0.05,average_precision,400,0.3426984126984127
null,0.05,average_precision,401,0.3188888888888889
null,0.05,average_precision,402,0.4415508021390374
null,0.05,average_precision,403,0.3137606837606837
null,0.05,average_precision,404,0.3216394716394716
null,0.05,average_precision,405,0.4673701298701299
null,0.05,average_precision,406,0.442967032967033
null,0.05,average_precision,407,0.21852049910873445
null,0.05,average_precision,408,0.5227272727272727
null,0.05,average_precision,409,0.6587301587301587
null,0.05,average_precision,410,0.6383333333333333
null,0.05,average_precision,411,0.6383333333333333
null,0.05,average_precision,412,0.7087301587301587
null,0.05,average_precision,413,0.25168831168831163
null,0.05,average_precision,414,0.4116394716394717
null,0.05,average_precision,415,0.44965034965034967
null,0.05,average_precision,416,0.500093370681606
null,0.05,average_precision,417,0.43391053391053386
null,0.05,average_precision,418,0.2842997198879552
null,0.05,average_precision,419,0.3488888888888889
null,0.05,average_precision,420,0.41935188994012523
null,0.05,average_precision,421,0.4212121212121212
null,0.05,average_precision,422,0.6857142857142857
null,0.05,average_precision,423,0.49813519813519813
null,0.05,average_precision,424,0.5466666666666666
null,0.05,average_precision,425,0.4167676767676768
null,0.05,average_precision,426,0.5171031746031746
null,0.05,average_precision,427,0.3875124875124875
null,0.05,average_precision,428,0.4949494949494949
null,0.05,average_precision,429,0.4792424242424242
null,0.05,average_precision,430,0.2319047619047619
null,0.05,average_precision,431,0.31163947163947164
null,0.05,average_precision,432,0.43692307692307697
null,0.05,average_precision,433,0.2236141636141636
null,0.05,average_precision,434,0.4322222222222222
null,0.05,average_precision,435,0.2842997198879552
null,0.05,average_precision,436,0.24670231729055256
null,0.05,average_precision,437,0.3905555555555556
null,0.05,average_precision,438,0.4067256273138626
null,0.05,average_precision,439,0.40310924369747897
null,0.05,average_precision,440,0.3520238095238095
null,0.05,average_precision,441,0.3850140056022409
null,0.05,average_precision,442,0.3458333333333333
null,0.05,average_precision,443,0.22660427807486627
null,0.05,average_precision,444,0.6079365079365079
null,0.05,average_precision,445,0.4492997198879551
null,0.05,average_precision,446,0.5353646353646354
null,0.05,average_precision,447,0.5597979797979798
null,0.05,average_precision,448,0.4116394716394717
null,0.05,average_precision,449,0.27984126984126984
null,0.05,average_precision,450,0.43787878787878787
null,0.05,average_precision,451,0.5878787878787879
null,0.05,average_precision,452,0.47272727272727266
null,0.05,average_precision,453,0.24884920634920632
null,0.05,average_precision,454,0.324949494949495
null,0.05,average_precision,455,0.7253968253968253
null,0.05,average_precision,456,0.6459090909090909
null,0.05,average_precision,457,0.3875124875124875
null,0.05,average_precision,458,0.41017316017316025
null,0.05,average_precision,459,0.28820512820512817
null,0.05,average_precision,460,0.4758333333333333
null,0.05,average_precision,461,0.6319230769230769
null,0.05,average_precision,462,0.25888888888888884
null,0.05,average_precision,463,0.23573126220185045
null,0.05,average_precision,464,0.2242094017094017
null,0.05,average_precision,465,0.41342670401493925
null,0.05,average_precision,466,0.25453781512605045
null,0.05,average_precision,467,0.47096638655462175
null,0.05,average_precision,468,0.4126984126984127
null,0.05,average_precision,469,0.6310606060606061
null,0.05,average_precision,470,0.3482174688057041
null,0.05,average_precision,471,0.23143162393162395
null,0.05,average_precision,472,0.28428104575163393
null,0.05,average_precision,473,0.556060606060606
null,0.05,average_precision,474,0.2592997198879552
null,0.05,average_precision,475,0.2933333333333333
null,0.05,average_precision,476,0.27555555555555555
null,0.05,average_precision,477,0.42036199095022625
null,0.05,average_precision,478,0.3322222222222222
null,0.05,average_precision,479,0.26596638655462185
null,0.05,average_precision,480,0.3355555555555555
null,0.05,average_precision,481,0.42666666666666664
null,0.05,average_precision,482,0.5667600373482726
null,0.05,average_precision,483,0.6310606060606061
null,0.05,average_precision,484,0.45536032594856113
null,0.05,average_precision,485,0.3021969696969697
null,0.05,average_precision,486,0.25036199095022627
null,0.05,average_precision,487,0.5909090909090909
null,0.05,average_precision,488,0.36769841269841275
null,0.05,average_precision,489,0.4208458208458209
null,0.05,average_precision,490,0.3216619981325864
null,0.05,average_precision,491,0.4105555555555555
null,0.05,average_precision,492,0.37722222222222224
null,0.05,average_precision,493,0.2655189255189255
null,0.05,average_precision,494,0.2729761904761905
null,0.05,average_precision,495,0.20174603174603173
null,0.05,average_precision,496,0.46333333333333326
null,0.05,average_precision,497,0.37523809523809526
null,0.05,average_precision,498,0.27769841269841267
null,0.05,average_precision,499,0.4752272727272727
null,0.05,average_precision,500,0.6422222222222222
null,0.05,average_precision,501,0.34215686274509804
null,0.05,average_precision,502,0.36702865761689296
null,0.05,average_precision,503,0.2336141636141636
null,0.05,average_precision,504,0.3709663865546219
null,0.05,average_precision,505,0.2675048480930834
null,0.05,average_precision,506,0.3734598734598734
null,0.05,average_precision,507,0.43967171717171716
null,0.05,average_precision,508,0.711111111111111
null,0.05,average_precision,509,0.3246428571428571
null,0.05,average_precision,510,0.2137682252388135
null,0.05,average_precision,511,0.42821428571428577
null,0.05,auroc_decline_vs_rest,0,0.4307692307692308
null,0.05,auroc_decline_vs_rest,1,0.7846153846153846
null,0.05,auroc_decline_vs_rest,2,0.3076923076923077
null,0.05,auroc_decline_vs_rest,3,0.4307692307692308
null,0.05,auroc_decline_vs_rest,4,0.49230769230769234
null,0.05,auroc_decline_vs_rest,5,0.7384615384615385
null,0.05,auroc_decline_vs_rest,6,0.8
null,0.05,auroc_decline_vs_rest,7,0.5230769230769231
null,0.05,auroc_decline_vs_rest,8,0.6461538461538462
null,0.05,auroc_decline_vs_rest,9,0.4
null,0.05,auroc_decline_vs_rest,10,0.7230769230769231
null,0.05,auroc_decline_vs_rest,11,0.7384615384615385
null,0.05,auroc_decline_vs_rest,12,0.5846153846153846
null,0.05,auroc_decline_vs_rest,13,0.6923076923076923
null,0.05,auroc_decline_vs_rest,14,0.5384615384615384
null,0.05,auroc_decline_vs_rest,15,0.6307692307692307
null,0.05,auroc_decline_vs_rest,16,0.38461538461538464
null,0.05,auroc_decline_vs_rest,17,0.6615384615384615
null,0.05,auroc_decline_vs_rest,18,0.6615384615384615
null,0.05,auroc_decline_vs_rest,19,0.3384615384615385
null,0.05,auroc_decline_vs_rest,20,0.3230769230769231
null,0.05,auroc_decline_vs_rest,21,0.2923076923076923
null,0.05,auroc_decline_vs_rest,22,0.5692307692307692
null,0.05,auroc_decline_vs_rest,23,0.5538461538461539
null,0.05,auroc_decline_vs_rest,24,0.5384615384615384
null,0.05,auroc_decline_vs_rest,25,0.676923076923077
null,0.05,auroc_decline_vs_rest,26,0.8153846153846154
null,0.05,auroc_decline_vs_rest,27,0.5692307692307692
null,0.05,auroc_decline_vs_rest,28,0.5846153846153846
null,0.05,auroc_decline_vs_rest,29,0.6307692307692307
null,0.05,auroc_decline_vs_rest,30,0.4
null,0.05,auroc_decline_vs_rest,31,0.6923076923076923
null,0.05,auroc_decline_vs_rest,32,0.7538461538461538
null,0.05,auroc_decline_vs_rest,33,0.6615384615384615
null,0.05,auroc_decline_vs_rest,34,0.35384615384615387
null,0.05,auroc_decline_vs_rest,35,0.36923076923076925
null,0.05,auroc_decline_vs_rest,36,0.6923076923076923
null,0.05,auroc_decline_vs_rest,37,0.3384615384615385
null,0.05,auroc_decline_vs_rest,38,0.5230769230769231
null,0.05,auroc_decline_vs_rest,39,0.8769230769230769
null,0.05,auroc_decline_vs_rest,40,0.46153846153846156
null,0.05,auroc_decline_vs_rest,41,0.8615384615384616
null,0.05,auroc_decline_vs_rest,42,0.7692307692307693
null,0.05,auroc_decline_vs_rest,43,0.27692307692307694
null,0.05,auroc_decline_vs_rest,44,0.5230769230769231
null,0.05,auroc_decline_vs_rest,45,0.3230769230769231
null,0.05,auroc_decline_vs_rest,46,0.6153846153846154
null,0.05,auroc_decline_vs_rest,47,0.5076923076923077
null,0.05,auroc_decline_vs_rest,48,0.5230769230769231
null,0.05,auroc_decline_vs_rest,49,0.6461538461538462
null,0.05,auroc_decline_vs_rest,50,0.6461538461538462
null,0.05,auroc_decline_vs_rest,51,0.6461538461538462
null,0.05,auroc_decline_vs_rest,52,0.5230769230769231
null,0.05,auroc_decline_vs_rest,53,0.5076923076923077
null,0.05,auroc_decline_vs_rest,54,0.4
null,0.05,auroc_decline_vs_rest,55,0.6307692307692307
null,0.05,auroc_decline_vs_rest,56,0.4153846153846154
null,0.05,auroc_decline_vs_rest,57,0.46153846153846156
null,0.05,auroc_decline_vs_rest,58,0.7692307692307693
null,0.05,auroc_decline_vs_rest,59,0.7538461538461538
null,0.05,auroc_decline_vs_rest,60,0.36923076923076925
null,0.05,auroc_decline_vs_rest,61,0.6
null,0.05,auroc_decline_vs_rest,62,0.5230769230769231
null,0.05,auroc_decline_vs_rest,63,0.27692307692307694
null,0.05,auroc_decline_vs_rest,64,0.5230769230769231
null,0.05,auroc_decline_vs_rest,65,0.38461538461538464
null,0.05,auroc_decline_vs_rest,66,0.5538461538461539
null,0.05,auroc_decline_vs_rest,67,0.47692307692307695
null,0.05,auroc_decline_vs_rest,68,0.8461538461538461
null,0.05,auroc_decline_vs_rest,69,0.5076923076923077
null,0.05,auroc_decline_vs_rest,70,0.5538461538461539
null,0.05,auroc_decline_vs_rest,71,0.676923076923077
null,0.05,auroc_decline_vs_rest,72,0.47692307692307695
null,0.05,auroc_decline_vs_rest,73,0.5076923076923077
null,0.05,auroc_decline_vs_rest,74,0.5230769230769231
null,0.05,auroc_decline_vs_rest,75,0.7230769230769231
null,0.05,auroc_decline_vs_rest,76,0.38461538461538464
null,0.05,auroc_decline_vs_rest,77,0.2923076923076923
null,0.05,auroc_decline_vs_rest,78,0.27692307692307694
null,0.05,auroc_decline_vs_rest,79,0.7384615384615385
null,0.05,auroc_decline_vs_rest,80,0.26153846153846155
null,0.05,auroc_decline_vs_rest,81,0.49230769230769234
null,0.05,auroc_decline_vs_rest,82,0.6615384615384615
null,0.05,auroc_decline_vs_rest,83,0.24615384615384617
null,0.05,auroc_decline_vs_rest,84,0.8615384615384616
null,0.05,auroc_decline_vs_rest,85,0.38461538461538464
null,0.05,auroc_decline_vs_rest,86,0.5230769230769231
null,0.05,auroc_decline_vs_rest,87,0.7384615384615385
null,0.05,auroc_decline_vs_rest,88,0.47692307692307695
null,0.05,auroc_decline_vs_rest,89,0.27692307692307694
null,0.05,auroc_decline_vs_rest,90,0.27692307692307694
null,0.05,auroc_decline_vs_rest,91,0.6307692307692307
null,0.05,auroc_decline_vs_rest,92,0.23076923076923078
null,0.05,auroc_decline_vs_rest,93,0.8153846153846154
null,0.05,auroc_decline_vs_rest,94,0.5076923076923077
null,0.05,auroc_decline_vs_rest,95,0.5230769230769231
null,0.05,auroc_decline_vs_rest,96,0.7384615384615385
null,0.05,auroc_decline_vs_rest,97,0.4307692307692308
null,0.05,auroc_decline_vs_rest,98,0.6307692307692307
null,0.05,auroc_decline_vs_rest,99,0.6307692307692307
null,0.05,auroc_decline_vs_rest,100,0.47692307692307695
null,0.05,auroc_decline_vs_rest,101,0.8
null,0.05,auroc_decline_vs_rest,102,0.46153846153846156
null,0.05,auroc_decline_vs_rest,103,0.38461538461538464
null,0.05,auroc_decline_vs_rest,104,0.7230769230769231
null,0.05,auroc_decline_vs_rest,105,0.7846153846153846
null,0.05,auroc_decline_vs_rest,106,0.9076923076923077
null,0.05,auroc_decline_vs_rest,107,0.5230769230769231
null,0.05,auroc_decline_vs_rest,108,0.5538461538461539
null,0.05,auroc_decline_vs_rest,109,0.8615384615384616
null,0.05,auroc_decline_vs_rest,110,0.6615384615384615
null,0.05,auroc_decline_vs_rest,111,0.7230769230769231
null,0.05,auroc_decline_vs_rest,112,0.3076923076923077
null,0.05,auroc_decline_vs_rest,113,0.5384615384615384
null,0.05,auroc_decline_vs_rest,114,0.4
null,0.05,auroc_decline_vs_rest,115,0.38461538461538464
null,0.05,auroc_decline_vs_rest,116,0.36923076923076925
null,0.05,auroc_decline_vs_rest,117,0.36923076923076925
null,0.05,auroc_decline_vs_rest,118,0.7846153846153846
null,0.05,auroc_decline_vs_rest,119,0.4307692307692308
null,0.05,auroc_decline_vs_rest,120,0.5384615384615384
null,0.05,auroc_decline_vs_rest,121,0.3384615384615385
null,0.05,auroc_decline_vs_rest,122,0.5230769230769231
null,0.05,auroc_decline_vs_rest,123,0.6
null,0.05,auroc_decline_vs_rest,124,0.6153846153846154
null,0.05,auroc_decline_vs_rest,125,0.23076923076923078
null,0.05,auroc_decline_vs_rest,126,0.5538461538461539
null,0.05,auroc_decline_vs_rest,127,0.49230769230769234
null,0.05,auroc_decline_vs_rest,128,0.47692307692307695
null,0.05,auroc_decline_vs_rest,129,0.46153846153846156
null,0.05,auroc_decline_vs_rest,130,0.6153846153846154
null,0.05,auroc_decline_vs_rest,131,0.6307692307692307
null,0.05,auroc_decline_vs_rest,132,0.49230769230769234
null,0.05,auroc_decline_vs_rest,133,0.6
null,0.05,auroc_decline_vs_rest,134,0.7076923076923077
null,0.05,auroc_decline_vs_rest,135,0.5692307692307692
null,0.05,auroc_decline_vs_rest,136,0.5846153846153846
null,0.05,auroc_decline_vs_rest,137,0.5538461538461539
null,0.05,auroc_decline_vs_rest,138,0.8
null,0.05,auroc_decline_vs_rest,139,0.46153846153846156
null,0.05,auroc_decline_vs_rest,140,0.6615384615384615
null,0.05,auroc_decline_vs_rest,141,0.4307692307692308
null,0.05,auroc_decline_vs_rest,142,0.6461538461538462
null,0.05,auroc_decline_vs_rest,143,0.7384615384615385
null,0.05,auroc_decline_vs_rest,144,0.6615384615384615
null,0.05,auroc_decline_vs_rest,145,0.27692307692307694
null,0.05,auroc_decline_vs_rest,146,0.5692307692307692
null,0.05,auroc_decline_vs_rest,147,0.8461538461538461
null,0.05,auroc_decline_vs_rest,148,0.6153846153846154
null,0.05,auroc_decline_vs_rest,149,0.46153846153846156
null,0.05,auroc_decline_vs_rest,150,0.4307692307692308
null,0.05,auroc_decline_vs_rest,151,0.3230769230769231
null,0.05,auroc_decline_vs_rest,152,0.24615384615384617
null,0.05,auroc_decline_vs_rest,153,0.7076923076923077
null,0.05,auroc_decline_vs_rest,154,0.35384615384615387
null,0.05,auroc_decline_vs_rest,155,0.5076923076923077
null,0.05,auroc_decline_vs_rest,156,0.6923076923076923
null,0.05,auroc_decline_vs_rest,157,0.38461538461538464
null,0.05,auroc_decline_vs_rest,158,0.35384615384615387
null,0.05,auroc_decline_vs_rest,159,0.49230769230769234
null,0.05,auroc_decline_vs_rest,160,0.47692307692307695
null,0.05,auroc_decline_vs_rest,161,0.5384615384615384
null,0.05,auroc_decline_vs_rest,162,0.5692307692307692
null,0.05,auroc_decline_vs_rest,163,0.5384615384615384
null,0.05,auroc_decline_vs_rest,164,0.6923076923076923
null,0.05,auroc_decline_vs_rest,165,0.46153846153846156
null,0.05,auroc_decline_vs_rest,166,0.5230769230769231
null,0.05,auroc_decline_vs_rest,167,0.6307692307692307
null,0.05,auroc_decline_vs_rest,168,0.4153846153846154
null,0.05,auroc_decline_vs_rest,169,0.6923076923076923
null,0.05,auroc_decline_vs_rest,170,0.38461538461538464
null,0.05,auroc_decline_vs_rest,171,0.5384615384615384
null,0.05,auroc_decline_vs_rest,172,0.47692307692307695
null,0.05,auroc_decline_vs_rest,173,0.5230769230769231
null,0.05,auroc_decline_vs_rest,174,0.6923076923076923
null,0.05,auroc_decline_vs_rest,175,0.5384615384615384
null,0.05,auroc_decline_vs_rest,176,0.47692307692307695
null,0.05,auroc_decline_vs_rest,177,0.676923076923077
null,0.05,auroc_decline_vs_rest,178,0.5384615384615384
null,0.05,auroc_decline_vs_rest,179,0.7076923076923077
null,0.05,auroc_decline_vs_rest,180,0.6
null,0.05,auroc_decline_vs_rest,181,0.8461538461538461
null,0.05,auroc_decline_vs_rest,182,0.46153846153846156
null,0.05,auroc_decline_vs_rest,183,0.4
null,0.05,auroc_decline_vs_rest,184,0.676923076923077
null,0.05,auroc_decline_vs_rest,185,0.5230769230769231
null,0.05,auroc_decline_vs_rest,186,0.7692307692307693
null,0.05,auroc_decline_vs_rest,187,0.35384615384615387
null,0.05,auroc_decline_vs_rest,188,0.8461538461538461
null,0.05,auroc_decline_vs_rest,189,0.38461538461538464
null,0.05,auroc_decline_vs_rest,190,0.5692307692307692
null,0.05,auroc_decline_vs_rest,191,0.8
null,0.05,auroc_decline_vs_rest,192,0.47692307692307695
null,0.05,auroc_decline_vs_rest,193,0.5538461538461539
null,0.05,auroc_decline_vs_rest,194,0.46153846153846156
null,0.05,auroc_decline_vs_rest,195,0.35384615384615387
null,0.05,auroc_decline_vs_rest,196,0.676923076923077
null,0.05,auroc_decline_vs_rest,197,0.4461538461538462
null,0.05,auroc_decline_vs_rest,198,0.6615384615384615
null,0.05,auroc_decline_vs_rest,199,0.6461538461538462
null,0.05,auroc_decline_vs_rest,200,0.5538461538461539
null,0.05,auroc_decline_vs_rest,201,0.6307692307692307
null,0.05,auroc_decline_vs_rest,202,0.5538461538461539
null,0.05,auroc_decline_vs_rest,203,0.7384615384615385
null,0.05,auroc_decline_vs_rest,204,0.5692307692307692
null,0.05,auroc_decline_vs_rest,205,0.49230769230769234
null,0.05,auroc_decline_vs_rest,206,0.47692307692307695
null,0.05,auroc_decline_vs_rest,207,0.6153846153846154
null,0.05,auroc_decline_vs_rest,208,0.6923076923076923
null,0.05,auroc_decline_vs_rest,209,0.6307692307692307
null,0.05,auroc_decline_vs_rest,210,0.4461538461538462
null,0.05,auroc_decline_vs_rest,211,0.6307692307692307
null,0.05,auroc_decline_vs_rest,212,0.5076923076923077
null,0.05,auroc_decline_vs_rest,213,0.5230769230769231
null,0.05,auroc_decline_vs_rest,214,0.4153846153846154
null,0.05,auroc_decline_vs_rest,215,0.2
null,0.05,auroc_decline_vs_rest,216,0.4461538461538462
null,0.05,auroc_decline_vs_rest,217,0.5076923076923077
null,0.05,auroc_decline_vs_rest,218,0.6153846153846154
null,0.05,auroc_decline_vs_rest,219,0.4153846153846154
null,0.05,auroc_decline_vs_rest,220,0.4461538461538462
null,0.05,auroc_decline_vs_rest,221,0.47692307692307695
null,0.05,auroc_decline_vs_rest,222,0.38461538461538464
null,0.05,auroc_decline_vs_rest,223,0.38461538461538464
null,0.05,auroc_decline_vs_rest,224,0.36923076923076925
null,0.05,auroc_decline_vs_rest,225,0.5230769230769231
null,0.05,auroc_decline_vs_rest,226,0.47692307692307695
null,0.05,auroc_decline_vs_rest,227,0.5384615384615384
null,0.05,auroc_decline_vs_rest,228,0.5846153846153846
null,0.05,auroc_decline_vs_rest,229,0.5384615384615384
null,0.05,auroc_decline_vs_rest,230,0.5230769230769231
null,0.05,auroc_decline_vs_rest,231,0.4
null,0.05,auroc_decline_vs_rest,232,0.6615384615384615
null,0.05,auroc_decline_vs_rest,233,0.6
null,0.05,auroc_decline_vs_rest,234,0.8461538461538461
null,0.05,auroc_decline_vs_rest,235,0.5692307692307692
null,0.05,auroc_decline_vs_rest,236,0.3230769230769231
null,0.05,auroc_decline_vs_rest,237,0.49230769230769234
null,0.05,auroc_decline_vs_rest,238,0.8307692307692308
null,0.05,auroc_decline_vs_rest,239,0.5076923076923077
null,0.05,auroc_decline_vs_rest,240,0.36923076923076925
null,0.05,auroc_decline_vs_rest,241,0.5538461538461539
null,0.05,auroc_decline_vs_rest,242,0.5076923076923077
null,0.05,auroc_decline_vs_rest,243,0.36923076923076925
null,0.05,auroc_decline_vs_rest,244,0.7538461538461538
null,0.05,auroc_decline_vs_rest,245,0.49230769230769234
null,0.05,auroc_decline_vs_rest,246,0.3230769230769231
null,0.05,auroc_decline_vs_rest,247,0.6307692307692307
null,0.05,auroc_decline_vs_rest,248,0.47692307692307695
null,0.05,auroc_decline_vs_rest,249,0.5692307692307692
null,0.05,auroc_decline_vs_rest,250,0.47692307692307695
null,0.05,auroc_decline_vs_rest,251,0.5846153846153846
null,0.05,auroc_decline_vs_rest,252,0.5230769230769231
null,0.05,auroc_decline_vs_rest,253,0.8153846153846154
null,0.05,auroc_decline_vs_rest,254,0.5538461538461539
null,0.05,auroc_decline_vs_rest,255,0.6461538461538462
null,0.05,auroc_decline_vs_rest,256,0.5692307692307692
null,0.05,auroc_decline_vs_rest,257,0.5076923076923077
null,0.05,auroc_decline_vs_rest,258,0.49230769230769234
null,0.05,auroc_decline_vs_rest,259,0.8307692307692308
null,0.05,auroc_decline_vs_rest,260,0.46153846153846156
null,0.05,auroc_decline_vs_rest,261,0.7076923076923077
null,0.05,auroc_decline_vs_rest,262,0.35384615384615387
null,0.05,auroc_decline_vs_rest,263,0.5846153846153846
null,0.05,auroc_decline_vs_rest,264,0.8307692307692308
null,0.05,auroc_decline_vs_rest,265,0.4461538461538462
null,0.05,auroc_decline_vs_rest,266,0.5692307692307692
null,0.05,auroc_decline_vs_rest,267,0.5538461538461539
null,0.05,auroc_decline_vs_rest,268,0.5384615384615384
null,0.05,auroc_decline_vs_rest,269,0.7230769230769231
null,0.05,auroc_decline_vs_rest,270,0.7076923076923077
null,0.05,auroc_decline_vs_rest,271,0.46153846153846156
null,0.05,auroc_decline_vs_rest,272,0.4
null,0.05,auroc_decline_vs_rest,273,0.6461538461538462
null,0.05,auroc_decline_vs_rest,274,0.2923076923076923
null,0.05,auroc_decline_vs_rest,275,0.5538461538461539
null,0.05,auroc_decline_vs_rest,276,0.7692307692307693
null,0.05,auroc_decline_vs_rest,277,0.49230769230769234
null,0.05,auroc_decline_vs_rest,278,0.35384615384615387
null,0.05,auroc_decline_vs_rest,279,0.4461538461538462
null,0.05,auroc_decline_vs_rest,280,0.5384615384615384
null,0.05,auroc_decline_vs_rest,281,0.6615384615384615
null,0.05,auroc_decline_vs_rest,282,0.7230769230769231
null,0.05,auroc_decline_vs_rest,283,0.5538461538461539
null,0.05,auroc_decline_vs_rest,284,0.46153846153846156
null,0.05,auroc_decline_vs_rest,285,0.8
null,0.05,auroc_decline_vs_rest,286,0.49230769230769234
null,0.05,auroc_decline_vs_rest,287,0.2923076923076923
null,0.05,auroc_decline_vs_rest,288,0.3384615384615385
null,0.05,auroc_decline_vs_rest,289,0.5230769230769231
null,0.05,auroc_decline_vs_rest,290,0.35384615384615387
null,0.05,auroc_decline_vs_rest,291,0.5846153846153846
null,0.05,auroc_decline_vs_rest,292,0.4153846153846154
null,0.05,auroc_decline_vs_rest,293,0.7384615384615385
null,0.05,auroc_decline_vs_rest,294,0.7846153846153846
null,0.05,auroc_decline_vs_rest,295,0.5538461538461539
null,0.05,auroc_decline_vs_rest,296,0.7230769230769231
null,0.05,auroc_decline_vs_rest,297,0.24615384615384617
null,0.05,auroc_decline_vs_rest,298,0.38461538461538464
null,0.05,auroc_decline_vs_rest,299,0.49230769230769234
null,0.05,auroc_decline_vs_rest,300,0.5692307692307692
null,0.05,auroc_decline_vs_rest,301,0.6307692307692307
null,0.05,auroc_decline_vs_rest,302,0.676923076923077
null,0.05,auroc_decline_vs_rest,303,0.6461538461538462
null,0.05,auroc_decline_vs_rest,304,0.5692307692307692
null,0.05,auroc_decline_vs_rest,305,0.4307692307692308
null,0.05,auroc_decline_vs_rest,306,0.49230769230769234
null,0.05,auroc_decline_vs_rest,307,0.5846153846153846
null,0.05,auroc_decline_vs_rest,308,0.4
null,0.05,auroc_decline_vs_rest,309,0.49230769230769234
null,0.05,auroc_decline_vs_rest,310,0.3384615384615385
null,0.05,auroc_decline_vs_rest,311,0.5076923076923077
null,0.05,auroc_decline_vs_rest,312,0.4
null,0.05,auroc_decline_vs_rest,313,0.49230769230769234
null,0.05,auroc_decline_vs_rest,314,0.5230769230769231
null,0.05,auroc_decline_vs_rest,315,0.6615384615384615
null,0.05,auroc_decline_vs_rest,316,0.6923076923076923
null,0.05,auroc_decline_vs_rest,317,0.7230769230769231
null,0.05,auroc_decline_vs_rest,318,0.8
null,0.05,auroc_decline_vs_rest,319,0.7076923076923077
null,0.05,auroc_decline_vs_rest,320,0.6153846153846154
null,0.05,auroc_decline_vs_rest,321,0.7230769230769231
null,0.05,auroc_decline_vs_rest,322,0.5076923076923077
null,0.05,auroc_decline_vs_rest,323,0.7846153846153846
null,0.05,auroc_decline_vs_rest,324,0.4
null,0.05,auroc_decline_vs_rest,325,0.6923076923076923
null,0.05,auroc_decline_vs_rest,326,0.6615384615384615
null,0.05,auroc_decline_vs_rest,327,0.4461538461538462
null,0.05,auroc_decline_vs_rest,328,0.49230769230769234
null,0.05,auroc_decline_vs_rest,329,0.8307692307692308
null,0.05,auroc_decline_vs_rest,330,0.46153846153846156
null,0.05,auroc_decline_vs_rest,331,0.5846153846153846
null,0.05,auroc_decline_vs_rest,332,0.6
null,0.05,auroc_decline_vs_rest,333,0.7230769230769231
null,0.05,auroc_decline_vs_rest,334,0.5846153846153846
null,0.05,auroc_decline_vs_rest,335,0.6153846153846154
null,0.05,auroc_decline_vs_rest,336,0.4307692307692308
null,0.05,auroc_decline_vs_rest,337,0.5692307692307692
null,0.05,auroc_decline_vs_rest,338,0.26153846153846155
null,0.05,auroc_decline_vs_rest,339,0.27692307692307694
null,0.05,auroc_decline_vs_rest,340,0.47692307692307695
null,0.05,auroc_decline_vs_rest,341,0.7384615384615385
null,0.05,auroc_decline_vs_rest,342,0.4461538461538462
null,0.05,auroc_decline_vs_rest,343,0.5538461538461539
null,0.05,auroc_decline_vs_rest,344,0.49230769230769234
null,0.05,auroc_decline_vs_rest,345,0.5230769230769231
null,0.05,auroc_decline_vs_rest,346,0.5538461538461539
null,0.05,auroc_decline_vs_rest,347,0.5384615384615384
null,0.05,auroc_decline_vs_rest,348,0.676923076923077
null,0.05,auroc_decline_vs_rest,349,0.49230769230769234
null,0.05,auroc_decline_vs_rest,350,0.5076923076923077
null,0.05,auroc_decline_vs_rest,351,0.6
null,0.05,auroc_decline_vs_rest,352,0.6153846153846154
null,0.05,auroc_decline_vs_rest,353,0.5538461538461539
null,0.05,auroc_decline_vs_rest,354,0.3076923076923077
null,0.05,auroc_decline_vs_rest,355,0.49230769230769234
null,0.05,auroc_decline_vs_rest,356,0.4
null,0.05,auroc_decline_vs_rest,357,0.5230769230769231
null,0.05,auroc_decline_vs_rest,358,0.5076923076923077
null,0.05,auroc_decline_vs_rest,359,0.5692307692307692
null,0.05,auroc_decline_vs_rest,360,0.6
null,0.05,auroc_decline_vs_rest,361,0.47692307692307695
null,0.05,auroc_decline_vs_rest,362,0.7076923076923077
null,0.05,auroc_decline_vs_rest,363,0.6
null,0.05,auroc_decline_vs_rest,364,0.6461538461538462
null,0.05,auroc_decline_vs_rest,365,0.5692307692307692
null,0.05,auroc_decline_vs_rest,366,0.46153846153846156
null,0.05,auroc_decline_vs_rest,367,0.7538461538461538
null,0.05,auroc_decline_vs_rest,368,0.35384615384615387
null,0.05,auroc_decline_vs_rest,369,0.4461538461538462
null,0.05,auroc_decline_vs_rest,370,0.4461538461538462
null,0.05,auroc_decline_vs_rest,371,0.5384615384615384
null,0.05,auroc_decline_vs_rest,372,0.7846153846153846
null,0.05,auroc_decline_vs_rest,373,0.5846153846153846
null,0.05,auroc_decline_vs_rest,374,0.3076923076923077
null,0.05,auroc_decline_vs_rest,375,0.35384615384615387
null,0.05,auroc_decline_vs_rest,376,0.5692307692307692
null,0.05,auroc_decline_vs_rest,377,0.7538461538461538
null,0.05,auroc_decline_vs_rest,378,0.35384615384615387
null,0.05,auroc_decline_vs_rest,379,0.5076923076923077
null,0.05,auroc_decline_vs_rest,380,0.5230769230769231
null,0.05,auroc_decline_vs_rest,381,0.7076923076923077
null,0.05,auroc_decline_vs_rest,382,0.46153846153846156
null,0.05,auroc_decline_vs_rest,383,0.4461538461538462
null,0.05,auroc_decline_vs_rest,384,0.35384615384615387
null,0.05,auroc_decline_vs_rest,385,0.7076923076923077
null,0.05,auroc_decline_vs_rest,386,0.4307692307692308
null,0.05,auroc_decline_vs_rest,387,0.5076923076923077
null,0.05,auroc_decline_vs_rest,388,0.4153846153846154
null,0.05,auroc_decline_vs_rest,389,0.7538461538461538
null,0.05,auroc_decline_vs_rest,390,0.6923076923076923
null,0.05,auroc_decline_vs_rest,391,0.5230769230769231
null,0.05,auroc_decline_vs_rest,392,0.5538461538461539
null,0.05,auroc_decline_vs_rest,393,0.6461538461538462
null,0.05,auroc_decline_vs_rest,394,0.49230769230769234
null,0.05,auroc_decline_vs_rest,395,0.6461538461538462
null,0.05,auroc_decline_vs_rest,396,0.7538461538461538
null,0.05,auroc_decline_vs_rest,397,0.46153846153846156
null,0.05,auroc_decline_vs_rest,398,0.6461538461538462
null,0.05,auroc_decline_vs_rest,399,0.6307692307692307
null,0.05,auroc_decline_vs_rest,400,0.5076923076923077
null,0.05,auroc_decline_vs_rest,401,0.49230769230769234
null,0.05,auroc_decline_vs_rest,402,0.5076923076923077
null,0.05,auroc_decline_vs_rest,403,0.47692307692307695
null,0.05,auroc_decline_vs_rest,404,0.4307692307692308
null,0.05,auroc_decline_vs_rest,405,0.5692307692307692
null,0.05,auroc_decline_vs_rest,406,0.5230769230769231
null,0.05,auroc_decline_vs_rest,407,0.23076923076923078
null,0.05,auroc_decline_vs_rest,408,0.7076923076923077
null,0.05,auroc_decline_vs_rest,409,0.8307692307692308
null,0.05,auroc_decline_vs_rest,410,0.7230769230769231
null,0.05,auroc_decline_vs_rest,411,0.7230769230769231
null,0.05,auroc_decline_vs_rest,412,0.8615384615384616
null,0.05,auroc_decline_vs_rest,413,0.35384615384615387
null,0.05,auroc_decline_vs_rest,414,0.47692307692307695
null,0.05,auroc_decline_vs_rest,415,0.6461538461538462
null,0.05,auroc_decline_vs_rest,416,0.6153846153846154
null,0.05,auroc_decline_vs_rest,417,0.47692307692307695
null,0.05,auroc_decline_vs_rest,418,0.4307692307692308
null,0.05,auroc_decline_vs_rest,419,0.49230769230769234
null,0.05,auroc_decline_vs_rest,420,0.4461538461538462
null,0.05,auroc_decline_vs_rest,421,0.5692307692307692
null,0.05,auroc_decline_vs_rest,422,0.8
null,0.05,auroc_decline_vs_rest,423,0.6
null,0.05,auroc_decline_vs_rest,424,0.6923076923076923
null,0.05,auroc_decline_vs_rest,425,0.4307692307692308
null,0.05,auroc_decline_vs_rest,426,0.6461538461538462
null,0.05,auroc_decline_vs_rest,427,0.5538461538461539
null,0.05,auroc_decline_vs_rest,428,0.5846153846153846
null,0.05,auroc_decline_vs_rest,429,0.7076923076923077
null,0.05,auroc_decline_vs_rest,430,0.2923076923076923
null,0.05,auroc_decline_vs_rest,431,0.49230769230769234
null,0.05,auroc_decline_vs_rest,432,0.6153846153846154
null,0.05,auroc_decline_vs_rest,433,0.26153846153846155
null,0.05,auroc_decline_vs_rest,434,0.49230769230769234
null,0.05,auroc_decline_vs_rest,435,0.4307692307692308
null,0.05,auroc_decline_vs_rest,436,0.3384615384615385
null,0.05,auroc_decline_vs_rest,437,0.5692307692307692
null,0.05,auroc_decline_vs_rest,438,0.4307692307692308
null,0.05,auroc_decline_vs_rest,439,0.6307692307692307
null,0.05,auroc_decline_vs_rest,440,0.5384615384615384
null,0.05,auroc_decline_vs_rest,441,0.38461538461538464
null,0.05,auroc_decline_vs_rest,442,0.5076923076923077
null,0.05,auroc_decline_vs_rest,443,0.26153846153846155
null,0.05,auroc_decline_vs_rest,444,0.7692307692307693
null,0.05,auroc_decline_vs_rest,445,0.5846153846153846
null,0.05,auroc_decline_vs_rest,446,0.7230769230769231
null,0.05,auroc_decline_vs_rest,447,0.7384615384615385
null,0.05,auroc_decline_vs_rest,448,0.4153846153846154
null,0.05,auroc_decline_vs_rest,449,0.4153846153846154
null,0.05,auroc_decline_vs_rest,450,0.5076923076923077
null,0.05,auroc_decline_vs_rest,451,0.6307692307692307
null,0.05,auroc_decline_vs_rest,452,0.5846153846153846
null,0.05,auroc_decline_vs_rest,453,0.35384615384615387
null,0.05,auroc_decline_vs_rest,454,0.5076923076923077
null,0.05,auroc_decline_vs_rest,455,0.8461538461538461
null,0.05,auroc_decline_vs_rest,456,0.7846153846153846
null,0.05,auroc_decline_vs_rest,457,0.5538461538461539
null,0.05,auroc_decline_vs_rest,458,0.4153846153846154
null,0.05,auroc_decline_vs_rest,459,0.4153846153846154
null,0.05,auroc_decline_vs_rest,460,0.5846153846153846
null,0.05,auroc_decline_vs_rest,461,0.7076923076923077
null,0.05,auroc_decline_vs_rest,462,0.36923076923076925
null,0.05,auroc_decline_vs_rest,463,0.2923076923076923
null,0.05,auroc_decline_vs_rest,464,0.26153846153846155
null,0.05,auroc_decline_vs_rest,465,0.6153846153846154
null,0.05,auroc_decline_vs_rest,466,0.36923076923076925
null,0.05,auroc_decline_vs_rest,467,0.5692307692307692
null,0.05,auroc_decline_vs_rest,468,0.6461538461538462
null,0.05,auroc_decline_vs_rest,469,0.7076923076923077
null,0.05,auroc_decline_vs_rest,470,0.5230769230769231
null,0.05,auroc_decline_vs_rest,471,0.2923076923076923
null,0.05,auroc_decline_vs_rest,472,0.4
null,0.05,auroc_decline_vs_rest,473,0.676923076923077
null,0.05,auroc_decline_vs_rest,474,0.36923076923076925
null,0.05,auroc_decline_vs_rest,475,0.4307692307692308
null,0.05,auroc_decline_vs_rest,476,0.4
null,0.05,auroc_decline_vs_rest,477,0.4461538461538462
null,0.05,auroc_decline_vs_rest,478,0.46153846153846156
null,0.05,auroc_decline_vs_rest,479,0.38461538461538464
null,0.05,auroc_decline_vs_rest,480,0.5230769230769231
null,0.05,auroc_decline_vs_rest,481,0.5846153846153846
null,0.05,auroc_decline_vs_rest,482,0.6615384615384615
null,0.05,auroc_decline_vs_rest,483,0.7692307692307693
null,0.05,auroc_decline_vs_rest,484,0.5692307692307692
null,0.05,auroc_decline_vs_rest,485,0.38461538461538464
null,0.05,auroc_decline_vs_rest,486,0.35384615384615387
null,0.05,auroc_decline_vs_rest,487,0.7846153846153846
null,0.05,auroc_decline_vs_rest,488,0.5384615384615384
null,0.05,auroc_decline_vs_rest,489,0.6
null,0.05,auroc_decline_vs_rest,490,0.4461538461538462
null,0.05,auroc_decline_vs_rest,491,0.5846153846153846
null,0.05,auroc_decline_vs_rest,492,0.5538461538461539
null,0.05,auroc_decline_vs_rest,493,0.3384615384615385
null,0.05,auroc_decline_vs_rest,494,0.4153846153846154
null,0.05,auroc_decline_vs_rest,495,0.15384615384615385
null,0.05,auroc_decline_vs_rest,496,0.5692307692307692
null,0.05,auroc_decline_vs_rest,497,0.5846153846153846
null,0.05,auroc_decline_vs_rest,498,0.4
null,0.05,auroc_decline_vs_rest,499,0.5692307692307692
null,0.05,auroc_decline_vs_rest,500,0.8
null,0.05,auroc_decline_vs_rest,501,0.49230769230769234
null,0.05,auroc_decline_vs_rest,502,0.5538461538461539
null,0.05,auroc_decline_vs_rest,503,0.2923076923076923
null,0.05,auroc_decline_vs_rest,504,0.5692307692307692
null,0.05,auroc_decline_vs_rest,505,0.4
null,0.05,auroc_decline_vs_rest,506,0.5846153846153846
null,0.05,auroc_decline_vs_rest,507,0.5076923076923077
null,0.05,auroc_decline_vs_rest,508,0.8307692307692308
null,0.05,auroc_decline_vs_rest,509,0.5076923076923077
null,0.05,auroc_decline_vs_rest,510,0.2153846153846154
null,0.05,auroc_decline_vs_rest,511,0.6461538461538462
