control,context_id,phase,transform,score,metric,point,low,high,mean,valid_draws,complete_pool_draws,missing_any_skill_draws
placebo,all_alfworld,all,raw,D_original::token::reward,spearman,0.029877023293488663,-0.4283816845605152,0.29783081168655157,-0.06804152251102781,845,845,1155
placebo,all_alfworld,all,raw,D_original::token::reward,average_precision,0.5374011015722245,0.3205237236595043,0.7433937364664919,0.537896979293331,845,845,1155
placebo,all_alfworld,all,raw,D_original::token::reward,auroc_large_change_vs_rest,0.4431818181818182,0.2261904761904762,0.7111111111111111,0.4724430172063308,845,845,1155
placebo,all_alfworld,all,raw,D_original::token::reward,top_quartile_mean_absolute_delta,0.06416666666666666,0.015135515069725597,0.15962878787878784,0.07476131503357032,845,845,1155
placebo,all_alfworld,all,raw,D_original::token::reward,top_quartile_lift,0.8056564606191898,0.2012152589558907,1.5272354716547025,0.826199215753629,845,845,1155
placebo,all_alfworld,all,raw,D_original::token::unsigned,spearman,-0.14411270059212178,-0.6113427959509896,0.18911608430477028,-0.2092507950477214,845,845,1155
placebo,all_alfworld,all,raw,D_original::token::unsigned,average_precision,0.6580563301819986,0.31445541619911366,0.7604443193337659,0.5654371112496714,845,845,1155
placebo,all_alfworld,all,raw,D_original::token::unsigned,auroc_large_change_vs_rest,0.4659090909090909,0.16666666666666666,0.6546703296703297,0.4092575143462717,845,845,1155
placebo,all_alfworld,all,raw,D_original::token::unsigned,top_quartile_mean_absolute_delta,0.06881720430107527,0.017877021563342317,0.15303681149879308,0.07365357373968967,845,845,1155
placebo,all_alfworld,all,raw,D_original::token::unsigned,top_quartile_lift,0.864047146705122,0.2291716197245979,1.478384653680582,0.8188513080060037,845,845,1155
placebo,all_alfworld,all,raw,D_centered_gate::token::reward,spearman,0.029877023293488663,-0.4283816845605152,0.29783081168655157,-0.06804152251102781,845,845,1155
placebo,all_alfworld,all,raw,D_centered_gate::token::reward,average_precision,0.5374011015722245,0.3205237236595043,0.7433937364664919,0.537896979293331,845,845,1155
placebo,all_alfworld,all,raw,D_centered_gate::token::reward,auroc_large_change_vs_rest,0.4431818181818182,0.2261904761904762,0.7111111111111111,0.4724430172063308,845,845,1155
placebo,all_alfworld,all,raw,D_centered_gate::token::reward,top_quartile_mean_absolute_delta,0.06416666666666666,0.015135515069725597,0.15962878787878784,0.07476131503357032,845,845,1155
placebo,all_alfworld,all,raw,D_centered_gate::token::reward,top_quartile_lift,0.8056564606191898,0.2012152589558907,1.5272354716547025,0.826199215753629,845,845,1155
placebo,all_alfworld,all,raw,D_centered_gate::token::unsigned,spearman,-0.14411270059212178,-0.6113427959509896,0.18911608430477028,-0.2092507950477214,845,845,1155
placebo,all_alfworld,all,raw,D_centered_gate::token::unsigned,average_precision,0.6580563301819986,0.31445541619911366,0.7604443193337659,0.5654371112496714,845,845,1155
placebo,all_alfworld,all,raw,D_centered_gate::token::unsigned,auroc_large_change_vs_rest,0.4659090909090909,0.16666666666666666,0.6546703296703297,0.4092575143462717,845,845,1155
placebo,all_alfworld,all,raw,D_centered_gate::token::unsigned,top_quartile_mean_absolute_delta,0.06881720430107527,0.017877021563342317,0.15303681149879308,0.07365357373968967,845,845,1155
placebo,all_alfworld,all,raw,D_centered_gate::token::unsigned,top_quartile_lift,0.864047146705122,0.2291716197245979,1.478384653680582,0.8188513080060037,845,845,1155
placebo,all_alfworld,all,raw,D_ungated::token::reward,spearman,0.1282954529661572,-0.4691550581324181,0.31550339011618667,-0.06284800691885346,845,845,1155
placebo,all_alfworld,all,raw,D_ungated::token::reward,average_precision,0.5960361533890945,0.32945782091514064,0.7957951912208876,0.5672651340584103,845,845,1155
placebo,all_alfworld,all,raw,D_ungated::token::reward,auroc_large_change_vs_rest,0.5113636363636364,0.23380952380952383,0.7222222222222222,0.47360241172371353,845,845,1155
placebo,all_alfworld,all,raw,D_ungated::token::reward,top_quartile_mean_absolute_delta,0.08541666666666667,0.012619047619047622,0.1993100649350649,0.09143855042214619,845,845,1155
placebo,all_alfworld,all,raw,D_ungated::token::reward,top_quartile_lift,1.0724647690060645,0.16831520062845662,1.7552911460171283,0.989536499851841,845,845,1155
placebo,all_alfworld,all,raw,D_ungated::token::unsigned,spearman,0.34885818375044114,-0.47541684650931554,0.3706508360351034,-0.022084090867080325,845,845,1155
placebo,all_alfworld,all,raw,D_ungated::token::unsigned,average_precision,0.7816279679916043,0.3611442094865727,0.8121917946174912,0.6183291835652673,845,845,1155
placebo,all_alfworld,all,raw,D_ungated::token::unsigned,auroc_large_change_vs_rest,0.6590909090909091,0.23814935064935064,0.7376190476190475,0.49306623028516516,845,845,1155
placebo,all_alfworld,all,raw,D_ungated::token::unsigned,top_quartile_mean_absolute_delta,0.10422297297297298,0.025089285714285717,0.2104007331799885,0.10686307082710933,845,845,1155
placebo,all_alfworld,all,raw,D_ungated::token::unsigned,top_quartile_lift,1.3085908288926997,0.37545452051794104,1.9458398006582922,1.1670088725934433,845,845,1155
placebo,all_alfworld,all,raw,D_signed::token::reward,spearman,-0.04130059102335197,-0.37592325191042497,0.252096395711481,-0.05876650807371246,845,845,1155
placebo,all_alfworld,all,raw,D_signed::token::reward,average_precision,0.521933236104359,0.3227603010901331,0.8050001845816322,0.5616610913666972,845,845,1155
placebo,all_alfworld,all,raw,D_signed::token::reward,auroc_large_change_vs_rest,0.4090909090909091,0.27420634920634923,0.6903174603174602,0.47812201605101007,845,845,1155
placebo,all_alfworld,all,raw,D_signed::token::reward,top_quartile_mean_absolute_delta,0.057644927536231884,0.017784147869674187,0.14751718073593073,0.06876122171560814,845,845,1155
placebo,all_alfworld,all,raw,D_signed::token::reward,top_quartile_lift,0.7237715577894586,0.237146105918379,1.4558025416258369,0.7662391486325295,845,845,1155
placebo,all_alfworld,all,raw,D_signed::token::unsigned,spearman,0.4253082139426033,-0.010443622099497162,0.61603544351777,0.29247168438731586,845,845,1155
placebo,all_alfworld,all,raw,D_signed::token::unsigned,average_precision,0.6958776072412435,0.40352507669734555,0.9110228275459368,0.671460863434969,845,845,1155
placebo,all_alfworld,all,raw,D_signed::token::unsigned,auroc_large_change_vs_rest,0.6590909090909091,0.43333333333333335,0.8522727272727273,0.6338698957190082,845,845,1155
placebo,all_alfworld,all,raw,D_signed::token::unsigned,top_quartile_mean_absolute_delta,0.06666666666666667,0.028934867216117217,0.15222413352133307,0.07918247556223515,845,845,1155
placebo,all_alfworld,all,raw,D_signed::token::unsigned,top_quartile_lift,0.8370456733705869,0.3621311700686901,1.5168887279077703,0.8877613791982689,845,845,1155
placebo,all_alfworld,all,raw,D_signed_gate::token::reward,spearman,-0.2521972260362131,-0.46228040540469584,0.3055335600305622,-0.11453174981058158,845,845,1155
placebo,all_alfworld,all,raw,D_signed_gate::token::reward,average_precision,0.4977055698312382,0.30688919128257364,0.7898218733880499,0.54242944565956,845,845,1155
placebo,all_alfworld,all,raw,D_signed_gate::token::reward,auroc_large_change_vs_rest,0.3409090909090909,0.23333333333333334,0.6903174603174602,0.4534809569129096,845,845,1155
placebo,all_alfworld,all,raw,D_signed_gate::token::reward,top_quartile_mean_absolute_delta,0.057644927536231884,0.017784147869674187,0.14751718073593073,0.06876122171560814,845,845,1155
placebo,all_alfworld,all,raw,D_signed_gate::token::reward,top_quartile_lift,0.7237715577894586,0.237146105918379,1.4558025416258369,0.7662391486325295,845,845,1155
placebo,all_alfworld,all,raw,D_signed_gate::token::unsigned,spearman,-0.004393679896101274,-0.27394444832000303,0.38232732260064145,0.05219079201656756,845,845,1155
placebo,all_alfworld,all,raw,D_signed_gate::token::unsigned,average_precision,0.6087995337995338,0.35031663574520716,0.845577559015059,0.6049181639214178,845,845,1155
placebo,all_alfworld,all,raw,D_signed_gate::token::unsigned,auroc_large_change_vs_rest,0.45454545454545453,0.3070887445887446,0.7555555555555555,0.5214935639639783,845,845,1155
placebo,all_alfworld,all,raw,D_signed_gate::token::unsigned,top_quartile_mean_absolute_delta,0.06666666666666667,0.028934867216117217,0.15222413352133307,0.07918247556223515,845,845,1155
placebo,all_alfworld,all,raw,D_signed_gate::token::unsigned,top_quartile_lift,0.8370456733705869,0.3621311700686901,1.5168887279077703,0.8877613791982689,845,845,1155
placebo,all_alfworld,all,raw,D_sign_balance::token::reward,spearman,0.1942006514076763,-0.3327487014185921,0.33913206038665134,0.010560535218391677,845,845,1155
placebo,all_alfworld,all,raw,D_sign_balance::token::reward,average_precision,0.6342562673902387,0.3569059504092399,0.8109708483524272,0.6069181711133396,845,845,1155
placebo,all_alfworld,all,raw,D_sign_balance::token::reward,auroc_large_change_vs_rest,0.5227272727272727,0.32222222222222224,0.7154292929292928,0.5194067208268391,845,845,1155
placebo,all_alfworld,all,raw,D_sign_balance::token::reward,top_quartile_mean_absolute_delta,0.08472826086956523,0.020908995416348358,0.20276729323308268,0.09341181932491766,845,845,1155
placebo,all_alfworld,all,raw,D_sign_balance::token::reward,top_quartile_lift,1.0638213625962596,0.3125023933750908,1.8263410309571444,1.0193722632259872,845,845,1155
placebo,all_alfworld,all,raw,D_sign_balance::token::unsigned,spearman,0.03251323123114942,-0.2518227919161944,0.47893969808001224,0.13391193467632106,845,845,1155
placebo,all_alfworld,all,raw,D_sign_balance::token::unsigned,average_precision,0.6112062180243997,0.3463814600186781,0.8794514930083965,0.6273059858876624,845,845,1155
placebo,all_alfworld,all,raw,D_sign_balance::token::unsigned,auroc_large_change_vs_rest,0.48863636363636365,0.3184149184149184,0.785551948051948,0.5504876944226057,845,845,1155
placebo,all_alfworld,all,raw,D_sign_balance::token::unsigned,top_quartile_mean_absolute_delta,0.0625,0.025175467914438504,0.1414671049715829,0.07452257600949215,845,845,1155
placebo,all_alfworld,all,raw,D_sign_balance::token::unsigned,top_quartile_lift,0.7847303187849252,0.3057207602276289,1.4571986006318147,0.8332367095169254,845,845,1155
placebo,all_alfworld,all,raw,D_negative_fraction::token::reward,spearman,0.19507938738689656,-0.4884887671752011,0.28503723666202607,-0.08972946755493467,845,845,1155
placebo,all_alfworld,all,raw,D_negative_fraction::token::reward,average_precision,0.6903198999455683,0.33995941401956437,0.7561540042344995,0.5786666822537847,845,845,1155
placebo,all_alfworld,all,raw,D_negative_fraction::token::reward,auroc_large_change_vs_rest,0.5568181818181818,0.2262987012987013,0.7,0.46753432793373617,845,845,1155
placebo,all_alfworld,all,raw,D_negative_fraction::token::reward,top_quartile_mean_absolute_delta,0.09972826086956521,0.021886904761904764,0.2099848484848485,0.10242947177506445,845,845,1155
placebo,all_alfworld,all,raw,D_negative_fraction::token::reward,top_quartile_lift,1.2521566391046415,0.3201999207815325,1.8553942815262698,1.1179524235664757,845,845,1155
placebo,all_alfworld,all,raw,D_negative_fraction::token::unsigned,spearman,0.1300529249245977,-0.5478540349089155,0.2706654476813909,-0.11600229686994014,845,845,1155
placebo,all_alfworld,all,raw,D_negative_fraction::token::unsigned,average_precision,0.6608093926275743,0.32310442872707906,0.7949783286520348,0.5756948714467688,845,845,1155
placebo,all_alfworld,all,raw,D_negative_fraction::token::unsigned,auroc_large_change_vs_rest,0.5568181818181818,0.19065934065934065,0.7050699300699301,0.44878474582616595,845,845,1155
placebo,all_alfworld,all,raw,D_negative_fraction::token::unsigned,top_quartile_mean_absolute_delta,0.08541666666666667,0.012619047619047622,0.1993100649350649,0.09143855042214619,845,845,1155
placebo,all_alfworld,all,raw,D_negative_fraction::token::unsigned,top_quartile_lift,1.0724647690060645,0.16831520062845662,1.7552911460171283,0.989536499851841,845,845,1155
placebo,all_alfworld,all,raw,D_adv::token::reward,spearman,-0.27855930541282076,-0.5907661262577104,0.07527441756623285,-0.25234643924290917,845,845,1155
placebo,all_alfworld,all,raw,D_adv::token::reward,average_precision,0.5101148776950916,0.2960473413386947,0.7824607074961325,0.5243485173783582,845,845,1155
placebo,all_alfworld,all,raw,D_adv::token::reward,auroc_large_change_vs_rest,0.32954545454545453,0.1590909090909091,0.5897435897435898,0.37619552045587545,845,845,1155
placebo,all_alfworld,all,raw,D_adv::token::reward,top_quartile_mean_absolute_delta,0.0688912429378531,0.009381174657844648,0.1774626436781609,0.07587574345100652,845,845,1155
placebo,all_alfworld,all,raw,D_adv::token::reward,top_quartile_lift,0.8649767525137791,0.140247978086592,1.5608131954558415,0.8199973616460171,845,845,1155
placebo,all_alfworld,all,raw,D_adv::token::unsigned,spearman,0.4253082139426033,-0.010443622099497162,0.61603544351777,0.29247168438731586,845,845,1155
placebo,all_alfworld,all,raw,D_adv::token::unsigned,average_precision,0.6958776072412435,0.40352507669734555,0.9110228275459368,0.671460863434969,845,845,1155
placebo,all_alfworld,all,raw,D_adv::token::unsigned,auroc_large_change_vs_rest,0.6590909090909091,0.43333333333333335,0.8522727272727273,0.6338698957190082,845,845,1155
placebo,all_alfworld,all,raw,D_adv::token::unsigned,top_quartile_mean_absolute_delta,0.06666666666666667,0.028934867216117217,0.15222413352133307,0.07918247556223515,845,845,1155
placebo,all_alfworld,all,raw,D_adv::token::unsigned,top_quartile_lift,0.8370456733705869,0.3621311700686901,1.5168887279077703,0.8877613791982689,845,845,1155
placebo,all_alfworld,all,raw,D_adv_gate::token::reward,spearman,-0.4525490292984312,-0.48718843086087593,0.1873394028048945,-0.1845519208369807,845,845,1155
placebo,all_alfworld,all,raw,D_adv_gate::token::reward,average_precision,0.48859585976459047,0.3049749253768492,0.7776662024435302,0.5261771111808322,845,845,1155
placebo,all_alfworld,all,raw,D_adv_gate::token::reward,auroc_large_change_vs_rest,0.29545454545454547,0.20572649572649573,0.6569841269841269,0.41710417787340853,845,845,1155
placebo,all_alfworld,all,raw,D_adv_gate::token::reward,top_quartile_mean_absolute_delta,0.043400537634408605,0.021935113289256784,0.09947818844739602,0.05450194756314998,845,845,1155
placebo,all_alfworld,all,raw,D_adv_gate::token::reward,top_quartile_lift,0.5449234837325857,0.2569239423818156,1.078292429793518,0.6208502759024562,845,845,1155
placebo,all_alfworld,all,raw,D_adv_gate::token::unsigned,spearman,-0.004393679896101274,-0.27394444832000303,0.38232732260064145,0.05219079201656756,845,845,1155
placebo,all_alfworld,all,raw,D_adv_gate::token::unsigned,average_precision,0.6087995337995338,0.35031663574520716,0.845577559015059,0.6049181639214178,845,845,1155
placebo,all_alfworld,all,raw,D_adv_gate::token::unsigned,auroc_large_change_vs_rest,0.45454545454545453,0.3070887445887446,0.7555555555555555,0.5214935639639783,845,845,1155
placebo,all_alfworld,all,raw,D_adv_gate::token::unsigned,top_quartile_mean_absolute_delta,0.06666666666666667,0.028934867216117217,0.15222413352133307,0.07918247556223515,845,845,1155
placebo,all_alfworld,all,raw,D_adv_gate::token::unsigned,top_quartile_lift,0.8370456733705869,0.3621311700686901,1.5168887279077703,0.8877613791982689,845,845,1155
placebo,all_alfworld,all,raw,D_sqrtadv::token::reward,spearman,-0.07645003019216216,-0.3855831243050519,0.23178348651219025,-0.0718407732833026,845,845,1155
placebo,all_alfworld,all,raw,D_sqrtadv::token::reward,average_precision,0.5066799288055972,0.31002532598120836,0.7890944770413093,0.5461926183523418,845,845,1155
placebo,all_alfworld,all,raw,D_sqrtadv::token::reward,auroc_large_change_vs_rest,0.375,0.26666666666666666,0.6793162393162393,0.4701117291649836,845,845,1155
placebo,all_alfworld,all,raw,D_sqrtadv::token::reward,top_quartile_mean_absolute_delta,0.0538912429378531,0.013906382520274886,0.16403271593997398,0.06767982482259356,845,845,1155
placebo,all_alfworld,all,raw,D_sqrtadv::token::reward,top_quartile_lift,0.676641476005397,0.2058068152818205,1.51815040825109,0.739267485748701,845,845,1155
placebo,all_alfworld,all,raw,D_sqrtadv::token::unsigned,spearman,0.4253082139426033,-0.010443622099497162,0.61603544351777,0.29247168438731586,845,845,1155
placebo,all_alfworld,all,raw,D_sqrtadv::token::unsigned,average_precision,0.6958776072412435,0.40352507669734555,0.9110228275459368,0.671460863434969,845,845,1155
placebo,all_alfworld,all,raw,D_sqrtadv::token::unsigned,auroc_large_change_vs_rest,0.6590909090909091,0.43333333333333335,0.8522727272727273,0.6338698957190082,845,845,1155
placebo,all_alfworld,all,raw,D_sqrtadv::token::unsigned,top_quartile_mean_absolute_delta,0.06666666666666667,0.028934867216117217,0.15222413352133307,0.07918247556223515,845,845,1155
placebo,all_alfworld,all,raw,D_sqrtadv::token::unsigned,top_quartile_lift,0.8370456733705869,0.3621311700686901,1.5168887279077703,0.8877613791982689,845,845,1155
placebo,all_alfworld,all,raw,D_work::token::reward,spearman,-0.43936798961012735,-0.5822747382600616,0.08441017167076584,-0.2761782668718824,845,845,1155
placebo,all_alfworld,all,raw,D_work::token::reward,average_precision,0.4926791131125496,0.2931794727460363,0.768157372598162,0.5116141716181547,845,845,1155
placebo,all_alfworld,all,raw,D_work::token::reward,auroc_large_change_vs_rest,0.29545454545454547,0.14772727272727273,0.6222222222222222,0.369225935143095,845,845,1155
placebo,all_alfworld,all,raw,D_work::token::reward,top_quartile_mean_absolute_delta,0.05423387096774194,0.014466257785493476,0.1545835913312693,0.06514387582897216,845,845,1155
placebo,all_alfworld,all,raw,D_work::token::reward,top_quartile_lift,0.6809434056553061,0.19059557923813503,1.426676894923768,0.7130827253711657,845,845,1155
placebo,all_alfworld,all,raw,D_work::token::unsigned,spearman,0.27152941757905874,-0.19154018906191758,0.5201917777507377,0.1690704329600528,845,845,1155
placebo,all_alfworld,all,raw,D_work::token::unsigned,average_precision,0.7606338106338106,0.43843198906356795,0.8621874493028339,0.6845734881407227,845,845,1155
placebo,all_alfworld,all,raw,D_work::token::unsigned,auroc_large_change_vs_rest,0.6477272727272727,0.37777777777777777,0.7954545454545454,0.5853570656825096,845,845,1155
placebo,all_alfworld,all,raw,D_work::token::unsigned,top_quartile_mean_absolute_delta,0.12152777777777776,0.06694911674347158,0.20118720095693776,0.12575753994643238,845,845,1155
placebo,all_alfworld,all,raw,D_work::token::unsigned,top_quartile_lift,1.5258645087484655,0.7930852800090157,2.0898946881922726,1.4297922936193062,845,845,1155
placebo,all_alfworld,all,raw,D_work_gate::token::reward,spearman,-0.22056273078428393,-0.6441142350138224,0.20686254561762443,-0.20869861300204964,845,845,1155
placebo,all_alfworld,all,raw,D_work_gate::token::reward,average_precision,0.6201710656045022,0.30165556058793286,0.8202075694265392,0.5706897263153281,845,845,1155
placebo,all_alfworld,all,raw,D_work_gate::token::reward,auroc_large_change_vs_rest,0.375,0.15555555555555556,0.6441025641025641,0.3997838634081238,845,845,1155
placebo,all_alfworld,all,raw,D_work_gate::token::reward,top_quartile_mean_absolute_delta,0.06875,0.009234727443609024,0.18319979296066252,0.08064973254227892,845,845,1155
placebo,all_alfworld,all,raw,D_work_gate::token::reward,top_quartile_lift,0.8632033506634178,0.14072065909528614,1.5911217443050436,0.8711529015548524,845,845,1155
placebo,all_alfworld,all,raw,D_work_gate::token::unsigned,spearman,0.05360289473243554,-0.3377847153649636,0.37263661969189293,0.011599896253636138,845,845,1155
placebo,all_alfworld,all,raw,D_work_gate::token::unsigned,average_precision,0.6405791104320516,0.3534814820774205,0.8399791065416063,0.6100745898538262,845,845,1155
placebo,all_alfworld,all,raw,D_work_gate::token::unsigned,auroc_large_change_vs_rest,0.5,0.2978571428571429,0.7272727272727273,0.5031890134848714,845,845,1155
placebo,all_alfworld,all,raw,D_work_gate::token::unsigned,top_quartile_mean_absolute_delta,0.06279761904761905,0.02294086122211122,0.15439194139194137,0.07408872830180137,845,845,1155
placebo,all_alfworld,all,raw,D_work_gate::token::unsigned,top_quartile_lift,0.7884671298267582,0.2745253553011181,1.4688311711315096,0.8270314711893336,845,845,1155
placebo,all_alfworld,all,raw,D_cos_raw::token::reward,spearman,-0.1476276445090028,-0.3860222919313143,0.2244896600816918,-0.08664720326810288,845,845,1155
placebo,all_alfworld,all,raw,D_cos_raw::token::reward,average_precision,0.4928310251839663,0.3175368993751347,0.8086969001963341,0.5561589108759163,845,845,1155
placebo,all_alfworld,all,raw,D_cos_raw::token::reward,auroc_large_change_vs_rest,0.3409090909090909,0.25,0.6777777777777778,0.4638858150396612,845,845,1155
placebo,all_alfworld,all,raw,D_cos_raw::token::reward,top_quartile_mean_absolute_delta,0.04111950380741832,0.018674143425486133,0.10291394119462878,0.05402014856620228,845,845,1155
placebo,all_alfworld,all,raw,D_cos_raw::token::reward,top_quartile_lift,0.5162835412971732,0.20635133489703214,1.099593320689421,0.6145502948698778,845,845,1155
placebo,all_alfworld,all,raw,D_cos_raw::token::unsigned,spearman,0.4701237488828363,-0.00960361741605707,0.644192814544619,0.30712355193473484,845,845,1155
placebo,all_alfworld,all,raw,D_cos_raw::token::unsigned,average_precision,0.7186048799685163,0.4113819538161643,0.9229223678742909,0.67981208256165,845,845,1155
placebo,all_alfworld,all,raw,D_cos_raw::token::unsigned,auroc_large_change_vs_rest,0.6818181818181818,0.44545454545454544,0.8690476190476191,0.6445203202451724,845,845,1155
placebo,all_alfworld,all,raw,D_cos_raw::token::unsigned,top_quartile_mean_absolute_delta,0.09166666666666666,0.03496978021978022,0.20909325396825387,0.10441175309372103,845,845,1155
placebo,all_alfworld,all,raw,D_cos_raw::token::unsigned,top_quartile_lift,1.150937800884557,0.49602181447264215,1.8571050861226908,1.1456824975545636,845,845,1155
placebo,all_alfworld,all,raw,D_cos_centered::token::reward,spearman,-0.05096668679477478,-0.3812888609739389,0.23750704695881,-0.07562960800704027,845,845,1155
placebo,all_alfworld,all,raw,D_cos_centered::token::reward,average_precision,0.5250044073573484,0.3233370142928967,0.7834292662286361,0.5493624882842054,845,845,1155
placebo,all_alfworld,all,raw,D_cos_centered::token::reward,auroc_large_change_vs_rest,0.42045454545454547,0.26958041958041956,0.6785714285714286,0.47045790173009105,845,845,1155
placebo,all_alfworld,all,raw,D_cos_centered::token::reward,top_quartile_mean_absolute_delta,0.057644927536231884,0.017784147869674187,0.14751718073593073,0.06876122171560814,845,845,1155
placebo,all_alfworld,all,raw,D_cos_centered::token::reward,top_quartile_lift,0.7237715577894586,0.237146105918379,1.4558025416258369,0.7662391486325295,845,845,1155
placebo,all_alfworld,all,raw,D_cos_centered::token::unsigned,spearman,0.42618694992182354,0.02234784243933508,0.6396803340510964,0.31645775648241276,845,845,1155
placebo,all_alfworld,all,raw,D_cos_centered::token::unsigned,average_precision,0.6807260920897285,0.39928448535591393,0.9140670490424685,0.673520463857415,845,845,1155
placebo,all_alfworld,all,raw,D_cos_centered::token::unsigned,auroc_large_change_vs_rest,0.6477272727272727,0.45454545454545453,0.8571428571428571,0.6434146015063175,845,845,1155
placebo,all_alfworld,all,raw,D_cos_centered::token::unsigned,top_quartile_mean_absolute_delta,0.06666666666666667,0.028934867216117217,0.15222413352133307,0.07918247556223515,845,845,1155
placebo,all_alfworld,all,raw,D_cos_centered::token::unsigned,top_quartile_lift,0.8370456733705869,0.3621311700686901,1.5168887279077703,0.8877613791982689,845,845,1155
placebo,all_alfworld,all,raw,D_cos_centered_gate::token::reward,spearman,-0.2425311302647903,-0.4548672569441098,0.2800949571026979,-0.11949957326979484,845,845,1155
placebo,all_alfworld,all,raw,D_cos_centered_gate::token::reward,average_precision,0.5026642475171886,0.30880370582576466,0.7922460632368722,0.5436695062638548,845,845,1155
placebo,all_alfworld,all,raw,D_cos_centered_gate::token::reward,auroc_large_change_vs_rest,0.3522727272727273,0.23333333333333334,0.6888888888888889,0.455516186640447,845,845,1155
placebo,all_alfworld,all,raw,D_cos_centered_gate::token::reward,top_quartile_mean_absolute_delta,0.057644927536231884,0.017784147869674187,0.14751718073593073,0.06876122171560814,845,845,1155
placebo,all_alfworld,all,raw,D_cos_centered_gate::token::reward,top_quartile_lift,0.7237715577894586,0.237146105918379,1.4558025416258369,0.7662391486325295,845,845,1155
placebo,all_alfworld,all,raw,D_cos_centered_gate::token::unsigned,spearman,0.09050980585968624,-0.22317987985499663,0.41250606936921413,0.09357115766027597,845,845,1155
placebo,all_alfworld,all,raw,D_cos_centered_gate::token::unsigned,average_precision,0.6552667326731498,0.3787549817421141,0.8570110724942657,0.6330676149584527,845,845,1155
placebo,all_alfworld,all,raw,D_cos_centered_gate::token::unsigned,auroc_large_change_vs_rest,0.5113636363636364,0.343015873015873,0.7738095238095238,0.5456629941393255,845,845,1155
placebo,all_alfworld,all,raw,D_cos_centered_gate::token::unsigned,top_quartile_mean_absolute_delta,0.06666666666666667,0.028934867216117217,0.15222413352133307,0.07918247556223515,845,845,1155
placebo,all_alfworld,all,raw,D_cos_centered_gate::token::unsigned,top_quartile_lift,0.8370456733705869,0.3621311700686901,1.5168887279077703,0.8877613791982689,845,845,1155
placebo,all_alfworld,all,raw,D_cos_adv::token::reward,spearman,-0.22056273078428393,-0.5365423736194462,0.12067940049001283,-0.19797024497249177,845,845,1155
placebo,all_alfworld,all,raw,D_cos_adv::token::reward,average_precision,0.5041938980899014,0.2955213066087679,0.7837696476271772,0.5306209866627357,845,845,1155
placebo,all_alfworld,all,raw,D_cos_adv::token::reward,auroc_large_change_vs_rest,0.3181818181818182,0.17857142857142858,0.625,0.398085044475577,845,845,1155
placebo,all_alfworld,all,raw,D_cos_adv::token::reward,top_quartile_mean_absolute_delta,0.0688912429378531,0.009381174657844648,0.1774626436781609,0.07587574345100652,845,845,1155
placebo,all_alfworld,all,raw,D_cos_adv::token::reward,top_quartile_lift,0.8649767525137791,0.140247978086592,1.5608131954558415,0.8199973616460171,845,845,1155
placebo,all_alfworld,all,raw,D_cos_adv::token::unsigned,spearman,0.42618694992182354,0.02234784243933508,0.6396803340510964,0.31645775648241276,845,845,1155
placebo,all_alfworld,all,raw,D_cos_adv::token::unsigned,average_precision,0.6807260920897285,0.39928448535591393,0.9140670490424685,0.673520463857415,845,845,1155
placebo,all_alfworld,all,raw,D_cos_adv::token::unsigned,auroc_large_change_vs_rest,0.6477272727272727,0.45454545454545453,0.8571428571428571,0.6434146015063175,845,845,1155
placebo,all_alfworld,all,raw,D_cos_adv::token::unsigned,top_quartile_mean_absolute_delta,0.06666666666666667,0.028934867216117217,0.15222413352133307,0.07918247556223515,845,845,1155
placebo,all_alfworld,all,raw,D_cos_adv::token::unsigned,top_quartile_lift,0.8370456733705869,0.3621311700686901,1.5168887279077703,0.8877613791982689,845,845,1155
placebo,all_alfworld,all,raw,D_cos_negative::token::reward,spearman,0.034270703189589934,-0.45647805180473744,0.26886008557246843,-0.08232469258100554,845,845,1155
placebo,all_alfworld,all,raw,D_cos_negative::token::reward,average_precision,0.5612647379358608,0.32996619043887954,0.7670975768850049,0.5552233231603484,845,845,1155
placebo,all_alfworld,all,raw,D_cos_negative::token::reward,auroc_large_change_vs_rest,0.4659090909090909,0.22727272727272727,0.7043290043290044,0.46461633698320093,845,845,1155
placebo,all_alfworld,all,raw,D_cos_negative::token::reward,top_quartile_mean_absolute_delta,0.07889492753623188,0.020339285714285716,0.18819999999999995,0.08626019092591783,845,845,1155
placebo,all_alfworld,all,raw,D_cos_negative::token::reward,top_quartile_lift,0.9905798661763331,0.2641658280204449,1.764600230184122,0.9474267171739141,845,845,1155
placebo,all_alfworld,all,raw,D_cos_negative::token::unsigned,spearman,0.44815534940232993,-0.3909731394120528,0.4662341747246739,0.05552318087426951,845,845,1155
placebo,all_alfworld,all,raw,D_cos_negative::token::unsigned,average_precision,0.8368227731864095,0.3745990716179055,0.8564214029948296,0.6489813407486129,845,845,1155
placebo,all_alfworld,all,raw,D_cos_negative::token::unsigned,auroc_large_change_vs_rest,0.7272727272727273,0.2728354978354978,0.7838869463869463,0.5330107663539616,845,845,1155
placebo,all_alfworld,all,raw,D_cos_negative::token::unsigned,top_quartile_mean_absolute_delta,0.11672297297297299,0.03446265479876161,0.22679848541980893,0.12036057888941075,845,845,1155
placebo,all_alfworld,all,raw,D_cos_negative::token::unsigned,top_quartile_lift,1.4655368926496848,0.48134509271496706,2.0732782271870285,1.3224802540578648,845,845,1155
placebo,all_alfworld,all,raw,D_soft::token::reward,spearman,-0.4560639732153122,-0.48552283738683927,0.19393377080791788,-0.1609133490159861,845,845,1155
placebo,all_alfworld,all,raw,D_soft::token::reward,average_precision,0.4652375328177467,0.2998283987254576,0.7479409511279258,0.5159380074416248,845,845,1155
placebo,all_alfworld,all,raw,D_soft::token::reward,auroc_large_change_vs_rest,0.26136363636363635,0.2161130536130536,0.6520979020979017,0.43005786619691944,845,845,1155
placebo,all_alfworld,all,raw,D_soft::token::reward,top_quartile_mean_absolute_delta,0.040978260869565214,0.01859554195804196,0.10937485859728506,0.05725184041920452,845,845,1155
placebo,all_alfworld,all,raw,D_soft::token::reward,top_quartile_lift,0.5145101394468118,0.22998891869801855,1.1896467800514081,0.6502381119213114,845,845,1155
placebo,all_alfworld,all,raw,D_soft::token::unsigned,spearman,-0.34007082395823857,-0.36731163931406646,0.26701342667628036,-0.05620842478800862,845,845,1155
placebo,all_alfworld,all,raw,D_soft::token::unsigned,average_precision,0.47391521876815995,0.3147294558849181,0.8244879513576991,0.5601077933373777,845,845,1155
placebo,all_alfworld,all,raw,D_soft::token::unsigned,auroc_large_change_vs_rest,0.2727272727272727,0.2505555555555556,0.6931818181818182,0.46375969855259797,845,845,1155
placebo,all_alfworld,all,raw,D_soft::token::unsigned,top_quartile_mean_absolute_delta,0.041666666666666664,0.020414056867795835,0.09888344914262598,0.05460628038988613,845,845,1155
placebo,all_alfworld,all,raw,D_soft::token::unsigned,top_quartile_lift,0.5231535458566168,0.25092111935878375,1.101691617268192,0.6228602507981853,845,845,1155
placebo,all_alfworld,all,raw,D_soft_negative::token::reward,spearman,-0.008787359792202548,-0.40698636171406694,0.26636860881684654,-0.0721888361146628,845,845,1155
placebo,all_alfworld,all,raw,D_soft_negative::token::reward,average_precision,0.5374011015722245,0.3318759368549285,0.7410924247297702,0.5394666206360582,845,845,1155
placebo,all_alfworld,all,raw,D_soft_negative::token::reward,auroc_large_change_vs_rest,0.4431818181818182,0.245,0.7,0.4745057884259068,845,845,1155
placebo,all_alfworld,all,raw,D_soft_negative::token::reward,top_quartile_mean_absolute_delta,0.057644927536231884,0.021512838468720822,0.13744477213962508,0.06958295553734196,845,845,1155
placebo,all_alfworld,all,raw,D_soft_negative::token::reward,top_quartile_lift,0.7237715577894586,0.27751995524940676,1.4370355991399542,0.7840894330757019,845,845,1155
placebo,all_alfworld,all,raw,D_soft_negative::token::unsigned,spearman,-0.2970127609764461,-0.6742696539335248,0.17843222893655447,-0.2588768795412545,845,845,1155
placebo,all_alfworld,all,raw,D_soft_negative::token::unsigned,average_precision,0.5877811508159101,0.31334137171308224,0.7747231452102403,0.5562250457510922,845,845,1155
placebo,all_alfworld,all,raw,D_soft_negative::token::unsigned,auroc_large_change_vs_rest,0.3181818181818182,0.1311904761904762,0.6333333333333333,0.3816574040686467,845,845,1155
placebo,all_alfworld,all,raw,D_soft_negative::token::unsigned,top_quartile_mean_absolute_delta,0.054166666666666675,0.0020833333333333333,0.13916666666666666,0.058381038489634274,845,845,1155
placebo,all_alfworld,all,raw,D_soft_negative::token::unsigned,top_quartile_lift,0.6800996096136019,0.0282787269957678,1.33464338909685,0.6420279632508616,845,845,1155
placebo,all_alfworld,all,raw,D_soft_cos::token::reward,spearman,-0.3708265832309475,-0.4585574789911951,0.19385248538449965,-0.14449816680631447,845,845,1155
placebo,all_alfworld,all,raw,D_soft_cos::token::reward,average_precision,0.479975824828766,0.30992722730117683,0.7456901557467168,0.5209556656995592,845,845,1155
placebo,all_alfworld,all,raw,D_soft_cos::token::reward,auroc_large_change_vs_rest,0.29545454545454547,0.21654040404040406,0.6569841269841269,0.4417542303193191,845,845,1155
placebo,all_alfworld,all,raw,D_soft_cos::token::reward,top_quartile_mean_absolute_delta,0.04312879850397382,0.019066358213800916,0.101708966892308,0.05479766224057153,845,845,1155
placebo,all_alfworld,all,raw,D_soft_cos::token::reward,top_quartile_lift,0.5415116127813469,0.22020379110874277,1.1053769010817605,0.6236366953062447,845,845,1155
placebo,all_alfworld,all,raw,D_soft_cos::token::unsigned,spearman,-0.24956101809855236,-0.32790160561073756,0.27244010128803264,-0.03414888952384885,845,845,1155
placebo,all_alfworld,all,raw,D_soft_cos::token::unsigned,average_precision,0.490037984890926,0.31316443243964254,0.8364472635207929,0.5793818047853249,845,845,1155
placebo,all_alfworld,all,raw,D_soft_cos::token::unsigned,auroc_large_change_vs_rest,0.3181818181818182,0.26141774891774894,0.7159090909090909,0.47895507024205247,845,845,1155
placebo,all_alfworld,all,raw,D_soft_cos::token::unsigned,top_quartile_mean_absolute_delta,0.041666666666666664,0.020414056867795835,0.09888344914262598,0.05460628038988613,845,845,1155
placebo,all_alfworld,all,raw,D_soft_cos::token::unsigned,top_quartile_lift,0.5231535458566168,0.25092111935878375,1.101691617268192,0.6228602507981853,845,845,1155
placebo,all_alfworld,all,raw,D_sigmoid::token::reward,spearman,-0.29964896891410686,-0.4617141172965366,0.26194068545290994,-0.13281947330798166,845,845,1155
placebo,all_alfworld,all,raw,D_sigmoid::token::reward,average_precision,0.4843906019708159,0.3057668067226891,0.7865876510367462,0.5388897804133728,845,845,1155
placebo,all_alfworld,all,raw,D_sigmoid::token::reward,auroc_large_change_vs_rest,0.3068181818181818,0.2262987012987013,0.677142857142857,0.4429712233854246,845,845,1155
placebo,all_alfworld,all,raw,D_sigmoid::token::reward,top_quartile_mean_absolute_delta,0.057644927536231884,0.017784147869674187,0.14751718073593073,0.06876122171560814,845,845,1155
placebo,all_alfworld,all,raw,D_sigmoid::token::reward,top_quartile_lift,0.7237715577894586,0.237146105918379,1.4558025416258369,0.7662391486325295,845,845,1155
placebo,all_alfworld,all,raw,D_sigmoid::token::unsigned,spearman,0.06326899050385834,-0.25004647914467865,0.40009871996348256,0.07283254389835686,845,845,1155
placebo,all_alfworld,all,raw,D_sigmoid::token::unsigned,average_precision,0.6153808609690963,0.3463883678471389,0.8550786713286712,0.6144146831474533,845,845,1155
placebo,all_alfworld,all,raw,D_sigmoid::token::unsigned,auroc_large_change_vs_rest,0.5,0.32222222222222224,0.7725974025974025,0.5303072059433006,845,845,1155
placebo,all_alfworld,all,raw,D_sigmoid::token::unsigned,top_quartile_mean_absolute_delta,0.06666666666666667,0.028934867216117217,0.15222413352133307,0.07918247556223515,845,845,1155
placebo,all_alfworld,all,raw,D_sigmoid::token::unsigned,top_quartile_lift,0.8370456733705869,0.3621311700686901,1.5168887279077703,0.8877613791982689,845,845,1155
placebo,all_alfworld,all,raw,D_tauC_q25::token::reward,spearman,-0.27152941757905874,-0.46562174888098384,0.27293046978196966,-0.1260158686440619,845,845,1155
placebo,all_alfworld,all,raw,D_tauC_q25::token::reward,average_precision,0.5170057141313825,0.3079514684661743,0.7559024527867451,0.5284178074832192,845,845,1155
placebo,all_alfworld,all,raw,D_tauC_q25::token::reward,auroc_large_change_vs_rest,0.375,0.23863636363636365,0.6777777777777778,0.45117192964826097,845,845,1155
placebo,all_alfworld,all,raw,D_tauC_q25::token::reward,top_quartile_mean_absolute_delta,0.057644927536231884,0.017784147869674187,0.14751718073593073,0.06876122171560814,845,845,1155
placebo,all_alfworld,all,raw,D_tauC_q25::token::reward,top_quartile_lift,0.7237715577894586,0.237146105918379,1.4558025416258369,0.7662391486325295,845,845,1155
placebo,all_alfworld,all,raw,D_tauC_q25::token::unsigned,spearman,-0.028998287314268407,-0.29773457931112657,0.3784806352292983,0.03863622692997268,845,845,1155
placebo,all_alfworld,all,raw,D_tauC_q25::token::unsigned,average_precision,0.602976598564834,0.3456546149928503,0.8500847090001503,0.6045518186857679,845,845,1155
placebo,all_alfworld,all,raw,D_tauC_q25::token::unsigned,auroc_large_change_vs_rest,0.4431818181818182,0.30968253968253967,0.7564285714285712,0.5213981334247607,845,845,1155
placebo,all_alfworld,all,raw,D_tauC_q25::token::unsigned,top_quartile_mean_absolute_delta,0.06666666666666667,0.028934867216117217,0.15222413352133307,0.07918247556223515,845,845,1155
placebo,all_alfworld,all,raw,D_tauC_q25::token::unsigned,top_quartile_lift,0.8370456733705869,0.3621311700686901,1.5168887279077703,0.8877613791982689,845,845,1155
placebo,all_alfworld,all,raw,D_tauC_q50::token::reward,spearman,-0.38928003879457285,-0.4482176829217753,0.2679944080061895,-0.10443544313054651,845,845,1155
placebo,all_alfworld,all,raw,D_tauC_q50::token::reward,average_precision,0.4748334924137062,0.3176210484193678,0.7514589386153558,0.5335815466788766,845,845,1155
placebo,all_alfworld,all,raw,D_tauC_q50::token::reward,auroc_large_change_vs_rest,0.2840909090909091,0.2505555555555556,0.6803030303030299,0.45949402011532187,845,845,1155
placebo,all_alfworld,all,raw,D_tauC_q50::token::reward,top_quartile_mean_absolute_delta,0.040978260869565214,0.01859554195804196,0.10937485859728506,0.05725184041920452,845,845,1155
placebo,all_alfworld,all,raw,D_tauC_q50::token::reward,top_quartile_lift,0.5145101394468118,0.22998891869801855,1.1896467800514081,0.6502381119213114,845,845,1155
placebo,all_alfworld,all,raw,D_tauC_q50::token::unsigned,spearman,-0.465730068986735,-0.37598933166656,0.3065578653855809,-0.04148433061040617,845,845,1155
placebo,all_alfworld,all,raw,D_tauC_q50::token::unsigned,average_precision,0.45033526337002266,0.32155388379127875,0.8124179986679985,0.5540131200485143,845,845,1155
placebo,all_alfworld,all,raw,D_tauC_q50::token::unsigned,auroc_large_change_vs_rest,0.2159090909090909,0.245,0.6793956043956044,0.4651528878747814,845,845,1155
placebo,all_alfworld,all,raw,D_tauC_q50::token::unsigned,top_quartile_mean_absolute_delta,0.04583333333333333,0.02681643565472166,0.1111047365820678,0.06301319471308854,845,845,1155
placebo,all_alfworld,all,raw,D_tauC_q50::token::unsigned,top_quartile_lift,0.5754689004422785,0.3226591187247647,1.2019790668385533,0.7172356728057073,845,845,1155
placebo,all_alfworld,all,raw,D_tauC_q75::token::reward,spearman,-0.3116486226145463,-0.4415845790182721,0.28198910628443924,-0.0883891444625737,845,845,1155
placebo,all_alfworld,all,raw,D_tauC_q75::token::reward,average_precision,0.485026329879271,0.3261440826330532,0.749230293399411,0.5405629851021889,845,845,1155
placebo,all_alfworld,all,raw,D_tauC_q75::token::reward,auroc_large_change_vs_rest,0.3068181818181818,0.25,0.6927525252525252,0.4676998806584605,845,845,1155
placebo,all_alfworld,all,raw,D_tauC_q75::token::reward,top_quartile_mean_absolute_delta,0.06181159420289854,0.023622400475341653,0.1431590909090909,0.07424285509008494,845,845,1155
placebo,all_alfworld,all,raw,D_tauC_q75::token::reward,top_quartile_lift,0.7760869123751202,0.30417165296187104,1.5433048030049616,0.8386141027570453,845,845,1155
placebo,all_alfworld,all,raw,D_tauC_q75::token::unsigned,spearman,-0.4901103162414938,-0.4031828029821659,0.31227310840116856,-0.06173745460202334,845,845,1155
placebo,all_alfworld,all,raw,D_tauC_q75::token::unsigned,average_precision,0.45412314215790156,0.3125991072419644,0.8203138649399154,0.547193976423993,845,845,1155
placebo,all_alfworld,all,raw,D_tauC_q75::token::unsigned,auroc_large_change_vs_rest,0.22727272727272727,0.24408730158730158,0.678327922077922,0.4584834708355418,845,845,1155
placebo,all_alfworld,all,raw,D_tauC_q75::token::unsigned,top_quartile_mean_absolute_delta,0.04583333333333333,0.02681643565472166,0.1111047365820678,0.06301319471308854,845,845,1155
placebo,all_alfworld,all,raw,D_tauC_q75::token::unsigned,top_quartile_lift,0.5754689004422785,0.3226591187247647,1.2019790668385533,0.7172356728057073,845,845,1155
placebo,all_alfworld,all,raw,D_delta_q25::token::reward,spearman,-0.022847135459726622,-0.37714626745064006,0.2399655119272593,-0.0662620808724314,845,845,1155
placebo,all_alfworld,all,raw,D_delta_q25::token::reward,average_precision,0.5351908118619348,0.3282008257848594,0.7368224851129263,0.5453901008242569,845,845,1155
placebo,all_alfworld,all,raw,D_delta_q25::token::reward,auroc_large_change_vs_rest,0.42045454545454547,0.2840909090909091,0.6785714285714286,0.4779510988682586,845,845,1155
placebo,all_alfworld,all,raw,D_delta_q25::token::reward,top_quartile_mean_absolute_delta,0.057644927536231884,0.017784147869674187,0.14751718073593073,0.06876122171560814,845,845,1155
placebo,all_alfworld,all,raw,D_delta_q25::token::reward,top_quartile_lift,0.7237715577894586,0.237146105918379,1.4558025416258369,0.7662391486325295,845,845,1155
placebo,all_alfworld,all,raw,D_delta_q25::token::unsigned,spearman,0.29789149695566636,-0.09701268317342591,0.576275055172643,0.24576596978231913,845,845,1155
placebo,all_alfworld,all,raw,D_delta_q25::token::unsigned,average_precision,0.6951985180594806,0.3834005875077304,0.8967408158798754,0.6494676044092965,845,845,1155
placebo,all_alfworld,all,raw,D_delta_q25::token::unsigned,auroc_large_change_vs_rest,0.5681818181818182,0.4,0.8109523809523809,0.5991655139732064,845,845,1155
placebo,all_alfworld,all,raw,D_delta_q25::token::unsigned,top_quartile_mean_absolute_delta,0.08958333333333332,0.030719502277163302,0.19793437139392508,0.09917317361880168,845,845,1155
placebo,all_alfworld,all,raw,D_delta_q25::token::unsigned,top_quartile_lift,1.124780123591726,0.43221954152018605,1.7762118679909007,1.086369824110383,845,845,1155
placebo,all_alfworld,all,raw,D_delta_q50::token::reward,spearman,0.0738138222545014,-0.34656224328564406,0.34635921421548416,0.005095721997204179,845,845,1155
placebo,all_alfworld,all,raw,D_delta_q50::token::reward,average_precision,0.6121929763640993,0.3365357051911674,0.8413686484341564,0.609712678946952,845,845,1155
placebo,all_alfworld,all,raw,D_delta_q50::token::reward,auroc_large_change_vs_rest,0.4772727272727273,0.2897619047619048,0.7261904761904762,0.5138455955615718,845,845,1155
placebo,all_alfworld,all,raw,D_delta_q50::token::reward,top_quartile_mean_absolute_delta,0.057644927536231884,0.017784147869674187,0.14751718073593073,0.06876122171560814,845,845,1155
placebo,all_alfworld,all,raw,D_delta_q50::token::reward,top_quartile_lift,0.7237715577894586,0.237146105918379,1.4558025416258369,0.7662391486325295,845,845,1155
placebo,all_alfworld,all,raw,D_delta_q50::token::unsigned,spearman,0.1942006514076763,-0.19225021092440386,0.4541453507075312,0.1271852198760363,845,845,1155
placebo,all_alfworld,all,raw,D_delta_q50::token::unsigned,average_precision,0.6479925311265023,0.37450535274838676,0.8753012819295712,0.625429440701062,845,845,1155
placebo,all_alfworld,all,raw,D_delta_q50::token::unsigned,auroc_large_change_vs_rest,0.5113636363636364,0.3333333333333333,0.7727272727272727,0.5488500175038636,845,845,1155
placebo,all_alfworld,all,raw,D_delta_q50::token::unsigned,top_quartile_mean_absolute_delta,0.08958333333333332,0.030719502277163302,0.19793437139392508,0.09917317361880168,845,845,1155
placebo,all_alfworld,all,raw,D_delta_q50::token::unsigned,top_quartile_lift,1.124780123591726,0.43221954152018605,1.7762118679909007,1.086369824110383,845,845,1155
placebo,all_alfworld,all,raw,D_delta_q75::token::reward,spearman,0.2000001738922688,-0.3507735747845159,0.42181909616295155,0.05409193693492687,845,845,1155
placebo,all_alfworld,all,raw,D_delta_q75::token::reward,average_precision,0.7248096459783767,0.35299955947291195,0.8684266207403094,0.6435007536618464,845,845,1155
placebo,all_alfworld,all,raw,D_delta_q75::token::reward,auroc_large_change_vs_rest,0.5568181818181818,0.3269688644688645,0.7563644688644688,0.5406089423397116,845,845,1155
placebo,all_alfworld,all,raw,D_delta_q75::token::reward,top_quartile_mean_absolute_delta,0.10172297297297297,0.034802879291251386,0.21582115691104028,0.11134292643926395,845,845,1155
placebo,all_alfworld,all,raw,D_delta_q75::token::reward,top_quartile_lift,1.2772016161413027,0.4926683968293005,1.9650489270529943,1.2239000937173765,845,845,1155
placebo,all_alfworld,all,raw,D_delta_q75::token::unsigned,spearman,-0.3125277442580288,-0.5591571944551665,0.1381567332037651,-0.20190072492868752,845,845,1155
placebo,all_alfworld,all,raw,D_delta_q75::token::unsigned,average_precision,0.5488187177147211,0.3109720456164922,0.7741968272402814,0.5476592886250599,845,845,1155
placebo,all_alfworld,all,raw,D_delta_q75::token::unsigned,auroc_large_change_vs_rest,0.3181818181818182,0.18931818181818183,0.6380681818181816,0.40603416307558315,845,845,1155
placebo,all_alfworld,all,raw,D_delta_q75::token::unsigned,top_quartile_mean_absolute_delta,0.05833333333333333,0.021104638895587172,0.13571881971075517,0.0645733644480196,845,845,1155
placebo,all_alfworld,all,raw,D_delta_q75::token::unsigned,top_quartile_lift,0.7324149641992634,0.2552455810085615,1.3979914977703394,0.7233935646520018,845,845,1155
placebo,all_alfworld,all,raw,D_winsor::token::reward,spearman,-0.029877023293488663,-0.36599477212127307,0.25446516954322285,-0.04859714765095355,845,845,1155
placebo,all_alfworld,all,raw,D_winsor::token::reward,average_precision,0.525929240100363,0.32971622331916445,0.8078160068417419,0.5650356197632849,845,845,1155
placebo,all_alfworld,all,raw,D_winsor::token::reward,auroc_large_change_vs_rest,0.42045454545454547,0.2777777777777778,0.6993181818181816,0.4858764214089658,845,845,1155
placebo,all_alfworld,all,raw,D_winsor::token::reward,top_quartile_mean_absolute_delta,0.057644927536231884,0.017784147869674187,0.14751718073593073,0.06876122171560814,845,845,1155
placebo,all_alfworld,all,raw,D_winsor::token::reward,top_quartile_lift,0.7237715577894586,0.237146105918379,1.4558025416258369,0.7662391486325295,845,845,1155
placebo,all_alfworld,all,raw,D_winsor::token::unsigned,spearman,0.37785647106470954,-0.02268177454882966,0.5939420952613588,0.27064232668758215,845,845,1155
placebo,all_alfworld,all,raw,D_winsor::token::unsigned,average_precision,0.6807260920897285,0.3920781995781996,0.9124109380594343,0.6605671460248052,845,845,1155
placebo,all_alfworld,all,raw,D_winsor::token::unsigned,auroc_large_change_vs_rest,0.6477272727272727,0.42045454545454547,0.8409090909090909,0.6201576513558762,845,845,1155
placebo,all_alfworld,all,raw,D_winsor::token::unsigned,top_quartile_mean_absolute_delta,0.06666666666666667,0.028934867216117217,0.15222413352133307,0.07918247556223515,845,845,1155
placebo,all_alfworld,all,raw,D_winsor::token::unsigned,top_quartile_lift,0.8370456733705869,0.3621311700686901,1.5168887279077703,0.8877613791982689,845,845,1155
placebo,all_alfworld,all,raw,D_tanh::token::reward,spearman,-0.04393679896101274,-0.4047761565238838,0.2554346930429753,-0.07152420162740722,845,845,1155
placebo,all_alfworld,all,raw,D_tanh::token::reward,average_precision,0.5190092594961719,0.32600973430307795,0.7825155745036327,0.5661880430238256,845,845,1155
placebo,all_alfworld,all,raw,D_tanh::token::reward,auroc_large_change_vs_rest,0.3977272727272727,0.26136363636363635,0.6818181818181818,0.47270126159179415,845,845,1155
placebo,all_alfworld,all,raw,D_tanh::token::reward,top_quartile_mean_absolute_delta,0.057644927536231884,0.017784147869674187,0.14751718073593073,0.06876122171560814,845,845,1155
placebo,all_alfworld,all,raw,D_tanh::token::reward,top_quartile_lift,0.7237715577894586,0.237146105918379,1.4558025416258369,0.7662391486325295,845,845,1155
placebo,all_alfworld,all,raw,D_tanh::token::unsigned,spearman,0.31107253664397017,-0.09793531918350637,0.5669702888980251,0.21570903058727084,845,845,1155
placebo,all_alfworld,all,raw,D_tanh::token::unsigned,average_precision,0.6766496130132492,0.38716334104491995,0.9022575648410669,0.6580953316639323,845,845,1155
placebo,all_alfworld,all,raw,D_tanh::token::unsigned,auroc_large_change_vs_rest,0.6022727272727273,0.38636363636363635,0.8295454545454546,0.59247768667887,845,845,1155
placebo,all_alfworld,all,raw,D_tanh::token::unsigned,top_quartile_mean_absolute_delta,0.06666666666666667,0.028934867216117217,0.15222413352133307,0.07918247556223515,845,845,1155
placebo,all_alfworld,all,raw,D_tanh::token::unsigned,top_quartile_lift,0.8370456733705869,0.3621311700686901,1.5168887279077703,0.8877613791982689,845,845,1155
placebo,all_alfworld,all,raw,D_action_sign::token::reward,spearman,-0.006151151854541783,-0.46790565599406914,0.3790614288336013,-0.0340624008949555,845,845,1155
placebo,all_alfworld,all,raw,D_action_sign::token::reward,average_precision,0.6073521035208341,0.3153382068537144,0.8458184619626827,0.5876928726191462,845,845,1155
placebo,all_alfworld,all,raw,D_action_sign::token::reward,auroc_large_change_vs_rest,0.45454545454545453,0.1930769230769231,0.7271645021645021,0.4655753828682823,845,845,1155
placebo,all_alfworld,all,raw,D_action_sign::token::reward,top_quartile_mean_absolute_delta,0.05166666666666666,0.009867063492063493,0.14483408748114632,0.06390431306118373,845,845,1155
placebo,all_alfworld,all,raw,D_action_sign::token::reward,top_quartile_lift,0.6487103968622048,0.145722639447639,1.412451761702228,0.7029823018314442,845,845,1155
placebo,all_alfworld,all,raw,D_action_sign::token::unsigned,spearman,0.524605379594492,0.019472143362436255,0.7142676776577191,0.3621810833722708,845,845,1155
placebo,all_alfworld,all,raw,D_action_sign::token::unsigned,average_precision,0.8196191434827799,0.46805504680504684,0.9413965895215894,0.7370196241733227,845,845,1155
placebo,all_alfworld,all,raw,D_action_sign::token::unsigned,auroc_large_change_vs_rest,0.7386363636363636,0.46444805194805194,0.8863636363636364,0.6746475631534804,845,845,1155
placebo,all_alfworld,all,raw,D_action_sign::token::unsigned,top_quartile_mean_absolute_delta,0.14450075075075075,0.08181433381433381,0.22751685691759221,0.14804667743632777,845,845,1155
placebo,all_alfworld,all,raw,D_action_sign::token::unsigned,top_quartile_lift,1.8143059232207626,1.0095593745081715,2.409204500046755,1.6861723655110286,845,845,1155
placebo,all_alfworld,all,raw,D_action_adv::token::reward,spearman,-0.10544831750643056,-0.542839695973977,0.1930304295911665,-0.18383635737529724,845,845,1155
placebo,all_alfworld,all,raw,D_action_adv::token::reward,average_precision,0.6024471228805595,0.3070345871985771,0.7921008383294428,0.5428014852071018,845,845,1155
placebo,all_alfworld,all,raw,D_action_adv::token::reward,auroc_large_change_vs_rest,0.5,0.18181818181818182,0.6532342657342656,0.41929507868856974,845,845,1155
placebo,all_alfworld,all,raw,D_action_adv::token::reward,top_quartile_mean_absolute_delta,0.07291666666666666,0.010632205513784462,0.17831249999999998,0.07953812949036478,845,845,1155
placebo,all_alfworld,all,raw,D_action_adv::token::reward,top_quartile_lift,0.9155187052490793,0.13828013782891752,1.6513564054710728,0.8622564684730067,845,845,1155
placebo,all_alfworld,all,raw,D_action_adv::token::unsigned,spearman,0.524605379594492,0.019472143362436255,0.7142676776577191,0.3621810833722708,845,845,1155
placebo,all_alfworld,all,raw,D_action_adv::token::unsigned,average_precision,0.8196191434827799,0.46805504680504684,0.9413965895215894,0.7370196241733227,845,845,1155
placebo,all_alfworld,all,raw,D_action_adv::token::unsigned,auroc_large_change_vs_rest,0.7386363636363636,0.46444805194805194,0.8863636363636364,0.6746475631534804,845,845,1155
placebo,all_alfworld,all,raw,D_action_adv::token::unsigned,top_quartile_mean_absolute_delta,0.14450075075075075,0.08181433381433381,0.22751685691759221,0.14804667743632777,845,845,1155
placebo,all_alfworld,all,raw,D_action_adv::token::unsigned,top_quartile_lift,1.8143059232207626,1.0095593745081715,2.409204500046755,1.6861723655110286,845,845,1155
placebo,all_alfworld,all,raw,D_action_adv_clip::token::reward,spearman,-0.10369084554799006,-0.49994832519839655,0.2606861475204238,-0.12935836121275002,845,845,1155
placebo,all_alfworld,all,raw,D_action_adv_clip::token::reward,average_precision,0.5664679950565117,0.3027406010864657,0.8006736529008199,0.5463190775996126,845,845,1155
placebo,all_alfworld,all,raw,D_action_adv_clip::token::reward,auroc_large_change_vs_rest,0.4431818181818182,0.20045454545454547,0.6666666666666666,0.4345045404956647,845,845,1155
placebo,all_alfworld,all,raw,D_action_adv_clip::token::reward,top_quartile_mean_absolute_delta,0.07291666666666666,0.010632205513784462,0.17831249999999998,0.07953812949036478,845,845,1155
placebo,all_alfworld,all,raw,D_action_adv_clip::token::reward,top_quartile_lift,0.9155187052490793,0.13828013782891752,1.6513564054710728,0.8622564684730067,845,845,1155
placebo,all_alfworld,all,raw,D_action_adv_clip::token::unsigned,spearman,0.524605379594492,0.019472143362436255,0.7142676776577191,0.3621810833722708,845,845,1155
placebo,all_alfworld,all,raw,D_action_adv_clip::token::unsigned,average_precision,0.8196191434827799,0.46805504680504684,0.9413965895215894,0.7370196241733227,845,845,1155
placebo,all_alfworld,all,raw,D_action_adv_clip::token::unsigned,auroc_large_change_vs_rest,0.7386363636363636,0.46444805194805194,0.8863636363636364,0.6746475631534804,845,845,1155
placebo,all_alfworld,all,raw,D_action_adv_clip::token::unsigned,top_quartile_mean_absolute_delta,0.14450075075075075,0.08181433381433381,0.22751685691759221,0.14804667743632777,845,845,1155
placebo,all_alfworld,all,raw,D_action_adv_clip::token::unsigned,top_quartile_lift,1.8143059232207626,1.0095593745081715,2.409204500046755,1.6861723655110286,845,845,1155
placebo,all_alfworld,all,raw,D_ratio_adv::token::reward,spearman,0.08084371008826344,-0.2609844155663916,0.4363868490643105,0.07429935660865418,845,845,1155
placebo,all_alfworld,all,raw,D_ratio_adv::token::reward,average_precision,0.5614196269065395,0.3346454678362573,0.8023716247325823,0.5754468376959437,845,845,1155
placebo,all_alfworld,all,raw,D_ratio_adv::token::reward,auroc_large_change_vs_rest,0.48863636363636365,0.2978571428571429,0.7555555555555555,0.5193086778441809,845,845,1155
placebo,all_alfworld,all,raw,D_ratio_adv::token::reward,top_quartile_mean_absolute_delta,0.1086111111111111,0.05721663226694187,0.1961827731092437,0.1168334987006562,845,845,1155
placebo,all_alfworld,all,raw,D_ratio_adv::token::reward,top_quartile_lift,1.3636869095329143,0.7062852885997539,2.0162420812789503,1.3239662272649604,845,845,1155
placebo,all_alfworld,all,raw,D_ratio_adv::token::unsigned,spearman,0.4543065012568717,-0.07537361372959003,0.5833710717509575,0.2644121513869495,845,845,1155
placebo,all_alfworld,all,raw,D_ratio_adv::token::unsigned,average_precision,0.7096139971139971,0.41585198114333455,0.9276251526251525,0.6839593991585707,845,845,1155
placebo,all_alfworld,all,raw,D_ratio_adv::token::unsigned,auroc_large_change_vs_rest,0.6704545454545454,0.41704545454545455,0.8552272727272726,0.6330859902753393,845,845,1155
placebo,all_alfworld,all,raw,D_ratio_adv::token::unsigned,top_quartile_mean_absolute_delta,0.08963963963963964,0.035694809929661765,0.18490269903589618,0.10148148388475835,845,845,1155
placebo,all_alfworld,all,raw,D_ratio_adv::token::unsigned,top_quartile_lift,1.1254870878428838,0.44317512316178803,1.8065842965106889,1.1327682422275962,845,845,1155
placebo,all_alfworld,all,raw,D_policy_action_adv::token::reward,spearman,-0.24604607418167132,-0.4986927224171868,0.14015521297908012,-0.1833238282942241,845,845,1155
placebo,all_alfworld,all,raw,D_policy_action_adv::token::reward,average_precision,0.5370988348049986,0.29036530978481445,0.7832982852747841,0.5584914400375736,845,845,1155
placebo,all_alfworld,all,raw,D_policy_action_adv::token::reward,auroc_large_change_vs_rest,0.38636363636363635,0.17866300366300367,0.6569841269841269,0.42137358860731644,845,845,1155
placebo,all_alfworld,all,raw,D_policy_action_adv::token::reward,top_quartile_mean_absolute_delta,0.03916666666666667,0.014921052631578948,0.10582260101010098,0.05282562595113613,845,845,1155
placebo,all_alfworld,all,raw,D_policy_action_adv::token::reward,top_quartile_lift,0.49176433310521983,0.19393956395329917,1.1406391900514221,0.5935525548957822,845,845,1155
placebo,all_alfworld,all,raw,D_policy_action_adv::token::unsigned,spearman,0.31019380066474994,-0.09390375747632466,0.6597526989978929,0.28614701564866907,845,845,1155
placebo,all_alfworld,all,raw,D_policy_action_adv::token::unsigned,average_precision,0.7732006555535967,0.5247939175670268,0.9236057381532494,0.7373636793387791,845,845,1155
placebo,all_alfworld,all,raw,D_policy_action_adv::token::unsigned,auroc_large_change_vs_rest,0.625,0.39285714285714285,0.875,0.6413696510590002,845,845,1155
placebo,all_alfworld,all,raw,D_policy_action_adv::token::unsigned,top_quartile_mean_absolute_delta,0.13569444444444445,0.07982609420939592,0.20757342657342656,0.14184794726018812,845,845,1155
placebo,all_alfworld,all,raw,D_policy_action_adv::token::unsigned,top_quartile_lift,1.7037367143397155,0.9795999169570543,2.3307297721622717,1.6229173974834004,845,845,1155
placebo,all_alfworld,all,raw,D_reward_only::token::reward,spearman,-0.18892823553235477,-0.33191383028120997,0.4423339124367562,0.033987131013865426,845,845,1155
placebo,all_alfworld,all,raw,D_reward_only::token::reward,average_precision,0.5427484881819247,0.3505619770681552,0.8701449271185686,0.5958837846599718,845,845,1155
placebo,all_alfworld,all,raw,D_reward_only::token::reward,auroc_large_change_vs_rest,0.38636363636363635,0.25555555555555554,0.7608682983682983,0.5021639865722706,845,845,1155
placebo,all_alfworld,all,raw,D_reward_only::token::reward,top_quartile_mean_absolute_delta,0.05645844723892838,0.02224178489229331,0.12814456174141634,0.06731941491348623,845,845,1155
placebo,all_alfworld,all,raw,D_reward_only::token::reward,top_quartile_lift,0.7088744847984983,0.28600544636675596,1.3910915585554913,0.7615378762508739,845,845,1155
placebo,all_alfworld,all,raw,D_reward_only::token::unsigned,spearman,,,,,0,845,1155
placebo,all_alfworld,all,raw,D_reward_only::token::unsigned,average_precision,0.5789473684210527,0.3210526315789474,0.7368421052631579,0.5395826845219558,845,845,1155
placebo,all_alfworld,all,raw,D_reward_only::token::unsigned,auroc_large_change_vs_rest,0.5,0.5,0.5,0.5,845,845,1155
placebo,all_alfworld,all,raw,D_reward_only::token::unsigned,top_quartile_mean_absolute_delta,0.07964519594040265,0.05839079502096246,0.12669587424432177,0.08879262743216164,845,845,1155
placebo,all_alfworld,all,raw,D_reward_only::token::unsigned,top_quartile_lift,1.0,0.9999999999999997,1.0000000000000002,1.0,845,845,1155
placebo,all_alfworld,all,raw,D_adv_negative_fraction::token::reward,spearman,-0.07306338028169014,-0.4362681158227066,0.33224553848681065,-0.05568661950767634,845,845,1155
placebo,all_alfworld,all,raw,D_adv_negative_fraction::token::reward,average_precision,0.5370910522226312,0.33420889965297856,0.7685759135151847,0.5548681241551717,845,845,1155
placebo,all_alfworld,all,raw,D_adv_negative_fraction::token::reward,auroc_large_change_vs_rest,0.42045454545454547,0.25113636363636366,0.6927525252525252,0.4746478800620813,845,845,1155
placebo,all_alfworld,all,raw,D_adv_negative_fraction::token::reward,top_quartile_mean_absolute_delta,0.05611950380741833,0.018191391941391945,0.1287039194915254,0.06303780101634908,845,845,1155
placebo,all_alfworld,all,raw,D_adv_negative_fraction::token::reward,top_quartile_lift,0.7046188178055554,0.2402746366794585,1.3087887130450102,0.7131304552103663,845,845,1155
placebo,all_alfworld,all,raw,D_adv_negative_fraction::token::unsigned,spearman,,,,,0,845,1155
placebo,all_alfworld,all,raw,D_adv_negative_fraction::token::unsigned,average_precision,0.5789473684210527,0.3210526315789474,0.7368421052631579,0.5395826845219558,845,845,1155
placebo,all_alfworld,all,raw,D_adv_negative_fraction::token::unsigned,auroc_large_change_vs_rest,0.5,0.5,0.5,0.5,845,845,1155
placebo,all_alfworld,all,raw,D_adv_negative_fraction::token::unsigned,top_quartile_mean_absolute_delta,0.07964519594040265,0.05839079502096246,0.12669587424432177,0.08879262743216164,845,845,1155
placebo,all_alfworld,all,raw,D_adv_negative_fraction::token::unsigned,top_quartile_lift,1.0,0.9999999999999997,1.0000000000000002,1.0,845,845,1155
placebo,all_alfworld,all,raw,C_raw::token::reward,spearman,0.05272415875321528,-0.39531291691221415,0.21187430238870733,-0.08760535825097522,845,845,1155
placebo,all_alfworld,all,raw,C_raw::token::reward,average_precision,0.6583912225623455,0.3568313918470099,0.6974289372846426,0.5375384989429338,845,845,1155
placebo,all_alfworld,all,raw,C_raw::token::reward,auroc_large_change_vs_rest,0.6022727272727273,0.21444805194805194,0.6666666666666666,0.4496579488887182,845,845,1155
placebo,all_alfworld,all,raw,C_raw::token::reward,top_quartile_mean_absolute_delta,0.09242831541218638,0.047376582278481016,0.14878300547107137,0.09262367538017736,845,845,1155
placebo,all_alfworld,all,raw,C_raw::token::reward,top_quartile_lift,1.1605008226905382,0.5716652374424389,1.676767234565851,1.0623515983494571,845,845,1155
placebo,all_alfworld,all,raw,C_raw::token::unsigned,spearman,-0.16168742017652687,-0.3541935390126463,0.29899431222390155,-0.034788562489521245,845,845,1155
placebo,all_alfworld,all,raw,C_raw::token::unsigned,average_precision,0.5522852007266587,0.34127456892307895,0.7414818439951124,0.5442989812567158,845,845,1155
placebo,all_alfworld,all,raw,C_raw::token::unsigned,auroc_large_change_vs_rest,0.3977272727272727,0.2671428571428571,0.6777777777777778,0.4740664775723947,845,845,1155
placebo,all_alfworld,all,raw,C_raw::token::unsigned,top_quartile_mean_absolute_delta,0.10458937198067633,0.05799605263157894,0.1685593253968254,0.10981578968218803,845,845,1155
placebo,all_alfworld,all,raw,C_raw::token::unsigned,top_quartile_lift,1.3131912194545803,0.7129149920849455,1.9098989148489305,1.257219691005337,845,845,1155
placebo,all_alfworld,all,raw,C_centered::token::reward,spearman,-0.13884028471680024,-0.428352165915044,0.31045463468999956,-0.06277387258888328,845,845,1155
placebo,all_alfworld,all,raw,C_centered::token::reward,average_precision,0.527612406200923,0.34682745591898073,0.7317970190161699,0.5394331226220984,845,845,1155
placebo,all_alfworld,all,raw,C_centered::token::reward,auroc_large_change_vs_rest,0.38636363636363635,0.2505555555555556,0.6904761904761905,0.4702795101019953,845,845,1155
placebo,all_alfworld,all,raw,C_centered::token::reward,top_quartile_mean_absolute_delta,0.04812511390559504,0.014906025448419596,0.11349632121385893,0.05425260103754082,845,845,1155
placebo,all_alfworld,all,raw,C_centered::token::reward,top_quartile_lift,0.6042437756271749,0.18036821151885152,1.1805018305694372,0.6126377845620085,845,845,1155
placebo,all_alfworld,all,raw,C_centered::token::unsigned,spearman,-0.23198629851414726,-0.35515607612025046,0.37679674894285514,0.009318282816554882,845,845,1155
placebo,all_alfworld,all,raw,C_centered::token::unsigned,average_precision,0.5994652933612966,0.33214782931943476,0.8268292779301354,0.5905658186896142,845,845,1155
placebo,all_alfworld,all,raw,C_centered::token::unsigned,auroc_large_change_vs_rest,0.3977272727272727,0.2728354978354978,0.7142857142857143,0.49393121835429527,845,845,1155
placebo,all_alfworld,all,raw,C_centered::token::unsigned,top_quartile_mean_absolute_delta,0.1009920634920635,0.05909124913987615,0.17874615384615386,0.1124214518136182,845,845,1155
placebo,all_alfworld,all,raw,C_centered::token::unsigned,top_quartile_lift,1.2680245468619902,0.735519625577893,1.8974747365064533,1.2821783397465405,845,845,1155
placebo,all_alfworld,all,raw,C_adv_centered::token::reward,spearman,-0.25571216995309415,-0.4073642203944848,0.3287284911738474,-0.05339396271418119,845,845,1155
placebo,all_alfworld,all,raw,C_adv_centered::token::reward,average_precision,0.5472346956761537,0.33514297385620917,0.831679294770294,0.5773692007096227,845,845,1155
placebo,all_alfworld,all,raw,C_adv_centered::token::reward,auroc_large_change_vs_rest,0.375,0.2159090909090909,0.7043290043290044,0.45483421410936203,845,845,1155
placebo,all_alfworld,all,raw,C_adv_centered::token::reward,top_quartile_mean_absolute_delta,0.11742831541218639,0.06782376006045546,0.18715794872305516,0.12495440555171175,845,845,1155
placebo,all_alfworld,all,raw,C_adv_centered::token::reward,top_quartile_lift,1.4743929502045083,0.8599376929941143,2.111936001742892,1.4288440259680295,845,845,1155
placebo,all_alfworld,all,raw,C_adv_centered::token::unsigned,spearman,-0.23198629851414726,-0.35515607612025046,0.37679674894285514,0.009318282816554882,845,845,1155
placebo,all_alfworld,all,raw,C_adv_centered::token::unsigned,average_precision,0.5994652933612966,0.33214782931943476,0.8268292779301354,0.5905658186896142,845,845,1155
placebo,all_alfworld,all,raw,C_adv_centered::token::unsigned,auroc_large_change_vs_rest,0.3977272727272727,0.2728354978354978,0.7142857142857143,0.49393121835429527,845,845,1155
placebo,all_alfworld,all,raw,C_adv_centered::token::unsigned,top_quartile_mean_absolute_delta,0.1009920634920635,0.05909124913987615,0.17874615384615386,0.1124214518136182,845,845,1155
placebo,all_alfworld,all,raw,C_adv_centered::token::unsigned,top_quartile_lift,1.2680245468619902,0.735519625577893,1.8974747365064533,1.2821783397465405,845,845,1155
placebo,all_alfworld,all,raw,M_delta_raw::token::magnitude,spearman,0.3708265832309475,-0.24443435034600325,0.4923172205759002,0.14687482343727468,845,845,1155
placebo,all_alfworld,all,raw,M_delta_raw::token::magnitude,average_precision,0.7010788453970271,0.37287774725274725,0.8662628468397701,0.6406166272242557,845,845,1155
placebo,all_alfworld,all,raw,M_delta_raw::token::magnitude,auroc_large_change_vs_rest,0.6022727272727273,0.31142857142857144,0.7816239316239315,0.558402769157207,845,845,1155
placebo,all_alfworld,all,raw,M_delta_raw::token::magnitude,top_quartile_mean_absolute_delta,0.0938063063063063,0.02846284271284271,0.20195421290932228,0.10236019010999794,845,845,1155
placebo,all_alfworld,all,raw,M_delta_raw::token::magnitude,top_quartile_lift,1.1778024424285454,0.39591853990397324,1.8675356362217588,1.1227449696837375,845,845,1155
placebo,all_alfworld,all,raw,M_delta_centered::token::magnitude,spearman,0.2521972260362131,-0.3325793948588994,0.4109848174813131,0.05268402216207714,845,845,1155
placebo,all_alfworld,all,raw,M_delta_centered::token::magnitude,average_precision,0.6931994698705928,0.3617578889610071,0.8479670384368526,0.6269066541947981,845,845,1155
placebo,all_alfworld,all,raw,M_delta_centered::token::magnitude,auroc_large_change_vs_rest,0.5113636363636364,0.2727272727272727,0.7555555555555555,0.5225490962029423,845,845,1155
placebo,all_alfworld,all,raw,M_delta_centered::token::magnitude,top_quartile_mean_absolute_delta,0.08755630630630631,0.02416933725470311,0.19275964696223316,0.09453195570897188,845,845,1155
placebo,all_alfworld,all,raw,M_delta_centered::token::magnitude,top_quartile_lift,1.099329410550053,0.33648814193670074,1.7971386626301293,1.0331575514390527,845,845,1155
placebo,all_alfworld,all,raw,M_original_norm::token::magnitude,spearman,-0.20035180326221808,-0.5286906485089871,0.22123907931646264,-0.14848825620052222,845,845,1155
placebo,all_alfworld,all,raw,M_original_norm::token::magnitude,average_precision,0.48642416782017117,0.30787963183474015,0.7794658809327926,0.5462163278449528,845,845,1155
placebo,all_alfworld,all,raw,M_original_norm::token::magnitude,auroc_large_change_vs_rest,0.2840909090909091,0.15984848484848485,0.6554761904761904,0.4091727749567986,845,845,1155
placebo,all_alfworld,all,raw,M_original_norm::token::magnitude,top_quartile_mean_absolute_delta,0.05583333333333333,0.011797531512605042,0.16210962757443742,0.07033283675341946,845,845,1155
placebo,all_alfworld,all,raw,M_original_norm::token::magnitude,top_quartile_lift,0.7010257514478665,0.16648868272961306,1.5502404614683891,0.7701672990372973,845,845,1155
placebo,all_alfworld,all,raw,M_control_norm::token::magnitude,spearman,-0.5808444822645884,-0.7038106076080838,-0.02922837225464923,-0.388888166634013,845,845,1155
placebo,all_alfworld,all,raw,M_control_norm::token::magnitude,average_precision,0.44823744367088025,0.2767785332756585,0.6630627055263278,0.47089229566261764,845,845,1155
placebo,all_alfworld,all,raw,M_control_norm::token::magnitude,auroc_large_change_vs_rest,0.20454545454545456,0.07992424242424243,0.5476190476190477,0.31015415879321206,845,845,1155
placebo,all_alfworld,all,raw,M_control_norm::token::magnitude,top_quartile_mean_absolute_delta,0.024583333333333336,0.00908516081871345,0.08074427655677652,0.03727532482090753,845,845,1155
placebo,all_alfworld,all,raw,M_control_norm::token::magnitude,top_quartile_lift,0.30866059205540397,0.11137346499379568,0.9008277073230861,0.4226587624363176,845,845,1155
placebo,all_alfworld,all,raw,M_kl::token::magnitude,spearman,0.33128346416603605,0.0018463909797987125,0.7021109049218316,0.356902886595284,845,845,1155
placebo,all_alfworld,all,raw,M_kl::token::magnitude,average_precision,0.7826587413274719,0.5314537714607375,0.9330875344555685,0.7457674606853135,845,845,1155
placebo,all_alfworld,all,raw,M_kl::token::magnitude,auroc_large_change_vs_rest,0.6590909090909091,0.4431818181818182,0.8777777777777778,0.6705783976050249,845,845,1155
placebo,all_alfworld,all,raw,M_kl::token::magnitude,top_quartile_mean_absolute_delta,0.13375603864734298,0.08219225788401484,0.20459779456654453,0.1403724965078892,845,845,1155
placebo,all_alfworld,all,raw,M_kl::token::magnitude,top_quartile_lift,1.6793987015542118,0.9751504859112302,2.300019815541147,1.605900378930689,845,845,1155
placebo,all_alfworld,all,raw,M_js::token::magnitude,spearman,0.36291795941796523,-0.03541240218964404,0.7030031730112544,0.3368406312756414,845,845,1155
placebo,all_alfworld,all,raw,M_js::token::magnitude,average_precision,0.8210659223817118,0.5235686579502369,0.9316763414193288,0.7469323134749299,845,845,1155
placebo,all_alfworld,all,raw,M_js::token::magnitude,auroc_large_change_vs_rest,0.7045454545454546,0.4433080808080808,0.8775,0.6631359649554915,845,845,1155
placebo,all_alfworld,all,raw,M_js::token::magnitude,top_quartile_mean_absolute_delta,0.13991741741741742,0.08643586765537985,0.21005870109362756,0.14657726098965454,845,845,1155
placebo,all_alfworld,all,raw,M_js::token::magnitude,top_quartile_lift,1.7567590331765348,1.0310971153935993,2.321411547355508,1.6747602659141565,845,845,1155
placebo,all_alfworld,all,raw,M_action_abs::token::magnitude,spearman,0.43145936579714506,-0.09881065041706043,0.6795966193640098,0.2934465410903723,845,845,1155
placebo,all_alfworld,all,raw,M_action_abs::token::magnitude,average_precision,0.861275712591502,0.4329770026262867,0.9373663724866933,0.7137293417840702,845,845,1155
placebo,all_alfworld,all,raw,M_action_abs::token::magnitude,auroc_large_change_vs_rest,0.75,0.37863636363636366,0.8997435897435897,0.648718101425202,845,845,1155
placebo,all_alfworld,all,raw,M_action_abs::token::magnitude,top_quartile_mean_absolute_delta,0.1486674174174174,0.08644640191679664,0.21572530809759183,0.14929910544441757,845,845,1155
placebo,all_alfworld,all,raw,M_action_abs::token::magnitude,top_quartile_lift,1.866621277806424,1.0583360315413881,2.450781498992559,1.7105939397297572,845,845,1155
placebo,all_alfworld,all,raw,D_original::decision::reward,spearman,0.023725871438946878,-0.44872183753886735,0.2628555266825275,-0.08077556359980602,845,845,1155
placebo,all_alfworld,all,raw,D_original::decision::reward,average_precision,0.543894608065731,0.3173938168845013,0.7334906945611874,0.5366482173788829,845,845,1155
placebo,all_alfworld,all,raw,D_original::decision::reward,auroc_large_change_vs_rest,0.45454545454545453,0.23333333333333334,0.7,0.46926809876514014,845,845,1155
placebo,all_alfworld,all,raw,D_original::decision::reward,top_quartile_mean_absolute_delta,0.06416666666666666,0.015135515069725597,0.15962878787878784,0.07476131503357032,845,845,1155
placebo,all_alfworld,all,raw,D_original::decision::reward,top_quartile_lift,0.8056564606191898,0.2012152589558907,1.5272354716547025,0.826199215753629,845,845,1155
placebo,all_alfworld,all,raw,D_original::decision::unsigned,spearman,-0.14411270059212178,-0.6113427959509896,0.18911608430477028,-0.2092507950477214,845,845,1155
placebo,all_alfworld,all,raw,D_original::decision::unsigned,average_precision,0.6580563301819986,0.31445541619911366,0.7604443193337659,0.5654371112496714,845,845,1155
placebo,all_alfworld,all,raw,D_original::decision::unsigned,auroc_large_change_vs_rest,0.4659090909090909,0.16666666666666666,0.6546703296703297,0.4092575143462717,845,845,1155
placebo,all_alfworld,all,raw,D_original::decision::unsigned,top_quartile_mean_absolute_delta,0.06881720430107527,0.017877021563342317,0.15303681149879308,0.07365357373968967,845,845,1155
placebo,all_alfworld,all,raw,D_original::decision::unsigned,top_quartile_lift,0.864047146705122,0.2291716197245979,1.478384653680582,0.8188513080060037,845,845,1155
placebo,all_alfworld,all,raw,D_centered_gate::decision::reward,spearman,0.023725871438946878,-0.44872183753886735,0.2628555266825275,-0.08077556359980602,845,845,1155
placebo,all_alfworld,all,raw,D_centered_gate::decision::reward,average_precision,0.543894608065731,0.3173938168845013,0.7334906945611874,0.5366482173788829,845,845,1155
placebo,all_alfworld,all,raw,D_centered_gate::decision::reward,auroc_large_change_vs_rest,0.45454545454545453,0.23333333333333334,0.7,0.46926809876514014,845,845,1155
placebo,all_alfworld,all,raw,D_centered_gate::decision::reward,top_quartile_mean_absolute_delta,0.06416666666666666,0.015135515069725597,0.15962878787878784,0.07476131503357032,845,845,1155
placebo,all_alfworld,all,raw,D_centered_gate::decision::reward,top_quartile_lift,0.8056564606191898,0.2012152589558907,1.5272354716547025,0.826199215753629,845,845,1155
placebo,all_alfworld,all,raw,D_centered_gate::decision::unsigned,spearman,-0.14411270059212178,-0.6113427959509896,0.18911608430477028,-0.2092507950477214,845,845,1155
placebo,all_alfworld,all,raw,D_centered_gate::decision::unsigned,average_precision,0.6580563301819986,0.31445541619911366,0.7604443193337659,0.5654371112496714,845,845,1155
placebo,all_alfworld,all,raw,D_centered_gate::decision::unsigned,auroc_large_change_vs_rest,0.4659090909090909,0.16666666666666666,0.6546703296703297,0.4092575143462717,845,845,1155
placebo,all_alfworld,all,raw,D_centered_gate::decision::unsigned,top_quartile_mean_absolute_delta,0.06881720430107527,0.017877021563342317,0.15303681149879308,0.07365357373968967,845,845,1155
placebo,all_alfworld,all,raw,D_centered_gate::decision::unsigned,top_quartile_lift,0.864047146705122,0.2291716197245979,1.478384653680582,0.8188513080060037,845,845,1155
placebo,all_alfworld,all,raw,D_ungated::decision::reward,spearman,0.13620407677913948,-0.4695733446905733,0.32329900115878857,-0.06013609068668099,845,845,1155
placebo,all_alfworld,all,raw,D_ungated::decision::reward,average_precision,0.6089739731450962,0.32550476065472195,0.7939049209403758,0.5657943448675528,845,845,1155
placebo,all_alfworld,all,raw,D_ungated::decision::reward,auroc_large_change_vs_rest,0.5340909090909091,0.23863636363636365,0.7267676767676766,0.47403552561836587,845,845,1155
placebo,all_alfworld,all,raw,D_ungated::decision::reward,top_quartile_mean_absolute_delta,0.07291666666666666,0.010632205513784462,0.17831249999999998,0.07953812949036478,845,845,1155
placebo,all_alfworld,all,raw,D_ungated::decision::reward,top_quartile_lift,0.9155187052490793,0.13828013782891752,1.6513564054710728,0.8622564684730067,845,845,1155
placebo,all_alfworld,all,raw,D_ungated::decision::unsigned,spearman,0.34446450385433985,-0.4739682868995873,0.37029934164341527,-0.023522576850608115,845,845,1155
placebo,all_alfworld,all,raw,D_ungated::decision::unsigned,average_precision,0.7816279679916043,0.35928093196240585,0.8110293146539275,0.6179603538596528,845,845,1155
placebo,all_alfworld,all,raw,D_ungated::decision::unsigned,auroc_large_change_vs_rest,0.6590909090909091,0.23863636363636365,0.7333333333333333,0.4925136599101096,845,845,1155
placebo,all_alfworld,all,raw,D_ungated::decision::unsigned,top_quartile_mean_absolute_delta,0.10422297297297298,0.025089285714285717,0.2104007331799885,0.10686307082710933,845,845,1155
placebo,all_alfworld,all,raw,D_ungated::decision::unsigned,top_quartile_lift,1.3085908288926997,0.37545452051794104,1.9458398006582922,1.1670088725934433,845,845,1155
placebo,all_alfworld,all,raw,D_signed::decision::reward,spearman,-0.02636207937660764,-0.370810980430758,0.26760915855044115,-0.046534071800106755,845,845,1155
placebo,all_alfworld,all,raw,D_signed::decision::reward,average_precision,0.5271821538532767,0.32646243812210196,0.8040012898569049,0.5650227851480948,845,845,1155
placebo,all_alfworld,all,raw,D_signed::decision::reward,auroc_large_change_vs_rest,0.42045454545454547,0.2783333333333334,0.7,0.4878281613192856,845,845,1155
placebo,all_alfworld,all,raw,D_signed::decision::reward,top_quartile_mean_absolute_delta,0.057644927536231884,0.017784147869674187,0.14751718073593073,0.06876122171560814,845,845,1155
placebo,all_alfworld,all,raw,D_signed::decision::reward,top_quartile_lift,0.7237715577894586,0.237146105918379,1.4558025416258369,0.7662391486325295,845,845,1155
placebo,all_alfworld,all,raw,D_signed::decision::unsigned,spearman,0.3145874805608512,-0.08651813079486471,0.5648281981458818,0.22412078132807153,845,845,1155
placebo,all_alfworld,all,raw,D_signed::decision::unsigned,average_precision,0.6594630414149131,0.37848787242169596,0.8955565726045048,0.6462039638523753,845,845,1155
placebo,all_alfworld,all,raw,D_signed::decision::unsigned,auroc_large_change_vs_rest,0.6022727272727273,0.38661616161616164,0.8295454545454546,0.5989624543766555,845,845,1155
placebo,all_alfworld,all,raw,D_signed::decision::unsigned,top_quartile_mean_absolute_delta,0.06666666666666667,0.028934867216117217,0.15222413352133307,0.07918247556223515,845,845,1155
placebo,all_alfworld,all,raw,D_signed::decision::unsigned,top_quartile_lift,0.8370456733705869,0.3621311700686901,1.5168887279077703,0.8877613791982689,845,845,1155
placebo,all_alfworld,all,raw,D_signed_gate::decision::reward,spearman,-0.18365581965703323,-0.4614719707664751,0.2923507392783819,-0.10912747125237174,845,845,1155
placebo,all_alfworld,all,raw,D_signed_gate::decision::reward,average_precision,0.5215544482255712,0.31569176534250065,0.7576177533950643,0.5321729237514552,845,845,1155
placebo,all_alfworld,all,raw,D_signed_gate::decision::reward,auroc_large_change_vs_rest,0.3977272727272727,0.25,0.6770454545454544,0.46049070423330773,845,845,1155
placebo,all_alfworld,all,raw,D_signed_gate::decision::reward,top_quartile_mean_absolute_delta,0.057644927536231884,0.017784147869674187,0.14751718073593073,0.06876122171560814,845,845,1155
placebo,all_alfworld,all,raw,D_signed_gate::decision::reward,top_quartile_lift,0.7237715577894586,0.237146105918379,1.4558025416258369,0.7662391486325295,845,845,1155
placebo,all_alfworld,all,raw,D_signed_gate::decision::unsigned,spearman,-0.009666095771422802,-0.28073146391823656,0.3920726752698979,0.04527232705544974,845,845,1155
placebo,all_alfworld,all,raw,D_signed_gate::decision::unsigned,average_precision,0.6054572878102289,0.3481360877684407,0.8429092162236957,0.6014451279986714,845,845,1155
placebo,all_alfworld,all,raw,D_signed_gate::decision::unsigned,auroc_large_change_vs_rest,0.4431818181818182,0.3076923076923077,0.7555555555555555,0.5174685866401842,845,845,1155
placebo,all_alfworld,all,raw,D_signed_gate::decision::unsigned,top_quartile_mean_absolute_delta,0.05833333333333333,0.02123444504892258,0.13550996271930568,0.06611566168628975,845,845,1155
placebo,all_alfworld,all,raw,D_signed_gate::decision::unsigned,top_quartile_lift,0.7324149641992634,0.25450972198827226,1.3281166893314038,0.7388612875094035,845,845,1155
placebo,all_alfworld,all,raw,D_sign_balance::decision::reward,spearman,0.22232020274272446,-0.3209558605200592,0.3433270843693071,0.021549329747344543,845,845,1155
placebo,all_alfworld,all,raw,D_sign_balance::decision::reward,average_precision,0.6450649031988746,0.3642204588174983,0.8099651855117441,0.6096391931794916,845,845,1155
placebo,all_alfworld,all,raw,D_sign_balance::decision::reward,auroc_large_change_vs_rest,0.5454545454545454,0.3333333333333333,0.717948717948718,0.5276918971889386,845,845,1155
placebo,all_alfworld,all,raw,D_sign_balance::decision::reward,top_quartile_mean_absolute_delta,0.08472826086956523,0.020908995416348358,0.20276729323308268,0.09341181932491766,845,845,1155
placebo,all_alfworld,all,raw,D_sign_balance::decision::reward,top_quartile_lift,1.0638213625962596,0.3125023933750908,1.8263410309571444,1.0193722632259872,845,845,1155
placebo,all_alfworld,all,raw,D_sign_balance::decision::unsigned,spearman,-0.030755759272708915,-0.2918313650893748,0.4457795196022169,0.08799847532837661,845,845,1155
placebo,all_alfworld,all,raw,D_sign_balance::decision::unsigned,average_precision,0.5958490863359988,0.33191896854435554,0.8706836594286838,0.6133071281769744,845,845,1155
placebo,all_alfworld,all,raw,D_sign_balance::decision::unsigned,auroc_large_change_vs_rest,0.45454545454545453,0.28888888888888886,0.7773809523809523,0.5284979369742684,845,845,1155
placebo,all_alfworld,all,raw,D_sign_balance::decision::unsigned,top_quartile_mean_absolute_delta,0.0625,0.025175467914438504,0.1414671049715829,0.07452257600949215,845,845,1155
placebo,all_alfworld,all,raw,D_sign_balance::decision::unsigned,top_quartile_lift,0.7847303187849252,0.3057207602276289,1.4571986006318147,0.8332367095169254,845,845,1155
placebo,all_alfworld,all,raw,D_negative_fraction::decision::reward,spearman,0.17135351594794968,-0.5026250569040797,0.2649689585752979,-0.10344116260363918,845,845,1155
placebo,all_alfworld,all,raw,D_negative_fraction::decision::reward,average_precision,0.6788436311163584,0.3395669493413854,0.7554295177863714,0.5774051333018828,845,845,1155
placebo,all_alfworld,all,raw,D_negative_fraction::decision::reward,auroc_large_change_vs_rest,0.5454545454545454,0.21428571428571427,0.6921245421245421,0.46395032646511936,845,845,1155
placebo,all_alfworld,all,raw,D_negative_fraction::decision::reward,top_quartile_mean_absolute_delta,0.09972826086956521,0.021886904761904764,0.2099848484848485,0.10242947177506445,845,845,1155
placebo,all_alfworld,all,raw,D_negative_fraction::decision::reward,top_quartile_lift,1.2521566391046415,0.3201999207815325,1.8553942815262698,1.1179524235664757,845,845,1155
placebo,all_alfworld,all,raw,D_negative_fraction::decision::unsigned,spearman,0.13093166090381797,-0.534403938424061,0.27483191936411683,-0.10962412507874564,845,845,1155
placebo,all_alfworld,all,raw,D_negative_fraction::decision::unsigned,average_precision,0.6608093926275743,0.32797029058832466,0.7934783155686518,0.5774980621952482,845,845,1155
placebo,all_alfworld,all,raw,D_negative_fraction::decision::unsigned,auroc_large_change_vs_rest,0.5568181818181818,0.20520202020202022,0.7111111111111111,0.4533226996540606,845,845,1155
placebo,all_alfworld,all,raw,D_negative_fraction::decision::unsigned,top_quartile_mean_absolute_delta,0.08541666666666667,0.012619047619047622,0.1993100649350649,0.09143855042214619,845,845,1155
placebo,all_alfworld,all,raw,D_negative_fraction::decision::unsigned,top_quartile_lift,1.0724647690060645,0.16831520062845662,1.7552911460171283,0.989536499851841,845,845,1155
placebo,all_alfworld,all,raw,D_adv::decision::reward,spearman,-0.17838340378171172,-0.5312077329271613,0.14583374275341873,-0.18603246666899145,845,845,1155
placebo,all_alfworld,all,raw,D_adv::decision::reward,average_precision,0.5417832093634232,0.30596456170801045,0.7949498620970993,0.5378002741080092,845,845,1155
placebo,all_alfworld,all,raw,D_adv::decision::reward,auroc_large_change_vs_rest,0.38636363636363635,0.19239510489510492,0.625,0.40936086267447214,845,845,1155
placebo,all_alfworld,all,raw,D_adv::decision::reward,top_quartile_mean_absolute_delta,0.07113095238095238,0.00872159090909091,0.18753720238095234,0.08184192244460108,845,845,1155
placebo,all_alfworld,all,raw,D_adv::decision::reward,top_quartile_lift,0.8930978389980815,0.13693080913301492,1.672477593580739,0.8845426889332001,845,845,1155
placebo,all_alfworld,all,raw,D_adv::decision::unsigned,spearman,0.3145874805608512,-0.08651813079486471,0.5648281981458818,0.22412078132807153,845,845,1155
placebo,all_alfworld,all,raw,D_adv::decision::unsigned,average_precision,0.6594630414149131,0.37848787242169596,0.8955565726045048,0.6462039638523753,845,845,1155
placebo,all_alfworld,all,raw,D_adv::decision::unsigned,auroc_large_change_vs_rest,0.6022727272727273,0.38661616161616164,0.8295454545454546,0.5989624543766555,845,845,1155
placebo,all_alfworld,all,raw,D_adv::decision::unsigned,top_quartile_mean_absolute_delta,0.06666666666666667,0.028934867216117217,0.15222413352133307,0.07918247556223515,845,845,1155
placebo,all_alfworld,all,raw,D_adv::decision::unsigned,top_quartile_lift,0.8370456733705869,0.3621311700686901,1.5168887279077703,0.8877613791982689,845,845,1155
placebo,all_alfworld,all,raw,D_adv_gate::decision::reward,spearman,-0.42091453404650203,-0.47995067254136486,0.19856367290101778,-0.1794547181568786,845,845,1155
placebo,all_alfworld,all,raw,D_adv_gate::decision::reward,average_precision,0.48859585976459047,0.30593662464985993,0.785131542087216,0.5315950601443367,845,845,1155
placebo,all_alfworld,all,raw,D_adv_gate::decision::reward,auroc_large_change_vs_rest,0.3068181818181818,0.2159090909090909,0.6590909090909091,0.42348686651941087,845,845,1155
placebo,all_alfworld,all,raw,D_adv_gate::decision::reward,top_quartile_mean_absolute_delta,0.04363095238095238,0.02147394091415831,0.11159548611111109,0.05969061288237527,845,845,1155
placebo,all_alfworld,all,raw,D_adv_gate::decision::reward,top_quartile_lift,0.5478164987327144,0.25494401915551107,1.1994976443426064,0.6763092027532722,845,845,1155
placebo,all_alfworld,all,raw,D_adv_gate::decision::unsigned,spearman,-0.009666095771422802,-0.28073146391823656,0.3920726752698979,0.04527232705544974,845,845,1155
placebo,all_alfworld,all,raw,D_adv_gate::decision::unsigned,average_precision,0.6054572878102289,0.3481360877684407,0.8429092162236957,0.6014451279986714,845,845,1155
placebo,all_alfworld,all,raw,D_adv_gate::decision::unsigned,auroc_large_change_vs_rest,0.4431818181818182,0.3076923076923077,0.7555555555555555,0.5174685866401842,845,845,1155
placebo,all_alfworld,all,raw,D_adv_gate::decision::unsigned,top_quartile_mean_absolute_delta,0.05833333333333333,0.02123444504892258,0.13550996271930568,0.06611566168628975,845,845,1155
placebo,all_alfworld,all,raw,D_adv_gate::decision::unsigned,top_quartile_lift,0.7324149641992634,0.25450972198827226,1.3281166893314038,0.7388612875094035,845,845,1155
placebo,all_alfworld,all,raw,D_sqrtadv::decision::reward,spearman,-0.012302303709083567,-0.35839978900855873,0.2644192432212324,-0.049017115049652,845,845,1155
placebo,all_alfworld,all,raw,D_sqrtadv::decision::reward,average_precision,0.5271821538532767,0.3252374096491743,0.7832194468846052,0.5539896443966179,845,845,1155
placebo,all_alfworld,all,raw,D_sqrtadv::decision::reward,auroc_large_change_vs_rest,0.42045454545454547,0.2840909090909091,0.6888888888888889,0.48503827205010647,845,845,1155
placebo,all_alfworld,all,raw,D_sqrtadv::decision::reward,top_quartile_mean_absolute_delta,0.06389492753623188,0.019554241899068757,0.17991183688387635,0.07724253847577105,845,845,1155
placebo,all_alfworld,all,raw,D_sqrtadv::decision::reward,top_quartile_lift,0.8022445896679511,0.25087237926437767,1.6660945865320282,0.8488465568334257,845,845,1155
placebo,all_alfworld,all,raw,D_sqrtadv::decision::unsigned,spearman,0.3145874805608512,-0.08651813079486471,0.5648281981458818,0.22412078132807153,845,845,1155
placebo,all_alfworld,all,raw,D_sqrtadv::decision::unsigned,average_precision,0.6594630414149131,0.37848787242169596,0.8955565726045048,0.6462039638523753,845,845,1155
placebo,all_alfworld,all,raw,D_sqrtadv::decision::unsigned,auroc_large_change_vs_rest,0.6022727272727273,0.38661616161616164,0.8295454545454546,0.5989624543766555,845,845,1155
placebo,all_alfworld,all,raw,D_sqrtadv::decision::unsigned,top_quartile_mean_absolute_delta,0.06666666666666667,0.028934867216117217,0.15222413352133307,0.07918247556223515,845,845,1155
placebo,all_alfworld,all,raw,D_sqrtadv::decision::unsigned,top_quartile_lift,0.8370456733705869,0.3621311700686901,1.5168887279077703,0.8877613791982689,845,845,1155
placebo,all_alfworld,all,raw,D_work::decision::reward,spearman,-0.41124843827507923,-0.55188971085501,0.06399370044983742,-0.2640434196985648,845,845,1155
placebo,all_alfworld,all,raw,D_work::decision::reward,average_precision,0.5282130236464601,0.28966411923621127,0.7533260035458177,0.5133972106466963,845,845,1155
placebo,all_alfworld,all,raw,D_work::decision::reward,auroc_large_change_vs_rest,0.38636363636363635,0.18181818181818182,0.6022727272727273,0.37807175566051304,845,845,1155
placebo,all_alfworld,all,raw,D_work::decision::reward,top_quartile_mean_absolute_delta,0.03369815668202765,0.017273809523809525,0.09723705808080807,0.047887664912997924,845,845,1155
placebo,all_alfworld,all,raw,D_work::decision::reward,top_quartile_lift,0.42310344376883063,0.19130809105994198,1.04121888655649,0.543331790694801,845,845,1155
placebo,all_alfworld,all,raw,D_work::decision::unsigned,spearman,0.13444660482069898,-0.33916709310030896,0.42381311616897666,0.027640772324655248,845,845,1155
placebo,all_alfworld,all,raw,D_work::decision::unsigned,average_precision,0.7566782890312301,0.3902385992275698,0.8502391026340604,0.6457789211667716,845,845,1155
placebo,all_alfworld,all,raw,D_work::decision::unsigned,auroc_large_change_vs_rest,0.625,0.2777777777777778,0.7549999999999999,0.5207609172550002,845,845,1155
placebo,all_alfworld,all,raw,D_work::decision::unsigned,top_quartile_mean_absolute_delta,0.06458333333333333,0.023013049450549453,0.14025448232323232,0.0717849353475651,845,845,1155
placebo,all_alfworld,all,raw,D_work::decision::unsigned,top_quartile_lift,0.810887996077756,0.30238156040996544,1.442763274465413,0.80474525072914,845,845,1155
placebo,all_alfworld,all,raw,D_work_gate::decision::reward,spearman,-0.2231989387219447,-0.6512934985395213,0.2092220634093534,-0.20651646246644234,845,845,1155
placebo,all_alfworld,all,raw,D_work_gate::decision::reward,average_precision,0.6201710656045022,0.3008540577315456,0.8204192901468442,0.5712061856082032,845,845,1155
placebo,all_alfworld,all,raw,D_work_gate::decision::reward,auroc_large_change_vs_rest,0.375,0.14547619047619048,0.6405594405594405,0.40048731511749264,845,845,1155
placebo,all_alfworld,all,raw,D_work_gate::decision::reward,top_quartile_mean_absolute_delta,0.06875,0.009234727443609024,0.18319979296066252,0.08064973254227892,845,845,1155
placebo,all_alfworld,all,raw,D_work_gate::decision::reward,top_quartile_lift,0.8632033506634178,0.14072065909528614,1.5911217443050436,0.8711529015548524,845,845,1155
placebo,all_alfworld,all,raw,D_work_gate::decision::unsigned,spearman,0.03163449525192917,-0.37354425067657093,0.3531415738055687,-0.015411112174820975,845,845,1155
placebo,all_alfworld,all,raw,D_work_gate::decision::unsigned,average_precision,0.6419368436079665,0.34996909952792304,0.833636068155639,0.6062718709837107,845,845,1155
placebo,all_alfworld,all,raw,D_work_gate::decision::unsigned,auroc_large_change_vs_rest,0.5,0.2777777777777778,0.7271645021645021,0.4895202824788624,845,845,1155
placebo,all_alfworld,all,raw,D_work_gate::decision::unsigned,top_quartile_mean_absolute_delta,0.06279761904761905,0.02294086122211122,0.15439194139194137,0.07408872830180137,845,845,1155
placebo,all_alfworld,all,raw,D_work_gate::decision::unsigned,top_quartile_lift,0.7884671298267582,0.2745253553011181,1.4688311711315096,0.8270314711893336,845,845,1155
placebo,all_alfworld,all,raw,D_cos_raw::decision::reward,spearman,-0.15641500430120533,-0.39469482363183417,0.21083852209974396,-0.08860489921430527,845,845,1155
placebo,all_alfworld,all,raw,D_cos_raw::decision::reward,average_precision,0.4928310251839663,0.31723717050922934,0.8035450554347612,0.5554824385621869,845,845,1155
placebo,all_alfworld,all,raw,D_cos_raw::decision::reward,auroc_large_change_vs_rest,0.3409090909090909,0.25,0.6777777777777778,0.4628943377464087,845,845,1155
placebo,all_alfworld,all,raw,D_cos_raw::decision::reward,top_quartile_mean_absolute_delta,0.04111950380741832,0.018674143425486133,0.10291394119462878,0.05402014856620228,845,845,1155
placebo,all_alfworld,all,raw,D_cos_raw::decision::reward,top_quartile_lift,0.5162835412971732,0.20635133489703214,1.099593320689421,0.6145502948698778,845,845,1155
placebo,all_alfworld,all,raw,D_cos_raw::decision::unsigned,spearman,0.42091453404650203,-0.06945258597272606,0.6115689983459719,0.2654362431049104,845,845,1155
placebo,all_alfworld,all,raw,D_cos_raw::decision::unsigned,average_precision,0.7107617427136144,0.3948365501887174,0.9110709864753982,0.6674409454378354,845,845,1155
placebo,all_alfworld,all,raw,D_cos_raw::decision::unsigned,auroc_large_change_vs_rest,0.6590909090909091,0.4116666666666667,0.8569841269841268,0.6223851608614923,845,845,1155
placebo,all_alfworld,all,raw,D_cos_raw::decision::unsigned,top_quartile_mean_absolute_delta,0.08958333333333332,0.030719502277163302,0.19793437139392508,0.09917317361880168,845,845,1155
placebo,all_alfworld,all,raw,D_cos_raw::decision::unsigned,top_quartile_lift,1.124780123591726,0.43221954152018605,1.7762118679909007,1.086369824110383,845,845,1155
placebo,all_alfworld,all,raw,D_cos_centered::decision::reward,spearman,-0.057996574628536815,-0.371415716831419,0.22876354291003803,-0.07255617840745437,845,845,1155
placebo,all_alfworld,all,raw,D_cos_centered::decision::reward,average_precision,0.525929240100363,0.3233710505181093,0.7741497364590446,0.5500382249123966,845,845,1155
placebo,all_alfworld,all,raw,D_cos_centered::decision::reward,auroc_large_change_vs_rest,0.42045454545454547,0.27380952380952384,0.6888888888888889,0.4730475605919393,845,845,1155
placebo,all_alfworld,all,raw,D_cos_centered::decision::reward,top_quartile_mean_absolute_delta,0.057644927536231884,0.017784147869674187,0.14751718073593073,0.06876122171560814,845,845,1155
placebo,all_alfworld,all,raw,D_cos_centered::decision::reward,top_quartile_lift,0.7237715577894586,0.237146105918379,1.4558025416258369,0.7662391486325295,845,845,1155
placebo,all_alfworld,all,raw,D_cos_centered::decision::unsigned,spearman,0.36203922343874495,-0.02188293312186126,0.605220030631646,0.2856623554227477,845,845,1155
placebo,all_alfworld,all,raw,D_cos_centered::decision::unsigned,average_precision,0.6647660717179433,0.39197719997089747,0.9133257677399735,0.6683693732494042,845,845,1155
placebo,all_alfworld,all,raw,D_cos_centered::decision::unsigned,auroc_large_change_vs_rest,0.6022727272727273,0.4231818181818182,0.8663636363636363,0.628222876728794,845,845,1155
placebo,all_alfworld,all,raw,D_cos_centered::decision::unsigned,top_quartile_mean_absolute_delta,0.06666666666666667,0.028934867216117217,0.15222413352133307,0.07918247556223515,845,845,1155
placebo,all_alfworld,all,raw,D_cos_centered::decision::unsigned,top_quartile_lift,0.8370456733705869,0.3621311700686901,1.5168887279077703,0.8877613791982689,845,845,1155
placebo,all_alfworld,all,raw,D_cos_centered_gate::decision::reward,spearman,-0.19683685934533707,-0.4534949748209353,0.2690974015899803,-0.1149741010415934,845,845,1155
placebo,all_alfworld,all,raw,D_cos_centered_gate::decision::reward,average_precision,0.5150609417320647,0.3154784224295779,0.7920151672265643,0.5451493371525264,845,845,1155
placebo,all_alfworld,all,raw,D_cos_centered_gate::decision::reward,auroc_large_change_vs_rest,0.38636363636363635,0.23863636363636365,0.6818181818181818,0.4588130377183632,845,845,1155
placebo,all_alfworld,all,raw,D_cos_centered_gate::decision::reward,top_quartile_mean_absolute_delta,0.057644927536231884,0.017784147869674187,0.14751718073593073,0.06876122171560814,845,845,1155
placebo,all_alfworld,all,raw,D_cos_centered_gate::decision::reward,top_quartile_lift,0.7237715577894586,0.237146105918379,1.4558025416258369,0.7662391486325295,845,845,1155
placebo,all_alfworld,all,raw,D_cos_centered_gate::decision::unsigned,spearman,0.07205635029606089,-0.23689603686799496,0.3990361065005173,0.075650077415824,845,845,1155
placebo,all_alfworld,all,raw,D_cos_centered_gate::decision::unsigned,average_precision,0.6504457960340314,0.3787549817421141,0.8455394027269028,0.6281217454005604,845,845,1155
placebo,all_alfworld,all,raw,D_cos_centered_gate::decision::unsigned,auroc_large_change_vs_rest,0.5,0.3333333333333333,0.7619047619047619,0.5375545427616434,845,845,1155
placebo,all_alfworld,all,raw,D_cos_centered_gate::decision::unsigned,top_quartile_mean_absolute_delta,0.06041666666666666,0.021490961182281217,0.14544170168067222,0.07135424116120907,845,845,1155
placebo,all_alfworld,all,raw,D_cos_centered_gate::decision::unsigned,top_quartile_lift,0.7585726414920942,0.27706311689044816,1.4171586214628993,0.7981739609535842,845,845,1155
placebo,all_alfworld,all,raw,D_cos_adv::decision::reward,spearman,-0.14235522863368127,-0.4850480328664347,0.15870342968664505,-0.16147623159987998,845,845,1155
placebo,all_alfworld,all,raw,D_cos_adv::decision::reward,average_precision,0.5389510601197908,0.3084859610173354,0.7992191794163691,0.5408071730031491,845,845,1155
placebo,all_alfworld,all,raw,D_cos_adv::decision::reward,auroc_large_change_vs_rest,0.38636363636363635,0.20238095238095238,0.6363636363636364,0.4207507696117163,845,845,1155
placebo,all_alfworld,all,raw,D_cos_adv::decision::reward,top_quartile_mean_absolute_delta,0.05460552865213882,0.013008994213490357,0.1645894937721067,0.0671008492951952,845,845,1155
placebo,all_alfworld,all,raw,D_cos_adv::decision::reward,top_quartile_lift,0.6856098225057963,0.1768509980939487,1.4540480363055857,0.7328538351705484,845,845,1155
placebo,all_alfworld,all,raw,D_cos_adv::decision::unsigned,spearman,0.36203922343874495,-0.02188293312186126,0.605220030631646,0.2856623554227477,845,845,1155
placebo,all_alfworld,all,raw,D_cos_adv::decision::unsigned,average_precision,0.6647660717179433,0.39197719997089747,0.9133257677399735,0.6683693732494042,845,845,1155
placebo,all_alfworld,all,raw,D_cos_adv::decision::unsigned,auroc_large_change_vs_rest,0.6022727272727273,0.4231818181818182,0.8663636363636363,0.628222876728794,845,845,1155
placebo,all_alfworld,all,raw,D_cos_adv::decision::unsigned,top_quartile_mean_absolute_delta,0.06666666666666667,0.028934867216117217,0.15222413352133307,0.07918247556223515,845,845,1155
placebo,all_alfworld,all,raw,D_cos_adv::decision::unsigned,top_quartile_lift,0.8370456733705869,0.3621311700686901,1.5168887279077703,0.8877613791982689,845,845,1155
placebo,all_alfworld,all,raw,D_cos_negative::decision::reward,spearman,0.028119551335048152,-0.4484173654822245,0.25467610240737515,-0.08050304205377516,845,845,1155
placebo,all_alfworld,all,raw,D_cos_negative::decision::reward,average_precision,0.5709869601580831,0.336118397426447,0.7672902961638585,0.5556215927790498,845,845,1155
placebo,all_alfworld,all,raw,D_cos_negative::decision::reward,auroc_large_change_vs_rest,0.48863636363636365,0.23809523809523808,0.7111111111111111,0.4690946069052578,845,845,1155
placebo,all_alfworld,all,raw,D_cos_negative::decision::reward,top_quartile_mean_absolute_delta,0.060144927536231886,0.020747354497354497,0.127922601010101,0.06670018705570732,845,845,1155
placebo,all_alfworld,all,raw,D_cos_negative::decision::reward,top_quartile_lift,0.7551607705408556,0.2729267473493943,1.345702063086564,0.755389562037356,845,845,1155
placebo,all_alfworld,all,raw,D_cos_negative::decision::unsigned,spearman,0.39718866260755514,-0.42506969409304185,0.3937778875830288,0.014100424321726167,845,845,1155
placebo,all_alfworld,all,raw,D_cos_negative::decision::unsigned,average_precision,0.8195067558703922,0.36894667675682713,0.8375556337764005,0.635514901533653,845,845,1155
placebo,all_alfworld,all,raw,D_cos_negative::decision::unsigned,auroc_large_change_vs_rest,0.7045454545454546,0.2728354978354978,0.7564102564102564,0.5143192015085506,845,845,1155
placebo,all_alfworld,all,raw,D_cos_negative::decision::unsigned,top_quartile_mean_absolute_delta,0.11470684394071491,0.03666178378009376,0.2251419170791336,0.11747570652442174,845,845,1155
placebo,all_alfworld,all,raw,D_cos_negative::decision::unsigned,top_quartile_lift,1.4402230113985581,0.48167856990265745,2.023337849192937,1.289307547667242,845,845,1155
placebo,all_alfworld,all,raw,D_soft::decision::reward,spearman,-0.39279498271145386,-0.4633418769659199,0.21745174993925628,-0.13315468835357766,845,845,1155
placebo,all_alfworld,all,raw,D_soft::decision::reward,average_precision,0.46491285749307126,0.32175133386688004,0.7540439355318962,0.5254694926995951,845,845,1155
placebo,all_alfworld,all,raw,D_soft::decision::reward,auroc_large_change_vs_rest,0.26136363636363635,0.24367521367521366,0.6532342657342656,0.44670113088752134,845,845,1155
placebo,all_alfworld,all,raw,D_soft::decision::reward,top_quartile_mean_absolute_delta,0.040978260869565214,0.01859554195804196,0.10937485859728506,0.05725184041920452,845,845,1155
placebo,all_alfworld,all,raw,D_soft::decision::reward,top_quartile_lift,0.5145101394468118,0.22998891869801855,1.1896467800514081,0.6502381119213114,845,845,1155
placebo,all_alfworld,all,raw,D_soft::decision::unsigned,spearman,-0.3708265832309475,-0.393977092130357,0.23083162110867358,-0.09103671216065547,845,845,1155
placebo,all_alfworld,all,raw,D_soft::decision::unsigned,average_precision,0.47099124215997273,0.30862892525431224,0.812613345546782,0.5515343985638468,845,845,1155
placebo,all_alfworld,all,raw,D_soft::decision::unsigned,auroc_large_change_vs_rest,0.26136363636363635,0.23921717171717174,0.6794871794871795,0.44931834109348895,845,845,1155
placebo,all_alfworld,all,raw,D_soft::decision::unsigned,top_quartile_mean_absolute_delta,0.041666666666666664,0.020414056867795835,0.09888344914262598,0.05460628038988613,845,845,1155
placebo,all_alfworld,all,raw,D_soft::decision::unsigned,top_quartile_lift,0.5231535458566168,0.25092111935878375,1.101691617268192,0.6228602507981853,845,845,1155
placebo,all_alfworld,all,raw,D_soft_negative::decision::reward,spearman,-0.0008787359792202547,-0.4076691539825328,0.2669131066776052,-0.06891143455310424,845,845,1155
placebo,all_alfworld,all,raw,D_soft_negative::decision::reward,average_precision,0.543894608065731,0.332314412852615,0.7368132996721514,0.5403828518433572,845,845,1155
placebo,all_alfworld,all,raw,D_soft_negative::decision::reward,auroc_large_change_vs_rest,0.45454545454545453,0.2505555555555556,0.7,0.4761931247582135,845,845,1155
placebo,all_alfworld,all,raw,D_soft_negative::decision::reward,top_quartile_mean_absolute_delta,0.057644927536231884,0.021512838468720822,0.13744477213962508,0.06958295553734196,845,845,1155
placebo,all_alfworld,all,raw,D_soft_negative::decision::reward,top_quartile_lift,0.7237715577894586,0.27751995524940676,1.4370355991399542,0.7840894330757019,845,845,1155
placebo,all_alfworld,all,raw,D_soft_negative::decision::unsigned,spearman,-0.30052770489332714,-0.6642697379231883,0.1689053169316018,-0.2597000026533342,845,845,1155
placebo,all_alfworld,all,raw,D_soft_negative::decision::unsigned,average_precision,0.5829110209457803,0.3164495995613311,0.7778949077987539,0.5582752558967916,845,845,1155
placebo,all_alfworld,all,raw,D_soft_negative::decision::unsigned,auroc_large_change_vs_rest,0.3068181818181818,0.12363636363636366,0.6333333333333333,0.37942035446473316,845,845,1155
placebo,all_alfworld,all,raw,D_soft_negative::decision::unsigned,top_quartile_mean_absolute_delta,0.06416666666666666,0.015135515069725597,0.15962878787878784,0.07476131503357032,845,845,1155
placebo,all_alfworld,all,raw,D_soft_negative::decision::unsigned,top_quartile_lift,0.8056564606191898,0.2012152589558907,1.5272354716547025,0.826199215753629,845,845,1155
placebo,all_alfworld,all,raw,D_soft_cos::decision::reward,spearman,-0.3611604874595247,-0.47198039552318205,0.22101429917207654,-0.13286299398601967,845,845,1155
placebo,all_alfworld,all,raw,D_soft_cos::decision::reward,average_precision,0.47896572381866503,0.32179736509988605,0.743031826142686,0.5270402481704857,845,845,1155
placebo,all_alfworld,all,raw,D_soft_cos::decision::reward,auroc_large_change_vs_rest,0.29545454545454547,0.23380952380952383,0.6555555555555556,0.4502774001146782,845,845,1155
placebo,all_alfworld,all,raw,D_soft_cos::decision::reward,top_quartile_mean_absolute_delta,0.04111950380741832,0.018674143425486133,0.10291394119462878,0.05402014856620228,845,845,1155
placebo,all_alfworld,all,raw,D_soft_cos::decision::reward,top_quartile_lift,0.5162835412971732,0.20635133489703214,1.099593320689421,0.6145502948698778,845,845,1155
placebo,all_alfworld,all,raw,D_soft_cos::decision::unsigned,spearman,-0.25395469799465364,-0.3313251592129654,0.2544819395821857,-0.045240292063342756,845,845,1155
placebo,all_alfworld,all,raw,D_soft_cos::decision::unsigned,average_precision,0.490037984890926,0.3128469721221822,0.8331573818338524,0.5784177362781455,845,845,1155
placebo,all_alfworld,all,raw,D_soft_cos::decision::unsigned,auroc_large_change_vs_rest,0.3181818181818182,0.26136363636363635,0.7154292929292928,0.4760811230189928,845,845,1155
placebo,all_alfworld,all,raw,D_soft_cos::decision::unsigned,top_quartile_mean_absolute_delta,0.041666666666666664,0.020414056867795835,0.09888344914262598,0.05460628038988613,845,845,1155
placebo,all_alfworld,all,raw,D_soft_cos::decision::unsigned,top_quartile_lift,0.5231535458566168,0.25092111935878375,1.101691617268192,0.6228602507981853,845,845,1155
placebo,all_alfworld,all,raw,D_sigmoid::decision::reward,spearman,-0.22935009057648648,-0.4527480767326552,0.25870731517943935,-0.11328793627383284,845,845,1155
placebo,all_alfworld,all,raw,D_sigmoid::decision::reward,average_precision,0.5001001449530861,0.3142975553857907,0.7908342503668133,0.5442579028035657,845,845,1155
placebo,all_alfworld,all,raw,D_sigmoid::decision::reward,auroc_large_change_vs_rest,0.3522727272727273,0.24444444444444444,0.6857142857142857,0.45739998003311616,845,845,1155
placebo,all_alfworld,all,raw,D_sigmoid::decision::reward,top_quartile_mean_absolute_delta,0.04111950380741832,0.018674143425486133,0.10291394119462878,0.05402014856620228,845,845,1155
placebo,all_alfworld,all,raw,D_sigmoid::decision::reward,top_quartile_lift,0.5162835412971732,0.20635133489703214,1.099593320689421,0.6145502948698778,845,845,1155
placebo,all_alfworld,all,raw,D_sigmoid::decision::unsigned,spearman,0.05096668679477478,-0.253694188393899,0.4017150549709358,0.07308875235886494,845,845,1155
placebo,all_alfworld,all,raw,D_sigmoid::decision::unsigned,average_precision,0.6121128871128871,0.3431203939909297,0.8546774868649867,0.6144893597350304,845,845,1155
placebo,all_alfworld,all,raw,D_sigmoid::decision::unsigned,auroc_large_change_vs_rest,0.48863636363636365,0.3120512820512821,0.7737012987012987,0.5304581365380182,845,845,1155
placebo,all_alfworld,all,raw,D_sigmoid::decision::unsigned,top_quartile_mean_absolute_delta,0.06666666666666667,0.028934867216117217,0.15222413352133307,0.07918247556223515,845,845,1155
placebo,all_alfworld,all,raw,D_sigmoid::decision::unsigned,top_quartile_lift,0.8370456733705869,0.3621311700686901,1.5168887279077703,0.8877613791982689,845,845,1155
placebo,all_alfworld,all,raw,D_tauC_q25::decision::reward,spearman,-0.20123053924143833,-0.44190414789673194,0.29781768238320516,-0.09991046852264757,845,845,1155
placebo,all_alfworld,all,raw,D_tauC_q25::decision::reward,average_precision,0.5232270180799592,0.32293916255313315,0.7573488754476149,0.5370416875245978,845,845,1155
placebo,all_alfworld,all,raw,D_tauC_q25::decision::reward,auroc_large_change_vs_rest,0.3977272727272727,0.25555555555555554,0.6929112554112554,0.46771174748985406,845,845,1155
placebo,all_alfworld,all,raw,D_tauC_q25::decision::reward,top_quartile_mean_absolute_delta,0.057644927536231884,0.021512838468720822,0.13744477213962508,0.06958295553734196,845,845,1155
placebo,all_alfworld,all,raw,D_tauC_q25::decision::reward,top_quartile_lift,0.7237715577894586,0.27751995524940676,1.4370355991399542,0.7840894330757019,845,845,1155
placebo,all_alfworld,all,raw,D_tauC_q25::decision::unsigned,spearman,-0.034270703189589934,-0.2965545449687772,0.3805198592827168,0.04116090894759756,845,845,1155
placebo,all_alfworld,all,raw,D_tauC_q25::decision::unsigned,average_precision,0.5946581196581197,0.3493274582560297,0.8485564331524255,0.6047543727082474,845,845,1155
placebo,all_alfworld,all,raw,D_tauC_q25::decision::unsigned,auroc_large_change_vs_rest,0.42045454545454547,0.3111111111111111,0.7443589743589744,0.5212863632094401,845,845,1155
placebo,all_alfworld,all,raw,D_tauC_q25::decision::unsigned,top_quartile_mean_absolute_delta,0.06666666666666667,0.028934867216117217,0.15222413352133307,0.07918247556223515,845,845,1155
placebo,all_alfworld,all,raw,D_tauC_q25::decision::unsigned,top_quartile_lift,0.8370456733705869,0.3621311700686901,1.5168887279077703,0.8877613791982689,845,845,1155
placebo,all_alfworld,all,raw,D_tauC_q50::decision::reward,spearman,-0.39543119064911464,-0.4468348505681389,0.2642519257859378,-0.10230643495750452,845,845,1155
placebo,all_alfworld,all,raw,D_tauC_q50::decision::reward,average_precision,0.47138996624290735,0.3194553275855797,0.750679790185305,0.5338539556696825,845,845,1155
placebo,all_alfworld,all,raw,D_tauC_q50::decision::reward,auroc_large_change_vs_rest,0.2727272727272727,0.25564102564102564,0.6777597402597401,0.4602727679946615,845,845,1155
placebo,all_alfworld,all,raw,D_tauC_q50::decision::reward,top_quartile_mean_absolute_delta,0.040978260869565214,0.01859554195804196,0.10937485859728506,0.05725184041920452,845,845,1155
placebo,all_alfworld,all,raw,D_tauC_q50::decision::reward,top_quartile_lift,0.5145101394468118,0.22998891869801855,1.1896467800514081,0.6502381119213114,845,845,1155
placebo,all_alfworld,all,raw,D_tauC_q50::decision::unsigned,spearman,-0.4543065012568717,-0.3716276582263989,0.30373758849421,-0.041625057966498014,845,845,1155
placebo,all_alfworld,all,raw,D_tauC_q50::decision::unsigned,average_precision,0.45033526337002266,0.31876240822669394,0.8112481027017224,0.5539469956581108,845,845,1155
placebo,all_alfworld,all,raw,D_tauC_q50::decision::unsigned,auroc_large_change_vs_rest,0.2159090909090909,0.2505555555555556,0.6878571428571426,0.46527657418189966,845,845,1155
placebo,all_alfworld,all,raw,D_tauC_q50::decision::unsigned,top_quartile_mean_absolute_delta,0.04583333333333333,0.02681643565472166,0.1111047365820678,0.06301319471308854,845,845,1155
placebo,all_alfworld,all,raw,D_tauC_q50::decision::unsigned,top_quartile_lift,0.5754689004422785,0.3226591187247647,1.2019790668385533,0.7172356728057073,845,845,1155
placebo,all_alfworld,all,raw,D_tauC_q75::decision::reward,spearman,-0.2940661897448963,-0.4305560656858652,0.3200644419819178,-0.07021706449463079,845,845,1155
placebo,all_alfworld,all,raw,D_tauC_q75::decision::reward,average_precision,0.47896572381866503,0.33328668530349204,0.7554934989147175,0.5455914720535304,845,845,1155
placebo,all_alfworld,all,raw,D_tauC_q75::decision::reward,auroc_large_change_vs_rest,0.2840909090909091,0.2623809523809524,0.6998863636363636,0.47694326055272807,845,845,1155
placebo,all_alfworld,all,raw,D_tauC_q75::decision::reward,top_quartile_mean_absolute_delta,0.051807909604519774,0.016043261562998404,0.12611654739548972,0.06468014143690745,845,845,1155
placebo,all_alfworld,all,raw,D_tauC_q75::decision::reward,top_quartile_lift,0.6504837987125662,0.20960484957838,1.3729182082028577,0.7290350316723208,845,845,1155
placebo,all_alfworld,all,raw,D_tauC_q75::decision::unsigned,spearman,-0.4619784236500538,-0.3865655640325062,0.3081024440912775,-0.05494290073361003,845,845,1155
placebo,all_alfworld,all,raw,D_tauC_q75::decision::unsigned,average_precision,0.4601837482185076,0.31111039287509873,0.8234632718965296,0.5488594070907723,845,845,1155
placebo,all_alfworld,all,raw,D_tauC_q75::decision::unsigned,auroc_large_change_vs_rest,0.23863636363636365,0.23905844155844158,0.6784920634920635,0.46170328849322934,845,845,1155
placebo,all_alfworld,all,raw,D_tauC_q75::decision::unsigned,top_quartile_mean_absolute_delta,0.048214285714285716,0.026329543446126164,0.11978799860475636,0.06574768185368084,845,845,1155
placebo,all_alfworld,all,raw,D_tauC_q75::decision::unsigned,top_quartile_lift,0.6053633887769423,0.3342880527750694,1.2527969511396384,0.7460931830414569,845,845,1155
placebo,all_alfworld,all,raw,D_delta_q25::decision::reward,spearman,0.023725871438946878,-0.3657814395917143,0.2543568462818183,-0.04596258070367028,845,845,1155
placebo,all_alfworld,all,raw,D_delta_q25::decision::reward,average_precision,0.5547712314423543,0.3306273567119155,0.7383529076190275,0.552431616199203,845,845,1155
placebo,all_alfworld,all,raw,D_delta_q25::decision::reward,auroc_large_change_vs_rest,0.45454545454545453,0.2956709956709957,0.6993181818181816,0.4922675385101421,845,845,1155
placebo,all_alfworld,all,raw,D_delta_q25::decision::reward,top_quartile_mean_absolute_delta,0.06597826086956522,0.02394741532976827,0.1505072396536212,0.07385181545470715,845,845,1155
placebo,all_alfworld,all,raw,D_delta_q25::decision::reward,top_quartile_lift,0.828402266960782,0.3124461110522463,1.4786377442354737,0.8273351080894291,845,845,1155
placebo,all_alfworld,all,raw,D_delta_q25::decision::unsigned,spearman,0.25131849005699286,-0.13697649694669878,0.5585957286036866,0.21629457835638324,845,845,1155
placebo,all_alfworld,all,raw,D_delta_q25::decision::unsigned,average_precision,0.6803288816446712,0.3740715972623867,0.8949749531657426,0.6434957785133925,845,845,1155
placebo,all_alfworld,all,raw,D_delta_q25::decision::unsigned,auroc_large_change_vs_rest,0.5454545454545454,0.36666666666666664,0.8085714285714284,0.5844365217294212,845,845,1155
placebo,all_alfworld,all,raw,D_delta_q25::decision::unsigned,top_quartile_mean_absolute_delta,0.08958333333333332,0.030719502277163302,0.19793437139392508,0.09917317361880168,845,845,1155
placebo,all_alfworld,all,raw,D_delta_q25::decision::unsigned,top_quartile_lift,1.124780123591726,0.43221954152018605,1.7762118679909007,1.086369824110383,845,845,1155
placebo,all_alfworld,all,raw,D_delta_q50::decision::reward,spearman,0.09402474977656726,-0.3270998770487596,0.3516127701024817,0.02687623986860264,845,845,1155
placebo,all_alfworld,all,raw,D_delta_q50::decision::reward,average_precision,0.6241879258590489,0.3369946084494404,0.8518901462324217,0.6177742056213097,845,845,1155
placebo,all_alfworld,all,raw,D_delta_q50::decision::reward,auroc_large_change_vs_rest,0.48863636363636365,0.30952380952380953,0.7494444444444444,0.524971729453978,845,845,1155
placebo,all_alfworld,all,raw,D_delta_q50::decision::reward,top_quartile_mean_absolute_delta,0.07014492753623189,0.027484362256101385,0.15869765581640582,0.08225872977790954,845,845,1155
placebo,all_alfworld,all,raw,D_delta_q50::decision::reward,top_quartile_lift,0.8807176215464436,0.3503980542234967,1.5880471961022695,0.9217105300969511,845,845,1155
placebo,all_alfworld,all,raw,D_delta_q50::decision::unsigned,spearman,0.19947306728299782,-0.21164934069570654,0.4571504100319297,0.12233258437429691,845,845,1155
placebo,all_alfworld,all,raw,D_delta_q50::decision::unsigned,average_precision,0.6559782322940219,0.3714432767033939,0.8754533435013161,0.6262792353217956,845,845,1155
placebo,all_alfworld,all,raw,D_delta_q50::decision::unsigned,auroc_large_change_vs_rest,0.5227272727272727,0.3340909090909091,0.7840909090909091,0.5480335082406088,845,845,1155
placebo,all_alfworld,all,raw,D_delta_q50::decision::unsigned,top_quartile_mean_absolute_delta,0.08958333333333332,0.030719502277163302,0.19793437139392508,0.09917317361880168,845,845,1155
placebo,all_alfworld,all,raw,D_delta_q50::decision::unsigned,top_quartile_lift,1.124780123591726,0.43221954152018605,1.7762118679909007,1.086369824110383,845,845,1155
placebo,all_alfworld,all,raw,D_delta_q75::decision::reward,spearman,0.2448353777098763,-0.30715713861097615,0.4595370170838357,0.09444879974173849,845,845,1155
placebo,all_alfworld,all,raw,D_delta_q75::decision::reward,average_precision,0.7248096459783767,0.36053912334164434,0.8763187724482506,0.6515749730378873,845,845,1155
placebo,all_alfworld,all,raw,D_delta_q75::decision::reward,auroc_large_change_vs_rest,0.5568181818181818,0.33933150183150185,0.7754578754578755,0.560768900724522,845,845,1155
placebo,all_alfworld,all,raw,D_delta_q75::decision::reward,top_quartile_mean_absolute_delta,0.10172297297297297,0.034802879291251386,0.21582115691104028,0.11134292643926395,845,845,1155
placebo,all_alfworld,all,raw,D_delta_q75::decision::reward,top_quartile_lift,1.2772016161413027,0.4926683968293005,1.9650489270529943,1.2239000937173765,845,845,1155
placebo,all_alfworld,all,raw,D_delta_q75::decision::unsigned,spearman,-0.3195607174058888,-0.5728805342876007,0.13906660752081906,-0.20733756115202331,845,845,1155
placebo,all_alfworld,all,raw,D_delta_q75::decision::unsigned,average_precision,0.5494544456231764,0.30819760401706997,0.7740647120469696,0.5473820973061743,845,845,1155
placebo,all_alfworld,all,raw,D_delta_q75::decision::unsigned,auroc_large_change_vs_rest,0.3181818181818182,0.1875,0.6386363636363636,0.4041389888875096,845,845,1155
placebo,all_alfworld,all,raw,D_delta_q75::decision::unsigned,top_quartile_mean_absolute_delta,0.05833333333333333,0.021104638895587172,0.13571881971075517,0.0645733644480196,845,845,1155
placebo,all_alfworld,all,raw,D_delta_q75::decision::unsigned,top_quartile_lift,0.7324149641992634,0.2552455810085615,1.3979914977703394,0.7233935646520018,845,845,1155
placebo,all_alfworld,all,raw,D_winsor::decision::reward,spearman,-0.014938511646744332,-0.3592279225808236,0.2562000118961119,-0.04331369375755362,845,845,1155
placebo,all_alfworld,all,raw,D_winsor::decision::reward,average_precision,0.5305912447623676,0.3301740987770399,0.8078160068417419,0.5665695085047294,845,845,1155
placebo,all_alfworld,all,raw,D_winsor::decision::reward,auroc_large_change_vs_rest,0.4318181818181818,0.2845707070707071,0.7,0.48975547135310443,845,845,1155
placebo,all_alfworld,all,raw,D_winsor::decision::reward,top_quartile_mean_absolute_delta,0.057644927536231884,0.017784147869674187,0.14751718073593073,0.06876122171560814,845,845,1155
placebo,all_alfworld,all,raw,D_winsor::decision::reward,top_quartile_lift,0.7237715577894586,0.237146105918379,1.4558025416258369,0.7662391486325295,845,845,1155
placebo,all_alfworld,all,raw,D_winsor::decision::unsigned,spearman,0.2776805694336005,-0.1148265134824327,0.5482655878760182,0.2046487661061848,845,845,1155
placebo,all_alfworld,all,raw,D_winsor::decision::unsigned,average_precision,0.6561950675587038,0.37429810541155084,0.8957965098913239,0.6446488269263297,845,845,1155
placebo,all_alfworld,all,raw,D_winsor::decision::unsigned,auroc_large_change_vs_rest,0.5909090909090909,0.3669047619047619,0.8279365079365079,0.5887625277418176,845,845,1155
placebo,all_alfworld,all,raw,D_winsor::decision::unsigned,top_quartile_mean_absolute_delta,0.06666666666666667,0.028934867216117217,0.15222413352133307,0.07918247556223515,845,845,1155
placebo,all_alfworld,all,raw,D_winsor::decision::unsigned,top_quartile_lift,0.8370456733705869,0.3621311700686901,1.5168887279077703,0.8877613791982689,845,845,1155
placebo,all_alfworld,all,raw,D_tanh::decision::reward,spearman,-0.02636207937660764,-0.3969400721912897,0.25621132511726474,-0.061437642057527,845,845,1155
placebo,all_alfworld,all,raw,D_tanh::decision::reward,average_precision,0.5230052634921759,0.3273984215818581,0.7797185049726161,0.5683289755520612,845,845,1155
placebo,all_alfworld,all,raw,D_tanh::decision::reward,auroc_large_change_vs_rest,0.4090909090909091,0.26666666666666666,0.6888888888888889,0.48017220287930346,845,845,1155
placebo,all_alfworld,all,raw,D_tanh::decision::reward,top_quartile_mean_absolute_delta,0.057644927536231884,0.017784147869674187,0.14751718073593073,0.06876122171560814,845,845,1155
placebo,all_alfworld,all,raw,D_tanh::decision::reward,top_quartile_lift,0.7237715577894586,0.237146105918379,1.4558025416258369,0.7662391486325295,845,845,1155
placebo,all_alfworld,all,raw,D_tanh::decision::unsigned,spearman,0.2565909059323144,-0.1537968753004147,0.5305785317243157,0.18487764165873186,845,845,1155
placebo,all_alfworld,all,raw,D_tanh::decision::unsigned,average_precision,0.6552318752642422,0.37623862850256035,0.9029014286510416,0.6440061065407094,845,845,1155
placebo,all_alfworld,all,raw,D_tanh::decision::unsigned,auroc_large_change_vs_rest,0.5681818181818182,0.36666666666666664,0.8214285714285714,0.5779851378076231,845,845,1155
placebo,all_alfworld,all,raw,D_tanh::decision::unsigned,top_quartile_mean_absolute_delta,0.06666666666666667,0.028934867216117217,0.15222413352133307,0.07918247556223515,845,845,1155
placebo,all_alfworld,all,raw,D_tanh::decision::unsigned,top_quartile_lift,0.8370456733705869,0.3621311700686901,1.5168887279077703,0.8877613791982689,845,845,1155
placebo,all_alfworld,all,raw,D_action_sign::decision::reward,spearman,0.03514943916881019,-0.4399285730673229,0.40678803979643685,-0.00644321016233587,845,845,1155
placebo,all_alfworld,all,raw,D_action_sign::decision::reward,average_precision,0.6161690441559565,0.31678947123261036,0.8541583280605006,0.5935500668896283,845,845,1155
placebo,all_alfworld,all,raw,D_action_sign::decision::reward,auroc_large_change_vs_rest,0.4772727272727273,0.21428571428571427,0.75,0.48144658760043374,845,845,1155
placebo,all_alfworld,all,raw,D_action_sign::decision::reward,top_quartile_mean_absolute_delta,0.05166666666666666,0.009867063492063493,0.14483408748114632,0.06390431306118373,845,845,1155
placebo,all_alfworld,all,raw,D_action_sign::decision::reward,top_quartile_lift,0.6487103968622048,0.145722639447639,1.412451761702228,0.7029823018314442,845,845,1155
placebo,all_alfworld,all,raw,D_action_sign::decision::unsigned,spearman,0.4956070922802237,-0.049539669703243965,0.6706547678824839,0.3129264106275957,845,845,1155
placebo,all_alfworld,all,raw,D_action_sign::decision::unsigned,average_precision,0.8455931694568057,0.4478983516483517,0.9313024593490181,0.7219461285986404,845,845,1155
placebo,all_alfworld,all,raw,D_action_sign::decision::unsigned,auroc_large_change_vs_rest,0.7613636363636364,0.4090909090909091,0.8690476190476191,0.6547951637448679,845,845,1155
placebo,all_alfworld,all,raw,D_action_sign::decision::unsigned,top_quartile_mean_absolute_delta,0.14866741741741743,0.08116375843689817,0.22900323988881038,0.14847737162268376,845,845,1155
placebo,all_alfworld,all,raw,D_action_sign::decision::unsigned,top_quartile_lift,1.8666212778064244,0.9749162193766391,2.438528006836668,1.6927436552865842,845,845,1155
placebo,all_alfworld,all,raw,D_action_adv::decision::reward,spearman,-0.06590519844151911,-0.49373551353573697,0.21022681638981683,-0.148647015933672,845,845,1155
placebo,all_alfworld,all,raw,D_action_adv::decision::reward,average_precision,0.6146848851183215,0.31175280368557684,0.8037988707426864,0.5511066312092102,845,845,1155
placebo,all_alfworld,all,raw,D_action_adv::decision::reward,auroc_large_change_vs_rest,0.5227272727272727,0.19318181818181818,0.6666666666666666,0.43801794852090714,845,845,1155
placebo,all_alfworld,all,raw,D_action_adv::decision::reward,top_quartile_mean_absolute_delta,0.07291666666666666,0.010632205513784462,0.17831249999999998,0.07953812949036478,845,845,1155
placebo,all_alfworld,all,raw,D_action_adv::decision::reward,top_quartile_lift,0.9155187052490793,0.13828013782891752,1.6513564054710728,0.8622564684730067,845,845,1155
placebo,all_alfworld,all,raw,D_action_adv::decision::unsigned,spearman,0.4956070922802237,-0.049539669703243965,0.6706547678824839,0.3129264106275957,845,845,1155
placebo,all_alfworld,all,raw,D_action_adv::decision::unsigned,average_precision,0.8455931694568057,0.4478983516483517,0.9313024593490181,0.7219461285986404,845,845,1155
placebo,all_alfworld,all,raw,D_action_adv::decision::unsigned,auroc_large_change_vs_rest,0.7613636363636364,0.4090909090909091,0.8690476190476191,0.6547951637448679,845,845,1155
placebo,all_alfworld,all,raw,D_action_adv::decision::unsigned,top_quartile_mean_absolute_delta,0.14866741741741743,0.08116375843689817,0.22900323988881038,0.14847737162268376,845,845,1155
placebo,all_alfworld,all,raw,D_action_adv::decision::unsigned,top_quartile_lift,1.8666212778064244,0.9749162193766391,2.438528006836668,1.6927436552865842,845,845,1155
placebo,all_alfworld,all,raw,D_action_adv_clip::decision::reward,spearman,-0.07820750215060267,-0.48076446579136767,0.2804032484745977,-0.10483505094525428,845,845,1155
placebo,all_alfworld,all,raw,D_action_adv_clip::decision::reward,average_precision,0.5704639990525159,0.3018939477398124,0.798802008177008,0.5509165718999364,845,845,1155
placebo,all_alfworld,all,raw,D_action_adv_clip::decision::reward,auroc_large_change_vs_rest,0.45454545454545453,0.2111111111111111,0.6849999999999998,0.44610993871348903,845,845,1155
placebo,all_alfworld,all,raw,D_action_adv_clip::decision::reward,top_quartile_mean_absolute_delta,0.07291666666666666,0.010632205513784462,0.17831249999999998,0.07953812949036478,845,845,1155
placebo,all_alfworld,all,raw,D_action_adv_clip::decision::reward,top_quartile_lift,0.9155187052490793,0.13828013782891752,1.6513564054710728,0.8622564684730067,845,845,1155
placebo,all_alfworld,all,raw,D_action_adv_clip::decision::unsigned,spearman,0.4956070922802237,-0.049539669703243965,0.6706547678824839,0.3129264106275957,845,845,1155
placebo,all_alfworld,all,raw,D_action_adv_clip::decision::unsigned,average_precision,0.8455931694568057,0.4478983516483517,0.9313024593490181,0.7219461285986404,845,845,1155
placebo,all_alfworld,all,raw,D_action_adv_clip::decision::unsigned,auroc_large_change_vs_rest,0.7613636363636364,0.4090909090909091,0.8690476190476191,0.6547951637448679,845,845,1155
placebo,all_alfworld,all,raw,D_action_adv_clip::decision::unsigned,top_quartile_mean_absolute_delta,0.14866741741741743,0.08116375843689817,0.22900323988881038,0.14847737162268376,845,845,1155
placebo,all_alfworld,all,raw,D_action_adv_clip::decision::unsigned,top_quartile_lift,1.8666212778064244,0.9749162193766391,2.438528006836668,1.6927436552865842,845,845,1155
placebo,all_alfworld,all,raw,D_ratio_adv::decision::reward,spearman,0.09929716565188879,-0.22409041698641222,0.45315946028259196,0.10800863796118315,845,845,1155
placebo,all_alfworld,all,raw,D_ratio_adv::decision::reward,average_precision,0.5498913890625119,0.34437291330673686,0.8147420201718845,0.5816294389118454,845,845,1155
placebo,all_alfworld,all,raw,D_ratio_adv::decision::reward,auroc_large_change_vs_rest,0.4659090909090909,0.30068181818181816,0.7738095238095238,0.5360561890443547,845,845,1155
placebo,all_alfworld,all,raw,D_ratio_adv::decision::reward,top_quartile_mean_absolute_delta,0.1086111111111111,0.05721663226694187,0.1961827731092437,0.1168334987006562,845,845,1155
placebo,all_alfworld,all,raw,D_ratio_adv::decision::reward,top_quartile_lift,1.3636869095329143,0.7062852885997539,2.0162420812789503,1.3239662272649604,845,845,1155
placebo,all_alfworld,all,raw,D_ratio_adv::decision::unsigned,spearman,0.43145936579714506,-0.08646731856283557,0.5755376452757877,0.2512318628294337,845,845,1155
placebo,all_alfworld,all,raw,D_ratio_adv::decision::unsigned,average_precision,0.7030024268660632,0.411533785922492,0.9249458847976777,0.6802021968086388,845,845,1155
placebo,all_alfworld,all,raw,D_ratio_adv::decision::unsigned,auroc_large_change_vs_rest,0.6590909090909091,0.4111111111111111,0.8514898989898988,0.6255097483056061,845,845,1155
placebo,all_alfworld,all,raw,D_ratio_adv::decision::unsigned,top_quartile_mean_absolute_delta,0.08963963963963964,0.035694809929661765,0.18490269903589618,0.10148148388475835,845,845,1155
placebo,all_alfworld,all,raw,D_ratio_adv::decision::unsigned,top_quartile_lift,1.1254870878428838,0.44317512316178803,1.8065842965106889,1.1327682422275962,845,845,1155
placebo,all_alfworld,all,raw,D_policy_action_adv::decision::reward,spearman,-0.3049213847894284,-0.5182814674181058,0.14659007705024615,-0.19785932328143863,845,845,1155
placebo,all_alfworld,all,raw,D_policy_action_adv::decision::reward,average_precision,0.4973163950225588,0.2791449821044027,0.7737852720431906,0.5437897705489906,845,845,1155
placebo,all_alfworld,all,raw,D_policy_action_adv::decision::reward,auroc_large_change_vs_rest,0.32954545454545453,0.17857142857142858,0.6473989898989898,0.41403228592577707,845,845,1155
placebo,all_alfworld,all,raw,D_policy_action_adv::decision::reward,top_quartile_mean_absolute_delta,0.05166666666666666,0.009867063492063493,0.14483408748114632,0.06390431306118373,845,845,1155
placebo,all_alfworld,all,raw,D_policy_action_adv::decision::reward,top_quartile_lift,0.6487103968622048,0.145722639447639,1.412451761702228,0.7029823018314442,845,845,1155
placebo,all_alfworld,all,raw,D_policy_action_adv::decision::unsigned,spearman,0.2565909059323144,-0.13858266278158438,0.611312900594284,0.24370450665832755,845,845,1155
placebo,all_alfworld,all,raw,D_policy_action_adv::decision::unsigned,average_precision,0.7441471333182562,0.5085985284065779,0.9039478733463696,0.7190224113195219,845,845,1155
placebo,all_alfworld,all,raw,D_policy_action_adv::decision::unsigned,auroc_large_change_vs_rest,0.6022727272727273,0.375,0.8461538461538461,0.6189664970138343,845,845,1155
placebo,all_alfworld,all,raw,D_policy_action_adv::decision::unsigned,top_quartile_mean_absolute_delta,0.13569444444444445,0.07982609420939592,0.20757342657342656,0.14184794726018812,845,845,1155
placebo,all_alfworld,all,raw,D_policy_action_adv::decision::unsigned,top_quartile_lift,1.7037367143397155,0.9795999169570543,2.3307297721622717,1.6229173974834004,845,845,1155
placebo,all_alfworld,all,raw,D_reward_only::decision::reward,spearman,-0.16432362811418763,-0.3210620026850169,0.45439551729082456,0.04887745146547405,845,845,1155
placebo,all_alfworld,all,raw,D_reward_only::decision::reward,average_precision,0.5686142890477256,0.3634146556058321,0.8723749577428811,0.6041131018491017,845,845,1155
placebo,all_alfworld,all,raw,D_reward_only::decision::reward,auroc_large_change_vs_rest,0.42045454545454547,0.27420634920634923,0.7613636363636364,0.5117143343178846,845,845,1155
placebo,all_alfworld,all,raw,D_reward_only::decision::reward,top_quartile_mean_absolute_delta,0.06673387096774194,0.029511650114591295,0.14143065429984306,0.07658641388924217,845,845,1155
placebo,all_alfworld,all,raw,D_reward_only::decision::reward,top_quartile_lift,0.8378894694122913,0.39976090413065046,1.4897580812901945,0.8683305279318101,845,845,1155
placebo,all_alfworld,all,raw,D_reward_only::decision::unsigned,spearman,,,,,0,845,1155
placebo,all_alfworld,all,raw,D_reward_only::decision::unsigned,average_precision,0.5789473684210527,0.3210526315789474,0.7368421052631579,0.5395826845219558,845,845,1155
placebo,all_alfworld,all,raw,D_reward_only::decision::unsigned,auroc_large_change_vs_rest,0.5,0.5,0.5,0.5,845,845,1155
placebo,all_alfworld,all,raw,D_reward_only::decision::unsigned,top_quartile_mean_absolute_delta,0.07964519594040265,0.05839079502096246,0.12669587424432177,0.08879262743216164,845,845,1155
placebo,all_alfworld,all,raw,D_reward_only::decision::unsigned,top_quartile_lift,1.0,0.9999999999999997,1.0000000000000002,1.0,845,845,1155
placebo,all_alfworld,all,raw,D_adv_negative_fraction::decision::reward,spearman,-0.09419014084507042,-0.44843549362805535,0.3211238776822285,-0.07218077170767767,845,845,1155
placebo,all_alfworld,all,raw,D_adv_negative_fraction::decision::reward,average_precision,0.5321323745366807,0.33203125586819193,0.7668359966057334,0.5520468657994094,845,845,1155
placebo,all_alfworld,all,raw,D_adv_negative_fraction::decision::reward,auroc_large_change_vs_rest,0.4090909090909091,0.25,0.6815850815850815,0.467298866485257,845,845,1155
placebo,all_alfworld,all,raw,D_adv_negative_fraction::decision::reward,top_quartile_mean_absolute_delta,0.05611950380741833,0.018191391941391945,0.1287039194915254,0.06303780101634908,845,845,1155
placebo,all_alfworld,all,raw,D_adv_negative_fraction::decision::reward,top_quartile_lift,0.7046188178055554,0.2402746366794585,1.3087887130450102,0.7131304552103663,845,845,1155
placebo,all_alfworld,all,raw,D_adv_negative_fraction::decision::unsigned,spearman,,,,,0,845,1155
placebo,all_alfworld,all,raw,D_adv_negative_fraction::decision::unsigned,average_precision,0.5789473684210527,0.3210526315789474,0.7368421052631579,0.5395826845219558,845,845,1155
placebo,all_alfworld,all,raw,D_adv_negative_fraction::decision::unsigned,auroc_large_change_vs_rest,0.5,0.5,0.5,0.5,845,845,1155
placebo,all_alfworld,all,raw,D_adv_negative_fraction::decision::unsigned,top_quartile_mean_absolute_delta,0.07964519594040265,0.05839079502096246,0.12669587424432177,0.08879262743216164,845,845,1155
placebo,all_alfworld,all,raw,D_adv_negative_fraction::decision::unsigned,top_quartile_lift,1.0,0.9999999999999997,1.0000000000000002,1.0,845,845,1155
placebo,all_alfworld,all,raw,C_raw::decision::reward,spearman,0.014059775667524076,-0.4150924144673651,0.22326567474494557,-0.09285394851729908,845,845,1155
placebo,all_alfworld,all,raw,C_raw::decision::reward,average_precision,0.6820925212636443,0.3504157913165266,0.737925154910449,0.5557135489860914,845,845,1155
placebo,all_alfworld,all,raw,C_raw::decision::reward,auroc_large_change_vs_rest,0.5795454545454546,0.21428571428571427,0.6770454545454544,0.44451535151239296,845,845,1155
placebo,all_alfworld,all,raw,C_raw::decision::reward,top_quartile_mean_absolute_delta,0.09242831541218638,0.047376582278481016,0.14878300547107137,0.09262367538017736,845,845,1155
placebo,all_alfworld,all,raw,C_raw::decision::reward,top_quartile_lift,1.1605008226905382,0.5716652374424389,1.676767234565851,1.0623515983494571,845,845,1155
placebo,all_alfworld,all,raw,C_raw::decision::unsigned,spearman,-0.17486845986483068,-0.3610694176333798,0.3036047417218307,-0.04175888571204561,845,845,1155
placebo,all_alfworld,all,raw,C_raw::decision::unsigned,average_precision,0.5665728136984821,0.3378203720299308,0.7364591699150523,0.5388722491344661,845,845,1155
placebo,all_alfworld,all,raw,C_raw::decision::unsigned,auroc_large_change_vs_rest,0.4318181818181818,0.2727272727272727,0.6704545454545454,0.47318502010809704,845,845,1155
placebo,all_alfworld,all,raw,C_raw::decision::unsigned,top_quartile_mean_absolute_delta,0.04764492753623188,0.01720788043478261,0.10523668831168831,0.05584318508332074,845,845,1155
placebo,all_alfworld,all,raw,C_raw::decision::unsigned,top_quartile_lift,0.5982147067838705,0.22732430358937866,1.1723458364283512,0.6321726481151712,845,845,1155
placebo,all_alfworld,all,raw,C_centered::decision::reward,spearman,-0.20298801119987886,-0.4564726708370337,0.25827443112332965,-0.0974946496713197,845,845,1155
placebo,all_alfworld,all,raw,C_centered::decision::reward,average_precision,0.512116538432328,0.33821357161285565,0.7271791252386122,0.5304652289437388,845,845,1155
placebo,all_alfworld,all,raw,C_centered::decision::reward,auroc_large_change_vs_rest,0.3522727272727273,0.23809523809523808,0.6700757575757574,0.4523803497620066,845,845,1155
placebo,all_alfworld,all,raw,C_centered::decision::reward,top_quartile_mean_absolute_delta,0.04812511390559504,0.014906025448419596,0.11349632121385893,0.05425260103754082,845,845,1155
placebo,all_alfworld,all,raw,C_centered::decision::reward,top_quartile_lift,0.6042437756271749,0.18036821151885152,1.1805018305694372,0.6126377845620085,845,845,1155
placebo,all_alfworld,all,raw,C_centered::decision::unsigned,spearman,-0.18014087574015222,-0.3308396325067744,0.4008686129693485,0.04002428254511331,845,845,1155
placebo,all_alfworld,all,raw,C_centered::decision::unsigned,average_precision,0.6222843934531241,0.34679884774422587,0.8447787159983513,0.6043640807381003,845,845,1155
placebo,all_alfworld,all,raw,C_centered::decision::unsigned,auroc_large_change_vs_rest,0.4318181818181818,0.28888888888888886,0.7261904761904762,0.5074245724689511,845,845,1155
placebo,all_alfworld,all,raw,C_centered::decision::unsigned,top_quartile_mean_absolute_delta,0.1009920634920635,0.05909124913987615,0.17874615384615386,0.1124214518136182,845,845,1155
placebo,all_alfworld,all,raw,C_centered::decision::unsigned,top_quartile_lift,1.2680245468619902,0.735519625577893,1.8974747365064533,1.2821783397465405,845,845,1155
placebo,all_alfworld,all,raw,C_adv_centered::decision::reward,spearman,-0.19156444347001553,-0.34433569699006333,0.3840884302484656,0.006996072692079652,845,845,1155
placebo,all_alfworld,all,raw,C_adv_centered::decision::reward,average_precision,0.581161627330358,0.3530979018401619,0.8520177168820742,0.593671374450992,845,845,1155
placebo,all_alfworld,all,raw,C_adv_centered::decision::reward,auroc_large_change_vs_rest,0.4431818181818182,0.25564102564102564,0.7272727272727273,0.48630936617623005,845,845,1155
placebo,all_alfworld,all,raw,C_adv_centered::decision::reward,top_quartile_mean_absolute_delta,0.11742831541218639,0.06782376006045546,0.18715794872305516,0.12495440555171175,845,845,1155
placebo,all_alfworld,all,raw,C_adv_centered::decision::reward,top_quartile_lift,1.4743929502045083,0.8599376929941143,2.111936001742892,1.4288440259680295,845,845,1155
placebo,all_alfworld,all,raw,C_adv_centered::decision::unsigned,spearman,-0.18014087574015222,-0.3308396325067744,0.4008686129693485,0.04002428254511331,845,845,1155
placebo,all_alfworld,all,raw,C_adv_centered::decision::unsigned,average_precision,0.6222843934531241,0.34679884774422587,0.8447787159983513,0.6043640807381003,845,845,1155
placebo,all_alfworld,all,raw,C_adv_centered::decision::unsigned,auroc_large_change_vs_rest,0.4318181818181818,0.28888888888888886,0.7261904761904762,0.5074245724689511,845,845,1155
placebo,all_alfworld,all,raw,C_adv_centered::decision::unsigned,top_quartile_mean_absolute_delta,0.1009920634920635,0.05909124913987615,0.17874615384615386,0.1124214518136182,845,845,1155
placebo,all_alfworld,all,raw,C_adv_centered::decision::unsigned,top_quartile_lift,1.2680245468619902,0.735519625577893,1.8974747365064533,1.2821783397465405,845,845,1155
placebo,all_alfworld,all,raw,M_delta_raw::decision::magnitude,spearman,0.34622197581278036,-0.29308311099226647,0.45667125507083883,0.10550239847259403,845,845,1155
placebo,all_alfworld,all,raw,M_delta_raw::decision::magnitude,average_precision,0.7065598839663011,0.35294753381661836,0.8602272470759866,0.6316498700642992,845,845,1155
placebo,all_alfworld,all,raw,M_delta_raw::decision::magnitude,auroc_large_change_vs_rest,0.6136363636363636,0.27155844155844155,0.7816239316239315,0.5379767668229207,845,845,1155
placebo,all_alfworld,all,raw,M_delta_raw::decision::magnitude,top_quartile_mean_absolute_delta,0.0938063063063063,0.02846284271284271,0.20195421290932228,0.10236019010999794,845,845,1155
placebo,all_alfworld,all,raw,M_delta_raw::decision::magnitude,top_quartile_lift,1.1778024424285454,0.39591853990397324,1.8675356362217588,1.1227449696837375,845,845,1155
placebo,all_alfworld,all,raw,M_delta_centered::decision::magnitude,spearman,0.2680144736621777,-0.339081193666778,0.4379676502859607,0.07057727274890291,845,845,1155
placebo,all_alfworld,all,raw,M_delta_centered::decision::magnitude,average_precision,0.7075260523789936,0.3682799145299145,0.8476849208654549,0.6292157914042328,845,845,1155
placebo,all_alfworld,all,raw,M_delta_centered::decision::magnitude,auroc_large_change_vs_rest,0.5340909090909091,0.26666666666666666,0.7618506493506493,0.5267806421060859,845,845,1155
placebo,all_alfworld,all,raw,M_delta_centered::decision::magnitude,top_quartile_mean_absolute_delta,0.08755630630630631,0.02416933725470311,0.19275964696223316,0.09453195570897188,845,845,1155
placebo,all_alfworld,all,raw,M_delta_centered::decision::magnitude,top_quartile_lift,1.099329410550053,0.33648814193670074,1.7971386626301293,1.0331575514390527,845,845,1155
placebo,all_alfworld,all,raw,M_original_norm::decision::magnitude,spearman,-0.12565924502849643,-0.47524690222212707,0.2601447695254217,-0.089204133971842,845,845,1155
placebo,all_alfworld,all,raw,M_original_norm::decision::magnitude,average_precision,0.4833397522357556,0.3178771813596006,0.7941302699884704,0.5557272151764495,845,845,1155
placebo,all_alfworld,all,raw,M_original_norm::decision::magnitude,auroc_large_change_vs_rest,0.2727272727272727,0.17045454545454544,0.6704545454545454,0.4339044830908736,845,845,1155
placebo,all_alfworld,all,raw,M_original_norm::decision::magnitude,top_quartile_mean_absolute_delta,0.05583333333333333,0.011797531512605042,0.16210962757443742,0.07033283675341946,845,845,1155
placebo,all_alfworld,all,raw,M_original_norm::decision::magnitude,top_quartile_lift,0.7010257514478665,0.16648868272961306,1.5502404614683891,0.7701672990372973,845,845,1155
placebo,all_alfworld,all,raw,M_control_norm::decision::magnitude,spearman,-0.6019341457658745,-0.7238974692296749,-0.0496174650500667,-0.40921622221194903,845,845,1155
placebo,all_alfworld,all,raw,M_control_norm::decision::magnitude,average_precision,0.44303120457426687,0.27965890834311885,0.6576333331455511,0.4683320966523123,845,845,1155
placebo,all_alfworld,all,raw,M_control_norm::decision::magnitude,auroc_large_change_vs_rest,0.19318181818181818,0.08388888888888889,0.5434090909090906,0.30240692903414795,845,845,1155
placebo,all_alfworld,all,raw,M_control_norm::decision::magnitude,top_quartile_mean_absolute_delta,0.024583333333333336,0.00908516081871345,0.08074427655677652,0.03727532482090753,845,845,1155
placebo,all_alfworld,all,raw,M_control_norm::decision::magnitude,top_quartile_lift,0.30866059205540397,0.11137346499379568,0.9008277073230861,0.4226587624363176,845,845,1155
placebo,all_alfworld,all,raw,M_kl::decision::magnitude,spearman,0.34885818375044114,0.026539065046474967,0.7017992696041954,0.36964198395978926,845,845,1155
placebo,all_alfworld,all,raw,M_kl::decision::magnitude,average_precision,0.773461505814447,0.5321265172735761,0.9342914438502673,0.7452904521147982,845,845,1155
placebo,all_alfworld,all,raw,M_kl::decision::magnitude,auroc_large_change_vs_rest,0.6590909090909091,0.45555555555555555,0.8777777777777778,0.6760580592977042,845,845,1155
placebo,all_alfworld,all,raw,M_kl::decision::magnitude,top_quartile_mean_absolute_delta,0.12527777777777777,0.07566360883268779,0.20289285714285715,0.13735493737570456,845,845,1155
placebo,all_alfworld,all,raw,M_kl::decision::magnitude,top_quartile_lift,1.572948327875561,0.9216010797884342,2.2711779046283236,1.5672802857113,845,845,1155
placebo,all_alfworld,all,raw,M_js::decision::magnitude,spearman,0.4156421181711805,0.018942915086718085,0.6992152132985636,0.37005000555141193,845,845,1155
placebo,all_alfworld,all,raw,M_js::decision::magnitude,average_precision,0.8269607843137254,0.5277130018674137,0.9355202966967673,0.7503739149389383,845,845,1155
placebo,all_alfworld,all,raw,M_js::decision::magnitude,auroc_large_change_vs_rest,0.7272727272727273,0.4666666666666667,0.8863636363636364,0.6792697260004952,845,845,1155
placebo,all_alfworld,all,raw,M_js::decision::magnitude,top_quartile_mean_absolute_delta,0.13991741741741742,0.08643586765537985,0.21005870109362756,0.14657726098965454,845,845,1155
placebo,all_alfworld,all,raw,M_js::decision::magnitude,top_quartile_lift,1.7567590331765348,1.0310971153935993,2.321411547355508,1.6747602659141565,845,845,1155
placebo,all_alfworld,all,raw,M_action_abs::decision::magnitude,spearman,0.4815473166126996,-0.06278302813806201,0.6969732366470988,0.32886202208285753,845,845,1155
placebo,all_alfworld,all,raw,M_action_abs::decision::magnitude,average_precision,0.8652439665597561,0.4499325521829392,0.9402930882818102,0.7307201873222932,845,845,1155
placebo,all_alfworld,all,raw,M_action_abs::decision::magnitude,auroc_large_change_vs_rest,0.7727272727272727,0.4090909090909091,0.9040584415584414,0.6668722155556475,845,845,1155
placebo,all_alfworld,all,raw,M_action_abs::decision::magnitude,top_quartile_mean_absolute_delta,0.1486674174174174,0.08644640191679664,0.21572530809759183,0.14929910544441757,845,845,1155
placebo,all_alfworld,all,raw,M_action_abs::decision::magnitude,top_quartile_lift,1.866621277806424,1.0583360315413881,2.450781498992559,1.7105939397297572,845,845,1155
placebo,all_alfworld,all,raw,D_original::game::reward,spearman,-0.24165239428557006,-0.619434101067853,0.11388418290694494,-0.24038719487293767,845,845,1155
placebo,all_alfworld,all,raw,D_original::game::reward,average_precision,0.5137365085894497,0.2823936369419563,0.7104142828077695,0.5018943534988294,845,845,1155
placebo,all_alfworld,all,raw,D_original::game::reward,auroc_large_change_vs_rest,0.375,0.1590909090909091,0.6136363636363636,0.3770581374575457,845,845,1155
placebo,all_alfworld,all,raw,D_original::game::reward,top_quartile_mean_absolute_delta,0.07041666666666666,0.010361533816425123,0.1840257352941176,0.0824208979719994,845,845,1155
placebo,all_alfworld,all,raw,D_original::game::reward,top_quartile_lift,0.8841294924976822,0.15334660289530755,1.6673685964482343,0.8909563395113527,845,845,1155
placebo,all_alfworld,all,raw,D_original::game::unsigned,spearman,-0.22407767470116496,-0.5831660061474245,0.20154554722968385,-0.18658530417865546,845,845,1155
placebo,all_alfworld,all,raw,D_original::game::unsigned,average_precision,0.5767279363536048,0.30084804919391384,0.7617192142008319,0.543156815991095,845,845,1155
placebo,all_alfworld,all,raw,D_original::game::unsigned,auroc_large_change_vs_rest,0.4090909090909091,0.15984848484848485,0.6587373737373736,0.40291534566682496,845,845,1155
placebo,all_alfworld,all,raw,D_original::game::unsigned,top_quartile_mean_absolute_delta,0.0625563063063063,0.02078661410898253,0.13857472237907018,0.06930267817748602,845,845,1155
placebo,all_alfworld,all,raw,D_original::game::unsigned,top_quartile_lift,0.7854372830360828,0.25723775278538474,1.4470428724128535,0.7752364330827579,845,845,1155
placebo,all_alfworld,all,raw,D_centered_gate::game::reward,spearman,-0.24165239428557006,-0.619434101067853,0.11388418290694494,-0.24038719487293767,845,845,1155
placebo,all_alfworld,all,raw,D_centered_gate::game::reward,average_precision,0.5137365085894497,0.2823936369419563,0.7104142828077695,0.5018943534988294,845,845,1155
placebo,all_alfworld,all,raw,D_centered_gate::game::reward,auroc_large_change_vs_rest,0.375,0.1590909090909091,0.6136363636363636,0.3770581374575457,845,845,1155
placebo,all_alfworld,all,raw,D_centered_gate::game::reward,top_quartile_mean_absolute_delta,0.07041666666666666,0.010361533816425123,0.1840257352941176,0.0824208979719994,845,845,1155
placebo,all_alfworld,all,raw,D_centered_gate::game::reward,top_quartile_lift,0.8841294924976822,0.15334660289530755,1.6673685964482343,0.8909563395113527,845,845,1155
placebo,all_alfworld,all,raw,D_centered_gate::game::unsigned,spearman,-0.22407767470116496,-0.5831660061474245,0.20154554722968385,-0.18658530417865546,845,845,1155
placebo,all_alfworld,all,raw,D_centered_gate::game::unsigned,average_precision,0.5767279363536048,0.30084804919391384,0.7617192142008319,0.543156815991095,845,845,1155
placebo,all_alfworld,all,raw,D_centered_gate::game::unsigned,auroc_large_change_vs_rest,0.4090909090909091,0.15984848484848485,0.6587373737373736,0.40291534566682496,845,845,1155
placebo,all_alfworld,all,raw,D_centered_gate::game::unsigned,top_quartile_mean_absolute_delta,0.0625563063063063,0.02078661410898253,0.13857472237907018,0.06930267817748602,845,845,1155
placebo,all_alfworld,all,raw,D_centered_gate::game::unsigned,top_quartile_lift,0.7854372830360828,0.25723775278538474,1.4470428724128535,0.7752364330827579,845,845,1155
placebo,all_alfworld,all,raw,D_ungated::game::reward,spearman,-0.12741671698693693,-0.6192312219975329,0.20169828813937438,-0.19047478993748054,845,845,1155
placebo,all_alfworld,all,raw,D_ungated::game::reward,average_precision,0.5509118332647744,0.29310256449070854,0.7714351374244951,0.5357959374421946,845,845,1155
placebo,all_alfworld,all,raw,D_ungated::game::reward,auroc_large_change_vs_rest,0.4090909090909091,0.15555555555555556,0.6419047619047618,0.3933131841859652,845,845,1155
placebo,all_alfworld,all,raw,D_ungated::game::reward,top_quartile_mean_absolute_delta,0.06041666666666666,0.001479779411764706,0.16031249999999997,0.06604062142806336,845,845,1155
placebo,all_alfworld,all,raw,D_ungated::game::reward,top_quartile_lift,0.7585726414920942,0.021700191410662328,1.4649182118166366,0.7067850870085851,845,845,1155
placebo,all_alfworld,all,raw,D_ungated::game::unsigned,spearman,0.18453455563625348,-0.4173239513335565,0.3875591336289928,-0.016552149430492977,845,845,1155
placebo,all_alfworld,all,raw,D_ungated::game::unsigned,average_precision,0.7218438424320778,0.35386591751710433,0.8148837788172152,0.6065008795556389,845,845,1155
placebo,all_alfworld,all,raw,D_ungated::game::unsigned,auroc_large_change_vs_rest,0.5681818181818182,0.23333333333333334,0.7157467532467532,0.47131863862633094,845,845,1155
placebo,all_alfworld,all,raw,D_ungated::game::unsigned,top_quartile_mean_absolute_delta,0.08547297297297297,0.020642091648189212,0.19092115126647202,0.08929337623405255,845,845,1155
placebo,all_alfworld,all,raw,D_ungated::game::unsigned,top_quartile_lift,1.0731717332572221,0.2625773090838803,1.7422735104725808,0.973844877994872,845,845,1155
placebo,all_alfworld,all,raw,D_signed::game::reward,spearman,-0.11423567729863311,-0.45308246656494877,0.2151710451824078,-0.09995620396198036,845,845,1155
placebo,all_alfworld,all,raw,D_signed::game::reward,average_precision,0.5247913636071531,0.2997337583051869,0.8077781429097218,0.5551877683829811,845,845,1155
placebo,all_alfworld,all,raw,D_signed::game::reward,auroc_large_change_vs_rest,0.3977272727272727,0.22727272727272727,0.6929112554112554,0.45947186935352613,845,845,1155
placebo,all_alfworld,all,raw,D_signed::game::reward,top_quartile_mean_absolute_delta,0.04988095238095238,0.010045080532212886,0.14225,0.06516468705602517,845,845,1155
placebo,all_alfworld,all,raw,D_signed::game::reward,top_quartile_lift,0.626289530611207,0.13409360195244058,1.445379851950403,0.7212054048349879,845,845,1155
placebo,all_alfworld,all,raw,D_signed::game::unsigned,spearman,0.36291795941796523,-0.10029257666414489,0.5278768634040166,0.21700172559316488,845,845,1155
placebo,all_alfworld,all,raw,D_signed::game::unsigned,average_precision,0.6593737367801539,0.3859264891854178,0.9000284331053563,0.6440049638241934,845,845,1155
placebo,all_alfworld,all,raw,D_signed::game::unsigned,auroc_large_change_vs_rest,0.5909090909090909,0.4004761904761905,0.840151515151515,0.6049211209566239,845,845,1155
placebo,all_alfworld,all,raw,D_signed::game::unsigned,top_quartile_mean_absolute_delta,0.08958333333333332,0.030719502277163302,0.19793437139392508,0.09917317361880168,845,845,1155
placebo,all_alfworld,all,raw,D_signed::game::unsigned,top_quartile_lift,1.124780123591726,0.43221954152018605,1.7762118679909007,1.086369824110383,845,845,1155
placebo,all_alfworld,all,raw,D_signed_gate::game::reward,spearman,-0.41827832610884125,-0.5457382022735804,0.14278954070849922,-0.2097338005642933,845,845,1155
placebo,all_alfworld,all,raw,D_signed_gate::game::reward,average_precision,0.46923908681930065,0.28382359703788274,0.7586981849849496,0.5170318155403063,845,845,1155
placebo,all_alfworld,all,raw,D_signed_gate::game::reward,auroc_large_change_vs_rest,0.2727272727272727,0.18888888888888888,0.6142207792207792,0.3980466476324464,845,845,1155
placebo,all_alfworld,all,raw,D_signed_gate::game::reward,top_quartile_mean_absolute_delta,0.04541666666666667,0.01146863908606921,0.12916820679320676,0.057191620440513555,845,845,1155
placebo,all_alfworld,all,raw,D_signed_gate::game::reward,top_quartile_lift,0.5702373649837124,0.15323872723435986,1.2589965451992875,0.6330352211550577,845,845,1155
placebo,all_alfworld,all,raw,D_signed_gate::game::unsigned,spearman,-0.06239025452463809,-0.3613415361908454,0.26635839422847296,-0.053457434774594505,845,845,1155
placebo,all_alfworld,all,raw,D_signed_gate::game::unsigned,average_precision,0.5786271808999082,0.33742269635126776,0.8002820871938517,0.5742793094925983,845,845,1155
placebo,all_alfworld,all,raw,D_signed_gate::game::unsigned,auroc_large_change_vs_rest,0.42045454545454547,0.30068181818181816,0.6815850815850815,0.4857310555979195,845,845,1155
placebo,all_alfworld,all,raw,D_signed_gate::game::unsigned,top_quartile_mean_absolute_delta,0.05833333333333333,0.02123444504892258,0.13550996271930568,0.06611566168628975,845,845,1155
placebo,all_alfworld,all,raw,D_signed_gate::game::unsigned,top_quartile_lift,0.7324149641992634,0.25450972198827226,1.3281166893314038,0.7388612875094035,845,845,1155
placebo,all_alfworld,all,raw,D_sign_balance::game::reward,spearman,-0.09402474977656726,-0.6065633931507469,0.1396147642057328,-0.2021384731958355,845,845,1155
placebo,all_alfworld,all,raw,D_sign_balance::game::reward,average_precision,0.5882151872582494,0.3081070062977958,0.7702561308905846,0.5628048758157677,845,845,1155
placebo,all_alfworld,all,raw,D_sign_balance::game::reward,auroc_large_change_vs_rest,0.3977272727272727,0.17857142857142858,0.6333333333333333,0.40974177860272537,845,845,1155
placebo,all_alfworld,all,raw,D_sign_balance::game::reward,top_quartile_mean_absolute_delta,0.07696428571428571,0.014220588235294119,0.1981904761904762,0.08981528466533471,845,845,1155
placebo,all_alfworld,all,raw,D_sign_balance::game::reward,top_quartile_lift,0.9663393354180078,0.18639687019740891,1.7936004710733044,0.9743385194284454,845,845,1155
placebo,all_alfworld,all,raw,D_sign_balance::game::unsigned,spearman,0.10808452544409133,-0.25968291322775744,0.5021654578668128,0.1353983122982504,845,845,1155
placebo,all_alfworld,all,raw,D_sign_balance::game::unsigned,average_precision,0.624991674991675,0.36396317550452895,0.9009882116309242,0.6361525905587386,845,845,1155
placebo,all_alfworld,all,raw,D_sign_balance::game::unsigned,auroc_large_change_vs_rest,0.5113636363636364,0.3333333333333333,0.8,0.5691646847564008,845,845,1155
placebo,all_alfworld,all,raw,D_sign_balance::game::unsigned,top_quartile_mean_absolute_delta,0.08125,0.02760038959767221,0.1760263157894737,0.09209227060254893,845,845,1155
placebo,all_alfworld,all,raw,D_sign_balance::game::unsigned,top_quartile_lift,1.0201494144204029,0.356491752338213,1.6951214988164716,1.0264007041154968,845,845,1155
placebo,all_alfworld,all,raw,D_negative_fraction::game::reward,spearman,-0.17662593182327121,-0.6814599412418146,0.15239702022419122,-0.2511064843242221,845,845,1155
placebo,all_alfworld,all,raw,D_negative_fraction::game::reward,average_precision,0.5879067827597239,0.29027791953488546,0.7153223491120163,0.5270030743153822,845,845,1155
placebo,all_alfworld,all,raw,D_negative_fraction::game::reward,auroc_large_change_vs_rest,0.3977272727272727,0.13095238095238096,0.6071428571428571,0.3703299396198804,845,845,1155
placebo,all_alfworld,all,raw,D_negative_fraction::game::reward,top_quartile_mean_absolute_delta,0.06041666666666666,0.001479779411764706,0.16031249999999997,0.06604062142806336,845,845,1155
placebo,all_alfworld,all,raw,D_negative_fraction::game::reward,top_quartile_lift,0.7585726414920942,0.021700191410662328,1.4649182118166366,0.7067850870085851,845,845,1155
placebo,all_alfworld,all,raw,D_negative_fraction::game::unsigned,spearman,0.01845345556362535,-0.5148874186506325,0.33427116649538463,-0.09538999589123147,845,845,1155
placebo,all_alfworld,all,raw,D_negative_fraction::game::unsigned,average_precision,0.6387573211102623,0.3217984555154686,0.804340310818639,0.5768331991087584,845,845,1155
placebo,all_alfworld,all,raw,D_negative_fraction::game::unsigned,auroc_large_change_vs_rest,0.48863636363636365,0.18181818181818182,0.7111111111111111,0.4386382174695784,845,845,1155
placebo,all_alfworld,all,raw,D_negative_fraction::game::unsigned,top_quartile_mean_absolute_delta,0.08338963963963963,0.016086910122900838,0.19209402412280702,0.0898720561562289,845,845,1155
placebo,all_alfworld,all,raw,D_negative_fraction::game::unsigned,top_quartile_lift,1.0470140559643912,0.23672229901408345,1.732209988976773,0.9786328817577093,845,845,1155
placebo,all_alfworld,all,raw,D_adv::game::reward,spearman,-0.12565924502849643,-0.44665377487611824,0.2780141618918131,-0.07751804792016943,845,845,1155
placebo,all_alfworld,all,raw,D_adv::game::reward,average_precision,0.5795089499423866,0.32321209320435323,0.8698360136985945,0.5901621619349943,845,845,1155
placebo,all_alfworld,all,raw,D_adv::game::reward,auroc_large_change_vs_rest,0.4090909090909091,0.24367521367521366,0.7373626373626372,0.47654233340623875,845,845,1155
placebo,all_alfworld,all,raw,D_adv::game::reward,top_quartile_mean_absolute_delta,0.07910392535392535,0.027054777669139374,0.19944800420168063,0.09747743854435363,845,845,1155
placebo,all_alfworld,all,raw,D_adv::game::reward,top_quartile_lift,0.9932039769619964,0.36254719369683597,1.8469426907125548,1.0756606077850082,845,845,1155
placebo,all_alfworld,all,raw,D_adv::game::unsigned,spearman,0.36291795941796523,-0.10029257666414489,0.5278768634040166,0.21700172559316488,845,845,1155
placebo,all_alfworld,all,raw,D_adv::game::unsigned,average_precision,0.6593737367801539,0.3859264891854178,0.9000284331053563,0.6440049638241934,845,845,1155
placebo,all_alfworld,all,raw,D_adv::game::unsigned,auroc_large_change_vs_rest,0.5909090909090909,0.4004761904761905,0.840151515151515,0.6049211209566239,845,845,1155
placebo,all_alfworld,all,raw,D_adv::game::unsigned,top_quartile_mean_absolute_delta,0.08958333333333332,0.030719502277163302,0.19793437139392508,0.09917317361880168,845,845,1155
placebo,all_alfworld,all,raw,D_adv::game::unsigned,top_quartile_lift,1.124780123591726,0.43221954152018605,1.7762118679909007,1.086369824110383,845,845,1155
placebo,all_alfworld,all,raw,D_adv_gate::game::reward,spearman,-0.5623910267009631,-0.5644615973286491,0.10743274939134578,-0.25499827735464603,845,845,1155
placebo,all_alfworld,all,raw,D_adv_gate::game::reward,average_precision,0.4515563469897836,0.2807721158638894,0.7625952966441178,0.5172946285392342,845,845,1155
placebo,all_alfworld,all,raw,D_adv_gate::game::reward,auroc_large_change_vs_rest,0.20454545454545456,0.1781818181818182,0.6,0.38348199138139966,845,845,1155
placebo,all_alfworld,all,raw,D_adv_gate::game::reward,top_quartile_mean_absolute_delta,0.04363095238095238,0.02147394091415831,0.11159548611111109,0.05969061288237527,845,845,1155
placebo,all_alfworld,all,raw,D_adv_gate::game::reward,top_quartile_lift,0.5478164987327144,0.25494401915551107,1.1994976443426064,0.6763092027532722,845,845,1155
placebo,all_alfworld,all,raw,D_adv_gate::game::unsigned,spearman,-0.06239025452463809,-0.3613415361908454,0.26635839422847296,-0.053457434774594505,845,845,1155
placebo,all_alfworld,all,raw,D_adv_gate::game::unsigned,average_precision,0.5786271808999082,0.33742269635126776,0.8002820871938517,0.5742793094925983,845,845,1155
placebo,all_alfworld,all,raw,D_adv_gate::game::unsigned,auroc_large_change_vs_rest,0.42045454545454547,0.30068181818181816,0.6815850815850815,0.4857310555979195,845,845,1155
placebo,all_alfworld,all,raw,D_adv_gate::game::unsigned,top_quartile_mean_absolute_delta,0.05833333333333333,0.02123444504892258,0.13550996271930568,0.06611566168628975,845,845,1155
placebo,all_alfworld,all,raw,D_adv_gate::game::unsigned,top_quartile_lift,0.7324149641992634,0.25450972198827226,1.3281166893314038,0.7388612875094035,845,845,1155
placebo,all_alfworld,all,raw,D_sqrtadv::game::reward,spearman,-0.2135328429505219,-0.5565072957969832,0.2018376225096882,-0.1723598863363503,845,845,1155
placebo,all_alfworld,all,raw,D_sqrtadv::game::reward,average_precision,0.5178206382540748,0.29591763171346325,0.8345302219814749,0.558210173909027,845,845,1155
placebo,all_alfworld,all,raw,D_sqrtadv::game::reward,auroc_large_change_vs_rest,0.3522727272727273,0.17972027972027974,0.6793956043956044,0.42703434796630063,845,845,1155
placebo,all_alfworld,all,raw,D_sqrtadv::game::reward,top_quartile_mean_absolute_delta,0.05613095238095238,0.014744047619047617,0.16737310606060607,0.0736460038161881,845,845,1155
placebo,all_alfworld,all,raw,D_sqrtadv::game::reward,top_quartile_lift,0.7047625624896995,0.19214614258399337,1.5706126013695936,0.8038128130358839,845,845,1155
placebo,all_alfworld,all,raw,D_sqrtadv::game::unsigned,spearman,0.36291795941796523,-0.10029257666414489,0.5278768634040166,0.21700172559316488,845,845,1155
placebo,all_alfworld,all,raw,D_sqrtadv::game::unsigned,average_precision,0.6593737367801539,0.3859264891854178,0.9000284331053563,0.6440049638241934,845,845,1155
placebo,all_alfworld,all,raw,D_sqrtadv::game::unsigned,auroc_large_change_vs_rest,0.5909090909090909,0.4004761904761905,0.840151515151515,0.6049211209566239,845,845,1155
placebo,all_alfworld,all,raw,D_sqrtadv::game::unsigned,top_quartile_mean_absolute_delta,0.08958333333333332,0.030719502277163302,0.19793437139392508,0.09917317361880168,845,845,1155
placebo,all_alfworld,all,raw,D_sqrtadv::game::unsigned,top_quartile_lift,1.124780123591726,0.43221954152018605,1.7762118679909007,1.086369824110383,845,845,1155
placebo,all_alfworld,all,raw,D_work::game::reward,spearman,-0.48681973248802113,-0.6000890751773039,0.008549849434140862,-0.316820318179587,845,845,1155
placebo,all_alfworld,all,raw,D_work::game::reward,average_precision,0.525560373266537,0.30067174238116295,0.7624867703759864,0.5159695211019895,845,845,1155
placebo,all_alfworld,all,raw,D_work::game::reward,auroc_large_change_vs_rest,0.3522727272727273,0.14772727272727273,0.5909090909090909,0.3596981043282818,845,845,1155
placebo,all_alfworld,all,raw,D_work::game::reward,top_quartile_mean_absolute_delta,0.035483870967741936,0.018680006587615282,0.08265746230420143,0.04558387195876164,845,845,1155
placebo,all_alfworld,all,raw,D_work::game::reward,top_quartile_lift,0.4455243100198285,0.2152852821873525,0.9371567033200047,0.5210455702346076,845,845,1155
placebo,all_alfworld,all,raw,D_work::game::unsigned,spearman,0.28119551335048154,-0.22983332065271844,0.5346953135511822,0.15165429465942412,845,845,1155
placebo,all_alfworld,all,raw,D_work::game::unsigned,average_precision,0.7706622848334078,0.4392648119854002,0.8877603925071031,0.6893695906014804,845,845,1155
placebo,all_alfworld,all,raw,D_work::game::unsigned,auroc_large_change_vs_rest,0.6363636363636364,0.3445238095238095,0.7954545454545454,0.5751915671442299,845,845,1155
placebo,all_alfworld,all,raw,D_work::game::unsigned,top_quartile_mean_absolute_delta,0.13402777777777777,0.07487792207792208,0.22461900303643725,0.14029846696812862,845,845,1155
placebo,all_alfworld,all,raw,D_work::game::unsigned,top_quartile_lift,1.6828105725054507,0.9443339731430007,2.251810395955272,1.5893267925403773,845,845,1155
placebo,all_alfworld,all,raw,D_work_gate::game::reward,spearman,-0.38752256683613234,-0.7338972163349484,-0.05128441537231215,-0.3824381008095587,845,845,1155
placebo,all_alfworld,all,raw,D_work_gate::game::reward,average_precision,0.5815680020014384,0.29374448942869996,0.7049428138142756,0.5109083834514643,845,845,1155
placebo,all_alfworld,all,raw,D_work_gate::game::reward,auroc_large_change_vs_rest,0.3409090909090909,0.11666666666666667,0.5340151515151514,0.3214213646314238,845,845,1155
placebo,all_alfworld,all,raw,D_work_gate::game::reward,top_quartile_mean_absolute_delta,0.06673387096774194,0.006273148148148148,0.16464285714285712,0.06824634280217336,845,845,1155
placebo,all_alfworld,all,raw,D_work_gate::game::reward,top_quartile_lift,0.8378894694122913,0.08626339457184933,1.4763691787882,0.7347083400748619,845,845,1155
placebo,all_alfworld,all,raw,D_work_gate::game::unsigned,spearman,0.12214430111161541,-0.3426080989950506,0.3150235298088383,-0.0005065707764212652,845,845,1155
placebo,all_alfworld,all,raw,D_work_gate::game::unsigned,average_precision,0.5782941805669078,0.3579251999842999,0.7515764881127277,0.5549193575861122,845,845,1155
placebo,all_alfworld,all,raw,D_work_gate::game::unsigned,auroc_large_change_vs_rest,0.5,0.3,0.7014610389610387,0.4980553716500462,845,845,1155
placebo,all_alfworld,all,raw,D_work_gate::game::unsigned,top_quartile_mean_absolute_delta,0.05833333333333333,0.02123444504892258,0.13550996271930568,0.06611566168628975,845,845,1155
placebo,all_alfworld,all,raw,D_work_gate::game::unsigned,top_quartile_lift,0.7324149641992634,0.25450972198827226,1.3281166893314038,0.7388612875094035,845,845,1155
placebo,all_alfworld,all,raw,D_cos_raw::game::reward,spearman,-0.32161736839461325,-0.4956058458305365,0.1394381282740261,-0.1752426323768384,845,845,1155
placebo,all_alfworld,all,raw,D_cos_raw::game::reward,average_precision,0.47059841603185243,0.2855270583267045,0.7830704057795778,0.5359832797827287,845,845,1155
placebo,all_alfworld,all,raw,D_cos_raw::game::reward,auroc_large_change_vs_rest,0.2727272727272727,0.2,0.6444444444444445,0.4164843719725376,845,845,1155
placebo,all_alfworld,all,raw,D_cos_raw::game::reward,top_quartile_mean_absolute_delta,0.033355528652138824,0.014311970131545603,0.10681292286068228,0.05042361390661933,845,845,1155
placebo,all_alfworld,all,raw,D_cos_raw::game::reward,top_quartile_lift,0.4188015141189217,0.19739499008030714,1.0747376649184213,0.5695165510723361,845,845,1155
placebo,all_alfworld,all,raw,D_cos_raw::game::unsigned,spearman,0.4718812208412768,-0.08079040868271914,0.6006440026210664,0.25608474590534963,845,845,1155
placebo,all_alfworld,all,raw,D_cos_raw::game::unsigned,average_precision,0.7127796445978265,0.39886882958311526,0.926098583417588,0.6756153356198951,845,845,1155
placebo,all_alfworld,all,raw,D_cos_raw::game::unsigned,auroc_large_change_vs_rest,0.6590909090909091,0.41722222222222227,0.846062271062271,0.6308093796407406,845,845,1155
placebo,all_alfworld,all,raw,D_cos_raw::game::unsigned,top_quartile_mean_absolute_delta,0.09166666666666666,0.03496978021978022,0.20909325396825387,0.10441175309372103,845,845,1155
placebo,all_alfworld,all,raw,D_cos_raw::game::unsigned,top_quartile_lift,1.150937800884557,0.49602181447264215,1.8571050861226908,1.1456824975545636,845,845,1155
placebo,all_alfworld,all,raw,D_cos_centered::game::reward,spearman,-0.16256615615574713,-0.4656039801300811,0.21069452070138958,-0.11675137287237812,845,845,1155
placebo,all_alfworld,all,raw,D_cos_centered::game::reward,average_precision,0.5093431754316922,0.2934410091787911,0.8047342703592703,0.5504723518474505,845,845,1155
placebo,all_alfworld,all,raw,D_cos_centered::game::reward,auroc_large_change_vs_rest,0.36363636363636365,0.21794871794871795,0.6704545454545454,0.44865882309669297,845,845,1155
placebo,all_alfworld,all,raw,D_cos_centered::game::reward,top_quartile_mean_absolute_delta,0.04988095238095238,0.010045080532212886,0.14225,0.06516468705602517,845,845,1155
placebo,all_alfworld,all,raw,D_cos_centered::game::reward,top_quartile_lift,0.626289530611207,0.13409360195244058,1.445379851950403,0.7212054048349879,845,845,1155
placebo,all_alfworld,all,raw,D_cos_centered::game::unsigned,spearman,0.38312888694003105,-0.08589675043189401,0.5557176447256293,0.23767760880770478,845,845,1155
placebo,all_alfworld,all,raw,D_cos_centered::game::unsigned,average_precision,0.6654343428407599,0.39317541941155204,0.9145702445702446,0.6654434006596557,845,845,1155
placebo,all_alfworld,all,raw,D_cos_centered::game::unsigned,auroc_large_change_vs_rest,0.6022727272727273,0.4090909090909091,0.8428571428571429,0.6199989573214425,845,845,1155
placebo,all_alfworld,all,raw,D_cos_centered::game::unsigned,top_quartile_mean_absolute_delta,0.08541666666666667,0.031971039571633796,0.1872429612870789,0.09675217015529192,845,845,1155
placebo,all_alfworld,all,raw,D_cos_centered::game::unsigned,top_quartile_lift,1.0724647690060645,0.4457709505507223,1.7704664014499865,1.08092537379684,845,845,1155
placebo,all_alfworld,all,raw,D_cos_centered_gate::game::reward,spearman,-0.37346279116860825,-0.5408423308510738,0.16620119838877406,-0.199048826092178,845,845,1155
placebo,all_alfworld,all,raw,D_cos_centered_gate::game::reward,average_precision,0.4820987019516431,0.28008919418583283,0.7669306627079737,0.521394710678876,845,845,1155
placebo,all_alfworld,all,raw,D_cos_centered_gate::game::reward,auroc_large_change_vs_rest,0.3068181818181818,0.18888888888888888,0.6328571428571427,0.40586905205248397,845,845,1155
placebo,all_alfworld,all,raw,D_cos_centered_gate::game::reward,top_quartile_mean_absolute_delta,0.04988095238095238,0.010045080532212886,0.14225,0.06516468705602517,845,845,1155
placebo,all_alfworld,all,raw,D_cos_centered_gate::game::reward,top_quartile_lift,0.626289530611207,0.13409360195244058,1.445379851950403,0.7212054048349879,845,845,1155
placebo,all_alfworld,all,raw,D_cos_centered_gate::game::unsigned,spearman,-0.011423567729863311,-0.33024256152211406,0.2708563013780403,-0.03470660139223255,845,845,1155
placebo,all_alfworld,all,raw,D_cos_centered_gate::game::unsigned,average_precision,0.5915697938425211,0.3449050536427987,0.8223262554752938,0.5837515699978935,845,845,1155
placebo,all_alfworld,all,raw,D_cos_centered_gate::game::unsigned,auroc_large_change_vs_rest,0.45454545454545453,0.3,0.7023809523809523,0.4932600765441002,845,845,1155
placebo,all_alfworld,all,raw,D_cos_centered_gate::game::unsigned,top_quartile_mean_absolute_delta,0.05833333333333333,0.02123444504892258,0.13550996271930568,0.06611566168628975,845,845,1155
placebo,all_alfworld,all,raw,D_cos_centered_gate::game::unsigned,top_quartile_lift,0.7324149641992634,0.25450972198827226,1.3281166893314038,0.7388612875094035,845,845,1155
placebo,all_alfworld,all,raw,D_cos_adv::game::reward,spearman,-0.10632705348565083,-0.43040493818007974,0.3026550005422289,-0.05858944990049972,845,845,1155
placebo,all_alfworld,all,raw,D_cos_adv::game::reward,average_precision,0.5537290925448819,0.32511829362158307,0.8727599903067818,0.5905845882999149,845,845,1155
placebo,all_alfworld,all,raw,D_cos_adv::game::reward,auroc_large_change_vs_rest,0.3977272727272727,0.24444444444444444,0.75,0.4849249632681585,845,845,1155
placebo,all_alfworld,all,raw,D_cos_adv::game::reward,top_quartile_mean_absolute_delta,0.07910392535392535,0.027054777669139374,0.19944800420168063,0.09747743854435363,845,845,1155
placebo,all_alfworld,all,raw,D_cos_adv::game::reward,top_quartile_lift,0.9932039769619964,0.36254719369683597,1.8469426907125548,1.0756606077850082,845,845,1155
placebo,all_alfworld,all,raw,D_cos_adv::game::unsigned,spearman,0.38312888694003105,-0.08589675043189401,0.5557176447256293,0.23767760880770478,845,845,1155
placebo,all_alfworld,all,raw,D_cos_adv::game::unsigned,average_precision,0.6654343428407599,0.39317541941155204,0.9145702445702446,0.6654434006596557,845,845,1155
placebo,all_alfworld,all,raw,D_cos_adv::game::unsigned,auroc_large_change_vs_rest,0.6022727272727273,0.4090909090909091,0.8428571428571429,0.6199989573214425,845,845,1155
placebo,all_alfworld,all,raw,D_cos_adv::game::unsigned,top_quartile_mean_absolute_delta,0.08541666666666667,0.031971039571633796,0.1872429612870789,0.09675217015529192,845,845,1155
placebo,all_alfworld,all,raw,D_cos_adv::game::unsigned,top_quartile_lift,1.0724647690060645,0.4457709505507223,1.7704664014499865,1.08092537379684,845,845,1155
placebo,all_alfworld,all,raw,D_cos_negative::game::reward,spearman,-0.22671388263882572,-0.6262323368387422,0.1470009076349208,-0.23159869489824994,845,845,1155
placebo,all_alfworld,all,raw,D_cos_negative::game::reward,average_precision,0.5080743677000362,0.2890364344118214,0.7355484329581139,0.5125305126902866,845,845,1155
placebo,all_alfworld,all,raw,D_cos_negative::game::reward,auroc_large_change_vs_rest,0.375,0.14772727272727273,0.6186813186813186,0.37659760522186553,845,845,1155
placebo,all_alfworld,all,raw,D_cos_negative::game::reward,top_quartile_mean_absolute_delta,0.07041666666666666,0.010361533816425123,0.1840257352941176,0.0824208979719994,845,845,1155
placebo,all_alfworld,all,raw,D_cos_negative::game::reward,top_quartile_lift,0.8841294924976822,0.15334660289530755,1.6673685964482343,0.8909563395113527,845,845,1155
placebo,all_alfworld,all,raw,D_cos_negative::game::unsigned,spearman,0.22847135459726622,-0.3792055454234855,0.4242517996589272,0.02375297419334856,845,845,1155
placebo,all_alfworld,all,raw,D_cos_negative::game::unsigned,average_precision,0.7420819376701729,0.3636275535855368,0.836400801477095,0.6213061727448079,845,845,1155
placebo,all_alfworld,all,raw,D_cos_negative::game::unsigned,auroc_large_change_vs_rest,0.5909090909090909,0.25,0.7380952380952381,0.48889853736007577,845,845,1155
placebo,all_alfworld,all,raw,D_cos_negative::game::unsigned,top_quartile_mean_absolute_delta,0.1549174174174174,0.0760907003735951,0.2635067448031843,0.15676348889522126,845,845,1155
placebo,all_alfworld,all,raw,D_cos_negative::game::unsigned,top_quartile_lift,1.9450943096849167,1.0234105090494061,2.469385550688333,1.7543633023494596,845,845,1155
placebo,all_alfworld,all,raw,D_soft::game::reward,spearman,-0.607206561641196,-0.5593194398331445,0.09892938305619058,-0.24489983336853852,845,845,1155
placebo,all_alfworld,all,raw,D_soft::game::reward,average_precision,0.4338343408319485,0.28277690980698494,0.7245828023271631,0.4986780222754732,845,845,1155
placebo,all_alfworld,all,raw,D_soft::game::reward,auroc_large_change_vs_rest,0.1590909090909091,0.17857142857142858,0.5893406593406593,0.3848010224489514,845,845,1155
placebo,all_alfworld,all,raw,D_soft::game::reward,top_quartile_mean_absolute_delta,0.03321428571428571,0.016037545787545786,0.11090665849673201,0.05365530575962156,845,845,1155
placebo,all_alfworld,all,raw,D_soft::game::reward,top_quartile_lift,0.4170281122685602,0.2049147714994895,1.1601095776648485,0.6052043681237698,845,845,1155
placebo,all_alfworld,all,raw,D_soft::game::unsigned,spearman,-0.4059760223997577,-0.4271846622884027,0.1876132418069812,-0.13718199754115817,845,845,1155
placebo,all_alfworld,all,raw,D_soft::game::unsigned,average_precision,0.4563269989072128,0.30693710817660397,0.795350213511978,0.5383105999687717,845,845,1155
placebo,all_alfworld,all,raw,D_soft::game::unsigned,auroc_large_change_vs_rest,0.23863636363636365,0.25,0.6547727272727271,0.440482569698546,845,845,1155
placebo,all_alfworld,all,raw,D_soft::game::unsigned,top_quartile_mean_absolute_delta,0.041666666666666664,0.020414056867795835,0.09888344914262598,0.05460628038988613,845,845,1155
placebo,all_alfworld,all,raw,D_soft::game::unsigned,top_quartile_lift,0.5231535458566168,0.25092111935878375,1.101691617268192,0.6228602507981853,845,845,1155
placebo,all_alfworld,all,raw,D_soft_negative::game::reward,spearman,-0.32864725622837526,-0.6380931010467856,0.08546338434472807,-0.27210403851392584,845,845,1155
placebo,all_alfworld,all,raw,D_soft_negative::game::reward,average_precision,0.4873876049678189,0.27466828971804647,0.7101277311600347,0.4951325884387714,845,845,1155
placebo,all_alfworld,all,raw,D_soft_negative::game::reward,auroc_large_change_vs_rest,0.3068181818181818,0.14285714285714285,0.5883333333333333,0.3582660633252349,845,845,1155
placebo,all_alfworld,all,raw,D_soft_negative::game::reward,top_quartile_mean_absolute_delta,0.07041666666666666,0.010361533816425123,0.1840257352941176,0.0824208979719994,845,845,1155
placebo,all_alfworld,all,raw,D_soft_negative::game::reward,top_quartile_lift,0.8841294924976822,0.15334660289530755,1.6673685964482343,0.8909563395113527,845,845,1155
placebo,all_alfworld,all,raw,D_soft_negative::game::unsigned,spearman,-0.42179327002572226,-0.663914097738136,0.14543414256232692,-0.2649665115763425,845,845,1155
placebo,all_alfworld,all,raw,D_soft_negative::game::unsigned,average_precision,0.5279303955106094,0.28847990828032843,0.76335490725338,0.52747891362935,845,845,1155
placebo,all_alfworld,all,raw,D_soft_negative::game::unsigned,auroc_large_change_vs_rest,0.2840909090909091,0.125,0.6142857142857143,0.3628445223415637,845,845,1155
placebo,all_alfworld,all,raw,D_soft_negative::game::unsigned,top_quartile_mean_absolute_delta,0.04375,0.010465298885511651,0.12270711535142598,0.053878157772522896,845,845,1155
placebo,all_alfworld,all,raw,D_soft_negative::game::unsigned,top_quartile_lift,0.5493112231494476,0.12968747974033845,1.2461585626417613,0.5977640603411558,845,845,1155
placebo,all_alfworld,all,raw,D_soft_cos::game::reward,spearman,-0.5817232182438087,-0.5704056034716216,0.08848463548349264,-0.2487148829847049,845,845,1155
placebo,all_alfworld,all,raw,D_soft_cos::game::reward,average_precision,0.44341718223297166,0.28344725137018373,0.725752809568599,0.5002977666380569,845,845,1155
placebo,all_alfworld,all,raw,D_soft_cos::game::reward,auroc_large_change_vs_rest,0.19318181818181818,0.17857142857142858,0.5995238095238093,0.38536318546673576,845,845,1155
placebo,all_alfworld,all,raw,D_soft_cos::game::reward,top_quartile_mean_absolute_delta,0.03321428571428571,0.016037545787545786,0.11090665849673201,0.05365530575962156,845,845,1155
placebo,all_alfworld,all,raw,D_soft_cos::game::reward,top_quartile_lift,0.4170281122685602,0.2049147714994895,1.1601095776648485,0.6052043681237698,845,845,1155
placebo,all_alfworld,all,raw,D_soft_cos::game::unsigned,spearman,-0.23813745036868902,-0.3675415741080459,0.18815686747163968,-0.09707207129979911,845,845,1155
placebo,all_alfworld,all,raw,D_soft_cos::game::unsigned,average_precision,0.4829672778202189,0.3132761437908497,0.7954579451468592,0.5461861830835422,845,845,1155
placebo,all_alfworld,all,raw,D_soft_cos::game::unsigned,auroc_large_change_vs_rest,0.3068181818181818,0.27380952380952384,0.6713311688311687,0.4584811424604325,845,845,1155
placebo,all_alfworld,all,raw,D_soft_cos::game::unsigned,top_quartile_mean_absolute_delta,0.041666666666666664,0.020414056867795835,0.09888344914262598,0.05460628038988613,845,845,1155
placebo,all_alfworld,all,raw,D_soft_cos::game::unsigned,top_quartile_lift,0.5231535458566168,0.25092111935878375,1.101691617268192,0.6228602507981853,845,845,1155
placebo,all_alfworld,all,raw,D_sigmoid::game::reward,spearman,-0.42618694992182354,-0.5517375962764461,0.13358597283593965,-0.2071895286825016,845,845,1155
placebo,all_alfworld,all,raw,D_sigmoid::game::reward,average_precision,0.4654356866044173,0.28092463043369725,0.7696255653531194,0.522379076653882,845,845,1155
placebo,all_alfworld,all,raw,D_sigmoid::game::reward,auroc_large_change_vs_rest,0.25,0.19065934065934065,0.6282142857142856,0.40469858051219,845,845,1155
placebo,all_alfworld,all,raw,D_sigmoid::game::reward,top_quartile_mean_absolute_delta,0.04988095238095238,0.010045080532212886,0.14225,0.06516468705602517,845,845,1155
placebo,all_alfworld,all,raw,D_sigmoid::game::reward,top_quartile_lift,0.626289530611207,0.13409360195244058,1.445379851950403,0.7212054048349879,845,845,1155
placebo,all_alfworld,all,raw,D_sigmoid::game::unsigned,spearman,0.03251323123114942,-0.28669784169461926,0.323339300058754,0.011084548373053917,845,845,1155
placebo,all_alfworld,all,raw,D_sigmoid::game::unsigned,average_precision,0.5962807691417317,0.3519674862952174,0.8543843105423986,0.6007717845761434,845,845,1155
placebo,all_alfworld,all,raw,D_sigmoid::game::unsigned,auroc_large_change_vs_rest,0.4659090909090909,0.3185064935064935,0.7289772727272726,0.5163040164963242,845,845,1155
placebo,all_alfworld,all,raw,D_sigmoid::game::unsigned,top_quartile_mean_absolute_delta,0.06666666666666667,0.028934867216117217,0.15222413352133307,0.07918247556223515,845,845,1155
placebo,all_alfworld,all,raw,D_sigmoid::game::unsigned,top_quartile_lift,0.8370456733705869,0.3621311700686901,1.5168887279077703,0.8877613791982689,845,845,1155
placebo,all_alfworld,all,raw,D_tauC_q25::game::reward,spearman,-0.39543119064911464,-0.5238319150552202,0.1792268310571555,-0.18730185548956318,845,845,1155
placebo,all_alfworld,all,raw,D_tauC_q25::game::reward,average_precision,0.4752996928799067,0.29019537885084107,0.726075493448231,0.5078194240938122,845,845,1155
placebo,all_alfworld,all,raw,D_tauC_q25::game::reward,auroc_large_change_vs_rest,0.2840909090909091,0.19386363636363638,0.6282142857142856,0.410576719467252,845,845,1155
placebo,all_alfworld,all,raw,D_tauC_q25::game::reward,top_quartile_mean_absolute_delta,0.04988095238095238,0.010045080532212886,0.14225,0.06516468705602517,845,845,1155
placebo,all_alfworld,all,raw,D_tauC_q25::game::reward,top_quartile_lift,0.626289530611207,0.13409360195244058,1.445379851950403,0.7212054048349879,845,845,1155
placebo,all_alfworld,all,raw,D_tauC_q25::game::unsigned,spearman,-0.04920921483633427,-0.32684385849586417,0.34348827825654643,-0.0031573708190774314,845,845,1155
placebo,all_alfworld,all,raw,D_tauC_q25::game::unsigned,average_precision,0.5818563047172672,0.34270606921867425,0.8415423580002199,0.5986255416998714,845,845,1155
placebo,all_alfworld,all,raw,D_tauC_q25::game::unsigned,auroc_large_change_vs_rest,0.42045454545454547,0.3185064935064935,0.7272727272727273,0.5114353972785926,845,845,1155
placebo,all_alfworld,all,raw,D_tauC_q25::game::unsigned,top_quartile_mean_absolute_delta,0.06666666666666667,0.028934867216117217,0.15222413352133307,0.07918247556223515,845,845,1155
placebo,all_alfworld,all,raw,D_tauC_q25::game::unsigned,top_quartile_lift,0.8370456733705869,0.3621311700686901,1.5168887279077703,0.8877613791982689,845,845,1155
placebo,all_alfworld,all,raw,D_tauC_q50::game::reward,spearman,-0.5615122907217428,-0.5652025757763293,0.18317443947215267,-0.2088897060806176,845,845,1155
placebo,all_alfworld,all,raw,D_tauC_q50::game::reward,average_precision,0.456101801535238,0.2926423525949455,0.736409269152014,0.5162851499860197,845,845,1155
placebo,all_alfworld,all,raw,D_tauC_q50::game::reward,auroc_large_change_vs_rest,0.2159090909090909,0.2,0.6278846153846153,0.40850158881223975,845,845,1155
placebo,all_alfworld,all,raw,D_tauC_q50::game::reward,top_quartile_mean_absolute_delta,0.03321428571428571,0.016037545787545786,0.11090665849673201,0.05365530575962156,845,845,1155
placebo,all_alfworld,all,raw,D_tauC_q50::game::reward,top_quartile_lift,0.4170281122685602,0.2049147714994895,1.1601095776648485,0.6052043681237698,845,845,1155
placebo,all_alfworld,all,raw,D_tauC_q50::game::unsigned,spearman,-0.48594099650880085,-0.4372093353757713,0.22545609529626987,-0.11229636581595147,845,845,1155
placebo,all_alfworld,all,raw,D_tauC_q50::game::unsigned,average_precision,0.4429759560107154,0.31710299504417155,0.8062097018294496,0.5467237507492299,845,845,1155
placebo,all_alfworld,all,raw,D_tauC_q50::game::unsigned,auroc_large_change_vs_rest,0.19318181818181818,0.25,0.6666666666666666,0.44758841749966005,845,845,1155
placebo,all_alfworld,all,raw,D_tauC_q50::game::unsigned,top_quartile_mean_absolute_delta,0.04583333333333333,0.02681643565472166,0.1111047365820678,0.06301319471308854,845,845,1155
placebo,all_alfworld,all,raw,D_tauC_q50::game::unsigned,top_quartile_lift,0.5754689004422785,0.3226591187247647,1.2019790668385533,0.7172356728057073,845,845,1155
placebo,all_alfworld,all,raw,D_tauC_q75::game::reward,spearman,-0.5560444395026813,-0.5351444415956643,0.1689267436463433,-0.19457405943344142,845,845,1155
placebo,all_alfworld,all,raw,D_tauC_q75::game::reward,average_precision,0.42973451908506793,0.29992800285369947,0.7337665534499899,0.5097784727500321,845,845,1155
placebo,all_alfworld,all,raw,D_tauC_q75::game::reward,auroc_large_change_vs_rest,0.14772727272727273,0.19642857142857142,0.6306818181818182,0.4058353792821249,845,845,1155
placebo,all_alfworld,all,raw,D_tauC_q75::game::reward,top_quartile_mean_absolute_delta,0.03752219531880548,0.01611607142857143,0.113207299236711,0.05508351345936232,845,845,1155
placebo,all_alfworld,all,raw,D_tauC_q75::game::reward,top_quartile_lift,0.4711168687045833,0.20002818859453872,1.2067985211717007,0.6240412207536796,845,845,1155
placebo,all_alfworld,all,raw,D_tauC_q75::game::unsigned,spearman,-0.5454949797808913,-0.44081342475759605,0.23271508004898675,-0.12465192953641561,845,845,1155
placebo,all_alfworld,all,raw,D_tauC_q75::game::unsigned,average_precision,0.432658495693255,0.3068259280402138,0.8012386992406788,0.5350213014685217,845,845,1155
placebo,all_alfworld,all,raw,D_tauC_q75::game::unsigned,auroc_large_change_vs_rest,0.1590909090909091,0.23102564102564105,0.6498809523809523,0.4361878325487793,845,845,1155
placebo,all_alfworld,all,raw,D_tauC_q75::game::unsigned,top_quartile_mean_absolute_delta,0.04583333333333333,0.02681643565472166,0.1111047365820678,0.06301319471308854,845,845,1155
placebo,all_alfworld,all,raw,D_tauC_q75::game::unsigned,top_quartile_lift,0.5754689004422785,0.3226591187247647,1.2019790668385533,0.7172356728057073,845,845,1155
placebo,all_alfworld,all,raw,D_delta_q25::game::reward,spearman,-0.13181039688303822,-0.5200781704464814,0.1700885696533906,-0.14992890137687584,845,845,1155
placebo,all_alfworld,all,raw,D_delta_q25::game::reward,average_precision,0.5294953272014911,0.2929729770696157,0.7620596508754403,0.5567187237128958,845,845,1155
placebo,all_alfworld,all,raw,D_delta_q25::game::reward,auroc_large_change_vs_rest,0.38636363636363635,0.20238095238095238,0.6666666666666666,0.43815642936944715,845,845,1155
placebo,all_alfworld,all,raw,D_delta_q25::game::reward,top_quartile_mean_absolute_delta,0.05166666666666666,0.013428475935828877,0.13715292782552843,0.0628608941017889,845,845,1155
placebo,all_alfworld,all,raw,D_delta_q25::game::reward,top_quartile_lift,0.6487103968622048,0.16940864031137065,1.3074408904247137,0.6989191843747946,845,845,1155
placebo,all_alfworld,all,raw,D_delta_q25::game::unsigned,spearman,0.324253576332274,-0.11982153629411521,0.5319691407087642,0.21759864458560896,845,845,1155
placebo,all_alfworld,all,raw,D_delta_q25::game::unsigned,average_precision,0.6648954877564504,0.3766734257805686,0.887696262071262,0.6421707621518661,845,845,1155
placebo,all_alfworld,all,raw,D_delta_q25::game::unsigned,auroc_large_change_vs_rest,0.5568181818181818,0.38661616161616164,0.8111111111111111,0.6001028113897936,845,845,1155
placebo,all_alfworld,all,raw,D_delta_q25::game::unsigned,top_quartile_mean_absolute_delta,0.08958333333333332,0.030719502277163302,0.19793437139392508,0.09917317361880168,845,845,1155
placebo,all_alfworld,all,raw,D_delta_q25::game::unsigned,top_quartile_lift,1.124780123591726,0.43221954152018605,1.7762118679909007,1.086369824110383,845,845,1155
placebo,all_alfworld,all,raw,D_delta_q50::game::reward,spearman,0.02548334339738739,-0.3964757022266816,0.3065501909203262,-0.028681364749546075,845,845,1155
placebo,all_alfworld,all,raw,D_delta_q50::game::reward,average_precision,0.6123637585324893,0.3228302545714642,0.8368520530434083,0.6064689345133876,845,845,1155
placebo,all_alfworld,all,raw,D_delta_q50::game::reward,auroc_large_change_vs_rest,0.45454545454545453,0.2840909090909091,0.7111111111111111,0.498406274855979,845,845,1155
placebo,all_alfworld,all,raw,D_delta_q50::game::reward,top_quartile_mean_absolute_delta,0.08291666666666667,0.021361607142857144,0.20167405492898907,0.09591840603430082,845,845,1155
placebo,all_alfworld,all,raw,D_delta_q50::game::reward,top_quartile_lift,1.0410755562546674,0.30419106545149316,1.7860104883925727,1.046427720975774,845,845,1155
placebo,all_alfworld,all,raw,D_delta_q50::game::unsigned,spearman,0.23637997841024852,-0.22083443940127798,0.442312394736142,0.11894706300554006,845,845,1155
placebo,all_alfworld,all,raw,D_delta_q50::game::unsigned,average_precision,0.6525890775890776,0.3776336367880485,0.878300011671335,0.6312377143373482,845,845,1155
placebo,all_alfworld,all,raw,D_delta_q50::game::unsigned,auroc_large_change_vs_rest,0.5227272727272727,0.3557142857142857,0.7888888888888889,0.5621423300565312,845,845,1155
placebo,all_alfworld,all,raw,D_delta_q50::game::unsigned,top_quartile_mean_absolute_delta,0.08958333333333332,0.030719502277163302,0.19793437139392508,0.09917317361880168,845,845,1155
placebo,all_alfworld,all,raw,D_delta_q50::game::unsigned,top_quartile_lift,1.124780123591726,0.43221954152018605,1.7762118679909007,1.086369824110383,845,845,1155
placebo,all_alfworld,all,raw,D_delta_q75::game::reward,spearman,0.1454946319963538,-0.44398762665819397,0.2942708405960364,-0.05343293891344635,845,845,1155
placebo,all_alfworld,all,raw,D_delta_q75::game::reward,average_precision,0.6994516706204014,0.3615355559227739,0.8400124170635005,0.6229852659448979,845,845,1155
placebo,all_alfworld,all,raw,D_delta_q75::game::reward,auroc_large_change_vs_rest,0.5113636363636364,0.2742694805194805,0.7139682539682539,0.4994917393586033,845,845,1155
placebo,all_alfworld,all,raw,D_delta_q75::game::reward,top_quartile_mean_absolute_delta,0.10172297297297297,0.034802879291251386,0.21582115691104028,0.11134292643926395,845,845,1155
placebo,all_alfworld,all,raw,D_delta_q75::game::reward,top_quartile_lift,1.2772016161413027,0.4926683968293005,1.9650489270529943,1.2239000937173765,845,845,1155
placebo,all_alfworld,all,raw,D_delta_q75::game::unsigned,spearman,-0.2668134187969388,-0.4871385327502784,0.1496827894145445,-0.17335556183367998,845,845,1155
placebo,all_alfworld,all,raw,D_delta_q75::game::unsigned,average_precision,0.5562166302596925,0.3179991041625827,0.7778253440991167,0.5559478800645242,845,845,1155
placebo,all_alfworld,all,raw,D_delta_q75::game::unsigned,auroc_large_change_vs_rest,0.3409090909090909,0.2278409090909091,0.6388888888888888,0.42937568020408257,845,845,1155
placebo,all_alfworld,all,raw,D_delta_q75::game::unsigned,top_quartile_mean_absolute_delta,0.05833333333333333,0.021104638895587172,0.13571881971075517,0.0645733644480196,845,845,1155
placebo,all_alfworld,all,raw,D_delta_q75::game::unsigned,top_quartile_lift,0.7324149641992634,0.2552455810085615,1.3979914977703394,0.7233935646520018,845,845,1155
placebo,all_alfworld,all,raw,D_winsor::game::reward,spearman,-0.15114258842588382,-0.5220504282912831,0.19550579422871198,-0.14479648891564628,845,845,1155
placebo,all_alfworld,all,raw,D_winsor::game::reward,average_precision,0.5177873382207747,0.2960342015594116,0.7992342608228828,0.5494008585516817,845,845,1155
placebo,all_alfworld,all,raw,D_winsor::game::reward,auroc_large_change_vs_rest,0.375,0.20023809523809524,0.6770454545454544,0.43927834492923246,845,845,1155
placebo,all_alfworld,all,raw,D_winsor::game::reward,top_quartile_mean_absolute_delta,0.04988095238095238,0.010045080532212886,0.14225,0.06516468705602517,845,845,1155
placebo,all_alfworld,all,raw,D_winsor::game::reward,top_quartile_lift,0.626289530611207,0.13409360195244058,1.445379851950403,0.7212054048349879,845,845,1155
placebo,all_alfworld,all,raw,D_winsor::game::unsigned,spearman,0.33831335199979806,-0.08766604888969529,0.5149074932567668,0.2069162170524337,845,845,1155
placebo,all_alfworld,all,raw,D_winsor::game::unsigned,average_precision,0.6563434337498508,0.3886506554734109,0.8983035978469415,0.6440894520668823,845,845,1155
placebo,all_alfworld,all,raw,D_winsor::game::unsigned,auroc_large_change_vs_rest,0.5909090909090909,0.4,0.8333333333333334,0.6032826427353054,845,845,1155
placebo,all_alfworld,all,raw,D_winsor::game::unsigned,top_quartile_mean_absolute_delta,0.06666666666666667,0.028934867216117217,0.15222413352133307,0.07918247556223515,845,845,1155
placebo,all_alfworld,all,raw,D_winsor::game::unsigned,top_quartile_lift,0.8370456733705869,0.3621311700686901,1.5168887279077703,0.8877613791982689,845,845,1155
placebo,all_alfworld,all,raw,D_tanh::game::reward,spearman,-0.26098458582841566,-0.6159533231021661,0.13212492511653362,-0.2236344542406235,845,845,1155
placebo,all_alfworld,all,raw,D_tanh::game::reward,average_precision,0.49605048921119843,0.2747359741344704,0.7931566401864387,0.5515863465734223,845,845,1155
placebo,all_alfworld,all,raw,D_tanh::game::reward,auroc_large_change_vs_rest,0.3068181818181818,0.14772727272727273,0.633095238095238,0.3934299264180921,845,845,1155
placebo,all_alfworld,all,raw,D_tanh::game::reward,top_quartile_mean_absolute_delta,0.04988095238095238,0.010045080532212886,0.14225,0.06516468705602517,845,845,1155
placebo,all_alfworld,all,raw,D_tanh::game::reward,top_quartile_lift,0.626289530611207,0.13409360195244058,1.445379851950403,0.7212054048349879,845,845,1155
placebo,all_alfworld,all,raw,D_tanh::game::unsigned,spearman,0.34973691972966137,-0.08180221934985135,0.5357863750825408,0.22999534098585914,845,845,1155
placebo,all_alfworld,all,raw,D_tanh::game::unsigned,average_precision,0.6772800728683082,0.3975795732045732,0.9048243504861153,0.6626868895532738,845,845,1155
placebo,all_alfworld,all,raw,D_tanh::game::unsigned,auroc_large_change_vs_rest,0.6136363636363636,0.4111111111111111,0.8333333333333334,0.616045044698891,845,845,1155
placebo,all_alfworld,all,raw,D_tanh::game::unsigned,top_quartile_mean_absolute_delta,0.06666666666666667,0.028934867216117217,0.15222413352133307,0.07918247556223515,845,845,1155
placebo,all_alfworld,all,raw,D_tanh::game::unsigned,top_quartile_lift,0.8370456733705869,0.3621311700686901,1.5168887279077703,0.8877613791982689,845,845,1155
placebo,all_alfworld,all,raw,D_action_sign::game::reward,spearman,0.05887531060775707,-0.3977322423257446,0.3850139880283513,-0.0003698478696711816,845,845,1155
placebo,all_alfworld,all,raw,D_action_sign::game::reward,average_precision,0.6143886342415754,0.32443121357394633,0.8282496000485826,0.5923551644699679,845,845,1155
placebo,all_alfworld,all,raw,D_action_sign::game::reward,auroc_large_change_vs_rest,0.4772727272727273,0.2115909090909091,0.7333333333333333,0.4790468670054469,845,845,1155
placebo,all_alfworld,all,raw,D_action_sign::game::reward,top_quartile_mean_absolute_delta,0.1086111111111111,0.05721663226694187,0.1961827731092437,0.1168334987006562,845,845,1155
placebo,all_alfworld,all,raw,D_action_sign::game::reward,top_quartile_lift,1.3636869095329143,0.7062852885997539,2.0162420812789503,1.3239662272649604,845,845,1155
placebo,all_alfworld,all,raw,D_action_sign::game::unsigned,spearman,0.5281203235113731,-0.0015845168649683589,0.6639134015625765,0.34198274170288445,845,845,1155
placebo,all_alfworld,all,raw,D_action_sign::game::unsigned,average_precision,0.8217352092352092,0.46015254586683163,0.9375491452991452,0.732026087012189,845,845,1155
placebo,all_alfworld,all,raw,D_action_sign::game::unsigned,auroc_large_change_vs_rest,0.7386363636363636,0.45454545454545453,0.8863636363636364,0.6740006722403171,845,845,1155
placebo,all_alfworld,all,raw,D_action_sign::game::unsigned,top_quartile_mean_absolute_delta,0.14450075075075075,0.08181433381433381,0.22751685691759221,0.14804667743632777,845,845,1155
placebo,all_alfworld,all,raw,D_action_sign::game::unsigned,top_quartile_lift,1.8143059232207626,1.0095593745081715,2.409204500046755,1.6861723655110286,845,845,1155
placebo,all_alfworld,all,raw,D_action_adv::game::reward,spearman,0.023725871438946878,-0.42122956943341916,0.22575878700412894,-0.09299726979222746,845,845,1155
placebo,all_alfworld,all,raw,D_action_adv::game::reward,average_precision,0.6217333105491001,0.32952156990878795,0.7840785661111928,0.5643198294299866,845,845,1155
placebo,all_alfworld,all,raw,D_action_adv::game::reward,auroc_large_change_vs_rest,0.5568181818181818,0.2571428571428571,0.7139682539682539,0.4773859326078261,845,845,1155
placebo,all_alfworld,all,raw,D_action_adv::game::reward,top_quartile_mean_absolute_delta,0.07713963963963963,0.028968360071301248,0.18027176816239313,0.08439798198257897,845,845,1155
placebo,all_alfworld,all,raw,D_action_adv::game::reward,top_quartile_lift,0.9685410240858986,0.37465931050298484,1.6411980377716169,0.9337366796759936,845,845,1155
placebo,all_alfworld,all,raw,D_action_adv::game::unsigned,spearman,0.5281203235113731,-0.0015845168649683589,0.6639134015625765,0.34198274170288445,845,845,1155
placebo,all_alfworld,all,raw,D_action_adv::game::unsigned,average_precision,0.8217352092352092,0.46015254586683163,0.9375491452991452,0.732026087012189,845,845,1155
placebo,all_alfworld,all,raw,D_action_adv::game::unsigned,auroc_large_change_vs_rest,0.7386363636363636,0.45454545454545453,0.8863636363636364,0.6740006722403171,845,845,1155
placebo,all_alfworld,all,raw,D_action_adv::game::unsigned,top_quartile_mean_absolute_delta,0.14450075075075075,0.08181433381433381,0.22751685691759221,0.14804667743632777,845,845,1155
placebo,all_alfworld,all,raw,D_action_adv::game::unsigned,top_quartile_lift,1.8143059232207626,1.0095593745081715,2.409204500046755,1.6861723655110286,845,845,1155
placebo,all_alfworld,all,raw,D_action_adv_clip::game::reward,spearman,0.21792652284662317,-0.2698233427499447,0.43948242879438426,0.087457799738493,845,845,1155
placebo,all_alfworld,all,raw,D_action_adv_clip::game::reward,average_precision,0.6455498905822576,0.35130212408850175,0.8404978431154901,0.6047692878739862,845,845,1155
placebo,all_alfworld,all,raw,D_action_adv_clip::game::reward,auroc_large_change_vs_rest,0.5909090909090909,0.3142857142857143,0.7888888888888889,0.5411680889787398,845,845,1155
placebo,all_alfworld,all,raw,D_action_adv_clip::game::reward,top_quartile_mean_absolute_delta,0.07088963963963964,0.018922764227642275,0.17594799498746866,0.0787933690461813,845,845,1155
placebo,all_alfworld,all,raw,D_action_adv_clip::game::reward,top_quartile_lift,0.8900679922074062,0.24980290181916176,1.6487298868798976,0.8692031348220473,845,845,1155
placebo,all_alfworld,all,raw,D_action_adv_clip::game::unsigned,spearman,0.5281203235113731,-0.0015845168649683589,0.6639134015625765,0.34198274170288445,845,845,1155
placebo,all_alfworld,all,raw,D_action_adv_clip::game::unsigned,average_precision,0.8217352092352092,0.46015254586683163,0.9375491452991452,0.732026087012189,845,845,1155
placebo,all_alfworld,all,raw,D_action_adv_clip::game::unsigned,auroc_large_change_vs_rest,0.7386363636363636,0.45454545454545453,0.8863636363636364,0.6740006722403171,845,845,1155
placebo,all_alfworld,all,raw,D_action_adv_clip::game::unsigned,top_quartile_mean_absolute_delta,0.14450075075075075,0.08181433381433381,0.22751685691759221,0.14804667743632777,845,845,1155
placebo,all_alfworld,all,raw,D_action_adv_clip::game::unsigned,top_quartile_lift,1.8143059232207626,1.0095593745081715,2.409204500046755,1.6861723655110286,845,845,1155
placebo,all_alfworld,all,raw,D_ratio_adv::game::reward,spearman,0.33743461602057784,-0.11385562597763439,0.48722953120980494,0.1977531148276044,845,845,1155
placebo,all_alfworld,all,raw,D_ratio_adv::game::reward,average_precision,0.6382463496099859,0.395718954248366,0.8529276797601856,0.6307234925545645,845,845,1155
placebo,all_alfworld,all,raw,D_ratio_adv::game::reward,auroc_large_change_vs_rest,0.625,0.3557142857142857,0.8222222222222222,0.598114842094132,845,845,1155
placebo,all_alfworld,all,raw,D_ratio_adv::game::reward,top_quartile_mean_absolute_delta,0.12158408408408408,0.05821334880352853,0.2014918347905964,0.12428465688488567,845,845,1155
placebo,all_alfworld,all,raw,D_ratio_adv::game::reward,top_quartile_lift,1.5265714729996231,0.7311177699895474,2.133622713231674,1.411642769511317,845,845,1155
placebo,all_alfworld,all,raw,D_ratio_adv::game::unsigned,spearman,0.41827832610884125,-0.19099451530374065,0.4849602456324191,0.18297702440518002,845,845,1155
placebo,all_alfworld,all,raw,D_ratio_adv::game::unsigned,average_precision,0.77000777000777,0.41284975022397624,0.9038707221703173,0.683279850346674,845,845,1155
placebo,all_alfworld,all,raw,D_ratio_adv::game::unsigned,auroc_large_change_vs_rest,0.6818181818181818,0.39334415584415583,0.8222222222222222,0.6127526024271587,845,845,1155
placebo,all_alfworld,all,raw,D_ratio_adv::game::unsigned,top_quartile_mean_absolute_delta,0.10005630630630631,0.04296773320765256,0.18990252639517344,0.1059744937692419,845,845,1155
placebo,all_alfworld,all,raw,D_ratio_adv::game::unsigned,top_quartile_lift,1.256275474307038,0.5365710213515934,1.8753218388871111,1.188405353999697,845,845,1155
placebo,all_alfworld,all,raw,D_policy_action_adv::game::reward,spearman,0.2038667471790991,-0.17151873154481473,0.4410027229047624,0.12206564950686517,845,845,1155
placebo,all_alfworld,all,raw,D_policy_action_adv::game::reward,average_precision,0.8134845702816432,0.41256889205708863,0.9025771127164316,0.690272091713831,845,845,1155
placebo,all_alfworld,all,raw,D_policy_action_adv::game::reward,auroc_large_change_vs_rest,0.6477272727272727,0.35555555555555557,0.8111111111111111,0.5909164504134918,845,845,1155
placebo,all_alfworld,all,raw,D_policy_action_adv::game::reward,top_quartile_mean_absolute_delta,0.0852012338425382,0.04300316181621235,0.14959954764961184,0.09036982648698295,845,845,1155
placebo,all_alfworld,all,raw,D_policy_action_adv::game::reward,top_quartile_lift,1.0697598623059832,0.5304086334972015,1.641275510988847,1.0296499471751412,845,845,1155
placebo,all_alfworld,all,raw,D_policy_action_adv::game::unsigned,spearman,0.10720578946487108,-0.2714375852967157,0.47872181492422927,0.09801393861487653,845,845,1155
placebo,all_alfworld,all,raw,D_policy_action_adv::game::unsigned,average_precision,0.6944127767657179,0.3846097532188218,0.8064843606491384,0.6184064264640697,845,845,1155
placebo,all_alfworld,all,raw,D_policy_action_adv::game::unsigned,auroc_large_change_vs_rest,0.5795454545454546,0.3,0.7885714285714285,0.553221343088207,845,845,1155
placebo,all_alfworld,all,raw,D_policy_action_adv::game::unsigned,top_quartile_mean_absolute_delta,0.12569444444444444,0.06780632942326491,0.187563027602922,0.12546767071625206,845,845,1155
placebo,all_alfworld,all,raw,D_policy_action_adv::game::unsigned,top_quartile_lift,1.5781798633341273,0.811621953121213,2.180915654811123,1.4387461449806327,845,845,1155
placebo,all_alfworld,all,raw,D_reward_only::game::reward,spearman,-0.5377864192827959,-0.47781690106190083,0.19972823333717013,-0.17516767970994895,845,845,1155
placebo,all_alfworld,all,raw,D_reward_only::game::reward,average_precision,0.4709555529531606,0.30025495259752777,0.8219277520418483,0.5421193577150589,845,845,1155
placebo,all_alfworld,all,raw,D_reward_only::game::reward,auroc_large_change_vs_rest,0.23863636363636365,0.17857142857142858,0.6785714285714286,0.40931276317370996,845,845,1155
placebo,all_alfworld,all,raw,D_reward_only::game::reward,top_quartile_mean_absolute_delta,0.04369815668202765,0.024670396105777464,0.12390816641689838,0.06426794145693397,845,845,1155
placebo,all_alfworld,all,raw,D_reward_only::game::reward,top_quartile_lift,0.5486602947744187,0.3032275422099915,1.300747996373962,0.7275030431975684,845,845,1155
placebo,all_alfworld,all,raw,D_reward_only::game::unsigned,spearman,,,,,0,845,1155
placebo,all_alfworld,all,raw,D_reward_only::game::unsigned,average_precision,0.5789473684210527,0.3210526315789474,0.7368421052631579,0.5395826845219558,845,845,1155
placebo,all_alfworld,all,raw,D_reward_only::game::unsigned,auroc_large_change_vs_rest,0.5,0.5,0.5,0.5,845,845,1155
placebo,all_alfworld,all,raw,D_reward_only::game::unsigned,top_quartile_mean_absolute_delta,0.07964519594040265,0.05839079502096246,0.12669587424432177,0.08879262743216164,845,845,1155
placebo,all_alfworld,all,raw,D_reward_only::game::unsigned,top_quartile_lift,1.0,0.9999999999999997,1.0000000000000002,1.0,845,845,1155
placebo,all_alfworld,all,raw,D_adv_negative_fraction::game::reward,spearman,-0.4964788732394366,-0.6400961324275142,0.10288081295883177,-0.2801787179014236,845,845,1155
placebo,all_alfworld,all,raw,D_adv_negative_fraction::game::reward,average_precision,0.44656692988032703,0.28642791732077444,0.737383324359769,0.50336366890268,845,845,1155
placebo,all_alfworld,all,raw,D_adv_negative_fraction::game::reward,auroc_large_change_vs_rest,0.19318181818181818,0.14477272727272728,0.5795454545454546,0.352047748438281,845,845,1155
placebo,all_alfworld,all,raw,D_adv_negative_fraction::game::reward,top_quartile_mean_absolute_delta,0.05375,0.013280851998243302,0.16129945054945055,0.07091151667559578,845,845,1155
placebo,all_alfworld,all,raw,D_adv_negative_fraction::game::reward,top_quartile_lift,0.6748680741550357,0.18388116074264024,1.5213864168773783,0.7749553028001345,845,845,1155
placebo,all_alfworld,all,raw,D_adv_negative_fraction::game::unsigned,spearman,,,,,0,845,1155
placebo,all_alfworld,all,raw,D_adv_negative_fraction::game::unsigned,average_precision,0.5789473684210527,0.3210526315789474,0.7368421052631579,0.5395826845219558,845,845,1155
placebo,all_alfworld,all,raw,D_adv_negative_fraction::game::unsigned,auroc_large_change_vs_rest,0.5,0.5,0.5,0.5,845,845,1155
placebo,all_alfworld,all,raw,D_adv_negative_fraction::game::unsigned,top_quartile_mean_absolute_delta,0.07964519594040265,0.05839079502096246,0.12669587424432177,0.08879262743216164,845,845,1155
placebo,all_alfworld,all,raw,D_adv_negative_fraction::game::unsigned,top_quartile_lift,1.0,0.9999999999999997,1.0000000000000002,1.0,845,845,1155
placebo,all_alfworld,all,raw,C_raw::game::reward,spearman,0.14235522863368127,-0.3357156355587186,0.2871393500819266,-0.02606295049671933,845,845,1155
placebo,all_alfworld,all,raw,C_raw::game::reward,average_precision,0.7150301718483536,0.44469776031502034,0.7713203463203463,0.6119589585472713,845,845,1155
placebo,all_alfworld,all,raw,C_raw::game::reward,auroc_large_change_vs_rest,0.6022727272727273,0.24571428571428572,0.7021428571428571,0.47842069173430113,845,845,1155
placebo,all_alfworld,all,raw,C_raw::game::reward,top_quartile_mean_absolute_delta,0.09242831541218638,0.047376582278481016,0.14878300547107137,0.09262367538017736,845,845,1155
placebo,all_alfworld,all,raw,C_raw::game::reward,top_quartile_lift,1.1605008226905382,0.5716652374424389,1.676767234565851,1.0623515983494571,845,845,1155
placebo,all_alfworld,all,raw,C_raw::game::unsigned,spearman,-0.20562421913753962,-0.3249565651156502,0.28020253734879835,-0.035070139887726344,845,845,1155
placebo,all_alfworld,all,raw,C_raw::game::unsigned,average_precision,0.571129992298723,0.3778339277681382,0.7337508696123524,0.5468654660818378,845,845,1155
placebo,all_alfworld,all,raw,C_raw::game::unsigned,auroc_large_change_vs_rest,0.4318181818181818,0.28888888888888886,0.6666666666666666,0.4604939225797214,845,845,1155
placebo,all_alfworld,all,raw,C_raw::game::unsigned,top_quartile_mean_absolute_delta,0.09682539682539683,0.05640220431742171,0.16408026755852842,0.10621925502260507,845,845,1155
placebo,all_alfworld,all,raw,C_raw::game::unsigned,top_quartile_lift,1.2157091922763286,0.6964312287796832,1.802313121250436,1.2121859472077954,845,845,1155
placebo,all_alfworld,all,raw,C_centered::game::reward,spearman,-0.37346279116860825,-0.4468955531544855,0.18669784683142143,-0.14853817835007793,845,845,1155
placebo,all_alfworld,all,raw,C_centered::game::reward,average_precision,0.4499034989465612,0.3001154401154401,0.7205140692640692,0.5051748195249389,845,845,1155
placebo,all_alfworld,all,raw,C_centered::game::reward,auroc_large_change_vs_rest,0.2159090909090909,0.21142857142857144,0.6222222222222222,0.40763608515087807,845,845,1155
placebo,all_alfworld,all,raw,C_centered::game::reward,top_quartile_mean_absolute_delta,0.030974576271186438,0.015961639105660848,0.09707889344262291,0.04768912676602702,845,845,1155
placebo,all_alfworld,all,raw,C_centered::game::reward,top_quartile_lift,0.38890702578425784,0.18446042893007317,1.0381776322431704,0.5406590408365867,845,845,1155
placebo,all_alfworld,all,raw,C_centered::game::unsigned,spearman,-0.05008795081555452,-0.31410339674122556,0.45761308982602145,0.07848424413787802,845,845,1155
placebo,all_alfworld,all,raw,C_centered::game::unsigned,average_precision,0.6408269619956926,0.3649632282062622,0.8376465717743361,0.6193189689318602,845,845,1155
placebo,all_alfworld,all,raw,C_centered::game::unsigned,auroc_large_change_vs_rest,0.4772727272727273,0.3111111111111111,0.7386363636363636,0.5326759384599621,845,845,1155
placebo,all_alfworld,all,raw,C_centered::game::unsigned,top_quartile_mean_absolute_delta,0.11527777777777777,0.06494155844155844,0.19455677655677653,0.12201807979116336,845,845,1155
placebo,all_alfworld,all,raw,C_centered::game::unsigned,top_quartile_lift,1.4473914768699732,0.7939561283722849,2.0839271965026263,1.387172150665182,845,845,1155
placebo,all_alfworld,all,raw,C_adv_centered::game::reward,spearman,-0.31722368849851196,-0.3073612984416077,0.31030153572072355,-0.0162994485902217,845,845,1155
placebo,all_alfworld,all,raw,C_adv_centered::game::reward,average_precision,0.5233927622085517,0.3253200652730728,0.8286375967391003,0.5644165195637828,845,845,1155
placebo,all_alfworld,all,raw,C_adv_centered::game::reward,auroc_large_change_vs_rest,0.3522727272727273,0.245,0.7045454545454546,0.46241563663161295,845,845,1155
placebo,all_alfworld,all,raw,C_adv_centered::game::reward,top_quartile_mean_absolute_delta,0.09867831541218638,0.06327065200642311,0.1552467648388172,0.107384710958655,845,845,1155
placebo,all_alfworld,all,raw,C_adv_centered::game::reward,top_quartile_lift,1.2389738545690308,0.7209372005194736,1.8872435299256787,1.2356800313694585,845,845,1155
placebo,all_alfworld,all,raw,C_adv_centered::game::unsigned,spearman,-0.05008795081555452,-0.31410339674122556,0.45761308982602145,0.07848424413787802,845,845,1155
placebo,all_alfworld,all,raw,C_adv_centered::game::unsigned,average_precision,0.6408269619956926,0.3649632282062622,0.8376465717743361,0.6193189689318602,845,845,1155
placebo,all_alfworld,all,raw,C_adv_centered::game::unsigned,auroc_large_change_vs_rest,0.4772727272727273,0.3111111111111111,0.7386363636363636,0.5326759384599621,845,845,1155
placebo,all_alfworld,all,raw,C_adv_centered::game::unsigned,top_quartile_mean_absolute_delta,0.11527777777777777,0.06494155844155844,0.19455677655677653,0.12201807979116336,845,845,1155
placebo,all_alfworld,all,raw,C_adv_centered::game::unsigned,top_quartile_lift,1.4473914768699732,0.7939561283722849,2.0839271965026263,1.387172150665182,845,845,1155
placebo,all_alfworld,all,raw,M_delta_raw::game::magnitude,spearman,0.36203922343874495,-0.253691002489954,0.47809203804289013,0.1380344428224834,845,845,1155
placebo,all_alfworld,all,raw,M_delta_raw::game::magnitude,average_precision,0.7078495034377388,0.37848017197309547,0.865755500243282,0.6430744692816415,845,845,1155
placebo,all_alfworld,all,raw,M_delta_raw::game::magnitude,auroc_large_change_vs_rest,0.6136363636363636,0.3118181818181818,0.7885714285714285,0.5536433356255841,845,845,1155
placebo,all_alfworld,all,raw,M_delta_raw::game::magnitude,top_quartile_mean_absolute_delta,0.0938063063063063,0.02846284271284271,0.20195421290932228,0.10236019010999794,845,845,1155
placebo,all_alfworld,all,raw,M_delta_raw::game::magnitude,top_quartile_lift,1.1778024424285454,0.39591853990397324,1.8675356362217588,1.1227449696837375,845,845,1155
placebo,all_alfworld,all,raw,M_delta_centered::game::magnitude,spearman,0.27240815355827896,-0.3241120678727216,0.43957698419225233,0.0670841464305879,845,845,1155
placebo,all_alfworld,all,raw,M_delta_centered::game::magnitude,average_precision,0.7175453631335985,0.3615957758394733,0.8564629692060033,0.6297803275444925,845,845,1155
placebo,all_alfworld,all,raw,M_delta_centered::game::magnitude,auroc_large_change_vs_rest,0.5681818181818182,0.27420634920634923,0.7666666666666667,0.5264062843796572,845,845,1155
placebo,all_alfworld,all,raw,M_delta_centered::game::magnitude,top_quartile_mean_absolute_delta,0.08755630630630631,0.02416933725470311,0.19275964696223316,0.09453195570897188,845,845,1155
placebo,all_alfworld,all,raw,M_delta_centered::game::magnitude,top_quartile_lift,1.099329410550053,0.33648814193670074,1.7971386626301293,1.0331575514390527,845,845,1155
placebo,all_alfworld,all,raw,M_original_norm::game::magnitude,spearman,0.08611612596358496,-0.29740107561569135,0.391996549122919,0.05793453688994712,845,845,1155
placebo,all_alfworld,all,raw,M_original_norm::game::magnitude,average_precision,0.5265850170719296,0.3377360216813998,0.8385985956051742,0.5798641006908694,845,845,1155
placebo,all_alfworld,all,raw,M_original_norm::game::magnitude,auroc_large_change_vs_rest,0.4090909090909091,0.2728354978354978,0.7333333333333333,0.5083977725101985,845,845,1155
placebo,all_alfworld,all,raw,M_original_norm::game::magnitude,top_quartile_mean_absolute_delta,0.05833333333333333,0.00834663120567376,0.16333125208125207,0.06849348723117966,845,845,1155
placebo,all_alfworld,all,raw,M_original_norm::game::magnitude,top_quartile_lift,0.7324149641992634,0.11172406203212756,1.5144462924998143,0.7455305454556008,845,845,1155
placebo,all_alfworld,all,raw,M_control_norm::game::magnitude,spearman,-0.5008795081555452,-0.636265815491448,0.05551356876798975,-0.3155770518533432,845,845,1155
placebo,all_alfworld,all,raw,M_control_norm::game::magnitude,average_precision,0.473749847191305,0.2862490432315731,0.6860708667837152,0.4853152748777234,845,845,1155
placebo,all_alfworld,all,raw,M_control_norm::game::magnitude,auroc_large_change_vs_rest,0.2840909090909091,0.12285714285714286,0.5833333333333334,0.34146542806306124,845,845,1155
placebo,all_alfworld,all,raw,M_control_norm::game::magnitude,top_quartile_mean_absolute_delta,0.03529761904761904,0.014549621212121212,0.11069792436560727,0.05307662583744524,845,845,1155
placebo,all_alfworld,all,raw,M_control_norm::game::magnitude,top_quartile_lift,0.44318578956139104,0.18208820387446809,1.1662065952815717,0.6004163643609325,845,845,1155
placebo,all_alfworld,all,raw,M_kl::game::magnitude,spearman,0.14411270059212178,-0.22126571956766014,0.5445889892584597,0.16659793645694201,845,845,1155
placebo,all_alfworld,all,raw,M_kl::game::magnitude,average_precision,0.7098725694982378,0.3989280677305887,0.8479694806827159,0.6524690978149481,845,845,1155
placebo,all_alfworld,all,raw,M_kl::game::magnitude,auroc_large_change_vs_rest,0.5454545454545454,0.3453296703296703,0.785551948051948,0.5769752239870584,845,845,1155
placebo,all_alfworld,all,raw,M_kl::game::magnitude,top_quartile_mean_absolute_delta,0.11694444444444445,0.06706578144078146,0.18765692138099258,0.12274582626148903,845,845,1155
placebo,all_alfworld,all,raw,M_kl::game::magnitude,top_quartile_lift,1.468317618704238,0.8009047873503813,2.0522039774387193,1.4029124711650323,845,845,1155
placebo,all_alfworld,all,raw,M_js::game::magnitude,spearman,0.21529031490896242,-0.16676956556844155,0.5507917117752554,0.18982202799487155,845,845,1155
placebo,all_alfworld,all,raw,M_js::game::magnitude,average_precision,0.7428976252505664,0.4143047825190682,0.8532223315182269,0.6619829654433348,845,845,1155
placebo,all_alfworld,all,raw,M_js::game::magnitude,auroc_large_change_vs_rest,0.6022727272727273,0.36928571428571433,0.7995454545454544,0.5871249460598573,845,845,1155
placebo,all_alfworld,all,raw,M_js::game::magnitude,top_quartile_mean_absolute_delta,0.11694444444444445,0.06706578144078146,0.18765692138099258,0.12274582626148903,845,845,1155
placebo,all_alfworld,all,raw,M_js::game::magnitude,top_quartile_lift,1.468317618704238,0.8009047873503813,2.0522039774387193,1.4029124711650323,845,845,1155
placebo,all_alfworld,all,raw,M_action_abs::game::magnitude,spearman,0.40333981446209693,-0.17288616675118343,0.6137841994726865,0.22646686264114801,845,845,1155
placebo,all_alfworld,all,raw,M_action_abs::game::magnitude,average_precision,0.8567802080959975,0.43717951365155316,0.9076594440274781,0.7101843412977591,845,845,1155
placebo,all_alfworld,all,raw,M_action_abs::game::magnitude,auroc_large_change_vs_rest,0.7386363636363636,0.3557142857142857,0.8451587301587301,0.6206490879271944,845,845,1155
placebo,all_alfworld,all,raw,M_action_abs::game::magnitude,top_quartile_mean_absolute_delta,0.1486674174174174,0.08644640191679664,0.21572530809759183,0.14929910544441757,845,845,1155
placebo,all_alfworld,all,raw,M_action_abs::game::magnitude,top_quartile_lift,1.866621277806424,1.0583360315413881,2.450781498992559,1.7105939397297572,845,845,1155
placebo,all_alfworld,all,raw,B_activation_l8_norm,spearman,0.27065068159983846,-0.24845013242211722,0.46775339532275906,0.13357836147493107,845,845,1155
placebo,all_alfworld,all,raw,B_activation_l8_norm,average_precision,0.6438205593074717,0.37356385745317633,0.8687456339956339,0.6575119041505202,845,845,1155
placebo,all_alfworld,all,raw,B_activation_l8_norm,auroc_large_change_vs_rest,0.5113636363636364,0.2857142857142857,0.7838869463869463,0.5543936569676216,845,845,1155
placebo,all_alfworld,all,raw,B_activation_l8_norm,top_quartile_mean_absolute_delta,0.14047532702193719,0.07628060635770323,0.24454381941982742,0.14726099522073471,845,845,1155
placebo,all_alfworld,all,raw,B_activation_l8_norm,top_quartile_lift,1.7637639704854622,0.9993854515556732,2.3651718631195715,1.6619871220309883,845,845,1155
placebo,all_alfworld,all,raw,B_activation_l16_norm,spearman,0.3980673985867754,-0.1478463225110905,0.5675496304152129,0.24282231846054378,845,845,1155
placebo,all_alfworld,all,raw,B_activation_l16_norm,average_precision,0.6704526467684363,0.404103640836097,0.9125200947757339,0.684552179925455,845,845,1155
placebo,all_alfworld,all,raw,B_activation_l16_norm,auroc_large_change_vs_rest,0.5681818181818182,0.34444444444444444,0.8444444444444444,0.6156372572200974,845,845,1155
placebo,all_alfworld,all,raw,B_activation_l16_norm,top_quartile_mean_absolute_delta,0.09588963963963963,0.03458430082559339,0.21179166666666663,0.10914106682318743,845,845,1155
placebo,all_alfworld,all,raw,B_activation_l16_norm,top_quartile_lift,1.203960119721376,0.4835100558239983,1.907919343884254,1.19752536598532,845,845,1155
placebo,all_alfworld,all,raw,B_activation_l24_norm,spearman,0.46836627692439575,-0.14912724243235764,0.5926658543009478,0.24335084457790923,845,845,1155
placebo,all_alfworld,all,raw,B_activation_l24_norm,average_precision,0.7831573655103067,0.3985933114504543,0.9014495745810019,0.6900807565576096,845,845,1155
placebo,all_alfworld,all,raw,B_activation_l24_norm,auroc_large_change_vs_rest,0.6363636363636364,0.3333333333333333,0.8522727272727273,0.6170242692875829,845,845,1155
placebo,all_alfworld,all,raw,B_activation_l24_norm,top_quartile_mean_absolute_delta,0.09172297297297297,0.03131129981129981,0.17805046516003928,0.09513130135792489,845,845,1155
placebo,all_alfworld,all,raw,B_activation_l24_norm,top_quartile_lift,1.1516447651357145,0.39578195597871424,1.7001938806316828,1.06455913570157,845,845,1155
placebo,all_alfworld,all,raw,B_activation_l32_norm,spearman,0.2601058498491954,-0.3589680020408158,0.41572641684231443,0.04721622337268176,845,845,1155
placebo,all_alfworld,all,raw,B_activation_l32_norm,average_precision,0.7088805060061745,0.36240397674221203,0.8411249027559456,0.6272601088395982,845,845,1155
placebo,all_alfworld,all,raw,B_activation_l32_norm,auroc_large_change_vs_rest,0.5340909090909091,0.2569055944055944,0.7555555555555555,0.5201114434546388,845,845,1155
placebo,all_alfworld,all,raw,B_activation_l32_norm,top_quartile_mean_absolute_delta,0.08755630630630631,0.02416933725470311,0.19275964696223316,0.09453195570897188,845,845,1155
placebo,all_alfworld,all,raw,B_activation_l32_norm,top_quartile_lift,1.099329410550053,0.33648814193670074,1.7971386626301293,1.0331575514390527,845,845,1155
placebo,all_alfworld,all,raw,B_old_margin,spearman,0.28083721462010014,-0.11375214811991739,0.6002257587951187,0.23926510055553046,845,845,1155
placebo,all_alfworld,all,raw,B_old_margin,average_precision,0.7224896019013666,0.40383179831386745,0.8851633986928104,0.6789678885991887,845,845,1155
placebo,all_alfworld,all,raw,B_old_margin,auroc_large_change_vs_rest,0.5965909090909091,0.37777777777777777,0.8093406593406594,0.5894039408980238,845,845,1155
placebo,all_alfworld,all,raw,B_old_margin,top_quartile_mean_absolute_delta,0.150479011620316,0.08344795737590821,0.2592380630630631,0.15682370887391223,845,845,1155
placebo,all_alfworld,all,raw,B_old_margin,top_quartile_lift,1.8893670841480166,1.0886563520659476,2.475175351150098,1.771566193115713,845,845,1155
placebo,all_alfworld,all,raw,B_random_expected,spearman,,,,,0,845,1155
placebo,all_alfworld,all,raw,B_random_expected,average_precision,0.5789473684210527,0.3210526315789474,0.7368421052631579,0.5395826845219558,845,845,1155
placebo,all_alfworld,all,raw,B_random_expected,auroc_large_change_vs_rest,0.5,0.5,0.5,0.5,845,845,1155
placebo,all_alfworld,all,raw,B_random_expected,top_quartile_mean_absolute_delta,0.07964519594040265,0.05839079502096246,0.12669587424432177,0.08879262743216164,845,845,1155
placebo,all_alfworld,all,raw,B_random_expected,top_quartile_lift,1.0,0.9999999999999997,1.0000000000000002,1.0,845,845,1155
placebo,all_alfworld,all,raw,D_real::token::reward,spearman,-0.28383172128814227,-0.5569151125283244,0.07244892514428551,-0.24332180401532716,845,845,1155
placebo,all_alfworld,all,raw,D_real::token::reward,average_precision,0.5355695560029925,0.28459664275066754,0.7777371324352745,0.5519219953808018,845,845,1155
placebo,all_alfworld,all,raw,D_real::token::reward,auroc_large_change_vs_rest,0.375,0.16666666666666666,0.6303571428571427,0.39622767107974205,845,845,1155
placebo,all_alfworld,all,raw,D_real::token::reward,top_quartile_mean_absolute_delta,0.03916666666666667,0.014921052631578948,0.10582260101010098,0.05282562595113613,845,845,1155
placebo,all_alfworld,all,raw,D_real::token::reward,top_quartile_lift,0.49176433310521983,0.19393956395329917,1.1406391900514221,0.5935525548957822,845,845,1155
placebo,all_alfworld,all,raw,D_real_A1::token::reward_free,spearman,0.3708265832309475,-0.09927509490278157,0.6740441764400885,0.2911673007691061,845,845,1155
placebo,all_alfworld,all,raw,D_real_A1::token::reward_free,average_precision,0.8518886342415753,0.457232322416146,0.9284668569695306,0.722352422955469,845,845,1155
placebo,all_alfworld,all,raw,D_real_A1::token::reward_free,auroc_large_change_vs_rest,0.7045454545454546,0.3814285714285714,0.8856043956043955,0.6456597922130466,845,845,1155
placebo,all_alfworld,all,raw,D_real_A1::token::reward_free,top_quartile_mean_absolute_delta,0.1486674174174174,0.08644640191679664,0.21572530809759183,0.14929910544441757,845,845,1155
placebo,all_alfworld,all,raw,D_real_A1::token::reward_free,top_quartile_lift,1.866621277806424,1.0583360315413881,2.450781498992559,1.7105939397297572,845,845,1155
placebo,all_alfworld,all,raw,D_real_absA::token::reward_sign_removed,spearman,0.24340986624401056,-0.21134478842757384,0.5123882285849797,0.15442051132926987,845,845,1155
placebo,all_alfworld,all,raw,D_real_absA::token::reward_sign_removed,average_precision,0.7749490705373057,0.4880451109204979,0.86668512422312,0.6803369994598368,845,845,1155
placebo,all_alfworld,all,raw,D_real_absA::token::reward_sign_removed,auroc_large_change_vs_rest,0.6363636363636364,0.3333333333333333,0.8111111111111111,0.5702192908997643,845,845,1155
placebo,all_alfworld,all,raw,D_real_absA::token::reward_sign_removed,top_quartile_mean_absolute_delta,0.11742831541218637,0.06378205128205128,0.17374675324675323,0.11697818541486536,845,845,1155
placebo,all_alfworld,all,raw,D_real_absA::token::reward_sign_removed,top_quartile_lift,1.4743929502045081,0.7610858584754141,2.0564787899951154,1.3410398937360635,845,845,1155
placebo,all_alfworld,all,raw,D_real_projection_only::token::geometry_only,spearman,-0.4815473166126996,-0.6095345083469467,0.16917186444185808,-0.2518385183778399,845,845,1155
placebo,all_alfworld,all,raw,D_real_projection_only::token::geometry_only,average_precision,0.5720441924776289,0.3044152661064426,0.796341833834094,0.5498644797102149,845,845,1155
placebo,all_alfworld,all,raw,D_real_projection_only::token::geometry_only,auroc_large_change_vs_rest,0.3409090909090909,0.14833916083916085,0.6814935064935064,0.3922193175003826,845,845,1155
placebo,all_alfworld,all,raw,D_real_projection_only::token::geometry_only,top_quartile_mean_absolute_delta,0.03536482334869432,0.015357254744002864,0.10577675202791925,0.051201127580988576,845,845,1155
placebo,all_alfworld,all,raw,D_real_projection_only::token::geometry_only,top_quartile_lift,0.44402958560309536,0.2030893002686758,1.0942843940301574,0.5786029515087029,845,845,1155
placebo,all_alfworld,all,raw,D_real::decision::reward,spearman,-0.36731163931406646,-0.6078741516059122,0.06669896349630937,-0.2794628791692506,845,845,1155
placebo,all_alfworld,all,raw,D_real::decision::reward,average_precision,0.4876619080953446,0.2705418584437824,0.758318007364889,0.5322477133791362,845,845,1155
placebo,all_alfworld,all,raw,D_real::decision::reward,auroc_large_change_vs_rest,0.29545454545454547,0.14444444444444443,0.6133838383838384,0.3753565829305474,845,845,1155
placebo,all_alfworld,all,raw,D_real::decision::reward,top_quartile_mean_absolute_delta,0.05166666666666666,0.009867063492063493,0.14483408748114632,0.06390431306118373,845,845,1155
placebo,all_alfworld,all,raw,D_real::decision::reward,top_quartile_lift,0.6487103968622048,0.145722639447639,1.412451761702228,0.7029823018314442,845,845,1155
placebo,all_alfworld,all,raw,D_real_A1::decision::reward_free,spearman,0.36467543137640573,-0.05782350894640963,0.681642887169714,0.31241697642818433,845,845,1155
placebo,all_alfworld,all,raw,D_real_A1::decision::reward_free,average_precision,0.82282678699791,0.5341974090580902,0.928014587293225,0.7493357861377132,845,845,1155
placebo,all_alfworld,all,raw,D_real_A1::decision::reward_free,auroc_large_change_vs_rest,0.6704545454545454,0.4051948051948052,0.8806349206349205,0.6552726333495564,845,845,1155
placebo,all_alfworld,all,raw,D_real_A1::decision::reward_free,top_quartile_mean_absolute_delta,0.1486674174174174,0.08644640191679664,0.21572530809759183,0.14929910544441757,845,845,1155
placebo,all_alfworld,all,raw,D_real_A1::decision::reward_free,top_quartile_lift,1.866621277806424,1.0583360315413881,2.450781498992559,1.7105939397297572,845,845,1155
placebo,all_alfworld,all,raw,D_real_absA::decision::reward_sign_removed,spearman,0.27504436149593975,-0.1975303467150764,0.5442465640410407,0.18115044460147145,845,845,1155
placebo,all_alfworld,all,raw,D_real_absA::decision::reward_sign_removed,average_precision,0.7895955351837703,0.4984732226223823,0.8882954545454543,0.6913262185740562,845,845,1155
placebo,all_alfworld,all,raw,D_real_absA::decision::reward_sign_removed,auroc_large_change_vs_rest,0.6590909090909091,0.3557142857142857,0.8288131313131312,0.5859771425156041,845,845,1155
placebo,all_alfworld,all,raw,D_real_absA::decision::reward_sign_removed,top_quartile_mean_absolute_delta,0.12742831541218638,0.07686242546020224,0.1968821428571428,0.1333584619588014,845,845,1155
placebo,all_alfworld,all,raw,D_real_absA::decision::reward_sign_removed,top_quartile_lift,1.5999498012100963,0.9182303376752164,2.2422179026797338,1.5252111462388307,845,845,1155
placebo,all_alfworld,all,raw,D_real_projection_only::decision::geometry_only,spearman,-0.4560639732153122,-0.6038512382683107,0.1559296159642165,-0.2510107551523774,845,845,1155
placebo,all_alfworld,all,raw,D_real_projection_only::decision::geometry_only,average_precision,0.5877314538199705,0.31203817929146876,0.8041647799643751,0.5523787601035826,845,845,1155
placebo,all_alfworld,all,raw,D_real_projection_only::decision::geometry_only,auroc_large_change_vs_rest,0.38636363636363635,0.16666666666666666,0.6666666666666666,0.3969041707799104,845,845,1155
placebo,all_alfworld,all,raw,D_real_projection_only::decision::geometry_only,top_quartile_mean_absolute_delta,0.03536482334869432,0.015357254744002864,0.10577675202791925,0.051201127580988576,845,845,1155
placebo,all_alfworld,all,raw,D_real_projection_only::decision::geometry_only,top_quartile_lift,0.44402958560309536,0.2030893002686758,1.0942843940301574,0.5786029515087029,845,845,1155
placebo,all_alfworld,all,raw,D_real::game::reward,spearman,-0.059754046586977326,-0.4208154570239013,0.1945499490320097,-0.12204807034354469,845,845,1155
placebo,all_alfworld,all,raw,D_real::game::reward,average_precision,0.6695058217574402,0.31925333694083696,0.7745971122608822,0.5772544247533001,845,845,1155
placebo,all_alfworld,all,raw,D_real::game::reward,auroc_large_change_vs_rest,0.5227272727272727,0.23814935064935064,0.6931818181818182,0.46929635453304086,845,845,1155
placebo,all_alfworld,all,raw,D_real::game::reward,top_quartile_mean_absolute_delta,0.05838963963963963,0.025783070799457995,0.10353952769855673,0.06483797811236847,845,845,1155
placebo,all_alfworld,all,raw,D_real::game::reward,top_quartile_lift,0.733121928450421,0.3320755893893922,1.2286559224813682,0.7416995245394356,845,845,1155
placebo,all_alfworld,all,raw,D_real_A1::game::reward_free,spearman,0.44376166950622864,-0.026270526475354834,0.7253018596124752,0.3532462651996694,845,845,1155
placebo,all_alfworld,all,raw,D_real_A1::game::reward_free,average_precision,0.8765639589169001,0.48110308400749574,0.9385450167880508,0.7371583162191657,845,845,1155
placebo,all_alfworld,all,raw,D_real_A1::game::reward_free,auroc_large_change_vs_rest,0.7613636363636364,0.4407142857142857,0.8976981351981351,0.676489513116732,845,845,1155
placebo,all_alfworld,all,raw,D_real_A1::game::reward_free,top_quartile_mean_absolute_delta,0.1486674174174174,0.08644640191679664,0.21572530809759183,0.14929910544441757,845,845,1155
placebo,all_alfworld,all,raw,D_real_A1::game::reward_free,top_quartile_lift,1.866621277806424,1.0583360315413881,2.450781498992559,1.7105939397297572,845,845,1155
placebo,all_alfworld,all,raw,D_real_absA::game::reward_sign_removed,spearman,0.19068570749079528,-0.2015100412641879,0.519237032688347,0.1674331797773393,845,845,1155
placebo,all_alfworld,all,raw,D_real_absA::game::reward_sign_removed,average_precision,0.7951379725443897,0.4376871456716658,0.8863751147842056,0.674652885954181,845,845,1155
placebo,all_alfworld,all,raw,D_real_absA::game::reward_sign_removed,auroc_large_change_vs_rest,0.6477272727272727,0.3299242424242424,0.8177922077922077,0.5777660160352469,845,845,1155
placebo,all_alfworld,all,raw,D_real_absA::game::reward_sign_removed,top_quartile_mean_absolute_delta,0.13415128838515936,0.07894313401715947,0.1912640390211189,0.13451381214764715,845,845,1155
placebo,all_alfworld,all,raw,D_real_absA::game::reward_sign_removed,top_quartile_lift,1.6843613327983127,0.8746387220545777,2.2722487391314283,1.5501412019602996,845,845,1155
placebo,all_alfworld,all,raw,D_real_projection_only::game::geometry_only,spearman,-0.39455245466989436,-0.5710876182358363,0.18315895792894013,-0.2350729815911407,845,845,1155
placebo,all_alfworld,all,raw,D_real_projection_only::game::geometry_only,average_precision,0.5864388070727784,0.3159061770641271,0.7789061700969593,0.5482573320205897,845,845,1155
placebo,all_alfworld,all,raw,D_real_projection_only::game::geometry_only,auroc_large_change_vs_rest,0.4090909090909091,0.16666666666666666,0.6666666666666666,0.40358919351522904,845,845,1155
placebo,all_alfworld,all,raw,D_real_projection_only::game::geometry_only,top_quartile_mean_absolute_delta,0.03967273295321409,0.01639665358552067,0.10773181523795164,0.052629335280729335,845,845,1155
placebo,all_alfworld,all,raw,D_real_projection_only::game::geometry_only,top_quartile_lift,0.4981183420391184,0.20776654740234002,1.1274519075533809,0.5974398041386128,845,845,1155
placebo,all_alfworld,all,raw,D_factor::token::reward,spearman,0.046573006898673504,-0.5274277776498859,0.2714447209846365,-0.12207218827711035,845,845,1155
placebo,all_alfworld,all,raw,D_factor::token::reward,average_precision,0.687878402049525,0.31471472660036903,0.8373307104259115,0.5805290852330173,845,845,1155
placebo,all_alfworld,all,raw,D_factor::token::reward,auroc_large_change_vs_rest,0.5795454545454546,0.19074675324675325,0.7,0.452686913678038,845,845,1155
placebo,all_alfworld,all,raw,D_factor::token::reward,top_quartile_mean_absolute_delta,0.07291666666666666,0.006023809523809524,0.18353070175438596,0.08058154844975962,845,845,1155
placebo,all_alfworld,all,raw,D_factor::token::reward,top_quartile_lift,0.9155187052490793,0.09866935079195115,1.666034765623963,0.8663195859296562,845,845,1155
placebo,all_alfworld,all,raw,D_orientation::token::reward,spearman,0.046573006898673504,-0.5274277776498859,0.2714447209846365,-0.12207218827711035,845,845,1155
placebo,all_alfworld,all,raw,D_orientation::token::reward,average_precision,0.687878402049525,0.31471472660036903,0.8373307104259115,0.5805290852330173,845,845,1155
placebo,all_alfworld,all,raw,D_orientation::token::reward,auroc_large_change_vs_rest,0.5795454545454546,0.19074675324675325,0.7,0.452686913678038,845,845,1155
placebo,all_alfworld,all,raw,D_orientation::token::reward,top_quartile_mean_absolute_delta,0.07291666666666666,0.006023809523809524,0.18353070175438596,0.08058154844975962,845,845,1155
placebo,all_alfworld,all,raw,D_orientation::token::reward,top_quartile_lift,0.9155187052490793,0.09866935079195115,1.666034765623963,0.8663195859296562,845,845,1155
placebo,all_alfworld,all,raw,D_factor_A1::token::reward_free,spearman,0.4991220361971047,-0.10246813536290042,0.6200632759616972,0.24841300764062077,845,845,1155
placebo,all_alfworld,all,raw,D_factor_A1::token::reward_free,average_precision,0.779527417027417,0.4139463834776335,0.9145129989627597,0.6814933110169095,845,845,1155
placebo,all_alfworld,all,raw,D_factor_A1::token::reward_free,auroc_large_change_vs_rest,0.7045454545454546,0.4051948051948052,0.8333333333333334,0.6180145052186472,845,845,1155
placebo,all_alfworld,all,raw,D_factor_A1::token::reward_free,top_quartile_mean_absolute_delta,0.1063063063063063,0.041660797213622286,0.21363196699134196,0.11363407670767099,845,845,1155
placebo,all_alfworld,all,raw,D_factor_A1::token::reward_free,top_quartile_lift,1.3347485061855304,0.5463682261322969,2.006138437548692,1.2531624777574206,845,845,1155
placebo,all_alfworld,all,raw,D_orientation_A1::token::reward_free,spearman,0.5413013631996769,-0.08247961152450317,0.6398280607721639,0.26912928810431314,845,845,1155
placebo,all_alfworld,all,raw,D_orientation_A1::token::reward_free,average_precision,0.7947773186409551,0.43087237506645404,0.9186158286158287,0.6876131435728501,845,845,1155
placebo,all_alfworld,all,raw,D_orientation_A1::token::reward_free,auroc_large_change_vs_rest,0.7386363636363636,0.41704545454545455,0.8452380952380952,0.62931712764553,845,845,1155
placebo,all_alfworld,all,raw,D_orientation_A1::token::reward_free,top_quartile_mean_absolute_delta,0.15277777777777776,0.08190848214285715,0.2606290849673203,0.15727275464067417,845,845,1155
placebo,all_alfworld,all,raw,D_orientation_A1::token::reward_free,top_quartile_lift,1.918229668140928,1.1009010038681613,2.4225604601737616,1.761833107362884,845,845,1155
placebo,all_alfworld,all,raw,D_factor::decision::reward,spearman,0.09841842967266853,-0.49765086172649825,0.296837013780602,-0.0948129971555055,845,845,1155
placebo,all_alfworld,all,raw,D_factor::decision::reward,average_precision,0.7051353874883286,0.32217243127314726,0.8410108579071426,0.5864313911669679,845,845,1155
placebo,all_alfworld,all,raw,D_factor::decision::reward,auroc_large_change_vs_rest,0.6136363636363636,0.20551948051948055,0.7154292929292928,0.46844727921651,845,845,1155
placebo,all_alfworld,all,raw,D_factor::decision::reward,top_quartile_mean_absolute_delta,0.07291666666666666,0.006023809523809524,0.18353070175438596,0.08058154844975962,845,845,1155
placebo,all_alfworld,all,raw,D_factor::decision::reward,top_quartile_lift,0.9155187052490793,0.09866935079195115,1.666034765623963,0.8663195859296562,845,845,1155
placebo,all_alfworld,all,raw,D_orientation::decision::reward,spearman,0.09226727781812674,-0.49788122744069935,0.28732140395484757,-0.09427674613105036,845,845,1155
placebo,all_alfworld,all,raw,D_orientation::decision::reward,average_precision,0.7022114108801415,0.32217243127314726,0.841529071872209,0.5863656449473754,845,845,1155
placebo,all_alfworld,all,raw,D_orientation::decision::reward,auroc_large_change_vs_rest,0.6022727272727273,0.20551948051948055,0.7154292929292928,0.4681856145169755,845,845,1155
placebo,all_alfworld,all,raw,D_orientation::decision::reward,top_quartile_mean_absolute_delta,0.07291666666666666,0.006023809523809524,0.18353070175438596,0.08058154844975962,845,845,1155
placebo,all_alfworld,all,raw,D_orientation::decision::reward,top_quartile_lift,0.9155187052490793,0.09866935079195115,1.666034765623963,0.8663195859296562,845,845,1155
placebo,all_alfworld,all,raw,D_factor_A1::decision::reward_free,spearman,0.5202116996983908,-0.1112854653984605,0.6200988499595127,0.2517845539310186,845,845,1155
placebo,all_alfworld,all,raw,D_factor_A1::decision::reward_free,average_precision,0.7922021160657525,0.4290241469057258,0.9242896525988632,0.6825411485450019,845,845,1155
placebo,all_alfworld,all,raw,D_factor_A1::decision::reward_free,auroc_large_change_vs_rest,0.7272727272727273,0.39285714285714285,0.8522727272727273,0.6176895491096674,845,845,1155
placebo,all_alfworld,all,raw,D_factor_A1::decision::reward_free,top_quartile_mean_absolute_delta,0.15277777777777776,0.08190848214285715,0.2606290849673203,0.15727275464067417,845,845,1155
placebo,all_alfworld,all,raw,D_factor_A1::decision::reward_free,top_quartile_lift,1.918229668140928,1.1009010038681613,2.4225604601737616,1.761833107362884,845,845,1155
placebo,all_alfworld,all,raw,D_orientation_A1::decision::reward_free,spearman,0.5166967557815098,-0.09331883165048481,0.642666221505339,0.26452121279187424,845,845,1155
placebo,all_alfworld,all,raw,D_orientation_A1::decision::reward_free,average_precision,0.8014373253009617,0.42644323950902896,0.9215760487076279,0.6893304631029485,845,845,1155
placebo,all_alfworld,all,raw,D_orientation_A1::decision::reward_free,auroc_large_change_vs_rest,0.7272727272727273,0.4114285714285714,0.8555555555555555,0.6245983060332173,845,845,1155
placebo,all_alfworld,all,raw,D_orientation_A1::decision::reward_free,top_quartile_mean_absolute_delta,0.15277777777777776,0.08190848214285715,0.2606290849673203,0.15727275464067417,845,845,1155
placebo,all_alfworld,all,raw,D_orientation_A1::decision::reward_free,top_quartile_lift,1.918229668140928,1.1009010038681613,2.4225604601737616,1.761833107362884,845,845,1155
placebo,all_alfworld,all,raw,D_factor::game::reward,spearman,0.15465753234276483,-0.4682582353249063,0.3071184531808595,-0.06674464840747772,845,845,1155
placebo,all_alfworld,all,raw,D_factor::game::reward,average_precision,0.7067948391477802,0.3249580549923319,0.8356847615748544,0.5937963837819978,845,845,1155
placebo,all_alfworld,all,raw,D_factor::game::reward,auroc_large_change_vs_rest,0.625,0.23814935064935064,0.7271645021645021,0.4887616541906483,845,845,1155
placebo,all_alfworld,all,raw,D_factor::game::reward,top_quartile_mean_absolute_delta,0.07291666666666666,0.006023809523809524,0.18353070175438596,0.08058154844975962,845,845,1155
placebo,all_alfworld,all,raw,D_factor::game::reward,top_quartile_lift,0.9155187052490793,0.09866935079195115,1.666034765623963,0.8663195859296562,845,845,1155
placebo,all_alfworld,all,raw,D_orientation::game::reward,spearman,0.10105463761032929,-0.49207550109781817,0.26348467359321104,-0.10149537804919502,845,845,1155
placebo,all_alfworld,all,raw,D_orientation::game::reward,average_precision,0.688719347388078,0.3178950364037162,0.812925172880668,0.5797130787171594,845,845,1155
placebo,all_alfworld,all,raw,D_orientation::game::reward,auroc_large_change_vs_rest,0.6022727272727273,0.21837606837606838,0.7045454545454546,0.47105555851117975,845,845,1155
placebo,all_alfworld,all,raw,D_orientation::game::reward,top_quartile_mean_absolute_delta,0.07291666666666666,0.006023809523809524,0.18353070175438596,0.08058154844975962,845,845,1155
placebo,all_alfworld,all,raw,D_orientation::game::reward,top_quartile_lift,0.9155187052490793,0.09866935079195115,1.666034765623963,0.8663195859296562,845,845,1155
placebo,all_alfworld,all,raw,D_factor_A1::game::reward_free,spearman,0.44551914146466914,-0.1352687245029242,0.595764743816113,0.22222968949577987,845,845,1155
placebo,all_alfworld,all,raw,D_factor_A1::game::reward_free,average_precision,0.7757624950806769,0.4243827823961753,0.8982227633477633,0.6758486857863429,845,845,1155
placebo,all_alfworld,all,raw,D_factor_A1::game::reward_free,auroc_large_change_vs_rest,0.6704545454545454,0.39746503496503494,0.8222222222222222,0.6046962669152018,845,845,1155
placebo,all_alfworld,all,raw,D_factor_A1::game::reward_free,top_quartile_mean_absolute_delta,0.1063063063063063,0.041660797213622286,0.21363196699134196,0.11363407670767099,845,845,1155
placebo,all_alfworld,all,raw,D_factor_A1::game::reward_free,top_quartile_lift,1.3347485061855304,0.5463682261322969,2.006138437548692,1.2531624777574206,845,845,1155
placebo,all_alfworld,all,raw,D_orientation_A1::game::reward_free,spearman,0.44112546156856786,-0.10530429760537866,0.6112443743109606,0.2374636200490093,845,845,1155
placebo,all_alfworld,all,raw,D_orientation_A1::game::reward_free,average_precision,0.7757624950806769,0.4259948979591836,0.908610161206315,0.6857352709834589,845,845,1155
placebo,all_alfworld,all,raw,D_orientation_A1::game::reward_free,auroc_large_change_vs_rest,0.6704545454545454,0.41034188034188035,0.8329545454545454,0.6131797640229594,845,845,1155
placebo,all_alfworld,all,raw,D_orientation_A1::game::reward_free,top_quartile_mean_absolute_delta,0.1063063063063063,0.041660797213622286,0.21363196699134196,0.11363407670767099,845,845,1155
placebo,all_alfworld,all,raw,D_orientation_A1::game::reward_free,top_quartile_lift,1.3347485061855304,0.5463682261322969,2.006138437548692,1.2531624777574206,845,845,1155
placebo,all_alfworld,all,absolute_readout,D_original::token::reward,spearman,0.029877023293488663,-0.4283816845605152,0.29783081168655157,-0.06804152251102781,845,845,1155
placebo,all_alfworld,all,absolute_readout,D_original::token::reward,average_precision,0.5374011015722245,0.3205237236595043,0.7433937364664919,0.537896979293331,845,845,1155
placebo,all_alfworld,all,absolute_readout,D_original::token::reward,auroc_large_change_vs_rest,0.4431818181818182,0.2261904761904762,0.7111111111111111,0.4724430172063308,845,845,1155
placebo,all_alfworld,all,absolute_readout,D_original::token::reward,top_quartile_mean_absolute_delta,0.06416666666666666,0.015135515069725597,0.15962878787878784,0.07476131503357032,845,845,1155
placebo,all_alfworld,all,absolute_readout,D_original::token::reward,top_quartile_lift,0.8056564606191898,0.2012152589558907,1.5272354716547025,0.826199215753629,845,845,1155
placebo,all_alfworld,all,absolute_readout,D_original::token::unsigned,spearman,-0.14411270059212178,-0.6113427959509896,0.18911608430477028,-0.2092507950477214,845,845,1155
placebo,all_alfworld,all,absolute_readout,D_original::token::unsigned,average_precision,0.6580563301819986,0.31445541619911366,0.7604443193337659,0.5654371112496714,845,845,1155
placebo,all_alfworld,all,absolute_readout,D_original::token::unsigned,auroc_large_change_vs_rest,0.4659090909090909,0.16666666666666666,0.6546703296703297,0.4092575143462717,845,845,1155
placebo,all_alfworld,all,absolute_readout,D_original::token::unsigned,top_quartile_mean_absolute_delta,0.06881720430107527,0.017877021563342317,0.15303681149879308,0.07365357373968967,845,845,1155
placebo,all_alfworld,all,absolute_readout,D_original::token::unsigned,top_quartile_lift,0.864047146705122,0.2291716197245979,1.478384653680582,0.8188513080060037,845,845,1155
placebo,all_alfworld,all,absolute_readout,D_centered_gate::token::reward,spearman,0.029877023293488663,-0.4283816845605152,0.29783081168655157,-0.06804152251102781,845,845,1155
placebo,all_alfworld,all,absolute_readout,D_centered_gate::token::reward,average_precision,0.5374011015722245,0.3205237236595043,0.7433937364664919,0.537896979293331,845,845,1155
placebo,all_alfworld,all,absolute_readout,D_centered_gate::token::reward,auroc_large_change_vs_rest,0.4431818181818182,0.2261904761904762,0.7111111111111111,0.4724430172063308,845,845,1155
placebo,all_alfworld,all,absolute_readout,D_centered_gate::token::reward,top_quartile_mean_absolute_delta,0.06416666666666666,0.015135515069725597,0.15962878787878784,0.07476131503357032,845,845,1155
placebo,all_alfworld,all,absolute_readout,D_centered_gate::token::reward,top_quartile_lift,0.8056564606191898,0.2012152589558907,1.5272354716547025,0.826199215753629,845,845,1155
placebo,all_alfworld,all,absolute_readout,D_centered_gate::token::unsigned,spearman,-0.14411270059212178,-0.6113427959509896,0.18911608430477028,-0.2092507950477214,845,845,1155
placebo,all_alfworld,all,absolute_readout,D_centered_gate::token::unsigned,average_precision,0.6580563301819986,0.31445541619911366,0.7604443193337659,0.5654371112496714,845,845,1155
placebo,all_alfworld,all,absolute_readout,D_centered_gate::token::unsigned,auroc_large_change_vs_rest,0.4659090909090909,0.16666666666666666,0.6546703296703297,0.4092575143462717,845,845,1155
placebo,all_alfworld,all,absolute_readout,D_centered_gate::token::unsigned,top_quartile_mean_absolute_delta,0.06881720430107527,0.017877021563342317,0.15303681149879308,0.07365357373968967,845,845,1155
placebo,all_alfworld,all,absolute_readout,D_centered_gate::token::unsigned,top_quartile_lift,0.864047146705122,0.2291716197245979,1.478384653680582,0.8188513080060037,845,845,1155
placebo,all_alfworld,all,absolute_readout,D_ungated::token::reward,spearman,0.1282954529661572,-0.4691550581324181,0.31550339011618667,-0.06284800691885346,845,845,1155
placebo,all_alfworld,all,absolute_readout,D_ungated::token::reward,average_precision,0.5960361533890945,0.32945782091514064,0.7957951912208876,0.5672651340584103,845,845,1155
placebo,all_alfworld,all,absolute_readout,D_ungated::token::reward,auroc_large_change_vs_rest,0.5113636363636364,0.23380952380952383,0.7222222222222222,0.47360241172371353,845,845,1155
placebo,all_alfworld,all,absolute_readout,D_ungated::token::reward,top_quartile_mean_absolute_delta,0.08541666666666667,0.012619047619047622,0.1993100649350649,0.09143855042214619,845,845,1155
placebo,all_alfworld,all,absolute_readout,D_ungated::token::reward,top_quartile_lift,1.0724647690060645,0.16831520062845662,1.7552911460171283,0.989536499851841,845,845,1155
placebo,all_alfworld,all,absolute_readout,D_ungated::token::unsigned,spearman,0.34885818375044114,-0.47541684650931554,0.3706508360351034,-0.022084090867080325,845,845,1155
placebo,all_alfworld,all,absolute_readout,D_ungated::token::unsigned,average_precision,0.7816279679916043,0.3611442094865727,0.8121917946174912,0.6183291835652673,845,845,1155
placebo,all_alfworld,all,absolute_readout,D_ungated::token::unsigned,auroc_large_change_vs_rest,0.6590909090909091,0.23814935064935064,0.7376190476190475,0.49306623028516516,845,845,1155
placebo,all_alfworld,all,absolute_readout,D_ungated::token::unsigned,top_quartile_mean_absolute_delta,0.10422297297297298,0.025089285714285717,0.2104007331799885,0.10686307082710933,845,845,1155
placebo,all_alfworld,all,absolute_readout,D_ungated::token::unsigned,top_quartile_lift,1.3085908288926997,0.37545452051794104,1.9458398006582922,1.1670088725934433,845,845,1155
placebo,all_alfworld,all,absolute_readout,D_signed::token::reward,spearman,-0.20562421913753962,-0.5485977272438667,0.05249694092268481,-0.25772899706460906,845,845,1155
placebo,all_alfworld,all,absolute_readout,D_signed::token::reward,average_precision,0.49933865896432744,0.29111093155210804,0.7417206173456173,0.5176290400930753,845,845,1155
placebo,all_alfworld,all,absolute_readout,D_signed::token::reward,auroc_large_change_vs_rest,0.36363636363636365,0.137012987012987,0.6022727272727273,0.38138471817465897,845,845,1155
placebo,all_alfworld,all,absolute_readout,D_signed::token::reward,top_quartile_mean_absolute_delta,0.03916666666666667,0.0057805429864253395,0.11847489316239315,0.04936338603948747,845,845,1155
placebo,all_alfworld,all,absolute_readout,D_signed::token::reward,top_quartile_lift,0.49176433310521983,0.07330134994566116,1.17754701655989,0.543447802910373,845,845,1155
placebo,all_alfworld,all,absolute_readout,D_signed::token::unsigned,spearman,-0.3145874805608512,-0.6086644214578044,0.04627117284190202,-0.2928425441303031,845,845,1155
placebo,all_alfworld,all,absolute_readout,D_signed::token::unsigned,average_precision,0.506468783741511,0.2882364934564183,0.7130553393606246,0.503192426262464,845,845,1155
placebo,all_alfworld,all,absolute_readout,D_signed::token::unsigned,auroc_large_change_vs_rest,0.38636363636363635,0.1311904761904762,0.5909090909090909,0.3690577059364041,845,845,1155
placebo,all_alfworld,all,absolute_readout,D_signed::token::unsigned,top_quartile_mean_absolute_delta,0.03264492753623188,0.012052242276700481,0.09125162827368709,0.04418502654325912,845,845,1155
placebo,all_alfworld,all,absolute_readout,D_signed::token::unsigned,top_quartile_lift,0.40987943027548845,0.1536222285401264,0.9681574495580519,0.501338020232446,845,845,1155
placebo,all_alfworld,all,absolute_readout,D_signed_gate::token::reward,spearman,-0.13620407677913948,-0.5391480098128122,0.0846409279498338,-0.21792175647077053,845,845,1155
placebo,all_alfworld,all,absolute_readout,D_signed_gate::token::reward,average_precision,0.5127819150546423,0.2976133333041227,0.6770825407491875,0.4918333891067311,845,845,1155
placebo,all_alfworld,all,absolute_readout,D_signed_gate::token::reward,auroc_large_change_vs_rest,0.3977272727272727,0.14833916083916085,0.6219047619047618,0.3884030762137271,845,845,1155
placebo,all_alfworld,all,absolute_readout,D_signed_gate::token::reward,top_quartile_mean_absolute_delta,0.026666666666666665,0.0075,0.09330865384615382,0.03932811788883471,845,845,1155
placebo,all_alfworld,all,absolute_readout,D_signed_gate::token::reward,top_quartile_lift,0.3348182693482347,0.09015437418311223,0.950353524396627,0.4380811734313605,845,845,1155
placebo,all_alfworld,all,absolute_readout,D_signed_gate::token::unsigned,spearman,0.12741671698693693,-0.3609404034520231,0.25858702338649026,-0.04438315016827971,845,845,1155
placebo,all_alfworld,all,absolute_readout,D_signed_gate::token::unsigned,average_precision,0.6334867153048971,0.32629819011397954,0.7348770962863682,0.5465405588696909,845,845,1155
placebo,all_alfworld,all,absolute_readout,D_signed_gate::token::unsigned,auroc_large_change_vs_rest,0.6022727272727273,0.25,0.7,0.48310835449888706,845,845,1155
placebo,all_alfworld,all,absolute_readout,D_signed_gate::token::unsigned,top_quartile_mean_absolute_delta,0.06639492753623188,0.01925189393939394,0.1737393162393162,0.07435976999413643,845,845,1155
placebo,all_alfworld,all,absolute_readout,D_signed_gate::token::unsigned,top_quartile_lift,0.8336338024193481,0.27453003993524816,1.5981285705673536,0.8201466857950797,845,845,1155
placebo,all_alfworld,all,absolute_readout,D_sign_balance::token::reward,spearman,-0.011423567729863311,-0.5475833303595015,0.13626212890393746,-0.19360502251664044,845,845,1155
placebo,all_alfworld,all,absolute_readout,D_sign_balance::token::reward,average_precision,0.6119507943037354,0.32473166821629895,0.7806471103748727,0.5740237879672487,845,845,1155
placebo,all_alfworld,all,absolute_readout,D_sign_balance::token::reward,auroc_large_change_vs_rest,0.45454545454545453,0.18763888888888888,0.633095238095238,0.4239483872472038,845,845,1155
placebo,all_alfworld,all,absolute_readout,D_sign_balance::token::reward,top_quartile_mean_absolute_delta,0.08472826086956523,0.020908995416348358,0.20276729323308268,0.09341181932491766,845,845,1155
placebo,all_alfworld,all,absolute_readout,D_sign_balance::token::reward,top_quartile_lift,1.0638213625962596,0.3125023933750908,1.8263410309571444,1.0193722632259872,845,845,1155
placebo,all_alfworld,all,absolute_readout,D_sign_balance::token::unsigned,spearman,0.13971902069602052,-0.44893362609982906,0.2150334863754281,-0.1129906682354122,845,845,1155
placebo,all_alfworld,all,absolute_readout,D_sign_balance::token::unsigned,average_precision,0.6281476099657918,0.3404212016054121,0.7941793158108947,0.5924883542490682,845,845,1155
placebo,all_alfworld,all,absolute_readout,D_sign_balance::token::unsigned,auroc_large_change_vs_rest,0.5795454545454546,0.2261904761904762,0.6930944055944056,0.461239542837176,845,845,1155
placebo,all_alfworld,all,absolute_readout,D_sign_balance::token::unsigned,top_quartile_mean_absolute_delta,0.08472826086956523,0.020908995416348358,0.20276729323308268,0.09341181932491766,845,845,1155
placebo,all_alfworld,all,absolute_readout,D_sign_balance::token::unsigned,top_quartile_lift,1.0638213625962596,0.3125023933750908,1.8263410309571444,1.0193722632259872,845,845,1155
placebo,all_alfworld,all,absolute_readout,D_negative_fraction::token::reward,spearman,0.19507938738689656,-0.4884887671752011,0.28503723666202607,-0.08972946755493467,845,845,1155
placebo,all_alfworld,all,absolute_readout,D_negative_fraction::token::reward,average_precision,0.6903198999455683,0.33995941401956437,0.7561540042344995,0.5786666822537847,845,845,1155
placebo,all_alfworld,all,absolute_readout,D_negative_fraction::token::reward,auroc_large_change_vs_rest,0.5568181818181818,0.2262987012987013,0.7,0.46753432793373617,845,845,1155
placebo,all_alfworld,all,absolute_readout,D_negative_fraction::token::reward,top_quartile_mean_absolute_delta,0.09972826086956521,0.021886904761904764,0.2099848484848485,0.10242947177506445,845,845,1155
placebo,all_alfworld,all,absolute_readout,D_negative_fraction::token::reward,top_quartile_lift,1.2521566391046415,0.3201999207815325,1.8553942815262698,1.1179524235664757,845,845,1155
placebo,all_alfworld,all,absolute_readout,D_negative_fraction::token::unsigned,spearman,0.1300529249245977,-0.5478540349089155,0.2706654476813909,-0.11600229686994014,845,845,1155
placebo,all_alfworld,all,absolute_readout,D_negative_fraction::token::unsigned,average_precision,0.6608093926275743,0.32310442872707906,0.7949783286520348,0.5756948714467688,845,845,1155
placebo,all_alfworld,all,absolute_readout,D_negative_fraction::token::unsigned,auroc_large_change_vs_rest,0.5568181818181818,0.19065934065934065,0.7050699300699301,0.44878474582616595,845,845,1155
placebo,all_alfworld,all,absolute_readout,D_negative_fraction::token::unsigned,top_quartile_mean_absolute_delta,0.08541666666666667,0.012619047619047622,0.1993100649350649,0.09143855042214619,845,845,1155
placebo,all_alfworld,all,absolute_readout,D_negative_fraction::token::unsigned,top_quartile_lift,1.0724647690060645,0.16831520062845662,1.7552911460171283,0.989536499851841,845,845,1155
placebo,all_alfworld,all,absolute_readout,D_adv::token::reward,spearman,0.11511441327785338,-0.2916095689984515,0.3593372260639777,0.026504182932722907,845,845,1155
placebo,all_alfworld,all,absolute_readout,D_adv::token::reward,average_precision,0.5822508596572769,0.34926721047270576,0.8156286751273651,0.5828549633149134,845,845,1155
placebo,all_alfworld,all,absolute_readout,D_adv::token::reward,auroc_large_change_vs_rest,0.5227272727272727,0.26141774891774894,0.7257936507936507,0.49731732600075795,845,845,1155
placebo,all_alfworld,all,absolute_readout,D_adv::token::reward,top_quartile_mean_absolute_delta,0.11486111111111111,0.061038053041729504,0.21961296056884289,0.1253148154608191,845,845,1155
placebo,all_alfworld,all,absolute_readout,D_adv::token::reward,top_quartile_lift,1.442159941411407,0.8049426048898243,2.0935324120017635,1.4065736354658565,845,845,1155
placebo,all_alfworld,all,absolute_readout,D_adv::token::unsigned,spearman,-0.3145874805608512,-0.6086644214578044,0.04627117284190202,-0.2928425441303031,845,845,1155
placebo,all_alfworld,all,absolute_readout,D_adv::token::unsigned,average_precision,0.506468783741511,0.2882364934564183,0.7130553393606246,0.503192426262464,845,845,1155
placebo,all_alfworld,all,absolute_readout,D_adv::token::unsigned,auroc_large_change_vs_rest,0.38636363636363635,0.1311904761904762,0.5909090909090909,0.3690577059364041,845,845,1155
placebo,all_alfworld,all,absolute_readout,D_adv::token::unsigned,top_quartile_mean_absolute_delta,0.03264492753623188,0.012052242276700481,0.09125162827368709,0.04418502654325912,845,845,1155
placebo,all_alfworld,all,absolute_readout,D_adv::token::unsigned,top_quartile_lift,0.40987943027548845,0.1536222285401264,0.9681574495580519,0.501338020232446,845,845,1155
placebo,all_alfworld,all,absolute_readout,D_adv_gate::token::reward,spearman,-0.05008795081555452,-0.4432847336151059,0.2176314688851911,-0.10874756628339954,845,845,1155
placebo,all_alfworld,all,absolute_readout,D_adv_gate::token::reward,average_precision,0.5905893349075167,0.3290225656496803,0.7516165214370957,0.541378260743558,845,845,1155
placebo,all_alfworld,all,absolute_readout,D_adv_gate::token::reward,auroc_large_change_vs_rest,0.5454545454545454,0.2,0.6666666666666666,0.43789179919357435,845,845,1155
placebo,all_alfworld,all,absolute_readout,D_adv_gate::token::reward,top_quartile_mean_absolute_delta,0.04791666666666666,0.007297794117647059,0.15178503787878778,0.054961934318015764,845,845,1155
placebo,all_alfworld,all,absolute_readout,D_adv_gate::token::reward,top_quartile_lift,0.6016265777351093,0.10094750483662791,1.3494440046245173,0.597355340072923,845,845,1155
placebo,all_alfworld,all,absolute_readout,D_adv_gate::token::unsigned,spearman,0.12741671698693693,-0.3609404034520231,0.25858702338649026,-0.04438315016827971,845,845,1155
placebo,all_alfworld,all,absolute_readout,D_adv_gate::token::unsigned,average_precision,0.6334867153048971,0.32629819011397954,0.7348770962863682,0.5465405588696909,845,845,1155
placebo,all_alfworld,all,absolute_readout,D_adv_gate::token::unsigned,auroc_large_change_vs_rest,0.6022727272727273,0.25,0.7,0.48310835449888706,845,845,1155
placebo,all_alfworld,all,absolute_readout,D_adv_gate::token::unsigned,top_quartile_mean_absolute_delta,0.06639492753623188,0.01925189393939394,0.1737393162393162,0.07435976999413643,845,845,1155
placebo,all_alfworld,all,absolute_readout,D_adv_gate::token::unsigned,top_quartile_lift,0.8336338024193481,0.27453003993524816,1.5981285705673536,0.8201466857950797,845,845,1155
placebo,all_alfworld,all,absolute_readout,D_sqrtadv::token::reward,spearman,-0.15202132440510407,-0.5092414448528889,0.128482850208811,-0.19955740699229507,845,845,1155
placebo,all_alfworld,all,absolute_readout,D_sqrtadv::token::reward,average_precision,0.494464121736849,0.30457592845750736,0.7471692637169215,0.5199962220562228,845,845,1155
placebo,all_alfworld,all,absolute_readout,D_sqrtadv::token::reward,auroc_large_change_vs_rest,0.3522727272727273,0.15401709401709401,0.6328571428571427,0.4017757390538456,845,845,1155
placebo,all_alfworld,all,absolute_readout,D_sqrtadv::token::reward,top_quartile_mean_absolute_delta,0.0538912429378531,0.013906382520274886,0.16403271593997398,0.06767982482259356,845,845,1155
placebo,all_alfworld,all,absolute_readout,D_sqrtadv::token::reward,top_quartile_lift,0.676641476005397,0.2058068152818205,1.51815040825109,0.739267485748701,845,845,1155
placebo,all_alfworld,all,absolute_readout,D_sqrtadv::token::unsigned,spearman,-0.3145874805608512,-0.6086644214578044,0.04627117284190202,-0.2928425441303031,845,845,1155
placebo,all_alfworld,all,absolute_readout,D_sqrtadv::token::unsigned,average_precision,0.506468783741511,0.2882364934564183,0.7130553393606246,0.503192426262464,845,845,1155
placebo,all_alfworld,all,absolute_readout,D_sqrtadv::token::unsigned,auroc_large_change_vs_rest,0.38636363636363635,0.1311904761904762,0.5909090909090909,0.3690577059364041,845,845,1155
placebo,all_alfworld,all,absolute_readout,D_sqrtadv::token::unsigned,top_quartile_mean_absolute_delta,0.03264492753623188,0.012052242276700481,0.09125162827368709,0.04418502654325912,845,845,1155
placebo,all_alfworld,all,absolute_readout,D_sqrtadv::token::unsigned,top_quartile_lift,0.40987943027548845,0.1536222285401264,0.9681574495580519,0.501338020232446,845,845,1155
placebo,all_alfworld,all,absolute_readout,D_work::token::reward,spearman,0.10544831750643056,-0.2520669819776183,0.37301071889695026,0.07068864843644714,845,845,1155
placebo,all_alfworld,all,absolute_readout,D_work::token::reward,average_precision,0.6542682362201079,0.3855342930633179,0.826611519607843,0.6098747766581646,845,845,1155
placebo,all_alfworld,all,absolute_readout,D_work::token::reward,auroc_large_change_vs_rest,0.6136363636363636,0.3069055944055944,0.7284415584415583,0.5201497269988394,845,845,1155
placebo,all_alfworld,all,absolute_readout,D_work::token::reward,top_quartile_mean_absolute_delta,0.11708937198067633,0.0637609408135724,0.1834550420168067,0.12067279165457462,845,845,1155
placebo,all_alfworld,all,absolute_readout,D_work::token::reward,top_quartile_lift,1.4701372832115651,0.796850798800345,2.058922028791831,1.3804366049275218,845,845,1155
placebo,all_alfworld,all,absolute_readout,D_work::token::unsigned,spearman,-0.16080868419730662,-0.4446021356091402,0.20787654885001286,-0.1224530625620467,845,845,1155
placebo,all_alfworld,all,absolute_readout,D_work::token::unsigned,average_precision,0.5420803943531216,0.3144002525252525,0.7821034429751534,0.5553922508444276,845,845,1155
placebo,all_alfworld,all,absolute_readout,D_work::token::unsigned,auroc_large_change_vs_rest,0.42045454545454547,0.23380952380952383,0.6477272727272727,0.44680327890387067,845,845,1155
placebo,all_alfworld,all,absolute_readout,D_work::token::unsigned,top_quartile_mean_absolute_delta,0.06838963963963965,0.01870891982864137,0.1777196869222731,0.08167613752781591,845,845,1155
placebo,all_alfworld,all,absolute_readout,D_work::token::unsigned,top_quartile_lift,0.8586787794560092,0.2657563463264241,1.6667197615772553,0.8979030058603933,845,845,1155
placebo,all_alfworld,all,absolute_readout,D_work_gate::token::reward,spearman,0.46485133300751474,-0.10138384894174834,0.6419763326638828,0.276458817049964,845,845,1155
placebo,all_alfworld,all,absolute_readout,D_work_gate::token::reward,average_precision,0.8306766762649115,0.43349171854976803,0.9135088324374038,0.7076253940762991,845,845,1155
placebo,all_alfworld,all,absolute_readout,D_work_gate::token::reward,auroc_large_change_vs_rest,0.7272727272727273,0.39285714285714285,0.8746794871794871,0.6289971698255722,845,845,1155
placebo,all_alfworld,all,absolute_readout,D_work_gate::token::reward,top_quartile_mean_absolute_delta,0.1338972815851961,0.07578130293619424,0.20107914048932532,0.1355985074166168,845,845,1155
placebo,all_alfworld,all,absolute_readout,D_work_gate::token::reward,top_quartile_lift,1.6811721034045732,0.929046796313758,2.3055830335738996,1.5547448390218532,845,845,1155
placebo,all_alfworld,all,absolute_readout,D_work_gate::token::unsigned,spearman,-0.029877023293488663,-0.360754151312786,0.3136952997525814,-0.01275624548507285,845,845,1155
placebo,all_alfworld,all,absolute_readout,D_work_gate::token::unsigned,average_precision,0.6138047484304168,0.34332415950063006,0.8314731190878107,0.587989625220312,845,845,1155
placebo,all_alfworld,all,absolute_readout,D_work_gate::token::unsigned,auroc_large_change_vs_rest,0.5113636363636364,0.2727272727272727,0.7,0.4955029487278008,845,845,1155
placebo,all_alfworld,all,absolute_readout,D_work_gate::token::unsigned,top_quartile_mean_absolute_delta,0.06463963963963963,0.021111315155432808,0.12962611325591605,0.0711337861077522,845,845,1155
placebo,all_alfworld,all,absolute_readout,D_work_gate::token::unsigned,top_quartile_lift,0.8115949603289135,0.26914681983680244,1.407592106407252,0.8044460110643237,845,845,1155
placebo,all_alfworld,all,absolute_readout,D_cos_raw::token::reward,spearman,-0.37961394302315005,-0.6228035749726872,-0.028666744694599466,-0.3347050004526288,845,845,1155
placebo,all_alfworld,all,absolute_readout,D_cos_raw::token::reward,average_precision,0.46799613784907895,0.2870192561673792,0.7278090449121313,0.507434398344907,845,845,1155
placebo,all_alfworld,all,absolute_readout,D_cos_raw::token::reward,auroc_large_change_vs_rest,0.2727272727272727,0.12222222222222222,0.5714285714285714,0.3491671592707096,845,845,1155
placebo,all_alfworld,all,absolute_readout,D_cos_raw::token::reward,top_quartile_mean_absolute_delta,0.03264492753623188,0.012052242276700481,0.09125162827368709,0.04418502654325912,845,845,1155
placebo,all_alfworld,all,absolute_readout,D_cos_raw::token::reward,top_quartile_lift,0.40987943027548845,0.1536222285401264,0.9681574495580519,0.501338020232446,845,845,1155
placebo,all_alfworld,all,absolute_readout,D_cos_raw::token::unsigned,spearman,-0.4077334943581982,-0.6127567527422461,0.010628430163416127,-0.3010658230956552,845,845,1155
placebo,all_alfworld,all,absolute_readout,D_cos_raw::token::unsigned,average_precision,0.4944685290941976,0.29920377959796357,0.6904136104079712,0.4958730215648404,845,845,1155
placebo,all_alfworld,all,absolute_readout,D_cos_raw::token::unsigned,auroc_large_change_vs_rest,0.3522727272727273,0.13095238095238096,0.5666666666666667,0.35994384149709596,845,845,1155
placebo,all_alfworld,all,absolute_readout,D_cos_raw::token::unsigned,top_quartile_mean_absolute_delta,0.03264492753623188,0.012052242276700481,0.09125162827368709,0.04418502654325912,845,845,1155
placebo,all_alfworld,all,absolute_readout,D_cos_raw::token::unsigned,top_quartile_lift,0.40987943027548845,0.1536222285401264,0.9681574495580519,0.501338020232446,845,845,1155
placebo,all_alfworld,all,absolute_readout,D_cos_centered::token::reward,spearman,-0.31195127262319045,-0.6328610099791012,-0.06265193291739157,-0.35485889684982685,845,845,1155
placebo,all_alfworld,all,absolute_readout,D_cos_centered::token::reward,average_precision,0.4947887970615243,0.2826502945675878,0.6933227424511702,0.4913013834947919,845,845,1155
placebo,all_alfworld,all,absolute_readout,D_cos_centered::token::reward,auroc_large_change_vs_rest,0.3522727272727273,0.11370129870129869,0.5568181818181818,0.3429322173552943,845,845,1155
placebo,all_alfworld,all,absolute_readout,D_cos_centered::token::reward,top_quartile_mean_absolute_delta,0.03264492753623188,0.012052242276700481,0.09125162827368709,0.04418502654325912,845,845,1155
placebo,all_alfworld,all,absolute_readout,D_cos_centered::token::reward,top_quartile_lift,0.40987943027548845,0.1536222285401264,0.9681574495580519,0.501338020232446,845,845,1155
placebo,all_alfworld,all,absolute_readout,D_cos_centered::token::unsigned,spearman,-0.35413059962576265,-0.6161773123488863,-0.02832770985072318,-0.32814757715644205,845,845,1155
placebo,all_alfworld,all,absolute_readout,D_cos_centered::token::unsigned,average_precision,0.5048666277275904,0.28554128828564923,0.6917444330298581,0.4931853960902744,845,845,1155
placebo,all_alfworld,all,absolute_readout,D_cos_centered::token::unsigned,auroc_large_change_vs_rest,0.38636363636363635,0.1225,0.5681818181818182,0.3539707054943741,845,845,1155
placebo,all_alfworld,all,absolute_readout,D_cos_centered::token::unsigned,top_quartile_mean_absolute_delta,0.03264492753623188,0.012052242276700481,0.09125162827368709,0.04418502654325912,845,845,1155
placebo,all_alfworld,all,absolute_readout,D_cos_centered::token::unsigned,top_quartile_lift,0.40987943027548845,0.1536222285401264,0.9681574495580519,0.501338020232446,845,845,1155
placebo,all_alfworld,all,absolute_readout,D_cos_centered_gate::token::reward,spearman,-0.33743461602057784,-0.6134421914408444,0.08436175561146338,-0.294431949399719,845,845,1155
placebo,all_alfworld,all,absolute_readout,D_cos_centered_gate::token::reward,average_precision,0.49203346415913257,0.2926740408284526,0.7119224768557518,0.49695389149607183,845,845,1155
placebo,all_alfworld,all,absolute_readout,D_cos_centered_gate::token::reward,auroc_large_change_vs_rest,0.3409090909090909,0.12847985347985347,0.6,0.36380011014626396,845,845,1155
placebo,all_alfworld,all,absolute_readout,D_cos_centered_gate::token::reward,top_quartile_mean_absolute_delta,0.026666666666666665,0.0075,0.09330865384615382,0.03932811788883471,845,845,1155
placebo,all_alfworld,all,absolute_readout,D_cos_centered_gate::token::reward,top_quartile_lift,0.3348182693482347,0.09015437418311223,0.950353524396627,0.4380811734313605,845,845,1155
placebo,all_alfworld,all,absolute_readout,D_cos_centered_gate::token::unsigned,spearman,0.036028175148030445,-0.38482920151568933,0.20706007039864988,-0.07733257908050864,845,845,1155
placebo,all_alfworld,all,absolute_readout,D_cos_centered_gate::token::unsigned,average_precision,0.5891865710047527,0.315068400995535,0.7298823516789104,0.5356146110485744,845,845,1155
placebo,all_alfworld,all,absolute_readout,D_cos_centered_gate::token::unsigned,auroc_large_change_vs_rest,0.5454545454545454,0.23333333333333334,0.6777777777777778,0.4659363778890406,845,845,1155
placebo,all_alfworld,all,absolute_readout,D_cos_centered_gate::token::unsigned,top_quartile_mean_absolute_delta,0.04764492753623188,0.01720788043478261,0.10523668831168831,0.05584318508332074,845,845,1155
placebo,all_alfworld,all,absolute_readout,D_cos_centered_gate::token::unsigned,top_quartile_lift,0.5982147067838705,0.22732430358937866,1.1723458364283512,0.6321726481151712,845,845,1155
placebo,all_alfworld,all,absolute_readout,D_cos_adv::token::reward,spearman,0.05272415875321528,-0.3660578748637721,0.3190379963313292,-0.025175377004884557,845,845,1155
placebo,all_alfworld,all,absolute_readout,D_cos_adv::token::reward,average_precision,0.5978844684727038,0.33240035184114125,0.8141163780848825,0.5745026875894077,845,845,1155
placebo,all_alfworld,all,absolute_readout,D_cos_adv::token::reward,auroc_large_change_vs_rest,0.5227272727272727,0.2276223776223776,0.7111111111111111,0.476239260410858,845,845,1155
placebo,all_alfworld,all,absolute_readout,D_cos_adv::token::reward,top_quartile_mean_absolute_delta,0.05791666666666666,0.01734162895927602,0.16600320512820513,0.0713422108619518,845,845,1155
placebo,all_alfworld,all,absolute_readout,D_cos_adv::token::reward,top_quartile_lift,0.7271834287406973,0.21781568897591483,1.5132902546840366,0.7815265925756906,845,845,1155
placebo,all_alfworld,all,absolute_readout,D_cos_adv::token::unsigned,spearman,-0.35413059962576265,-0.6161773123488863,-0.02832770985072318,-0.32814757715644205,845,845,1155
placebo,all_alfworld,all,absolute_readout,D_cos_adv::token::unsigned,average_precision,0.5048666277275904,0.28554128828564923,0.6917444330298581,0.4931853960902744,845,845,1155
placebo,all_alfworld,all,absolute_readout,D_cos_adv::token::unsigned,auroc_large_change_vs_rest,0.38636363636363635,0.1225,0.5681818181818182,0.3539707054943741,845,845,1155
placebo,all_alfworld,all,absolute_readout,D_cos_adv::token::unsigned,top_quartile_mean_absolute_delta,0.03264492753623188,0.012052242276700481,0.09125162827368709,0.04418502654325912,845,845,1155
placebo,all_alfworld,all,absolute_readout,D_cos_adv::token::unsigned,top_quartile_lift,0.40987943027548845,0.1536222285401264,0.9681574495580519,0.501338020232446,845,845,1155
placebo,all_alfworld,all,absolute_readout,D_cos_negative::token::reward,spearman,0.034270703189589934,-0.45647805180473744,0.26886008557246843,-0.08232469258100554,845,845,1155
placebo,all_alfworld,all,absolute_readout,D_cos_negative::token::reward,average_precision,0.5612647379358608,0.32996619043887954,0.7670975768850049,0.5552233231603484,845,845,1155
placebo,all_alfworld,all,absolute_readout,D_cos_negative::token::reward,auroc_large_change_vs_rest,0.4659090909090909,0.22727272727272727,0.7043290043290044,0.46461633698320093,845,845,1155
placebo,all_alfworld,all,absolute_readout,D_cos_negative::token::reward,top_quartile_mean_absolute_delta,0.07889492753623188,0.020339285714285716,0.18819999999999995,0.08626019092591783,845,845,1155
placebo,all_alfworld,all,absolute_readout,D_cos_negative::token::reward,top_quartile_lift,0.9905798661763331,0.2641658280204449,1.764600230184122,0.9474267171739141,845,845,1155
placebo,all_alfworld,all,absolute_readout,D_cos_negative::token::unsigned,spearman,0.44815534940232993,-0.3909731394120528,0.4662341747246739,0.05552318087426951,845,845,1155
placebo,all_alfworld,all,absolute_readout,D_cos_negative::token::unsigned,average_precision,0.8368227731864095,0.3745990716179055,0.8564214029948296,0.6489813407486129,845,845,1155
placebo,all_alfworld,all,absolute_readout,D_cos_negative::token::unsigned,auroc_large_change_vs_rest,0.7272727272727273,0.2728354978354978,0.7838869463869463,0.5330107663539616,845,845,1155
placebo,all_alfworld,all,absolute_readout,D_cos_negative::token::unsigned,top_quartile_mean_absolute_delta,0.11672297297297299,0.03446265479876161,0.22679848541980893,0.12036057888941075,845,845,1155
placebo,all_alfworld,all,absolute_readout,D_cos_negative::token::unsigned,top_quartile_lift,1.4655368926496848,0.48134509271496706,2.0732782271870285,1.3224802540578648,845,845,1155
placebo,all_alfworld,all,absolute_readout,D_soft::token::reward,spearman,-0.10193337358954956,-0.5076443180929305,0.11057871356393478,-0.18669627344419357,845,845,1155
placebo,all_alfworld,all,absolute_readout,D_soft::token::reward,average_precision,0.5424159174159174,0.3150421245421246,0.6619720514169448,0.4943797520610693,845,845,1155
placebo,all_alfworld,all,absolute_readout,D_soft::token::reward,auroc_large_change_vs_rest,0.45454545454545453,0.1580952380952381,0.6107142857142857,0.3967713975702142,845,845,1155
placebo,all_alfworld,all,absolute_readout,D_soft::token::reward,top_quartile_mean_absolute_delta,0.08611111111111111,0.046421052631578946,0.1475296052631579,0.09041795400606735,845,845,1155
placebo,all_alfworld,all,absolute_readout,D_soft::token::reward,top_quartile_lift,1.0811839947703414,0.5536890575018335,1.5955344886837806,1.0344283452831804,845,845,1155
placebo,all_alfworld,all,absolute_readout,D_soft::token::unsigned,spearman,0.33743461602057784,-0.2705535464432107,0.36906911127250697,0.05168039405122153,845,845,1155
placebo,all_alfworld,all,absolute_readout,D_soft::token::unsigned,average_precision,0.7330061649580366,0.36865926659125187,0.7565646264309637,0.5803723874555224,845,845,1155
placebo,all_alfworld,all,absolute_readout,D_soft::token::unsigned,auroc_large_change_vs_rest,0.7272727272727273,0.30068181818181816,0.7444444444444445,0.5328783182629336,845,845,1155
placebo,all_alfworld,all,absolute_readout,D_soft::token::unsigned,top_quartile_mean_absolute_delta,0.06847826086956521,0.020158492822966504,0.14088362068965515,0.07283419975420118,845,845,1155
placebo,all_alfworld,all,absolute_readout,D_soft::token::unsigned,top_quartile_lift,0.8597914797121788,0.24963790780210326,1.4481337716447256,0.8205486389509052,845,845,1155
placebo,all_alfworld,all,absolute_readout,D_soft_negative::token::reward,spearman,-0.008787359792202548,-0.40698636171406694,0.26636860881684654,-0.0721888361146628,845,845,1155
placebo,all_alfworld,all,absolute_readout,D_soft_negative::token::reward,average_precision,0.5374011015722245,0.3318759368549285,0.7410924247297702,0.5394666206360582,845,845,1155
placebo,all_alfworld,all,absolute_readout,D_soft_negative::token::reward,auroc_large_change_vs_rest,0.4431818181818182,0.245,0.7,0.4745057884259068,845,845,1155
placebo,all_alfworld,all,absolute_readout,D_soft_negative::token::reward,top_quartile_mean_absolute_delta,0.057644927536231884,0.021512838468720822,0.13744477213962508,0.06958295553734196,845,845,1155
placebo,all_alfworld,all,absolute_readout,D_soft_negative::token::reward,top_quartile_lift,0.7237715577894586,0.27751995524940676,1.4370355991399542,0.7840894330757019,845,845,1155
placebo,all_alfworld,all,absolute_readout,D_soft_negative::token::unsigned,spearman,-0.2970127609764461,-0.6742696539335248,0.17843222893655447,-0.2588768795412545,845,845,1155
placebo,all_alfworld,all,absolute_readout,D_soft_negative::token::unsigned,average_precision,0.5877811508159101,0.31334137171308224,0.7747231452102403,0.5562250457510922,845,845,1155
placebo,all_alfworld,all,absolute_readout,D_soft_negative::token::unsigned,auroc_large_change_vs_rest,0.3181818181818182,0.1311904761904762,0.6333333333333333,0.3816574040686467,845,845,1155
placebo,all_alfworld,all,absolute_readout,D_soft_negative::token::unsigned,top_quartile_mean_absolute_delta,0.054166666666666675,0.0020833333333333333,0.13916666666666666,0.058381038489634274,845,845,1155
placebo,all_alfworld,all,absolute_readout,D_soft_negative::token::unsigned,top_quartile_lift,0.6800996096136019,0.0282787269957678,1.33464338909685,0.6420279632508616,845,845,1155
placebo,all_alfworld,all,absolute_readout,D_soft_cos::token::reward,spearman,-0.21704778686740292,-0.5318736708800496,0.04541445775706162,-0.22833350494649832,845,845,1155
placebo,all_alfworld,all,absolute_readout,D_soft_cos::token::reward,average_precision,0.5255540211422565,0.3064623019416944,0.6565676799612006,0.48667261595904826,845,845,1155
placebo,all_alfworld,all,absolute_readout,D_soft_cos::token::reward,auroc_large_change_vs_rest,0.4318181818181818,0.14795454545454548,0.5907070707070707,0.3849266217017696,845,845,1155
placebo,all_alfworld,all,absolute_readout,D_soft_cos::token::reward,top_quartile_mean_absolute_delta,0.026666666666666665,0.0075,0.09330865384615382,0.03932811788883471,845,845,1155
placebo,all_alfworld,all,absolute_readout,D_soft_cos::token::reward,top_quartile_lift,0.3348182693482347,0.09015437418311223,0.950353524396627,0.4380811734313605,845,845,1155
placebo,all_alfworld,all,absolute_readout,D_soft_cos::token::unsigned,spearman,0.24956101809855236,-0.2724401012880327,0.32790160561073756,0.03414888952384885,845,845,1155
placebo,all_alfworld,all,absolute_readout,D_soft_cos::token::unsigned,average_precision,0.7018471724354077,0.3603136616488701,0.7505068795765241,0.5738451684207836,845,845,1155
placebo,all_alfworld,all,absolute_readout,D_soft_cos::token::unsigned,auroc_large_change_vs_rest,0.6818181818181818,0.2840909090909091,0.7385822510822511,0.5210449297579475,845,845,1155
placebo,all_alfworld,all,absolute_readout,D_soft_cos::token::unsigned,top_quartile_mean_absolute_delta,0.06847826086956521,0.020158492822966504,0.14088362068965515,0.07283419975420118,845,845,1155
placebo,all_alfworld,all,absolute_readout,D_soft_cos::token::unsigned,top_quartile_lift,0.8597914797121788,0.24963790780210326,1.4481337716447256,0.8205486389509052,845,845,1155
placebo,all_alfworld,all,absolute_readout,D_sigmoid::token::reward,spearman,-0.18277708367781298,-0.48597532835040697,0.12807072745511547,-0.18555743579758968,845,845,1155
placebo,all_alfworld,all,absolute_readout,D_sigmoid::token::reward,average_precision,0.5021344742601426,0.30462799289756387,0.7174452963923884,0.5115528948682926,845,845,1155
placebo,all_alfworld,all,absolute_readout,D_sigmoid::token::reward,auroc_large_change_vs_rest,0.36363636363636365,0.16666666666666666,0.6282142857142856,0.39739693409811755,845,845,1155
placebo,all_alfworld,all,absolute_readout,D_sigmoid::token::reward,top_quartile_mean_absolute_delta,0.026666666666666665,0.0075,0.09330865384615382,0.03932811788883471,845,845,1155
placebo,all_alfworld,all,absolute_readout,D_sigmoid::token::reward,top_quartile_lift,0.3348182693482347,0.09015437418311223,0.950353524396627,0.4380811734313605,845,845,1155
placebo,all_alfworld,all,absolute_readout,D_sigmoid::token::unsigned,spearman,0.01318103968830382,-0.3700066167186233,0.22216254205757088,-0.06390895075224627,845,845,1155
placebo,all_alfworld,all,absolute_readout,D_sigmoid::token::unsigned,average_precision,0.5808522582586755,0.3221286505032635,0.7344076808124795,0.5417474384129701,845,845,1155
placebo,all_alfworld,all,absolute_readout,D_sigmoid::token::unsigned,auroc_large_change_vs_rest,0.5340909090909091,0.23814935064935064,0.6888888888888889,0.4750473967189943,845,845,1155
placebo,all_alfworld,all,absolute_readout,D_sigmoid::token::unsigned,top_quartile_mean_absolute_delta,0.04514492753623188,0.02333225692436219,0.10321487560875432,0.05768253460556055,845,845,1155
placebo,all_alfworld,all,absolute_readout,D_sigmoid::token::unsigned,top_quartile_lift,0.5668254940324735,0.2656564595763399,1.1201811066837692,0.6568094016968674,845,845,1155
placebo,all_alfworld,all,absolute_readout,D_tauC_q25::token::reward,spearman,-0.036028175148030445,-0.5082296172477937,0.14296269430343803,-0.17551430806915228,845,845,1155
placebo,all_alfworld,all,absolute_readout,D_tauC_q25::token::reward,average_precision,0.5569567093631265,0.3141011307449001,0.670997876921311,0.49896259025219086,845,845,1155
placebo,all_alfworld,all,absolute_readout,D_tauC_q25::token::reward,auroc_large_change_vs_rest,0.5,0.16666666666666666,0.625,0.4098151339127671,845,845,1155
placebo,all_alfworld,all,absolute_readout,D_tauC_q25::token::reward,top_quartile_mean_absolute_delta,0.04791666666666666,0.0027884615384615383,0.15102083333333333,0.056005353277410595,845,845,1155
placebo,all_alfworld,all,absolute_readout,D_tauC_q25::token::reward,top_quartile_lift,0.6016265777351093,0.03313088545553905,1.374106882890341,0.6014184575295727,845,845,1155
placebo,all_alfworld,all,absolute_readout,D_tauC_q25::token::unsigned,spearman,0.11511441327785338,-0.3536199020632874,0.2748780032454897,-0.02488563917088065,845,845,1155
placebo,all_alfworld,all,absolute_readout,D_tauC_q25::token::unsigned,average_precision,0.6259109577291396,0.327894059522349,0.7332997046812836,0.5441590289377148,845,845,1155
placebo,all_alfworld,all,absolute_readout,D_tauC_q25::token::unsigned,auroc_large_change_vs_rest,0.6022727272727273,0.25555555555555554,0.7021428571428571,0.4839500637429632,845,845,1155
placebo,all_alfworld,all,absolute_readout,D_tauC_q25::token::unsigned,top_quartile_mean_absolute_delta,0.06639492753623188,0.01925189393939394,0.1737393162393162,0.07435976999413643,845,845,1155
placebo,all_alfworld,all,absolute_readout,D_tauC_q25::token::unsigned,top_quartile_lift,0.8336338024193481,0.27453003993524816,1.5981285705673536,0.8201466857950797,845,845,1155
placebo,all_alfworld,all,absolute_readout,D_tauC_q50::token::reward,spearman,0.06151151854541783,-0.509602124466348,0.17166222356546937,-0.14698023408873456,845,845,1155
placebo,all_alfworld,all,absolute_readout,D_tauC_q50::token::reward,average_precision,0.5757000575182393,0.32503043831168826,0.6699398155054264,0.5065627424097622,845,845,1155
placebo,all_alfworld,all,absolute_readout,D_tauC_q50::token::reward,auroc_large_change_vs_rest,0.5113636363636364,0.16714285714285715,0.6307142857142857,0.42566161484800535,845,845,1155
placebo,all_alfworld,all,absolute_readout,D_tauC_q50::token::reward,top_quartile_mean_absolute_delta,0.06875,0.0,0.175,0.0721746341265572,845,845,1155
placebo,all_alfworld,all,absolute_readout,D_tauC_q50::token::reward,top_quartile_lift,0.8632033506634178,0.0,1.6130142425576985,0.7719441639221343,845,845,1155
placebo,all_alfworld,all,absolute_readout,D_tauC_q50::token::unsigned,spearman,0.4059760223997577,-0.357148879260235,0.3631516384930236,0.019310130365149294,845,845,1155
placebo,all_alfworld,all,absolute_readout,D_tauC_q50::token::unsigned,average_precision,0.7515446674537583,0.3556924190241399,0.7620435241539969,0.5710476960505841,845,845,1155
placebo,all_alfworld,all,absolute_readout,D_tauC_q50::token::unsigned,auroc_large_change_vs_rest,0.75,0.2840909090909091,0.7444444444444445,0.5177714642359613,845,845,1155
placebo,all_alfworld,all,absolute_readout,D_tauC_q50::token::unsigned,top_quartile_mean_absolute_delta,0.08722826086956521,0.020251322751322753,0.1922392857142857,0.09052905084328303,845,845,1155
placebo,all_alfworld,all,absolute_readout,D_tauC_q50::token::unsigned,top_quartile_lift,1.0952105753476564,0.3011319055888743,1.7542215539990649,0.9906723921876411,845,845,1155
placebo,all_alfworld,all,absolute_readout,D_tauC_q75::token::reward,spearman,0.1903298358139613,-0.42963212326754247,0.20202022150243834,-0.11061029443571992,845,845,1155
placebo,all_alfworld,all,absolute_readout,D_tauC_q75::token::reward,average_precision,0.6203544227608399,0.34442065821543927,0.6670909309620056,0.5158198450748416,845,845,1155
placebo,all_alfworld,all,absolute_readout,D_tauC_q75::token::reward,auroc_large_change_vs_rest,0.5909090909090909,0.21444805194805194,0.6410256410256411,0.44538592242734254,845,845,1155
placebo,all_alfworld,all,absolute_readout,D_tauC_q75::token::reward,top_quartile_mean_absolute_delta,0.06875,0.0,0.175,0.0721746341265572,845,845,1155
placebo,all_alfworld,all,absolute_readout,D_tauC_q75::token::reward,top_quartile_lift,0.8632033506634178,0.0,1.6130142425576985,0.7719441639221343,845,845,1155
placebo,all_alfworld,all,absolute_readout,D_tauC_q75::token::unsigned,spearman,0.48923119459801134,-0.3272177803582419,0.3893950661662263,0.05702196709479051,845,845,1155
placebo,all_alfworld,all,absolute_readout,D_tauC_q75::token::unsigned,average_precision,0.756619769119769,0.36544459596704176,0.7653110324019414,0.5791244737397728,845,845,1155
placebo,all_alfworld,all,absolute_readout,D_tauC_q75::token::unsigned,auroc_large_change_vs_rest,0.7727272727272727,0.31681818181818183,0.7555555555555555,0.537413071806563,845,845,1155
placebo,all_alfworld,all,absolute_readout,D_tauC_q75::token::unsigned,top_quartile_mean_absolute_delta,0.08722826086956521,0.020251322751322753,0.1922392857142857,0.09052905084328303,845,845,1155
placebo,all_alfworld,all,absolute_readout,D_tauC_q75::token::unsigned,top_quartile_lift,1.0952105753476564,0.3011319055888743,1.7542215539990649,0.9906723921876411,845,845,1155
placebo,all_alfworld,all,absolute_readout,D_delta_q25::token::reward,spearman,-0.16608110007262814,-0.5888317609573659,0.027225837881468137,-0.27910709548691487,845,845,1155
placebo,all_alfworld,all,absolute_readout,D_delta_q25::token::reward,average_precision,0.523460125732853,0.2982235804087308,0.6744123191210933,0.5008556756767657,845,845,1155
placebo,all_alfworld,all,absolute_readout,D_delta_q25::token::reward,auroc_large_change_vs_rest,0.4090909090909091,0.137012987012987,0.5879545454545453,0.3787041771509227,845,845,1155
placebo,all_alfworld,all,absolute_readout,D_delta_q25::token::reward,top_quartile_mean_absolute_delta,0.05347826086956522,0.012245475113122172,0.1348867753623188,0.06035430739240573,845,845,1155
placebo,all_alfworld,all,absolute_readout,D_delta_q25::token::reward,top_quartile_lift,0.6714562032037968,0.1703193509568045,1.3094901215017387,0.6718637266250076,845,845,1155
placebo,all_alfworld,all,absolute_readout,D_delta_q25::token::unsigned,spearman,-0.11511441327785338,-0.538105627553841,0.06463834616806985,-0.24062104737908444,845,845,1155
placebo,all_alfworld,all,absolute_readout,D_delta_q25::token::unsigned,average_precision,0.5718892218892219,0.30769569298704635,0.6629739304669645,0.49967092786093015,845,845,1155
placebo,all_alfworld,all,absolute_readout,D_delta_q25::token::unsigned,auroc_large_change_vs_rest,0.5113636363636364,0.17777777777777778,0.6133838383838384,0.40372556273443844,845,845,1155
placebo,all_alfworld,all,absolute_readout,D_delta_q25::token::unsigned,top_quartile_mean_absolute_delta,0.04097826086956522,0.016388141025641026,0.09243103832442068,0.049275620282358136,845,845,1155
placebo,all_alfworld,all,absolute_readout,D_delta_q25::token::unsigned,top_quartile_lift,0.5145101394468119,0.19028554513498575,0.9904080907349964,0.5624339796893455,845,845,1155
placebo,all_alfworld,all,absolute_readout,D_delta_q50::token::reward,spearman,-0.06326899050385834,-0.5510264996151135,0.16505244705164038,-0.18990442898671822,845,845,1155
placebo,all_alfworld,all,absolute_readout,D_delta_q50::token::reward,average_precision,0.5974351702961328,0.3081110199569952,0.74392265462444,0.5462122195074707,845,845,1155
placebo,all_alfworld,all,absolute_readout,D_delta_q50::token::reward,auroc_large_change_vs_rest,0.4659090909090909,0.15476190476190477,0.6554761904761904,0.41200683931453164,845,845,1155
placebo,all_alfworld,all,absolute_readout,D_delta_q50::token::reward,top_quartile_mean_absolute_delta,0.05166666666666666,0.009867063492063493,0.14483408748114632,0.06390431306118373,845,845,1155
placebo,all_alfworld,all,absolute_readout,D_delta_q50::token::reward,top_quartile_lift,0.6487103968622048,0.145722639447639,1.412451761702228,0.7029823018314442,845,845,1155
placebo,all_alfworld,all,absolute_readout,D_delta_q50::token::unsigned,spearman,0.04217932700257223,-0.4970348205470098,0.28948978096867634,-0.0966577993622921,845,845,1155
placebo,all_alfworld,all,absolute_readout,D_delta_q50::token::unsigned,average_precision,0.7053694077758249,0.33383069495740886,0.7902992499572855,0.587377464734702,845,845,1155
placebo,all_alfworld,all,absolute_readout,D_delta_q50::token::unsigned,auroc_large_change_vs_rest,0.6022727272727273,0.19142857142857142,0.7045454545454546,0.46755983661309103,845,845,1155
placebo,all_alfworld,all,absolute_readout,D_delta_q50::token::unsigned,top_quartile_mean_absolute_delta,0.06597826086956522,0.02394741532976827,0.1505072396536212,0.07385181545470715,845,845,1155
placebo,all_alfworld,all,absolute_readout,D_delta_q50::token::unsigned,top_quartile_lift,0.828402266960782,0.3124461110522463,1.4786377442354737,0.8273351080894291,845,845,1155
placebo,all_alfworld,all,absolute_readout,D_delta_q75::token::reward,spearman,0.5323081551286538,-0.2130439286374687,0.5301860426604686,0.18748781187851196,845,845,1155
placebo,all_alfworld,all,absolute_readout,D_delta_q75::token::reward,average_precision,0.7801350164986528,0.38060849707936173,0.8935092742186043,0.6533126533223409,845,845,1155
placebo,all_alfworld,all,absolute_readout,D_delta_q75::token::reward,auroc_large_change_vs_rest,0.7272727272727273,0.35722402597402597,0.8268650793650792,0.5889412921069727,845,845,1155
placebo,all_alfworld,all,absolute_readout,D_delta_q75::token::reward,top_quartile_mean_absolute_delta,0.09125,0.021470454545454546,0.20881696428571428,0.10205241873279469,845,845,1155
placebo,all_alfworld,all,absolute_readout,D_delta_q75::token::reward,top_quartile_lift,1.1457062654259909,0.29969140540377087,1.869112298114867,1.111586797889323,845,845,1155
placebo,all_alfworld,all,absolute_readout,D_delta_q75::token::unsigned,spearman,0.44351686913692134,-0.18959441036881788,0.4879224401186957,0.157995452103012,845,845,1155
placebo,all_alfworld,all,absolute_readout,D_delta_q75::token::unsigned,average_precision,0.7992728231364595,0.37882471791624267,0.8874741255333362,0.6586856740474629,845,845,1155
placebo,all_alfworld,all,absolute_readout,D_delta_q75::token::unsigned,auroc_large_change_vs_rest,0.7386363636363636,0.3333333333333333,0.7888888888888889,0.5683218113247699,845,845,1155
placebo,all_alfworld,all,absolute_readout,D_delta_q75::token::unsigned,top_quartile_mean_absolute_delta,0.13991741741741742,0.07735717133743449,0.22880729166666666,0.14575552716792073,845,845,1155
placebo,all_alfworld,all,absolute_readout,D_delta_q75::token::unsigned,top_quartile_lift,1.7567590331765348,0.9633531673788578,2.372774814661282,1.6569099814709842,845,845,1155
placebo,all_alfworld,all,absolute_readout,D_winsor::token::reward,spearman,-0.19771559532455732,-0.5437304768305803,0.061823018333047895,-0.24624665096348036,845,845,1155
placebo,all_alfworld,all,absolute_readout,D_winsor::token::reward,average_precision,0.5033302556029828,0.298167735042735,0.750322854491683,0.5255331064534622,845,845,1155
placebo,all_alfworld,all,absolute_readout,D_winsor::token::reward,auroc_large_change_vs_rest,0.375,0.13717171717171717,0.6136363636363636,0.39210486751906864,845,845,1155
placebo,all_alfworld,all,absolute_readout,D_winsor::token::reward,top_quartile_mean_absolute_delta,0.03264492753623188,0.012052242276700481,0.09125162827368709,0.04418502654325912,845,845,1155
placebo,all_alfworld,all,absolute_readout,D_winsor::token::reward,top_quartile_lift,0.40987943027548845,0.1536222285401264,0.9681574495580519,0.501338020232446,845,845,1155
placebo,all_alfworld,all,absolute_readout,D_winsor::token::unsigned,spearman,-0.2970127609764461,-0.5810491738540017,0.026255761376009202,-0.2787251898472073,845,845,1155
placebo,all_alfworld,all,absolute_readout,D_winsor::token::unsigned,average_precision,0.5048666277275904,0.2897224109095239,0.7320063119384386,0.5158552188551198,845,845,1155
placebo,all_alfworld,all,absolute_readout,D_winsor::token::unsigned,auroc_large_change_vs_rest,0.38636363636363635,0.15384615384615385,0.5948051948051947,0.3786607524625276,845,845,1155
placebo,all_alfworld,all,absolute_readout,D_winsor::token::unsigned,top_quartile_mean_absolute_delta,0.03264492753623188,0.012052242276700481,0.09125162827368709,0.04418502654325912,845,845,1155
placebo,all_alfworld,all,absolute_readout,D_winsor::token::unsigned,top_quartile_lift,0.40987943027548845,0.1536222285401264,0.9681574495580519,0.501338020232446,845,845,1155
placebo,all_alfworld,all,absolute_readout,D_tanh::token::reward,spearman,-0.16432362811418763,-0.5708460237135373,0.06600378542903444,-0.2487476705043336,845,845,1155
placebo,all_alfworld,all,absolute_readout,D_tanh::token::reward,average_precision,0.5141835363092047,0.29561194340329683,0.7455282189553529,0.5391282331871985,845,845,1155
placebo,all_alfworld,all,absolute_readout,D_tanh::token::reward,auroc_large_change_vs_rest,0.38636363636363635,0.14843073593073594,0.6111111111111112,0.3946085932476465,845,845,1155
placebo,all_alfworld,all,absolute_readout,D_tanh::token::reward,top_quartile_mean_absolute_delta,0.057644927536231884,0.017784147869674187,0.14751718073593073,0.06876122171560814,845,845,1155
placebo,all_alfworld,all,absolute_readout,D_tanh::token::reward,top_quartile_lift,0.7237715577894586,0.237146105918379,1.4558025416258369,0.7662391486325295,845,845,1155
placebo,all_alfworld,all,absolute_readout,D_tanh::token::unsigned,spearman,-0.17398972388561043,-0.5315372176616903,0.14860076573217174,-0.2007720272649054,845,845,1155
placebo,all_alfworld,all,absolute_readout,D_tanh::token::unsigned,average_precision,0.55538653265926,0.3145948735892345,0.7664794552438718,0.5666508072024595,845,845,1155
placebo,all_alfworld,all,absolute_readout,D_tanh::token::unsigned,auroc_large_change_vs_rest,0.45454545454545453,0.17045454545454544,0.6333333333333333,0.41789712095925113,845,845,1155
placebo,all_alfworld,all,absolute_readout,D_tanh::token::unsigned,top_quartile_mean_absolute_delta,0.04514492753623188,0.02333225692436219,0.10321487560875432,0.05768253460556055,845,845,1155
placebo,all_alfworld,all,absolute_readout,D_tanh::token::unsigned,top_quartile_lift,0.5668254940324735,0.2656564595763399,1.1201811066837692,0.6568094016968674,845,845,1155
placebo,all_alfworld,all,absolute_readout,D_action_sign::token::reward,spearman,0.0008787359792202547,-0.4543395506217254,0.34701394592836127,-0.055581110921804615,845,845,1155
placebo,all_alfworld,all,absolute_readout,D_action_sign::token::reward,average_precision,0.6213483412012824,0.3275850562053431,0.8773825073636067,0.608735531989001,845,845,1155
placebo,all_alfworld,all,absolute_readout,D_action_sign::token::reward,auroc_large_change_vs_rest,0.4659090909090909,0.21654040404040406,0.7444444444444445,0.49250609679603763,845,845,1155
placebo,all_alfworld,all,absolute_readout,D_action_sign::token::reward,top_quartile_mean_absolute_delta,0.0725,0.023897664835164836,0.1708462656801851,0.08782812890951573,845,845,1155
placebo,all_alfworld,all,absolute_readout,D_action_sign::token::reward,top_quartile_lift,0.9102871697905132,0.31425023428838683,1.6967670227878608,0.9750993074424944,845,845,1155
placebo,all_alfworld,all,absolute_readout,D_action_sign::token::unsigned,spearman,0.38312888694003105,-0.012225032789813935,0.735753513098049,0.3713264075713165,845,845,1155
placebo,all_alfworld,all,absolute_readout,D_action_sign::token::unsigned,average_precision,0.7642179715709126,0.4589458499017322,0.9355409867909869,0.7291715307886708,845,845,1155
placebo,all_alfworld,all,absolute_readout,D_action_sign::token::unsigned,auroc_large_change_vs_rest,0.6136363636363636,0.4452380952380952,0.8842490842490841,0.672281837163494,845,845,1155
placebo,all_alfworld,all,absolute_readout,D_action_sign::token::unsigned,top_quartile_mean_absolute_delta,0.1403340840840841,0.07672654022806462,0.22328192601642777,0.14338677788358475,845,845,1155
placebo,all_alfworld,all,absolute_readout,D_action_sign::token::unsigned,top_quartile_lift,1.761990568635101,0.9473732094018273,2.3719985151169025,1.631647695829685,845,845,1155
placebo,all_alfworld,all,absolute_readout,D_action_adv::token::reward,spearman,0.030755759272708915,-0.35204918380753114,0.31978189447204186,-0.007761612968653499,845,845,1155
placebo,all_alfworld,all,absolute_readout,D_action_adv::token::reward,average_precision,0.6036940258196942,0.36313280575388046,0.8379188754848029,0.5876171685623869,845,845,1155
placebo,all_alfworld,all,absolute_readout,D_action_adv::token::reward,auroc_large_change_vs_rest,0.4659090909090909,0.23380952380952383,0.7159090909090909,0.47118550417366983,845,845,1155
placebo,all_alfworld,all,absolute_readout,D_action_adv::token::reward,top_quartile_mean_absolute_delta,0.14034498207885304,0.07065294514032028,0.23965971437982306,0.14494510360827828,845,845,1155
placebo,all_alfworld,all,absolute_readout,D_action_adv::token::reward,top_quartile_lift,1.7621274004256473,0.9593149857971253,2.3073219493634083,1.6274524708801437,845,845,1155
placebo,all_alfworld,all,absolute_readout,D_action_adv::token::unsigned,spearman,0.38312888694003105,-0.012225032789813935,0.735753513098049,0.3713264075713165,845,845,1155
placebo,all_alfworld,all,absolute_readout,D_action_adv::token::unsigned,average_precision,0.7642179715709126,0.4589458499017322,0.9355409867909869,0.7291715307886708,845,845,1155
placebo,all_alfworld,all,absolute_readout,D_action_adv::token::unsigned,auroc_large_change_vs_rest,0.6136363636363636,0.4452380952380952,0.8842490842490841,0.672281837163494,845,845,1155
placebo,all_alfworld,all,absolute_readout,D_action_adv::token::unsigned,top_quartile_mean_absolute_delta,0.1403340840840841,0.07672654022806462,0.22328192601642777,0.14338677788358475,845,845,1155
placebo,all_alfworld,all,absolute_readout,D_action_adv::token::unsigned,top_quartile_lift,1.761990568635101,0.9473732094018273,2.3719985151169025,1.631647695829685,845,845,1155
placebo,all_alfworld,all,absolute_readout,D_action_adv_clip::token::reward,spearman,0.014938511646744332,-0.5008299713716061,0.2549026464996256,-0.09720077815608391,845,845,1155
placebo,all_alfworld,all,absolute_readout,D_action_adv_clip::token::reward,average_precision,0.5981237122948353,0.3341471395176891,0.8278079385354925,0.5673614898512078,845,845,1155
placebo,all_alfworld,all,absolute_readout,D_action_adv_clip::token::reward,auroc_large_change_vs_rest,0.48863636363636365,0.19318181818181818,0.7104545454545453,0.4463297435634714,845,845,1155
placebo,all_alfworld,all,absolute_readout,D_action_adv_clip::token::reward,top_quartile_mean_absolute_delta,0.07923387096774194,0.02399950086357766,0.18896506063856114,0.09054180482305499,845,845,1155
placebo,all_alfworld,all,absolute_readout,D_action_adv_clip::token::reward,top_quartile_lift,0.9948355331692762,0.3124177132060525,1.741528975427426,0.9958341382144216,845,845,1155
placebo,all_alfworld,all,absolute_readout,D_action_adv_clip::token::unsigned,spearman,0.38312888694003105,-0.012225032789813935,0.735753513098049,0.3713264075713165,845,845,1155
placebo,all_alfworld,all,absolute_readout,D_action_adv_clip::token::unsigned,average_precision,0.7642179715709126,0.4589458499017322,0.9355409867909869,0.7291715307886708,845,845,1155
placebo,all_alfworld,all,absolute_readout,D_action_adv_clip::token::unsigned,auroc_large_change_vs_rest,0.6136363636363636,0.4452380952380952,0.8842490842490841,0.672281837163494,845,845,1155
placebo,all_alfworld,all,absolute_readout,D_action_adv_clip::token::unsigned,top_quartile_mean_absolute_delta,0.1403340840840841,0.07672654022806462,0.22328192601642777,0.14338677788358475,845,845,1155
placebo,all_alfworld,all,absolute_readout,D_action_adv_clip::token::unsigned,top_quartile_lift,1.761990568635101,0.9473732094018273,2.3719985151169025,1.631647695829685,845,845,1155
placebo,all_alfworld,all,absolute_readout,D_ratio_adv::token::reward,spearman,-0.25395469799465364,-0.5323507628551444,0.13057945479180327,-0.20243191351907963,845,845,1155
placebo,all_alfworld,all,absolute_readout,D_ratio_adv::token::reward,average_precision,0.48240924998946383,0.31102698790226435,0.7254793095290832,0.5124263807015563,845,845,1155
placebo,all_alfworld,all,absolute_readout,D_ratio_adv::token::reward,auroc_large_change_vs_rest,0.29545454545454547,0.15393772893772895,0.6303571428571427,0.38656392424143904,845,845,1155
placebo,all_alfworld,all,absolute_readout,D_ratio_adv::token::reward,top_quartile_mean_absolute_delta,0.03916666666666667,0.00833916083916084,0.10681227106227102,0.0501851198612213,845,845,1155
placebo,all_alfworld,all,absolute_readout,D_ratio_adv::token::reward,top_quartile_lift,0.49176433310521983,0.10171630070393657,1.104665052316181,0.5612980873535455,845,845,1155
placebo,all_alfworld,all,absolute_readout,D_ratio_adv::token::unsigned,spearman,0.19244317944923578,-0.18043402867881175,0.5323614707244577,0.1895095241152281,845,845,1155
placebo,all_alfworld,all,absolute_readout,D_ratio_adv::token::unsigned,average_precision,0.6118218390734573,0.3687322970123722,0.9130649549109302,0.6502682363130143,845,845,1155
placebo,all_alfworld,all,absolute_readout,D_ratio_adv::token::unsigned,auroc_large_change_vs_rest,0.4659090909090909,0.34444444444444444,0.8329545454545454,0.5887139947494976,845,845,1155
placebo,all_alfworld,all,absolute_readout,D_ratio_adv::token::unsigned,top_quartile_mean_absolute_delta,0.06880630630630631,0.028081183456183455,0.1583621011479047,0.08449046921387791,845,845,1155
placebo,all_alfworld,all,absolute_readout,D_ratio_adv::token::unsigned,top_quartile_lift,0.8639103149145754,0.37326298878952757,1.5629756647984958,0.9443922513918623,845,845,1155
placebo,all_alfworld,all,absolute_readout,D_policy_action_adv::token::reward,spearman,0.20210927522065858,-0.19904231390933044,0.5185893632971019,0.17052612702902417,845,845,1155
placebo,all_alfworld,all,absolute_readout,D_policy_action_adv::token::reward,average_precision,0.7078429146610965,0.4312774778016006,0.8857468322502597,0.6589328544804677,845,845,1155
placebo,all_alfworld,all,absolute_readout,D_policy_action_adv::token::reward,auroc_large_change_vs_rest,0.5568181818181818,0.3333333333333333,0.8202797202797202,0.5734354238792109,845,845,1155
placebo,all_alfworld,all,absolute_readout,D_policy_action_adv::token::reward,top_quartile_mean_absolute_delta,0.12340289168337282,0.07120958646616542,0.19546511440332637,0.12969607591944318,845,845,1155
placebo,all_alfworld,all,absolute_readout,D_policy_action_adv::token::reward,top_quartile_lift,1.549407848474796,0.8743679102668129,2.1879628122611297,1.4829520394118414,845,845,1155
placebo,all_alfworld,all,absolute_readout,D_policy_action_adv::token::unsigned,spearman,0.31019380066474994,-0.09390375747632466,0.6597526989978929,0.28614701564866907,845,845,1155
placebo,all_alfworld,all,absolute_readout,D_policy_action_adv::token::unsigned,average_precision,0.7732006555535967,0.5247939175670268,0.9236057381532494,0.7373636793387791,845,845,1155
placebo,all_alfworld,all,absolute_readout,D_policy_action_adv::token::unsigned,auroc_large_change_vs_rest,0.625,0.39285714285714285,0.875,0.6413696510590002,845,845,1155
placebo,all_alfworld,all,absolute_readout,D_policy_action_adv::token::unsigned,top_quartile_mean_absolute_delta,0.13569444444444445,0.07982609420939592,0.20757342657342656,0.14184794726018812,845,845,1155
placebo,all_alfworld,all,absolute_readout,D_policy_action_adv::token::unsigned,top_quartile_lift,1.7037367143397155,0.9795999169570543,2.3307297721622717,1.6229173974834004,845,845,1155
placebo,all_alfworld,all,absolute_readout,D_reward_only::token::reward,spearman,0.20826042707520037,-0.28367759638960255,0.4349578706111092,0.08742041301635242,845,845,1155
placebo,all_alfworld,all,absolute_readout,D_reward_only::token::reward,average_precision,0.6230977355977355,0.3610536272155163,0.8761667001544821,0.6095548556339848,845,845,1155
placebo,all_alfworld,all,absolute_readout,D_reward_only::token::reward,auroc_large_change_vs_rest,0.5681818181818182,0.3118181818181818,0.7769230769230767,0.5448423338660026,845,845,1155
placebo,all_alfworld,all,absolute_readout,D_reward_only::token::reward,top_quartile_mean_absolute_delta,0.08125,0.02443479437229437,0.1833623931623931,0.093426677188044,845,845,1155
placebo,all_alfworld,all,absolute_readout,D_reward_only::token::reward,top_quartile_lift,1.0201494144204029,0.3292509996473647,1.7573725363277546,1.0290068446050447,845,845,1155
placebo,all_alfworld,all,absolute_readout,D_reward_only::token::unsigned,spearman,,,,,0,845,1155
placebo,all_alfworld,all,absolute_readout,D_reward_only::token::unsigned,average_precision,0.5789473684210527,0.3210526315789474,0.7368421052631579,0.5395826845219558,845,845,1155
placebo,all_alfworld,all,absolute_readout,D_reward_only::token::unsigned,auroc_large_change_vs_rest,0.5,0.5,0.5,0.5,845,845,1155
placebo,all_alfworld,all,absolute_readout,D_reward_only::token::unsigned,top_quartile_mean_absolute_delta,0.07964519594040265,0.05839079502096246,0.12669587424432177,0.08879262743216164,845,845,1155
placebo,all_alfworld,all,absolute_readout,D_reward_only::token::unsigned,top_quartile_lift,1.0,0.9999999999999997,1.0000000000000002,1.0,845,845,1155
placebo,all_alfworld,all,absolute_readout,D_adv_negative_fraction::token::reward,spearman,-0.07306338028169014,-0.4362681158227066,0.33224553848681065,-0.05568661950767634,845,845,1155
placebo,all_alfworld,all,absolute_readout,D_adv_negative_fraction::token::reward,average_precision,0.5370910522226312,0.33420889965297856,0.7685759135151847,0.5548681241551717,845,845,1155
placebo,all_alfworld,all,absolute_readout,D_adv_negative_fraction::token::reward,auroc_large_change_vs_rest,0.42045454545454547,0.25113636363636366,0.6927525252525252,0.4746478800620813,845,845,1155
placebo,all_alfworld,all,absolute_readout,D_adv_negative_fraction::token::reward,top_quartile_mean_absolute_delta,0.05611950380741833,0.018191391941391945,0.1287039194915254,0.06303780101634908,845,845,1155
placebo,all_alfworld,all,absolute_readout,D_adv_negative_fraction::token::reward,top_quartile_lift,0.7046188178055554,0.2402746366794585,1.3087887130450102,0.7131304552103663,845,845,1155
placebo,all_alfworld,all,absolute_readout,D_adv_negative_fraction::token::unsigned,spearman,,,,,0,845,1155
placebo,all_alfworld,all,absolute_readout,D_adv_negative_fraction::token::unsigned,average_precision,0.5789473684210527,0.3210526315789474,0.7368421052631579,0.5395826845219558,845,845,1155
placebo,all_alfworld,all,absolute_readout,D_adv_negative_fraction::token::unsigned,auroc_large_change_vs_rest,0.5,0.5,0.5,0.5,845,845,1155
placebo,all_alfworld,all,absolute_readout,D_adv_negative_fraction::token::unsigned,top_quartile_mean_absolute_delta,0.07964519594040265,0.05839079502096246,0.12669587424432177,0.08879262743216164,845,845,1155
placebo,all_alfworld,all,absolute_readout,D_adv_negative_fraction::token::unsigned,top_quartile_lift,1.0,0.9999999999999997,1.0000000000000002,1.0,845,845,1155
placebo,all_alfworld,all,absolute_readout,C_raw::token::reward,spearman,-0.19859433130377757,-0.5025293444504444,0.20898426723679198,-0.13660989590734923,845,845,1155
placebo,all_alfworld,all,absolute_readout,C_raw::token::reward,average_precision,0.5585613806870491,0.32505026882547894,0.7362017958790681,0.5298809236247549,845,845,1155
placebo,all_alfworld,all,absolute_readout,C_raw::token::reward,auroc_large_change_vs_rest,0.4318181818181818,0.20238095238095238,0.6704545454545454,0.43264588632931833,845,845,1155
placebo,all_alfworld,all,absolute_readout,C_raw::token::reward,top_quartile_mean_absolute_delta,0.060144927536231886,0.01704385964912281,0.1366274154589372,0.06774360601510217,845,845,1155
placebo,all_alfworld,all,absolute_readout,C_raw::token::reward,top_quartile_lift,0.7551607705408556,0.204721966154186,1.3946702805798377,0.7594526794940057,845,845,1155
placebo,all_alfworld,all,absolute_readout,C_raw::token::unsigned,spearman,-0.05008795081555452,-0.3886863112853481,0.23909676665345508,-0.05797547992361598,845,845,1155
placebo,all_alfworld,all,absolute_readout,C_raw::token::unsigned,average_precision,0.5761516261516261,0.3367388853314605,0.7333487508424249,0.5449770470613742,845,845,1155
placebo,all_alfworld,all,absolute_readout,C_raw::token::unsigned,auroc_large_change_vs_rest,0.4659090909090909,0.22740259740259738,0.6785714285714286,0.46800415396569245,845,845,1155
placebo,all_alfworld,all,absolute_readout,C_raw::token::unsigned,top_quartile_mean_absolute_delta,0.10458937198067633,0.05799605263157894,0.1685593253968254,0.10981578968218803,845,845,1155
placebo,all_alfworld,all,absolute_readout,C_raw::token::unsigned,top_quartile_lift,1.3131912194545803,0.7129149920849455,1.9098989148489305,1.257219691005337,845,845,1155
placebo,all_alfworld,all,absolute_readout,C_centered::token::reward,spearman,0.04481553494023299,-0.3986990913320642,0.29018061551810426,-0.05564254643739451,845,845,1155
placebo,all_alfworld,all,absolute_readout,C_centered::token::reward,average_precision,0.5736700465310092,0.33809322496020855,0.744775245179657,0.5447649867134746,845,845,1155
placebo,all_alfworld,all,absolute_readout,C_centered::token::reward,auroc_large_change_vs_rest,0.4659090909090909,0.2505555555555556,0.6931818181818182,0.4772096723132226,845,845,1155
placebo,all_alfworld,all,absolute_readout,C_centered::token::reward,top_quartile_mean_absolute_delta,0.0626412429378531,0.012444029850746267,0.1499381944444444,0.06821616051257744,845,845,1155
placebo,all_alfworld,all,absolute_readout,C_centered::token::reward,top_quartile_lift,0.7865037206352865,0.1600158318860684,1.4033993377529377,0.7552402378882933,845,845,1155
placebo,all_alfworld,all,absolute_readout,C_centered::token::unsigned,spearman,0.2425311302647903,-0.38574762395749596,0.35476663920692947,-0.01165806657427099,845,845,1155
placebo,all_alfworld,all,absolute_readout,C_centered::token::unsigned,average_precision,0.7157691981221391,0.3450274524237372,0.778590827040309,0.5942355152208596,845,845,1155
placebo,all_alfworld,all,absolute_readout,C_centered::token::unsigned,auroc_large_change_vs_rest,0.6136363636363636,0.2857142857142857,0.7304195804195803,0.5054009846169609,845,845,1155
placebo,all_alfworld,all,absolute_readout,C_centered::token::unsigned,top_quartile_mean_absolute_delta,0.0897068439407149,0.02306459330143541,0.1932118226600985,0.09207777753033888,845,845,1155
placebo,all_alfworld,all,absolute_readout,C_centered::token::unsigned,top_quartile_lift,1.1263308838845878,0.3040582614052096,1.747279183499245,1.006556134823986,845,845,1155
placebo,all_alfworld,all,absolute_readout,C_adv_centered::token::reward,spearman,0.28295298530892204,-0.208269219342526,0.568937162813956,0.18841970988516757,845,845,1155
placebo,all_alfworld,all,absolute_readout,C_adv_centered::token::reward,average_precision,0.6653528215693991,0.3800268935325326,0.8930071236874089,0.6456500015479685,845,845,1155
placebo,all_alfworld,all,absolute_readout,C_adv_centered::token::reward,auroc_large_change_vs_rest,0.5568181818181818,0.3333333333333333,0.821103896103896,0.5760823676652079,845,845,1155
placebo,all_alfworld,all,absolute_readout,C_adv_centered::token::reward,top_quartile_mean_absolute_delta,0.0809005376344086,0.026420382079540266,0.1932772968058191,0.09385526749104563,845,845,1155
placebo,all_alfworld,all,absolute_readout,C_adv_centered::token::reward,top_quartile_lift,1.0157616750035408,0.3346887750075973,1.802071342780259,1.0311052990283236,845,845,1155
placebo,all_alfworld,all,absolute_readout,C_adv_centered::token::unsigned,spearman,0.2425311302647903,-0.38574762395749596,0.35476663920692947,-0.01165806657427099,845,845,1155
placebo,all_alfworld,all,absolute_readout,C_adv_centered::token::unsigned,average_precision,0.7157691981221391,0.3450274524237372,0.778590827040309,0.5942355152208596,845,845,1155
placebo,all_alfworld,all,absolute_readout,C_adv_centered::token::unsigned,auroc_large_change_vs_rest,0.6136363636363636,0.2857142857142857,0.7304195804195803,0.5054009846169609,845,845,1155
placebo,all_alfworld,all,absolute_readout,C_adv_centered::token::unsigned,top_quartile_mean_absolute_delta,0.0897068439407149,0.02306459330143541,0.1932118226600985,0.09207777753033888,845,845,1155
placebo,all_alfworld,all,absolute_readout,C_adv_centered::token::unsigned,top_quartile_lift,1.1263308838845878,0.3040582614052096,1.747279183499245,1.006556134823986,845,845,1155
placebo,all_alfworld,all,absolute_readout,M_delta_raw::token::magnitude,spearman,0.3708265832309475,-0.24443435034600325,0.4923172205759002,0.14687482343727468,845,845,1155
placebo,all_alfworld,all,absolute_readout,M_delta_raw::token::magnitude,average_precision,0.7010788453970271,0.37287774725274725,0.8662628468397701,0.6406166272242557,845,845,1155
placebo,all_alfworld,all,absolute_readout,M_delta_raw::token::magnitude,auroc_large_change_vs_rest,0.6022727272727273,0.31142857142857144,0.7816239316239315,0.558402769157207,845,845,1155
placebo,all_alfworld,all,absolute_readout,M_delta_raw::token::magnitude,top_quartile_mean_absolute_delta,0.0938063063063063,0.02846284271284271,0.20195421290932228,0.10236019010999794,845,845,1155
placebo,all_alfworld,all,absolute_readout,M_delta_raw::token::magnitude,top_quartile_lift,1.1778024424285454,0.39591853990397324,1.8675356362217588,1.1227449696837375,845,845,1155
placebo,all_alfworld,all,absolute_readout,M_delta_centered::token::magnitude,spearman,0.2521972260362131,-0.3325793948588994,0.4109848174813131,0.05268402216207714,845,845,1155
placebo,all_alfworld,all,absolute_readout,M_delta_centered::token::magnitude,average_precision,0.6931994698705928,0.3617578889610071,0.8479670384368526,0.6269066541947981,845,845,1155
placebo,all_alfworld,all,absolute_readout,M_delta_centered::token::magnitude,auroc_large_change_vs_rest,0.5113636363636364,0.2727272727272727,0.7555555555555555,0.5225490962029423,845,845,1155
placebo,all_alfworld,all,absolute_readout,M_delta_centered::token::magnitude,top_quartile_mean_absolute_delta,0.08755630630630631,0.02416933725470311,0.19275964696223316,0.09453195570897188,845,845,1155
placebo,all_alfworld,all,absolute_readout,M_delta_centered::token::magnitude,top_quartile_lift,1.099329410550053,0.33648814193670074,1.7971386626301293,1.0331575514390527,845,845,1155
placebo,all_alfworld,all,absolute_readout,M_original_norm::token::magnitude,spearman,-0.20035180326221808,-0.5286906485089871,0.22123907931646264,-0.14848825620052222,845,845,1155
placebo,all_alfworld,all,absolute_readout,M_original_norm::token::magnitude,average_precision,0.48642416782017117,0.30787963183474015,0.7794658809327926,0.5462163278449528,845,845,1155
placebo,all_alfworld,all,absolute_readout,M_original_norm::token::magnitude,auroc_large_change_vs_rest,0.2840909090909091,0.15984848484848485,0.6554761904761904,0.4091727749567986,845,845,1155
placebo,all_alfworld,all,absolute_readout,M_original_norm::token::magnitude,top_quartile_mean_absolute_delta,0.05583333333333333,0.011797531512605042,0.16210962757443742,0.07033283675341946,845,845,1155
placebo,all_alfworld,all,absolute_readout,M_original_norm::token::magnitude,top_quartile_lift,0.7010257514478665,0.16648868272961306,1.5502404614683891,0.7701672990372973,845,845,1155
placebo,all_alfworld,all,absolute_readout,M_control_norm::token::magnitude,spearman,-0.5808444822645884,-0.7038106076080838,-0.02922837225464923,-0.388888166634013,845,845,1155
placebo,all_alfworld,all,absolute_readout,M_control_norm::token::magnitude,average_precision,0.44823744367088025,0.2767785332756585,0.6630627055263278,0.47089229566261764,845,845,1155
placebo,all_alfworld,all,absolute_readout,M_control_norm::token::magnitude,auroc_large_change_vs_rest,0.20454545454545456,0.07992424242424243,0.5476190476190477,0.31015415879321206,845,845,1155
placebo,all_alfworld,all,absolute_readout,M_control_norm::token::magnitude,top_quartile_mean_absolute_delta,0.024583333333333336,0.00908516081871345,0.08074427655677652,0.03727532482090753,845,845,1155
placebo,all_alfworld,all,absolute_readout,M_control_norm::token::magnitude,top_quartile_lift,0.30866059205540397,0.11137346499379568,0.9008277073230861,0.4226587624363176,845,845,1155
placebo,all_alfworld,all,absolute_readout,M_kl::token::magnitude,spearman,0.33128346416603605,0.0018463909797987125,0.7021109049218316,0.356902886595284,845,845,1155
placebo,all_alfworld,all,absolute_readout,M_kl::token::magnitude,average_precision,0.7826587413274719,0.5314537714607375,0.9330875344555685,0.7457674606853135,845,845,1155
placebo,all_alfworld,all,absolute_readout,M_kl::token::magnitude,auroc_large_change_vs_rest,0.6590909090909091,0.4431818181818182,0.8777777777777778,0.6705783976050249,845,845,1155
placebo,all_alfworld,all,absolute_readout,M_kl::token::magnitude,top_quartile_mean_absolute_delta,0.13375603864734298,0.08219225788401484,0.20459779456654453,0.1403724965078892,845,845,1155
placebo,all_alfworld,all,absolute_readout,M_kl::token::magnitude,top_quartile_lift,1.6793987015542118,0.9751504859112302,2.300019815541147,1.605900378930689,845,845,1155
placebo,all_alfworld,all,absolute_readout,M_js::token::magnitude,spearman,0.36291795941796523,-0.03541240218964404,0.7030031730112544,0.3368406312756414,845,845,1155
placebo,all_alfworld,all,absolute_readout,M_js::token::magnitude,average_precision,0.8210659223817118,0.5235686579502369,0.9316763414193288,0.7469323134749299,845,845,1155
placebo,all_alfworld,all,absolute_readout,M_js::token::magnitude,auroc_large_change_vs_rest,0.7045454545454546,0.4433080808080808,0.8775,0.6631359649554915,845,845,1155
placebo,all_alfworld,all,absolute_readout,M_js::token::magnitude,top_quartile_mean_absolute_delta,0.13991741741741742,0.08643586765537985,0.21005870109362756,0.14657726098965454,845,845,1155
placebo,all_alfworld,all,absolute_readout,M_js::token::magnitude,top_quartile_lift,1.7567590331765348,1.0310971153935993,2.321411547355508,1.6747602659141565,845,845,1155
placebo,all_alfworld,all,absolute_readout,M_action_abs::token::magnitude,spearman,0.43145936579714506,-0.09881065041706043,0.6795966193640098,0.2934465410903723,845,845,1155
placebo,all_alfworld,all,absolute_readout,M_action_abs::token::magnitude,average_precision,0.861275712591502,0.4329770026262867,0.9373663724866933,0.7137293417840702,845,845,1155
placebo,all_alfworld,all,absolute_readout,M_action_abs::token::magnitude,auroc_large_change_vs_rest,0.75,0.37863636363636366,0.8997435897435897,0.648718101425202,845,845,1155
placebo,all_alfworld,all,absolute_readout,M_action_abs::token::magnitude,top_quartile_mean_absolute_delta,0.1486674174174174,0.08644640191679664,0.21572530809759183,0.14929910544441757,845,845,1155
placebo,all_alfworld,all,absolute_readout,M_action_abs::token::magnitude,top_quartile_lift,1.866621277806424,1.0583360315413881,2.450781498992559,1.7105939397297572,845,845,1155
placebo,all_alfworld,all,absolute_readout,D_original::decision::reward,spearman,0.023725871438946878,-0.44872183753886735,0.2628555266825275,-0.08077556359980602,845,845,1155
placebo,all_alfworld,all,absolute_readout,D_original::decision::reward,average_precision,0.543894608065731,0.3173938168845013,0.7334906945611874,0.5366482173788829,845,845,1155
placebo,all_alfworld,all,absolute_readout,D_original::decision::reward,auroc_large_change_vs_rest,0.45454545454545453,0.23333333333333334,0.7,0.46926809876514014,845,845,1155
placebo,all_alfworld,all,absolute_readout,D_original::decision::reward,top_quartile_mean_absolute_delta,0.06416666666666666,0.015135515069725597,0.15962878787878784,0.07476131503357032,845,845,1155
placebo,all_alfworld,all,absolute_readout,D_original::decision::reward,top_quartile_lift,0.8056564606191898,0.2012152589558907,1.5272354716547025,0.826199215753629,845,845,1155
placebo,all_alfworld,all,absolute_readout,D_original::decision::unsigned,spearman,-0.14411270059212178,-0.6113427959509896,0.18911608430477028,-0.2092507950477214,845,845,1155
placebo,all_alfworld,all,absolute_readout,D_original::decision::unsigned,average_precision,0.6580563301819986,0.31445541619911366,0.7604443193337659,0.5654371112496714,845,845,1155
placebo,all_alfworld,all,absolute_readout,D_original::decision::unsigned,auroc_large_change_vs_rest,0.4659090909090909,0.16666666666666666,0.6546703296703297,0.4092575143462717,845,845,1155
placebo,all_alfworld,all,absolute_readout,D_original::decision::unsigned,top_quartile_mean_absolute_delta,0.06881720430107527,0.017877021563342317,0.15303681149879308,0.07365357373968967,845,845,1155
placebo,all_alfworld,all,absolute_readout,D_original::decision::unsigned,top_quartile_lift,0.864047146705122,0.2291716197245979,1.478384653680582,0.8188513080060037,845,845,1155
placebo,all_alfworld,all,absolute_readout,D_centered_gate::decision::reward,spearman,0.023725871438946878,-0.44872183753886735,0.2628555266825275,-0.08077556359980602,845,845,1155
placebo,all_alfworld,all,absolute_readout,D_centered_gate::decision::reward,average_precision,0.543894608065731,0.3173938168845013,0.7334906945611874,0.5366482173788829,845,845,1155
placebo,all_alfworld,all,absolute_readout,D_centered_gate::decision::reward,auroc_large_change_vs_rest,0.45454545454545453,0.23333333333333334,0.7,0.46926809876514014,845,845,1155
placebo,all_alfworld,all,absolute_readout,D_centered_gate::decision::reward,top_quartile_mean_absolute_delta,0.06416666666666666,0.015135515069725597,0.15962878787878784,0.07476131503357032,845,845,1155
placebo,all_alfworld,all,absolute_readout,D_centered_gate::decision::reward,top_quartile_lift,0.8056564606191898,0.2012152589558907,1.5272354716547025,0.826199215753629,845,845,1155
placebo,all_alfworld,all,absolute_readout,D_centered_gate::decision::unsigned,spearman,-0.14411270059212178,-0.6113427959509896,0.18911608430477028,-0.2092507950477214,845,845,1155
placebo,all_alfworld,all,absolute_readout,D_centered_gate::decision::unsigned,average_precision,0.6580563301819986,0.31445541619911366,0.7604443193337659,0.5654371112496714,845,845,1155
placebo,all_alfworld,all,absolute_readout,D_centered_gate::decision::unsigned,auroc_large_change_vs_rest,0.4659090909090909,0.16666666666666666,0.6546703296703297,0.4092575143462717,845,845,1155
placebo,all_alfworld,all,absolute_readout,D_centered_gate::decision::unsigned,top_quartile_mean_absolute_delta,0.06881720430107527,0.017877021563342317,0.15303681149879308,0.07365357373968967,845,845,1155
placebo,all_alfworld,all,absolute_readout,D_centered_gate::decision::unsigned,top_quartile_lift,0.864047146705122,0.2291716197245979,1.478384653680582,0.8188513080060037,845,845,1155
placebo,all_alfworld,all,absolute_readout,D_ungated::decision::reward,spearman,0.13620407677913948,-0.4695733446905733,0.32329900115878857,-0.06013609068668099,845,845,1155
placebo,all_alfworld,all,absolute_readout,D_ungated::decision::reward,average_precision,0.6089739731450962,0.32550476065472195,0.7939049209403758,0.5657943448675528,845,845,1155
placebo,all_alfworld,all,absolute_readout,D_ungated::decision::reward,auroc_large_change_vs_rest,0.5340909090909091,0.23863636363636365,0.7267676767676766,0.47403552561836587,845,845,1155
placebo,all_alfworld,all,absolute_readout,D_ungated::decision::reward,top_quartile_mean_absolute_delta,0.07291666666666666,0.010632205513784462,0.17831249999999998,0.07953812949036478,845,845,1155
placebo,all_alfworld,all,absolute_readout,D_ungated::decision::reward,top_quartile_lift,0.9155187052490793,0.13828013782891752,1.6513564054710728,0.8622564684730067,845,845,1155
placebo,all_alfworld,all,absolute_readout,D_ungated::decision::unsigned,spearman,0.34446450385433985,-0.4739682868995873,0.37029934164341527,-0.023522576850608115,845,845,1155
placebo,all_alfworld,all,absolute_readout,D_ungated::decision::unsigned,average_precision,0.7816279679916043,0.35928093196240585,0.8110293146539275,0.6179603538596528,845,845,1155
placebo,all_alfworld,all,absolute_readout,D_ungated::decision::unsigned,auroc_large_change_vs_rest,0.6590909090909091,0.23863636363636365,0.7333333333333333,0.4925136599101096,845,845,1155
placebo,all_alfworld,all,absolute_readout,D_ungated::decision::unsigned,top_quartile_mean_absolute_delta,0.10422297297297298,0.025089285714285717,0.2104007331799885,0.10686307082710933,845,845,1155
placebo,all_alfworld,all,absolute_readout,D_ungated::decision::unsigned,top_quartile_lift,1.3085908288926997,0.37545452051794104,1.9458398006582922,1.1670088725934433,845,845,1155
placebo,all_alfworld,all,absolute_readout,D_signed::decision::reward,spearman,-0.18453455563625348,-0.5307552916058219,0.05969245185973658,-0.2476255689640454,845,845,1155
placebo,all_alfworld,all,absolute_readout,D_signed::decision::reward,average_precision,0.506468783741511,0.29434785097942995,0.7437848998729565,0.520157568495313,845,845,1155
placebo,all_alfworld,all,absolute_readout,D_signed::decision::reward,auroc_large_change_vs_rest,0.38636363636363635,0.14285714285714285,0.6111111111111112,0.39031211556359485,845,845,1155
placebo,all_alfworld,all,absolute_readout,D_signed::decision::reward,top_quartile_mean_absolute_delta,0.03916666666666667,0.0057805429864253395,0.11847489316239315,0.04936338603948747,845,845,1155
placebo,all_alfworld,all,absolute_readout,D_signed::decision::reward,top_quartile_lift,0.49176433310521983,0.07330134994566116,1.17754701655989,0.543447802910373,845,845,1155
placebo,all_alfworld,all,absolute_readout,D_signed::decision::unsigned,spearman,-0.2038667471790991,-0.5647383054431736,0.1203349564003638,-0.22449164107105868,845,845,1155
placebo,all_alfworld,all,absolute_readout,D_signed::decision::unsigned,average_precision,0.5315950463677737,0.30499365615464685,0.7385470672289282,0.5196132916516017,845,845,1155
placebo,all_alfworld,all,absolute_readout,D_signed::decision::unsigned,auroc_large_change_vs_rest,0.4431818181818182,0.15571428571428572,0.6333333333333333,0.40396514727875676,845,845,1155
placebo,all_alfworld,all,absolute_readout,D_signed::decision::unsigned,top_quartile_mean_absolute_delta,0.04514492753623188,0.02333225692436219,0.10321487560875432,0.05768253460556055,845,845,1155
placebo,all_alfworld,all,absolute_readout,D_signed::decision::unsigned,top_quartile_lift,0.5668254940324735,0.2656564595763399,1.1201811066837692,0.6568094016968674,845,845,1155
placebo,all_alfworld,all,absolute_readout,D_signed_gate::decision::reward,spearman,-0.09490348575578751,-0.5309214056686311,0.07017402756772119,-0.22506373621692152,845,845,1155
placebo,all_alfworld,all,absolute_readout,D_signed_gate::decision::reward,average_precision,0.5284729159729159,0.3086398762056657,0.6618010942049404,0.4883240989666693,845,845,1155
placebo,all_alfworld,all,absolute_readout,D_signed_gate::decision::reward,auroc_large_change_vs_rest,0.4431818181818182,0.15476190476190477,0.6071428571428571,0.38932108161398105,845,845,1155
placebo,all_alfworld,all,absolute_readout,D_signed_gate::decision::reward,top_quartile_mean_absolute_delta,0.026666666666666665,0.0075,0.09330865384615382,0.03932811788883471,845,845,1155
placebo,all_alfworld,all,absolute_readout,D_signed_gate::decision::reward,top_quartile_lift,0.3348182693482347,0.09015437418311223,0.950353524396627,0.4380811734313605,845,845,1155
placebo,all_alfworld,all,absolute_readout,D_signed_gate::decision::unsigned,spearman,0.1203868291531749,-0.3443556812510381,0.2605795560927504,-0.03226784812219234,845,845,1155
placebo,all_alfworld,all,absolute_readout,D_signed_gate::decision::unsigned,average_precision,0.6425776243958062,0.32227041233620185,0.7343526893949825,0.5497528790318159,845,845,1155
placebo,all_alfworld,all,absolute_readout,D_signed_gate::decision::unsigned,auroc_large_change_vs_rest,0.6022727272727273,0.26141774891774894,0.6929112554112554,0.48788810466325266,845,845,1155
placebo,all_alfworld,all,absolute_readout,D_signed_gate::decision::unsigned,top_quartile_mean_absolute_delta,0.06639492753623188,0.01925189393939394,0.1737393162393162,0.07435976999413643,845,845,1155
placebo,all_alfworld,all,absolute_readout,D_signed_gate::decision::unsigned,top_quartile_lift,0.8336338024193481,0.27453003993524816,1.5981285705673536,0.8201466857950797,845,845,1155
placebo,all_alfworld,all,absolute_readout,D_sign_balance::decision::reward,spearman,0.06151151854541783,-0.5195652734497185,0.15583457001453213,-0.16305796202789452,845,845,1155
placebo,all_alfworld,all,absolute_readout,D_sign_balance::decision::reward,average_precision,0.6367576867576866,0.3271647424995639,0.7825965858721423,0.5807079504474629,845,845,1155
placebo,all_alfworld,all,absolute_readout,D_sign_balance::decision::reward,auroc_large_change_vs_rest,0.5113636363636364,0.20492424242424245,0.6473989898989898,0.44423112718970703,845,845,1155
placebo,all_alfworld,all,absolute_readout,D_sign_balance::decision::reward,top_quartile_mean_absolute_delta,0.06597826086956522,0.01778030303030303,0.15863755117431586,0.07489523441410198,845,845,1155
placebo,all_alfworld,all,absolute_readout,D_sign_balance::decision::reward,top_quartile_lift,0.828402266960782,0.23875161998970684,1.5599753745140974,0.8313982255460788,845,845,1155
placebo,all_alfworld,all,absolute_readout,D_sign_balance::decision::unsigned,spearman,0.1942006514076763,-0.3884407916765759,0.245759319013713,-0.06903490483367014,845,845,1155
placebo,all_alfworld,all,absolute_readout,D_sign_balance::decision::unsigned,average_precision,0.6905064929129101,0.3407495690583926,0.8162113739457911,0.5988737807757188,845,845,1155
placebo,all_alfworld,all,absolute_readout,D_sign_balance::decision::unsigned,auroc_large_change_vs_rest,0.6136363636363636,0.23102564102564105,0.7267676767676766,0.48223782299226087,845,845,1155
placebo,all_alfworld,all,absolute_readout,D_sign_balance::decision::unsigned,top_quartile_mean_absolute_delta,0.06597826086956522,0.02394741532976827,0.1505072396536212,0.07385181545470715,845,845,1155
placebo,all_alfworld,all,absolute_readout,D_sign_balance::decision::unsigned,top_quartile_lift,0.828402266960782,0.3124461110522463,1.4786377442354737,0.8273351080894291,845,845,1155
placebo,all_alfworld,all,absolute_readout,D_negative_fraction::decision::reward,spearman,0.17135351594794968,-0.5026250569040797,0.2649689585752979,-0.10344116260363918,845,845,1155
placebo,all_alfworld,all,absolute_readout,D_negative_fraction::decision::reward,average_precision,0.6788436311163584,0.3395669493413854,0.7554295177863714,0.5774051333018828,845,845,1155
placebo,all_alfworld,all,absolute_readout,D_negative_fraction::decision::reward,auroc_large_change_vs_rest,0.5454545454545454,0.21428571428571427,0.6921245421245421,0.46395032646511936,845,845,1155
placebo,all_alfworld,all,absolute_readout,D_negative_fraction::decision::reward,top_quartile_mean_absolute_delta,0.09972826086956521,0.021886904761904764,0.2099848484848485,0.10242947177506445,845,845,1155
placebo,all_alfworld,all,absolute_readout,D_negative_fraction::decision::reward,top_quartile_lift,1.2521566391046415,0.3201999207815325,1.8553942815262698,1.1179524235664757,845,845,1155
placebo,all_alfworld,all,absolute_readout,D_negative_fraction::decision::unsigned,spearman,0.13093166090381797,-0.534403938424061,0.27483191936411683,-0.10962412507874564,845,845,1155
placebo,all_alfworld,all,absolute_readout,D_negative_fraction::decision::unsigned,average_precision,0.6608093926275743,0.32797029058832466,0.7934783155686518,0.5774980621952482,845,845,1155
placebo,all_alfworld,all,absolute_readout,D_negative_fraction::decision::unsigned,auroc_large_change_vs_rest,0.5568181818181818,0.20520202020202022,0.7111111111111111,0.4533226996540606,845,845,1155
placebo,all_alfworld,all,absolute_readout,D_negative_fraction::decision::unsigned,top_quartile_mean_absolute_delta,0.08541666666666667,0.012619047619047622,0.1993100649350649,0.09143855042214619,845,845,1155
placebo,all_alfworld,all,absolute_readout,D_negative_fraction::decision::unsigned,top_quartile_lift,1.0724647690060645,0.16831520062845662,1.7552911460171283,0.989536499851841,845,845,1155
placebo,all_alfworld,all,absolute_readout,D_adv::decision::reward,spearman,0.04393679896101274,-0.3773553963605472,0.33075210807227723,-0.022267606202573398,845,845,1155
placebo,all_alfworld,all,absolute_readout,D_adv::decision::reward,average_precision,0.5960037734101905,0.3295835565624238,0.8194332642034475,0.5760145872609496,845,845,1155
placebo,all_alfworld,all,absolute_readout,D_adv::decision::reward,auroc_large_change_vs_rest,0.5454545454545454,0.23863636363636365,0.7111111111111111,0.47677691309348114,845,845,1155
placebo,all_alfworld,all,absolute_readout,D_adv::decision::reward,top_quartile_mean_absolute_delta,0.05791666666666666,0.01734162895927602,0.16600320512820513,0.0713422108619518,845,845,1155
placebo,all_alfworld,all,absolute_readout,D_adv::decision::reward,top_quartile_lift,0.7271834287406973,0.21781568897591483,1.5132902546840366,0.7815265925756906,845,845,1155
placebo,all_alfworld,all,absolute_readout,D_adv::decision::unsigned,spearman,-0.2038667471790991,-0.5647383054431736,0.1203349564003638,-0.22449164107105868,845,845,1155
placebo,all_alfworld,all,absolute_readout,D_adv::decision::unsigned,average_precision,0.5315950463677737,0.30499365615464685,0.7385470672289282,0.5196132916516017,845,845,1155
placebo,all_alfworld,all,absolute_readout,D_adv::decision::unsigned,auroc_large_change_vs_rest,0.4431818181818182,0.15571428571428572,0.6333333333333333,0.40396514727875676,845,845,1155
placebo,all_alfworld,all,absolute_readout,D_adv::decision::unsigned,top_quartile_mean_absolute_delta,0.04514492753623188,0.02333225692436219,0.10321487560875432,0.05768253460556055,845,845,1155
placebo,all_alfworld,all,absolute_readout,D_adv::decision::unsigned,top_quartile_lift,0.5668254940324735,0.2656564595763399,1.1201811066837692,0.6568094016968674,845,845,1155
placebo,all_alfworld,all,absolute_readout,D_adv_gate::decision::reward,spearman,-0.05272415875321528,-0.437618888398098,0.2533289894927199,-0.09192963058157912,845,845,1155
placebo,all_alfworld,all,absolute_readout,D_adv_gate::decision::reward,average_precision,0.577331759149941,0.33066194240854235,0.7546480856450491,0.5462187253259306,845,845,1155
placebo,all_alfworld,all,absolute_readout,D_adv_gate::decision::reward,auroc_large_change_vs_rest,0.5113636363636364,0.2187728937728938,0.6659090909090907,0.44309521018100895,845,845,1155
placebo,all_alfworld,all,absolute_readout,D_adv_gate::decision::reward,top_quartile_mean_absolute_delta,0.10486111111111111,0.04901339285714286,0.20287811942959,0.10893453891688304,845,845,1155
placebo,all_alfworld,all,absolute_readout,D_adv_gate::decision::reward,top_quartile_lift,1.316603090405819,0.6023124048636479,1.8820505720282847,1.2224023829630888,845,845,1155
placebo,all_alfworld,all,absolute_readout,D_adv_gate::decision::unsigned,spearman,0.1203868291531749,-0.3443556812510381,0.2605795560927504,-0.03226784812219234,845,845,1155
placebo,all_alfworld,all,absolute_readout,D_adv_gate::decision::unsigned,average_precision,0.6425776243958062,0.32227041233620185,0.7343526893949825,0.5497528790318159,845,845,1155
placebo,all_alfworld,all,absolute_readout,D_adv_gate::decision::unsigned,auroc_large_change_vs_rest,0.6022727272727273,0.26141774891774894,0.6929112554112554,0.48788810466325266,845,845,1155
placebo,all_alfworld,all,absolute_readout,D_adv_gate::decision::unsigned,top_quartile_mean_absolute_delta,0.06639492753623188,0.01925189393939394,0.1737393162393162,0.07435976999413643,845,845,1155
placebo,all_alfworld,all,absolute_readout,D_adv_gate::decision::unsigned,top_quartile_lift,0.8336338024193481,0.27453003993524816,1.5981285705673536,0.8201466857950797,845,845,1155
placebo,all_alfworld,all,absolute_readout,D_sqrtadv::decision::reward,spearman,-0.14059775667524077,-0.5229373888881034,0.0795242884024927,-0.22737757012779625,845,845,1155
placebo,all_alfworld,all,absolute_readout,D_sqrtadv::decision::reward,average_precision,0.5084168356895629,0.29942517822519754,0.7388427601107026,0.521601202650119,845,845,1155
placebo,all_alfworld,all,absolute_readout,D_sqrtadv::decision::reward,auroc_large_change_vs_rest,0.38636363636363635,0.15555555555555556,0.6136363636363636,0.40128367030733897,845,845,1155
placebo,all_alfworld,all,absolute_readout,D_sqrtadv::decision::reward,top_quartile_mean_absolute_delta,0.06389492753623188,0.019554241899068757,0.17991183688387635,0.07724253847577105,845,845,1155
placebo,all_alfworld,all,absolute_readout,D_sqrtadv::decision::reward,top_quartile_lift,0.8022445896679511,0.25087237926437767,1.6660945865320282,0.8488465568334257,845,845,1155
placebo,all_alfworld,all,absolute_readout,D_sqrtadv::decision::unsigned,spearman,-0.2038667471790991,-0.5647383054431736,0.1203349564003638,-0.22449164107105868,845,845,1155
placebo,all_alfworld,all,absolute_readout,D_sqrtadv::decision::unsigned,average_precision,0.5315950463677737,0.30499365615464685,0.7385470672289282,0.5196132916516017,845,845,1155
placebo,all_alfworld,all,absolute_readout,D_sqrtadv::decision::unsigned,auroc_large_change_vs_rest,0.4431818181818182,0.15571428571428572,0.6333333333333333,0.40396514727875676,845,845,1155
placebo,all_alfworld,all,absolute_readout,D_sqrtadv::decision::unsigned,top_quartile_mean_absolute_delta,0.04514492753623188,0.02333225692436219,0.10321487560875432,0.05768253460556055,845,845,1155
placebo,all_alfworld,all,absolute_readout,D_sqrtadv::decision::unsigned,top_quartile_lift,0.5668254940324735,0.2656564595763399,1.1201811066837692,0.6568094016968674,845,845,1155
placebo,all_alfworld,all,absolute_readout,D_work::decision::reward,spearman,0.01669598360518484,-0.3180775306890936,0.3885500257322173,0.05273996759305331,845,845,1155
placebo,all_alfworld,all,absolute_readout,D_work::decision::reward,average_precision,0.6121929763640993,0.385140363162809,0.8225413610420241,0.6031662471278174,845,845,1155
placebo,all_alfworld,all,absolute_readout,D_work::decision::reward,auroc_large_change_vs_rest,0.5340909090909091,0.2857142857142857,0.7272727272727273,0.5139367897060205,845,845,1155
placebo,all_alfworld,all,absolute_readout,D_work::decision::reward,top_quartile_mean_absolute_delta,0.10909498207885304,0.059584189964563515,0.1735195622142293,0.11188759167576637,845,845,1155
placebo,all_alfworld,all,absolute_readout,D_work::decision::reward,top_quartile_lift,1.369762241033185,0.7499252006351546,1.94578693708714,1.279943934279164,845,845,1155
placebo,all_alfworld,all,absolute_readout,D_work::decision::unsigned,spearman,-0.04130059102335197,-0.3793868464401092,0.35514029020700444,0.007766206540074874,845,845,1155
placebo,all_alfworld,all,absolute_readout,D_work::decision::unsigned,average_precision,0.5671492648765376,0.33515827843835355,0.8643826394730999,0.6011834303376341,845,845,1155
placebo,all_alfworld,all,absolute_readout,D_work::decision::unsigned,auroc_large_change_vs_rest,0.4318181818181818,0.2727272727272727,0.7376190476190475,0.5035580248154213,845,845,1155
placebo,all_alfworld,all,absolute_readout,D_work::decision::unsigned,top_quartile_mean_absolute_delta,0.08686790050920486,0.03671714772865668,0.20463505116959063,0.10107397320393657,845,845,1155
placebo,all_alfworld,all,absolute_readout,D_work::decision::unsigned,top_quartile_lift,1.090686004140248,0.46092559759676743,1.9153262598968246,1.1206943515825498,845,845,1155
placebo,all_alfworld,all,absolute_readout,D_work_gate::decision::reward,spearman,0.44991282136077043,-0.0942449775667359,0.6348733089878509,0.2722174764264341,845,845,1155
placebo,all_alfworld,all,absolute_readout,D_work_gate::decision::reward,average_precision,0.8218382924265277,0.4339521827624437,0.9135242315549701,0.7069853432139673,845,845,1155
placebo,all_alfworld,all,absolute_readout,D_work_gate::decision::reward,auroc_large_change_vs_rest,0.7159090909090909,0.3933150183150183,0.8775,0.6277191628227132,845,845,1155
placebo,all_alfworld,all,absolute_readout,D_work_gate::decision::reward,top_quartile_mean_absolute_delta,0.1338972815851961,0.07578130293619424,0.20107914048932532,0.1355985074166168,845,845,1155
placebo,all_alfworld,all,absolute_readout,D_work_gate::decision::reward,top_quartile_lift,1.6811721034045732,0.929046796313758,2.3055830335738996,1.5547448390218532,845,845,1155
placebo,all_alfworld,all,absolute_readout,D_work_gate::decision::unsigned,spearman,-0.007908623812982293,-0.34072145999540515,0.3473249873265019,0.014254762943384265,845,845,1155
placebo,all_alfworld,all,absolute_readout,D_work_gate::decision::unsigned,average_precision,0.6196128292384977,0.35019828959678584,0.8489679866926149,0.6057646673124153,845,845,1155
placebo,all_alfworld,all,absolute_readout,D_work_gate::decision::unsigned,auroc_large_change_vs_rest,0.5113636363636364,0.27380952380952384,0.7159090909090909,0.50917167973381,845,845,1155
placebo,all_alfworld,all,absolute_readout,D_work_gate::decision::unsigned,top_quartile_mean_absolute_delta,0.08311790050920485,0.037827635004105596,0.1536031123481781,0.09053162178387285,845,845,1155
placebo,all_alfworld,all,absolute_readout,D_work_gate::decision::unsigned,top_quartile_lift,1.0436021850131523,0.48281661154377836,1.6339464512097082,1.02723735678648,845,845,1155
placebo,all_alfworld,all,absolute_readout,D_cos_raw::decision::reward,spearman,-0.3884013028153526,-0.6162053789191045,-0.037241716210022105,-0.3366626963988311,845,845,1155
placebo,all_alfworld,all,absolute_readout,D_cos_raw::decision::reward,average_precision,0.46799613784907895,0.2848091791541178,0.7267267377961704,0.5069856342373658,845,845,1155
placebo,all_alfworld,all,absolute_readout,D_cos_raw::decision::reward,auroc_large_change_vs_rest,0.2727272727272727,0.12535714285714286,0.5714285714285714,0.34817568197745713,845,845,1155
placebo,all_alfworld,all,absolute_readout,D_cos_raw::decision::reward,top_quartile_mean_absolute_delta,0.03264492753623188,0.012052242276700481,0.09125162827368709,0.04418502654325912,845,845,1155
placebo,all_alfworld,all,absolute_readout,D_cos_raw::decision::reward,top_quartile_lift,0.40987943027548845,0.1536222285401264,0.9681574495580519,0.501338020232446,845,845,1155
placebo,all_alfworld,all,absolute_readout,D_cos_raw::decision::unsigned,spearman,-0.35852427952186394,-0.5794769884899758,0.06331881565937947,-0.2593785142658307,845,845,1155
placebo,all_alfworld,all,absolute_readout,D_cos_raw::decision::unsigned,average_precision,0.5065897412154097,0.29974835917221754,0.7119368287503558,0.5093684062121424,845,845,1155
placebo,all_alfworld,all,absolute_readout,D_cos_raw::decision::unsigned,auroc_large_change_vs_rest,0.375,0.143015873015873,0.5952380952380952,0.382079000880776,845,845,1155
placebo,all_alfworld,all,absolute_readout,D_cos_raw::decision::unsigned,top_quartile_mean_absolute_delta,0.026666666666666665,0.010192911255411255,0.07671008403361342,0.03828469892943988,845,845,1155
placebo,all_alfworld,all,absolute_readout,D_cos_raw::decision::unsigned,top_quartile_lift,0.3348182693482347,0.1319853143799701,0.7947268971366995,0.434018055974711,845,845,1155
placebo,all_alfworld,all,absolute_readout,D_cos_centered::decision::reward,spearman,-0.30140644087254737,-0.6040522798457224,-0.04951589897086311,-0.33530370589764424,845,845,1155
placebo,all_alfworld,all,absolute_readout,D_cos_centered::decision::reward,average_precision,0.49544255506822343,0.28555796055796057,0.6952440310939357,0.4934559125421311,845,845,1155
placebo,all_alfworld,all,absolute_readout,D_cos_centered::decision::reward,auroc_large_change_vs_rest,0.3522727272727273,0.11936507936507937,0.5666666666666667,0.35129545832208553,845,845,1155
placebo,all_alfworld,all,absolute_readout,D_cos_centered::decision::reward,top_quartile_mean_absolute_delta,0.03264492753623188,0.012052242276700481,0.09125162827368709,0.04418502654325912,845,845,1155
placebo,all_alfworld,all,absolute_readout,D_cos_centered::decision::reward,top_quartile_lift,0.40987943027548845,0.1536222285401264,0.9681574495580519,0.501338020232446,845,845,1155
placebo,all_alfworld,all,absolute_readout,D_cos_centered::decision::unsigned,spearman,-0.28998287314268406,-0.5898463796407971,-0.00017621316359741753,-0.29735217609677717,845,845,1155
placebo,all_alfworld,all,absolute_readout,D_cos_centered::decision::unsigned,average_precision,0.5321393550003175,0.2928339918963537,0.7144423137307925,0.5055743327235621,845,845,1155
placebo,all_alfworld,all,absolute_readout,D_cos_centered::decision::unsigned,auroc_large_change_vs_rest,0.4318181818181818,0.12904761904761905,0.5793686868686868,0.3691624302718977,845,845,1155
placebo,all_alfworld,all,absolute_readout,D_cos_centered::decision::unsigned,top_quartile_mean_absolute_delta,0.035144927536231885,0.01240050505050505,0.07728880330196118,0.0413022580616245,845,845,1155
placebo,all_alfworld,all,absolute_readout,D_cos_centered::decision::unsigned,top_quartile_lift,0.4412686430268855,0.15134046298094533,0.9100485356566331,0.4726381491941,845,845,1155
placebo,all_alfworld,all,absolute_readout,D_cos_centered_gate::decision::reward,spearman,-0.33304093612447655,-0.6335889838625037,0.07385269395752612,-0.31370827975737803,845,845,1155
placebo,all_alfworld,all,absolute_readout,D_cos_centered_gate::decision::reward,average_precision,0.49933865896432744,0.2881608152196387,0.7024024204870835,0.4950013564680753,845,845,1155
placebo,all_alfworld,all,absolute_readout,D_cos_centered_gate::decision::reward,auroc_large_change_vs_rest,0.36363636363636365,0.10714285714285714,0.5883333333333333,0.35773499840067885,845,845,1155
placebo,all_alfworld,all,absolute_readout,D_cos_centered_gate::decision::reward,top_quartile_mean_absolute_delta,0.026666666666666665,0.0075,0.09330865384615382,0.03932811788883471,845,845,1155
placebo,all_alfworld,all,absolute_readout,D_cos_centered_gate::decision::reward,top_quartile_lift,0.3348182693482347,0.09015437418311223,0.950353524396627,0.4380811734313605,845,845,1155
placebo,all_alfworld,all,absolute_readout,D_cos_centered_gate::decision::unsigned,spearman,0.05448163071165579,-0.37381041017671257,0.2254794254179824,-0.05941149883605667,845,845,1155
placebo,all_alfworld,all,absolute_readout,D_cos_centered_gate::decision::unsigned,average_precision,0.5954997023178841,0.31839914267449093,0.7325792180352789,0.5392071345830973,845,845,1155
placebo,all_alfworld,all,absolute_readout,D_cos_centered_gate::decision::unsigned,auroc_large_change_vs_rest,0.5568181818181818,0.23921717171717174,0.6784920634920635,0.47404482926672276,845,845,1155
placebo,all_alfworld,all,absolute_readout,D_cos_centered_gate::decision::unsigned,top_quartile_mean_absolute_delta,0.04764492753623188,0.01720788043478261,0.10523668831168831,0.05584318508332074,845,845,1155
placebo,all_alfworld,all,absolute_readout,D_cos_centered_gate::decision::unsigned,top_quartile_lift,0.5982147067838705,0.22732430358937866,1.1723458364283512,0.6321726481151712,845,845,1155
placebo,all_alfworld,all,absolute_readout,D_cos_adv::decision::reward,spearman,0.012302303709083567,-0.4002141408267535,0.3081326123245607,-0.04463626982304021,845,845,1155
placebo,all_alfworld,all,absolute_readout,D_cos_adv::decision::reward,average_precision,0.606493283899701,0.3306640357728786,0.8099338343762572,0.5707592920505348,845,845,1155
placebo,all_alfworld,all,absolute_readout,D_cos_adv::decision::reward,auroc_large_change_vs_rest,0.5454545454545454,0.2187728937728938,0.7043290043290044,0.46871079610724586,845,845,1155
placebo,all_alfworld,all,absolute_readout,D_cos_adv::decision::reward,top_quartile_mean_absolute_delta,0.05791666666666666,0.01734162895927602,0.16600320512820513,0.0713422108619518,845,845,1155
placebo,all_alfworld,all,absolute_readout,D_cos_adv::decision::reward,top_quartile_lift,0.7271834287406973,0.21781568897591483,1.5132902546840366,0.7815265925756906,845,845,1155
placebo,all_alfworld,all,absolute_readout,D_cos_adv::decision::unsigned,spearman,-0.28998287314268406,-0.5898463796407971,-0.00017621316359741753,-0.29735217609677717,845,845,1155
placebo,all_alfworld,all,absolute_readout,D_cos_adv::decision::unsigned,average_precision,0.5321393550003175,0.2928339918963537,0.7144423137307925,0.5055743327235621,845,845,1155
placebo,all_alfworld,all,absolute_readout,D_cos_adv::decision::unsigned,auroc_large_change_vs_rest,0.4318181818181818,0.12904761904761905,0.5793686868686868,0.3691624302718977,845,845,1155
placebo,all_alfworld,all,absolute_readout,D_cos_adv::decision::unsigned,top_quartile_mean_absolute_delta,0.035144927536231885,0.01240050505050505,0.07728880330196118,0.0413022580616245,845,845,1155
placebo,all_alfworld,all,absolute_readout,D_cos_adv::decision::unsigned,top_quartile_lift,0.4412686430268855,0.15134046298094533,0.9100485356566331,0.4726381491941,845,845,1155
placebo,all_alfworld,all,absolute_readout,D_cos_negative::decision::reward,spearman,0.028119551335048152,-0.4484173654822245,0.25467610240737515,-0.08050304205377516,845,845,1155
placebo,all_alfworld,all,absolute_readout,D_cos_negative::decision::reward,average_precision,0.5709869601580831,0.336118397426447,0.7672902961638585,0.5556215927790498,845,845,1155
placebo,all_alfworld,all,absolute_readout,D_cos_negative::decision::reward,auroc_large_change_vs_rest,0.48863636363636365,0.23809523809523808,0.7111111111111111,0.4690946069052578,845,845,1155
placebo,all_alfworld,all,absolute_readout,D_cos_negative::decision::reward,top_quartile_mean_absolute_delta,0.060144927536231886,0.020747354497354497,0.127922601010101,0.06670018705570732,845,845,1155
placebo,all_alfworld,all,absolute_readout,D_cos_negative::decision::reward,top_quartile_lift,0.7551607705408556,0.2729267473493943,1.345702063086564,0.755389562037356,845,845,1155
placebo,all_alfworld,all,absolute_readout,D_cos_negative::decision::unsigned,spearman,0.39718866260755514,-0.42506969409304185,0.3937778875830288,0.014100424321726167,845,845,1155
placebo,all_alfworld,all,absolute_readout,D_cos_negative::decision::unsigned,average_precision,0.8195067558703922,0.36894667675682713,0.8375556337764005,0.635514901533653,845,845,1155
placebo,all_alfworld,all,absolute_readout,D_cos_negative::decision::unsigned,auroc_large_change_vs_rest,0.7045454545454546,0.2728354978354978,0.7564102564102564,0.5143192015085506,845,845,1155
placebo,all_alfworld,all,absolute_readout,D_cos_negative::decision::unsigned,top_quartile_mean_absolute_delta,0.11470684394071491,0.03666178378009376,0.2251419170791336,0.11747570652442174,845,845,1155
placebo,all_alfworld,all,absolute_readout,D_cos_negative::decision::unsigned,top_quartile_lift,1.4402230113985581,0.48167856990265745,2.023337849192937,1.289307547667242,845,845,1155
placebo,all_alfworld,all,absolute_readout,D_soft::decision::reward,spearman,-0.03866438308569121,-0.4659903079297988,0.13442169587184696,-0.15893761278178514,845,845,1155
placebo,all_alfworld,all,absolute_readout,D_soft::decision::reward,average_precision,0.5433407501589319,0.32026542901542904,0.6631119578008718,0.49978245090077,845,845,1155
placebo,all_alfworld,all,absolute_readout,D_soft::decision::reward,auroc_large_change_vs_rest,0.45454545454545453,0.17055194805194804,0.6324999999999997,0.4134146622608161,845,845,1155
placebo,all_alfworld,all,absolute_readout,D_soft::decision::reward,top_quartile_mean_absolute_delta,0.08611111111111111,0.046421052631578946,0.1475296052631579,0.09041795400606735,845,845,1155
placebo,all_alfworld,all,absolute_readout,D_soft::decision::reward,top_quartile_lift,1.0811839947703414,0.5536890575018335,1.5955344886837806,1.0344283452831804,845,845,1155
placebo,all_alfworld,all,absolute_readout,D_soft::decision::unsigned,spearman,0.36819037529328674,-0.23770988112699842,0.39768206394829636,0.08650868142386839,845,845,1155
placebo,all_alfworld,all,absolute_readout,D_soft::decision::unsigned,average_precision,0.7784607104125821,0.375682951701721,0.7988559969442321,0.6087818921438645,845,845,1155
placebo,all_alfworld,all,absolute_readout,D_soft::decision::unsigned,auroc_large_change_vs_rest,0.7386363636363636,0.3184149184149184,0.7607828282828282,0.5473196757220427,845,845,1155
placebo,all_alfworld,all,absolute_readout,D_soft::decision::unsigned,top_quartile_mean_absolute_delta,0.06847826086956521,0.020158492822966504,0.14088362068965515,0.07283419975420118,845,845,1155
placebo,all_alfworld,all,absolute_readout,D_soft::decision::unsigned,top_quartile_lift,0.8597914797121788,0.24963790780210326,1.4481337716447256,0.8205486389509052,845,845,1155
placebo,all_alfworld,all,absolute_readout,D_soft_negative::decision::reward,spearman,-0.0008787359792202547,-0.4076691539825328,0.2669131066776052,-0.06891143455310424,845,845,1155
placebo,all_alfworld,all,absolute_readout,D_soft_negative::decision::reward,average_precision,0.543894608065731,0.332314412852615,0.7368132996721514,0.5403828518433572,845,845,1155
placebo,all_alfworld,all,absolute_readout,D_soft_negative::decision::reward,auroc_large_change_vs_rest,0.45454545454545453,0.2505555555555556,0.7,0.4761931247582135,845,845,1155
placebo,all_alfworld,all,absolute_readout,D_soft_negative::decision::reward,top_quartile_mean_absolute_delta,0.057644927536231884,0.021512838468720822,0.13744477213962508,0.06958295553734196,845,845,1155
placebo,all_alfworld,all,absolute_readout,D_soft_negative::decision::reward,top_quartile_lift,0.7237715577894586,0.27751995524940676,1.4370355991399542,0.7840894330757019,845,845,1155
placebo,all_alfworld,all,absolute_readout,D_soft_negative::decision::unsigned,spearman,-0.30052770489332714,-0.6642697379231883,0.1689053169316018,-0.2597000026533342,845,845,1155
placebo,all_alfworld,all,absolute_readout,D_soft_negative::decision::unsigned,average_precision,0.5829110209457803,0.3164495995613311,0.7778949077987539,0.5582752558967916,845,845,1155
placebo,all_alfworld,all,absolute_readout,D_soft_negative::decision::unsigned,auroc_large_change_vs_rest,0.3068181818181818,0.12363636363636366,0.6333333333333333,0.37942035446473316,845,845,1155
placebo,all_alfworld,all,absolute_readout,D_soft_negative::decision::unsigned,top_quartile_mean_absolute_delta,0.06416666666666666,0.015135515069725597,0.15962878787878784,0.07476131503357032,845,845,1155
placebo,all_alfworld,all,absolute_readout,D_soft_negative::decision::unsigned,top_quartile_lift,0.8056564606191898,0.2012152589558907,1.5272354716547025,0.826199215753629,845,845,1155
placebo,all_alfworld,all,absolute_readout,D_soft_cos::decision::reward,spearman,-0.16080868419730662,-0.47660398854677166,0.07924718143041819,-0.1973765145994947,845,845,1155
placebo,all_alfworld,all,absolute_readout,D_soft_cos::decision::reward,average_precision,0.5072263594990868,0.31527690563404853,0.6597631833322622,0.4933337479902963,845,845,1155
placebo,all_alfworld,all,absolute_readout,D_soft_cos::decision::reward,auroc_large_change_vs_rest,0.38636363636363635,0.16666666666666666,0.6142207792207792,0.40207577760832197,845,845,1155
placebo,all_alfworld,all,absolute_readout,D_soft_cos::decision::reward,top_quartile_mean_absolute_delta,0.026666666666666665,0.0075,0.09330865384615382,0.03932811788883471,845,845,1155
placebo,all_alfworld,all,absolute_readout,D_soft_cos::decision::reward,top_quartile_lift,0.3348182693482347,0.09015437418311223,0.950353524396627,0.4380811734313605,845,845,1155
placebo,all_alfworld,all,absolute_readout,D_soft_cos::decision::unsigned,spearman,0.25395469799465364,-0.2544819395821858,0.3313251592129654,0.045240292063342756,845,845,1155
placebo,all_alfworld,all,absolute_readout,D_soft_cos::decision::unsigned,average_precision,0.7018471724354077,0.3672110345104181,0.7505068795765241,0.5763241909323505,845,845,1155
placebo,all_alfworld,all,absolute_readout,D_soft_cos::decision::unsigned,auroc_large_change_vs_rest,0.6818181818181818,0.2845707070707071,0.7386363636363636,0.5239188769810071,845,845,1155
placebo,all_alfworld,all,absolute_readout,D_soft_cos::decision::unsigned,top_quartile_mean_absolute_delta,0.11292270531400965,0.06350228937728938,0.17247794117647056,0.11490638342128703,845,845,1155
placebo,all_alfworld,all,absolute_readout,D_soft_cos::decision::unsigned,top_quartile_lift,1.4178219286259033,0.7394522029533662,1.9787614183295335,1.3183156504622366,845,845,1155
placebo,all_alfworld,all,absolute_readout,D_sigmoid::decision::reward,spearman,-0.13884028471680024,-0.46582561443997395,0.11075880858509786,-0.18628811968733988,845,845,1155
placebo,all_alfworld,all,absolute_readout,D_sigmoid::decision::reward,average_precision,0.511519288792016,0.31323974062695864,0.7164415723727464,0.5127961600010555,845,845,1155
placebo,all_alfworld,all,absolute_readout,D_sigmoid::decision::reward,auroc_large_change_vs_rest,0.3977272727272727,0.16666666666666666,0.6309523809523809,0.40514343151917115,845,845,1155
placebo,all_alfworld,all,absolute_readout,D_sigmoid::decision::reward,top_quartile_mean_absolute_delta,0.026666666666666665,0.0075,0.09330865384615382,0.03932811788883471,845,845,1155
placebo,all_alfworld,all,absolute_readout,D_sigmoid::decision::reward,top_quartile_lift,0.3348182693482347,0.09015437418311223,0.950353524396627,0.4380811734313605,845,845,1155
placebo,all_alfworld,all,absolute_readout,D_sigmoid::decision::unsigned,spearman,0.02548334339738739,-0.3659680407144798,0.22717961558821728,-0.06416515921275434,845,845,1155
placebo,all_alfworld,all,absolute_readout,D_sigmoid::decision::unsigned,average_precision,0.5960037734101905,0.3211905197485693,0.7342641242486443,0.5427036567508453,845,845,1155
placebo,all_alfworld,all,absolute_readout,D_sigmoid::decision::unsigned,auroc_large_change_vs_rest,0.5454545454545454,0.22904761904761906,0.6904761904761905,0.4748964661242768,845,845,1155
placebo,all_alfworld,all,absolute_readout,D_sigmoid::decision::unsigned,top_quartile_mean_absolute_delta,0.04514492753623188,0.02333225692436219,0.10321487560875432,0.05768253460556055,845,845,1155
placebo,all_alfworld,all,absolute_readout,D_sigmoid::decision::unsigned,top_quartile_lift,0.5668254940324735,0.2656564595763399,1.1201811066837692,0.6568094016968674,845,845,1155
placebo,all_alfworld,all,absolute_readout,D_tauC_q25::decision::reward,spearman,0.0008787359792202547,-0.4757300902776471,0.15630125821115132,-0.15121887757475005,845,845,1155
placebo,all_alfworld,all,absolute_readout,D_tauC_q25::decision::reward,average_precision,0.552461204867622,0.3218445798145046,0.6726115571272154,0.5042168582002529,845,845,1155
placebo,all_alfworld,all,absolute_readout,D_tauC_q25::decision::reward,auroc_large_change_vs_rest,0.48863636363636365,0.18603174603174605,0.6540584415584414,0.4250263099819313,845,845,1155
placebo,all_alfworld,all,absolute_readout,D_tauC_q25::decision::reward,top_quartile_mean_absolute_delta,0.04791666666666666,0.0027884615384615383,0.15102083333333333,0.056005353277410595,845,845,1155
placebo,all_alfworld,all,absolute_readout,D_tauC_q25::decision::reward,top_quartile_lift,0.6016265777351093,0.03313088545553905,1.374106882890341,0.6014184575295727,845,845,1155
placebo,all_alfworld,all,absolute_readout,D_tauC_q25::decision::unsigned,spearman,0.1203868291531749,-0.3467777846895078,0.2743730969234712,-0.027410321188505518,845,845,1155
placebo,all_alfworld,all,absolute_readout,D_tauC_q25::decision::unsigned,average_precision,0.6468475968475969,0.3209072962855858,0.732426552492342,0.5462106941702568,845,845,1155
placebo,all_alfworld,all,absolute_readout,D_tauC_q25::decision::unsigned,auroc_large_change_vs_rest,0.625,0.2619047619047619,0.7,0.48406183395828367,845,845,1155
placebo,all_alfworld,all,absolute_readout,D_tauC_q25::decision::unsigned,top_quartile_mean_absolute_delta,0.06639492753623188,0.01925189393939394,0.1737393162393162,0.07435976999413643,845,845,1155
placebo,all_alfworld,all,absolute_readout,D_tauC_q25::decision::unsigned,top_quartile_lift,0.8336338024193481,0.27453003993524816,1.5981285705673536,0.8201466857950797,845,845,1155
placebo,all_alfworld,all,absolute_readout,D_tauC_q50::decision::reward,spearman,0.05360289473243554,-0.5053633664583482,0.17280265788878885,-0.14397414016044607,845,845,1155
placebo,all_alfworld,all,absolute_readout,D_tauC_q50::decision::reward,average_precision,0.5708791208791208,0.3257164740021883,0.66774547389932,0.5073581925765142,845,845,1155
placebo,all_alfworld,all,absolute_readout,D_tauC_q50::decision::reward,auroc_large_change_vs_rest,0.5,0.17785714285714285,0.636060606060606,0.42739264187489034,845,845,1155
placebo,all_alfworld,all,absolute_readout,D_tauC_q50::decision::reward,top_quartile_mean_absolute_delta,0.06875,0.0,0.175,0.0721746341265572,845,845,1155
placebo,all_alfworld,all,absolute_readout,D_tauC_q50::decision::reward,top_quartile_lift,0.8632033506634178,0.0,1.6130142425576985,0.7719441639221343,845,845,1155
placebo,all_alfworld,all,absolute_readout,D_tauC_q50::decision::unsigned,spearman,0.39455245466989436,-0.3507831338972311,0.355270514994766,0.019450857721241145,845,845,1155
placebo,all_alfworld,all,absolute_readout,D_tauC_q50::decision::unsigned,average_precision,0.7515446674537583,0.35177608523473186,0.7620435241539969,0.5703190194565231,845,845,1155
placebo,all_alfworld,all,absolute_readout,D_tauC_q50::decision::unsigned,auroc_large_change_vs_rest,0.75,0.28425324675324676,0.7444444444444445,0.5176477779288431,845,845,1155
placebo,all_alfworld,all,absolute_readout,D_tauC_q50::decision::unsigned,top_quartile_mean_absolute_delta,0.08722826086956521,0.020251322751322753,0.1922392857142857,0.09052905084328303,845,845,1155
placebo,all_alfworld,all,absolute_readout,D_tauC_q50::decision::unsigned,top_quartile_lift,1.0952105753476564,0.3011319055888743,1.7542215539990649,0.9906723921876411,845,845,1155
placebo,all_alfworld,all,absolute_readout,D_tauC_q75::decision::reward,spearman,0.2123078769010238,-0.41799295788471835,0.1957217472666707,-0.10445945409150303,845,845,1155
placebo,all_alfworld,all,absolute_readout,D_tauC_q75::decision::reward,average_precision,0.6214775420657774,0.3376305855430137,0.6692843219159009,0.5162590292784673,845,845,1155
placebo,all_alfworld,all,absolute_readout,D_tauC_q75::decision::reward,auroc_large_change_vs_rest,0.5909090909090909,0.2159848484848485,0.6473989898989898,0.4492626045880484,845,845,1155
placebo,all_alfworld,all,absolute_readout,D_tauC_q75::decision::reward,top_quartile_mean_absolute_delta,0.06875,0.0,0.175,0.0721746341265572,845,845,1155
placebo,all_alfworld,all,absolute_readout,D_tauC_q75::decision::reward,top_quartile_lift,0.8632033506634178,0.0,1.6130142425576985,0.7719441639221343,845,845,1155
placebo,all_alfworld,all,absolute_readout,D_tauC_q75::decision::unsigned,spearman,0.46109930200657134,-0.3154692845451046,0.38051689670017275,0.05022741322637721,845,845,1155
placebo,all_alfworld,all,absolute_readout,D_tauC_q75::decision::unsigned,average_precision,0.7522907647907647,0.3639358542460046,0.7647475845376386,0.5762001175943684,845,845,1155
placebo,all_alfworld,all,absolute_readout,D_tauC_q75::decision::unsigned,auroc_large_change_vs_rest,0.7613636363636364,0.3141025641025641,0.7609415584415583,0.5341932541488754,845,845,1155
placebo,all_alfworld,all,absolute_readout,D_tauC_q75::decision::unsigned,top_quartile_mean_absolute_delta,0.08722826086956521,0.020251322751322753,0.1922392857142857,0.09052905084328303,845,845,1155
placebo,all_alfworld,all,absolute_readout,D_tauC_q75::decision::unsigned,top_quartile_lift,1.0952105753476564,0.3011319055888743,1.7542215539990649,0.9906723921876411,845,845,1155
placebo,all_alfworld,all,absolute_readout,D_delta_q25::decision::reward,spearman,-0.11950809317395465,-0.5502870349208719,0.04914297583150626,-0.2588075953181538,845,845,1155
placebo,all_alfworld,all,absolute_readout,D_delta_q25::decision::reward,average_precision,0.5382721111330737,0.3039972669229635,0.677773865042039,0.5059004625039238,845,845,1155
placebo,all_alfworld,all,absolute_readout,D_delta_q25::decision::reward,auroc_large_change_vs_rest,0.4431818181818182,0.14444444444444443,0.5995238095238093,0.39302061679280614,845,845,1155
placebo,all_alfworld,all,absolute_readout,D_delta_q25::decision::reward,top_quartile_mean_absolute_delta,0.05347826086956522,0.012245475113122172,0.1348867753623188,0.06035430739240573,845,845,1155
placebo,all_alfworld,all,absolute_readout,D_delta_q25::decision::reward,top_quartile_lift,0.6714562032037968,0.1703193509568045,1.3094901215017387,0.6718637266250076,845,845,1155
placebo,all_alfworld,all,absolute_readout,D_delta_q25::decision::unsigned,spearman,-0.08347991802592421,-0.5194053693228465,0.10108990470651813,-0.21484035269796165,845,845,1155
placebo,all_alfworld,all,absolute_readout,D_delta_q25::decision::unsigned,average_precision,0.6267101585283403,0.31306189841904125,0.7091920163731904,0.5350385052559417,845,845,1155
placebo,all_alfworld,all,absolute_readout,D_delta_q25::decision::unsigned,auroc_large_change_vs_rest,0.5227272727272727,0.17866300366300367,0.6333333333333333,0.4156159176129591,845,845,1155
placebo,all_alfworld,all,absolute_readout,D_delta_q25::decision::unsigned,top_quartile_mean_absolute_delta,0.04097826086956522,0.016388141025641026,0.09243103832442068,0.049275620282358136,845,845,1155
placebo,all_alfworld,all,absolute_readout,D_delta_q25::decision::unsigned,top_quartile_lift,0.5145101394468119,0.19028554513498575,0.9904080907349964,0.5624339796893455,845,845,1155
placebo,all_alfworld,all,absolute_readout,D_delta_q50::decision::reward,spearman,-0.05096668679477478,-0.5627468121702363,0.17932847844332933,-0.1817363943939035,845,845,1155
placebo,all_alfworld,all,absolute_readout,D_delta_q50::decision::reward,average_precision,0.6088873544755897,0.30860742044026546,0.7469287881484237,0.5493392811230545,845,845,1155
placebo,all_alfworld,all,absolute_readout,D_delta_q50::decision::reward,auroc_large_change_vs_rest,0.48863636363636365,0.1580952380952381,0.6540584415584414,0.416134882540208,845,845,1155
placebo,all_alfworld,all,absolute_readout,D_delta_q50::decision::reward,top_quartile_mean_absolute_delta,0.05166666666666666,0.009867063492063493,0.14483408748114632,0.06390431306118373,845,845,1155
placebo,all_alfworld,all,absolute_readout,D_delta_q50::decision::reward,top_quartile_lift,0.6487103968622048,0.145722639447639,1.412451761702228,0.7029823018314442,845,845,1155
placebo,all_alfworld,all,absolute_readout,D_delta_q50::decision::unsigned,spearman,0.028119551335048152,-0.4937609827048328,0.2947420640349858,-0.09376285980675512,845,845,1155
placebo,all_alfworld,all,absolute_readout,D_delta_q50::decision::unsigned,average_precision,0.7022725046789218,0.32845104757643456,0.7962833870922106,0.5846191559594545,845,845,1155
placebo,all_alfworld,all,absolute_readout,D_delta_q50::decision::unsigned,auroc_large_change_vs_rest,0.5909090909090909,0.20023809523809524,0.7,0.46738486858309347,845,845,1155
placebo,all_alfworld,all,absolute_readout,D_delta_q50::decision::unsigned,top_quartile_mean_absolute_delta,0.07047297297297297,0.023594116844116844,0.15302471548059782,0.07828541450675201,845,845,1155
placebo,all_alfworld,all,absolute_readout,D_delta_q50::decision::unsigned,top_quartile_lift,0.88483645674884,0.3016017159751725,1.512306033668266,0.8763915571163967,845,845,1155
placebo,all_alfworld,all,absolute_readout,D_delta_q75::decision::reward,spearman,0.5217586954068638,-0.21585535533939582,0.5395114858893156,0.18430001213325287,845,845,1155
placebo,all_alfworld,all,absolute_readout,D_delta_q75::decision::reward,average_precision,0.7909575273211638,0.3833621719758938,0.8969459942891118,0.6558404343715695,845,845,1155
placebo,all_alfworld,all,absolute_readout,D_delta_q75::decision::reward,auroc_large_change_vs_rest,0.7386363636363636,0.35714285714285715,0.8222222222222222,0.5883054979208826,845,845,1155
placebo,all_alfworld,all,absolute_readout,D_delta_q75::decision::reward,top_quartile_mean_absolute_delta,0.09125,0.021470454545454546,0.20881696428571428,0.10205241873279469,845,845,1155
placebo,all_alfworld,all,absolute_readout,D_delta_q75::decision::reward,top_quartile_lift,1.1457062654259909,0.29969140540377087,1.869112298114867,1.111586797889323,845,845,1155
placebo,all_alfworld,all,absolute_readout,D_delta_q75::decision::unsigned,spearman,0.4356047743455788,-0.20944224774151227,0.4817109782875148,0.1495431391712142,845,845,1155
placebo,all_alfworld,all,absolute_readout,D_delta_q75::decision::unsigned,average_precision,0.7981060606060606,0.37847851999651533,0.8900995657433627,0.6584429844318072,845,845,1155
placebo,all_alfworld,all,absolute_readout,D_delta_q75::decision::unsigned,auroc_large_change_vs_rest,0.7272727272727273,0.32222222222222224,0.7885714285714285,0.5634994246384779,845,845,1155
placebo,all_alfworld,all,absolute_readout,D_delta_q75::decision::unsigned,top_quartile_mean_absolute_delta,0.13991741741741742,0.07735717133743449,0.22880729166666666,0.14575552716792073,845,845,1155
placebo,all_alfworld,all,absolute_readout,D_delta_q75::decision::unsigned,top_quartile_lift,1.7567590331765348,0.9633531673788578,2.372774814661282,1.6569099814709842,845,845,1155
placebo,all_alfworld,all,absolute_readout,D_winsor::decision::reward,spearman,-0.20035180326221808,-0.5446087211125192,0.04203101646436882,-0.25523221101922633,845,845,1155
placebo,all_alfworld,all,absolute_readout,D_winsor::decision::reward,average_precision,0.5072263594990868,0.2947155804721594,0.7521127414814156,0.5252015877991414,845,845,1155
placebo,all_alfworld,all,absolute_readout,D_winsor::decision::reward,auroc_large_change_vs_rest,0.38636363636363635,0.13428571428571429,0.6136363636363636,0.3923946237851563,845,845,1155
placebo,all_alfworld,all,absolute_readout,D_winsor::decision::reward,top_quartile_mean_absolute_delta,0.03264492753623188,0.012052242276700481,0.09125162827368709,0.04418502654325912,845,845,1155
placebo,all_alfworld,all,absolute_readout,D_winsor::decision::reward,top_quartile_lift,0.40987943027548845,0.1536222285401264,0.9681574495580519,0.501338020232446,845,845,1155
placebo,all_alfworld,all,absolute_readout,D_winsor::decision::unsigned,spearman,-0.20826042707520037,-0.5288001215486292,0.08632920841205564,-0.21224598659454735,845,845,1155
placebo,all_alfworld,all,absolute_readout,D_winsor::decision::unsigned,average_precision,0.5418764316491589,0.3010876145329927,0.773896552302678,0.5370170748771542,845,845,1155
placebo,all_alfworld,all,absolute_readout,D_winsor::decision::unsigned,auroc_large_change_vs_rest,0.4431818181818182,0.17206349206349209,0.6306776556776555,0.4108461574585835,845,845,1155
placebo,all_alfworld,all,absolute_readout,D_winsor::decision::unsigned,top_quartile_mean_absolute_delta,0.04514492753623188,0.02333225692436219,0.10321487560875432,0.05768253460556055,845,845,1155
placebo,all_alfworld,all,absolute_readout,D_winsor::decision::unsigned,top_quartile_lift,0.5668254940324735,0.2656564595763399,1.1201811066837692,0.6568094016968674,845,845,1155
placebo,all_alfworld,all,absolute_readout,D_tanh::decision::reward,spearman,-0.12917418894537744,-0.5374121447342272,0.0799122809138447,-0.22531094381530317,845,845,1155
placebo,all_alfworld,all,absolute_readout,D_tanh::decision::reward,average_precision,0.5226431322688008,0.2979658520260024,0.7527758535324324,0.5437452034510444,845,845,1155
placebo,all_alfworld,all,absolute_readout,D_tanh::decision::reward,auroc_large_change_vs_rest,0.4090909090909091,0.15984848484848485,0.6222222222222222,0.4085352632246123,845,845,1155
placebo,all_alfworld,all,absolute_readout,D_tanh::decision::reward,top_quartile_mean_absolute_delta,0.057644927536231884,0.017784147869674187,0.14751718073593073,0.06876122171560814,845,845,1155
placebo,all_alfworld,all,absolute_readout,D_tanh::decision::reward,top_quartile_lift,0.7237715577894586,0.237146105918379,1.4558025416258369,0.7662391486325295,845,845,1155
placebo,all_alfworld,all,absolute_readout,D_tanh::decision::unsigned,spearman,-0.11950809317395465,-0.5125421825840041,0.1809476165622362,-0.16994063833636644,845,845,1155
placebo,all_alfworld,all,absolute_readout,D_tanh::decision::unsigned,average_precision,0.6192605671215298,0.31849766762305465,0.790770739937208,0.571906887200698,845,845,1155
placebo,all_alfworld,all,absolute_readout,D_tanh::decision::unsigned,auroc_large_change_vs_rest,0.48863636363636365,0.17972027972027974,0.6555555555555556,0.4323896698304982,845,845,1155
placebo,all_alfworld,all,absolute_readout,D_tanh::decision::unsigned,top_quartile_mean_absolute_delta,0.04514492753623188,0.02333225692436219,0.10321487560875432,0.05768253460556055,845,845,1155
placebo,all_alfworld,all,absolute_readout,D_tanh::decision::unsigned,top_quartile_lift,0.5668254940324735,0.2656564595763399,1.1201811066837692,0.6568094016968674,845,845,1155
placebo,all_alfworld,all,absolute_readout,D_action_sign::decision::reward,spearman,-0.03339196721036968,-0.47937530752016827,0.30931033328972896,-0.08916763682183376,845,845,1155
placebo,all_alfworld,all,absolute_readout,D_action_sign::decision::reward,average_precision,0.6129264600521285,0.3264006356667928,0.8698002018989412,0.6013806960720482,845,845,1155
placebo,all_alfworld,all,absolute_readout,D_action_sign::decision::reward,auroc_large_change_vs_rest,0.4431818181818182,0.2111111111111111,0.7154292929292928,0.4729773809359608,845,845,1155
placebo,all_alfworld,all,absolute_readout,D_action_sign::decision::reward,top_quartile_mean_absolute_delta,0.0725,0.023897664835164836,0.1708462656801851,0.08782812890951573,845,845,1155
placebo,all_alfworld,all,absolute_readout,D_action_sign::decision::reward,top_quartile_lift,0.9102871697905132,0.31425023428838683,1.6967670227878608,0.9750993074424944,845,845,1155
placebo,all_alfworld,all,absolute_readout,D_action_sign::decision::unsigned,spearman,0.36906911127250697,-0.07122163906813869,0.6905782325974091,0.3257238552534945,845,845,1155
placebo,all_alfworld,all,absolute_readout,D_action_sign::decision::unsigned,average_precision,0.7983088806618217,0.4444841269841269,0.9285068567053859,0.7176329823276997,845,845,1155
placebo,all_alfworld,all,absolute_readout,D_action_sign::decision::unsigned,auroc_large_change_vs_rest,0.6477272727272727,0.42063131313131313,0.8717582417582418,0.6548237692616391,845,845,1155
placebo,all_alfworld,all,absolute_readout,D_action_sign::decision::unsigned,top_quartile_mean_absolute_delta,0.14866741741741743,0.08116375843689817,0.22900323988881038,0.14847737162268376,845,845,1155
placebo,all_alfworld,all,absolute_readout,D_action_sign::decision::unsigned,top_quartile_lift,1.8666212778064244,0.9749162193766391,2.438528006836668,1.6927436552865842,845,845,1155
placebo,all_alfworld,all,absolute_readout,D_action_adv::decision::reward,spearman,0.017574719584405096,-0.3631206593942326,0.3166405802574744,-0.018055905445318245,845,845,1155
placebo,all_alfworld,all,absolute_readout,D_action_adv::decision::reward,average_precision,0.5996147717404401,0.3560904343334684,0.8328975079634355,0.5830193155544754,845,845,1155
placebo,all_alfworld,all,absolute_readout,D_action_adv::decision::reward,auroc_large_change_vs_rest,0.45454545454545453,0.2262987012987013,0.7102380952380951,0.46553445404037114,845,845,1155
placebo,all_alfworld,all,absolute_readout,D_action_adv::decision::reward,top_quartile_mean_absolute_delta,0.14034498207885304,0.07065294514032028,0.23965971437982306,0.14494510360827828,845,845,1155
placebo,all_alfworld,all,absolute_readout,D_action_adv::decision::reward,top_quartile_lift,1.7621274004256473,0.9593149857971253,2.3073219493634083,1.6274524708801437,845,845,1155
placebo,all_alfworld,all,absolute_readout,D_action_adv::decision::unsigned,spearman,0.36906911127250697,-0.07122163906813869,0.6905782325974091,0.3257238552534945,845,845,1155
placebo,all_alfworld,all,absolute_readout,D_action_adv::decision::unsigned,average_precision,0.7983088806618217,0.4444841269841269,0.9285068567053859,0.7176329823276997,845,845,1155
placebo,all_alfworld,all,absolute_readout,D_action_adv::decision::unsigned,auroc_large_change_vs_rest,0.6477272727272727,0.42063131313131313,0.8717582417582418,0.6548237692616391,845,845,1155
placebo,all_alfworld,all,absolute_readout,D_action_adv::decision::unsigned,top_quartile_mean_absolute_delta,0.14866741741741743,0.08116375843689817,0.22900323988881038,0.14847737162268376,845,845,1155
placebo,all_alfworld,all,absolute_readout,D_action_adv::decision::unsigned,top_quartile_lift,1.8666212778064244,0.9749162193766391,2.438528006836668,1.6927436552865842,845,845,1155
placebo,all_alfworld,all,absolute_readout,D_action_adv_clip::decision::reward,spearman,0.0026362079376607644,-0.5266157177527887,0.24219016290229994,-0.1176952037423181,845,845,1155
placebo,all_alfworld,all,absolute_readout,D_action_adv_clip::decision::reward,average_precision,0.5933027756557169,0.33358237194399293,0.8095899296781649,0.5582748878990456,845,845,1155
placebo,all_alfworld,all,absolute_readout,D_action_adv_clip::decision::reward,auroc_large_change_vs_rest,0.4772727272727273,0.18888888888888888,0.6929112554112554,0.4347680212621041,845,845,1155
placebo,all_alfworld,all,absolute_readout,D_action_adv_clip::decision::reward,top_quartile_mean_absolute_delta,0.0709005376344086,0.01563596038582146,0.16699999999999998,0.07747499094710959,845,845,1155
placebo,all_alfworld,all,absolute_readout,D_action_adv_clip::decision::reward,top_quartile_lift,0.8902048239979526,0.20908159961127806,1.6230548180661775,0.8469340465255563,845,845,1155
placebo,all_alfworld,all,absolute_readout,D_action_adv_clip::decision::unsigned,spearman,0.36906911127250697,-0.07122163906813869,0.6905782325974091,0.3257238552534945,845,845,1155
placebo,all_alfworld,all,absolute_readout,D_action_adv_clip::decision::unsigned,average_precision,0.7983088806618217,0.4444841269841269,0.9285068567053859,0.7176329823276997,845,845,1155
placebo,all_alfworld,all,absolute_readout,D_action_adv_clip::decision::unsigned,auroc_large_change_vs_rest,0.6477272727272727,0.42063131313131313,0.8717582417582418,0.6548237692616391,845,845,1155
placebo,all_alfworld,all,absolute_readout,D_action_adv_clip::decision::unsigned,top_quartile_mean_absolute_delta,0.14866741741741743,0.08116375843689817,0.22900323988881038,0.14847737162268376,845,845,1155
placebo,all_alfworld,all,absolute_readout,D_action_adv_clip::decision::unsigned,top_quartile_lift,1.8666212778064244,0.9749162193766391,2.438528006836668,1.6927436552865842,845,845,1155
placebo,all_alfworld,all,absolute_readout,D_ratio_adv::decision::reward,spearman,-0.26362079376607644,-0.5132944359184717,0.10255473402403814,-0.20186849784634966,845,845,1155
placebo,all_alfworld,all,absolute_readout,D_ratio_adv::decision::reward,average_precision,0.4820490041746725,0.3064756832757026,0.7222644405521175,0.5100667833487004,845,845,1155
placebo,all_alfworld,all,absolute_readout,D_ratio_adv::decision::reward,auroc_large_change_vs_rest,0.3068181818181818,0.1453846153846154,0.6247222222222222,0.3838488221180528,845,845,1155
placebo,all_alfworld,all,absolute_readout,D_ratio_adv::decision::reward,top_quartile_mean_absolute_delta,0.024650537634408602,0.009867484417756157,0.07521121208473759,0.03539982656445087,845,845,1155
placebo,all_alfworld,all,absolute_readout,D_ratio_adv::decision::reward,top_quartile_lift,0.3095043880971081,0.12053880799513243,0.8035992989017541,0.4008453495840881,845,845,1155
placebo,all_alfworld,all,absolute_readout,D_ratio_adv::decision::unsigned,spearman,0.15992994821808637,-0.21763960406507296,0.5001330760383527,0.16533719397926752,845,845,1155
placebo,all_alfworld,all,absolute_readout,D_ratio_adv::decision::unsigned,average_precision,0.6071598344114527,0.3680458471267295,0.9108438900281003,0.6457386272415137,845,845,1155
placebo,all_alfworld,all,absolute_readout,D_ratio_adv::decision::unsigned,auroc_large_change_vs_rest,0.45454545454545453,0.3333333333333333,0.8174747474747474,0.5762556969657562,845,845,1155
placebo,all_alfworld,all,absolute_readout,D_ratio_adv::decision::unsigned,top_quartile_mean_absolute_delta,0.06880630630630631,0.028081183456183455,0.1583621011479047,0.08449046921387791,845,845,1155
placebo,all_alfworld,all,absolute_readout,D_ratio_adv::decision::unsigned,top_quartile_lift,0.8639103149145754,0.37326298878952757,1.5629756647984958,0.9443922513918623,845,845,1155
placebo,all_alfworld,all,absolute_readout,D_policy_action_adv::decision::reward,spearman,0.22847135459726622,-0.18536788706412238,0.5375825103741184,0.1727559797649692,845,845,1155
placebo,all_alfworld,all,absolute_readout,D_policy_action_adv::decision::reward,average_precision,0.7189984258166077,0.42582669979873927,0.8811043621450318,0.661862038773719,845,845,1155
placebo,all_alfworld,all,absolute_readout,D_policy_action_adv::decision::reward,auroc_large_change_vs_rest,0.5795454545454546,0.3333333333333333,0.8202797202797202,0.5748540923245066,845,845,1155
placebo,all_alfworld,all,absolute_readout,D_policy_action_adv::decision::reward,top_quartile_mean_absolute_delta,0.12340289168337282,0.07120958646616542,0.19546511440332637,0.12969607591944318,845,845,1155
placebo,all_alfworld,all,absolute_readout,D_policy_action_adv::decision::reward,top_quartile_lift,1.549407848474796,0.8743679102668129,2.1879628122611297,1.4829520394118414,845,845,1155
placebo,all_alfworld,all,absolute_readout,D_policy_action_adv::decision::unsigned,spearman,0.2565909059323144,-0.13858266278158438,0.611312900594284,0.24370450665832755,845,845,1155
placebo,all_alfworld,all,absolute_readout,D_policy_action_adv::decision::unsigned,average_precision,0.7441471333182562,0.5085985284065779,0.9039478733463696,0.7190224113195219,845,845,1155
placebo,all_alfworld,all,absolute_readout,D_policy_action_adv::decision::unsigned,auroc_large_change_vs_rest,0.6022727272727273,0.375,0.8461538461538461,0.6189664970138343,845,845,1155
placebo,all_alfworld,all,absolute_readout,D_policy_action_adv::decision::unsigned,top_quartile_mean_absolute_delta,0.13569444444444445,0.07982609420939592,0.20757342657342656,0.14184794726018812,845,845,1155
placebo,all_alfworld,all,absolute_readout,D_policy_action_adv::decision::unsigned,top_quartile_lift,1.7037367143397155,0.9795999169570543,2.3307297721622717,1.6229173974834004,845,845,1155
placebo,all_alfworld,all,absolute_readout,D_reward_only::decision::reward,spearman,0.2214414667635042,-0.2857535232599473,0.4053557312938776,0.07454914023666634,845,845,1155
placebo,all_alfworld,all,absolute_readout,D_reward_only::decision::reward,average_precision,0.6536887355069173,0.35756288198017516,0.8715794264025638,0.6091654524681998,845,845,1155
placebo,all_alfworld,all,absolute_readout,D_reward_only::decision::reward,auroc_large_change_vs_rest,0.6363636363636364,0.3070887445887446,0.7954545454545454,0.5460278889420902,845,845,1155
placebo,all_alfworld,all,absolute_readout,D_reward_only::decision::reward,top_quartile_mean_absolute_delta,0.07923387096774194,0.02399950086357766,0.18896506063856114,0.09054180482305499,845,845,1155
placebo,all_alfworld,all,absolute_readout,D_reward_only::decision::reward,top_quartile_lift,0.9948355331692762,0.3124177132060525,1.741528975427426,0.9958341382144216,845,845,1155
placebo,all_alfworld,all,absolute_readout,D_reward_only::decision::unsigned,spearman,,,,,0,845,1155
placebo,all_alfworld,all,absolute_readout,D_reward_only::decision::unsigned,average_precision,0.5789473684210527,0.3210526315789474,0.7368421052631579,0.5395826845219558,845,845,1155
placebo,all_alfworld,all,absolute_readout,D_reward_only::decision::unsigned,auroc_large_change_vs_rest,0.5,0.5,0.5,0.5,845,845,1155
placebo,all_alfworld,all,absolute_readout,D_reward_only::decision::unsigned,top_quartile_mean_absolute_delta,0.07964519594040265,0.05839079502096246,0.12669587424432177,0.08879262743216164,845,845,1155
placebo,all_alfworld,all,absolute_readout,D_reward_only::decision::unsigned,top_quartile_lift,1.0,0.9999999999999997,1.0000000000000002,1.0,845,845,1155
placebo,all_alfworld,all,absolute_readout,D_adv_negative_fraction::decision::reward,spearman,-0.09419014084507042,-0.44843549362805535,0.3211238776822285,-0.07218077170767767,845,845,1155
placebo,all_alfworld,all,absolute_readout,D_adv_negative_fraction::decision::reward,average_precision,0.5321323745366807,0.33203125586819193,0.7668359966057334,0.5520468657994094,845,845,1155
placebo,all_alfworld,all,absolute_readout,D_adv_negative_fraction::decision::reward,auroc_large_change_vs_rest,0.4090909090909091,0.25,0.6815850815850815,0.467298866485257,845,845,1155
placebo,all_alfworld,all,absolute_readout,D_adv_negative_fraction::decision::reward,top_quartile_mean_absolute_delta,0.05611950380741833,0.018191391941391945,0.1287039194915254,0.06303780101634908,845,845,1155
placebo,all_alfworld,all,absolute_readout,D_adv_negative_fraction::decision::reward,top_quartile_lift,0.7046188178055554,0.2402746366794585,1.3087887130450102,0.7131304552103663,845,845,1155
placebo,all_alfworld,all,absolute_readout,D_adv_negative_fraction::decision::unsigned,spearman,,,,,0,845,1155
placebo,all_alfworld,all,absolute_readout,D_adv_negative_fraction::decision::unsigned,average_precision,0.5789473684210527,0.3210526315789474,0.7368421052631579,0.5395826845219558,845,845,1155
placebo,all_alfworld,all,absolute_readout,D_adv_negative_fraction::decision::unsigned,auroc_large_change_vs_rest,0.5,0.5,0.5,0.5,845,845,1155
placebo,all_alfworld,all,absolute_readout,D_adv_negative_fraction::decision::unsigned,top_quartile_mean_absolute_delta,0.07964519594040265,0.05839079502096246,0.12669587424432177,0.08879262743216164,845,845,1155
placebo,all_alfworld,all,absolute_readout,D_adv_negative_fraction::decision::unsigned,top_quartile_lift,1.0,0.9999999999999997,1.0000000000000002,1.0,845,845,1155
placebo,all_alfworld,all,absolute_readout,C_raw::decision::reward,spearman,-0.19068570749079528,-0.5126545702770966,0.2329771501081364,-0.13360572884726538,845,845,1155
placebo,all_alfworld,all,absolute_readout,C_raw::decision::reward,average_precision,0.594909754535423,0.3208492669795191,0.7725605388763281,0.5502859411832598,845,845,1155
placebo,all_alfworld,all,absolute_readout,C_raw::decision::reward,auroc_large_change_vs_rest,0.4318181818181818,0.20023809523809524,0.6666666666666666,0.43880670447238496,845,845,1155
placebo,all_alfworld,all,absolute_readout,C_raw::decision::reward,top_quartile_mean_absolute_delta,0.060144927536231886,0.01704385964912281,0.1366274154589372,0.06774360601510217,845,845,1155
placebo,all_alfworld,all,absolute_readout,C_raw::decision::reward,top_quartile_lift,0.7551607705408556,0.204721966154186,1.3946702805798377,0.7594526794940057,845,845,1155
placebo,all_alfworld,all,absolute_readout,C_raw::decision::unsigned,spearman,-0.12917418894537744,-0.44543211932615906,0.17523343869735108,-0.11836110382335213,845,845,1155
placebo,all_alfworld,all,absolute_readout,C_raw::decision::unsigned,average_precision,0.5694002892532304,0.31982056992837615,0.7172572270023617,0.527566858313725,845,845,1155
placebo,all_alfworld,all,absolute_readout,C_raw::decision::unsigned,auroc_large_change_vs_rest,0.4431818181818182,0.21142857142857144,0.6546703296703297,0.4344699646178936,845,845,1155
placebo,all_alfworld,all,absolute_readout,C_raw::decision::unsigned,top_quartile_mean_absolute_delta,0.04764492753623188,0.01720788043478261,0.10523668831168831,0.05584318508332074,845,845,1155
placebo,all_alfworld,all,absolute_readout,C_raw::decision::unsigned,top_quartile_lift,0.5982147067838705,0.22732430358937866,1.1723458364283512,0.6321726481151712,845,845,1155
placebo,all_alfworld,all,absolute_readout,C_centered::decision::reward,spearman,-0.019332191542845604,-0.4334183350819402,0.2505148246933804,-0.09036332351983092,845,845,1155
placebo,all_alfworld,all,absolute_readout,C_centered::decision::reward,average_precision,0.5580467809077435,0.3293185301893423,0.7378849813533781,0.5369775927350605,845,845,1155
placebo,all_alfworld,all,absolute_readout,C_centered::decision::reward,auroc_large_change_vs_rest,0.4318181818181818,0.22835497835497837,0.6700757575757574,0.4593105119732339,845,845,1155
placebo,all_alfworld,all,absolute_readout,C_centered::decision::reward,top_quartile_mean_absolute_delta,0.0626412429378531,0.012444029850746267,0.1499381944444444,0.06821616051257744,845,845,1155
placebo,all_alfworld,all,absolute_readout,C_centered::decision::reward,top_quartile_lift,0.7865037206352865,0.1600158318860684,1.4033993377529377,0.7552402378882933,845,845,1155
placebo,all_alfworld,all,absolute_readout,C_centered::decision::unsigned,spearman,0.18014087574015222,-0.41723342841701816,0.2986954794211486,-0.06123875377570755,845,845,1155
placebo,all_alfworld,all,absolute_readout,C_centered::decision::unsigned,average_precision,0.6995042761753992,0.33802610272424516,0.7703295455059133,0.5879589381939864,845,845,1155
placebo,all_alfworld,all,absolute_readout,C_centered::decision::unsigned,auroc_large_change_vs_rest,0.5795454545454546,0.27380952380952384,0.7111111111111111,0.48554154753858897,845,845,1155
placebo,all_alfworld,all,absolute_readout,C_centered::decision::unsigned,top_quartile_mean_absolute_delta,0.0897068439407149,0.02306459330143541,0.1932118226600985,0.09207777753033888,845,845,1155
placebo,all_alfworld,all,absolute_readout,C_centered::decision::unsigned,top_quartile_lift,1.1263308838845878,0.3040582614052096,1.747279183499245,1.006556134823986,845,845,1155
placebo,all_alfworld,all,absolute_readout,C_adv_centered::decision::reward,spearman,0.33479840808291705,-0.15370375654057575,0.5661853998593592,0.22604574243569348,845,845,1155
placebo,all_alfworld,all,absolute_readout,C_adv_centered::decision::reward,average_precision,0.6715810704447068,0.37123640365237004,0.8998356272333493,0.6503532769838195,845,845,1155
placebo,all_alfworld,all,absolute_readout,C_adv_centered::decision::reward,auroc_large_change_vs_rest,0.6136363636363636,0.34676573426573426,0.8329545454545454,0.5999611269729612,845,845,1155
placebo,all_alfworld,all,absolute_readout,C_adv_centered::decision::reward,top_quartile_mean_absolute_delta,0.0809005376344086,0.026420382079540266,0.1932772968058191,0.09385526749104563,845,845,1155
placebo,all_alfworld,all,absolute_readout,C_adv_centered::decision::reward,top_quartile_lift,1.0157616750035408,0.3346887750075973,1.802071342780259,1.0311052990283236,845,845,1155
placebo,all_alfworld,all,absolute_readout,C_adv_centered::decision::unsigned,spearman,0.18014087574015222,-0.41723342841701816,0.2986954794211486,-0.06123875377570755,845,845,1155
placebo,all_alfworld,all,absolute_readout,C_adv_centered::decision::unsigned,average_precision,0.6995042761753992,0.33802610272424516,0.7703295455059133,0.5879589381939864,845,845,1155
placebo,all_alfworld,all,absolute_readout,C_adv_centered::decision::unsigned,auroc_large_change_vs_rest,0.5795454545454546,0.27380952380952384,0.7111111111111111,0.48554154753858897,845,845,1155
placebo,all_alfworld,all,absolute_readout,C_adv_centered::decision::unsigned,top_quartile_mean_absolute_delta,0.0897068439407149,0.02306459330143541,0.1932118226600985,0.09207777753033888,845,845,1155
placebo,all_alfworld,all,absolute_readout,C_adv_centered::decision::unsigned,top_quartile_lift,1.1263308838845878,0.3040582614052096,1.747279183499245,1.006556134823986,845,845,1155
placebo,all_alfworld,all,absolute_readout,M_delta_raw::decision::magnitude,spearman,0.34622197581278036,-0.29308311099226647,0.45667125507083883,0.10550239847259403,845,845,1155
placebo,all_alfworld,all,absolute_readout,M_delta_raw::decision::magnitude,average_precision,0.7065598839663011,0.35294753381661836,0.8602272470759866,0.6316498700642992,845,845,1155
placebo,all_alfworld,all,absolute_readout,M_delta_raw::decision::magnitude,auroc_large_change_vs_rest,0.6136363636363636,0.27155844155844155,0.7816239316239315,0.5379767668229207,845,845,1155
placebo,all_alfworld,all,absolute_readout,M_delta_raw::decision::magnitude,top_quartile_mean_absolute_delta,0.0938063063063063,0.02846284271284271,0.20195421290932228,0.10236019010999794,845,845,1155
placebo,all_alfworld,all,absolute_readout,M_delta_raw::decision::magnitude,top_quartile_lift,1.1778024424285454,0.39591853990397324,1.8675356362217588,1.1227449696837375,845,845,1155
placebo,all_alfworld,all,absolute_readout,M_delta_centered::decision::magnitude,spearman,0.2680144736621777,-0.339081193666778,0.4379676502859607,0.07057727274890291,845,845,1155
placebo,all_alfworld,all,absolute_readout,M_delta_centered::decision::magnitude,average_precision,0.7075260523789936,0.3682799145299145,0.8476849208654549,0.6292157914042328,845,845,1155
placebo,all_alfworld,all,absolute_readout,M_delta_centered::decision::magnitude,auroc_large_change_vs_rest,0.5340909090909091,0.26666666666666666,0.7618506493506493,0.5267806421060859,845,845,1155
placebo,all_alfworld,all,absolute_readout,M_delta_centered::decision::magnitude,top_quartile_mean_absolute_delta,0.08755630630630631,0.02416933725470311,0.19275964696223316,0.09453195570897188,845,845,1155
placebo,all_alfworld,all,absolute_readout,M_delta_centered::decision::magnitude,top_quartile_lift,1.099329410550053,0.33648814193670074,1.7971386626301293,1.0331575514390527,845,845,1155
placebo,all_alfworld,all,absolute_readout,M_original_norm::decision::magnitude,spearman,-0.12565924502849643,-0.47524690222212707,0.2601447695254217,-0.089204133971842,845,845,1155
placebo,all_alfworld,all,absolute_readout,M_original_norm::decision::magnitude,average_precision,0.4833397522357556,0.3178771813596006,0.7941302699884704,0.5557272151764495,845,845,1155
placebo,all_alfworld,all,absolute_readout,M_original_norm::decision::magnitude,auroc_large_change_vs_rest,0.2727272727272727,0.17045454545454544,0.6704545454545454,0.4339044830908736,845,845,1155
placebo,all_alfworld,all,absolute_readout,M_original_norm::decision::magnitude,top_quartile_mean_absolute_delta,0.05583333333333333,0.011797531512605042,0.16210962757443742,0.07033283675341946,845,845,1155
placebo,all_alfworld,all,absolute_readout,M_original_norm::decision::magnitude,top_quartile_lift,0.7010257514478665,0.16648868272961306,1.5502404614683891,0.7701672990372973,845,845,1155
placebo,all_alfworld,all,absolute_readout,M_control_norm::decision::magnitude,spearman,-0.6019341457658745,-0.7238974692296749,-0.0496174650500667,-0.40921622221194903,845,845,1155
placebo,all_alfworld,all,absolute_readout,M_control_norm::decision::magnitude,average_precision,0.44303120457426687,0.27965890834311885,0.6576333331455511,0.4683320966523123,845,845,1155
placebo,all_alfworld,all,absolute_readout,M_control_norm::decision::magnitude,auroc_large_change_vs_rest,0.19318181818181818,0.08388888888888889,0.5434090909090906,0.30240692903414795,845,845,1155
placebo,all_alfworld,all,absolute_readout,M_control_norm::decision::magnitude,top_quartile_mean_absolute_delta,0.024583333333333336,0.00908516081871345,0.08074427655677652,0.03727532482090753,845,845,1155
placebo,all_alfworld,all,absolute_readout,M_control_norm::decision::magnitude,top_quartile_lift,0.30866059205540397,0.11137346499379568,0.9008277073230861,0.4226587624363176,845,845,1155
placebo,all_alfworld,all,absolute_readout,M_kl::decision::magnitude,spearman,0.34885818375044114,0.026539065046474967,0.7017992696041954,0.36964198395978926,845,845,1155
placebo,all_alfworld,all,absolute_readout,M_kl::decision::magnitude,average_precision,0.773461505814447,0.5321265172735761,0.9342914438502673,0.7452904521147982,845,845,1155
placebo,all_alfworld,all,absolute_readout,M_kl::decision::magnitude,auroc_large_change_vs_rest,0.6590909090909091,0.45555555555555555,0.8777777777777778,0.6760580592977042,845,845,1155
placebo,all_alfworld,all,absolute_readout,M_kl::decision::magnitude,top_quartile_mean_absolute_delta,0.12527777777777777,0.07566360883268779,0.20289285714285715,0.13735493737570456,845,845,1155
placebo,all_alfworld,all,absolute_readout,M_kl::decision::magnitude,top_quartile_lift,1.572948327875561,0.9216010797884342,2.2711779046283236,1.5672802857113,845,845,1155
placebo,all_alfworld,all,absolute_readout,M_js::decision::magnitude,spearman,0.4156421181711805,0.018942915086718085,0.6992152132985636,0.37005000555141193,845,845,1155
placebo,all_alfworld,all,absolute_readout,M_js::decision::magnitude,average_precision,0.8269607843137254,0.5277130018674137,0.9355202966967673,0.7503739149389383,845,845,1155
placebo,all_alfworld,all,absolute_readout,M_js::decision::magnitude,auroc_large_change_vs_rest,0.7272727272727273,0.4666666666666667,0.8863636363636364,0.6792697260004952,845,845,1155
placebo,all_alfworld,all,absolute_readout,M_js::decision::magnitude,top_quartile_mean_absolute_delta,0.13991741741741742,0.08643586765537985,0.21005870109362756,0.14657726098965454,845,845,1155
placebo,all_alfworld,all,absolute_readout,M_js::decision::magnitude,top_quartile_lift,1.7567590331765348,1.0310971153935993,2.321411547355508,1.6747602659141565,845,845,1155
placebo,all_alfworld,all,absolute_readout,M_action_abs::decision::magnitude,spearman,0.4815473166126996,-0.06278302813806201,0.6969732366470988,0.32886202208285753,845,845,1155
placebo,all_alfworld,all,absolute_readout,M_action_abs::decision::magnitude,average_precision,0.8652439665597561,0.4499325521829392,0.9402930882818102,0.7307201873222932,845,845,1155
placebo,all_alfworld,all,absolute_readout,M_action_abs::decision::magnitude,auroc_large_change_vs_rest,0.7727272727272727,0.4090909090909091,0.9040584415584414,0.6668722155556475,845,845,1155
placebo,all_alfworld,all,absolute_readout,M_action_abs::decision::magnitude,top_quartile_mean_absolute_delta,0.1486674174174174,0.08644640191679664,0.21572530809759183,0.14929910544441757,845,845,1155
placebo,all_alfworld,all,absolute_readout,M_action_abs::decision::magnitude,top_quartile_lift,1.866621277806424,1.0583360315413881,2.450781498992559,1.7105939397297572,845,845,1155
placebo,all_alfworld,all,absolute_readout,D_original::game::reward,spearman,-0.24165239428557006,-0.619434101067853,0.11388418290694494,-0.24038719487293767,845,845,1155
placebo,all_alfworld,all,absolute_readout,D_original::game::reward,average_precision,0.5137365085894497,0.2823936369419563,0.7104142828077695,0.5018943534988294,845,845,1155
placebo,all_alfworld,all,absolute_readout,D_original::game::reward,auroc_large_change_vs_rest,0.375,0.1590909090909091,0.6136363636363636,0.3770581374575457,845,845,1155
placebo,all_alfworld,all,absolute_readout,D_original::game::reward,top_quartile_mean_absolute_delta,0.07041666666666666,0.010361533816425123,0.1840257352941176,0.0824208979719994,845,845,1155
placebo,all_alfworld,all,absolute_readout,D_original::game::reward,top_quartile_lift,0.8841294924976822,0.15334660289530755,1.6673685964482343,0.8909563395113527,845,845,1155
placebo,all_alfworld,all,absolute_readout,D_original::game::unsigned,spearman,-0.22407767470116496,-0.5831660061474245,0.20154554722968385,-0.18658530417865546,845,845,1155
placebo,all_alfworld,all,absolute_readout,D_original::game::unsigned,average_precision,0.5767279363536048,0.30084804919391384,0.7617192142008319,0.543156815991095,845,845,1155
placebo,all_alfworld,all,absolute_readout,D_original::game::unsigned,auroc_large_change_vs_rest,0.4090909090909091,0.15984848484848485,0.6587373737373736,0.40291534566682496,845,845,1155
placebo,all_alfworld,all,absolute_readout,D_original::game::unsigned,top_quartile_mean_absolute_delta,0.0625563063063063,0.02078661410898253,0.13857472237907018,0.06930267817748602,845,845,1155
placebo,all_alfworld,all,absolute_readout,D_original::game::unsigned,top_quartile_lift,0.7854372830360828,0.25723775278538474,1.4470428724128535,0.7752364330827579,845,845,1155
placebo,all_alfworld,all,absolute_readout,D_centered_gate::game::reward,spearman,-0.24165239428557006,-0.619434101067853,0.11388418290694494,-0.24038719487293767,845,845,1155
placebo,all_alfworld,all,absolute_readout,D_centered_gate::game::reward,average_precision,0.5137365085894497,0.2823936369419563,0.7104142828077695,0.5018943534988294,845,845,1155
placebo,all_alfworld,all,absolute_readout,D_centered_gate::game::reward,auroc_large_change_vs_rest,0.375,0.1590909090909091,0.6136363636363636,0.3770581374575457,845,845,1155
placebo,all_alfworld,all,absolute_readout,D_centered_gate::game::reward,top_quartile_mean_absolute_delta,0.07041666666666666,0.010361533816425123,0.1840257352941176,0.0824208979719994,845,845,1155
placebo,all_alfworld,all,absolute_readout,D_centered_gate::game::reward,top_quartile_lift,0.8841294924976822,0.15334660289530755,1.6673685964482343,0.8909563395113527,845,845,1155
placebo,all_alfworld,all,absolute_readout,D_centered_gate::game::unsigned,spearman,-0.22407767470116496,-0.5831660061474245,0.20154554722968385,-0.18658530417865546,845,845,1155
placebo,all_alfworld,all,absolute_readout,D_centered_gate::game::unsigned,average_precision,0.5767279363536048,0.30084804919391384,0.7617192142008319,0.543156815991095,845,845,1155
placebo,all_alfworld,all,absolute_readout,D_centered_gate::game::unsigned,auroc_large_change_vs_rest,0.4090909090909091,0.15984848484848485,0.6587373737373736,0.40291534566682496,845,845,1155
placebo,all_alfworld,all,absolute_readout,D_centered_gate::game::unsigned,top_quartile_mean_absolute_delta,0.0625563063063063,0.02078661410898253,0.13857472237907018,0.06930267817748602,845,845,1155
placebo,all_alfworld,all,absolute_readout,D_centered_gate::game::unsigned,top_quartile_lift,0.7854372830360828,0.25723775278538474,1.4470428724128535,0.7752364330827579,845,845,1155
placebo,all_alfworld,all,absolute_readout,D_ungated::game::reward,spearman,-0.12741671698693693,-0.6192312219975329,0.20169828813937438,-0.19047478993748054,845,845,1155
placebo,all_alfworld,all,absolute_readout,D_ungated::game::reward,average_precision,0.5509118332647744,0.29310256449070854,0.7714351374244951,0.5357959374421946,845,845,1155
placebo,all_alfworld,all,absolute_readout,D_ungated::game::reward,auroc_large_change_vs_rest,0.4090909090909091,0.15555555555555556,0.6419047619047618,0.3933131841859652,845,845,1155
placebo,all_alfworld,all,absolute_readout,D_ungated::game::reward,top_quartile_mean_absolute_delta,0.06041666666666666,0.001479779411764706,0.16031249999999997,0.06604062142806336,845,845,1155
placebo,all_alfworld,all,absolute_readout,D_ungated::game::reward,top_quartile_lift,0.7585726414920942,0.021700191410662328,1.4649182118166366,0.7067850870085851,845,845,1155
placebo,all_alfworld,all,absolute_readout,D_ungated::game::unsigned,spearman,0.18453455563625348,-0.4173239513335565,0.3875591336289928,-0.016552149430492977,845,845,1155
placebo,all_alfworld,all,absolute_readout,D_ungated::game::unsigned,average_precision,0.7218438424320778,0.35386591751710433,0.8148837788172152,0.6065008795556389,845,845,1155
placebo,all_alfworld,all,absolute_readout,D_ungated::game::unsigned,auroc_large_change_vs_rest,0.5681818181818182,0.23333333333333334,0.7157467532467532,0.47131863862633094,845,845,1155
placebo,all_alfworld,all,absolute_readout,D_ungated::game::unsigned,top_quartile_mean_absolute_delta,0.08547297297297297,0.020642091648189212,0.19092115126647202,0.08929337623405255,845,845,1155
placebo,all_alfworld,all,absolute_readout,D_ungated::game::unsigned,top_quartile_lift,1.0731717332572221,0.2625773090838803,1.7422735104725808,0.973844877994872,845,845,1155
placebo,all_alfworld,all,absolute_readout,D_signed::game::reward,spearman,-0.029877023293488663,-0.43024715373936107,0.2608847321854724,-0.08163520634193067,845,845,1155
placebo,all_alfworld,all,absolute_readout,D_signed::game::reward,average_precision,0.553079273667509,0.3176533305629944,0.8031166641368473,0.5539790782890808,845,845,1155
placebo,all_alfworld,all,absolute_readout,D_signed::game::reward,auroc_large_change_vs_rest,0.4772727272727273,0.2,0.6903174603174602,0.45148853447670023,845,845,1155
placebo,all_alfworld,all,absolute_readout,D_signed::game::reward,top_quartile_mean_absolute_delta,0.04988095238095238,0.010045080532212886,0.14225,0.06516468705602517,845,845,1155
placebo,all_alfworld,all,absolute_readout,D_signed::game::reward,top_quartile_lift,0.626289530611207,0.13409360195244058,1.445379851950403,0.7212054048349879,845,845,1155
placebo,all_alfworld,all,absolute_readout,D_signed::game::unsigned,spearman,-0.2601058498491954,-0.5559084864466067,0.11705216232617538,-0.22527605599289488,845,845,1155
placebo,all_alfworld,all,absolute_readout,D_signed::game::unsigned,average_precision,0.5379507153571326,0.29355514700052515,0.6904807521472203,0.49948286490783705,845,845,1155
placebo,all_alfworld,all,absolute_readout,D_signed::game::unsigned,auroc_large_change_vs_rest,0.45454545454545453,0.15484126984126984,0.6333333333333333,0.39236106759775397,845,845,1155
placebo,all_alfworld,all,absolute_readout,D_signed::game::unsigned,top_quartile_mean_absolute_delta,0.024880952380952382,0.008333333333333333,0.09067361111111108,0.040588491883676164,845,845,1155
placebo,all_alfworld,all,absolute_readout,D_signed::game::unsigned,top_quartile_lift,0.3123974030972369,0.10665393313475055,0.9483228361817755,0.45630427643490434,845,845,1155
placebo,all_alfworld,all,absolute_readout,D_signed_gate::game::reward,spearman,-0.28119551335048154,-0.5508321329279691,0.0707963010134687,-0.23800964807463382,845,845,1155
placebo,all_alfworld,all,absolute_readout,D_signed_gate::game::reward,average_precision,0.4820490041746725,0.2935598845598845,0.7025161360090596,0.49791135684798166,845,845,1155
placebo,all_alfworld,all,absolute_readout,D_signed_gate::game::reward,auroc_large_change_vs_rest,0.3068181818181818,0.14285714285714285,0.5777777777777777,0.35506262475197387,845,845,1155
placebo,all_alfworld,all,absolute_readout,D_signed_gate::game::reward,top_quartile_mean_absolute_delta,0.08361111111111111,0.051631653758141174,0.14428289473684205,0.09225730352830715,845,845,1155
placebo,all_alfworld,all,absolute_readout,D_signed_gate::game::reward,top_quartile_lift,1.0497947820189444,0.5635129371954902,1.699205794529327,1.0590650988648767,845,845,1155
placebo,all_alfworld,all,absolute_readout,D_signed_gate::game::unsigned,spearman,0.1300529249245977,-0.25541236045277155,0.354552701847552,0.04749084387089164,845,845,1155
placebo,all_alfworld,all,absolute_readout,D_signed_gate::game::unsigned,average_precision,0.6311080630599347,0.34785691549347003,0.7538308286499076,0.5566134463986173,845,845,1155
placebo,all_alfworld,all,absolute_readout,D_signed_gate::game::unsigned,auroc_large_change_vs_rest,0.6022727272727273,0.28888888888888886,0.7139682539682539,0.5035590773460596,845,845,1155
placebo,all_alfworld,all,absolute_readout,D_signed_gate::game::unsigned,top_quartile_mean_absolute_delta,0.11557539682539683,0.06016441839893853,0.2218818681318681,0.12473583993342073,845,845,1155
placebo,all_alfworld,all,absolute_readout,D_signed_gate::game::unsigned,top_quartile_lift,1.4511282879118061,0.7736510503040416,2.0753563685218683,1.4001599848877038,845,845,1155
placebo,all_alfworld,all,absolute_readout,D_sign_balance::game::reward,spearman,0.030755759272708915,-0.5305458515014381,0.26806998821366,-0.10975763979897626,845,845,1155
placebo,all_alfworld,all,absolute_readout,D_sign_balance::game::reward,average_precision,0.623046642899584,0.3247887392136342,0.7885111532934568,0.5746991926969914,845,845,1155
placebo,all_alfworld,all,absolute_readout,D_sign_balance::game::reward,auroc_large_change_vs_rest,0.4659090909090909,0.19239510489510492,0.6590909090909091,0.43448367871444793,845,845,1155
placebo,all_alfworld,all,absolute_readout,D_sign_balance::game::reward,top_quartile_mean_absolute_delta,0.07696428571428571,0.014220588235294119,0.1981904761904762,0.08981528466533471,845,845,1155
placebo,all_alfworld,all,absolute_readout,D_sign_balance::game::reward,top_quartile_lift,0.9663393354180078,0.18639687019740891,1.7936004710733044,0.9743385194284454,845,845,1155
placebo,all_alfworld,all,absolute_readout,D_sign_balance::game::unsigned,spearman,0.030755759272708915,-0.4860369925610808,0.20719471284199437,-0.12369123421298645,845,845,1155
placebo,all_alfworld,all,absolute_readout,D_sign_balance::game::unsigned,average_precision,0.6113133004844233,0.31603220105058344,0.7753869166335743,0.5740490348261122,845,845,1155
placebo,all_alfworld,all,absolute_readout,D_sign_balance::game::unsigned,auroc_large_change_vs_rest,0.5454545454545454,0.2,0.6590909090909091,0.4363500372080254,845,845,1155
placebo,all_alfworld,all,absolute_readout,D_sign_balance::game::unsigned,top_quartile_mean_absolute_delta,0.045714285714285714,0.0068015873015873024,0.1372121212121212,0.05675777273282278,845,845,1155
placebo,all_alfworld,all,absolute_readout,D_sign_balance::game::unsigned,top_quartile_lift,0.5739741760255453,0.0860714146650014,1.3107305086127414,0.6268299828274657,845,845,1155
placebo,all_alfworld,all,absolute_readout,D_negative_fraction::game::reward,spearman,-0.17662593182327121,-0.6814599412418146,0.15239702022419122,-0.2511064843242221,845,845,1155
placebo,all_alfworld,all,absolute_readout,D_negative_fraction::game::reward,average_precision,0.5879067827597239,0.29027791953488546,0.7153223491120163,0.5270030743153822,845,845,1155
placebo,all_alfworld,all,absolute_readout,D_negative_fraction::game::reward,auroc_large_change_vs_rest,0.3977272727272727,0.13095238095238096,0.6071428571428571,0.3703299396198804,845,845,1155
placebo,all_alfworld,all,absolute_readout,D_negative_fraction::game::reward,top_quartile_mean_absolute_delta,0.06041666666666666,0.001479779411764706,0.16031249999999997,0.06604062142806336,845,845,1155
placebo,all_alfworld,all,absolute_readout,D_negative_fraction::game::reward,top_quartile_lift,0.7585726414920942,0.021700191410662328,1.4649182118166366,0.7067850870085851,845,845,1155
placebo,all_alfworld,all,absolute_readout,D_negative_fraction::game::unsigned,spearman,0.01845345556362535,-0.5148874186506325,0.33427116649538463,-0.09538999589123147,845,845,1155
placebo,all_alfworld,all,absolute_readout,D_negative_fraction::game::unsigned,average_precision,0.6387573211102623,0.3217984555154686,0.804340310818639,0.5768331991087584,845,845,1155
placebo,all_alfworld,all,absolute_readout,D_negative_fraction::game::unsigned,auroc_large_change_vs_rest,0.48863636363636365,0.18181818181818182,0.7111111111111111,0.4386382174695784,845,845,1155
placebo,all_alfworld,all,absolute_readout,D_negative_fraction::game::unsigned,top_quartile_mean_absolute_delta,0.08338963963963963,0.016086910122900838,0.19209402412280702,0.0898720561562289,845,845,1155
placebo,all_alfworld,all,absolute_readout,D_negative_fraction::game::unsigned,top_quartile_lift,1.0470140559643912,0.23672229901408345,1.732209988976773,0.9786328817577093,845,845,1155
placebo,all_alfworld,all,absolute_readout,D_adv::game::reward,spearman,0.34973691972966137,-0.14396883447326014,0.5851498058750632,0.23289436658995027,845,845,1155
placebo,all_alfworld,all,absolute_readout,D_adv::game::reward,average_precision,0.7160508980027698,0.4079065110943981,0.9019999628391507,0.6488770273286328,845,845,1155
placebo,all_alfworld,all,absolute_readout,D_adv::game::reward,auroc_large_change_vs_rest,0.6931818181818182,0.36393939393939395,0.844090909090909,0.5920118540236884,845,845,1155
placebo,all_alfworld,all,absolute_readout,D_adv::game::reward,top_quartile_mean_absolute_delta,0.1423611111111111,0.07198649930986888,0.24226370229387467,0.1478299759732673,845,845,1155
placebo,all_alfworld,all,absolute_readout,D_adv::game::reward,top_quartile_lift,1.787441281676774,0.9638265061409808,2.3490585310524104,1.6606251772707665,845,845,1155
placebo,all_alfworld,all,absolute_readout,D_adv::game::unsigned,spearman,-0.2601058498491954,-0.5559084864466067,0.11705216232617538,-0.22527605599289488,845,845,1155
placebo,all_alfworld,all,absolute_readout,D_adv::game::unsigned,average_precision,0.5379507153571326,0.29355514700052515,0.6904807521472203,0.49948286490783705,845,845,1155
placebo,all_alfworld,all,absolute_readout,D_adv::game::unsigned,auroc_large_change_vs_rest,0.45454545454545453,0.15484126984126984,0.6333333333333333,0.39236106759775397,845,845,1155
placebo,all_alfworld,all,absolute_readout,D_adv::game::unsigned,top_quartile_mean_absolute_delta,0.024880952380952382,0.008333333333333333,0.09067361111111108,0.040588491883676164,845,845,1155
placebo,all_alfworld,all,absolute_readout,D_adv::game::unsigned,top_quartile_lift,0.3123974030972369,0.10665393313475055,0.9483228361817755,0.45630427643490434,845,845,1155
placebo,all_alfworld,all,absolute_readout,D_adv_gate::game::reward,spearman,0.0008787359792202547,-0.3873093178291521,0.3139847039651455,-0.018845763083216307,845,845,1155
placebo,all_alfworld,all,absolute_readout,D_adv_gate::game::reward,average_precision,0.5746305388016618,0.34660302116184466,0.788320633297132,0.5686649553371702,845,845,1155
placebo,all_alfworld,all,absolute_readout,D_adv_gate::game::reward,auroc_large_change_vs_rest,0.48863636363636365,0.25756493506493505,0.7045454545454546,0.47333012812302755,845,845,1155
placebo,all_alfworld,all,absolute_readout,D_adv_gate::game::reward,top_quartile_mean_absolute_delta,0.11486111111111111,0.061038053041729504,0.21961296056884289,0.1253148154608191,845,845,1155
placebo,all_alfworld,all,absolute_readout,D_adv_gate::game::reward,top_quartile_lift,1.442159941411407,0.8049426048898243,2.0935324120017635,1.4065736354658565,845,845,1155
placebo,all_alfworld,all,absolute_readout,D_adv_gate::game::unsigned,spearman,0.1300529249245977,-0.25541236045277155,0.354552701847552,0.04749084387089164,845,845,1155
placebo,all_alfworld,all,absolute_readout,D_adv_gate::game::unsigned,average_precision,0.6311080630599347,0.34785691549347003,0.7538308286499076,0.5566134463986173,845,845,1155
placebo,all_alfworld,all,absolute_readout,D_adv_gate::game::unsigned,auroc_large_change_vs_rest,0.6022727272727273,0.28888888888888886,0.7139682539682539,0.5035590773460596,845,845,1155
placebo,all_alfworld,all,absolute_readout,D_adv_gate::game::unsigned,top_quartile_mean_absolute_delta,0.11557539682539683,0.06016441839893853,0.2218818681318681,0.12473583993342073,845,845,1155
placebo,all_alfworld,all,absolute_readout,D_adv_gate::game::unsigned,top_quartile_lift,1.4511282879118061,0.7736510503040416,2.0753563685218683,1.4001599848877038,845,845,1155
placebo,all_alfworld,all,absolute_readout,D_sqrtadv::game::reward,spearman,0.10544831750643056,-0.33885404307679085,0.3963007548096419,0.03875006944686065,845,845,1155
placebo,all_alfworld,all,absolute_readout,D_sqrtadv::game::reward,average_precision,0.5631489648200877,0.32988728824863284,0.8672245450136868,0.5893837608291542,845,845,1155
placebo,all_alfworld,all,absolute_readout,D_sqrtadv::game::reward,auroc_large_change_vs_rest,0.4772727272727273,0.23814935064935064,0.7684981684981683,0.5032234694956589,845,845,1155
placebo,all_alfworld,all,absolute_readout,D_sqrtadv::game::reward,top_quartile_mean_absolute_delta,0.05613095238095238,0.014744047619047617,0.16737310606060607,0.0736460038161881,845,845,1155
placebo,all_alfworld,all,absolute_readout,D_sqrtadv::game::reward,top_quartile_lift,0.7047625624896995,0.19214614258399337,1.5706126013695936,0.8038128130358839,845,845,1155
placebo,all_alfworld,all,absolute_readout,D_sqrtadv::game::unsigned,spearman,-0.2601058498491954,-0.5559084864466067,0.11705216232617538,-0.22527605599289488,845,845,1155
placebo,all_alfworld,all,absolute_readout,D_sqrtadv::game::unsigned,average_precision,0.5379507153571326,0.29355514700052515,0.6904807521472203,0.49948286490783705,845,845,1155
placebo,all_alfworld,all,absolute_readout,D_sqrtadv::game::unsigned,auroc_large_change_vs_rest,0.45454545454545453,0.15484126984126984,0.6333333333333333,0.39236106759775397,845,845,1155
placebo,all_alfworld,all,absolute_readout,D_sqrtadv::game::unsigned,top_quartile_mean_absolute_delta,0.024880952380952382,0.008333333333333333,0.09067361111111108,0.040588491883676164,845,845,1155
placebo,all_alfworld,all,absolute_readout,D_sqrtadv::game::unsigned,top_quartile_lift,0.3123974030972369,0.10665393313475055,0.9483228361817755,0.45630427643490434,845,845,1155
placebo,all_alfworld,all,absolute_readout,D_work::game::reward,spearman,-0.011423567729863311,-0.2874732217692764,0.4450602700029436,0.08350110423173743,845,845,1155
placebo,all_alfworld,all,absolute_readout,D_work::game::reward,average_precision,0.638357090028213,0.37724615109201576,0.8553835491993387,0.6079839836092754,845,845,1155
placebo,all_alfworld,all,absolute_readout,D_work::game::reward,auroc_large_change_vs_rest,0.5454545454545454,0.2956709956709957,0.7494444444444444,0.5274983152941732,845,845,1155
placebo,all_alfworld,all,absolute_readout,D_work::game::reward,top_quartile_mean_absolute_delta,0.13206795505182603,0.07752238267945505,0.20028196623549088,0.13571902640393188,845,845,1155
placebo,all_alfworld,all,absolute_readout,D_work::game::reward,top_quartile_lift,1.6582036555054818,0.9589748243155664,2.256306250928763,1.551791729028288,845,845,1155
placebo,all_alfworld,all,absolute_readout,D_work::game::unsigned,spearman,-0.18277708367781298,-0.5054271372126395,0.2700101760208795,-0.10966439024916613,845,845,1155
placebo,all_alfworld,all,absolute_readout,D_work::game::unsigned,average_precision,0.566117460970402,0.315953046029478,0.8533920845973034,0.5765886241577389,845,845,1155
placebo,all_alfworld,all,absolute_readout,D_work::game::unsigned,auroc_large_change_vs_rest,0.4318181818181818,0.21654040404040406,0.7021428571428571,0.4572630147630148,845,845,1155
placebo,all_alfworld,all,absolute_readout,D_work::game::unsigned,top_quartile_mean_absolute_delta,0.06446428571428571,0.02242627094697528,0.18185267857142856,0.08671281769213349,845,845,1155
placebo,all_alfworld,all,absolute_readout,D_work::game::unsigned,top_quartile_lift,0.8093932716610228,0.2923423568656645,1.7390317592243423,0.9527129047247493,845,845,1155
placebo,all_alfworld,all,absolute_readout,D_work_gate::game::reward,spearman,0.48857720444646163,-0.0737594153886705,0.6702797791763822,0.30988128247123614,845,845,1155
placebo,all_alfworld,all,absolute_readout,D_work_gate::game::reward,average_precision,0.8326191782074134,0.4542936751286209,0.9166520467836257,0.7419921537828126,845,845,1155
placebo,all_alfworld,all,absolute_readout,D_work_gate::game::reward,auroc_large_change_vs_rest,0.7272727272727273,0.39746503496503494,0.8744047619047618,0.640079512860578,845,845,1155
placebo,all_alfworld,all,absolute_readout,D_work_gate::game::reward,top_quartile_mean_absolute_delta,0.14839567828698264,0.08990223406456245,0.21339675395516092,0.14959482012183914,845,845,1155
placebo,all_alfworld,all,absolute_readout,D_work_gate::game::reward,top_quartile_lift,1.8632094068551854,1.075844043794341,2.428446353976771,1.7133803591335455,845,845,1155
placebo,all_alfworld,all,absolute_readout,D_work_gate::game::unsigned,spearman,-0.13620407677913948,-0.35871278837852305,0.31693876496373957,-0.027574807840907538,845,845,1155
placebo,all_alfworld,all,absolute_readout,D_work_gate::game::unsigned,average_precision,0.5764346764346765,0.3391241496598639,0.8149392110082898,0.577349484398203,845,845,1155
placebo,all_alfworld,all,absolute_readout,D_work_gate::game::unsigned,auroc_large_change_vs_rest,0.5,0.27463369963369966,0.7,0.48858081596247277,845,845,1155
placebo,all_alfworld,all,absolute_readout,D_work_gate::game::unsigned,top_quartile_mean_absolute_delta,0.04618725868725869,0.02169178830992855,0.11174632352941176,0.06110646394385104,845,845,1155
placebo,all_alfworld,all,absolute_readout,D_work_gate::game::unsigned,top_quartile_lift,0.5799126757352691,0.253960537665479,1.212950489243603,0.6928809103701263,845,845,1155
placebo,all_alfworld,all,absolute_readout,D_cos_raw::game::reward,spearman,-0.13971902069602052,-0.3224771066887562,0.2581044189284893,-0.050131554275879404,845,845,1155
placebo,all_alfworld,all,absolute_readout,D_cos_raw::game::reward,average_precision,0.5169388692115965,0.32803374778938693,0.7988457615901222,0.5544699009001209,845,845,1155
placebo,all_alfworld,all,absolute_readout,D_cos_raw::game::reward,auroc_large_change_vs_rest,0.3977272727272727,0.245,0.6784920634920635,0.45486636309121514,845,845,1155
placebo,all_alfworld,all,absolute_readout,D_cos_raw::game::reward,top_quartile_mean_absolute_delta,0.0961111111111111,0.0572798729048729,0.17106892453951275,0.1067982305500034,845,845,1155
placebo,all_alfworld,all,absolute_readout,D_cos_raw::game::reward,top_quartile_lift,1.2067408457759294,0.6924006528138094,1.823965707475782,1.2185995977859478,845,845,1155
placebo,all_alfworld,all,absolute_readout,D_cos_raw::game::unsigned,spearman,-0.4507915573399907,-0.5818627904294695,0.07759509743652737,-0.2586821524650203,845,845,1155
placebo,all_alfworld,all,absolute_readout,D_cos_raw::game::unsigned,average_precision,0.4990178938708349,0.30173187223607395,0.7121876546799147,0.5039895142378427,845,845,1155
placebo,all_alfworld,all,absolute_readout,D_cos_raw::game::unsigned,auroc_large_change_vs_rest,0.3522727272727273,0.14477272727272728,0.5907070707070707,0.3677217867602483,845,845,1155
placebo,all_alfworld,all,absolute_readout,D_cos_raw::game::unsigned,top_quartile_mean_absolute_delta,0.024880952380952382,0.008333333333333333,0.09067361111111108,0.040588491883676164,845,845,1155
placebo,all_alfworld,all,absolute_readout,D_cos_raw::game::unsigned,top_quartile_lift,0.3123974030972369,0.10665393313475055,0.9483228361817755,0.45630427643490434,845,845,1155
placebo,all_alfworld,all,absolute_readout,D_cos_centered::game::reward,spearman,-0.07557129421294191,-0.4643071124635822,0.24240038049180868,-0.10708356109760325,845,845,1155
placebo,all_alfworld,all,absolute_readout,D_cos_centered::game::reward,average_precision,0.5364124437653849,0.3061477924503134,0.8008144418361135,0.5478650648648117,845,845,1155
placebo,all_alfworld,all,absolute_readout,D_cos_centered::game::reward,auroc_large_change_vs_rest,0.4318181818181818,0.17777777777777778,0.6794871794871795,0.43692314917166986,845,845,1155
placebo,all_alfworld,all,absolute_readout,D_cos_centered::game::reward,top_quartile_mean_absolute_delta,0.04988095238095238,0.010045080532212886,0.14225,0.06516468705602517,845,845,1155
placebo,all_alfworld,all,absolute_readout,D_cos_centered::game::reward,top_quartile_lift,0.626289530611207,0.13409360195244058,1.445379851950403,0.7212054048349879,845,845,1155
placebo,all_alfworld,all,absolute_readout,D_cos_centered::game::unsigned,spearman,-0.28383172128814227,-0.5690754710290848,0.1019217404694042,-0.23947327552948888,845,845,1155
placebo,all_alfworld,all,absolute_readout,D_cos_centered::game::unsigned,average_precision,0.533129778718014,0.2950702588727799,0.7306986499973561,0.5109233123060506,845,845,1155
placebo,all_alfworld,all,absolute_readout,D_cos_centered::game::unsigned,auroc_large_change_vs_rest,0.4431818181818182,0.14136752136752137,0.6222222222222222,0.38219899922562645,845,845,1155
placebo,all_alfworld,all,absolute_readout,D_cos_centered::game::unsigned,top_quartile_mean_absolute_delta,0.024880952380952382,0.008333333333333333,0.09067361111111108,0.040588491883676164,845,845,1155
placebo,all_alfworld,all,absolute_readout,D_cos_centered::game::unsigned,top_quartile_lift,0.3123974030972369,0.10665393313475055,0.9483228361817755,0.45630427643490434,845,845,1155
placebo,all_alfworld,all,absolute_readout,D_cos_centered_gate::game::reward,spearman,-0.3998248705452159,-0.5626730821882906,0.0513490154143227,-0.2785271732263293,845,845,1155
placebo,all_alfworld,all,absolute_readout,D_cos_centered_gate::game::reward,average_precision,0.4772810448612587,0.2919872006586956,0.7000400397340781,0.49338077865190044,845,845,1155
placebo,all_alfworld,all,absolute_readout,D_cos_centered_gate::game::reward,auroc_large_change_vs_rest,0.29545454545454547,0.13333333333333333,0.5633741258741257,0.34296138936671483,845,845,1155
placebo,all_alfworld,all,absolute_readout,D_cos_centered_gate::game::reward,top_quartile_mean_absolute_delta,0.08361111111111111,0.051631653758141174,0.14428289473684205,0.09225730352830715,845,845,1155
placebo,all_alfworld,all,absolute_readout,D_cos_centered_gate::game::reward,top_quartile_lift,1.0497947820189444,0.5635129371954902,1.699205794529327,1.0590650988648767,845,845,1155
placebo,all_alfworld,all,absolute_readout,D_cos_centered_gate::game::unsigned,spearman,0.11687188523629388,-0.24285405777431057,0.3274184140514591,0.05296910373778706,845,845,1155
placebo,all_alfworld,all,absolute_readout,D_cos_centered_gate::game::unsigned,average_precision,0.6166740122622476,0.3648953546453546,0.7575783849813593,0.5600516583200383,845,845,1155
placebo,all_alfworld,all,absolute_readout,D_cos_centered_gate::game::unsigned,auroc_large_change_vs_rest,0.5909090909090909,0.2976190476190476,0.7159090909090909,0.5107780680857604,845,845,1155
placebo,all_alfworld,all,absolute_readout,D_cos_centered_gate::game::unsigned,top_quartile_mean_absolute_delta,0.09432539682539683,0.061487368024132724,0.1684962537462537,0.10805860454484485,845,845,1155
placebo,all_alfworld,all,absolute_readout,D_cos_centered_gate::game::unsigned,top_quartile_lift,1.1843199795249315,0.7188871478275803,1.8806993544529274,1.2368227007894919,845,845,1155
placebo,all_alfworld,all,absolute_readout,D_cos_adv::game::reward,spearman,0.17750466780249147,-0.17709252160426506,0.4868086132415506,0.14987062093339337,845,845,1155
placebo,all_alfworld,all,absolute_readout,D_cos_adv::game::reward,average_precision,0.6406507930572102,0.36727788035837566,0.8709300362051557,0.6164363506724748,845,845,1155
placebo,all_alfworld,all,absolute_readout,D_cos_adv::game::reward,auroc_large_change_vs_rest,0.5909090909090909,0.3181818181818182,0.7942735042735041,0.5449398891706584,845,845,1155
placebo,all_alfworld,all,absolute_readout,D_cos_adv::game::reward,top_quartile_mean_absolute_delta,0.12361111111111112,0.06765074450832964,0.22636946142093203,0.13026028138021054,845,845,1155
placebo,all_alfworld,all,absolute_readout,D_cos_adv::game::reward,top_quartile_lift,1.5520221860412966,0.872619373073172,2.1501109165995667,1.4674611826721953,845,845,1155
placebo,all_alfworld,all,absolute_readout,D_cos_adv::game::unsigned,spearman,-0.28383172128814227,-0.5690754710290848,0.1019217404694042,-0.23947327552948888,845,845,1155
placebo,all_alfworld,all,absolute_readout,D_cos_adv::game::unsigned,average_precision,0.533129778718014,0.2950702588727799,0.7306986499973561,0.5109233123060506,845,845,1155
placebo,all_alfworld,all,absolute_readout,D_cos_adv::game::unsigned,auroc_large_change_vs_rest,0.4431818181818182,0.14136752136752137,0.6222222222222222,0.38219899922562645,845,845,1155
placebo,all_alfworld,all,absolute_readout,D_cos_adv::game::unsigned,top_quartile_mean_absolute_delta,0.024880952380952382,0.008333333333333333,0.09067361111111108,0.040588491883676164,845,845,1155
placebo,all_alfworld,all,absolute_readout,D_cos_adv::game::unsigned,top_quartile_lift,0.3123974030972369,0.10665393313475055,0.9483228361817755,0.45630427643490434,845,845,1155
placebo,all_alfworld,all,absolute_readout,D_cos_negative::game::reward,spearman,-0.22671388263882572,-0.6262323368387422,0.1470009076349208,-0.23159869489824994,845,845,1155
placebo,all_alfworld,all,absolute_readout,D_cos_negative::game::reward,average_precision,0.5080743677000362,0.2890364344118214,0.7355484329581139,0.5125305126902866,845,845,1155
placebo,all_alfworld,all,absolute_readout,D_cos_negative::game::reward,auroc_large_change_vs_rest,0.375,0.14772727272727273,0.6186813186813186,0.37659760522186553,845,845,1155
placebo,all_alfworld,all,absolute_readout,D_cos_negative::game::reward,top_quartile_mean_absolute_delta,0.07041666666666666,0.010361533816425123,0.1840257352941176,0.0824208979719994,845,845,1155
placebo,all_alfworld,all,absolute_readout,D_cos_negative::game::reward,top_quartile_lift,0.8841294924976822,0.15334660289530755,1.6673685964482343,0.8909563395113527,845,845,1155
placebo,all_alfworld,all,absolute_readout,D_cos_negative::game::unsigned,spearman,0.22847135459726622,-0.3792055454234855,0.4242517996589272,0.02375297419334856,845,845,1155
placebo,all_alfworld,all,absolute_readout,D_cos_negative::game::unsigned,average_precision,0.7420819376701729,0.3636275535855368,0.836400801477095,0.6213061727448079,845,845,1155
placebo,all_alfworld,all,absolute_readout,D_cos_negative::game::unsigned,auroc_large_change_vs_rest,0.5909090909090909,0.25,0.7380952380952381,0.48889853736007577,845,845,1155
placebo,all_alfworld,all,absolute_readout,D_cos_negative::game::unsigned,top_quartile_mean_absolute_delta,0.1549174174174174,0.0760907003735951,0.2635067448031843,0.15676348889522126,845,845,1155
placebo,all_alfworld,all,absolute_readout,D_cos_negative::game::unsigned,top_quartile_lift,1.9450943096849167,1.0234105090494061,2.469385550688333,1.7543633023494596,845,845,1155
placebo,all_alfworld,all,absolute_readout,D_soft::game::reward,spearman,-0.0738138222545014,-0.43598203626256266,0.18655546201402992,-0.11702366849200169,845,845,1155
placebo,all_alfworld,all,absolute_readout,D_soft::game::reward,average_precision,0.605078499931441,0.42661091683637015,0.7317783533433411,0.5712426838234,845,845,1155
placebo,all_alfworld,all,absolute_readout,D_soft::game::reward,auroc_large_change_vs_rest,0.4318181818181818,0.18181818181818182,0.6426739926739927,0.4146749946306159,845,845,1155
placebo,all_alfworld,all,absolute_readout,D_soft::game::reward,top_quartile_mean_absolute_delta,0.08611111111111111,0.046421052631578946,0.1475296052631579,0.09041795400606735,845,845,1155
placebo,all_alfworld,all,absolute_readout,D_soft::game::reward,top_quartile_lift,1.0811839947703414,0.5536890575018335,1.5955344886837806,1.0344283452831804,845,845,1155
placebo,all_alfworld,all,absolute_readout,D_soft::game::unsigned,spearman,0.38752256683613234,-0.20682387228481472,0.424837223040342,0.13101262430644806,845,845,1155
placebo,all_alfworld,all,absolute_readout,D_soft::game::unsigned,average_precision,0.7397005772005772,0.3985115748222366,0.7617768597286785,0.593669130887718,845,845,1155
placebo,all_alfworld,all,absolute_readout,D_soft::game::unsigned,auroc_large_change_vs_rest,0.75,0.3340909090909091,0.7443589743589744,0.5509531789709304,845,845,1155
placebo,all_alfworld,all,absolute_readout,D_soft::game::unsigned,top_quartile_mean_absolute_delta,0.12569444444444444,0.05983149049093321,0.23115267857142857,0.1285660596776783,845,845,1155
placebo,all_alfworld,all,absolute_readout,D_soft::game::unsigned,top_quartile_lift,1.5781798633341273,0.7984986461570562,2.1581532512122896,1.4430328413410598,845,845,1155
placebo,all_alfworld,all,absolute_readout,D_soft_negative::game::reward,spearman,-0.32864725622837526,-0.6380931010467856,0.08546338434472807,-0.27210403851392584,845,845,1155
placebo,all_alfworld,all,absolute_readout,D_soft_negative::game::reward,average_precision,0.4873876049678189,0.27466828971804647,0.7101277311600347,0.4951325884387714,845,845,1155
placebo,all_alfworld,all,absolute_readout,D_soft_negative::game::reward,auroc_large_change_vs_rest,0.3068181818181818,0.14285714285714285,0.5883333333333333,0.3582660633252349,845,845,1155
placebo,all_alfworld,all,absolute_readout,D_soft_negative::game::reward,top_quartile_mean_absolute_delta,0.07041666666666666,0.010361533816425123,0.1840257352941176,0.0824208979719994,845,845,1155
placebo,all_alfworld,all,absolute_readout,D_soft_negative::game::reward,top_quartile_lift,0.8841294924976822,0.15334660289530755,1.6673685964482343,0.8909563395113527,845,845,1155
placebo,all_alfworld,all,absolute_readout,D_soft_negative::game::unsigned,spearman,-0.42179327002572226,-0.663914097738136,0.14543414256232692,-0.2649665115763425,845,845,1155
placebo,all_alfworld,all,absolute_readout,D_soft_negative::game::unsigned,average_precision,0.5279303955106094,0.28847990828032843,0.76335490725338,0.52747891362935,845,845,1155
placebo,all_alfworld,all,absolute_readout,D_soft_negative::game::unsigned,auroc_large_change_vs_rest,0.2840909090909091,0.125,0.6142857142857143,0.3628445223415637,845,845,1155
placebo,all_alfworld,all,absolute_readout,D_soft_negative::game::unsigned,top_quartile_mean_absolute_delta,0.04375,0.010465298885511651,0.12270711535142598,0.053878157772522896,845,845,1155
placebo,all_alfworld,all,absolute_readout,D_soft_negative::game::unsigned,top_quartile_lift,0.5493112231494476,0.12968747974033845,1.2461585626417613,0.5977640603411558,845,845,1155
placebo,all_alfworld,all,absolute_readout,D_soft_cos::game::reward,spearman,-0.20650295511675987,-0.47280837900139217,0.14391243548510863,-0.16909298075482268,845,845,1155
placebo,all_alfworld,all,absolute_readout,D_soft_cos::game::reward,average_precision,0.5137365085894497,0.3241551762405367,0.7053254342621602,0.50788812314805,845,845,1155
placebo,all_alfworld,all,absolute_readout,D_soft_cos::game::reward,auroc_large_change_vs_rest,0.36363636363636365,0.16704545454545455,0.6282142857142856,0.39393411650808097,845,845,1155
placebo,all_alfworld,all,absolute_readout,D_soft_cos::game::reward,top_quartile_mean_absolute_delta,0.08611111111111111,0.046421052631578946,0.1475296052631579,0.09041795400606735,845,845,1155
placebo,all_alfworld,all,absolute_readout,D_soft_cos::game::reward,top_quartile_lift,1.0811839947703414,0.5536890575018335,1.5955344886837806,1.0344283452831804,845,845,1155
placebo,all_alfworld,all,absolute_readout,D_soft_cos::game::unsigned,spearman,0.23989492232712956,-0.17696182745476127,0.37636502396622945,0.10205669913488936,845,845,1155
placebo,all_alfworld,all,absolute_readout,D_soft_cos::game::unsigned,average_precision,0.7039051857233676,0.40536924578443817,0.7541436779594674,0.5846603033743404,845,845,1155
placebo,all_alfworld,all,absolute_readout,D_soft_cos::game::unsigned,auroc_large_change_vs_rest,0.6931818181818182,0.3411038961038961,0.7271645021645021,0.5414767973643713,845,845,1155
placebo,all_alfworld,all,absolute_readout,D_soft_cos::game::unsigned,top_quartile_mean_absolute_delta,0.11113699102829537,0.06481617647058824,0.1739910014005602,0.11721017637552332,845,845,1155
placebo,all_alfworld,all,absolute_readout,D_soft_cos::game::unsigned,top_quartile_lift,1.3954010623749056,0.7631550216370254,1.9303706166930328,1.34060187092243,845,845,1155
placebo,all_alfworld,all,absolute_readout,D_sigmoid::game::reward,spearman,-0.26274205778685616,-0.5030761868557183,0.10529382017373128,-0.20148950640860058,845,845,1155
placebo,all_alfworld,all,absolute_readout,D_sigmoid::game::reward,average_precision,0.49164496377063216,0.3071559381328289,0.7318470219238072,0.5143780825548695,845,845,1155
placebo,all_alfworld,all,absolute_readout,D_sigmoid::game::reward,auroc_large_change_vs_rest,0.32954545454545453,0.15666666666666668,0.5995238095238093,0.37563488122659716,845,845,1155
placebo,all_alfworld,all,absolute_readout,D_sigmoid::game::reward,top_quartile_mean_absolute_delta,0.08361111111111111,0.051631653758141174,0.14428289473684205,0.09225730352830715,845,845,1155
placebo,all_alfworld,all,absolute_readout,D_sigmoid::game::reward,top_quartile_lift,1.0497947820189444,0.5635129371954902,1.699205794529327,1.0590650988648767,845,845,1155
placebo,all_alfworld,all,absolute_readout,D_sigmoid::game::unsigned,spearman,0.009666095771422802,-0.3143090878441397,0.26787445684167505,-0.02126197089570042,845,845,1155
placebo,all_alfworld,all,absolute_readout,D_sigmoid::game::unsigned,average_precision,0.5926979882862236,0.3501091800356506,0.7404205649871284,0.5445128331491795,845,845,1155
placebo,all_alfworld,all,absolute_readout,D_sigmoid::game::unsigned,auroc_large_change_vs_rest,0.5568181818181818,0.25648351648351647,0.6904761904761905,0.4750811795042565,845,845,1155
placebo,all_alfworld,all,absolute_readout,D_sigmoid::game::unsigned,top_quartile_mean_absolute_delta,0.09432539682539683,0.061487368024132724,0.1684962537462537,0.10805860454484485,845,845,1155
placebo,all_alfworld,all,absolute_readout,D_sigmoid::game::unsigned,top_quartile_lift,1.1843199795249315,0.7188871478275803,1.8806993544529274,1.2368227007894919,845,845,1155
placebo,all_alfworld,all,absolute_readout,D_tauC_q25::game::reward,spearman,-0.10017590163110904,-0.5272147827782045,0.1483049696735647,-0.16803220068989816,845,845,1155
placebo,all_alfworld,all,absolute_readout,D_tauC_q25::game::reward,average_precision,0.5420581869111281,0.31660550438123974,0.6715606637852048,0.5055645591820987,845,845,1155
placebo,all_alfworld,all,absolute_readout,D_tauC_q25::game::reward,auroc_large_change_vs_rest,0.4090909090909091,0.15733766233766233,0.6133838383838384,0.39171913228126254,845,845,1155
placebo,all_alfworld,all,absolute_readout,D_tauC_q25::game::reward,top_quartile_mean_absolute_delta,0.10486111111111111,0.04901339285714286,0.20287811942959,0.10893453891688304,845,845,1155
placebo,all_alfworld,all,absolute_readout,D_tauC_q25::game::reward,top_quartile_lift,1.316603090405819,0.6023124048636479,1.8820505720282847,1.2224023829630888,845,845,1155
placebo,all_alfworld,all,absolute_readout,D_tauC_q25::game::unsigned,spearman,0.10017590163110904,-0.315576524968472,0.319957641667886,0.010011088556812962,845,845,1155
placebo,all_alfworld,all,absolute_readout,D_tauC_q25::game::unsigned,average_precision,0.6253009616645979,0.3511040022069434,0.7448245248132125,0.5485408438659146,845,845,1155
placebo,all_alfworld,all,absolute_readout,D_tauC_q25::game::unsigned,auroc_large_change_vs_rest,0.6022727272727273,0.2728354978354978,0.7,0.485234057526957,845,845,1155
placebo,all_alfworld,all,absolute_readout,D_tauC_q25::game::unsigned,top_quartile_mean_absolute_delta,0.11557539682539683,0.06016441839893853,0.2218818681318681,0.12473583993342073,845,845,1155
placebo,all_alfworld,all,absolute_readout,D_tauC_q25::game::unsigned,top_quartile_lift,1.4511282879118061,0.7736510503040416,2.0753563685218683,1.4001599848877038,845,845,1155
placebo,all_alfworld,all,absolute_readout,D_tauC_q50::game::reward,spearman,0.13093166090381797,-0.4772193918161245,0.26889320964139796,-0.07095877830466167,845,845,1155
placebo,all_alfworld,all,absolute_readout,D_tauC_q50::game::reward,average_precision,0.6675602175602176,0.3447300715157858,0.7461279768364788,0.5682319443587565,845,845,1155
placebo,all_alfworld,all,absolute_readout,D_tauC_q50::game::reward,auroc_large_change_vs_rest,0.5454545454545454,0.2025974025974026,0.677142857142857,0.4528559244831433,845,845,1155
placebo,all_alfworld,all,absolute_readout,D_tauC_q50::game::reward,top_quartile_mean_absolute_delta,0.12569444444444444,0.052941176470588235,0.22280000000000003,0.12510381976602966,845,845,1155
placebo,all_alfworld,all,absolute_readout,D_tauC_q50::game::reward,top_quartile_lift,1.5781798633341273,0.6846102246101697,2.1188142651520647,1.3929280893556506,845,845,1155
placebo,all_alfworld,all,absolute_readout,D_tauC_q50::game::unsigned,spearman,0.41652085415040074,-0.2737055017985374,0.4125041483248366,0.09328056669220204,845,845,1155
placebo,all_alfworld,all,absolute_readout,D_tauC_q50::game::unsigned,average_precision,0.7633116883116883,0.3867759187008137,0.7604116377565625,0.5864785267172016,845,845,1155
placebo,all_alfworld,all,absolute_readout,D_tauC_q50::game::unsigned,auroc_large_change_vs_rest,0.7727272727272727,0.32060439560439563,0.7271645021645021,0.5342490546928417,845,845,1155
placebo,all_alfworld,all,absolute_readout,D_tauC_q50::game::unsigned,top_quartile_mean_absolute_delta,0.13819444444444445,0.061684210526315786,0.2382517482517482,0.13860132782833107,845,845,1155
placebo,all_alfworld,all,absolute_readout,D_tauC_q50::game::unsigned,top_quartile_lift,1.7351259270911126,0.8298753314318053,2.2535660857773405,1.5483994708200721,845,845,1155
placebo,all_alfworld,all,absolute_readout,D_tauC_q75::game::reward,spearman,0.13934078049197626,-0.4175337872322561,0.21137558486785968,-0.09489441210790206,845,845,1155
placebo,all_alfworld,all,absolute_readout,D_tauC_q75::game::reward,average_precision,0.6172075696139868,0.3478496292701843,0.6776488657664023,0.5268116918912417,845,845,1155
placebo,all_alfworld,all,absolute_readout,D_tauC_q75::game::reward,auroc_large_change_vs_rest,0.5681818181818182,0.22807692307692307,0.6424603174603174,0.4465769798905893,845,845,1155
placebo,all_alfworld,all,absolute_readout,D_tauC_q75::game::reward,top_quartile_mean_absolute_delta,0.10694444444444444,0.047619047619047616,0.18536654135338343,0.10658723485521399,845,845,1155
placebo,all_alfworld,all,absolute_readout,D_tauC_q75::game::reward,top_quartile_lift,1.3427607676986497,0.6245347062296331,1.9098040648206025,1.2049540516757422,845,845,1155
placebo,all_alfworld,all,absolute_readout,D_tauC_q75::game::unsigned,spearman,0.5419784932069613,-0.2490545136439723,0.4429389809740912,0.11699988019269225,845,845,1155
placebo,all_alfworld,all,absolute_readout,D_tauC_q75::game::unsigned,average_precision,0.7921323625869079,0.38832338198437266,0.7712612592577209,0.5923893303226535,845,845,1155
placebo,all_alfworld,all,absolute_readout,D_tauC_q75::game::unsigned,auroc_large_change_vs_rest,0.8409090909090909,0.3333333333333333,0.7666666666666667,0.5573871394877312,845,845,1155
placebo,all_alfworld,all,absolute_readout,D_tauC_q75::game::unsigned,top_quartile_mean_absolute_delta,0.13819444444444445,0.061684210526315786,0.2382517482517482,0.13860132782833107,845,845,1155
placebo,all_alfworld,all,absolute_readout,D_tauC_q75::game::unsigned,top_quartile_lift,1.7351259270911126,0.8298753314318053,2.2535660857773405,1.5483994708200721,845,845,1155
placebo,all_alfworld,all,absolute_readout,D_delta_q25::game::reward,spearman,0.07557129421294191,-0.39450990643992817,0.3112629235897083,-0.02482323975642415,845,845,1155
placebo,all_alfworld,all,absolute_readout,D_delta_q25::game::reward,average_precision,0.5927357995539814,0.323442192727907,0.7773995639807305,0.5728010994033609,845,845,1155
placebo,all_alfworld,all,absolute_readout,D_delta_q25::game::reward,auroc_large_change_vs_rest,0.5454545454545454,0.2397727272727273,0.7,0.48030666736288036,845,845,1155
placebo,all_alfworld,all,absolute_readout,D_delta_q25::game::reward,top_quartile_mean_absolute_delta,0.06,0.015977272727272725,0.14592095588235293,0.06899490680028274,845,845,1155
placebo,all_alfworld,all,absolute_readout,D_delta_q25::game::reward,top_quartile_lift,0.7533411060335282,0.198655132504449,1.4927149475509176,0.7640782612883438,845,845,1155
placebo,all_alfworld,all,absolute_readout,D_delta_q25::game::unsigned,spearman,-0.19859433130377757,-0.5405464647193264,0.0976799976319531,-0.23323695933394878,845,845,1155
placebo,all_alfworld,all,absolute_readout,D_delta_q25::game::unsigned,average_precision,0.568546975899917,0.2985298606622136,0.6584745858898187,0.494137077826948,845,845,1155
placebo,all_alfworld,all,absolute_readout,D_delta_q25::game::unsigned,auroc_large_change_vs_rest,0.5,0.16666666666666666,0.6022727272727273,0.3896071072254504,845,845,1155
placebo,all_alfworld,all,absolute_readout,D_delta_q25::game::unsigned,top_quartile_mean_absolute_delta,0.03321428571428571,0.01023992673992674,0.09223214285714286,0.04567908562277517,845,845,1155
placebo,all_alfworld,all,absolute_readout,D_delta_q25::game::unsigned,top_quartile_lift,0.4170281122685602,0.12952323561675366,1.0449328698881317,0.5174002358918038,845,845,1155
placebo,all_alfworld,all,absolute_readout,D_delta_q50::game::reward,spearman,0.08260118204670394,-0.41559149501261095,0.3338611542572763,-0.030982662171431398,845,845,1155
placebo,all_alfworld,all,absolute_readout,D_delta_q50::game::reward,average_precision,0.6310602202313432,0.3354484975808505,0.8202789547370527,0.5999274086291765,845,845,1155
placebo,all_alfworld,all,absolute_readout,D_delta_q50::game::reward,auroc_large_change_vs_rest,0.5227272727272727,0.21428571428571427,0.7,0.4670727103271482,845,845,1155
placebo,all_alfworld,all,absolute_readout,D_delta_q50::game::reward,top_quartile_mean_absolute_delta,0.1086111111111111,0.05721663226694187,0.1961827731092437,0.1168334987006562,845,845,1155
placebo,all_alfworld,all,absolute_readout,D_delta_q50::game::reward,top_quartile_lift,1.3636869095329143,0.7062852885997539,2.0162420812789503,1.3239662272649604,845,845,1155
placebo,all_alfworld,all,absolute_readout,D_delta_q50::game::unsigned,spearman,-0.10456958152721031,-0.48120350677594337,0.24772545413306044,-0.1258899111456985,845,845,1155
placebo,all_alfworld,all,absolute_readout,D_delta_q50::game::unsigned,average_precision,0.6054241510123863,0.31375668857286504,0.7207406361797288,0.5300167031519587,845,845,1155
placebo,all_alfworld,all,absolute_readout,D_delta_q50::game::unsigned,auroc_large_change_vs_rest,0.5227272727272727,0.2,0.6546703296703297,0.42504461350615197,845,845,1155
placebo,all_alfworld,all,absolute_readout,D_delta_q50::game::unsigned,top_quartile_mean_absolute_delta,0.058214285714285705,0.01611458333333333,0.14858193277310924,0.07025528079512419,845,845,1155
placebo,all_alfworld,all,absolute_readout,D_delta_q50::game::unsigned,top_quartile_lift,0.7309202397825302,0.21182280998220257,1.429643576419978,0.7823013642918873,845,845,1155
placebo,all_alfworld,all,absolute_readout,D_delta_q75::game::reward,spearman,0.5560444395026813,-0.14866170844419313,0.5793070232031312,0.23473635784597868,845,845,1155
placebo,all_alfworld,all,absolute_readout,D_delta_q75::game::reward,average_precision,0.8160060898697263,0.4032177189977942,0.8932699610331188,0.6729522234489661,845,845,1155
placebo,all_alfworld,all,absolute_readout,D_delta_q75::game::reward,auroc_large_change_vs_rest,0.7613636363636364,0.37142857142857144,0.8181818181818182,0.5931685687750776,845,845,1155
placebo,all_alfworld,all,absolute_readout,D_delta_q75::game::reward,top_quartile_mean_absolute_delta,0.14819444444444443,0.07561842105263158,0.25763401253918494,0.15498160437226713,845,845,1155
placebo,all_alfworld,all,absolute_readout,D_delta_q75::game::reward,top_quartile_lift,1.8606827780967004,1.0613628905910517,2.4064536804109387,1.7325707233228391,845,845,1155
placebo,all_alfworld,all,absolute_readout,D_delta_q75::game::unsigned,spearman,0.2615386889360438,-0.28689490562683884,0.37504281620960983,0.0615488119173581,845,845,1155
placebo,all_alfworld,all,absolute_readout,D_delta_q75::game::unsigned,average_precision,0.7003689492325855,0.36496097355486173,0.840541676160097,0.6103585634658513,845,845,1155
placebo,all_alfworld,all,absolute_readout,D_delta_q75::game::unsigned,auroc_large_change_vs_rest,0.6363636363636364,0.27420634920634923,0.738003663003663,0.5038144153676698,845,845,1155
placebo,all_alfworld,all,absolute_readout,D_delta_q75::game::unsigned,top_quartile_mean_absolute_delta,0.12319444444444443,0.06920080507871205,0.21153831258112998,0.12975232684078128,845,845,1155
placebo,all_alfworld,all,absolute_readout,D_delta_q75::game::unsigned,top_quartile_lift,1.54679065058273,0.848863472809639,2.151518934293141,1.4746496049665447,845,845,1155
placebo,all_alfworld,all,absolute_readout,D_winsor::game::reward,spearman,0.03954311906491147,-0.3950487372430583,0.30869375927133536,-0.0380859730601099,845,845,1155
placebo,all_alfworld,all,absolute_readout,D_winsor::game::reward,average_precision,0.566458318864736,0.32168888117141103,0.8155908995054284,0.5617040789569022,845,845,1155
placebo,all_alfworld,all,absolute_readout,D_winsor::game::reward,auroc_large_change_vs_rest,0.5113636363636364,0.2222222222222222,0.717948717948718,0.4771846693740185,845,845,1155
placebo,all_alfworld,all,absolute_readout,D_winsor::game::reward,top_quartile_mean_absolute_delta,0.04988095238095238,0.010045080532212886,0.14225,0.06516468705602517,845,845,1155
placebo,all_alfworld,all,absolute_readout,D_winsor::game::reward,top_quartile_lift,0.626289530611207,0.13409360195244058,1.445379851950403,0.7212054048349879,845,845,1155
placebo,all_alfworld,all,absolute_readout,D_winsor::game::unsigned,spearman,-0.24165239428557006,-0.5389349032377142,0.11247049302293396,-0.213239914511005,845,845,1155
placebo,all_alfworld,all,absolute_readout,D_winsor::game::unsigned,average_precision,0.5369176575058928,0.3006078983550235,0.7326541291657985,0.5149675611693423,845,845,1155
placebo,all_alfworld,all,absolute_readout,D_winsor::game::unsigned,auroc_large_change_vs_rest,0.45454545454545453,0.1590909090909091,0.6333333333333333,0.3955533306272952,845,845,1155
placebo,all_alfworld,all,absolute_readout,D_winsor::game::unsigned,top_quartile_mean_absolute_delta,0.024880952380952382,0.008333333333333333,0.09067361111111108,0.040588491883676164,845,845,1155
placebo,all_alfworld,all,absolute_readout,D_winsor::game::unsigned,top_quartile_lift,0.3123974030972369,0.10665393313475055,0.9483228361817755,0.45630427643490434,845,845,1155
placebo,all_alfworld,all,absolute_readout,D_tanh::game::reward,spearman,-0.08435865400514446,-0.5202241391883481,0.23831193013391685,-0.12680597230871662,845,845,1155
placebo,all_alfworld,all,absolute_readout,D_tanh::game::reward,average_precision,0.5364998563527975,0.3006162522363871,0.8131420844316132,0.5635141191902753,845,845,1155
placebo,all_alfworld,all,absolute_readout,D_tanh::game::reward,auroc_large_change_vs_rest,0.42045454545454547,0.16666666666666666,0.6666666666666666,0.4282199490187656,845,845,1155
placebo,all_alfworld,all,absolute_readout,D_tanh::game::reward,top_quartile_mean_absolute_delta,0.04988095238095238,0.010045080532212886,0.14225,0.06516468705602517,845,845,1155
placebo,all_alfworld,all,absolute_readout,D_tanh::game::reward,top_quartile_lift,0.626289530611207,0.13409360195244058,1.445379851950403,0.7212054048349879,845,845,1155
placebo,all_alfworld,all,absolute_readout,D_tanh::game::unsigned,spearman,-0.23550124243102827,-0.5647015871665207,0.09786855538981505,-0.23178394470259964,845,845,1155
placebo,all_alfworld,all,absolute_readout,D_tanh::game::unsigned,average_precision,0.5286910059637332,0.2937252747252747,0.6843634769996516,0.5016153697417722,845,845,1155
placebo,all_alfworld,all,absolute_readout,D_tanh::game::unsigned,auroc_large_change_vs_rest,0.4318181818181818,0.1503846153846154,0.6111111111111112,0.3855906043332079,845,845,1155
placebo,all_alfworld,all,absolute_readout,D_tanh::game::unsigned,top_quartile_mean_absolute_delta,0.024880952380952382,0.008333333333333333,0.09067361111111108,0.040588491883676164,845,845,1155
placebo,all_alfworld,all,absolute_readout,D_tanh::game::unsigned,top_quartile_lift,0.3123974030972369,0.10665393313475055,0.9483228361817755,0.45630427643490434,845,845,1155
placebo,all_alfworld,all,absolute_readout,D_action_sign::game::reward,spearman,0.04042185504413172,-0.3253294999669493,0.398172735554262,0.015327756996336034,845,845,1155
placebo,all_alfworld,all,absolute_readout,D_action_sign::game::reward,average_precision,0.5990766808948628,0.3426216244073387,0.857372838903688,0.5988294213934083,845,845,1155
placebo,all_alfworld,all,absolute_readout,D_action_sign::game::reward,auroc_large_change_vs_rest,0.4772727272727273,0.24444444444444444,0.7613636363636364,0.5052350328829619,845,845,1155
placebo,all_alfworld,all,absolute_readout,D_action_sign::game::reward,top_quartile_mean_absolute_delta,0.0475,0.013055555555555555,0.1379618055555555,0.062430199915432874,845,845,1155
placebo,all_alfworld,all,absolute_readout,D_action_sign::game::reward,top_quartile_lift,0.5963950422765432,0.17034619512320612,1.4003454138070666,0.6923478945992385,845,845,1155
placebo,all_alfworld,all,absolute_readout,D_action_sign::game::unsigned,spearman,0.324253576332274,-0.09766957480396456,0.68736517534026,0.30623889142779104,845,845,1155
placebo,all_alfworld,all,absolute_readout,D_action_sign::game::unsigned,average_precision,0.7271474596798266,0.43259361369379057,0.9324283140749858,0.7007644602067189,845,845,1155
placebo,all_alfworld,all,absolute_readout,D_action_sign::game::unsigned,auroc_large_change_vs_rest,0.5909090909090909,0.4092929292929293,0.8888888888888888,0.6499468759380003,845,845,1155
placebo,all_alfworld,all,absolute_readout,D_action_sign::game::unsigned,top_quartile_mean_absolute_delta,0.1403340840840841,0.07672654022806462,0.22328192601642777,0.14338677788358475,845,845,1155
placebo,all_alfworld,all,absolute_readout,D_action_sign::game::unsigned,top_quartile_lift,1.761990568635101,0.9473732094018273,2.3719985151169025,1.631647695829685,845,845,1155
placebo,all_alfworld,all,absolute_readout,D_action_adv::game::reward,spearman,0.09841842967266853,-0.2804176301873522,0.3663119967021381,0.03677949132027603,845,845,1155
placebo,all_alfworld,all,absolute_readout,D_action_adv::game::reward,average_precision,0.6763475087004498,0.36059860896112833,0.8232182145340038,0.5889390192902294,845,845,1155
placebo,all_alfworld,all,absolute_readout,D_action_adv::game::reward,auroc_large_change_vs_rest,0.5909090909090909,0.27420634920634923,0.7607828282828282,0.505622577619619,845,845,1155
placebo,all_alfworld,all,absolute_readout,D_action_adv::game::reward,top_quartile_mean_absolute_delta,0.10706795505182602,0.06377277236652237,0.16163129836433987,0.11032109740984906,845,845,1155
placebo,all_alfworld,all,absolute_readout,D_action_adv::game::reward,top_quartile_lift,1.3443115279915117,0.7294132752253119,1.9303934178021367,1.2690403161850323,845,845,1155
placebo,all_alfworld,all,absolute_readout,D_action_adv::game::unsigned,spearman,0.324253576332274,-0.09766957480396456,0.68736517534026,0.30623889142779104,845,845,1155
placebo,all_alfworld,all,absolute_readout,D_action_adv::game::unsigned,average_precision,0.7271474596798266,0.43259361369379057,0.9324283140749858,0.7007644602067189,845,845,1155
placebo,all_alfworld,all,absolute_readout,D_action_adv::game::unsigned,auroc_large_change_vs_rest,0.5909090909090909,0.4092929292929293,0.8888888888888888,0.6499468759380003,845,845,1155
placebo,all_alfworld,all,absolute_readout,D_action_adv::game::unsigned,top_quartile_mean_absolute_delta,0.1403340840840841,0.07672654022806462,0.22328192601642777,0.14338677788358475,845,845,1155
placebo,all_alfworld,all,absolute_readout,D_action_adv::game::unsigned,top_quartile_lift,1.761990568635101,0.9473732094018273,2.3719985151169025,1.631647695829685,845,845,1155
placebo,all_alfworld,all,absolute_readout,D_action_adv_clip::game::reward,spearman,-0.0017574719584405095,-0.4613806578779134,0.23786329134065937,-0.10806349956734823,845,845,1155
placebo,all_alfworld,all,absolute_readout,D_action_adv_clip::game::reward,average_precision,0.619042313895255,0.32346018816883476,0.8149339896214893,0.5695161927869361,845,845,1155
placebo,all_alfworld,all,absolute_readout,D_action_adv_clip::game::reward,auroc_large_change_vs_rest,0.5227272727272727,0.2262987012987013,0.7104545454545453,0.452608996854559,845,845,1155
placebo,all_alfworld,all,absolute_readout,D_action_adv_clip::game::reward,top_quartile_mean_absolute_delta,0.06887351060738159,0.01963794330365054,0.17493127394636007,0.07590849668119229,845,845,1155
placebo,all_alfworld,all,absolute_readout,D_action_adv_clip::game::reward,top_quartile_lift,0.8647541109562797,0.2609558315940609,1.5655427504576958,0.8360304284314244,845,845,1155
placebo,all_alfworld,all,absolute_readout,D_action_adv_clip::game::unsigned,spearman,0.324253576332274,-0.09766957480396456,0.68736517534026,0.30623889142779104,845,845,1155
placebo,all_alfworld,all,absolute_readout,D_action_adv_clip::game::unsigned,average_precision,0.7271474596798266,0.43259361369379057,0.9324283140749858,0.7007644602067189,845,845,1155
placebo,all_alfworld,all,absolute_readout,D_action_adv_clip::game::unsigned,auroc_large_change_vs_rest,0.5909090909090909,0.4092929292929293,0.8888888888888888,0.6499468759380003,845,845,1155
placebo,all_alfworld,all,absolute_readout,D_action_adv_clip::game::unsigned,top_quartile_mean_absolute_delta,0.1403340840840841,0.07672654022806462,0.22328192601642777,0.14338677788358475,845,845,1155
placebo,all_alfworld,all,absolute_readout,D_action_adv_clip::game::unsigned,top_quartile_lift,1.761990568635101,0.9473732094018273,2.3719985151169025,1.631647695829685,845,845,1155
placebo,all_alfworld,all,absolute_readout,D_ratio_adv::game::reward,spearman,-0.13708281275835973,-0.3710084672111384,0.329166189599901,-0.02583706429060519,845,845,1155
placebo,all_alfworld,all,absolute_readout,D_ratio_adv::game::reward,average_precision,0.5346059169588581,0.32915105920910875,0.7979456654456654,0.5649886928626697,845,845,1155
placebo,all_alfworld,all,absolute_readout,D_ratio_adv::game::reward,auroc_large_change_vs_rest,0.3977272727272727,0.23921717171717174,0.7139682539682539,0.4655256971825019,845,845,1155
placebo,all_alfworld,all,absolute_readout,D_ratio_adv::game::reward,top_quartile_mean_absolute_delta,0.10283408408408408,0.06254274896971236,0.16098511130496418,0.10753669611356269,845,845,1155
placebo,all_alfworld,all,absolute_readout,D_ratio_adv::game::reward,top_quartile_lift,1.2911523773641456,0.7086773974319664,1.9054956757817536,1.2363290593559184,845,845,1155
placebo,all_alfworld,all,absolute_readout,D_ratio_adv::game::unsigned,spearman,0.22056273078428393,-0.296310554582978,0.44615291243333893,0.11315470037854744,845,845,1155
placebo,all_alfworld,all,absolute_readout,D_ratio_adv::game::unsigned,average_precision,0.6880211893369789,0.3654264567669173,0.9038466329514261,0.6476355241384627,845,845,1155
placebo,all_alfworld,all,absolute_readout,D_ratio_adv::game::unsigned,auroc_large_change_vs_rest,0.5909090909090909,0.3111111111111111,0.8213369963369963,0.575775319355201,845,845,1155
placebo,all_alfworld,all,absolute_readout,D_ratio_adv::game::unsigned,top_quartile_mean_absolute_delta,0.08124999999999999,0.02758448904366243,0.1711720545977011,0.09054997336427878,845,845,1155
placebo,all_alfworld,all,absolute_readout,D_ratio_adv::game::unsigned,top_quartile_lift,1.0201494144204026,0.3623053305267106,1.6869154917272622,1.010932981258095,845,845,1155
placebo,all_alfworld,all,absolute_readout,D_policy_action_adv::game::reward,spearman,-0.0369069111272507,-0.40261546811592985,0.2863463908457384,-0.05494496298509113,845,845,1155
placebo,all_alfworld,all,absolute_readout,D_policy_action_adv::game::reward,average_precision,0.6941671964399238,0.3839692771968314,0.7772795600644492,0.5958845379786025,845,845,1155
placebo,all_alfworld,all,absolute_readout,D_policy_action_adv::game::reward,auroc_large_change_vs_rest,0.5227272727272727,0.2111111111111111,0.6931818181818182,0.4578711640102173,845,845,1155
placebo,all_alfworld,all,absolute_readout,D_policy_action_adv::game::reward,top_quartile_mean_absolute_delta,0.10492831541218636,0.05393247541931752,0.1608143859541532,0.10348067735256396,845,845,1155
placebo,all_alfworld,all,absolute_readout,D_policy_action_adv::game::reward,top_quartile_lift,1.317446886447523,0.638720069640212,1.8812121381400078,1.185568512271642,845,845,1155
placebo,all_alfworld,all,absolute_readout,D_policy_action_adv::game::unsigned,spearman,0.10720578946487108,-0.2714375852967157,0.47872181492422927,0.09801393861487653,845,845,1155
placebo,all_alfworld,all,absolute_readout,D_policy_action_adv::game::unsigned,average_precision,0.6944127767657179,0.3846097532188218,0.8064843606491384,0.6184064264640697,845,845,1155
placebo,all_alfworld,all,absolute_readout,D_policy_action_adv::game::unsigned,auroc_large_change_vs_rest,0.5795454545454546,0.3,0.7885714285714285,0.553221343088207,845,845,1155
placebo,all_alfworld,all,absolute_readout,D_policy_action_adv::game::unsigned,top_quartile_mean_absolute_delta,0.12569444444444444,0.06780632942326491,0.187563027602922,0.12546767071625206,845,845,1155
placebo,all_alfworld,all,absolute_readout,D_policy_action_adv::game::unsigned,top_quartile_lift,1.5781798633341273,0.811621953121213,2.180915654811123,1.4387461449806327,845,845,1155
placebo,all_alfworld,all,absolute_readout,D_reward_only::game::reward,spearman,0.17223225192716993,-0.2469435492192608,0.41645507534434173,0.09654245394591784,845,845,1155
placebo,all_alfworld,all,absolute_readout,D_reward_only::game::reward,average_precision,0.6516708336227053,0.35203269049921526,0.8357296351235746,0.6033367876097969,845,845,1155
placebo,all_alfworld,all,absolute_readout,D_reward_only::game::reward,auroc_large_change_vs_rest,0.6363636363636364,0.3340909090909091,0.7737012987012987,0.5441072947433894,845,845,1155
placebo,all_alfworld,all,absolute_readout,D_reward_only::game::reward,top_quartile_mean_absolute_delta,0.07088963963963964,0.018922764227642275,0.17594799498746866,0.0787933690461813,845,845,1155
placebo,all_alfworld,all,absolute_readout,D_reward_only::game::reward,top_quartile_lift,0.8900679922074062,0.24980290181916176,1.6487298868798976,0.8692031348220473,845,845,1155
placebo,all_alfworld,all,absolute_readout,D_reward_only::game::unsigned,spearman,,,,,0,845,1155
placebo,all_alfworld,all,absolute_readout,D_reward_only::game::unsigned,average_precision,0.5789473684210527,0.3210526315789474,0.7368421052631579,0.5395826845219558,845,845,1155
placebo,all_alfworld,all,absolute_readout,D_reward_only::game::unsigned,auroc_large_change_vs_rest,0.5,0.5,0.5,0.5,845,845,1155
placebo,all_alfworld,all,absolute_readout,D_reward_only::game::unsigned,top_quartile_mean_absolute_delta,0.07964519594040265,0.05839079502096246,0.12669587424432177,0.08879262743216164,845,845,1155
placebo,all_alfworld,all,absolute_readout,D_reward_only::game::unsigned,top_quartile_lift,1.0,0.9999999999999997,1.0000000000000002,1.0,845,845,1155
placebo,all_alfworld,all,absolute_readout,D_adv_negative_fraction::game::reward,spearman,-0.4964788732394366,-0.6400961324275142,0.10288081295883177,-0.2801787179014236,845,845,1155
placebo,all_alfworld,all,absolute_readout,D_adv_negative_fraction::game::reward,average_precision,0.44656692988032703,0.28642791732077444,0.737383324359769,0.50336366890268,845,845,1155
placebo,all_alfworld,all,absolute_readout,D_adv_negative_fraction::game::reward,auroc_large_change_vs_rest,0.19318181818181818,0.14477272727272728,0.5795454545454546,0.352047748438281,845,845,1155
placebo,all_alfworld,all,absolute_readout,D_adv_negative_fraction::game::reward,top_quartile_mean_absolute_delta,0.05375,0.013280851998243302,0.16129945054945055,0.07091151667559578,845,845,1155
placebo,all_alfworld,all,absolute_readout,D_adv_negative_fraction::game::reward,top_quartile_lift,0.6748680741550357,0.18388116074264024,1.5213864168773783,0.7749553028001345,845,845,1155
placebo,all_alfworld,all,absolute_readout,D_adv_negative_fraction::game::unsigned,spearman,,,,,0,845,1155
placebo,all_alfworld,all,absolute_readout,D_adv_negative_fraction::game::unsigned,average_precision,0.5789473684210527,0.3210526315789474,0.7368421052631579,0.5395826845219558,845,845,1155
placebo,all_alfworld,all,absolute_readout,D_adv_negative_fraction::game::unsigned,auroc_large_change_vs_rest,0.5,0.5,0.5,0.5,845,845,1155
placebo,all_alfworld,all,absolute_readout,D_adv_negative_fraction::game::unsigned,top_quartile_mean_absolute_delta,0.07964519594040265,0.05839079502096246,0.12669587424432177,0.08879262743216164,845,845,1155
placebo,all_alfworld,all,absolute_readout,D_adv_negative_fraction::game::unsigned,top_quartile_lift,1.0,0.9999999999999997,1.0000000000000002,1.0,845,845,1155
placebo,all_alfworld,all,absolute_readout,C_raw::game::reward,spearman,-0.1942006514076763,-0.36799983748754145,0.3295431130616604,-0.04139331787519807,845,845,1155
placebo,all_alfworld,all,absolute_readout,C_raw::game::reward,average_precision,0.5892235215764626,0.3690191018132194,0.8225506226720843,0.5831482963499229,845,845,1155
placebo,all_alfworld,all,absolute_readout,C_raw::game::reward,auroc_large_change_vs_rest,0.4659090909090909,0.26136363636363635,0.7034090909090907,0.4610466555141111,845,845,1155
placebo,all_alfworld,all,absolute_readout,C_raw::game::reward,top_quartile_mean_absolute_delta,0.09682539682539683,0.05640220431742171,0.16408026755852842,0.10621925502260507,845,845,1155
placebo,all_alfworld,all,absolute_readout,C_raw::game::reward,top_quartile_lift,1.2157091922763286,0.6964312287796832,1.802313121250436,1.2121859472077954,845,845,1155
placebo,all_alfworld,all,absolute_readout,C_raw::game::unsigned,spearman,-0.12653798100771668,-0.3460402598716403,0.27146808185398685,-0.03816191553236173,845,845,1155
placebo,all_alfworld,all,absolute_readout,C_raw::game::unsigned,average_precision,0.5932847381376792,0.37205412428129153,0.7241072329230225,0.5512970993453113,845,845,1155
placebo,all_alfworld,all,absolute_readout,C_raw::game::unsigned,auroc_large_change_vs_rest,0.4772727272727273,0.25,0.6666666666666666,0.46313378271958144,845,845,1155
placebo,all_alfworld,all,absolute_readout,C_raw::game::unsigned,top_quartile_mean_absolute_delta,0.09682539682539683,0.05640220431742171,0.16408026755852842,0.10621925502260507,845,845,1155
placebo,all_alfworld,all,absolute_readout,C_raw::game::unsigned,top_quartile_lift,1.2157091922763286,0.6964312287796832,1.802313121250436,1.2121859472077954,845,845,1155
placebo,all_alfworld,all,absolute_readout,C_centered::game::reward,spearman,-0.17838340378171172,-0.49281946012327754,0.21380146608589234,-0.14081024594365418,845,845,1155
placebo,all_alfworld,all,absolute_readout,C_centered::game::reward,average_precision,0.4931568357370495,0.29754320837186543,0.7332481845639739,0.5213798900718686,845,845,1155
placebo,all_alfworld,all,absolute_readout,C_centered::game::reward,auroc_large_change_vs_rest,0.29545454545454547,0.2,0.6666666666666666,0.4193462848788293,845,845,1155
placebo,all_alfworld,all,absolute_readout,C_centered::game::reward,top_quartile_mean_absolute_delta,0.06047297297297298,0.016886983082706766,0.1394755434782608,0.06988135809966235,845,845,1155
placebo,all_alfworld,all,absolute_readout,C_centered::game::reward,top_quartile_lift,0.759279605743252,0.22769080474448303,1.4340241530125886,0.7800244368455951,845,845,1155
placebo,all_alfworld,all,absolute_readout,C_centered::game::unsigned,spearman,0.047451742877893756,-0.46219011179553104,0.2907042332837019,-0.09751656483286494,845,845,1155
placebo,all_alfworld,all,absolute_readout,C_centered::game::unsigned,average_precision,0.6763808087337498,0.33490666497245447,0.7606597226057641,0.5774331329408429,845,845,1155
placebo,all_alfworld,all,absolute_readout,C_centered::game::unsigned,auroc_large_change_vs_rest,0.5340909090909091,0.26136363636363635,0.6777777777777778,0.46099363325694687,845,845,1155
placebo,all_alfworld,all,absolute_readout,C_centered::game::unsigned,top_quartile_mean_absolute_delta,0.0897068439407149,0.02306459330143541,0.1932118226600985,0.09207777753033888,845,845,1155
placebo,all_alfworld,all,absolute_readout,C_centered::game::unsigned,top_quartile_lift,1.1263308838845878,0.3040582614052096,1.747279183499245,1.006556134823986,845,845,1155
placebo,all_alfworld,all,absolute_readout,C_adv_centered::game::reward,spearman,0.03514943916881019,-0.38848029548747637,0.389328112676719,-0.007146460974166941,845,845,1155
placebo,all_alfworld,all,absolute_readout,C_adv_centered::game::reward,average_precision,0.6992287940817352,0.34523172696111937,0.8273348009612382,0.6199920513754352,845,845,1155
placebo,all_alfworld,all,absolute_readout,C_adv_centered::game::reward,auroc_large_change_vs_rest,0.5568181818181818,0.27420634920634923,0.7380952380952381,0.4965590934377917,845,845,1155
placebo,all_alfworld,all,absolute_readout,C_adv_centered::game::reward,top_quartile_mean_absolute_delta,0.06887351060738159,0.01963794330365054,0.17493127394636007,0.07590849668119229,845,845,1155
placebo,all_alfworld,all,absolute_readout,C_adv_centered::game::reward,top_quartile_lift,0.8647541109562797,0.2609558315940609,1.5655427504576958,0.8360304284314244,845,845,1155
placebo,all_alfworld,all,absolute_readout,C_adv_centered::game::unsigned,spearman,0.047451742877893756,-0.46219011179553104,0.2907042332837019,-0.09751656483286494,845,845,1155
placebo,all_alfworld,all,absolute_readout,C_adv_centered::game::unsigned,average_precision,0.6763808087337498,0.33490666497245447,0.7606597226057641,0.5774331329408429,845,845,1155
placebo,all_alfworld,all,absolute_readout,C_adv_centered::game::unsigned,auroc_large_change_vs_rest,0.5340909090909091,0.26136363636363635,0.6777777777777778,0.46099363325694687,845,845,1155
placebo,all_alfworld,all,absolute_readout,C_adv_centered::game::unsigned,top_quartile_mean_absolute_delta,0.0897068439407149,0.02306459330143541,0.1932118226600985,0.09207777753033888,845,845,1155
placebo,all_alfworld,all,absolute_readout,C_adv_centered::game::unsigned,top_quartile_lift,1.1263308838845878,0.3040582614052096,1.747279183499245,1.006556134823986,845,845,1155
placebo,all_alfworld,all,absolute_readout,M_delta_raw::game::magnitude,spearman,0.36203922343874495,-0.253691002489954,0.47809203804289013,0.1380344428224834,845,845,1155
placebo,all_alfworld,all,absolute_readout,M_delta_raw::game::magnitude,average_precision,0.7078495034377388,0.37848017197309547,0.865755500243282,0.6430744692816415,845,845,1155
placebo,all_alfworld,all,absolute_readout,M_delta_raw::game::magnitude,auroc_large_change_vs_rest,0.6136363636363636,0.3118181818181818,0.7885714285714285,0.5536433356255841,845,845,1155
placebo,all_alfworld,all,absolute_readout,M_delta_raw::game::magnitude,top_quartile_mean_absolute_delta,0.0938063063063063,0.02846284271284271,0.20195421290932228,0.10236019010999794,845,845,1155
placebo,all_alfworld,all,absolute_readout,M_delta_raw::game::magnitude,top_quartile_lift,1.1778024424285454,0.39591853990397324,1.8675356362217588,1.1227449696837375,845,845,1155
placebo,all_alfworld,all,absolute_readout,M_delta_centered::game::magnitude,spearman,0.27240815355827896,-0.3241120678727216,0.43957698419225233,0.0670841464305879,845,845,1155
placebo,all_alfworld,all,absolute_readout,M_delta_centered::game::magnitude,average_precision,0.7175453631335985,0.3615957758394733,0.8564629692060033,0.6297803275444925,845,845,1155
placebo,all_alfworld,all,absolute_readout,M_delta_centered::game::magnitude,auroc_large_change_vs_rest,0.5681818181818182,0.27420634920634923,0.7666666666666667,0.5264062843796572,845,845,1155
placebo,all_alfworld,all,absolute_readout,M_delta_centered::game::magnitude,top_quartile_mean_absolute_delta,0.08755630630630631,0.02416933725470311,0.19275964696223316,0.09453195570897188,845,845,1155
placebo,all_alfworld,all,absolute_readout,M_delta_centered::game::magnitude,top_quartile_lift,1.099329410550053,0.33648814193670074,1.7971386626301293,1.0331575514390527,845,845,1155
placebo,all_alfworld,all,absolute_readout,M_original_norm::game::magnitude,spearman,0.08611612596358496,-0.29740107561569135,0.391996549122919,0.05793453688994712,845,845,1155
placebo,all_alfworld,all,absolute_readout,M_original_norm::game::magnitude,average_precision,0.5265850170719296,0.3377360216813998,0.8385985956051742,0.5798641006908694,845,845,1155
placebo,all_alfworld,all,absolute_readout,M_original_norm::game::magnitude,auroc_large_change_vs_rest,0.4090909090909091,0.2728354978354978,0.7333333333333333,0.5083977725101985,845,845,1155
placebo,all_alfworld,all,absolute_readout,M_original_norm::game::magnitude,top_quartile_mean_absolute_delta,0.05833333333333333,0.00834663120567376,0.16333125208125207,0.06849348723117966,845,845,1155
placebo,all_alfworld,all,absolute_readout,M_original_norm::game::magnitude,top_quartile_lift,0.7324149641992634,0.11172406203212756,1.5144462924998143,0.7455305454556008,845,845,1155
placebo,all_alfworld,all,absolute_readout,M_control_norm::game::magnitude,spearman,-0.5008795081555452,-0.636265815491448,0.05551356876798975,-0.3155770518533432,845,845,1155
placebo,all_alfworld,all,absolute_readout,M_control_norm::game::magnitude,average_precision,0.473749847191305,0.2862490432315731,0.6860708667837152,0.4853152748777234,845,845,1155
placebo,all_alfworld,all,absolute_readout,M_control_norm::game::magnitude,auroc_large_change_vs_rest,0.2840909090909091,0.12285714285714286,0.5833333333333334,0.34146542806306124,845,845,1155
placebo,all_alfworld,all,absolute_readout,M_control_norm::game::magnitude,top_quartile_mean_absolute_delta,0.03529761904761904,0.014549621212121212,0.11069792436560727,0.05307662583744524,845,845,1155
placebo,all_alfworld,all,absolute_readout,M_control_norm::game::magnitude,top_quartile_lift,0.44318578956139104,0.18208820387446809,1.1662065952815717,0.6004163643609325,845,845,1155
placebo,all_alfworld,all,absolute_readout,M_kl::game::magnitude,spearman,0.14411270059212178,-0.22126571956766014,0.5445889892584597,0.16659793645694201,845,845,1155
placebo,all_alfworld,all,absolute_readout,M_kl::game::magnitude,average_precision,0.7098725694982378,0.3989280677305887,0.8479694806827159,0.6524690978149481,845,845,1155
placebo,all_alfworld,all,absolute_readout,M_kl::game::magnitude,auroc_large_change_vs_rest,0.5454545454545454,0.3453296703296703,0.785551948051948,0.5769752239870584,845,845,1155
placebo,all_alfworld,all,absolute_readout,M_kl::game::magnitude,top_quartile_mean_absolute_delta,0.11694444444444445,0.06706578144078146,0.18765692138099258,0.12274582626148903,845,845,1155
placebo,all_alfworld,all,absolute_readout,M_kl::game::magnitude,top_quartile_lift,1.468317618704238,0.8009047873503813,2.0522039774387193,1.4029124711650323,845,845,1155
placebo,all_alfworld,all,absolute_readout,M_js::game::magnitude,spearman,0.21529031490896242,-0.16676956556844155,0.5507917117752554,0.18982202799487155,845,845,1155
placebo,all_alfworld,all,absolute_readout,M_js::game::magnitude,average_precision,0.7428976252505664,0.4143047825190682,0.8532223315182269,0.6619829654433348,845,845,1155
placebo,all_alfworld,all,absolute_readout,M_js::game::magnitude,auroc_large_change_vs_rest,0.6022727272727273,0.36928571428571433,0.7995454545454544,0.5871249460598573,845,845,1155
placebo,all_alfworld,all,absolute_readout,M_js::game::magnitude,top_quartile_mean_absolute_delta,0.11694444444444445,0.06706578144078146,0.18765692138099258,0.12274582626148903,845,845,1155
placebo,all_alfworld,all,absolute_readout,M_js::game::magnitude,top_quartile_lift,1.468317618704238,0.8009047873503813,2.0522039774387193,1.4029124711650323,845,845,1155
placebo,all_alfworld,all,absolute_readout,M_action_abs::game::magnitude,spearman,0.40333981446209693,-0.17288616675118343,0.6137841994726865,0.22646686264114801,845,845,1155
placebo,all_alfworld,all,absolute_readout,M_action_abs::game::magnitude,average_precision,0.8567802080959975,0.43717951365155316,0.9076594440274781,0.7101843412977591,845,845,1155
placebo,all_alfworld,all,absolute_readout,M_action_abs::game::magnitude,auroc_large_change_vs_rest,0.7386363636363636,0.3557142857142857,0.8451587301587301,0.6206490879271944,845,845,1155
placebo,all_alfworld,all,absolute_readout,M_action_abs::game::magnitude,top_quartile_mean_absolute_delta,0.1486674174174174,0.08644640191679664,0.21572530809759183,0.14929910544441757,845,845,1155
placebo,all_alfworld,all,absolute_readout,M_action_abs::game::magnitude,top_quartile_lift,1.866621277806424,1.0583360315413881,2.450781498992559,1.7105939397297572,845,845,1155
placebo,all_alfworld,all,absolute_readout,B_activation_l8_norm,spearman,0.27065068159983846,-0.24845013242211722,0.46775339532275906,0.13357836147493107,845,845,1155
placebo,all_alfworld,all,absolute_readout,B_activation_l8_norm,average_precision,0.6438205593074717,0.37356385745317633,0.8687456339956339,0.6575119041505202,845,845,1155
placebo,all_alfworld,all,absolute_readout,B_activation_l8_norm,auroc_large_change_vs_rest,0.5113636363636364,0.2857142857142857,0.7838869463869463,0.5543936569676216,845,845,1155
placebo,all_alfworld,all,absolute_readout,B_activation_l8_norm,top_quartile_mean_absolute_delta,0.14047532702193719,0.07628060635770323,0.24454381941982742,0.14726099522073471,845,845,1155
placebo,all_alfworld,all,absolute_readout,B_activation_l8_norm,top_quartile_lift,1.7637639704854622,0.9993854515556732,2.3651718631195715,1.6619871220309883,845,845,1155
placebo,all_alfworld,all,absolute_readout,B_activation_l16_norm,spearman,0.3980673985867754,-0.1478463225110905,0.5675496304152129,0.24282231846054378,845,845,1155
placebo,all_alfworld,all,absolute_readout,B_activation_l16_norm,average_precision,0.6704526467684363,0.404103640836097,0.9125200947757339,0.684552179925455,845,845,1155
placebo,all_alfworld,all,absolute_readout,B_activation_l16_norm,auroc_large_change_vs_rest,0.5681818181818182,0.34444444444444444,0.8444444444444444,0.6156372572200974,845,845,1155
placebo,all_alfworld,all,absolute_readout,B_activation_l16_norm,top_quartile_mean_absolute_delta,0.09588963963963963,0.03458430082559339,0.21179166666666663,0.10914106682318743,845,845,1155
placebo,all_alfworld,all,absolute_readout,B_activation_l16_norm,top_quartile_lift,1.203960119721376,0.4835100558239983,1.907919343884254,1.19752536598532,845,845,1155
placebo,all_alfworld,all,absolute_readout,B_activation_l24_norm,spearman,0.46836627692439575,-0.14912724243235764,0.5926658543009478,0.24335084457790923,845,845,1155
placebo,all_alfworld,all,absolute_readout,B_activation_l24_norm,average_precision,0.7831573655103067,0.3985933114504543,0.9014495745810019,0.6900807565576096,845,845,1155
placebo,all_alfworld,all,absolute_readout,B_activation_l24_norm,auroc_large_change_vs_rest,0.6363636363636364,0.3333333333333333,0.8522727272727273,0.6170242692875829,845,845,1155
placebo,all_alfworld,all,absolute_readout,B_activation_l24_norm,top_quartile_mean_absolute_delta,0.09172297297297297,0.03131129981129981,0.17805046516003928,0.09513130135792489,845,845,1155
placebo,all_alfworld,all,absolute_readout,B_activation_l24_norm,top_quartile_lift,1.1516447651357145,0.39578195597871424,1.7001938806316828,1.06455913570157,845,845,1155
placebo,all_alfworld,all,absolute_readout,B_activation_l32_norm,spearman,0.2601058498491954,-0.3589680020408158,0.41572641684231443,0.04721622337268176,845,845,1155
placebo,all_alfworld,all,absolute_readout,B_activation_l32_norm,average_precision,0.7088805060061745,0.36240397674221203,0.8411249027559456,0.6272601088395982,845,845,1155
placebo,all_alfworld,all,absolute_readout,B_activation_l32_norm,auroc_large_change_vs_rest,0.5340909090909091,0.2569055944055944,0.7555555555555555,0.5201114434546388,845,845,1155
placebo,all_alfworld,all,absolute_readout,B_activation_l32_norm,top_quartile_mean_absolute_delta,0.08755630630630631,0.02416933725470311,0.19275964696223316,0.09453195570897188,845,845,1155
placebo,all_alfworld,all,absolute_readout,B_activation_l32_norm,top_quartile_lift,1.099329410550053,0.33648814193670074,1.7971386626301293,1.0331575514390527,845,845,1155
placebo,all_alfworld,all,absolute_readout,B_old_margin,spearman,0.3331279319490434,-0.019741156313559435,0.7243737905269468,0.35807963820856936,845,845,1155
placebo,all_alfworld,all,absolute_readout,B_old_margin,average_precision,0.7302232854864434,0.43085086227473446,0.9231137283768862,0.7074944312299223,845,845,1155
placebo,all_alfworld,all,absolute_readout,B_old_margin,auroc_large_change_vs_rest,0.5965909090909091,0.4583333333333333,0.8690476190476191,0.6564289507336845,845,845,1155
placebo,all_alfworld,all,absolute_readout,B_old_margin,top_quartile_mean_absolute_delta,0.150479011620316,0.08344795737590821,0.2592380630630631,0.15682370887391223,845,845,1155
placebo,all_alfworld,all,absolute_readout,B_old_margin,top_quartile_lift,1.8893670841480166,1.0886563520659476,2.475175351150098,1.771566193115713,845,845,1155
placebo,all_alfworld,all,absolute_readout,B_random_expected,spearman,,,,,0,845,1155
placebo,all_alfworld,all,absolute_readout,B_random_expected,average_precision,0.5789473684210527,0.3210526315789474,0.7368421052631579,0.5395826845219558,845,845,1155
placebo,all_alfworld,all,absolute_readout,B_random_expected,auroc_large_change_vs_rest,0.5,0.5,0.5,0.5,845,845,1155
placebo,all_alfworld,all,absolute_readout,B_random_expected,top_quartile_mean_absolute_delta,0.07964519594040265,0.05839079502096246,0.12669587424432177,0.08879262743216164,845,845,1155
placebo,all_alfworld,all,absolute_readout,B_random_expected,top_quartile_lift,1.0,0.9999999999999997,1.0000000000000002,1.0,845,845,1155
placebo,all_alfworld,all,absolute_readout,D_real::token::reward,spearman,0.18541329161547376,-0.19737370576263613,0.5532698851610058,0.17762467100478757,845,845,1155
placebo,all_alfworld,all,absolute_readout,D_real::token::reward,average_precision,0.7273548347077757,0.4945616806176662,0.8978662696522604,0.6970543639225448,845,845,1155
placebo,all_alfworld,all,absolute_readout,D_real::token::reward,auroc_large_change_vs_rest,0.5568181818181818,0.3299242424242424,0.8333333333333334,0.5744134957744425,845,845,1155
placebo,all_alfworld,all,absolute_readout,D_real::token::reward,top_quartile_mean_absolute_delta,0.1362346217184927,0.0782044161518841,0.20505014028637772,0.1403789259566749,845,845,1155
placebo,all_alfworld,all,absolute_readout,D_real::token::reward,top_quartile_lift,1.7105190100911436,0.9950970613139599,2.2909375203089017,1.6063163987096316,845,845,1155
placebo,all_alfworld,all,absolute_readout,D_real_A1::token::reward_free,spearman,0.3708265832309475,-0.09927509490278157,0.6740441764400885,0.2911673007691061,845,845,1155
placebo,all_alfworld,all,absolute_readout,D_real_A1::token::reward_free,average_precision,0.8518886342415753,0.457232322416146,0.9284668569695306,0.722352422955469,845,845,1155
placebo,all_alfworld,all,absolute_readout,D_real_A1::token::reward_free,auroc_large_change_vs_rest,0.7045454545454546,0.3814285714285714,0.8856043956043955,0.6456597922130466,845,845,1155
placebo,all_alfworld,all,absolute_readout,D_real_A1::token::reward_free,top_quartile_mean_absolute_delta,0.1486674174174174,0.08644640191679664,0.21572530809759183,0.14929910544441757,845,845,1155
placebo,all_alfworld,all,absolute_readout,D_real_A1::token::reward_free,top_quartile_lift,1.866621277806424,1.0583360315413881,2.450781498992559,1.7105939397297572,845,845,1155
placebo,all_alfworld,all,absolute_readout,D_real_absA::token::reward_sign_removed,spearman,0.21529031490896242,-0.23292922512186065,0.5126620800259594,0.14446805233984714,845,845,1155
placebo,all_alfworld,all,absolute_readout,D_real_absA::token::reward_sign_removed,average_precision,0.7716810966810965,0.48740674364287623,0.8658972675071743,0.6787748272428233,845,845,1155
placebo,all_alfworld,all,absolute_readout,D_real_absA::token::reward_sign_removed,auroc_large_change_vs_rest,0.625,0.3333333333333333,0.8111111111111111,0.5642129730887127,845,845,1155
placebo,all_alfworld,all,absolute_readout,D_real_absA::token::reward_sign_removed,top_quartile_mean_absolute_delta,0.11742831541218637,0.06378205128205128,0.17374675324675323,0.11697818541486536,845,845,1155
placebo,all_alfworld,all,absolute_readout,D_real_absA::token::reward_sign_removed,top_quartile_lift,1.4743929502045081,0.7610858584754141,2.0564787899951154,1.3410398937360635,845,845,1155
placebo,all_alfworld,all,absolute_readout,D_real_projection_only::token::geometry_only,spearman,0.4815473166126996,-0.16917186444185808,0.6095345083469466,0.2518385183778399,845,845,1155
placebo,all_alfworld,all,absolute_readout,D_real_projection_only::token::geometry_only,average_precision,0.7826809413496721,0.3758132971474689,0.9106575487041074,0.6826644937422418,845,845,1155
placebo,all_alfworld,all,absolute_readout,D_real_projection_only::token::geometry_only,auroc_large_change_vs_rest,0.6590909090909091,0.3185064935064935,0.851660839160839,0.6077806824996174,845,845,1155
placebo,all_alfworld,all,absolute_readout,D_real_projection_only::token::geometry_only,top_quartile_mean_absolute_delta,0.10005630630630631,0.032236135307781646,0.20859297524122217,0.10802946377127329,845,845,1155
placebo,all_alfworld,all,absolute_readout,D_real_projection_only::token::geometry_only,top_quartile_lift,1.256275474307038,0.4342670634935278,1.9242942826983622,1.1886289329034743,845,845,1155
placebo,all_alfworld,all,absolute_readout,D_real::decision::reward,spearman,0.2231989387219447,-0.2019066227711453,0.5726358880478472,0.19482708756277403,845,845,1155
placebo,all_alfworld,all,absolute_readout,D_real::decision::reward,average_precision,0.7496159069688482,0.5055313528920341,0.9048913740580404,0.7067822730111378,845,845,1155
placebo,all_alfworld,all,absolute_readout,D_real::decision::reward,auroc_large_change_vs_rest,0.5795454545454546,0.3333333333333333,0.8444444444444444,0.5856412883631817,845,845,1155
placebo,all_alfworld,all,absolute_readout,D_real::decision::reward,top_quartile_mean_absolute_delta,0.13790128838515936,0.08252255586001939,0.21126169602456366,0.14369238862466555,845,845,1155
placebo,all_alfworld,all,absolute_readout,D_real::decision::reward,top_quartile_lift,1.7314451519254082,1.0150041668955638,2.3347718511795574,1.6415875595235336,845,845,1155
placebo,all_alfworld,all,absolute_readout,D_real_A1::decision::reward_free,spearman,0.36467543137640573,-0.05782350894640963,0.681642887169714,0.31241697642818433,845,845,1155
placebo,all_alfworld,all,absolute_readout,D_real_A1::decision::reward_free,average_precision,0.82282678699791,0.5341974090580902,0.928014587293225,0.7493357861377132,845,845,1155
placebo,all_alfworld,all,absolute_readout,D_real_A1::decision::reward_free,auroc_large_change_vs_rest,0.6704545454545454,0.4051948051948052,0.8806349206349205,0.6552726333495564,845,845,1155
placebo,all_alfworld,all,absolute_readout,D_real_A1::decision::reward_free,top_quartile_mean_absolute_delta,0.1486674174174174,0.08644640191679664,0.21572530809759183,0.14929910544441757,845,845,1155
placebo,all_alfworld,all,absolute_readout,D_real_A1::decision::reward_free,top_quartile_lift,1.866621277806424,1.0583360315413881,2.450781498992559,1.7105939397297572,845,845,1155
placebo,all_alfworld,all,absolute_readout,D_real_absA::decision::reward_sign_removed,spearman,0.23462250645180802,-0.22114819793469354,0.5422479688050889,0.16701297621779024,845,845,1155
placebo,all_alfworld,all,absolute_readout,D_real_absA::decision::reward_sign_removed,average_precision,0.7829853153382564,0.49536734769665436,0.8846889608499514,0.6890082958181819,845,845,1155
placebo,all_alfworld,all,absolute_readout,D_real_absA::decision::reward_sign_removed,auroc_large_change_vs_rest,0.6363636363636364,0.34134199134199134,0.8288131313131312,0.5773146610128859,845,845,1155
placebo,all_alfworld,all,absolute_readout,D_real_absA::decision::reward_sign_removed,top_quartile_mean_absolute_delta,0.12742831541218638,0.07686242546020224,0.1968821428571428,0.1333584619588014,845,845,1155
placebo,all_alfworld,all,absolute_readout,D_real_absA::decision::reward_sign_removed,top_quartile_lift,1.5999498012100963,0.9182303376752164,2.2422179026797338,1.5252111462388307,845,845,1155
placebo,all_alfworld,all,absolute_readout,D_real_projection_only::decision::geometry_only,spearman,0.4560639732153122,-0.1559296159642165,0.6038512382683104,0.2510107551523774,845,845,1155
placebo,all_alfworld,all,absolute_readout,D_real_projection_only::decision::geometry_only,average_precision,0.7357702762571886,0.38786272556944645,0.9006416668348487,0.6816556673398889,845,845,1155
placebo,all_alfworld,all,absolute_readout,D_real_projection_only::decision::geometry_only,auroc_large_change_vs_rest,0.6136363636363636,0.3333333333333333,0.8333333333333334,0.6030958292200895,845,845,1155
placebo,all_alfworld,all,absolute_readout,D_real_projection_only::decision::geometry_only,top_quartile_mean_absolute_delta,0.15700075075075076,0.07890808823529412,0.2688069457716197,0.1620020683701406,845,845,1155
placebo,all_alfworld,all,absolute_readout,D_real_projection_only::decision::geometry_only,top_quartile_lift,1.9712519869777476,1.0738057930732863,2.477714323412696,1.8136759757936403,845,845,1155
placebo,all_alfworld,all,absolute_readout,D_real::game::reward,spearman,0.07293508627528114,-0.32156358398832413,0.4129938738226269,0.04664056178968338,845,845,1155
placebo,all_alfworld,all,absolute_readout,D_real::game::reward,average_precision,0.7530989509599135,0.40758127927284277,0.8470098735830159,0.6341153470952591,845,845,1155
placebo,all_alfworld,all,absolute_readout,D_real::game::reward,auroc_large_change_vs_rest,0.6022727272727273,0.245,0.75,0.506839079723695,845,845,1155
placebo,all_alfworld,all,absolute_readout,D_real::game::reward,top_quartile_mean_absolute_delta,0.1257616487455197,0.07264987360057783,0.1922614166878872,0.1300449992908108,845,845,1155
placebo,all_alfworld,all,absolute_readout,D_real::game::reward,top_quartile_lift,1.5790236593758316,0.8830649846269644,2.212410992139812,1.4899399854249291,845,845,1155
placebo,all_alfworld,all,absolute_readout,D_real_A1::game::reward_free,spearman,0.44376166950622864,-0.026270526475354834,0.7253018596124752,0.3532462651996694,845,845,1155
placebo,all_alfworld,all,absolute_readout,D_real_A1::game::reward_free,average_precision,0.8765639589169001,0.48110308400749574,0.9385450167880508,0.7371583162191657,845,845,1155
placebo,all_alfworld,all,absolute_readout,D_real_A1::game::reward_free,auroc_large_change_vs_rest,0.7613636363636364,0.4407142857142857,0.8976981351981351,0.676489513116732,845,845,1155
placebo,all_alfworld,all,absolute_readout,D_real_A1::game::reward_free,top_quartile_mean_absolute_delta,0.1486674174174174,0.08644640191679664,0.21572530809759183,0.14929910544441757,845,845,1155
placebo,all_alfworld,all,absolute_readout,D_real_A1::game::reward_free,top_quartile_lift,1.866621277806424,1.0583360315413881,2.450781498992559,1.7105939397297572,845,845,1155
placebo,all_alfworld,all,absolute_readout,D_real_absA::game::reward_sign_removed,spearman,0.1476276445090028,-0.21528605262233405,0.5198308516375745,0.15547786192926535,845,845,1155
placebo,all_alfworld,all,absolute_readout,D_real_absA::game::reward_sign_removed,average_precision,0.7885277526988755,0.4342691081922893,0.8826986441959703,0.6725226893832483,845,845,1155
placebo,all_alfworld,all,absolute_readout,D_real_absA::game::reward_sign_removed,auroc_large_change_vs_rest,0.625,0.3229545454545455,0.8068181818181818,0.5698069862418975,845,845,1155
placebo,all_alfworld,all,absolute_readout,D_real_absA::game::reward_sign_removed,top_quartile_mean_absolute_delta,0.13415128838515936,0.07894313401715947,0.1912640390211189,0.13451381214764715,845,845,1155
placebo,all_alfworld,all,absolute_readout,D_real_absA::game::reward_sign_removed,top_quartile_lift,1.6843613327983127,0.8746387220545777,2.2722487391314283,1.5501412019602996,845,845,1155
placebo,all_alfworld,all,absolute_readout,D_real_projection_only::game::geometry_only,spearman,0.39455245466989436,-0.18315895792894019,0.5710876182358363,0.2350729815911407,845,845,1155
placebo,all_alfworld,all,absolute_readout,D_real_projection_only::game::geometry_only,average_precision,0.718621901755873,0.3884294514776971,0.9002968932776625,0.6761336549141556,845,845,1155
placebo,all_alfworld,all,absolute_readout,D_real_projection_only::game::geometry_only,auroc_large_change_vs_rest,0.5909090909090909,0.3333333333333333,0.8333333333333334,0.596410806484771,845,845,1155
placebo,all_alfworld,all,absolute_readout,D_real_projection_only::game::geometry_only,top_quartile_mean_absolute_delta,0.15700075075075076,0.07890808823529412,0.2688069457716197,0.1620020683701406,845,845,1155
placebo,all_alfworld,all,absolute_readout,D_real_projection_only::game::geometry_only,top_quartile_lift,1.9712519869777476,1.0738057930732863,2.477714323412696,1.8136759757936403,845,845,1155
placebo,all_alfworld,all,absolute_readout,D_factor::token::reward,spearman,0.057117838649316556,-0.47672663764226186,0.33115355529930246,-0.0601296326390843,845,845,1155
placebo,all_alfworld,all,absolute_readout,D_factor::token::reward,average_precision,0.642506349859291,0.32282374488256843,0.845032349529313,0.5857061049530863,845,845,1155
placebo,all_alfworld,all,absolute_readout,D_factor::token::reward,auroc_large_change_vs_rest,0.5,0.18888888888888888,0.7142857142857143,0.45382808348784676,845,845,1155
placebo,all_alfworld,all,absolute_readout,D_factor::token::reward,top_quartile_mean_absolute_delta,0.07923387096774194,0.017474747474747476,0.18922359501760588,0.08972007100132118,845,845,1155
placebo,all_alfworld,all,absolute_readout,D_factor::token::reward,top_quartile_lift,0.9948355331692762,0.2479355083308285,1.7320515178007594,0.9779838537712493,845,845,1155
placebo,all_alfworld,all,absolute_readout,D_orientation::token::reward,spearman,0.057117838649316556,-0.4419879567132285,0.3406498240026522,-0.041554585548838056,845,845,1155
placebo,all_alfworld,all,absolute_readout,D_orientation::token::reward,average_precision,0.635471717824659,0.32623530248806676,0.8531642176611812,0.5892137481208789,845,845,1155
placebo,all_alfworld,all,absolute_readout,D_orientation::token::reward,auroc_large_change_vs_rest,0.5,0.2,0.7217948717948717,0.46058529241961194,845,845,1155
placebo,all_alfworld,all,absolute_readout,D_orientation::token::reward,top_quartile_mean_absolute_delta,0.07923387096774194,0.017474747474747476,0.18922359501760588,0.08972007100132118,845,845,1155
placebo,all_alfworld,all,absolute_readout,D_orientation::token::reward,top_quartile_lift,0.9948355331692762,0.2479355083308285,1.7320515178007594,0.9779838537712493,845,845,1155
placebo,all_alfworld,all,absolute_readout,D_factor_A1::token::reward_free,spearman,0.24604607418167132,-0.19522888373037045,0.5721960057276623,0.20633718677679447,845,845,1155
placebo,all_alfworld,all,absolute_readout,D_factor_A1::token::reward_free,average_precision,0.6302485319196549,0.3768904891502055,0.911619177682728,0.6473492701575347,845,845,1155
placebo,all_alfworld,all,absolute_readout,D_factor_A1::token::reward_free,auroc_large_change_vs_rest,0.48863636363636365,0.34523809523809523,0.832222222222222,0.5893433308965853,845,845,1155
placebo,all_alfworld,all,absolute_readout,D_factor_A1::token::reward_free,top_quartile_mean_absolute_delta,0.07875,0.01812769138755981,0.1971496212121212,0.09548771184794481,845,845,1155
placebo,all_alfworld,all,absolute_readout,D_factor_A1::token::reward_free,top_quartile_lift,0.9887602016690058,0.27909218426906085,1.8046559367860167,1.039856431200218,845,845,1155
placebo,all_alfworld,all,absolute_readout,D_orientation_A1::token::reward_free,spearman,0.27065068159983846,-0.14779085575742612,0.5835875037756179,0.22499427715256423,845,845,1155
placebo,all_alfworld,all,absolute_readout,D_orientation_A1::token::reward_free,average_precision,0.6263982155693385,0.38346204449145616,0.9159437676585787,0.6513165255597347,845,845,1155
placebo,all_alfworld,all,absolute_readout,D_orientation_A1::token::reward_free,auroc_large_change_vs_rest,0.5113636363636364,0.35779220779220783,0.8333333333333334,0.6000713980299779,845,845,1155
placebo,all_alfworld,all,absolute_readout,D_orientation_A1::token::reward_free,top_quartile_mean_absolute_delta,0.07875,0.01812769138755981,0.1971496212121212,0.09548771184794481,845,845,1155
placebo,all_alfworld,all,absolute_readout,D_orientation_A1::token::reward_free,top_quartile_lift,0.9887602016690058,0.27909218426906085,1.8046559367860167,1.039856431200218,845,845,1155
placebo,all_alfworld,all,absolute_readout,D_factor::decision::reward,spearman,0.008787359792202548,-0.4922514725092739,0.30422151886174426,-0.08873701057479745,845,845,1155
placebo,all_alfworld,all,absolute_readout,D_factor::decision::reward,average_precision,0.6382178353435037,0.32145454545454544,0.8378175336660243,0.5800970337397857,845,845,1155
placebo,all_alfworld,all,absolute_readout,D_factor::decision::reward,auroc_large_change_vs_rest,0.48863636363636365,0.18042735042735045,0.7,0.43874618478168775,845,845,1155
placebo,all_alfworld,all,absolute_readout,D_factor::decision::reward,top_quartile_mean_absolute_delta,0.07923387096774194,0.017474747474747476,0.18922359501760588,0.08972007100132118,845,845,1155
placebo,all_alfworld,all,absolute_readout,D_factor::decision::reward,top_quartile_lift,0.9948355331692762,0.2479355083308285,1.7320515178007594,0.9779838537712493,845,845,1155
placebo,all_alfworld,all,absolute_readout,D_orientation::decision::reward,spearman,0.06063278256619758,-0.45111972567675335,0.3425583900333018,-0.04699676302447788,845,845,1155
placebo,all_alfworld,all,absolute_readout,D_orientation::decision::reward,average_precision,0.6649297597827009,0.332251426886544,0.85263689948539,0.590396537534722,845,845,1155
placebo,all_alfworld,all,absolute_readout,D_orientation::decision::reward,auroc_large_change_vs_rest,0.5227272727272727,0.20023809523809524,0.721590909090909,0.45740215077493185,845,845,1155
placebo,all_alfworld,all,absolute_readout,D_orientation::decision::reward,top_quartile_mean_absolute_delta,0.07923387096774194,0.017474747474747476,0.18922359501760588,0.08972007100132118,845,845,1155
placebo,all_alfworld,all,absolute_readout,D_orientation::decision::reward,top_quartile_lift,0.9948355331692762,0.2479355083308285,1.7320515178007594,0.9779838537712493,845,845,1155
placebo,all_alfworld,all,absolute_readout,D_factor_A1::decision::reward_free,spearman,0.26713573768295745,-0.18482981022282136,0.5643721206252307,0.20970873306719232,845,845,1155
placebo,all_alfworld,all,absolute_readout,D_factor_A1::decision::reward_free,average_precision,0.6388932962462374,0.3814859277044151,0.9059249297710834,0.647773615570028,845,845,1155
placebo,all_alfworld,all,absolute_readout,D_factor_A1::decision::reward_free,auroc_large_change_vs_rest,0.5113636363636364,0.3522727272727273,0.8222222222222222,0.5890183747876055,845,845,1155
placebo,all_alfworld,all,absolute_readout,D_factor_A1::decision::reward_free,top_quartile_mean_absolute_delta,0.07875,0.01812769138755981,0.1971496212121212,0.09548771184794481,845,845,1155
placebo,all_alfworld,all,absolute_readout,D_factor_A1::decision::reward_free,top_quartile_lift,0.9887602016690058,0.27909218426906085,1.8046559367860167,1.039856431200218,845,845,1155
placebo,all_alfworld,all,absolute_readout,D_orientation_A1::decision::reward_free,spearman,0.24604607418167132,-0.15544312735231172,0.5731814880727698,0.2203862018401253,845,845,1155
placebo,all_alfworld,all,absolute_readout,D_orientation_A1::decision::reward_free,average_precision,0.6252798894510124,0.3837462170182758,0.9076120834008534,0.6511937668515414,845,845,1155
placebo,all_alfworld,all,absolute_readout,D_orientation_A1::decision::reward_free,auroc_large_change_vs_rest,0.5,0.36363636363636365,0.8222222222222222,0.5953525764176651,845,845,1155
placebo,all_alfworld,all,absolute_readout,D_orientation_A1::decision::reward_free,top_quartile_mean_absolute_delta,0.08916666666666666,0.027356984626881607,0.2039551635903628,0.10152301897069853,845,845,1155
placebo,all_alfworld,all,absolute_readout,D_orientation_A1::decision::reward_free,top_quartile_lift,1.11954858813316,0.3714988470574588,1.8568752479639403,1.1109612658297205,845,845,1155
placebo,all_alfworld,all,absolute_readout,D_factor::game::reward,spearman,0.15026385244666357,-0.4396060590491943,0.36634716711894777,-0.023065315680920028,845,845,1155
placebo,all_alfworld,all,absolute_readout,D_factor::game::reward,average_precision,0.6847664961301324,0.3386480430796414,0.8346385380192197,0.5872399037394787,845,845,1155
placebo,all_alfworld,all,absolute_readout,D_factor::game::reward,auroc_large_change_vs_rest,0.625,0.2226190476190476,0.7380952380952381,0.4803322696370034,845,845,1155
placebo,all_alfworld,all,absolute_readout,D_factor::game::reward,top_quartile_mean_absolute_delta,0.06875,0.008338815789473684,0.1783522727272727,0.07910743530400875,845,845,1155
placebo,all_alfworld,all,absolute_readout,D_factor::game::reward,top_quartile_lift,0.8632033506634178,0.13125089258914438,1.6328300151781654,0.8556851786974506,845,845,1155
placebo,all_alfworld,all,absolute_readout,D_orientation::game::reward,spearman,0.14235522863368127,-0.425854447081451,0.3453472767561959,-0.023242632332153165,845,845,1155
placebo,all_alfworld,all,absolute_readout,D_orientation::game::reward,average_precision,0.6819738639257357,0.3343315018315018,0.8155394888127787,0.5793635305989039,845,845,1155
placebo,all_alfworld,all,absolute_readout,D_orientation::game::reward,auroc_large_change_vs_rest,0.6363636363636364,0.23380952380952383,0.7385822510822511,0.4813353313353313,845,845,1155
placebo,all_alfworld,all,absolute_readout,D_orientation::game::reward,top_quartile_mean_absolute_delta,0.0709005376344086,0.01203560371517028,0.17239605160442084,0.07665325712537577,845,845,1155
placebo,all_alfworld,all,absolute_readout,D_orientation::game::reward,top_quartile_lift,0.8902048239979526,0.16655833468174058,1.5811308075165027,0.8290837620823839,845,845,1155
placebo,all_alfworld,all,absolute_readout,D_factor_A1::game::reward_free,spearman,0.18365581965703323,-0.22654518123884212,0.5593788845882014,0.1670706701476251,845,845,1155
placebo,all_alfworld,all,absolute_readout,D_factor_A1::game::reward_free,average_precision,0.6320607282294589,0.3710302983372836,0.9005396451458756,0.6417594803732547,845,845,1155
placebo,all_alfworld,all,absolute_readout,D_factor_A1::game::reward_free,auroc_large_change_vs_rest,0.45454545454545453,0.32954545454545453,0.8061363636363634,0.5704026758908415,845,845,1155
placebo,all_alfworld,all,absolute_readout,D_factor_A1::game::reward_free,top_quartile_mean_absolute_delta,0.0875,0.028223191282401812,0.19623672161172157,0.09820955630270786,845,845,1155
placebo,all_alfworld,all,absolute_readout,D_factor_A1::game::reward_free,top_quartile_lift,1.0986224462988952,0.36839386957943215,1.7820057948891925,1.0756901050158185,845,845,1155
placebo,all_alfworld,all,absolute_readout,D_orientation_A1::game::reward_free,spearman,0.16608110007262814,-0.20383485181657687,0.5630949128024723,0.18248720875851834,845,845,1155
placebo,all_alfworld,all,absolute_readout,D_orientation_A1::game::reward_free,average_precision,0.6184243645930952,0.37814396591970123,0.9047543336436525,0.6491567307925372,845,845,1155
placebo,all_alfworld,all,absolute_readout,D_orientation_A1::game::reward_free,auroc_large_change_vs_rest,0.4431818181818182,0.3453296703296703,0.8109523809523809,0.5797035705911445,845,845,1155
placebo,all_alfworld,all,absolute_readout,D_orientation_A1::game::reward_free,top_quartile_mean_absolute_delta,0.08916666666666666,0.027356984626881607,0.2039551635903628,0.10152301897069851,845,845,1155
placebo,all_alfworld,all,absolute_readout,D_orientation_A1::game::reward_free,top_quartile_lift,1.11954858813316,0.37149884705745867,1.8568752479639403,1.1109612658297205,845,845,1155
null,all_alfworld,all,raw,D_original::token::reward,spearman,-0.05448163071165579,-0.3890552292016961,0.3349317785901833,-0.02864207313914447,845,845,1155
null,all_alfworld,all,raw,D_original::token::reward,average_precision,0.5008709213043577,0.34388308097267994,0.8155486264369755,0.5829857259717719,845,845,1155
null,all_alfworld,all,raw,D_original::token::reward,auroc_large_change_vs_rest,0.29545454545454547,0.2226190476190476,0.7159090909090909,0.46744060016249367,845,845,1155
null,all_alfworld,all,raw,D_original::token::reward,top_quartile_mean_absolute_delta,0.113125,0.054546568627450984,0.20985054347826085,0.1285063459118982,845,845,1155
null,all_alfworld,all,raw,D_original::token::reward,top_quartile_lift,1.2903228374729354,0.6299482046246422,1.863959646042054,1.2599834176362739,845,845,1155
null,all_alfworld,all,raw,D_original::token::unsigned,spearman,-0.18277708367781298,-0.4955622820230644,0.15267789759956768,-0.178453090979741,845,845,1155
null,all_alfworld,all,raw,D_original::token::unsigned,average_precision,0.5809091020778326,0.3386922645852599,0.7036007368657191,0.531189165761616,845,845,1155
null,all_alfworld,all,raw,D_original::token::unsigned,auroc_large_change_vs_rest,0.3977272727272727,0.1794871794871795,0.602534965034965,0.38669192083393267,845,845,1155
null,all_alfworld,all,raw,D_original::token::unsigned,top_quartile_mean_absolute_delta,0.103125,0.03858723653395785,0.19005135387488326,0.10886784285118256,845,845,1155
null,all_alfworld,all,raw,D_original::token::unsigned,top_quartile_lift,1.17626115018251,0.44367467134054017,1.7034027824164653,1.065366030964758,845,845,1155
null,all_alfworld,all,raw,D_centered_gate::token::reward,spearman,-0.05448163071165579,-0.3890552292016961,0.3349317785901833,-0.02864207313914447,845,845,1155
null,all_alfworld,all,raw,D_centered_gate::token::reward,average_precision,0.5008709213043577,0.34388308097267994,0.8155486264369755,0.5829857259717719,845,845,1155
null,all_alfworld,all,raw,D_centered_gate::token::reward,auroc_large_change_vs_rest,0.29545454545454547,0.2226190476190476,0.7159090909090909,0.46744060016249367,845,845,1155
null,all_alfworld,all,raw,D_centered_gate::token::reward,top_quartile_mean_absolute_delta,0.113125,0.054546568627450984,0.20985054347826085,0.1285063459118982,845,845,1155
null,all_alfworld,all,raw,D_centered_gate::token::reward,top_quartile_lift,1.2903228374729354,0.6299482046246422,1.863959646042054,1.2599834176362739,845,845,1155
null,all_alfworld,all,raw,D_centered_gate::token::unsigned,spearman,-0.18277708367781298,-0.4955622820230644,0.15267789759956768,-0.178453090979741,845,845,1155
null,all_alfworld,all,raw,D_centered_gate::token::unsigned,average_precision,0.5809091020778326,0.3386922645852599,0.7036007368657191,0.531189165761616,845,845,1155
null,all_alfworld,all,raw,D_centered_gate::token::unsigned,auroc_large_change_vs_rest,0.3977272727272727,0.1794871794871795,0.602534965034965,0.38669192083393267,845,845,1155
null,all_alfworld,all,raw,D_centered_gate::token::unsigned,top_quartile_mean_absolute_delta,0.103125,0.03858723653395785,0.19005135387488326,0.10886784285118256,845,845,1155
null,all_alfworld,all,raw,D_centered_gate::token::unsigned,top_quartile_lift,1.17626115018251,0.44367467134054017,1.7034027824164653,1.065366030964758,845,845,1155
null,all_alfworld,all,raw,D_ungated::token::reward,spearman,0.13356786884147873,-0.33423922674093065,0.4025511028699138,0.045971939074143556,845,845,1155
null,all_alfworld,all,raw,D_ungated::token::reward,average_precision,0.6475297363455258,0.37339822053990285,0.8652078915236809,0.6340116490076351,845,845,1155
null,all_alfworld,all,raw,D_ungated::token::reward,auroc_large_change_vs_rest,0.4431818181818182,0.2777777777777778,0.7661363636363636,0.5132631586033953,845,845,1155
null,all_alfworld,all,raw,D_ungated::token::reward,top_quartile_mean_absolute_delta,0.15371376811594203,0.0669055944055944,0.2783242481203007,0.15927115176544052,845,845,1155
null,all_alfworld,all,raw,D_ungated::token::reward,top_quartile_lift,1.7532851751073515,0.8339749286285633,2.2156890055433345,1.547474112259334,845,845,1155
null,all_alfworld,all,raw,D_ungated::token::unsigned,spearman,0.16344489213496738,-0.39284642029346334,0.3588550318268997,0.0029141888177267134,845,845,1155
null,all_alfworld,all,raw,D_ungated::token::unsigned,average_precision,0.6965862354020249,0.3739905151500546,0.7989725899100899,0.6166678388328055,845,845,1155
null,all_alfworld,all,raw,D_ungated::token::unsigned,auroc_large_change_vs_rest,0.4772727272727273,0.2569230769230769,0.7,0.4824902300198158,845,845,1155
null,all_alfworld,all,raw,D_ungated::token::unsigned,top_quartile_mean_absolute_delta,0.15557432432432433,0.067375,0.271875,0.1573705624555912,845,845,1155
null,all_alfworld,all,raw,D_ungated::token::unsigned,top_quartile_lift,1.7745069931500277,0.8590863313606941,2.2397709342897496,1.5261064839290948,845,845,1155
null,all_alfworld,all,raw,D_signed::token::reward,spearman,0.029877023293488663,-0.28955278744976326,0.3647719271137432,0.03235823349997155,845,845,1155
null,all_alfworld,all,raw,D_signed::token::reward,average_precision,0.5783305004561687,0.3595149592471021,0.8589536293269324,0.6158234450246591,845,845,1155
null,all_alfworld,all,raw,D_signed::token::reward,auroc_large_change_vs_rest,0.3977272727272727,0.3,0.7385822510822511,0.5180352060825434,845,845,1155
null,all_alfworld,all,raw,D_signed::token::reward,top_quartile_mean_absolute_delta,0.0522554347826087,0.021257565789473683,0.1357267857142857,0.06977774014979644,845,845,1155
null,all_alfworld,all,raw,D_signed::token::reward,top_quartile_lift,0.5960343061399124,0.2313661123989793,1.2155506940054417,0.6845933849205329,845,845,1155
null,all_alfworld,all,raw,D_signed::token::unsigned,spearman,0.5746933304100466,-0.12025473764059681,0.5970151554685658,0.22790210818256462,845,845,1155
null,all_alfworld,all,raw,D_signed::token::unsigned,average_precision,0.9150613275613275,0.4191725808913309,0.9150585525585525,0.6867910331335745,845,845,1155
null,all_alfworld,all,raw,D_signed::token::unsigned,auroc_large_change_vs_rest,0.8636363636363636,0.4,0.8444444444444444,0.6167543912366398,845,845,1155
null,all_alfworld,all,raw,D_signed::token::unsigned,top_quartile_mean_absolute_delta,0.15267857142857144,0.0766438301636444,0.2589230462519936,0.1569102771893107,845,845,1155
null,all_alfworld,all,raw,D_signed::token::unsigned,top_quartile_lift,1.7414775470234567,0.9057188464140159,2.195354353761967,1.536569001137028,845,845,1155
null,all_alfworld,all,raw,D_signed_gate::token::reward,spearman,-0.08963106988046599,-0.4260274026959957,0.3181409913371234,-0.06960495438230965,845,845,1155
null,all_alfworld,all,raw,D_signed_gate::token::reward,average_precision,0.5677965899222582,0.33291674711842784,0.8443599385468726,0.5894760511375781,845,845,1155
null,all_alfworld,all,raw,D_signed_gate::token::reward,auroc_large_change_vs_rest,0.38636363636363635,0.24444444444444444,0.6990476190476188,0.47066630608050725,845,845,1155
null,all_alfworld,all,raw,D_signed_gate::token::reward,top_quartile_mean_absolute_delta,0.05241071428571429,0.020604921394395077,0.14690979743940266,0.07079660315629743,845,845,1155
null,all_alfworld,all,raw,D_signed_gate::token::reward,top_quartile_lift,0.5978054503524965,0.22137521559441078,1.264556575416291,0.6911642220760674,845,845,1155
null,all_alfworld,all,raw,D_signed_gate::token::unsigned,spearman,0.27416562551671947,-0.28295298530892204,0.38762032832357296,0.053590167981460754,845,845,1155
null,all_alfworld,all,raw,D_signed_gate::token::unsigned,average_precision,0.7671438410074775,0.36730061911128087,0.8682346423417854,0.6300034654459353,845,845,1155
null,all_alfworld,all,raw,D_signed_gate::token::unsigned,auroc_large_change_vs_rest,0.6931818181818182,0.29545454545454547,0.768974358974359,0.5329811936912529,845,845,1155
null,all_alfworld,all,raw,D_signed_gate::token::unsigned,top_quartile_mean_absolute_delta,0.08400974025974026,0.03191765424118365,0.17936738054488754,0.09063684004328734,845,845,1155
null,all_alfworld,all,raw,D_signed_gate::token::unsigned,top_quartile_lift,0.9582292722856339,0.35380114315670674,1.513757309772492,0.8869259973724835,845,845,1155
null,all_alfworld,all,raw,D_sign_balance::token::reward,spearman,-0.18804949955313452,-0.5186584420395188,0.22171645516940516,-0.15048992346537357,845,845,1155
null,all_alfworld,all,raw,D_sign_balance::token::reward,average_precision,0.48606047922118845,0.3336680435577494,0.7917994756153924,0.5640653411987988,845,845,1155
null,all_alfworld,all,raw,D_sign_balance::token::reward,auroc_large_change_vs_rest,0.25,0.18252525252525253,0.6659090909090907,0.4225836802907809,845,845,1155
null,all_alfworld,all,raw,D_sign_balance::token::reward,top_quartile_mean_absolute_delta,0.0522554347826087,0.021257565789473683,0.1357267857142857,0.06977774014979644,845,845,1155
null,all_alfworld,all,raw,D_sign_balance::token::reward,top_quartile_lift,0.5960343061399124,0.2313661123989793,1.2155506940054417,0.6845933849205329,845,845,1155
null,all_alfworld,all,raw,D_sign_balance::token::unsigned,spearman,0.34622197581278036,-0.31337052813691585,0.39587123099937777,0.038361397140600835,845,845,1155
null,all_alfworld,all,raw,D_sign_balance::token::unsigned,average_precision,0.8303145087235997,0.38311195141932375,0.844584311089176,0.6290718977060157,845,845,1155
null,all_alfworld,all,raw,D_sign_balance::token::unsigned,auroc_large_change_vs_rest,0.7727272727272727,0.3118181818181818,0.7608682983682983,0.5434017609609326,845,845,1155
null,all_alfworld,all,raw,D_sign_balance::token::unsigned,top_quartile_mean_absolute_delta,0.08878968253968253,0.025091738816738818,0.19465454545454547,0.09533672714502382,845,845,1155
null,all_alfworld,all,raw,D_sign_balance::token::unsigned,top_quartile_lift,1.0127501004457398,0.2915519171697337,1.6601723735227114,0.9148053225757324,845,845,1155
null,all_alfworld,all,raw,D_negative_fraction::token::reward,spearman,-0.08611612596358496,-0.4627703484383703,0.20765149887771794,-0.13582995200962775,845,845,1155
null,all_alfworld,all,raw,D_negative_fraction::token::reward,average_precision,0.5198962587120483,0.3405978834761729,0.7618759819390072,0.5567466384115372,845,845,1155
null,all_alfworld,all,raw,D_negative_fraction::token::reward,auroc_large_change_vs_rest,0.3409090909090909,0.20454545454545456,0.6777777777777778,0.4252750159111106,845,845,1155
null,all_alfworld,all,raw,D_negative_fraction::token::reward,top_quartile_mean_absolute_delta,0.050588768115942026,0.010211237832040919,0.11527777777777777,0.054722552365749064,845,845,1155
null,all_alfworld,all,raw,D_negative_fraction::token::reward,top_quartile_lift,0.5770240249248414,0.11593470948729134,1.0423543255618632,0.5363043715112499,845,845,1155
null,all_alfworld,all,raw,D_negative_fraction::token::unsigned,spearman,0.06502646246229885,-0.42870773237907817,0.3175215871708477,-0.04016319125991572,845,845,1155
null,all_alfworld,all,raw,D_negative_fraction::token::unsigned,average_precision,0.6735567396452563,0.3607904788709742,0.7777518002996472,0.5980522230597294,845,845,1155
null,all_alfworld,all,raw,D_negative_fraction::token::unsigned,auroc_large_change_vs_rest,0.4659090909090909,0.245,0.6777777777777778,0.46417736110043806,845,845,1155
null,all_alfworld,all,raw,D_negative_fraction::token::unsigned,top_quartile_mean_absolute_delta,0.15557432432432433,0.067375,0.271875,0.1573705624555912,845,845,1155
null,all_alfworld,all,raw,D_negative_fraction::token::unsigned,top_quartile_lift,1.7745069931500277,0.8590863313606941,2.2397709342897496,1.5261064839290948,845,845,1155
null,all_alfworld,all,raw,D_adv::token::reward,spearman,0.24604607418167132,-0.46608106334514104,0.24212973980257585,-0.09373400377105869,845,845,1155
null,all_alfworld,all,raw,D_adv::token::reward,average_precision,0.6402859766496131,0.3411696381104276,0.8477704373216589,0.5958136212252282,845,845,1155
null,all_alfworld,all,raw,D_adv::token::reward,auroc_large_change_vs_rest,0.6022727272727273,0.26666666666666666,0.6931818181818182,0.4831220045569158,845,845,1155
null,all_alfworld,all,raw,D_adv::token::reward,top_quartile_mean_absolute_delta,0.08268260694108151,0.01976470588235294,0.19830932590427475,0.09313231996570455,845,845,1155
null,all_alfworld,all,raw,D_adv::token::reward,top_quartile_lift,0.9430917657270781,0.25251470465593384,1.5965860086465877,0.8948688494493006,845,845,1155
null,all_alfworld,all,raw,D_adv::token::unsigned,spearman,0.5746933304100466,-0.12025473764059681,0.5970151554685658,0.22790210818256462,845,845,1155
null,all_alfworld,all,raw,D_adv::token::unsigned,average_precision,0.9150613275613275,0.4191725808913309,0.9150585525585525,0.6867910331335745,845,845,1155
null,all_alfworld,all,raw,D_adv::token::unsigned,auroc_large_change_vs_rest,0.8636363636363636,0.4,0.8444444444444444,0.6167543912366398,845,845,1155
null,all_alfworld,all,raw,D_adv::token::unsigned,top_quartile_mean_absolute_delta,0.15267857142857144,0.0766438301636444,0.2589230462519936,0.1569102771893107,845,845,1155
null,all_alfworld,all,raw,D_adv::token::unsigned,top_quartile_lift,1.7414775470234567,0.9057188464140159,2.195354353761967,1.536569001137028,845,845,1155
null,all_alfworld,all,raw,D_adv_gate::token::reward,spearman,-0.0017574719584405095,-0.4828240682568143,0.2273450104239695,-0.12359290122214127,845,845,1155
null,all_alfworld,all,raw,D_adv_gate::token::reward,average_precision,0.5643789225128938,0.33354215320498215,0.7970524968974217,0.557965179963171,845,845,1155
null,all_alfworld,all,raw,D_adv_gate::token::reward,auroc_large_change_vs_rest,0.4772727272727273,0.2261904761904762,0.6704545454545454,0.45202649093181635,845,845,1155
null,all_alfworld,all,raw,D_adv_gate::token::reward,top_quartile_mean_absolute_delta,0.055289502164502166,0.01494288085724164,0.13562547467152727,0.06276174186557415,845,845,1155
null,all_alfworld,all,raw,D_adv_gate::token::reward,top_quartile_lift,0.6306413906330735,0.15656112017148122,1.1965946016948463,0.6133888901756297,845,845,1155
null,all_alfworld,all,raw,D_adv_gate::token::unsigned,spearman,0.27416562551671947,-0.28295298530892204,0.38762032832357296,0.053590167981460754,845,845,1155
null,all_alfworld,all,raw,D_adv_gate::token::unsigned,average_precision,0.7671438410074775,0.36730061911128087,0.8682346423417854,0.6300034654459353,845,845,1155
null,all_alfworld,all,raw,D_adv_gate::token::unsigned,auroc_large_change_vs_rest,0.6931818181818182,0.29545454545454547,0.768974358974359,0.5329811936912529,845,845,1155
null,all_alfworld,all,raw,D_adv_gate::token::unsigned,top_quartile_mean_absolute_delta,0.08400974025974026,0.03191765424118365,0.17936738054488754,0.09063684004328734,845,845,1155
null,all_alfworld,all,raw,D_adv_gate::token::unsigned,top_quartile_lift,0.9582292722856339,0.35380114315670674,1.513757309772492,0.8869259973724835,845,845,1155
null,all_alfworld,all,raw,D_sqrtadv::token::reward,spearman,0.10720578946487108,-0.2934854813365422,0.35534925722085,0.03162032852302336,845,845,1155
null,all_alfworld,all,raw,D_sqrtadv::token::reward,average_precision,0.5546869796869797,0.3559830967643468,0.8729304376179376,0.6112314462323659,845,845,1155
null,all_alfworld,all,raw,D_sqrtadv::token::reward,auroc_large_change_vs_rest,0.4318181818181818,0.29545454545454547,0.7492857142857141,0.5218283508076408,845,845,1155
null,all_alfworld,all,raw,D_sqrtadv::token::reward,top_quartile_mean_absolute_delta,0.0803804347826087,0.027681182121971598,0.19807614522417152,0.09960444605836363,845,845,1155
null,all_alfworld,all,raw,D_sqrtadv::token::reward,top_quartile_lift,0.9168328016442333,0.3287319614394026,1.6673789543919686,0.9603132040560285,845,845,1155
null,all_alfworld,all,raw,D_sqrtadv::token::unsigned,spearman,0.5746933304100466,-0.12025473764059681,0.5970151554685658,0.22790210818256462,845,845,1155
null,all_alfworld,all,raw,D_sqrtadv::token::unsigned,average_precision,0.9150613275613275,0.4191725808913309,0.9150585525585525,0.6867910331335745,845,845,1155
null,all_alfworld,all,raw,D_sqrtadv::token::unsigned,auroc_large_change_vs_rest,0.8636363636363636,0.4,0.8444444444444444,0.6167543912366398,845,845,1155
null,all_alfworld,all,raw,D_sqrtadv::token::unsigned,top_quartile_mean_absolute_delta,0.15267857142857144,0.0766438301636444,0.2589230462519936,0.1569102771893107,845,845,1155
null,all_alfworld,all,raw,D_sqrtadv::token::unsigned,top_quartile_lift,1.7414775470234567,0.9057188464140159,2.195354353761967,1.536569001137028,845,845,1155
null,all_alfworld,all,raw,D_work::token::reward,spearman,-0.39367371869067413,-0.593989412182512,-0.038760709657726274,-0.3229253641342376,845,845,1155
null,all_alfworld,all,raw,D_work::token::reward,average_precision,0.5120125574459938,0.3029697956734528,0.7672920882559868,0.5228685771398419,845,845,1155
null,all_alfworld,all,raw,D_work::token::reward,auroc_large_change_vs_rest,0.3409090909090909,0.16666666666666666,0.5568181818181818,0.35318851923881506,845,845,1155
null,all_alfworld,all,raw,D_work::token::reward,top_quartile_mean_absolute_delta,0.036855158730158724,0.019109126984126985,0.10295848880597014,0.05235587385306183,845,845,1155
null,all_alfworld,all,raw,D_work::token::reward,top_quartile_lift,0.42037615901183495,0.195014471703123,1.0036118251709056,0.5211734567787252,845,845,1155
null,all_alfworld,all,raw,D_work::token::unsigned,spearman,0.15992994821808637,-0.37396838275124417,0.3390387058636559,-0.015532011667872435,845,845,1155
null,all_alfworld,all,raw,D_work::token::unsigned,average_precision,0.8101583057465409,0.39488672071392655,0.8367718754168332,0.6590395386269403,845,845,1155
null,all_alfworld,all,raw,D_work::token::unsigned,auroc_large_change_vs_rest,0.6818181818181818,0.25555555555555554,0.7381060606060605,0.5047187230915041,845,845,1155
null,all_alfworld,all,raw,D_work::token::unsigned,top_quartile_mean_absolute_delta,0.1321924603174603,0.06728456632429398,0.2139877564847077,0.13140871888267136,845,845,1155
null,all_alfworld,all,raw,D_work::token::unsigned,top_quartile_lift,1.5078095070882103,0.6939366730719874,1.993666721530194,1.3044397767798894,845,845,1155
null,all_alfworld,all,raw,D_work_gate::token::reward,spearman,0.13532534079991923,-0.5565681780248132,0.157320795453312,-0.17909244235344998,845,845,1155
null,all_alfworld,all,raw,D_work_gate::token::reward,average_precision,0.7178499390186697,0.3296164770732854,0.8662934667794242,0.6059911889471622,845,845,1155
null,all_alfworld,all,raw,D_work_gate::token::reward,auroc_large_change_vs_rest,0.6022727272727273,0.21444805194805194,0.6850915750915749,0.45560829702841527,845,845,1155
null,all_alfworld,all,raw,D_work_gate::token::reward,top_quartile_mean_absolute_delta,0.08154761904761905,0.026258928571428575,0.176,0.0899028509207682,845,845,1155
null,all_alfworld,all,raw,D_work_gate::token::reward,top_quartile_lift,0.9301459023088248,0.3048876754949479,1.5049839269484608,0.8751171177500545,845,845,1155
null,all_alfworld,all,raw,D_work_gate::token::unsigned,spearman,0.15992994821808637,-0.45992341800823344,0.2658925114190801,-0.09759813537591612,845,845,1155
null,all_alfworld,all,raw,D_work_gate::token::unsigned,average_precision,0.7934245047881412,0.35375325489047293,0.8444730105173066,0.6255419724080645,845,845,1155
null,all_alfworld,all,raw,D_work_gate::token::unsigned,auroc_large_change_vs_rest,0.6704545454545454,0.25,0.7111111111111111,0.4809803690720851,845,845,1155
null,all_alfworld,all,raw,D_work_gate::token::unsigned,top_quartile_mean_absolute_delta,0.07946428571428571,0.025720147907647907,0.16839925699300695,0.08361651354996326,845,845,1155
null,all_alfworld,all,raw,D_work_gate::token::unsigned,top_quartile_lift,0.9063830507899862,0.28207454166477625,1.4223012814387217,0.8164123158636382,845,845,1155
null,all_alfworld,all,raw,D_cos_raw::token::reward,spearman,-0.04920921483633427,-0.3270531522754671,0.32360538051700716,-0.004360437676356052,845,845,1155
null,all_alfworld,all,raw,D_cos_raw::token::reward,average_precision,0.5181179856981996,0.34786389366352605,0.8484693703715855,0.5957759155573157,845,845,1155
null,all_alfworld,all,raw,D_cos_raw::token::reward,auroc_large_change_vs_rest,0.3522727272727273,0.2840909090909091,0.7159090909090909,0.4934882622308658,845,845,1155
null,all_alfworld,all,raw,D_cos_raw::token::reward,top_quartile_mean_absolute_delta,0.0522554347826087,0.021257565789473683,0.1357267857142857,0.06977774014979644,845,845,1155
null,all_alfworld,all,raw,D_cos_raw::token::reward,top_quartile_lift,0.5960343061399124,0.2313661123989793,1.2155506940054417,0.6845933849205329,845,845,1155
null,all_alfworld,all,raw,D_cos_raw::token::unsigned,spearman,0.5641484986594035,-0.09466842443535055,0.598832418259441,0.2476565044690011,845,845,1155
null,all_alfworld,all,raw,D_cos_raw::token::unsigned,average_precision,0.9033928489810843,0.4208796503741357,0.9218844268476621,0.6938862127724075,845,845,1155
null,all_alfworld,all,raw,D_cos_raw::token::unsigned,auroc_large_change_vs_rest,0.8522727272727273,0.42045454545454547,0.8461538461538461,0.6333233498913973,845,845,1155
null,all_alfworld,all,raw,D_cos_raw::token::unsigned,top_quartile_mean_absolute_delta,0.10753968253968253,0.0428510029519938,0.21870516475109744,0.11451358023634789,845,845,1155
null,all_alfworld,all,raw,D_cos_raw::token::unsigned,top_quartile_lift,1.226615764115287,0.4898616542780434,1.837325552807023,1.1059176236831634,845,845,1155
null,all_alfworld,all,raw,D_cos_centered::token::reward,spearman,-0.024604607418167133,-0.33207550366631544,0.31240674750576236,-0.0074119178594720374,845,845,1155
null,all_alfworld,all,raw,D_cos_centered::token::reward,average_precision,0.5238375186904598,0.3559471447216545,0.8505495123457308,0.5974631248293821,845,845,1155
null,all_alfworld,all,raw,D_cos_centered::token::reward,auroc_large_change_vs_rest,0.36363636363636365,0.2777777777777778,0.7142857142857143,0.4955285115936003,845,845,1155
null,all_alfworld,all,raw,D_cos_centered::token::reward,top_quartile_mean_absolute_delta,0.0522554347826087,0.021257565789473683,0.1357267857142857,0.06977774014979644,845,845,1155
null,all_alfworld,all,raw,D_cos_centered::token::reward,top_quartile_lift,0.5960343061399124,0.2313661123989793,1.2155506940054417,0.6845933849205329,845,845,1155
null,all_alfworld,all,raw,D_cos_centered::token::unsigned,spearman,0.6133577134957379,-0.06779186120911079,0.634328602685351,0.27338464021878617,845,845,1155
null,all_alfworld,all,raw,D_cos_centered::token::unsigned,average_precision,0.9314199689199689,0.4299253554323214,0.9256216885176164,0.6966805556742786,845,845,1155
null,all_alfworld,all,raw,D_cos_centered::token::unsigned,auroc_large_change_vs_rest,0.8863636363636364,0.4230769230769231,0.8663636363636363,0.6401616529427181,845,845,1155
null,all_alfworld,all,raw,D_cos_centered::token::unsigned,top_quartile_mean_absolute_delta,0.15267857142857144,0.0766438301636444,0.2589230462519936,0.1569102771893107,845,845,1155
null,all_alfworld,all,raw,D_cos_centered::token::unsigned,top_quartile_lift,1.7414775470234567,0.9057188464140159,2.195354353761967,1.536569001137028,845,845,1155
null,all_alfworld,all,raw,D_cos_centered_gate::token::reward,spearman,-0.10369084554799006,-0.4463884898790431,0.21605280605260097,-0.12005467355390205,845,845,1155
null,all_alfworld,all,raw,D_cos_centered_gate::token::reward,average_precision,0.5216189039718451,0.33389968866334413,0.8257220003385971,0.5678480445199586,845,845,1155
null,all_alfworld,all,raw,D_cos_centered_gate::token::reward,auroc_large_change_vs_rest,0.375,0.23102564102564105,0.6713311688311687,0.4484331989509505,845,845,1155
null,all_alfworld,all,raw,D_cos_centered_gate::token::reward,top_quartile_mean_absolute_delta,0.05241071428571429,0.020604921394395077,0.14690979743940266,0.07079660315629743,845,845,1155
null,all_alfworld,all,raw,D_cos_centered_gate::token::reward,top_quartile_lift,0.5978054503524965,0.22137521559441078,1.264556575416291,0.6911642220760674,845,845,1155
null,all_alfworld,all,raw,D_cos_centered_gate::token::unsigned,spearman,0.28471045726736255,-0.2824427391367626,0.3717297795406734,0.049109220691614615,845,845,1155
null,all_alfworld,all,raw,D_cos_centered_gate::token::unsigned,average_precision,0.787443394395266,0.375536478577445,0.8571992423797238,0.6361701170971601,845,845,1155
null,all_alfworld,all,raw,D_cos_centered_gate::token::unsigned,auroc_large_change_vs_rest,0.7045454545454546,0.29545454545454547,0.7563247863247863,0.5306494672323074,845,845,1155
null,all_alfworld,all,raw,D_cos_centered_gate::token::unsigned,top_quartile_mean_absolute_delta,0.08083513708513708,0.030505103109754274,0.16436468044695948,0.08847639479716006,845,845,1155
null,all_alfworld,all,raw,D_cos_centered_gate::token::unsigned,top_quartile_lift,0.9220192128283561,0.35152991392972893,1.4592273583429531,0.867816977649175,845,845,1155
null,all_alfworld,all,raw,D_cos_adv::token::reward,spearman,0.37258405518938803,-0.3695700107248229,0.34815050704957046,0.009572177990744278,845,845,1155
null,all_alfworld,all,raw,D_cos_adv::token::reward,average_precision,0.6566658386177103,0.3526555352081944,0.8621181066586859,0.6088551838380949,845,845,1155
null,all_alfworld,all,raw,D_cos_adv::token::reward,auroc_large_change_vs_rest,0.6477272727272727,0.29545454545454547,0.7544444444444441,0.5232976802947217,845,845,1155
null,all_alfworld,all,raw,D_cos_adv::token::reward,top_quartile_mean_absolute_delta,0.08268260694108151,0.01976470588235294,0.19830932590427475,0.09313231996570455,845,845,1155
null,all_alfworld,all,raw,D_cos_adv::token::reward,top_quartile_lift,0.9430917657270781,0.25251470465593384,1.5965860086465877,0.8948688494493006,845,845,1155
null,all_alfworld,all,raw,D_cos_adv::token::unsigned,spearman,0.6133577134957379,-0.06779186120911079,0.634328602685351,0.27338464021878617,845,845,1155
null,all_alfworld,all,raw,D_cos_adv::token::unsigned,average_precision,0.9314199689199689,0.4299253554323214,0.9256216885176164,0.6966805556742786,845,845,1155
null,all_alfworld,all,raw,D_cos_adv::token::unsigned,auroc_large_change_vs_rest,0.8863636363636364,0.4230769230769231,0.8663636363636363,0.6401616529427181,845,845,1155
null,all_alfworld,all,raw,D_cos_adv::token::unsigned,top_quartile_mean_absolute_delta,0.15267857142857144,0.0766438301636444,0.2589230462519936,0.1569102771893107,845,845,1155
null,all_alfworld,all,raw,D_cos_adv::token::unsigned,top_quartile_lift,1.7414775470234567,0.9057188464140159,2.195354353761967,1.536569001137028,845,845,1155
null,all_alfworld,all,raw,D_cos_negative::token::reward,spearman,-0.06151151854541783,-0.3478037005753768,0.33934368821758076,-0.012002239557746475,845,845,1155
null,all_alfworld,all,raw,D_cos_negative::token::reward,average_precision,0.5472634176968542,0.35999888484408604,0.8500760169114877,0.6105360216691267,845,845,1155
null,all_alfworld,all,raw,D_cos_negative::token::reward,auroc_large_change_vs_rest,0.3409090909090909,0.24367521367521366,0.7374999999999997,0.48058985393304915,845,845,1155
null,all_alfworld,all,raw,D_cos_negative::token::reward,top_quartile_mean_absolute_delta,0.1241304347826087,0.06224862700228833,0.22886295468238935,0.14126882761697596,845,845,1155
null,all_alfworld,all,raw,D_cos_negative::token::reward,top_quartile_lift,1.4158526835398435,0.7442325985558598,1.9961232126738913,1.3871487981257835,845,845,1155
null,all_alfworld,all,raw,D_cos_negative::token::unsigned,spearman,0.18101961171937248,-0.3427548328527389,0.4221014071180692,0.053012061459370034,845,845,1155
null,all_alfworld,all,raw,D_cos_negative::token::unsigned,average_precision,0.7189002849888017,0.3874824919232814,0.8206386042076831,0.6383307088729162,845,845,1155
null,all_alfworld,all,raw,D_cos_negative::token::unsigned,auroc_large_change_vs_rest,0.5,0.28948717948717945,0.7154292929292928,0.501973478526733,845,845,1155
null,all_alfworld,all,raw,D_cos_negative::token::unsigned,top_quartile_mean_absolute_delta,0.15557432432432433,0.067375,0.271875,0.1573705624555912,845,845,1155
null,all_alfworld,all,raw,D_cos_negative::token::unsigned,top_quartile_lift,1.7745069931500277,0.8590863313606941,2.2397709342897496,1.5261064839290948,845,845,1155
null,all_alfworld,all,raw,D_soft::token::reward,spearman,-0.17223225192716993,-0.4111064856241488,0.1731800434744788,-0.12982973217818625,845,845,1155
null,all_alfworld,all,raw,D_soft::token::reward,average_precision,0.5046652767909453,0.3338198577799418,0.7881690127637929,0.5384771486446732,845,845,1155
null,all_alfworld,all,raw,D_soft::token::reward,auroc_large_change_vs_rest,0.36363636363636365,0.24444444444444444,0.6428571428571429,0.44357447779045406,845,845,1155
null,all_alfworld,all,raw,D_soft::token::reward,top_quartile_mean_absolute_delta,0.04883928571428571,0.026514610389610387,0.13226729269293924,0.06907172253471504,845,845,1155
null,all_alfworld,all,raw,D_soft::token::reward,top_quartile_lift,0.5570691334630589,0.277226234770499,1.1810127263992138,0.6835884516179276,845,845,1155
null,all_alfworld,all,raw,D_soft::token::unsigned,spearman,0.11950809317395465,-0.35114564977077967,0.2881417353311221,-0.020979673302178065,845,845,1155
null,all_alfworld,all,raw,D_soft::token::unsigned,average_precision,0.663621346755318,0.3501792478354978,0.8692635082886278,0.5964970376608655,845,845,1155
null,all_alfworld,all,raw,D_soft::token::unsigned,auroc_large_change_vs_rest,0.5909090909090909,0.2777777777777778,0.7307692307692307,0.4984916628407753,845,845,1155
null,all_alfworld,all,raw,D_soft::token::unsigned,top_quartile_mean_absolute_delta,0.08400974025974026,0.03191765424118365,0.17936738054488754,0.09063684004328734,845,845,1155
null,all_alfworld,all,raw,D_soft::token::unsigned,top_quartile_lift,0.9582292722856339,0.35380114315670674,1.513757309772492,0.8869259973724835,845,845,1155
null,all_alfworld,all,raw,D_soft_negative::token::reward,spearman,-0.05448163071165579,-0.3472015069212158,0.33308468945089864,-0.016652537398970366,845,845,1155
null,all_alfworld,all,raw,D_soft_negative::token::reward,average_precision,0.49651668967739887,0.35237961685717106,0.7666604608964185,0.5541181430344022,845,845,1155
null,all_alfworld,all,raw,D_soft_negative::token::reward,auroc_large_change_vs_rest,0.3181818181818182,0.245,0.6993181818181816,0.4686333406895537,845,845,1155
null,all_alfworld,all,raw,D_soft_negative::token::reward,top_quartile_mean_absolute_delta,0.113125,0.054546568627450984,0.20985054347826085,0.1285063459118982,845,845,1155
null,all_alfworld,all,raw,D_soft_negative::token::reward,top_quartile_lift,1.2903228374729354,0.6299482046246422,1.863959646042054,1.2599834176362739,845,845,1155
null,all_alfworld,all,raw,D_soft_negative::token::unsigned,spearman,-0.29349781705956507,-0.5277299626178825,0.18109136580809582,-0.17466101464302003,845,845,1155
null,all_alfworld,all,raw,D_soft_negative::token::unsigned,average_precision,0.5464835602993499,0.3280055105713,0.7398791061633829,0.556588642173498,845,845,1155
null,all_alfworld,all,raw,D_soft_negative::token::unsigned,auroc_large_change_vs_rest,0.3068181818181818,0.17045454545454544,0.6219047619047618,0.3880851659845742,845,845,1155
null,all_alfworld,all,raw,D_soft_negative::token::unsigned,top_quartile_mean_absolute_delta,0.10479166666666666,0.045615131578947365,0.20112774725274724,0.11758408247146539,845,845,1155
null,all_alfworld,all,raw,D_soft_negative::token::unsigned,top_quartile_lift,1.195271431397581,0.5111773931706728,1.7681077339362492,1.149755973010192,845,845,1155
null,all_alfworld,all,raw,D_soft_cos::token::reward,spearman,-0.09841842967266853,-0.4093573135466466,0.13720699437617517,-0.1338558535096829,845,845,1155
null,all_alfworld,all,raw,D_soft_cos::token::reward,average_precision,0.5046652767909453,0.3305854538785211,0.7821282755915109,0.5352791854930788,845,845,1155
null,all_alfworld,all,raw,D_soft_cos::token::reward,auroc_large_change_vs_rest,0.36363636363636365,0.24444444444444444,0.6422077922077921,0.43936187908081403,845,845,1155
null,all_alfworld,all,raw,D_soft_cos::token::reward,top_quartile_mean_absolute_delta,0.05241071428571429,0.020604921394395077,0.14690979743940266,0.07079660315629743,845,845,1155
null,all_alfworld,all,raw,D_soft_cos::token::reward,top_quartile_lift,0.5978054503524965,0.22137521559441078,1.264556575416291,0.6911642220760674,845,845,1155
null,all_alfworld,all,raw,D_soft_cos::token::unsigned,spearman,0.19683685934533707,-0.3284990379364678,0.3053837358430942,0.0018569068443365943,845,845,1155
null,all_alfworld,all,raw,D_soft_cos::token::unsigned,average_precision,0.7299152867334684,0.3565740347712512,0.8521435905364478,0.6179340153202856,845,845,1155
null,all_alfworld,all,raw,D_soft_cos::token::unsigned,auroc_large_change_vs_rest,0.625,0.2782051282051282,0.7386363636363636,0.5113887197615008,845,845,1155
null,all_alfworld,all,raw,D_soft_cos::token::unsigned,top_quartile_mean_absolute_delta,0.07284902597402598,0.025434393871893876,0.15052381362309253,0.07685549533170856,845,845,1155
null,all_alfworld,all,raw,D_soft_cos::token::unsigned,top_quartile_lift,0.8309282820061417,0.27646530031548017,1.3260421181695838,0.753189779727439,845,845,1155
null,all_alfworld,all,raw,D_sigmoid::token::reward,spearman,-0.10193337358954956,-0.4274935601507972,0.3075405358614888,-0.0766596728365964,845,845,1155
null,all_alfworld,all,raw,D_sigmoid::token::reward,average_precision,0.5239293460550146,0.338950470339651,0.8467644395559312,0.5820349270379476,845,845,1155
null,all_alfworld,all,raw,D_sigmoid::token::reward,auroc_large_change_vs_rest,0.375,0.24367521367521366,0.688181818181818,0.47042124542124547,845,845,1155
null,all_alfworld,all,raw,D_sigmoid::token::reward,top_quartile_mean_absolute_delta,0.05241071428571429,0.020604921394395077,0.14690979743940266,0.07079660315629743,845,845,1155
null,all_alfworld,all,raw,D_sigmoid::token::reward,top_quartile_lift,0.5978054503524965,0.22137521559441078,1.264556575416291,0.6911642220760674,845,845,1155
null,all_alfworld,all,raw,D_sigmoid::token::unsigned,spearman,0.39718866260755514,-0.22088443932232127,0.4270094066296047,0.1009202893402199,845,845,1155
null,all_alfworld,all,raw,D_sigmoid::token::unsigned,average_precision,0.8065369271251623,0.37999056032669476,0.8937370148525611,0.6440810111777819,845,845,1155
null,all_alfworld,all,raw,D_sigmoid::token::unsigned,auroc_large_change_vs_rest,0.75,0.3333333333333333,0.7942735042735041,0.5575681550533621,845,845,1155
null,all_alfworld,all,raw,D_sigmoid::token::unsigned,top_quartile_mean_absolute_delta,0.08083513708513708,0.030505103109754274,0.16436468044695948,0.08847639479716006,845,845,1155
null,all_alfworld,all,raw,D_sigmoid::token::unsigned,top_quartile_lift,0.9220192128283561,0.35152991392972893,1.4592273583429531,0.867816977649175,845,845,1155
null,all_alfworld,all,raw,D_tauC_q25::token::reward,spearman,-0.09490348575578751,-0.4263951020509408,0.28619513868532614,-0.08110816345559971,845,845,1155
null,all_alfworld,all,raw,D_tauC_q25::token::reward,average_precision,0.5369108090364775,0.3370377988025047,0.8324045643898584,0.5768814812321386,845,845,1155
null,all_alfworld,all,raw,D_tauC_q25::token::reward,auroc_large_change_vs_rest,0.4090909090909091,0.25,0.6885714285714285,0.46957530142441384,845,845,1155
null,all_alfworld,all,raw,D_tauC_q25::token::reward,top_quartile_mean_absolute_delta,0.05241071428571429,0.020604921394395077,0.14690979743940266,0.07079660315629743,845,845,1155
null,all_alfworld,all,raw,D_tauC_q25::token::reward,top_quartile_lift,0.5978054503524965,0.22137521559441078,1.264556575416291,0.6911642220760674,845,845,1155
null,all_alfworld,all,raw,D_tauC_q25::token::unsigned,spearman,0.24604607418167132,-0.2898343350721612,0.4055891468075176,0.06463711695311133,845,845,1155
null,all_alfworld,all,raw,D_tauC_q25::token::unsigned,average_precision,0.7313311688311689,0.37142895794681513,0.8757814547730516,0.6186668772159963,845,845,1155
null,all_alfworld,all,raw,D_tauC_q25::token::unsigned,auroc_large_change_vs_rest,0.6704545454545454,0.2949300699300699,0.7737012987012987,0.5340166605255362,845,845,1155
null,all_alfworld,all,raw,D_tauC_q25::token::unsigned,top_quartile_mean_absolute_delta,0.08400974025974026,0.03191765424118365,0.17936738054488754,0.09063684004328734,845,845,1155
null,all_alfworld,all,raw,D_tauC_q25::token::unsigned,top_quartile_lift,0.9582292722856339,0.35380114315670674,1.513757309772492,0.8869259973724835,845,845,1155
null,all_alfworld,all,raw,D_tauC_q50::token::reward,spearman,-0.26713573768295745,-0.3980849722814231,0.26249756842406036,-0.09027321240010829,845,845,1155
null,all_alfworld,all,raw,D_tauC_q50::token::reward,average_precision,0.49615156827723667,0.33835883785332316,0.7819126277460957,0.5421415468735946,845,845,1155
null,all_alfworld,all,raw,D_tauC_q50::token::reward,auroc_large_change_vs_rest,0.3409090909090909,0.2619047619047619,0.6477272727272727,0.453032005798278,845,845,1155
null,all_alfworld,all,raw,D_tauC_q50::token::reward,top_quartile_mean_absolute_delta,0.04883928571428571,0.026514610389610387,0.13226729269293924,0.06907172253471504,845,845,1155
null,all_alfworld,all,raw,D_tauC_q50::token::reward,top_quartile_lift,0.5570691334630589,0.277226234770499,1.1810127263992138,0.6835884516179276,845,845,1155
null,all_alfworld,all,raw,D_tauC_q50::token::unsigned,spearman,0.06151151854541783,-0.3012606272091107,0.3052487330392302,0.01383165872449449,845,845,1155
null,all_alfworld,all,raw,D_tauC_q50::token::unsigned,average_precision,0.6334988540870894,0.36527154422375013,0.8538591994983394,0.5957476244040224,845,845,1155
null,all_alfworld,all,raw,D_tauC_q50::token::unsigned,auroc_large_change_vs_rest,0.5454545454545454,0.28954545454545455,0.7217948717948717,0.511621020334038,845,845,1155
null,all_alfworld,all,raw,D_tauC_q50::token::unsigned,top_quartile_mean_absolute_delta,0.07012085137085136,0.0352756968641115,0.13818132295236213,0.08091235036033458,845,845,1155
null,all_alfworld,all,raw,D_tauC_q50::token::unsigned,top_quartile_lift,0.7998102621600433,0.37176064054623653,1.315311006763154,0.8013251741205752,845,845,1155
null,all_alfworld,all,raw,D_tauC_q75::token::reward,spearman,-0.09846162407004001,-0.3676779000067031,0.271524993319384,-0.05559364588844567,845,845,1155
null,all_alfworld,all,raw,D_tauC_q75::token::reward,average_precision,0.5189005439005439,0.33294064420640046,0.7804121964367601,0.5466246656233953,845,845,1155
null,all_alfworld,all,raw,D_tauC_q75::token::reward,auroc_large_change_vs_rest,0.39204545454545453,0.26666666666666666,0.6777777777777778,0.46259777779748196,845,845,1155
null,all_alfworld,all,raw,D_tauC_q75::token::reward,top_quartile_mean_absolute_delta,0.05171807359307359,0.0235315031977266,0.11276979301786258,0.06103686124399176,845,845,1155
null,all_alfworld,all,raw,D_tauC_q75::token::reward,top_quartile_lift,0.5899050737436358,0.2434781738584194,1.030424192124925,0.6058131197174897,845,845,1155
null,all_alfworld,all,raw,D_tauC_q75::token::unsigned,spearman,-0.06329675833074001,-0.3234982737262922,0.2957859702364599,-0.019568012299519724,845,845,1155
null,all_alfworld,all,raw,D_tauC_q75::token::unsigned,average_precision,0.5487722170877251,0.34377273053743646,0.844954164649543,0.5765849143343195,845,845,1155
null,all_alfworld,all,raw,D_tauC_q75::token::unsigned,auroc_large_change_vs_rest,0.4375,0.2789015151515151,0.7023809523809523,0.48635985234358015,845,845,1155
null,all_alfworld,all,raw,D_tauC_q75::token::unsigned,top_quartile_mean_absolute_delta,0.06416847041847042,0.03193884463060159,0.12726478209903525,0.07482246306524386,845,845,1155
null,all_alfworld,all,raw,D_tauC_q75::token::unsigned,top_quartile_lift,0.7319164006776474,0.357429722329701,1.2158210575527761,0.7449218926942743,845,845,1155
null,all_alfworld,all,raw,D_delta_q25::token::reward,spearman,0.03163449525192917,-0.27313112126316885,0.37197550172551935,0.05259444196917044,845,845,1155
null,all_alfworld,all,raw,D_delta_q25::token::reward,average_precision,0.5858188454445138,0.36780306295012183,0.8606114439842476,0.6237652178589493,845,845,1155
null,all_alfworld,all,raw,D_delta_q25::token::reward,auroc_large_change_vs_rest,0.42045454545454547,0.3184149184149184,0.757069597069597,0.5313075189110692,845,845,1155
null,all_alfworld,all,raw,D_delta_q25::token::reward,top_quartile_mean_absolute_delta,0.0522554347826087,0.021257565789473683,0.1357267857142857,0.06977774014979644,845,845,1155
null,all_alfworld,all,raw,D_delta_q25::token::reward,top_quartile_lift,0.5960343061399124,0.2313661123989793,1.2155506940054417,0.6845933849205329,845,845,1155
null,all_alfworld,all,raw,D_delta_q25::token::unsigned,spearman,0.45167029331921094,-0.2658357687054436,0.4597693817987135,0.09738810522594528,845,845,1155
null,all_alfworld,all,raw,D_delta_q25::token::unsigned,average_precision,0.8096794916313633,0.38469135949834476,0.892433230469221,0.6459226333744856,845,845,1155
null,all_alfworld,all,raw,D_delta_q25::token::unsigned,auroc_large_change_vs_rest,0.75,0.32222222222222224,0.785551948051948,0.5479931311292259,845,845,1155
null,all_alfworld,all,raw,D_delta_q25::token::unsigned,top_quartile_mean_absolute_delta,0.14343434343434341,0.07495673731030875,0.2505525446856903,0.14540443673379605,845,845,1155
null,all_alfworld,all,raw,D_delta_q25::token::unsigned,top_quartile_lift,1.6360363227515535,0.8339178920431708,2.1322744826634765,1.4251265183013877,845,845,1155
null,all_alfworld,all,raw,D_delta_q50::token::reward,spearman,0.03339196721036968,-0.2317428936864548,0.44917260178846213,0.10939089587373993,845,845,1155
null,all_alfworld,all,raw,D_delta_q50::token::reward,average_precision,0.6103290574547259,0.3798243047218887,0.8994862163979809,0.6475173529612627,845,845,1155
null,all_alfworld,all,raw,D_delta_q50::token::reward,auroc_large_change_vs_rest,0.45454545454545453,0.3409090909090909,0.7857142857142857,0.5605467395852012,845,845,1155
null,all_alfworld,all,raw,D_delta_q50::token::reward,top_quartile_mean_absolute_delta,0.1241304347826087,0.06224862700228833,0.22886295468238935,0.14126882761697596,845,845,1155
null,all_alfworld,all,raw,D_delta_q50::token::reward,top_quartile_lift,1.4158526835398435,0.7442325985558598,1.9961232126738913,1.3871487981257835,845,845,1155
null,all_alfworld,all,raw,D_delta_q50::token::unsigned,spearman,0.40421855044131716,-0.33430717405331817,0.3841326462654389,0.016966839364824023,845,845,1155
null,all_alfworld,all,raw,D_delta_q50::token::unsigned,average_precision,0.7911008480527197,0.3716160644419711,0.8732388161803795,0.6261921316391501,845,845,1155
null,all_alfworld,all,raw,D_delta_q50::token::unsigned,auroc_large_change_vs_rest,0.7159090909090909,0.2777777777777778,0.7444444444444445,0.5111050832796395,845,845,1155
null,all_alfworld,all,raw,D_delta_q50::token::unsigned,top_quartile_mean_absolute_delta,0.09065656565656566,0.030468083999334004,0.20092571516699415,0.09868259217890538,845,845,1155
null,all_alfworld,all,raw,D_delta_q50::token::unsigned,top_quartile_lift,1.0340440842743095,0.3537409206174583,1.6840762786143995,0.9508845460691663,845,845,1155
null,all_alfworld,all,raw,D_delta_q75::token::reward,spearman,0.03163449525192917,-0.1950430032257171,0.46407902263863154,0.1465380970885983,845,845,1155
null,all_alfworld,all,raw,D_delta_q75::token::reward,average_precision,0.6290994359176177,0.3748706178820988,0.8880333088096842,0.6441716558743961,845,845,1155
null,all_alfworld,all,raw,D_delta_q75::token::reward,auroc_large_change_vs_rest,0.5340909090909091,0.34594155844155844,0.8,0.570377147507325,845,845,1155
null,all_alfworld,all,raw,D_delta_q75::token::reward,top_quartile_mean_absolute_delta,0.10548022598870058,0.059564345214055923,0.22135551948051949,0.1338490325885397,845,845,1155
null,all_alfworld,all,raw,D_delta_q75::token::reward,top_quartile_lift,1.203125255204655,0.6899301429063315,1.942439884261296,1.3127065429207236,845,845,1155
null,all_alfworld,all,raw,D_delta_q75::token::unsigned,spearman,0.15992994821808637,-0.5176927791252256,0.19321712374555391,-0.15625968368953327,845,845,1155
null,all_alfworld,all,raw,D_delta_q75::token::unsigned,average_precision,0.689974033690611,0.3385932215789027,0.8512360107213046,0.5918227036091805,845,845,1155
null,all_alfworld,all,raw,D_delta_q75::token::unsigned,auroc_large_change_vs_rest,0.5681818181818182,0.2111111111111111,0.6700757575757574,0.4505662976077177,845,845,1155
null,all_alfworld,all,raw,D_delta_q75::token::unsigned,top_quartile_mean_absolute_delta,0.07225378787878788,0.011252627938067404,0.17772382567368028,0.07880710306256258,845,845,1155
null,all_alfworld,all,raw,D_delta_q75::token::unsigned,top_quartile_lift,0.8241388958579019,0.13012127067935342,1.4560062689260682,0.7553724916660808,845,845,1155
null,all_alfworld,all,raw,D_winsor::token::reward,spearman,-0.010544831750643057,-0.3065427645915375,0.34387346747044595,0.013945654459513679,845,845,1155
null,all_alfworld,all,raw,D_winsor::token::reward,average_precision,0.5263824485081169,0.35826760715941386,0.8527721111754727,0.6029463802556209,845,845,1155
null,all_alfworld,all,raw,D_winsor::token::reward,auroc_large_change_vs_rest,0.375,0.28954545454545455,0.7327272727272726,0.5101964192940524,845,845,1155
null,all_alfworld,all,raw,D_winsor::token::reward,top_quartile_mean_absolute_delta,0.0522554347826087,0.021257565789473683,0.1357267857142857,0.06977774014979644,845,845,1155
null,all_alfworld,all,raw,D_winsor::token::reward,top_quartile_lift,0.5960343061399124,0.2313661123989793,1.2155506940054417,0.6845933849205329,845,845,1155
null,all_alfworld,all,raw,D_winsor::token::unsigned,spearman,0.5834806902022491,-0.12899532099025054,0.6003514166314781,0.22421140052801372,845,845,1155
null,all_alfworld,all,raw,D_winsor::token::unsigned,average_precision,0.9163798619680972,0.4223219409221178,0.9159578907768954,0.6868941355333681,845,845,1155
null,all_alfworld,all,raw,D_winsor::token::unsigned,auroc_large_change_vs_rest,0.8636363636363636,0.38974358974358975,0.8444444444444444,0.6140487799511469,845,845,1155
null,all_alfworld,all,raw,D_winsor::token::unsigned,top_quartile_mean_absolute_delta,0.15267857142857144,0.0766438301636444,0.2589230462519936,0.1569102771893107,845,845,1155
null,all_alfworld,all,raw,D_winsor::token::unsigned,top_quartile_lift,1.7414775470234567,0.9057188464140159,2.195354353761967,1.536569001137028,845,845,1155
null,all_alfworld,all,raw,D_tanh::token::reward,spearman,-0.056239102670096304,-0.38327696711668613,0.2840581698553893,-0.049407538614981074,845,845,1155
null,all_alfworld,all,raw,D_tanh::token::reward,average_precision,0.513439161145325,0.3504870649646192,0.8356794364263829,0.5901191407608509,845,845,1155
null,all_alfworld,all,raw,D_tanh::token::reward,auroc_large_change_vs_rest,0.3409090909090909,0.26136363636363635,0.7050699300699301,0.48048746782474594,845,845,1155
null,all_alfworld,all,raw,D_tanh::token::reward,top_quartile_mean_absolute_delta,0.0522554347826087,0.021257565789473683,0.1357267857142857,0.06977774014979644,845,845,1155
null,all_alfworld,all,raw,D_tanh::token::reward,top_quartile_lift,0.5960343061399124,0.2313661123989793,1.2155506940054417,0.6845933849205329,845,845,1155
null,all_alfworld,all,raw,D_tanh::token::unsigned,spearman,0.5114243399061883,-0.20972177631033448,0.5209454955316167,0.15236881359594232,845,845,1155
null,all_alfworld,all,raw,D_tanh::token::unsigned,average_precision,0.8959548324521586,0.4012091983309089,0.9047099483036609,0.669205006692033,845,845,1155
null,all_alfworld,all,raw,D_tanh::token::unsigned,auroc_large_change_vs_rest,0.8409090909090909,0.3453296703296703,0.8333333333333334,0.5914832159950503,845,845,1155
null,all_alfworld,all,raw,D_tanh::token::unsigned,top_quartile_mean_absolute_delta,0.10753968253968253,0.0428510029519938,0.21870516475109744,0.11451358023634789,845,845,1155
null,all_alfworld,all,raw,D_tanh::token::unsigned,top_quartile_lift,1.226615764115287,0.4898616542780434,1.837325552807023,1.1059176236831634,845,845,1155
null,all_alfworld,all,raw,D_action_sign::token::reward,spearman,0.007029887833762038,-0.4774259450739093,0.2508161760639933,-0.0838522004028714,845,845,1155
null,all_alfworld,all,raw,D_action_sign::token::reward,average_precision,0.6195781350650474,0.3554296489329384,0.872256912180895,0.608026794836283,845,845,1155
null,all_alfworld,all,raw,D_action_sign::token::reward,auroc_large_change_vs_rest,0.48863636363636365,0.2732323232323232,0.7271645021645021,0.5050367597556946,845,845,1155
null,all_alfworld,all,raw,D_action_sign::token::reward,top_quartile_mean_absolute_delta,0.0475,0.012864733950260264,0.13796875,0.06509457341852544,845,845,1155
null,all_alfworld,all,raw,D_action_sign::token::reward,top_quartile_lift,0.5417930146295198,0.13573977277156887,1.220549618921581,0.6312286459841127,845,845,1155
null,all_alfworld,all,raw,D_action_sign::token::unsigned,spearman,0.45518523723609194,-0.013101652676940759,0.6458576707692395,0.31882356794403083,845,845,1155
null,all_alfworld,all,raw,D_action_sign::token::unsigned,average_precision,0.83255772005772,0.4708192612496341,0.9079942002442002,0.7321021245213711,845,845,1155
null,all_alfworld,all,raw,D_action_sign::token::unsigned,auroc_large_change_vs_rest,0.75,0.431969696969697,0.8444444444444444,0.648527685332419,845,845,1155
null,all_alfworld,all,raw,D_action_sign::token::unsigned,top_quartile_mean_absolute_delta,0.1319632132132132,0.07541053673493689,0.22641471028971025,0.14227311762369774,845,845,1155
null,all_alfworld,all,raw,D_action_sign::token::unsigned,top_quartile_lift,1.5051946759365233,0.8000498897784015,2.047834671190041,1.414489471113248,845,845,1155
null,all_alfworld,all,raw,D_action_adv::token::reward,spearman,0.0738138222545014,-0.4653979097850061,0.20983273374864514,-0.11780642055935575,845,845,1155
null,all_alfworld,all,raw,D_action_adv::token::reward,average_precision,0.6093922425262138,0.34160142854221803,0.8572725398383293,0.5983872073106904,845,845,1155
null,all_alfworld,all,raw,D_action_adv::token::reward,auroc_large_change_vs_rest,0.5340909090909091,0.2671428571428571,0.7,0.47678781113692353,845,845,1155
null,all_alfworld,all,raw,D_action_adv::token::reward,top_quartile_mean_absolute_delta,0.07886904761904762,0.022875047746371276,0.20622159090909087,0.09749967873694904,845,845,1155
null,all_alfworld,all,raw,D_action_adv::token::reward,top_quartile_lift,0.8995936646417465,0.2794866467928543,1.6520464337252874,0.9381662844731289,845,845,1155
null,all_alfworld,all,raw,D_action_adv::token::unsigned,spearman,0.45518523723609194,-0.013101652676940759,0.6458576707692395,0.31882356794403083,845,845,1155
null,all_alfworld,all,raw,D_action_adv::token::unsigned,average_precision,0.83255772005772,0.4708192612496341,0.9079942002442002,0.7321021245213711,845,845,1155
null,all_alfworld,all,raw,D_action_adv::token::unsigned,auroc_large_change_vs_rest,0.75,0.431969696969697,0.8444444444444444,0.648527685332419,845,845,1155
null,all_alfworld,all,raw,D_action_adv::token::unsigned,top_quartile_mean_absolute_delta,0.1319632132132132,0.07541053673493689,0.22641471028971025,0.14227311762369774,845,845,1155
null,all_alfworld,all,raw,D_action_adv::token::unsigned,top_quartile_lift,1.5051946759365233,0.8000498897784015,2.047834671190041,1.414489471113248,845,845,1155
null,all_alfworld,all,raw,D_action_adv_clip::token::reward,spearman,0.0,-0.46450671576159935,0.21718987354323274,-0.10335548090336248,845,845,1155
null,all_alfworld,all,raw,D_action_adv_clip::token::reward,average_precision,0.5868006852421431,0.3394257325062279,0.8766787421913643,0.601467638264052,845,845,1155
null,all_alfworld,all,raw,D_action_adv_clip::token::reward,auroc_large_change_vs_rest,0.4772727272727273,0.2777777777777778,0.7051282051282052,0.4889592836486328,845,845,1155
null,all_alfworld,all,raw,D_action_adv_clip::token::reward,top_quartile_mean_absolute_delta,0.07886904761904762,0.022875047746371276,0.20622159090909087,0.09749967873694904,845,845,1155
null,all_alfworld,all,raw,D_action_adv_clip::token::reward,top_quartile_lift,0.8995936646417465,0.2794866467928543,1.6520464337252874,0.9381662844731289,845,845,1155
null,all_alfworld,all,raw,D_action_adv_clip::token::unsigned,spearman,0.45518523723609194,-0.013101652676940759,0.6458576707692395,0.31882356794403083,845,845,1155
null,all_alfworld,all,raw,D_action_adv_clip::token::unsigned,average_precision,0.83255772005772,0.4708192612496341,0.9079942002442002,0.7321021245213711,845,845,1155
null,all_alfworld,all,raw,D_action_adv_clip::token::unsigned,auroc_large_change_vs_rest,0.75,0.431969696969697,0.8444444444444444,0.648527685332419,845,845,1155
null,all_alfworld,all,raw,D_action_adv_clip::token::unsigned,top_quartile_mean_absolute_delta,0.1319632132132132,0.07541053673493689,0.22641471028971025,0.14227311762369774,845,845,1155
null,all_alfworld,all,raw,D_action_adv_clip::token::unsigned,top_quartile_lift,1.5051946759365233,0.8000498897784015,2.047834671190041,1.414489471113248,845,845,1155
null,all_alfworld,all,raw,D_ratio_adv::token::reward,spearman,0.13181039688303822,-0.26546190643463186,0.3285564908582727,0.03081591487394033,845,845,1155
null,all_alfworld,all,raw,D_ratio_adv::token::reward,average_precision,0.5662770244109957,0.3747800882312944,0.8296121357836944,0.598764972950281,845,845,1155
null,all_alfworld,all,raw,D_ratio_adv::token::reward,auroc_large_change_vs_rest,0.5,0.3229545454545455,0.7557692307692306,0.5356850775785686,845,845,1155
null,all_alfworld,all,raw,D_ratio_adv::token::reward,top_quartile_mean_absolute_delta,0.10201388888888889,0.05562596153846154,0.19148548510313212,0.11535800246506081,845,845,1155
null,all_alfworld,all,raw,D_ratio_adv::token::reward,top_quartile_lift,1.163587629372463,0.5919371869228098,1.7474860693294343,1.1462971745849808,845,845,1155
null,all_alfworld,all,raw,D_ratio_adv::token::unsigned,spearman,0.6537795685398695,0.04361948047706494,0.6899612249874023,0.3692083105206885,845,845,1155
null,all_alfworld,all,raw,D_ratio_adv::token::unsigned,average_precision,0.9321969696969696,0.4745677790346908,0.9404798877592995,0.7342030230448195,845,845,1155
null,all_alfworld,all,raw,D_ratio_adv::token::unsigned,auroc_large_change_vs_rest,0.875,0.46153846153846156,0.8886363636363636,0.675386231125876,845,845,1155
null,all_alfworld,all,raw,D_ratio_adv::token::unsigned,top_quartile_mean_absolute_delta,0.15267857142857144,0.0766438301636444,0.2589230462519936,0.1569102771893107,845,845,1155
null,all_alfworld,all,raw,D_ratio_adv::token::unsigned,top_quartile_lift,1.7414775470234567,0.9057188464140159,2.195354353761967,1.536569001137028,845,845,1155
null,all_alfworld,all,raw,D_policy_action_adv::token::reward,spearman,-0.2970127609764461,-0.5146881050980668,0.07022828878324121,-0.2230264052625661,845,845,1155
null,all_alfworld,all,raw,D_policy_action_adv::token::reward,average_precision,0.508934618560287,0.3417471866368925,0.8111446909766238,0.5682207502395346,845,845,1155
null,all_alfworld,all,raw,D_policy_action_adv::token::reward,auroc_large_change_vs_rest,0.38636363636363635,0.23102564102564105,0.6547619047619048,0.4468583898021768,845,845,1155
null,all_alfworld,all,raw,D_policy_action_adv::token::reward,top_quartile_mean_absolute_delta,0.0225,0.01369607843137255,0.10741211652124963,0.05244993570230818,845,845,1155
null,all_alfworld,all,raw,D_policy_action_adv::token::reward,top_quartile_lift,0.25663879640345677,0.14999170727636404,0.9881439335350052,0.5176773730739791,845,845,1155
null,all_alfworld,all,raw,D_policy_action_adv::token::unsigned,spearman,0.10720578946487108,-0.014743309887933665,0.6492578229290996,0.3193074949506486,845,845,1155
null,all_alfworld,all,raw,D_policy_action_adv::token::unsigned,average_precision,0.6825621274150685,0.5665814454078774,0.9190285456122559,0.7518671561060459,845,845,1155
null,all_alfworld,all,raw,D_policy_action_adv::token::unsigned,auroc_large_change_vs_rest,0.5568181818181818,0.4431818181818182,0.8587912087912087,0.6495283677532198,845,845,1155
null,all_alfworld,all,raw,D_policy_action_adv::token::unsigned,top_quartile_mean_absolute_delta,0.15930555555555553,0.10798749167499166,0.2573347187755149,0.1824590418669144,845,845,1155
null,all_alfworld,all,raw,D_policy_action_adv::token::unsigned,top_quartile_lift,1.817066046140524,1.1730501245308462,2.475121668435371,1.8161861713614476,845,845,1155
null,all_alfworld,all,raw,D_reward_only::token::reward,spearman,0.10017590163110904,-0.17995806720002305,0.4993198824223224,0.1415692463806062,845,845,1155
null,all_alfworld,all,raw,D_reward_only::token::reward,average_precision,0.5883502720190027,0.4094320594297098,0.8480037968853757,0.6274747234201148,845,845,1155
null,all_alfworld,all,raw,D_reward_only::token::reward,auroc_large_change_vs_rest,0.48863636363636365,0.30952380952380953,0.7555555555555555,0.5267073951689336,845,845,1155
null,all_alfworld,all,raw,D_reward_only::token::reward,top_quartile_mean_absolute_delta,0.09825800376647835,0.05188552621213912,0.18580165769513088,0.11439900926960513,845,845,1155
null,all_alfworld,all,raw,D_reward_only::token::reward,top_quartile_lift,1.1207473699393478,0.5903987850039987,1.7254671496802425,1.1333719655786139,845,845,1155
null,all_alfworld,all,raw,D_reward_only::token::unsigned,spearman,,,,,0,845,1155
null,all_alfworld,all,raw,D_reward_only::token::unsigned,average_precision,0.5789473684210527,0.3684210526315789,0.7368421052631579,0.5446901276860792,845,845,1155
null,all_alfworld,all,raw,D_reward_only::token::unsigned,auroc_large_change_vs_rest,0.5,0.5,0.5,0.5,845,845,1155
null,all_alfworld,all,raw,D_reward_only::token::unsigned,top_quartile_mean_absolute_delta,0.08767185754965978,0.0694555107772054,0.13922362808535022,0.10142990504319471,845,845,1155
null,all_alfworld,all,raw,D_reward_only::token::unsigned,top_quartile_lift,1.0,0.9999999999999997,1.0000000000000002,1.0,845,845,1155
null,all_alfworld,all,raw,D_adv_negative_fraction::token::reward,spearman,-0.15316901408450703,-0.34680049527347473,0.382242090586191,0.014794620921060183,845,845,1155
null,all_alfworld,all,raw,D_adv_negative_fraction::token::reward,average_precision,0.4966529483275895,0.37069568589305424,0.7948947754939296,0.5763095364014387,845,845,1155
null,all_alfworld,all,raw,D_adv_negative_fraction::token::reward,auroc_large_change_vs_rest,0.2840909090909091,0.24293040293040294,0.6931818181818182,0.47113765425895604,845,845,1155
null,all_alfworld,all,raw,D_adv_negative_fraction::token::reward,top_quartile_mean_absolute_delta,0.10440232743797592,0.050342662354931525,0.18133269241004896,0.1124324493694116,845,845,1155
null,all_alfworld,all,raw,D_adv_negative_fraction::token::reward,top_quartile_lift,1.190830562462299,0.5316737309341086,1.7189450576917593,1.1149055851898768,845,845,1155
null,all_alfworld,all,raw,D_adv_negative_fraction::token::unsigned,spearman,,,,,0,845,1155
null,all_alfworld,all,raw,D_adv_negative_fraction::token::unsigned,average_precision,0.5789473684210527,0.3684210526315789,0.7368421052631579,0.5446901276860792,845,845,1155
null,all_alfworld,all,raw,D_adv_negative_fraction::token::unsigned,auroc_large_change_vs_rest,0.5,0.5,0.5,0.5,845,845,1155
null,all_alfworld,all,raw,D_adv_negative_fraction::token::unsigned,top_quartile_mean_absolute_delta,0.08767185754965978,0.0694555107772054,0.13922362808535022,0.10142990504319471,845,845,1155
null,all_alfworld,all,raw,D_adv_negative_fraction::token::unsigned,top_quartile_lift,1.0,0.9999999999999997,1.0000000000000002,1.0,845,845,1155
null,all_alfworld,all,raw,C_raw::token::reward,spearman,-0.05272415875321528,-0.4629838909309906,0.13447934352036287,-0.1650591008083646,845,845,1155
null,all_alfworld,all,raw,C_raw::token::reward,average_precision,0.5982596874308104,0.35611168311024566,0.7042621748405864,0.5249231828511316,845,845,1155
null,all_alfworld,all,raw,C_raw::token::reward,auroc_large_change_vs_rest,0.5113636363636364,0.20572649572649573,0.6333333333333333,0.41832288684359686,845,845,1155
null,all_alfworld,all,raw,C_raw::token::reward,top_quartile_mean_absolute_delta,0.07951388888888888,0.04517883848454636,0.13872453310696092,0.08568423125369243,845,845,1155
null,all_alfworld,all,raw,C_raw::token::reward,top_quartile_lift,0.9069488329690061,0.44268991220777465,1.3467819905924086,0.8581469167002481,845,845,1155
null,all_alfworld,all,raw,C_raw::token::unsigned,spearman,-0.14938511646744332,-0.35703885118472917,0.2986868038005167,-0.02139800085204916,845,845,1155
null,all_alfworld,all,raw,C_raw::token::unsigned,average_precision,0.5677045036459615,0.364820802215023,0.7549169293907838,0.5552113207563897,845,845,1155
null,all_alfworld,all,raw,C_raw::token::unsigned,auroc_large_change_vs_rest,0.4431818181818182,0.2857142857142857,0.6993181818181816,0.48609895364333233,845,845,1155
null,all_alfworld,all,raw,C_raw::token::unsigned,top_quartile_mean_absolute_delta,0.0988526570048309,0.05693508329905389,0.1585513272560486,0.10303002823543847,845,845,1155
null,all_alfworld,all,raw,C_raw::token::unsigned,top_quartile_lift,1.1275300851112684,0.5574300906879205,1.606864901171461,1.031640670451991,845,845,1155
null,all_alfworld,all,raw,C_centered::token::reward,spearman,-0.16695983605184841,-0.2904047249032457,0.3379768477797699,0.011569496774683299,845,845,1155
null,all_alfworld,all,raw,C_centered::token::reward,average_precision,0.49647711991857774,0.37708647454196986,0.7556074881352814,0.5476531342744725,845,845,1155
null,all_alfworld,all,raw,C_centered::token::reward,auroc_large_change_vs_rest,0.3068181818181818,0.26692307692307693,0.6590909090909091,0.4567798720017655,845,845,1155
null,all_alfworld,all,raw,C_centered::token::reward,top_quartile_mean_absolute_delta,0.09027189265536724,0.043639770532889595,0.16757335880022636,0.10277810980415361,845,845,1155
null,all_alfworld,all,raw,C_centered::token::reward,top_quartile_lift,1.0296564391171332,0.4752758896208939,1.5636785143715337,1.0187447676568777,845,845,1155
null,all_alfworld,all,raw,C_centered::token::unsigned,spearman,-0.03163449525192917,-0.360184186846567,0.3797268250994286,0.010177234702716035,845,845,1155
null,all_alfworld,all,raw,C_centered::token::unsigned,average_precision,0.7481987568674875,0.37155907302192137,0.8354813842385286,0.6205135782067263,845,845,1155
null,all_alfworld,all,raw,C_centered::token::unsigned,auroc_large_change_vs_rest,0.5909090909090909,0.3111111111111111,0.7438095238095237,0.5289515054307953,845,845,1155
null,all_alfworld,all,raw,C_centered::token::unsigned,top_quartile_mean_absolute_delta,0.11210317460317461,0.05927677118278141,0.1843921765197307,0.1159779423522733,845,845,1155
null,all_alfworld,all,raw,C_centered::token::unsigned,top_quartile_lift,1.2786677245851241,0.6727900550687841,1.7399678505898095,1.1535308221042864,845,845,1155
null,all_alfworld,all,raw,C_adv_centered::token::reward,spearman,-0.015817247625964585,-0.27020461358013276,0.4107262666991006,0.050449008041966475,845,845,1155
null,all_alfworld,all,raw,C_adv_centered::token::reward,average_precision,0.5465312324726903,0.3956636857294752,0.8158840645000932,0.6016921522738287,845,845,1155
null,all_alfworld,all,raw,C_adv_centered::token::reward,auroc_large_change_vs_rest,0.4090909090909091,0.2623809523809524,0.6921245421245421,0.4713183085816222,845,845,1155
null,all_alfworld,all,raw,C_adv_centered::token::reward,top_quartile_mean_absolute_delta,0.15833333333333333,0.09691632377774359,0.24449459356045572,0.16840836062900472,845,845,1155
null,all_alfworld,all,raw,C_adv_centered::token::reward,top_quartile_lift,1.8059767154317325,1.045825913080545,2.3443283655578133,1.678861822492889,845,845,1155
null,all_alfworld,all,raw,C_adv_centered::token::unsigned,spearman,-0.03163449525192917,-0.360184186846567,0.3797268250994286,0.010177234702716035,845,845,1155
null,all_alfworld,all,raw,C_adv_centered::token::unsigned,average_precision,0.7481987568674875,0.37155907302192137,0.8354813842385286,0.6205135782067263,845,845,1155
null,all_alfworld,all,raw,C_adv_centered::token::unsigned,auroc_large_change_vs_rest,0.5909090909090909,0.3111111111111111,0.7438095238095237,0.5289515054307953,845,845,1155
null,all_alfworld,all,raw,C_adv_centered::token::unsigned,top_quartile_mean_absolute_delta,0.11210317460317461,0.05927677118278141,0.1843921765197307,0.1159779423522733,845,845,1155
null,all_alfworld,all,raw,C_adv_centered::token::unsigned,top_quartile_lift,1.2786677245851241,0.6727900550687841,1.7399678505898095,1.1535308221042864,845,845,1155
null,all_alfworld,all,raw,M_delta_raw::token::magnitude,spearman,0.5254841155737123,-0.21560952503947065,0.5461760436678741,0.17415516115403118,845,845,1155
null,all_alfworld,all,raw,M_delta_raw::token::magnitude,average_precision,0.8458808867899776,0.3998430529309012,0.8915599487556034,0.6620414075518274,845,845,1155
null,all_alfworld,all,raw,M_delta_raw::token::magnitude,auroc_large_change_vs_rest,0.7727272727272727,0.3333333333333333,0.8222222222222222,0.5774147614384302,845,845,1155
null,all_alfworld,all,raw,M_delta_raw::token::magnitude,top_quartile_mean_absolute_delta,0.09623088998088998,0.030088372093023258,0.20675736327625863,0.10452070094718728,845,845,1155
null,all_alfworld,all,raw,M_delta_raw::token::magnitude,top_quartile_lift,1.0976257680679586,0.36275306291948894,1.7255836872861594,1.0086919501544251,845,845,1155
null,all_alfworld,all,raw,M_delta_centered::token::magnitude,spearman,0.5272415875321529,-0.17852818712394175,0.5405279674265167,0.17951266543142605,845,845,1155
null,all_alfworld,all,raw,M_delta_centered::token::magnitude,average_precision,0.8187663643545996,0.4072819775683553,0.8847610358470086,0.6675397579783359,845,845,1155
null,all_alfworld,all,raw,M_delta_centered::token::magnitude,auroc_large_change_vs_rest,0.7272727272727273,0.35555555555555557,0.8222222222222222,0.5843032460636012,845,845,1155
null,all_alfworld,all,raw,M_delta_centered::token::magnitude,top_quartile_mean_absolute_delta,0.09481043543543544,0.029640613278319582,0.20152934891905475,0.1007311804778079,845,845,1155
null,all_alfworld,all,raw,M_delta_centered::token::magnitude,top_quartile_lift,1.0814238238505687,0.35188557618562805,1.6821486972107218,0.9710727770529181,845,845,1155
null,all_alfworld,all,raw,M_original_norm::token::magnitude,spearman,0.06678393442073936,-0.4386416720295883,0.26495239237962154,-0.0824242817815797,845,845,1155
null,all_alfworld,all,raw,M_original_norm::token::magnitude,average_precision,0.6676127200191372,0.3410615302739916,0.8156915023479193,0.5706784577033073,845,845,1155
null,all_alfworld,all,raw,M_original_norm::token::magnitude,auroc_large_change_vs_rest,0.5454545454545454,0.2025974025974026,0.7111111111111111,0.4526183136390237,845,845,1155
null,all_alfworld,all,raw,M_original_norm::token::magnitude,top_quartile_mean_absolute_delta,0.05169823232323232,0.015495437708576252,0.16231757100682073,0.07321553772322437,845,845,1155
null,all_alfworld,all,raw,M_original_norm::token::magnitude,top_quartile_lift,0.5896787608720279,0.1694663280690768,1.4102123133097584,0.7078332371973739,845,845,1155
null,all_alfworld,all,raw,M_control_norm::token::magnitude,spearman,-0.4077334943581982,-0.5796402488678684,0.11067624647091896,-0.26671143910189155,845,845,1155
null,all_alfworld,all,raw,M_control_norm::token::magnitude,average_precision,0.4931568357370495,0.31183052746616985,0.7438196722990508,0.5030496081704536,845,845,1155
null,all_alfworld,all,raw,M_control_norm::token::magnitude,auroc_large_change_vs_rest,0.29545454545454547,0.13444444444444445,0.5666666666666667,0.355887439319392,845,845,1155
null,all_alfworld,all,raw,M_control_norm::token::magnitude,top_quartile_mean_absolute_delta,0.03473394660894661,0.01944616977225673,0.11298470179014533,0.057170176526235954,845,845,1155
null,all_alfworld,all,raw,M_control_norm::token::magnitude,top_quartile_lift,0.3961812556471994,0.20703205987489637,1.0991313295903162,0.5658496357069228,845,845,1155
null,all_alfworld,all,raw,M_kl::token::magnitude,spearman,0.21792652284662317,0.08915656791048401,0.7206788743118837,0.40676483668749047,845,845,1155
null,all_alfworld,all,raw,M_kl::token::magnitude,average_precision,0.7262193473880779,0.5919426274297599,0.9465391419725785,0.7710063415702644,845,845,1155
null,all_alfworld,all,raw,M_kl::token::magnitude,auroc_large_change_vs_rest,0.625,0.48863636363636365,0.8924603174603174,0.6959215373712415,845,845,1155
null,all_alfworld,all,raw,M_kl::token::magnitude,top_quartile_mean_absolute_delta,0.174447895100069,0.1086300837320574,0.2646758207070707,0.18707160327133207,845,845,1155
null,all_alfworld,all,raw,M_kl::token::magnitude,top_quartile_lift,1.9897821259376973,1.2001532351868327,2.5342258826501616,1.862391504864424,845,845,1155
null,all_alfworld,all,raw,M_js::token::magnitude,spearman,0.1282954529661572,0.043272628068059024,0.6902930872646726,0.3582024872333241,845,845,1155
null,all_alfworld,all,raw,M_js::token::magnitude,average_precision,0.6908793160587419,0.5719239623680413,0.9384290544981333,0.7573771787194558,845,845,1155
null,all_alfworld,all,raw,M_js::token::magnitude,auroc_large_change_vs_rest,0.5795454545454546,0.47619047619047616,0.8666666666666667,0.6707398436540449,845,845,1155
null,all_alfworld,all,raw,M_js::token::magnitude,top_quartile_mean_absolute_delta,0.16487987987987987,0.11071373214907697,0.26635933326819095,0.1882971506351963,845,845,1155
null,all_alfworld,all,raw,M_js::token::magnitude,top_quartile_lift,1.880647729934173,1.1727839315114543,2.4914410403546685,1.8739935754467065,845,845,1155
null,all_alfworld,all,raw,M_action_abs::token::magnitude,spearman,0.30755759272708916,0.05372974517995777,0.6941883802839708,0.36117790322548765,845,845,1155
null,all_alfworld,all,raw,M_action_abs::token::magnitude,average_precision,0.713187689503479,0.5146031746031746,0.9335760073260074,0.7367953144239509,845,845,1155
null,all_alfworld,all,raw,M_action_abs::token::magnitude,auroc_large_change_vs_rest,0.6704545454545454,0.4523809523809524,0.8888888888888888,0.6718536033328933,845,845,1155
null,all_alfworld,all,raw,M_action_abs::token::magnitude,top_quartile_mean_absolute_delta,0.1819632132132132,0.11252813128979457,0.2728479573353889,0.192418815942473,845,845,1155
null,all_alfworld,all,raw,M_action_abs::token::magnitude,top_quartile_lift,2.07550311238865,1.2583130607469875,2.5858009942999676,1.9168168631448546,845,845,1155
null,all_alfworld,all,raw,D_original::decision::reward,spearman,-0.11950809317395465,-0.39959858731553644,0.32253392636009787,-0.04271254384873664,845,845,1155
null,all_alfworld,all,raw,D_original::decision::reward,average_precision,0.48589978133321776,0.3493531906689802,0.8011449258317561,0.5786579597834816,845,845,1155
null,all_alfworld,all,raw,D_original::decision::reward,auroc_large_change_vs_rest,0.26136363636363635,0.22727272727272727,0.7045454545454546,0.4592946895313759,845,845,1155
null,all_alfworld,all,raw,D_original::decision::reward,top_quartile_mean_absolute_delta,0.113125,0.054546568627450984,0.20985054347826085,0.1285063459118982,845,845,1155
null,all_alfworld,all,raw,D_original::decision::reward,top_quartile_lift,1.2903228374729354,0.6299482046246422,1.863959646042054,1.2599834176362739,845,845,1155
null,all_alfworld,all,raw,D_original::decision::unsigned,spearman,-0.17750466780249147,-0.5045851524723113,0.15443382913051565,-0.17581085394935497,845,845,1155
null,all_alfworld,all,raw,D_original::decision::unsigned,average_precision,0.587222233390964,0.3369860082190771,0.7025357321342228,0.5326000969937997,845,845,1155
null,all_alfworld,all,raw,D_original::decision::unsigned,auroc_large_change_vs_rest,0.4090909090909091,0.1794871794871795,0.6111111111111112,0.3896208590883147,845,845,1155
null,all_alfworld,all,raw,D_original::decision::unsigned,top_quartile_mean_absolute_delta,0.103125,0.03858723653395785,0.19005135387488326,0.10886784285118256,845,845,1155
null,all_alfworld,all,raw,D_original::decision::unsigned,top_quartile_lift,1.17626115018251,0.44367467134054017,1.7034027824164653,1.065366030964758,845,845,1155
null,all_alfworld,all,raw,D_centered_gate::decision::reward,spearman,-0.11950809317395465,-0.39959858731553644,0.32253392636009787,-0.04271254384873664,845,845,1155
null,all_alfworld,all,raw,D_centered_gate::decision::reward,average_precision,0.48589978133321776,0.3493531906689802,0.8011449258317561,0.5786579597834816,845,845,1155
null,all_alfworld,all,raw,D_centered_gate::decision::reward,auroc_large_change_vs_rest,0.26136363636363635,0.22727272727272727,0.7045454545454546,0.4592946895313759,845,845,1155
null,all_alfworld,all,raw,D_centered_gate::decision::reward,top_quartile_mean_absolute_delta,0.113125,0.054546568627450984,0.20985054347826085,0.1285063459118982,845,845,1155
null,all_alfworld,all,raw,D_centered_gate::decision::reward,top_quartile_lift,1.2903228374729354,0.6299482046246422,1.863959646042054,1.2599834176362739,845,845,1155
null,all_alfworld,all,raw,D_centered_gate::decision::unsigned,spearman,-0.17750466780249147,-0.5045851524723113,0.15443382913051565,-0.17581085394935497,845,845,1155
null,all_alfworld,all,raw,D_centered_gate::decision::unsigned,average_precision,0.587222233390964,0.3369860082190771,0.7025357321342228,0.5326000969937997,845,845,1155
null,all_alfworld,all,raw,D_centered_gate::decision::unsigned,auroc_large_change_vs_rest,0.4090909090909091,0.1794871794871795,0.6111111111111112,0.3896208590883147,845,845,1155
null,all_alfworld,all,raw,D_centered_gate::decision::unsigned,top_quartile_mean_absolute_delta,0.103125,0.03858723653395785,0.19005135387488326,0.10886784285118256,845,845,1155
null,all_alfworld,all,raw,D_centered_gate::decision::unsigned,top_quartile_lift,1.17626115018251,0.44367467134054017,1.7034027824164653,1.065366030964758,845,845,1155
null,all_alfworld,all,raw,D_ungated::decision::reward,spearman,0.05272415875321528,-0.34899848839434244,0.43321431586135223,0.046546570254036475,845,845,1155
null,all_alfworld,all,raw,D_ungated::decision::reward,average_precision,0.613655277471067,0.3619391096519579,0.8901110950453055,0.6331574615375698,845,845,1155
null,all_alfworld,all,raw,D_ungated::decision::reward,auroc_large_change_vs_rest,0.4090909090909091,0.27420634920634923,0.7884090909090907,0.5168872531150638,845,845,1155
null,all_alfworld,all,raw,D_ungated::decision::reward,top_quartile_mean_absolute_delta,0.13958333333333334,0.06431547619047619,0.2701309523809524,0.15520942149254977,845,845,1155
null,all_alfworld,all,raw,D_ungated::decision::reward,top_quartile_lift,1.5921110517621855,0.7948376022814764,2.1873931949017917,1.506985480033335,845,845,1155
null,all_alfworld,all,raw,D_ungated::decision::unsigned,spearman,0.16344489213496738,-0.39284642029346334,0.3588550318268997,0.0029141888177267134,845,845,1155
null,all_alfworld,all,raw,D_ungated::decision::unsigned,average_precision,0.6965862354020249,0.3739905151500546,0.7989725899100899,0.6166678388328055,845,845,1155
null,all_alfworld,all,raw,D_ungated::decision::unsigned,auroc_large_change_vs_rest,0.4772727272727273,0.2569230769230769,0.7,0.4824902300198158,845,845,1155
null,all_alfworld,all,raw,D_ungated::decision::unsigned,top_quartile_mean_absolute_delta,0.15557432432432433,0.067375,0.271875,0.1573705624555912,845,845,1155
null,all_alfworld,all,raw,D_ungated::decision::unsigned,top_quartile_lift,1.7745069931500277,0.8590863313606941,2.2397709342897496,1.5261064839290948,845,845,1155
null,all_alfworld,all,raw,D_signed::decision::reward,spearman,0.0017574719584405095,-0.30263400601472734,0.3566856950282158,0.02792120940415773,845,845,1155
null,all_alfworld,all,raw,D_signed::decision::reward,average_precision,0.5752460848717532,0.35749224106892175,0.8585407746267475,0.6156733993602287,845,845,1155
null,all_alfworld,all,raw,D_signed::decision::reward,auroc_large_change_vs_rest,0.3977272727272727,0.30068181818181816,0.7494444444444444,0.5210864956870873,845,845,1155
null,all_alfworld,all,raw,D_signed::decision::reward,top_quartile_mean_absolute_delta,0.0522554347826087,0.021257565789473683,0.1357267857142857,0.06977774014979644,845,845,1155
null,all_alfworld,all,raw,D_signed::decision::reward,top_quartile_lift,0.5960343061399124,0.2313661123989793,1.2155506940054417,0.6845933849205329,845,845,1155
null,all_alfworld,all,raw,D_signed::decision::unsigned,spearman,0.5641484986594035,-0.1611994911654916,0.5680174196710907,0.19937545229200124,845,845,1155
null,all_alfworld,all,raw,D_signed::decision::unsigned,average_precision,0.9117899776990687,0.4128022273945907,0.9132315765221559,0.6789729550105559,845,845,1155
null,all_alfworld,all,raw,D_signed::decision::unsigned,auroc_large_change_vs_rest,0.8636363636363636,0.3723931623931624,0.8333333333333334,0.6040463924635522,845,845,1155
null,all_alfworld,all,raw,D_signed::decision::unsigned,top_quartile_mean_absolute_delta,0.15267857142857144,0.0766438301636444,0.2589230462519936,0.1569102771893107,845,845,1155
null,all_alfworld,all,raw,D_signed::decision::unsigned,top_quartile_lift,1.7414775470234567,0.9057188464140159,2.195354353761967,1.536569001137028,845,845,1155
null,all_alfworld,all,raw,D_signed_gate::decision::reward,spearman,-0.057996574628536815,-0.41131285706515647,0.34507808315678495,-0.04264163771513155,845,845,1155
null,all_alfworld,all,raw,D_signed_gate::decision::reward,average_precision,0.5743425691955103,0.33871798719487795,0.8510415416166465,0.5959698931039155,845,845,1155
null,all_alfworld,all,raw,D_signed_gate::decision::reward,auroc_large_change_vs_rest,0.3977272727272727,0.25555555555555554,0.7,0.4846772195588764,845,845,1155
null,all_alfworld,all,raw,D_signed_gate::decision::reward,top_quartile_mean_absolute_delta,0.05241071428571429,0.020604921394395077,0.14690979743940266,0.07079660315629743,845,845,1155
null,all_alfworld,all,raw,D_signed_gate::decision::reward,top_quartile_lift,0.5978054503524965,0.22137521559441078,1.264556575416291,0.6911642220760674,845,845,1155
null,all_alfworld,all,raw,D_signed_gate::decision::unsigned,spearman,0.30755759272708916,-0.27031232372388536,0.40897521558531724,0.07176361252989868,845,845,1155
null,all_alfworld,all,raw,D_signed_gate::decision::unsigned,average_precision,0.771639345502982,0.3688376900876901,0.8758197276579631,0.6329368290083652,845,845,1155
null,all_alfworld,all,raw,D_signed_gate::decision::unsigned,auroc_large_change_vs_rest,0.7045454545454546,0.3,0.782051282051282,0.5411035759112682,845,845,1155
null,all_alfworld,all,raw,D_signed_gate::decision::unsigned,top_quartile_mean_absolute_delta,0.08400974025974026,0.03191765424118365,0.17936738054488754,0.09063684004328734,845,845,1155
null,all_alfworld,all,raw,D_signed_gate::decision::unsigned,top_quartile_lift,0.9582292722856339,0.35380114315670674,1.513757309772492,0.8869259973724835,845,845,1155
null,all_alfworld,all,raw,D_sign_balance::decision::reward,spearman,-0.17574719584405096,-0.5044102972379267,0.24570526162843387,-0.12865830285060584,845,845,1155
null,all_alfworld,all,raw,D_sign_balance::decision::reward,average_precision,0.4890907822514915,0.3374158307507766,0.7980620090939086,0.5695788138372214,845,845,1155
null,all_alfworld,all,raw,D_sign_balance::decision::reward,auroc_large_change_vs_rest,0.26136363636363635,0.1941017316017316,0.6704545454545454,0.43683236388857694,845,845,1155
null,all_alfworld,all,raw,D_sign_balance::decision::reward,top_quartile_mean_absolute_delta,0.0522554347826087,0.021257565789473683,0.1357267857142857,0.06977774014979644,845,845,1155
null,all_alfworld,all,raw,D_sign_balance::decision::reward,top_quartile_lift,0.5960343061399124,0.2313661123989793,1.2155506940054417,0.6845933849205329,845,845,1155
null,all_alfworld,all,raw,D_sign_balance::decision::unsigned,spearman,0.3514943916881019,-0.3377719859902933,0.39366714629973765,0.029158761982817784,845,845,1155
null,all_alfworld,all,raw,D_sign_balance::decision::unsigned,average_precision,0.8309670424643687,0.3820504735985303,0.8420567680183066,0.6253175259130498,845,845,1155
null,all_alfworld,all,raw,D_sign_balance::decision::unsigned,auroc_large_change_vs_rest,0.7727272727272727,0.3076923076923077,0.7666666666666667,0.5374893860248889,845,845,1155
null,all_alfworld,all,raw,D_sign_balance::decision::unsigned,top_quartile_mean_absolute_delta,0.08878968253968253,0.025091738816738818,0.19465454545454547,0.09533672714502382,845,845,1155
null,all_alfworld,all,raw,D_sign_balance::decision::unsigned,top_quartile_lift,1.0127501004457398,0.2915519171697337,1.6601723735227114,0.9148053225757324,845,845,1155
null,all_alfworld,all,raw,D_negative_fraction::decision::reward,spearman,-0.07029887833762039,-0.4478324422262138,0.21594883746942614,-0.12489493842896958,845,845,1155
null,all_alfworld,all,raw,D_negative_fraction::decision::reward,average_precision,0.5198962587120483,0.34113359776188723,0.7618759819390072,0.5591304988139943,845,845,1155
null,all_alfworld,all,raw,D_negative_fraction::decision::reward,auroc_large_change_vs_rest,0.3409090909090909,0.20512820512820512,0.6704545454545454,0.4288184777090102,845,845,1155
null,all_alfworld,all,raw,D_negative_fraction::decision::reward,top_quartile_mean_absolute_delta,0.11145833333333335,0.043524999999999994,0.1922680995475113,0.11345115812785081,845,845,1155
null,all_alfworld,all,raw,D_negative_fraction::decision::reward,top_quartile_lift,1.2713125562578647,0.4987235356961109,1.7114502112923042,1.1116944042269907,845,845,1155
null,all_alfworld,all,raw,D_negative_fraction::decision::unsigned,spearman,0.07732876617138242,-0.4309247662975601,0.30362014339019916,-0.043841754321830496,845,845,1155
null,all_alfworld,all,raw,D_negative_fraction::decision::unsigned,average_precision,0.6735567396452563,0.3592077969545075,0.7692104602171446,0.5938002326070839,845,845,1155
null,all_alfworld,all,raw,D_negative_fraction::decision::unsigned,auroc_large_change_vs_rest,0.4659090909090909,0.24358974358974358,0.6704545454545454,0.4575599926043713,845,845,1155
null,all_alfworld,all,raw,D_negative_fraction::decision::unsigned,top_quartile_mean_absolute_delta,0.15557432432432433,0.067375,0.271875,0.1573705624555912,845,845,1155
null,all_alfworld,all,raw,D_negative_fraction::decision::unsigned,top_quartile_lift,1.7745069931500277,0.8590863313606941,2.2397709342897496,1.5261064839290948,845,845,1155
null,all_alfworld,all,raw,D_adv::decision::reward,spearman,0.32688978426993476,-0.3464084084016086,0.3338171496844756,0.010311401040177338,845,845,1155
null,all_alfworld,all,raw,D_adv::decision::reward,average_precision,0.6620392234028597,0.3550834764650554,0.8816581623959443,0.612761586861723,845,845,1155
null,all_alfworld,all,raw,D_adv::decision::reward,auroc_large_change_vs_rest,0.6363636363636364,0.3,0.7435164835164835,0.5244174875092034,845,845,1155
null,all_alfworld,all,raw,D_adv::decision::reward,top_quartile_mean_absolute_delta,0.08341450216450216,0.017911861778883056,0.20018829392222,0.09258844777414137,845,845,1155
null,all_alfworld,all,raw,D_adv::decision::reward,top_quartile_lift,0.9514398861373944,0.2335620555594424,1.6157541448124708,0.8891087093111253,845,845,1155
null,all_alfworld,all,raw,D_adv::decision::unsigned,spearman,0.5641484986594035,-0.1611994911654916,0.5680174196710907,0.19937545229200124,845,845,1155
null,all_alfworld,all,raw,D_adv::decision::unsigned,average_precision,0.9117899776990687,0.4128022273945907,0.9132315765221559,0.6789729550105559,845,845,1155
null,all_alfworld,all,raw,D_adv::decision::unsigned,auroc_large_change_vs_rest,0.8636363636363636,0.3723931623931624,0.8333333333333334,0.6040463924635522,845,845,1155
null,all_alfworld,all,raw,D_adv::decision::unsigned,top_quartile_mean_absolute_delta,0.15267857142857144,0.0766438301636444,0.2589230462519936,0.1569102771893107,845,845,1155
null,all_alfworld,all,raw,D_adv::decision::unsigned,top_quartile_lift,1.7414775470234567,0.9057188464140159,2.195354353761967,1.536569001137028,845,845,1155
null,all_alfworld,all,raw,D_adv_gate::decision::reward,spearman,0.04393679896101274,-0.4527480767326552,0.2531120491373515,-0.09384295359153066,845,845,1155
null,all_alfworld,all,raw,D_adv_gate::decision::reward,average_precision,0.57416005047584,0.33725238303363303,0.801764604041932,0.5640891514138852,845,845,1155
null,all_alfworld,all,raw,D_adv_gate::decision::reward,auroc_large_change_vs_rest,0.5,0.23814935064935064,0.6818181818181818,0.4679592875894651,845,845,1155
null,all_alfworld,all,raw,D_adv_gate::decision::reward,top_quartile_mean_absolute_delta,0.055289502164502166,0.01494288085724164,0.13562547467152727,0.06276174186557415,845,845,1155
null,all_alfworld,all,raw,D_adv_gate::decision::reward,top_quartile_lift,0.6306413906330735,0.15656112017148122,1.1965946016948463,0.6133888901756297,845,845,1155
null,all_alfworld,all,raw,D_adv_gate::decision::unsigned,spearman,0.30755759272708916,-0.27031232372388536,0.40897521558531724,0.07176361252989868,845,845,1155
null,all_alfworld,all,raw,D_adv_gate::decision::unsigned,average_precision,0.771639345502982,0.3688376900876901,0.8758197276579631,0.6329368290083652,845,845,1155
null,all_alfworld,all,raw,D_adv_gate::decision::unsigned,auroc_large_change_vs_rest,0.7045454545454546,0.3,0.782051282051282,0.5411035759112682,845,845,1155
null,all_alfworld,all,raw,D_adv_gate::decision::unsigned,top_quartile_mean_absolute_delta,0.08400974025974026,0.03191765424118365,0.17936738054488754,0.09063684004328734,845,845,1155
null,all_alfworld,all,raw,D_adv_gate::decision::unsigned,top_quartile_lift,0.9582292722856339,0.35380114315670674,1.513757309772492,0.8869259973724835,845,845,1155
null,all_alfworld,all,raw,D_sqrtadv::decision::reward,spearman,0.08963106988046599,-0.29730887908145365,0.35033051643748203,0.029320700640929842,845,845,1155
null,all_alfworld,all,raw,D_sqrtadv::decision::reward,average_precision,0.5496364746364747,0.3561912569514986,0.8724820696979789,0.6105613908877544,845,845,1155
null,all_alfworld,all,raw,D_sqrtadv::decision::reward,auroc_large_change_vs_rest,0.42045454545454547,0.28954545454545455,0.7428571428571429,0.520419293067222,845,845,1155
null,all_alfworld,all,raw,D_sqrtadv::decision::reward,top_quartile_mean_absolute_delta,0.0803804347826087,0.027681182121971598,0.19807614522417152,0.09960444605836363,845,845,1155
null,all_alfworld,all,raw,D_sqrtadv::decision::reward,top_quartile_lift,0.9168328016442333,0.3287319614394026,1.6673789543919686,0.9603132040560285,845,845,1155
null,all_alfworld,all,raw,D_sqrtadv::decision::unsigned,spearman,0.5641484986594035,-0.1611994911654916,0.5680174196710907,0.19937545229200124,845,845,1155
null,all_alfworld,all,raw,D_sqrtadv::decision::unsigned,average_precision,0.9117899776990687,0.4128022273945907,0.9132315765221559,0.6789729550105559,845,845,1155
null,all_alfworld,all,raw,D_sqrtadv::decision::unsigned,auroc_large_change_vs_rest,0.8636363636363636,0.3723931623931624,0.8333333333333334,0.6040463924635522,845,845,1155
null,all_alfworld,all,raw,D_sqrtadv::decision::unsigned,top_quartile_mean_absolute_delta,0.15267857142857144,0.0766438301636444,0.2589230462519936,0.1569102771893107,845,845,1155
null,all_alfworld,all,raw,D_sqrtadv::decision::unsigned,top_quartile_lift,1.7414775470234567,0.9057188464140159,2.195354353761967,1.536569001137028,845,845,1155
null,all_alfworld,all,raw,D_work::decision::reward,spearman,-0.5026369801139857,-0.5949453748839124,-0.03884369324873601,-0.31918678856077,845,845,1155
null,all_alfworld,all,raw,D_work::decision::reward,average_precision,0.4830634762241855,0.3070046823553983,0.7753734332648528,0.5270245164210317,845,845,1155
null,all_alfworld,all,raw,D_work::decision::reward,auroc_large_change_vs_rest,0.2840909090909091,0.15484126984126984,0.5714285714285714,0.3559442267134575,845,845,1155
null,all_alfworld,all,raw,D_work::decision::reward,top_quartile_mean_absolute_delta,0.03373015873015873,0.024681026365348396,0.11018956804445443,0.061056625285248856,845,845,1155
null,all_alfworld,all,raw,D_work::decision::reward,top_quartile_lift,0.38473188173357714,0.23446337756769778,1.093223799314974,0.607850205042236,845,845,1155
null,all_alfworld,all,raw,D_work::decision::unsigned,spearman,0.04217932700257223,-0.42122918020006944,0.2871215725683353,-0.07187920239924643,845,845,1155
null,all_alfworld,all,raw,D_work::decision::unsigned,average_precision,0.7344849594849595,0.3767012583542189,0.8129988149105793,0.6208605544630503,845,845,1155
null,all_alfworld,all,raw,D_work::decision::unsigned,auroc_large_change_vs_rest,0.5909090909090909,0.245,0.7,0.4792003164488371,845,845,1155
null,all_alfworld,all,raw,D_work::decision::unsigned,top_quartile_mean_absolute_delta,0.1321924603174603,0.06728456632429398,0.2139877564847077,0.13140871888267136,845,845,1155
null,all_alfworld,all,raw,D_work::decision::unsigned,top_quartile_lift,1.5078095070882103,0.6939366730719874,1.993666721530194,1.3044397767798894,845,845,1155
null,all_alfworld,all,raw,D_work_gate::decision::reward,spearman,0.09138854183890649,-0.5823534549063691,0.13672071885041304,-0.20291648740487997,845,845,1155
null,all_alfworld,all,raw,D_work_gate::decision::reward,average_precision,0.7405200793358688,0.32542611022141654,0.86158384131188,0.6052129399352925,845,845,1155
null,all_alfworld,all,raw,D_work_gate::decision::reward,auroc_large_change_vs_rest,0.5909090909090909,0.20572649572649573,0.6666666666666666,0.44365671146736235,845,845,1155
null,all_alfworld,all,raw,D_work_gate::decision::reward,top_quartile_mean_absolute_delta,0.08154761904761905,0.026258928571428575,0.176,0.0899028509207682,845,845,1155
null,all_alfworld,all,raw,D_work_gate::decision::reward,top_quartile_lift,0.9301459023088248,0.3048876754949479,1.5049839269484608,0.8751171177500545,845,845,1155
null,all_alfworld,all,raw,D_work_gate::decision::unsigned,spearman,0.13708281275835973,-0.484603091710937,0.25222038937494007,-0.1182296442383652,845,845,1155
null,all_alfworld,all,raw,D_work_gate::decision::unsigned,average_precision,0.7829853153382564,0.35335717143170053,0.8428559809681162,0.6224773786601304,845,845,1155
null,all_alfworld,all,raw,D_work_gate::decision::unsigned,auroc_large_change_vs_rest,0.6363636363636364,0.22787878787878788,0.7,0.4670417288168767,845,845,1155
null,all_alfworld,all,raw,D_work_gate::decision::unsigned,top_quartile_mean_absolute_delta,0.07946428571428571,0.025720147907647907,0.16839925699300695,0.08361651354996326,845,845,1155
null,all_alfworld,all,raw,D_work_gate::decision::unsigned,top_quartile_lift,0.9063830507899862,0.28207454166477625,1.4223012814387217,0.8164123158636382,845,845,1155
null,all_alfworld,all,raw,D_cos_raw::decision::reward,spearman,-0.08084371008826344,-0.3282707477791403,0.31999754579560663,-0.01112774964177857,845,845,1155
null,all_alfworld,all,raw,D_cos_raw::decision::reward,average_precision,0.5029664705466843,0.34596637023107607,0.8432246151268306,0.5928420170538906,845,845,1155
null,all_alfworld,all,raw,D_cos_raw::decision::reward,auroc_large_change_vs_rest,0.3409090909090909,0.2777777777777778,0.7139682539682539,0.48932409963475054,845,845,1155
null,all_alfworld,all,raw,D_cos_raw::decision::reward,top_quartile_mean_absolute_delta,0.0522554347826087,0.021257565789473683,0.1357267857142857,0.06977774014979644,845,845,1155
null,all_alfworld,all,raw,D_cos_raw::decision::reward,top_quartile_lift,0.5960343061399124,0.2313661123989793,1.2155506940054417,0.6845933849205329,845,845,1155
null,all_alfworld,all,raw,D_cos_raw::decision::unsigned,spearman,0.5659059706178441,-0.11673617524831847,0.5826788698264611,0.23277892628434593,845,845,1155
null,all_alfworld,all,raw,D_cos_raw::decision::unsigned,average_precision,0.899631303040394,0.41286669111117646,0.9223715152236824,0.6892739106394699,845,845,1155
null,all_alfworld,all,raw,D_cos_raw::decision::unsigned,auroc_large_change_vs_rest,0.8522727272727273,0.4090909090909091,0.8522727272727273,0.6240242942461877,845,845,1155
null,all_alfworld,all,raw,D_cos_raw::decision::unsigned,top_quartile_mean_absolute_delta,0.10753968253968253,0.0428510029519938,0.21870516475109744,0.11451358023634789,845,845,1155
null,all_alfworld,all,raw,D_cos_raw::decision::unsigned,top_quartile_lift,1.226615764115287,0.4898616542780434,1.837325552807023,1.1059176236831634,845,845,1155
null,all_alfworld,all,raw,D_cos_centered::decision::reward,spearman,-0.03514943916881019,-0.3132036264113189,0.34327991863670865,0.006037802946752445,845,845,1155
null,all_alfworld,all,raw,D_cos_centered::decision::reward,average_precision,0.5222502171031582,0.3589721144868203,0.8536916939688434,0.602268062505692,845,845,1155
null,all_alfworld,all,raw,D_cos_centered::decision::reward,auroc_large_change_vs_rest,0.36363636363636365,0.28425324675324676,0.7272727272727273,0.5058452609192253,845,845,1155
null,all_alfworld,all,raw,D_cos_centered::decision::reward,top_quartile_mean_absolute_delta,0.0522554347826087,0.021257565789473683,0.1357267857142857,0.06977774014979644,845,845,1155
null,all_alfworld,all,raw,D_cos_centered::decision::reward,top_quartile_lift,0.5960343061399124,0.2313661123989793,1.2155506940054417,0.6845933849205329,845,845,1155
null,all_alfworld,all,raw,D_cos_centered::decision::unsigned,spearman,0.6274174891632619,-0.08612116983340108,0.6302624073687656,0.2728510934148997,845,845,1155
null,all_alfworld,all,raw,D_cos_centered::decision::unsigned,average_precision,0.9355866355866357,0.4305997783728876,0.9239782527678456,0.6959058221009461,845,845,1155
null,all_alfworld,all,raw,D_cos_centered::decision::unsigned,auroc_large_change_vs_rest,0.8977272727272727,0.42230769230769233,0.8666666666666667,0.6403798962378845,845,845,1155
null,all_alfworld,all,raw,D_cos_centered::decision::unsigned,top_quartile_mean_absolute_delta,0.15267857142857144,0.0766438301636444,0.2589230462519936,0.1569102771893107,845,845,1155
null,all_alfworld,all,raw,D_cos_centered::decision::unsigned,top_quartile_lift,1.7414775470234567,0.9057188464140159,2.195354353761967,1.536569001137028,845,845,1155
null,all_alfworld,all,raw,D_cos_centered_gate::decision::reward,spearman,-0.11775062121551413,-0.4354472352990596,0.26020895281163275,-0.09955153295909164,845,845,1155
null,all_alfworld,all,raw,D_cos_centered_gate::decision::reward,average_precision,0.520432842558511,0.33769728987165964,0.8320289934155479,0.572724687112546,845,845,1155
null,all_alfworld,all,raw,D_cos_centered_gate::decision::reward,auroc_large_change_vs_rest,0.36363636363636365,0.23863636363636365,0.6777777777777778,0.45906381915257655,845,845,1155
null,all_alfworld,all,raw,D_cos_centered_gate::decision::reward,top_quartile_mean_absolute_delta,0.05241071428571429,0.020604921394395077,0.14690979743940266,0.07079660315629743,845,845,1155
null,all_alfworld,all,raw,D_cos_centered_gate::decision::reward,top_quartile_lift,0.5978054503524965,0.22137521559441078,1.264556575416291,0.6911642220760674,845,845,1155
null,all_alfworld,all,raw,D_cos_centered_gate::decision::unsigned,spearman,0.28471045726736255,-0.2836795009209295,0.3711744024587374,0.04814207551052447,845,845,1155
null,all_alfworld,all,raw,D_cos_centered_gate::decision::unsigned,average_precision,0.7753221822740539,0.37443146314469844,0.8485479473063505,0.6316526408469965,845,845,1155
null,all_alfworld,all,raw,D_cos_centered_gate::decision::unsigned,auroc_large_change_vs_rest,0.6931818181818182,0.2949300699300699,0.7549999999999999,0.5266641231877919,845,845,1155
null,all_alfworld,all,raw,D_cos_centered_gate::decision::unsigned,top_quartile_mean_absolute_delta,0.07284902597402598,0.025434393871893876,0.15052381362309253,0.07685549533170856,845,845,1155
null,all_alfworld,all,raw,D_cos_centered_gate::decision::unsigned,top_quartile_lift,0.8309282820061417,0.27646530031548017,1.3260421181695838,0.753189779727439,845,845,1155
null,all_alfworld,all,raw,D_cos_adv::decision::reward,spearman,0.38312888694003105,-0.3029434511306432,0.4035146984257164,0.0653607820589505,845,845,1155
null,all_alfworld,all,raw,D_cos_adv::decision::reward,average_precision,0.6600624420143137,0.3664578367504801,0.8848629966175384,0.6211001874552593,845,845,1155
null,all_alfworld,all,raw,D_cos_adv::decision::reward,auroc_large_change_vs_rest,0.6363636363636364,0.3184149184149184,0.757069597069597,0.5444272427112664,845,845,1155
null,all_alfworld,all,raw,D_cos_adv::decision::reward,top_quartile_mean_absolute_delta,0.08341450216450216,0.017911861778883056,0.20018829392222,0.09258844777414137,845,845,1155
null,all_alfworld,all,raw,D_cos_adv::decision::reward,top_quartile_lift,0.9514398861373944,0.2335620555594424,1.6157541448124708,0.8891087093111253,845,845,1155
null,all_alfworld,all,raw,D_cos_adv::decision::unsigned,spearman,0.6274174891632619,-0.08612116983340108,0.6302624073687656,0.2728510934148997,845,845,1155
null,all_alfworld,all,raw,D_cos_adv::decision::unsigned,average_precision,0.9355866355866357,0.4305997783728876,0.9239782527678456,0.6959058221009461,845,845,1155
null,all_alfworld,all,raw,D_cos_adv::decision::unsigned,auroc_large_change_vs_rest,0.8977272727272727,0.42230769230769233,0.8666666666666667,0.6403798962378845,845,845,1155
null,all_alfworld,all,raw,D_cos_adv::decision::unsigned,top_quartile_mean_absolute_delta,0.15267857142857144,0.0766438301636444,0.2589230462519936,0.1569102771893107,845,845,1155
null,all_alfworld,all,raw,D_cos_adv::decision::unsigned,top_quartile_lift,1.7414775470234567,0.9057188464140159,2.195354353761967,1.536569001137028,845,845,1155
null,all_alfworld,all,raw,D_cos_negative::decision::reward,spearman,-0.03866438308569121,-0.3286884510209729,0.3701556043368219,0.012263751901935637,845,845,1155
null,all_alfworld,all,raw,D_cos_negative::decision::reward,average_precision,0.5553219441377336,0.37027027705481647,0.8656424020480193,0.6180617532973842,845,845,1155
null,all_alfworld,all,raw,D_cos_negative::decision::reward,auroc_large_change_vs_rest,0.36363636363636365,0.2569055944055944,0.7613636363636364,0.4969758413841254,845,845,1155
null,all_alfworld,all,raw,D_cos_negative::decision::reward,top_quartile_mean_absolute_delta,0.12246376811594203,0.059446952361140004,0.22435198412698412,0.13814519728906033,845,845,1155
null,all_alfworld,all,raw,D_cos_negative::decision::reward,top_quartile_lift,1.3968424023247727,0.6999984103601219,1.9813023560942522,1.3584310413873495,845,845,1155
null,all_alfworld,all,raw,D_cos_negative::decision::unsigned,spearman,0.18101961171937248,-0.34581697594546107,0.4004752856881942,0.04171559101077787,845,845,1155
null,all_alfworld,all,raw,D_cos_negative::decision::unsigned,average_precision,0.7028993667151563,0.37897687799356033,0.8020148240091848,0.6251063701403421,845,845,1155
null,all_alfworld,all,raw,D_cos_negative::decision::unsigned,auroc_large_change_vs_rest,0.48863636363636365,0.2782051282051282,0.704090909090909,0.4924800774504917,845,845,1155
null,all_alfworld,all,raw,D_cos_negative::decision::unsigned,top_quartile_mean_absolute_delta,0.15557432432432433,0.067375,0.271875,0.1573705624555912,845,845,1155
null,all_alfworld,all,raw,D_cos_negative::decision::unsigned,top_quartile_lift,1.7745069931500277,0.8590863313606941,2.2397709342897496,1.5261064839290948,845,845,1155
null,all_alfworld,all,raw,D_soft::decision::reward,spearman,-0.17223225192716993,-0.4111064856241488,0.1731800434744788,-0.12982973217818625,845,845,1155
null,all_alfworld,all,raw,D_soft::decision::reward,average_precision,0.5046652767909453,0.3338198577799418,0.7881690127637929,0.5384771486446732,845,845,1155
null,all_alfworld,all,raw,D_soft::decision::reward,auroc_large_change_vs_rest,0.36363636363636365,0.24444444444444444,0.6428571428571429,0.44357447779045406,845,845,1155
null,all_alfworld,all,raw,D_soft::decision::reward,top_quartile_mean_absolute_delta,0.04883928571428571,0.026514610389610387,0.13226729269293924,0.06907172253471504,845,845,1155
null,all_alfworld,all,raw,D_soft::decision::reward,top_quartile_lift,0.5570691334630589,0.277226234770499,1.1810127263992138,0.6835884516179276,845,845,1155
null,all_alfworld,all,raw,D_soft::decision::unsigned,spearman,0.11423567729863311,-0.3604601462410102,0.2619484440251584,-0.04640885895220757,845,845,1155
null,all_alfworld,all,raw,D_soft::decision::unsigned,average_precision,0.6518267086448905,0.3427277592655882,0.860255903244625,0.5896423236687848,845,845,1155
null,all_alfworld,all,raw,D_soft::decision::unsigned,auroc_large_change_vs_rest,0.5795454545454546,0.26136363636363635,0.7217948717948717,0.4863917525603916,845,845,1155
null,all_alfworld,all,raw,D_soft::decision::unsigned,top_quartile_mean_absolute_delta,0.08400974025974026,0.03191765424118365,0.17936738054488754,0.09063684004328734,845,845,1155
null,all_alfworld,all,raw,D_soft::decision::unsigned,top_quartile_lift,0.9582292722856339,0.35380114315670674,1.513757309772492,0.8869259973724835,845,845,1155
null,all_alfworld,all,raw,D_soft_negative::decision::reward,spearman,-0.09841842967266853,-0.33532433998069716,0.33871682220177207,-0.013153196476981144,845,845,1155
null,all_alfworld,all,raw,D_soft_negative::decision::reward,average_precision,0.4838904270511362,0.3441576899745299,0.7694297860026518,0.5555861316558848,845,845,1155
null,all_alfworld,all,raw,D_soft_negative::decision::reward,auroc_large_change_vs_rest,0.29545454545454547,0.2505555555555556,0.7043290043290044,0.4720209737665359,845,845,1155
null,all_alfworld,all,raw,D_soft_negative::decision::reward,top_quartile_mean_absolute_delta,0.113125,0.054546568627450984,0.20985054347826085,0.1285063459118982,845,845,1155
null,all_alfworld,all,raw,D_soft_negative::decision::reward,top_quartile_lift,1.2903228374729354,0.6299482046246422,1.863959646042054,1.2599834176362739,845,845,1155
null,all_alfworld,all,raw,D_soft_negative::decision::unsigned,spearman,-0.28822540118424356,-0.5231907357227011,0.18661793258218165,-0.172018777612634,845,845,1155
null,all_alfworld,all,raw,D_soft_negative::decision::unsigned,average_precision,0.5513536901694797,0.32825150961194194,0.7396680024911447,0.5580645759560675,845,845,1155
null,all_alfworld,all,raw,D_soft_negative::decision::unsigned,auroc_large_change_vs_rest,0.3181818181818182,0.17045454545454544,0.6247222222222222,0.39101410423895633,845,845,1155
null,all_alfworld,all,raw,D_soft_negative::decision::unsigned,top_quartile_mean_absolute_delta,0.10479166666666666,0.045615131578947365,0.20112774725274724,0.11758408247146539,845,845,1155
null,all_alfworld,all,raw,D_soft_negative::decision::unsigned,top_quartile_lift,1.195271431397581,0.5111773931706728,1.7681077339362492,1.149755973010192,845,845,1155
null,all_alfworld,all,raw,D_soft_cos::decision::reward,spearman,-0.08963106988046599,-0.3999659059464508,0.14164034311474816,-0.12830219989067632,845,845,1155
null,all_alfworld,all,raw,D_soft_cos::decision::reward,average_precision,0.5087445308701993,0.3316887133641335,0.7844687875150059,0.5368208774614891,845,845,1155
null,all_alfworld,all,raw,D_soft_cos::decision::reward,auroc_large_change_vs_rest,0.375,0.24444444444444444,0.6444444444444445,0.44376673458034405,845,845,1155
null,all_alfworld,all,raw,D_soft_cos::decision::reward,top_quartile_mean_absolute_delta,0.05241071428571429,0.020604921394395077,0.14690979743940266,0.07079660315629743,845,845,1155
null,all_alfworld,all,raw,D_soft_cos::decision::reward,top_quartile_lift,0.5978054503524965,0.22137521559441078,1.264556575416291,0.6911642220760674,845,845,1155
null,all_alfworld,all,raw,D_soft_cos::decision::unsigned,spearman,0.23198629851414726,-0.3173241344620041,0.32943147995722377,0.02164740796003922,845,845,1155
null,all_alfworld,all,raw,D_soft_cos::decision::unsigned,average_precision,0.7331832605896775,0.3612833909787691,0.8590290290403411,0.6212893829564345,845,845,1155
null,all_alfworld,all,raw,D_soft_cos::decision::unsigned,auroc_large_change_vs_rest,0.6363636363636364,0.2840909090909091,0.75,0.5196718009144043,845,845,1155
null,all_alfworld,all,raw,D_soft_cos::decision::unsigned,top_quartile_mean_absolute_delta,0.07284902597402598,0.025434393871893876,0.15052381362309253,0.07685549533170856,845,845,1155
null,all_alfworld,all,raw,D_soft_cos::decision::unsigned,top_quartile_lift,0.8309282820061417,0.27646530031548017,1.3260421181695838,0.753189779727439,845,845,1155
null,all_alfworld,all,raw,D_sigmoid::decision::reward,spearman,-0.07205635029606089,-0.41206071046957926,0.328573818593287,-0.052031157526154684,845,845,1155
null,all_alfworld,all,raw,D_sigmoid::decision::reward,average_precision,0.5353815302344714,0.3465696823601236,0.8511954365079364,0.5888204467315592,845,845,1155
null,all_alfworld,all,raw,D_sigmoid::decision::reward,auroc_large_change_vs_rest,0.3977272727272727,0.25571428571428567,0.7,0.4832691634466782,845,845,1155
null,all_alfworld,all,raw,D_sigmoid::decision::reward,top_quartile_mean_absolute_delta,0.05241071428571429,0.020604921394395077,0.14690979743940266,0.07079660315629743,845,845,1155
null,all_alfworld,all,raw,D_sigmoid::decision::reward,top_quartile_lift,0.5978054503524965,0.22137521559441078,1.264556575416291,0.6911642220760674,845,845,1155
null,all_alfworld,all,raw,D_sigmoid::decision::unsigned,spearman,0.4235507419841628,-0.24059103345812644,0.42490252589907884,0.09078548151907373,845,845,1155
null,all_alfworld,all,raw,D_sigmoid::decision::unsigned,average_precision,0.8102133977133977,0.3763580791628392,0.892431879516432,0.6431703648936666,845,845,1155
null,all_alfworld,all,raw,D_sigmoid::decision::unsigned,auroc_large_change_vs_rest,0.7613636363636364,0.32222222222222224,0.7948717948717948,0.5535666174719429,845,845,1155
null,all_alfworld,all,raw,D_sigmoid::decision::unsigned,top_quartile_mean_absolute_delta,0.08083513708513708,0.030505103109754274,0.16436468044695948,0.08847639479716006,845,845,1155
null,all_alfworld,all,raw,D_sigmoid::decision::unsigned,top_quartile_lift,0.9220192128283561,0.35152991392972893,1.4592273583429531,0.867816977649175,845,845,1155
null,all_alfworld,all,raw,D_tauC_q25::decision::reward,spearman,-0.08611612596358496,-0.41603741373731495,0.30025495905195115,-0.0766436571941572,845,845,1155
null,all_alfworld,all,raw,D_tauC_q25::decision::reward,average_precision,0.5379653100909785,0.338113806128512,0.8367922042554394,0.5784015622189057,845,845,1155
null,all_alfworld,all,raw,D_tauC_q25::decision::reward,auroc_large_change_vs_rest,0.4090909090909091,0.245,0.6931818181818182,0.4719754078925677,845,845,1155
null,all_alfworld,all,raw,D_tauC_q25::decision::reward,top_quartile_mean_absolute_delta,0.05241071428571429,0.020604921394395077,0.14690979743940266,0.07079660315629743,845,845,1155
null,all_alfworld,all,raw,D_tauC_q25::decision::reward,top_quartile_lift,0.5978054503524965,0.22137521559441078,1.264556575416291,0.6911642220760674,845,845,1155
null,all_alfworld,all,raw,D_tauC_q25::decision::unsigned,spearman,0.30755759272708916,-0.25367985622374456,0.4351314200504507,0.09637922559217767,845,845,1155
null,all_alfworld,all,raw,D_tauC_q25::decision::unsigned,average_precision,0.7428973803973804,0.37408537744934806,0.8827566797009119,0.6268002386154267,845,845,1155
null,all_alfworld,all,raw,D_tauC_q25::decision::unsigned,auroc_large_change_vs_rest,0.6931818181818182,0.3184149184149184,0.7888888888888889,0.5520012810989141,845,845,1155
null,all_alfworld,all,raw,D_tauC_q25::decision::unsigned,top_quartile_mean_absolute_delta,0.08400974025974026,0.03191765424118365,0.17936738054488754,0.09063684004328734,845,845,1155
null,all_alfworld,all,raw,D_tauC_q25::decision::unsigned,top_quartile_lift,0.9582292722856339,0.35380114315670674,1.513757309772492,0.8869259973724835,845,845,1155
null,all_alfworld,all,raw,D_tauC_q50::decision::reward,spearman,-0.2601058498491954,-0.3968219610158986,0.24564115005474416,-0.09471339621963128,845,845,1155
null,all_alfworld,all,raw,D_tauC_q50::decision::reward,average_precision,0.5026450747707432,0.3409980052627112,0.7823886477667988,0.5452577548121292,845,845,1155
null,all_alfworld,all,raw,D_tauC_q50::decision::reward,auroc_large_change_vs_rest,0.3522727272727273,0.26136363636363635,0.6442857142857142,0.4550423754417837,845,845,1155
null,all_alfworld,all,raw,D_tauC_q50::decision::reward,top_quartile_mean_absolute_delta,0.04883928571428571,0.026514610389610387,0.13226729269293924,0.06907172253471504,845,845,1155
null,all_alfworld,all,raw,D_tauC_q50::decision::reward,top_quartile_lift,0.5570691334630589,0.277226234770499,1.1810127263992138,0.6835884516179276,845,845,1155
null,all_alfworld,all,raw,D_tauC_q50::decision::unsigned,spearman,0.07908623812982293,-0.30112739254953186,0.29673908319956344,0.005986819907123932,845,845,1155
null,all_alfworld,all,raw,D_tauC_q50::decision::unsigned,average_precision,0.6167156373038727,0.3594468938891346,0.853141789966272,0.5907946964875189,845,845,1155
null,all_alfworld,all,raw,D_tauC_q50::decision::unsigned,auroc_large_change_vs_rest,0.5340909090909091,0.286031746031746,0.7253663003663001,0.5054877026326731,845,845,1155
null,all_alfworld,all,raw,D_tauC_q50::decision::unsigned,top_quartile_mean_absolute_delta,0.06213474025974025,0.027946177038597628,0.12493771853146851,0.06929145089488306,845,845,1155
null,all_alfworld,all,raw,D_tauC_q50::decision::unsigned,top_quartile_lift,0.7087193313378287,0.29725403752787916,1.152191227560486,0.686697976198839,845,845,1155
null,all_alfworld,all,raw,D_tauC_q75::decision::reward,spearman,-0.06857148819163501,-0.3675305968145578,0.2893766461808603,-0.04840995751297892,845,845,1155
null,all_alfworld,all,raw,D_tauC_q75::decision::reward,average_precision,0.539102564102564,0.32720431602128036,0.7834644735606274,0.547802685992244,845,845,1155
null,all_alfworld,all,raw,D_tauC_q75::decision::reward,auroc_large_change_vs_rest,0.4147727272727273,0.2723809523809524,0.6942307692307692,0.46739815821916414,845,845,1155
null,all_alfworld,all,raw,D_tauC_q75::decision::reward,top_quartile_mean_absolute_delta,0.05171807359307359,0.0235315031977266,0.11276979301786258,0.06103686124399176,845,845,1155
null,all_alfworld,all,raw,D_tauC_q75::decision::reward,top_quartile_lift,0.5899050737436358,0.2434781738584194,1.030424192124925,0.6058131197174897,845,845,1155
null,all_alfworld,all,raw,D_tauC_q75::decision::unsigned,spearman,-0.05802202846984501,-0.3371538087919333,0.2892763797525483,-0.03090207267631905,845,845,1155
null,all_alfworld,all,raw,D_tauC_q75::decision::unsigned,average_precision,0.5487722170877251,0.3465104376540826,0.8488973569099788,0.5758446617324973,845,845,1155
null,all_alfworld,all,raw,D_tauC_q75::decision::unsigned,auroc_large_change_vs_rest,0.4375,0.2728354978354978,0.7021428571428571,0.4813910325374823,845,845,1155
null,all_alfworld,all,raw,D_tauC_q75::decision::unsigned,top_quartile_mean_absolute_delta,0.0673430735930736,0.035453128401027385,0.13448484326123986,0.07698290831137111,845,845,1155
null,all_alfworld,all,raw,D_tauC_q75::decision::unsigned,top_quartile_lift,0.7681264601349252,0.35606608131016837,1.2594181458056326,0.7640309124175828,845,845,1155
null,all_alfworld,all,raw,D_delta_q25::decision::reward,spearman,-0.019332191542845604,-0.3057184838372986,0.35687062031423206,0.02288383895293461,845,845,1155
null,all_alfworld,all,raw,D_delta_q25::decision::reward,average_precision,0.5752460848717532,0.35599800526271114,0.8563858923522788,0.616290833043629,845,845,1155
null,all_alfworld,all,raw,D_delta_q25::decision::reward,auroc_large_change_vs_rest,0.3977272727272727,0.3068181818181818,0.7435164835164835,0.5166759703150235,845,845,1155
null,all_alfworld,all,raw,D_delta_q25::decision::reward,top_quartile_mean_absolute_delta,0.0522554347826087,0.021257565789473683,0.1357267857142857,0.06977774014979644,845,845,1155
null,all_alfworld,all,raw,D_delta_q25::decision::reward,top_quartile_lift,0.5960343061399124,0.2313661123989793,1.2155506940054417,0.6845933849205329,845,845,1155
null,all_alfworld,all,raw,D_delta_q25::decision::unsigned,spearman,0.5008795081555452,-0.24639636396691136,0.48354268021428815,0.1258084458084568,845,845,1155
null,all_alfworld,all,raw,D_delta_q25::decision::unsigned,average_precision,0.8243718699601051,0.38776181834376494,0.9027472089314192,0.6560500168580401,845,845,1155
null,all_alfworld,all,raw,D_delta_q25::decision::unsigned,auroc_large_change_vs_rest,0.7727272727272727,0.3340909090909091,0.7974025974025974,0.5629530150979856,845,845,1155
null,all_alfworld,all,raw,D_delta_q25::decision::unsigned,top_quartile_mean_absolute_delta,0.14343434343434341,0.07495673731030875,0.2505525446856903,0.14540443673379605,845,845,1155
null,all_alfworld,all,raw,D_delta_q25::decision::unsigned,top_quartile_lift,1.6360363227515535,0.8339178920431708,2.1322744826634765,1.4251265183013877,845,845,1155
null,all_alfworld,all,raw,D_delta_q50::decision::reward,spearman,-0.021089663501286115,-0.2757473502793159,0.45811383223791724,0.09266355833244305,845,845,1155
null,all_alfworld,all,raw,D_delta_q50::decision::reward,average_precision,0.5890475611732295,0.3720716051572144,0.8810608675288296,0.6370184515435006,845,845,1155
null,all_alfworld,all,raw,D_delta_q50::decision::reward,auroc_large_change_vs_rest,0.42045454545454547,0.32060439560439563,0.7773809523809523,0.5507051232790877,845,845,1155
null,all_alfworld,all,raw,D_delta_q50::decision::reward,top_quartile_mean_absolute_delta,0.049130434782608694,0.025836463903743313,0.14895410875674026,0.07847849158198347,845,845,1155
null,all_alfworld,all,raw,D_delta_q50::decision::reward,top_quartile_lift,0.5603900288616543,0.29932494384644076,1.3427056466267617,0.7712701331840438,845,845,1155
null,all_alfworld,all,raw,D_delta_q50::decision::unsigned,spearman,0.37961394302315005,-0.35698965126975457,0.37960179179750586,-0.002019684284521212,845,845,1155
null,all_alfworld,all,raw,D_delta_q50::decision::unsigned,average_precision,0.7847041847041847,0.3639621374865736,0.8670931450399774,0.6203347282461081,845,845,1155
null,all_alfworld,all,raw,D_delta_q50::decision::unsigned,auroc_large_change_vs_rest,0.7045454545454546,0.26958041958041956,0.75,0.503594119555658,845,845,1155
null,all_alfworld,all,raw,D_delta_q50::decision::unsigned,top_quartile_mean_absolute_delta,0.09065656565656566,0.030468083999334004,0.20092571516699415,0.09868259217890538,845,845,1155
null,all_alfworld,all,raw,D_delta_q50::decision::unsigned,top_quartile_lift,1.0340440842743095,0.3537409206174583,1.6840762786143995,0.9508845460691663,845,845,1155
null,all_alfworld,all,raw,D_delta_q75::decision::reward,spearman,0.012302303709083567,-0.21411600066845324,0.4584693724093964,0.12895583829087673,845,845,1155
null,all_alfworld,all,raw,D_delta_q75::decision::reward,average_precision,0.6313721631903451,0.3746834671176776,0.8945291967848358,0.6428719471683806,845,845,1155
null,all_alfworld,all,raw,D_delta_q75::decision::reward,auroc_large_change_vs_rest,0.5340909090909091,0.3452272727272727,0.7974025974025974,0.5658827267407149,845,845,1155
null,all_alfworld,all,raw,D_delta_q75::decision::reward,top_quartile_mean_absolute_delta,0.10548022598870058,0.059564345214055923,0.22135551948051949,0.1338490325885397,845,845,1155
null,all_alfworld,all,raw,D_delta_q75::decision::reward,top_quartile_lift,1.203125255204655,0.6899301429063315,1.942439884261296,1.3127065429207236,845,845,1155
null,all_alfworld,all,raw,D_delta_q75::decision::unsigned,spearman,0.17047477996872942,-0.5145461073516784,0.20911109483985268,-0.14477856837126565,845,845,1155
null,all_alfworld,all,raw,D_delta_q75::decision::unsigned,average_precision,0.689974033690611,0.34100612214582804,0.849787373482088,0.5927405349517132,845,845,1155
null,all_alfworld,all,raw,D_delta_q75::decision::unsigned,auroc_large_change_vs_rest,0.5681818181818182,0.20520202020202022,0.6784920634920635,0.45316748997222367,845,845,1155
null,all_alfworld,all,raw,D_delta_q75::decision::unsigned,top_quartile_mean_absolute_delta,0.07225378787878788,0.011252627938067404,0.17772382567368028,0.07880710306256258,845,845,1155
null,all_alfworld,all,raw,D_delta_q75::decision::unsigned,top_quartile_lift,0.8241388958579019,0.13012127067935342,1.4560062689260682,0.7553724916660808,845,845,1155
null,all_alfworld,all,raw,D_winsor::decision::reward,spearman,-0.03514943916881019,-0.31649087223283956,0.3335827297817821,0.006452048704894742,845,845,1155
null,all_alfworld,all,raw,D_winsor::decision::reward,average_precision,0.524921409547078,0.3585289220583338,0.8516257071682897,0.6025108768892742,845,845,1155
null,all_alfworld,all,raw,D_winsor::decision::reward,auroc_large_change_vs_rest,0.375,0.28954545454545455,0.7333333333333333,0.5108461032721388,845,845,1155
null,all_alfworld,all,raw,D_winsor::decision::reward,top_quartile_mean_absolute_delta,0.0522554347826087,0.021257565789473683,0.1357267857142857,0.06977774014979644,845,845,1155
null,all_alfworld,all,raw,D_winsor::decision::reward,top_quartile_lift,0.5960343061399124,0.2313661123989793,1.2155506940054417,0.6845933849205329,845,845,1155
null,all_alfworld,all,raw,D_winsor::decision::unsigned,spearman,0.5922680499944517,-0.1440311354712558,0.5840191451455372,0.22032845793167893,845,845,1155
null,all_alfworld,all,raw,D_winsor::decision::unsigned,average_precision,0.9070693195693196,0.41632167931275066,0.913707571703895,0.6819334387754117,845,845,1155
null,all_alfworld,all,raw,D_winsor::decision::unsigned,auroc_large_change_vs_rest,0.8636363636363636,0.37777777777777777,0.8444444444444444,0.610970172168397,845,845,1155
null,all_alfworld,all,raw,D_winsor::decision::unsigned,top_quartile_mean_absolute_delta,0.15267857142857144,0.0766438301636444,0.2589230462519936,0.1569102771893107,845,845,1155
null,all_alfworld,all,raw,D_winsor::decision::unsigned,top_quartile_lift,1.7414775470234567,0.9057188464140159,2.195354353761967,1.536569001137028,845,845,1155
null,all_alfworld,all,raw,D_tanh::decision::reward,spearman,-0.09314601379734701,-0.3818309102406688,0.28674224215643135,-0.051638241907227087,845,845,1155
null,all_alfworld,all,raw,D_tanh::decision::reward,average_precision,0.5065265476150643,0.3493459756617652,0.8320874889561631,0.5878720024795305,845,845,1155
null,all_alfworld,all,raw,D_tanh::decision::reward,auroc_large_change_vs_rest,0.32954545454545453,0.25555555555555554,0.7,0.4800092888702356,845,845,1155
null,all_alfworld,all,raw,D_tanh::decision::reward,top_quartile_mean_absolute_delta,0.0522554347826087,0.021257565789473683,0.1357267857142857,0.06977774014979644,845,845,1155
null,all_alfworld,all,raw,D_tanh::decision::reward,top_quartile_lift,0.5960343061399124,0.2313661123989793,1.2155506940054417,0.6845933849205329,845,845,1155
null,all_alfworld,all,raw,D_tanh::decision::unsigned,spearman,0.4639725970282945,-0.27605102304077267,0.4742793806612123,0.09527900403400692,845,845,1155
null,all_alfworld,all,raw,D_tanh::decision::unsigned,average_precision,0.8727225092198353,0.3850410398281915,0.8870070207570206,0.6502130582247313,845,845,1155
null,all_alfworld,all,raw,D_tanh::decision::unsigned,auroc_large_change_vs_rest,0.8181818181818182,0.32222222222222224,0.8109523809523809,0.5618785323814909,845,845,1155
null,all_alfworld,all,raw,D_tanh::decision::unsigned,top_quartile_mean_absolute_delta,0.09333513708513708,0.029076473139263835,0.20769041919093215,0.1023570536383479,845,845,1155
null,all_alfworld,all,raw,D_tanh::decision::unsigned,top_quartile_lift,1.0645963219413876,0.3551052309863838,1.7031773167402502,0.9853190040845774,845,845,1155
null,all_alfworld,all,raw,D_action_sign::decision::reward,spearman,0.05096668679477478,-0.4491242037221603,0.25403171059314256,-0.0658529133523327,845,845,1155
null,all_alfworld,all,raw,D_action_sign::decision::reward,average_precision,0.6328770910110623,0.3582865624669353,0.8790439603334894,0.6128130961054026,845,845,1155
null,all_alfworld,all,raw,D_action_sign::decision::reward,auroc_large_change_vs_rest,0.5227272727272727,0.28425324675324676,0.7380952380952381,0.5177248326952469,845,845,1155
null,all_alfworld,all,raw,D_action_sign::decision::reward,top_quartile_mean_absolute_delta,0.0475,0.012864733950260264,0.13796875,0.06509457341852544,845,845,1155
null,all_alfworld,all,raw,D_action_sign::decision::reward,top_quartile_lift,0.5417930146295198,0.13573977277156887,1.220549618921581,0.6312286459841127,845,845,1155
null,all_alfworld,all,raw,D_action_sign::decision::unsigned,spearman,0.3708265832309475,-0.061160024153729724,0.6030912815499871,0.2793862803271142,845,845,1155
null,all_alfworld,all,raw,D_action_sign::decision::unsigned,average_precision,0.7671438410074775,0.45201668945089996,0.889471595655806,0.7060415625410079,845,845,1155
null,all_alfworld,all,raw,D_action_sign::decision::unsigned,auroc_large_change_vs_rest,0.6931818181818182,0.39746503496503494,0.8333333333333334,0.6252069856507727,845,845,1155
null,all_alfworld,all,raw,D_action_sign::decision::unsigned,top_quartile_mean_absolute_delta,0.1319632132132132,0.07541053673493689,0.22641471028971025,0.14227311762369774,845,845,1155
null,all_alfworld,all,raw,D_action_sign::decision::unsigned,top_quartile_lift,1.5051946759365233,0.8000498897784015,2.047834671190041,1.414489471113248,845,845,1155
null,all_alfworld,all,raw,D_action_adv::decision::reward,spearman,0.16871730801028892,-0.4050250821543171,0.27179910427776327,-0.05289847644934359,845,845,1155
null,all_alfworld,all,raw,D_action_adv::decision::reward,average_precision,0.6299274255156608,0.3473794934640522,0.8740604575163399,0.6095056051404003,845,845,1155
null,all_alfworld,all,raw,D_action_adv::decision::reward,auroc_large_change_vs_rest,0.5909090909090909,0.3,0.7333333333333333,0.5122205063181395,845,845,1155
null,all_alfworld,all,raw,D_action_adv::decision::reward,top_quartile_mean_absolute_delta,0.07886904761904762,0.022875047746371276,0.20622159090909087,0.09749967873694904,845,845,1155
null,all_alfworld,all,raw,D_action_adv::decision::reward,top_quartile_lift,0.8995936646417465,0.2794866467928543,1.6520464337252874,0.9381662844731289,845,845,1155
null,all_alfworld,all,raw,D_action_adv::decision::unsigned,spearman,0.3708265832309475,-0.061160024153729724,0.6030912815499871,0.2793862803271142,845,845,1155
null,all_alfworld,all,raw,D_action_adv::decision::unsigned,average_precision,0.7671438410074775,0.45201668945089996,0.889471595655806,0.7060415625410079,845,845,1155
null,all_alfworld,all,raw,D_action_adv::decision::unsigned,auroc_large_change_vs_rest,0.6931818181818182,0.39746503496503494,0.8333333333333334,0.6252069856507727,845,845,1155
null,all_alfworld,all,raw,D_action_adv::decision::unsigned,top_quartile_mean_absolute_delta,0.1319632132132132,0.07541053673493689,0.22641471028971025,0.14227311762369774,845,845,1155
null,all_alfworld,all,raw,D_action_adv::decision::unsigned,top_quartile_lift,1.5051946759365233,0.8000498897784015,2.047834671190041,1.414489471113248,845,845,1155
null,all_alfworld,all,raw,D_action_adv_clip::decision::reward,spearman,0.09666095771422802,-0.42801084407600715,0.26663750399382846,-0.045234889256957615,845,845,1155
null,all_alfworld,all,raw,D_action_adv_clip::decision::reward,average_precision,0.6259028709352379,0.35806299801849334,0.8930248345103069,0.6166336183935338,845,845,1155
null,all_alfworld,all,raw,D_action_adv_clip::decision::reward,auroc_large_change_vs_rest,0.5681818181818182,0.3185858585858586,0.7435897435897436,0.5272311876158029,845,845,1155
null,all_alfworld,all,raw,D_action_adv_clip::decision::reward,top_quartile_mean_absolute_delta,0.07886904761904762,0.022875047746371276,0.20622159090909087,0.09749967873694904,845,845,1155
null,all_alfworld,all,raw,D_action_adv_clip::decision::reward,top_quartile_lift,0.8995936646417465,0.2794866467928543,1.6520464337252874,0.9381662844731289,845,845,1155
null,all_alfworld,all,raw,D_action_adv_clip::decision::unsigned,spearman,0.3708265832309475,-0.061160024153729724,0.6030912815499871,0.2793862803271142,845,845,1155
null,all_alfworld,all,raw,D_action_adv_clip::decision::unsigned,average_precision,0.7671438410074775,0.45201668945089996,0.889471595655806,0.7060415625410079,845,845,1155
null,all_alfworld,all,raw,D_action_adv_clip::decision::unsigned,auroc_large_change_vs_rest,0.6931818181818182,0.39746503496503494,0.8333333333333334,0.6252069856507727,845,845,1155
null,all_alfworld,all,raw,D_action_adv_clip::decision::unsigned,top_quartile_mean_absolute_delta,0.1319632132132132,0.07541053673493689,0.22641471028971025,0.14227311762369774,845,845,1155
null,all_alfworld,all,raw,D_action_adv_clip::decision::unsigned,top_quartile_lift,1.5051946759365233,0.8000498897784015,2.047834671190041,1.414489471113248,845,845,1155
null,all_alfworld,all,raw,D_ratio_adv::decision::reward,spearman,0.15465753234276483,-0.2537153292333644,0.3391473888045831,0.041605283444919684,845,845,1155
null,all_alfworld,all,raw,D_ratio_adv::decision::reward,average_precision,0.57147372829191,0.3716574653416759,0.8327452639952639,0.5983647991901212,845,845,1155
null,all_alfworld,all,raw,D_ratio_adv::decision::reward,auroc_large_change_vs_rest,0.5227272727272727,0.32222222222222224,0.7692307692307693,0.5437059538095041,845,845,1155
null,all_alfworld,all,raw,D_ratio_adv::decision::reward,top_quartile_mean_absolute_delta,0.06937499999999999,0.01699392420445052,0.18633342617349966,0.08684196435328585,845,845,1155
null,all_alfworld,all,raw,D_ratio_adv::decision::reward,top_quartile_lift,0.7913029555773249,0.19735945916611894,1.5263462620941728,0.8331478235665185,845,845,1155
null,all_alfworld,all,raw,D_ratio_adv::decision::unsigned,spearman,0.6256600172048213,0.025678834693635015,0.6809866185892017,0.35142103617589826,845,845,1155
null,all_alfworld,all,raw,D_ratio_adv::decision::unsigned,average_precision,0.9220959595959596,0.47829292134116697,0.9324936859021611,0.7320270176950809,845,845,1155
null,all_alfworld,all,raw,D_ratio_adv::decision::unsigned,auroc_large_change_vs_rest,0.8636363636363636,0.45555555555555555,0.8777777777777778,0.6657313216041026,845,845,1155
null,all_alfworld,all,raw,D_ratio_adv::decision::unsigned,top_quartile_mean_absolute_delta,0.15267857142857144,0.0766438301636444,0.2589230462519936,0.1569102771893107,845,845,1155
null,all_alfworld,all,raw,D_ratio_adv::decision::unsigned,top_quartile_lift,1.7414775470234567,0.9057188464140159,2.195354353761967,1.536569001137028,845,845,1155
null,all_alfworld,all,raw,D_policy_action_adv::decision::reward,spearman,-0.16344489213496738,-0.532896731014401,0.056372721065378835,-0.2274056196879266,845,845,1155
null,all_alfworld,all,raw,D_policy_action_adv::decision::reward,average_precision,0.5503881145592374,0.32001919328337397,0.7929854058848418,0.560210444654731,845,845,1155
null,all_alfworld,all,raw,D_policy_action_adv::decision::reward,auroc_large_change_vs_rest,0.4659090909090909,0.22740259740259738,0.6555555555555556,0.4472450905439071,845,845,1155
null,all_alfworld,all,raw,D_policy_action_adv::decision::reward,top_quartile_mean_absolute_delta,0.0475,0.012864733950260264,0.13796875,0.06509457341852544,845,845,1155
null,all_alfworld,all,raw,D_policy_action_adv::decision::reward,top_quartile_lift,0.5417930146295198,0.13573977277156887,1.220549618921581,0.6312286459841127,845,845,1155
null,all_alfworld,all,raw,D_policy_action_adv::decision::unsigned,spearman,0.04393679896101274,-0.04560049147205921,0.5973005620460581,0.27693902491514155,845,845,1155
null,all_alfworld,all,raw,D_policy_action_adv::decision::unsigned,average_precision,0.6540580557291786,0.548352345163007,0.8972344973964408,0.7341393280998879,845,845,1155
null,all_alfworld,all,raw,D_policy_action_adv::decision::unsigned,auroc_large_change_vs_rest,0.5227272727272727,0.4288961038961039,0.8333333333333334,0.6274898359365816,845,845,1155
null,all_alfworld,all,raw,D_policy_action_adv::decision::unsigned,top_quartile_mean_absolute_delta,0.15930555555555553,0.10798749167499166,0.2573347187755149,0.1824590418669144,845,845,1155
null,all_alfworld,all,raw,D_policy_action_adv::decision::unsigned,top_quartile_lift,1.817066046140524,1.1730501245308462,2.475121668435371,1.8161861713614476,845,845,1155
null,all_alfworld,all,raw,D_reward_only::decision::reward,spearman,0.13708281275835973,-0.1558511486118186,0.5164038288280983,0.16181253524519743,845,845,1155
null,all_alfworld,all,raw,D_reward_only::decision::reward,average_precision,0.6142160728848036,0.4182956843331124,0.8658099352841934,0.6409169365259303,845,845,1155
null,all_alfworld,all,raw,D_reward_only::decision::reward,auroc_large_change_vs_rest,0.5227272727272727,0.3299242424242424,0.7661904761904761,0.5426506925027635,845,845,1155
null,all_alfworld,all,raw,D_reward_only::decision::reward,top_quartile_mean_absolute_delta,0.11319444444444444,0.062495649146202883,0.19793289422938448,0.12601166367604194,845,845,1155
null,all_alfworld,all,raw,D_reward_only::decision::reward,top_quartile_lift,1.2911149325235634,0.713525271057839,1.8140746014017577,1.2482104450390246,845,845,1155
null,all_alfworld,all,raw,D_reward_only::decision::unsigned,spearman,,,,,0,845,1155
null,all_alfworld,all,raw,D_reward_only::decision::unsigned,average_precision,0.5789473684210527,0.3684210526315789,0.7368421052631579,0.5446901276860792,845,845,1155
null,all_alfworld,all,raw,D_reward_only::decision::unsigned,auroc_large_change_vs_rest,0.5,0.5,0.5,0.5,845,845,1155
null,all_alfworld,all,raw,D_reward_only::decision::unsigned,top_quartile_mean_absolute_delta,0.08767185754965978,0.0694555107772054,0.13922362808535022,0.10142990504319471,845,845,1155
null,all_alfworld,all,raw,D_reward_only::decision::unsigned,top_quartile_lift,1.0,0.9999999999999997,1.0000000000000002,1.0,845,845,1155
null,all_alfworld,all,raw,D_adv_negative_fraction::decision::reward,spearman,-0.17253521126760563,-0.35956520481828064,0.3686597172368688,-0.00017054779020089726,845,845,1155
null,all_alfworld,all,raw,D_adv_negative_fraction::decision::reward,average_precision,0.4966529483275895,0.36893246556075504,0.7919570358978254,0.5737823231486049,845,845,1155
null,all_alfworld,all,raw,D_adv_negative_fraction::decision::reward,auroc_large_change_vs_rest,0.2840909090909091,0.23102564102564105,0.6888888888888889,0.46439719058062257,845,845,1155
null,all_alfworld,all,raw,D_adv_negative_fraction::decision::reward,top_quartile_mean_absolute_delta,0.10440232743797592,0.050342662354931525,0.18133269241004896,0.1124324493694116,845,845,1155
null,all_alfworld,all,raw,D_adv_negative_fraction::decision::reward,top_quartile_lift,1.190830562462299,0.5316737309341086,1.7189450576917593,1.1149055851898768,845,845,1155
null,all_alfworld,all,raw,D_adv_negative_fraction::decision::unsigned,spearman,,,,,0,845,1155
null,all_alfworld,all,raw,D_adv_negative_fraction::decision::unsigned,average_precision,0.5789473684210527,0.3684210526315789,0.7368421052631579,0.5446901276860792,845,845,1155
null,all_alfworld,all,raw,D_adv_negative_fraction::decision::unsigned,auroc_large_change_vs_rest,0.5,0.5,0.5,0.5,845,845,1155
null,all_alfworld,all,raw,D_adv_negative_fraction::decision::unsigned,top_quartile_mean_absolute_delta,0.08767185754965978,0.0694555107772054,0.13922362808535022,0.10142990504319471,845,845,1155
null,all_alfworld,all,raw,D_adv_negative_fraction::decision::unsigned,top_quartile_lift,1.0,0.9999999999999997,1.0000000000000002,1.0,845,845,1155
null,all_alfworld,all,raw,C_raw::decision::reward,spearman,-0.029877023293488663,-0.4536670975484139,0.14216719269082045,-0.1579434272334356,845,845,1155
null,all_alfworld,all,raw,C_raw::decision::reward,average_precision,0.6462117353828583,0.3540604575163399,0.7361730521932355,0.5467295239193692,845,845,1155
null,all_alfworld,all,raw,C_raw::decision::reward,auroc_large_change_vs_rest,0.5340909090909091,0.2046037296037296,0.6442857142857142,0.42090920420802075,845,845,1155
null,all_alfworld,all,raw,C_raw::decision::reward,top_quartile_mean_absolute_delta,0.07951388888888888,0.04517883848454636,0.13872453310696092,0.08568423125369243,845,845,1155
null,all_alfworld,all,raw,C_raw::decision::reward,top_quartile_lift,0.9069488329690061,0.44268991220777465,1.3467819905924086,0.8581469167002481,845,845,1155
null,all_alfworld,all,raw,C_raw::decision::unsigned,spearman,-0.25483343397387387,-0.4160276129670344,0.2900994317648115,-0.05961500312311781,845,845,1155
null,all_alfworld,all,raw,C_raw::decision::unsigned,average_precision,0.5429769651026336,0.36040344459462104,0.7386637716768615,0.5428354512601651,845,845,1155
null,all_alfworld,all,raw,C_raw::decision::unsigned,auroc_large_change_vs_rest,0.4090909090909091,0.245,0.6815850815850815,0.47258829763267635,845,845,1155
null,all_alfworld,all,raw,C_raw::decision::unsigned,top_quartile_mean_absolute_delta,0.034963768115942026,0.015502450980392157,0.10551893939393937,0.053388035647283325,845,845,1155
null,all_alfworld,all,raw,C_raw::decision::unsigned,top_quartile_lift,0.3988026385335519,0.14762237442327059,0.9781296090018055,0.5294482485615439,845,845,1155
null,all_alfworld,all,raw,C_centered::decision::reward,spearman,-0.18980697151157502,-0.3106839154567726,0.29759786997768717,-0.012605896243103982,845,845,1155
null,all_alfworld,all,raw,C_centered::decision::reward,average_precision,0.49151238768111827,0.37353377864303616,0.7524251107047011,0.5453498464361594,845,845,1155
null,all_alfworld,all,raw,C_centered::decision::reward,auroc_large_change_vs_rest,0.29545454545454547,0.2569055944055944,0.6426739926739927,0.4459963376531424,845,845,1155
null,all_alfworld,all,raw,C_centered::decision::reward,top_quartile_mean_absolute_delta,0.09027189265536724,0.043639770532889595,0.16757335880022636,0.10277810980415361,845,845,1155
null,all_alfworld,all,raw,C_centered::decision::reward,top_quartile_lift,1.0296564391171332,0.4752758896208939,1.5636785143715337,1.0187447676568777,845,845,1155
null,all_alfworld,all,raw,C_centered::decision::unsigned,spearman,-0.017574719584405096,-0.3180285224148852,0.4092452646938968,0.03643562330072602,845,845,1155
null,all_alfworld,all,raw,C_centered::decision::unsigned,average_precision,0.7663805750493058,0.37422510388648156,0.8478740024363983,0.6340419736967051,845,845,1155
null,all_alfworld,all,raw,C_centered::decision::unsigned,auroc_large_change_vs_rest,0.6022727272727273,0.32866883116883117,0.75,0.539562767935549,845,845,1155
null,all_alfworld,all,raw,C_centered::decision::unsigned,top_quartile_mean_absolute_delta,0.11210317460317461,0.05927677118278141,0.1843921765197307,0.1159779423522733,845,845,1155
null,all_alfworld,all,raw,C_centered::decision::unsigned,top_quartile_lift,1.2786677245851241,0.6727900550687841,1.7399678505898095,1.1535308221042864,845,845,1155
null,all_alfworld,all,raw,C_adv_centered::decision::reward,spearman,0.022847135459726622,-0.2317733579228271,0.44050673914569477,0.10297829598633994,845,845,1155
null,all_alfworld,all,raw,C_adv_centered::decision::reward,average_precision,0.5784068063937188,0.41176303116940555,0.8353575843016631,0.6213844724873184,845,845,1155
null,all_alfworld,all,raw,C_adv_centered::decision::reward,auroc_large_change_vs_rest,0.4659090909090909,0.3,0.7380952380952381,0.5069950611518659,845,845,1155
null,all_alfworld,all,raw,C_adv_centered::decision::reward,top_quartile_mean_absolute_delta,0.15833333333333333,0.09691632377774359,0.24449459356045572,0.16840836062900472,845,845,1155
null,all_alfworld,all,raw,C_adv_centered::decision::reward,top_quartile_lift,1.8059767154317325,1.045825913080545,2.3443283655578133,1.678861822492889,845,845,1155
null,all_alfworld,all,raw,C_adv_centered::decision::unsigned,spearman,-0.017574719584405096,-0.3180285224148852,0.4092452646938968,0.03643562330072602,845,845,1155
null,all_alfworld,all,raw,C_adv_centered::decision::unsigned,average_precision,0.7663805750493058,0.37422510388648156,0.8478740024363983,0.6340419736967051,845,845,1155
null,all_alfworld,all,raw,C_adv_centered::decision::unsigned,auroc_large_change_vs_rest,0.6022727272727273,0.32866883116883117,0.75,0.539562767935549,845,845,1155
null,all_alfworld,all,raw,C_adv_centered::decision::unsigned,top_quartile_mean_absolute_delta,0.11210317460317461,0.05927677118278141,0.1843921765197307,0.1159779423522733,845,845,1155
null,all_alfworld,all,raw,C_adv_centered::decision::unsigned,top_quartile_lift,1.2786677245851241,0.6727900550687841,1.7399678505898095,1.1535308221042864,845,845,1155
null,all_alfworld,all,raw,M_delta_raw::decision::magnitude,spearman,0.49384962032178314,-0.21730208923145927,0.5482674889766574,0.16890560531673668,845,845,1155
null,all_alfworld,all,raw,M_delta_raw::decision::magnitude,average_precision,0.8377640036730946,0.4014522632725032,0.8900308107316269,0.6608402447115056,845,845,1155
null,all_alfworld,all,raw,M_delta_raw::decision::magnitude,auroc_large_change_vs_rest,0.75,0.3299242424242424,0.8222222222222222,0.5736076875130129,845,845,1155
null,all_alfworld,all,raw,M_delta_raw::decision::magnitude,top_quartile_mean_absolute_delta,0.09623088998088998,0.030088372093023258,0.20675736327625863,0.10452070094718728,845,845,1155
null,all_alfworld,all,raw,M_delta_raw::decision::magnitude,top_quartile_lift,1.0976257680679586,0.36275306291948894,1.7255836872861594,1.0086919501544251,845,845,1155
null,all_alfworld,all,raw,M_delta_centered::decision::magnitude,spearman,0.37785647106470954,-0.22897674917620425,0.5187919371087717,0.15414834850567227,845,845,1155
null,all_alfworld,all,raw,M_delta_centered::decision::magnitude,average_precision,0.7817180591244761,0.4045012891520245,0.8669252044252044,0.6603164936293815,845,845,1155
null,all_alfworld,all,raw,M_delta_centered::decision::magnitude,auroc_large_change_vs_rest,0.6590909090909091,0.32857142857142857,0.7995454545454544,0.5683192842660298,845,845,1155
null,all_alfworld,all,raw,M_delta_centered::decision::magnitude,top_quartile_mean_absolute_delta,0.09481043543543544,0.029640613278319582,0.20152934891905475,0.1007311804778079,845,845,1155
null,all_alfworld,all,raw,M_delta_centered::decision::magnitude,top_quartile_lift,1.0814238238505687,0.35188557618562805,1.6821486972107218,0.9710727770529181,845,845,1155
null,all_alfworld,all,raw,M_original_norm::decision::magnitude,spearman,0.13884028471680024,-0.395577480858551,0.3202407661596824,-0.02986122772499008,845,845,1155
null,all_alfworld,all,raw,M_original_norm::decision::magnitude,average_precision,0.6757846951028769,0.34570324347227543,0.8198856474160117,0.5804966100340564,845,845,1155
null,all_alfworld,all,raw,M_original_norm::decision::magnitude,auroc_large_change_vs_rest,0.5681818181818182,0.2262987012987013,0.7306089743589743,0.4772884331316284,845,845,1155
null,all_alfworld,all,raw,M_original_norm::decision::magnitude,top_quartile_mean_absolute_delta,0.05169823232323232,0.015495437708576252,0.16231757100682073,0.07321553772322437,845,845,1155
null,all_alfworld,all,raw,M_original_norm::decision::magnitude,top_quartile_lift,0.5896787608720279,0.1694663280690768,1.4102123133097584,0.7078332371973739,845,845,1155
null,all_alfworld,all,raw,M_control_norm::decision::magnitude,spearman,-0.47627490073737805,-0.6121527507358563,0.12479427719936666,-0.25911595462240034,845,845,1155
null,all_alfworld,all,raw,M_control_norm::decision::magnitude,average_precision,0.4758479644632192,0.31647083075654503,0.7428794101065773,0.5046961337350162,845,845,1155
null,all_alfworld,all,raw,M_control_norm::decision::magnitude,auroc_large_change_vs_rest,0.22727272727272727,0.14444444444444443,0.5714285714285714,0.3523016135738029,845,845,1155
null,all_alfworld,all,raw,M_control_norm::decision::magnitude,top_quartile_mean_absolute_delta,0.03473394660894661,0.01944616977225673,0.11298470179014533,0.057170176526235954,845,845,1155
null,all_alfworld,all,raw,M_control_norm::decision::magnitude,top_quartile_lift,0.3961812556471994,0.20703205987489637,1.0991313295903162,0.5658496357069228,845,845,1155
null,all_alfworld,all,raw,M_kl::decision::magnitude,spearman,0.22495641068038522,0.10040858422753678,0.7219751738315332,0.4165755883677368,845,845,1155
null,all_alfworld,all,raw,M_kl::decision::magnitude,average_precision,0.7170221118750529,0.5851650674889839,0.9467594905094906,0.7717257582424994,845,845,1155
null,all_alfworld,all,raw,M_kl::decision::magnitude,auroc_large_change_vs_rest,0.625,0.5,0.8924603174603174,0.701791666584566,845,845,1155
null,all_alfworld,all,raw,M_kl::decision::magnitude,top_quartile_mean_absolute_delta,0.16198412698412698,0.10781935817805383,0.2653462418300654,0.18613350332635692,845,845,1155
null,all_alfworld,all,raw,M_kl::decision::magnitude,top_quartile_lift,1.8476182838076023,1.1768949335866277,2.4990274226361002,1.850620629376859,845,845,1155
null,all_alfworld,all,raw,M_js::decision::magnitude,spearman,0.18277708367781298,0.08209510160124919,0.7009698982339707,0.3902022084700786,845,845,1155
null,all_alfworld,all,raw,M_js::decision::magnitude,average_precision,0.7033857482386893,0.5765147848081285,0.9458672527868955,0.7637670064996726,845,845,1155
null,all_alfworld,all,raw,M_js::decision::magnitude,auroc_large_change_vs_rest,0.6136363636363636,0.5,0.8806349206349205,0.6895801355120883,845,845,1155
null,all_alfworld,all,raw,M_js::decision::magnitude,top_quartile_mean_absolute_delta,0.16487987987987987,0.11071373214907697,0.26635933326819095,0.1882971506351963,845,845,1155
null,all_alfworld,all,raw,M_js::decision::magnitude,top_quartile_lift,1.880647729934173,1.1727839315114543,2.4914410403546685,1.8739935754467065,845,845,1155
null,all_alfworld,all,raw,M_action_abs::decision::magnitude,spearman,0.25483343397387387,0.02126843347271358,0.6879968776861641,0.3489231650496388,845,845,1155
null,all_alfworld,all,raw,M_action_abs::decision::magnitude,average_precision,0.700134076449866,0.5124571172092318,0.9277050429327758,0.7348063724674719,845,845,1155
null,all_alfworld,all,raw,M_action_abs::decision::magnitude,auroc_large_change_vs_rest,0.6363636363636364,0.4444444444444444,0.8806349206349205,0.6605390024177006,845,845,1155
null,all_alfworld,all,raw,M_action_abs::decision::magnitude,top_quartile_mean_absolute_delta,0.1819632132132132,0.11252813128979457,0.2728479573353889,0.192418815942473,845,845,1155
null,all_alfworld,all,raw,M_action_abs::decision::magnitude,top_quartile_lift,2.07550311238865,1.2583130607469875,2.5858009942999676,1.9168168631448546,845,845,1155
null,all_alfworld,all,raw,D_original::game::reward,spearman,-0.31985989643617274,-0.6763421709548857,0.028628115536027166,-0.3011171301421853,845,845,1155
null,all_alfworld,all,raw,D_original::game::reward,average_precision,0.46084629946155414,0.3043145859742498,0.7837587384358722,0.5334186604115967,845,845,1155
null,all_alfworld,all,raw,D_original::game::reward,auroc_large_change_vs_rest,0.18181818181818182,0.11363636363636363,0.6102272727272726,0.35194725885554284,845,845,1155
null,all_alfworld,all,raw,D_original::game::reward,top_quartile_mean_absolute_delta,0.04267045454545455,0.01604327429536408,0.12414862914862912,0.06080477891409801,845,845,1155
null,all_alfworld,all,raw,D_original::game::reward,top_quartile_lift,0.4867064042903941,0.17521435313940292,1.1007217091127415,0.5950471775325301,845,845,1155
null,all_alfworld,all,raw,D_original::game::unsigned,spearman,-0.23550124243102827,-0.5851867126419832,0.10780824191625205,-0.23635942236068813,845,845,1155
null,all_alfworld,all,raw,D_original::game::unsigned,average_precision,0.5688211899899206,0.3240867211349023,0.7417847780137697,0.5297478782707198,845,845,1155
null,all_alfworld,all,raw,D_original::game::unsigned,auroc_large_change_vs_rest,0.38636363636363635,0.15384615384615385,0.6111111111111112,0.3743296939746644,845,845,1155
null,all_alfworld,all,raw,D_original::game::unsigned,top_quartile_mean_absolute_delta,0.032670454545454544,0.005579072498948584,0.1007079023472466,0.04116627585338239,845,845,1155
null,all_alfworld,all,raw,D_original::game::unsigned,top_quartile_lift,0.37264471699996876,0.05718876903302088,0.9299104889076858,0.40042979086101427,845,845,1155
null,all_alfworld,all,raw,D_centered_gate::game::reward,spearman,-0.31985989643617274,-0.6763421709548857,0.028628115536027166,-0.3011171301421853,845,845,1155
null,all_alfworld,all,raw,D_centered_gate::game::reward,average_precision,0.46084629946155414,0.3043145859742498,0.7837587384358722,0.5334186604115967,845,845,1155
null,all_alfworld,all,raw,D_centered_gate::game::reward,auroc_large_change_vs_rest,0.18181818181818182,0.11363636363636363,0.6102272727272726,0.35194725885554284,845,845,1155
null,all_alfworld,all,raw,D_centered_gate::game::reward,top_quartile_mean_absolute_delta,0.04267045454545455,0.01604327429536408,0.12414862914862912,0.06080477891409801,845,845,1155
null,all_alfworld,all,raw,D_centered_gate::game::reward,top_quartile_lift,0.4867064042903941,0.17521435313940292,1.1007217091127415,0.5950471775325301,845,845,1155
null,all_alfworld,all,raw,D_centered_gate::game::unsigned,spearman,-0.23550124243102827,-0.5851867126419832,0.10780824191625205,-0.23635942236068813,845,845,1155
null,all_alfworld,all,raw,D_centered_gate::game::unsigned,average_precision,0.5688211899899206,0.3240867211349023,0.7417847780137697,0.5297478782707198,845,845,1155
null,all_alfworld,all,raw,D_centered_gate::game::unsigned,auroc_large_change_vs_rest,0.38636363636363635,0.15384615384615385,0.6111111111111112,0.3743296939746644,845,845,1155
null,all_alfworld,all,raw,D_centered_gate::game::unsigned,top_quartile_mean_absolute_delta,0.032670454545454544,0.005579072498948584,0.1007079023472466,0.04116627585338239,845,845,1155
null,all_alfworld,all,raw,D_centered_gate::game::unsigned,top_quartile_lift,0.37264471699996876,0.05718876903302088,0.9299104889076858,0.40042979086101427,845,845,1155
null,all_alfworld,all,raw,D_ungated::game::reward,spearman,-0.14235522863368127,-0.5878169776933184,0.16810194801192851,-0.20286140906054043,845,845,1155
null,all_alfworld,all,raw,D_ungated::game::reward,average_precision,0.5594900799235165,0.32492357509191877,0.796832644873473,0.5696084470742007,845,845,1155
null,all_alfworld,all,raw,D_ungated::game::reward,auroc_large_change_vs_rest,0.29545454545454547,0.16704545454545455,0.6444444444444445,0.40710340120103433,845,845,1155
null,all_alfworld,all,raw,D_ungated::game::reward,top_quartile_mean_absolute_delta,0.06625,0.01417361111111111,0.18143434343434345,0.08361115832934113,845,845,1155
null,all_alfworld,all,raw,D_ungated::game::reward,top_quartile_lift,0.7556586782990672,0.17370304984539736,1.5097595022761297,0.8002533151591805,845,845,1155
null,all_alfworld,all,raw,D_ungated::game::unsigned,spearman,0.11775062121551413,-0.4819430024388274,0.27665888395918375,-0.0932594026361271,845,845,1155
null,all_alfworld,all,raw,D_ungated::game::unsigned,average_precision,0.7038820515882154,0.3613540829547988,0.8155014996429193,0.6169161501636111,845,845,1155
null,all_alfworld,all,raw,D_ungated::game::unsigned,auroc_large_change_vs_rest,0.45454545454545453,0.21794871794871795,0.6666666666666666,0.4441553548358282,845,845,1155
null,all_alfworld,all,raw,D_ungated::game::unsigned,top_quartile_mean_absolute_delta,0.14900866775866775,0.07461865700853615,0.25477734178126576,0.15124254550207797,845,845,1155
null,all_alfworld,all,raw,D_ungated::game::unsigned,top_quartile_lift,1.699618006545203,0.8497416433934385,2.171421406442768,1.482933922386647,845,845,1155
null,all_alfworld,all,raw,D_signed::game::reward,spearman,-0.25307596201543336,-0.5519134208769166,0.1267565028478969,-0.21318306704564569,845,845,1155
null,all_alfworld,all,raw,D_signed::game::reward,average_precision,0.5412818101778135,0.32765458173822837,0.8269622945579805,0.5797244665093676,845,845,1155
null,all_alfworld,all,raw,D_signed::game::reward,auroc_large_change_vs_rest,0.29545454545454547,0.19318181818181818,0.6444444444444445,0.4206852220757546,845,845,1155
null,all_alfworld,all,raw,D_signed::game::reward,top_quartile_mean_absolute_delta,0.04928571428571428,0.02377263177998472,0.15422175631386156,0.07949735458848445,845,845,1155
null,all_alfworld,all,raw,D_signed::game::reward,top_quartile_lift,0.5621611730742385,0.2688363125462485,1.4023710644359744,0.7778409703395784,845,845,1155
null,all_alfworld,all,raw,D_signed::game::unsigned,spearman,0.5606335547425225,-0.12155277261752878,0.591136644830968,0.23161760803428244,845,845,1155
null,all_alfworld,all,raw,D_signed::game::unsigned,average_precision,0.8423372379254732,0.40964262788448713,0.9061373561365822,0.6693419634558675,845,845,1155
null,all_alfworld,all,raw,D_signed::game::unsigned,auroc_large_change_vs_rest,0.8068181818181818,0.38661616161616164,0.8451587301587301,0.6170342954218694,845,845,1155
null,all_alfworld,all,raw,D_signed::game::unsigned,top_quartile_mean_absolute_delta,0.10097402597402598,0.03409332145445591,0.20965059601928515,0.10668220124027575,845,845,1155
null,all_alfworld,all,raw,D_signed::game::unsigned,top_quartile_lift,1.1517267775104625,0.4018749825807765,1.7207406702675365,1.0289095988629344,845,845,1155
null,all_alfworld,all,raw,D_signed_gate::game::reward,spearman,-0.14938511646744332,-0.4191627473120436,0.30755759272708916,-0.06829926473060462,845,845,1155
null,all_alfworld,all,raw,D_signed_gate::game::reward,average_precision,0.5481576430105842,0.33692874119344707,0.8295215522106277,0.5901937027615766,845,845,1155
null,all_alfworld,all,raw,D_signed_gate::game::reward,auroc_large_change_vs_rest,0.32954545454545453,0.25564102564102564,0.6815850815850815,0.471636494669039,845,845,1155
null,all_alfworld,all,raw,D_signed_gate::game::reward,top_quartile_mean_absolute_delta,0.05241071428571429,0.020604921394395077,0.14690979743940266,0.07079660315629743,845,845,1155
null,all_alfworld,all,raw,D_signed_gate::game::reward,top_quartile_lift,0.5978054503524965,0.22137521559441078,1.264556575416291,0.6911642220760674,845,845,1155
null,all_alfworld,all,raw,D_signed_gate::game::unsigned,spearman,0.22671388263882572,-0.2805022124886284,0.35253389147120284,0.0276059854766385,845,845,1155
null,all_alfworld,all,raw,D_signed_gate::game::unsigned,average_precision,0.6961119985184157,0.3622027655759274,0.8271856840279594,0.6003353349112044,845,845,1155
null,all_alfworld,all,raw,D_signed_gate::game::unsigned,auroc_large_change_vs_rest,0.625,0.2978571428571429,0.7272727272727273,0.5106599120800305,845,845,1155
null,all_alfworld,all,raw,D_signed_gate::game::unsigned,top_quartile_mean_absolute_delta,0.07284902597402598,0.025434393871893876,0.15052381362309253,0.07685549533170856,845,845,1155
null,all_alfworld,all,raw,D_signed_gate::game::unsigned,top_quartile_lift,0.8309282820061417,0.27646530031548017,1.3260421181695838,0.753189779727439,845,845,1155
null,all_alfworld,all,raw,D_sign_balance::game::reward,spearman,-0.37258405518938803,-0.6764240719657124,0.010373651427759782,-0.32342595695311954,845,845,1155
null,all_alfworld,all,raw,D_sign_balance::game::reward,average_precision,0.46112934974460434,0.31180984699118264,0.747484925880547,0.5313088088451438,845,845,1155
null,all_alfworld,all,raw,D_sign_balance::game::reward,auroc_large_change_vs_rest,0.19318181818181818,0.13636363636363635,0.5883333333333333,0.3620527664314646,845,845,1155
null,all_alfworld,all,raw,D_sign_balance::game::reward,top_quartile_mean_absolute_delta,0.038125,0.011289915966386553,0.1143731660496366,0.05378445242077392,845,845,1155
null,all_alfworld,all,raw,D_sign_balance::game::reward,top_quartile_lift,0.43486018279474614,0.12370561464653287,1.035750188200837,0.524533496023685,845,845,1155
null,all_alfworld,all,raw,D_sign_balance::game::unsigned,spearman,0.49033467640490214,-0.18129128444858308,0.5706511944145424,0.20163415927379338,845,845,1155
null,all_alfworld,all,raw,D_sign_balance::game::unsigned,average_precision,0.8347402597402597,0.40499825571254144,0.9095875163113196,0.6629641740621479,845,845,1155
null,all_alfworld,all,raw,D_sign_balance::game::unsigned,auroc_large_change_vs_rest,0.7840909090909091,0.375,0.840151515151515,0.6057802388275761,845,845,1155
null,all_alfworld,all,raw,D_sign_balance::game::unsigned,top_quartile_mean_absolute_delta,0.09333513708513708,0.029076473139263835,0.20769041919093215,0.1023570536383479,845,845,1155
null,all_alfworld,all,raw,D_sign_balance::game::unsigned,top_quartile_lift,1.0645963219413876,0.3551052309863838,1.7031773167402502,0.9853190040845774,845,845,1155
null,all_alfworld,all,raw,D_negative_fraction::game::reward,spearman,-0.19507938738689656,-0.630124989755096,0.07841485780083278,-0.27044706370816135,845,845,1155
null,all_alfworld,all,raw,D_negative_fraction::game::reward,average_precision,0.48955698271769194,0.3192980599337023,0.7514630346065551,0.5341569440673026,845,845,1155
null,all_alfworld,all,raw,D_negative_fraction::game::reward,auroc_large_change_vs_rest,0.26136363636363635,0.14285714285714285,0.6022727272727273,0.3697622742149369,845,845,1155
null,all_alfworld,all,raw,D_negative_fraction::game::reward,top_quartile_mean_absolute_delta,0.06770833333333334,0.006256578947368421,0.16745454545454538,0.07178677656923849,845,845,1155
null,all_alfworld,all,raw,D_negative_fraction::game::reward,top_quartile_lift,0.7722926743622542,0.07515391372302561,1.4129797496572005,0.6848588101572355,845,845,1155
null,all_alfworld,all,raw,D_negative_fraction::game::unsigned,spearman,0.017574719584405096,-0.5706760691953517,0.17430941326092622,-0.18685272368458297,845,845,1155
null,all_alfworld,all,raw,D_negative_fraction::game::unsigned,average_precision,0.6526691231025598,0.3315279195348855,0.7567001164866727,0.5668510029187571,845,845,1155
null,all_alfworld,all,raw,D_negative_fraction::game::unsigned,auroc_large_change_vs_rest,0.4318181818181818,0.17777777777777778,0.6222222222222222,0.40418519678874704,845,845,1155
null,all_alfworld,all,raw,D_negative_fraction::game::unsigned,top_quartile_mean_absolute_delta,0.08369932432432432,0.01633766233766234,0.18353232758620683,0.08587947498841168,845,845,1155
null,all_alfworld,all,raw,D_negative_fraction::game::unsigned,top_quartile_lift,0.9546886157500962,0.20713103434813607,1.5415393864695919,0.823551070723844,845,845,1155
null,all_alfworld,all,raw,D_adv::game::reward,spearman,0.08084371008826344,-0.4591981775539824,0.20413346353218267,-0.09987846332039071,845,845,1155
null,all_alfworld,all,raw,D_adv::game::reward,average_precision,0.6514474088003499,0.3524307130157233,0.8801466291243619,0.612345164927889,845,845,1155
null,all_alfworld,all,raw,D_adv::game::reward,auroc_large_change_vs_rest,0.5795454545454546,0.2623809523809524,0.7142857142857143,0.5026874555424852,845,845,1155
null,all_alfworld,all,raw,D_adv::game::reward,top_quartile_mean_absolute_delta,0.09761904761904762,0.02877698412698413,0.21088956794839148,0.10474497437214134,845,845,1155
null,all_alfworld,all,raw,D_adv::game::reward,top_quartile_lift,1.113459328311294,0.3292537254339607,1.738756884105351,1.009707328909711,845,845,1155
null,all_alfworld,all,raw,D_adv::game::unsigned,spearman,0.5606335547425225,-0.12155277261752878,0.591136644830968,0.23161760803428244,845,845,1155
null,all_alfworld,all,raw,D_adv::game::unsigned,average_precision,0.8423372379254732,0.40964262788448713,0.9061373561365822,0.6693419634558675,845,845,1155
null,all_alfworld,all,raw,D_adv::game::unsigned,auroc_large_change_vs_rest,0.8068181818181818,0.38661616161616164,0.8451587301587301,0.6170342954218694,845,845,1155
null,all_alfworld,all,raw,D_adv::game::unsigned,top_quartile_mean_absolute_delta,0.10097402597402598,0.03409332145445591,0.20965059601928515,0.10668220124027575,845,845,1155
null,all_alfworld,all,raw,D_adv::game::unsigned,top_quartile_lift,1.1517267775104625,0.4018749825807765,1.7207406702675365,1.0289095988629344,845,845,1155
null,all_alfworld,all,raw,D_adv_gate::game::reward,spearman,-0.2601058498491954,-0.5993596534869671,0.10264046481812761,-0.2555376765531615,845,845,1155
null,all_alfworld,all,raw,D_adv_gate::game::reward,average_precision,0.5169215373549739,0.319765375448425,0.7880383442175788,0.5419477877081822,845,845,1155
null,all_alfworld,all,raw,D_adv_gate::game::reward,auroc_large_change_vs_rest,0.3522727272727273,0.15984848484848485,0.6136363636363636,0.3915460722709243,845,845,1155
null,all_alfworld,all,raw,D_adv_gate::game::reward,top_quartile_mean_absolute_delta,0.05241071428571429,0.020604921394395077,0.14690979743940266,0.07079660315629743,845,845,1155
null,all_alfworld,all,raw,D_adv_gate::game::reward,top_quartile_lift,0.5978054503524965,0.22137521559441078,1.264556575416291,0.6911642220760674,845,845,1155
null,all_alfworld,all,raw,D_adv_gate::game::unsigned,spearman,0.22671388263882572,-0.2805022124886284,0.35253389147120284,0.0276059854766385,845,845,1155
null,all_alfworld,all,raw,D_adv_gate::game::unsigned,average_precision,0.6961119985184157,0.3622027655759274,0.8271856840279594,0.6003353349112044,845,845,1155
null,all_alfworld,all,raw,D_adv_gate::game::unsigned,auroc_large_change_vs_rest,0.625,0.2978571428571429,0.7272727272727273,0.5106599120800305,845,845,1155
null,all_alfworld,all,raw,D_adv_gate::game::unsigned,top_quartile_mean_absolute_delta,0.07284902597402598,0.025434393871893876,0.15052381362309253,0.07685549533170856,845,845,1155
null,all_alfworld,all,raw,D_adv_gate::game::unsigned,top_quartile_lift,0.8309282820061417,0.27646530031548017,1.3260421181695838,0.753189779727439,845,845,1155
null,all_alfworld,all,raw,D_sqrtadv::game::reward,spearman,-0.20035180326221808,-0.5629627623747533,0.07680152458385014,-0.23117857201008105,845,845,1155
null,all_alfworld,all,raw,D_sqrtadv::game::reward,average_precision,0.5283322671480566,0.33582730274970984,0.8448130284502462,0.5796776294006745,845,845,1155
null,all_alfworld,all,raw,D_sqrtadv::game::reward,auroc_large_change_vs_rest,0.375,0.20023809523809524,0.6282051282051282,0.43161752448734697,845,845,1155
null,all_alfworld,all,raw,D_sqrtadv::game::reward,top_quartile_mean_absolute_delta,0.0805357142857143,0.023729153199741435,0.21124810606060604,0.10062330906486465,845,845,1155
null,all_alfworld,all,raw,D_sqrtadv::game::reward,top_quartile_lift,0.9186039458568175,0.289318008533732,1.7036466115963385,0.966884041211563,845,845,1155
null,all_alfworld,all,raw,D_sqrtadv::game::unsigned,spearman,0.5606335547425225,-0.12155277261752878,0.591136644830968,0.23161760803428244,845,845,1155
null,all_alfworld,all,raw,D_sqrtadv::game::unsigned,average_precision,0.8423372379254732,0.40964262788448713,0.9061373561365822,0.6693419634558675,845,845,1155
null,all_alfworld,all,raw,D_sqrtadv::game::unsigned,auroc_large_change_vs_rest,0.8068181818181818,0.38661616161616164,0.8451587301587301,0.6170342954218694,845,845,1155
null,all_alfworld,all,raw,D_sqrtadv::game::unsigned,top_quartile_mean_absolute_delta,0.10097402597402598,0.03409332145445591,0.20965059601928515,0.10668220124027575,845,845,1155
null,all_alfworld,all,raw,D_sqrtadv::game::unsigned,top_quartile_lift,1.1517267775104625,0.4018749825807765,1.7207406702675365,1.0289095988629344,845,845,1155
null,all_alfworld,all,raw,D_work::game::reward,spearman,-0.6098427695788567,-0.583103685989829,-0.0221591452614965,-0.32054948977561154,845,845,1155
null,all_alfworld,all,raw,D_work::game::reward,average_precision,0.4562569494176586,0.31306628351561455,0.794513875183656,0.533189412126142,845,845,1155
null,all_alfworld,all,raw,D_work::game::reward,auroc_large_change_vs_rest,0.22727272727272727,0.1559090909090909,0.589102564102564,0.3604915367341403,845,845,1155
null,all_alfworld,all,raw,D_work::game::reward,top_quartile_mean_absolute_delta,0.024285714285714282,0.02325354339699192,0.11457530416012558,0.06126010757989998,845,845,1155
null,all_alfworld,all,raw,D_work::game::reward,top_quartile_lift,0.2770069548481755,0.26437623123077014,1.0741877147106949,0.6086175121224447,845,845,1155
null,all_alfworld,all,raw,D_work::game::unsigned,spearman,0.08787359792202548,-0.3536282249431123,0.35643787996298026,8.752943920940238e-05,845,845,1155
null,all_alfworld,all,raw,D_work::game::unsigned,average_precision,0.7232371460981087,0.3790905886876282,0.8128806539178055,0.6292916032082534,845,845,1155
null,all_alfworld,all,raw,D_work::game::unsigned,auroc_large_change_vs_rest,0.5795454545454546,0.2619047619047619,0.7381060606060605,0.4997608226750238,845,845,1155
null,all_alfworld,all,raw,D_work::game::unsigned,top_quartile_mean_absolute_delta,0.08080357142857143,0.0252796992481203,0.16643283854080945,0.0843760958600807,845,845,1155
null,all_alfworld,all,raw,D_work::game::unsigned,top_quartile_lift,0.9216591696235253,0.298612256398837,1.4495009957943066,0.8222657565863591,845,845,1155
null,all_alfworld,all,raw,D_work_gate::game::reward,spearman,-0.32337484035305375,-0.675337631983828,-0.07672496805296748,-0.3645942113771186,845,845,1155
null,all_alfworld,all,raw,D_work_gate::game::reward,average_precision,0.5251827206161571,0.29719628303413137,0.7308193655329877,0.49901159434663855,845,845,1155
null,all_alfworld,all,raw,D_work_gate::game::reward,auroc_large_change_vs_rest,0.375,0.14444444444444443,0.5340151515151514,0.3414163761944827,845,845,1155
null,all_alfworld,all,raw,D_work_gate::game::reward,top_quartile_mean_absolute_delta,0.05476190476190477,0.015855192939244665,0.12880472630950135,0.06468872132731299,845,845,1155
null,all_alfworld,all,raw,D_work_gate::game::reward,top_quartile_lift,0.624623525638043,0.17514249943508978,1.1434702724045187,0.6327958046937551,845,845,1155
null,all_alfworld,all,raw,D_work_gate::game::unsigned,spearman,0.02636207937660764,-0.5166967557815098,0.1670996389242576,-0.1706072873358887,845,845,1155
null,all_alfworld,all,raw,D_work_gate::game::unsigned,average_precision,0.6364173630884861,0.34523173304409477,0.7301167519349337,0.5402470553815314,845,845,1155
null,all_alfworld,all,raw,D_work_gate::game::unsigned,auroc_large_change_vs_rest,0.5340909090909091,0.20045454545454547,0.6444444444444445,0.42872766779571514,845,845,1155
null,all_alfworld,all,raw,D_work_gate::game::unsigned,top_quartile_mean_absolute_delta,0.07767857142857143,0.02320060746786753,0.16290012077294683,0.08114528983613599,845,845,1155
null,all_alfworld,all,raw,D_work_gate::game::unsigned,top_quartile_lift,0.8860148923452674,0.26183097865697497,1.4177041119239644,0.7893712481790212,845,845,1155
null,all_alfworld,all,raw,D_cos_raw::game::reward,spearman,-0.24428860222323082,-0.4662341747246739,0.17187333649672334,-0.1583288330827778,845,845,1155
null,all_alfworld,all,raw,D_cos_raw::game::reward,average_precision,0.4786913777344399,0.32936345817924767,0.8193289841063119,0.566128681164431,845,845,1155
null,all_alfworld,all,raw,D_cos_raw::game::reward,auroc_large_change_vs_rest,0.2840909090909091,0.2046037296037296,0.6655555555555552,0.4327032763423296,845,845,1155
null,all_alfworld,all,raw,D_cos_raw::game::reward,top_quartile_mean_absolute_delta,0.05241071428571429,0.020604921394395077,0.14690979743940266,0.07079660315629743,845,845,1155
null,all_alfworld,all,raw,D_cos_raw::game::reward,top_quartile_lift,0.5978054503524965,0.22137521559441078,1.264556575416291,0.6911642220760674,845,845,1155
null,all_alfworld,all,raw,D_cos_raw::game::unsigned,spearman,0.6098427695788567,-0.04757755417129192,0.6534167114739392,0.29488649836859937,845,845,1155
null,all_alfworld,all,raw,D_cos_raw::game::unsigned,average_precision,0.9264249639249639,0.4342654914529914,0.9334476891036702,0.7060257121807532,845,845,1155
null,all_alfworld,all,raw,D_cos_raw::game::unsigned,auroc_large_change_vs_rest,0.875,0.42230769230769233,0.875,0.6540881603603498,845,845,1155
null,all_alfworld,all,raw,D_cos_raw::game::unsigned,top_quartile_mean_absolute_delta,0.10753968253968253,0.0428510029519938,0.21870516475109744,0.11451358023634789,845,845,1155
null,all_alfworld,all,raw,D_cos_raw::game::unsigned,top_quartile_lift,1.226615764115287,0.4898616542780434,1.837325552807023,1.1059176236831634,845,845,1155
null,all_alfworld,all,raw,D_cos_centered::game::reward,spearman,-0.14411270059212178,-0.4828055142602866,0.1755528022623585,-0.13758497245116716,845,845,1155
null,all_alfworld,all,raw,D_cos_centered::game::reward,average_precision,0.5033125898556521,0.33172331849866676,0.8287924181082077,0.5789613861052165,845,845,1155
null,all_alfworld,all,raw,D_cos_centered::game::reward,auroc_large_change_vs_rest,0.3068181818181818,0.2159090909090909,0.6784920634920635,0.4490139988216912,845,845,1155
null,all_alfworld,all,raw,D_cos_centered::game::reward,top_quartile_mean_absolute_delta,0.05241071428571429,0.020604921394395077,0.14690979743940266,0.07079660315629743,845,845,1155
null,all_alfworld,all,raw,D_cos_centered::game::reward,top_quartile_lift,0.5978054503524965,0.22137521559441078,1.264556575416291,0.6911642220760674,845,845,1155
null,all_alfworld,all,raw,D_cos_centered::game::unsigned,spearman,0.5184542277399503,-0.1316431874232935,0.5767848764553236,0.22885723134216024,845,845,1155
null,all_alfworld,all,raw,D_cos_centered::game::unsigned,average_precision,0.8380082335964688,0.40647893772893773,0.91010003584307,0.6639131388938588,845,845,1155
null,all_alfworld,all,raw,D_cos_centered::game::unsigned,auroc_large_change_vs_rest,0.7954545454545454,0.3888888888888889,0.8461538461538461,0.6133171036721333,845,845,1155
null,all_alfworld,all,raw,D_cos_centered::game::unsigned,top_quartile_mean_absolute_delta,0.09333513708513708,0.029076473139263835,0.20769041919093215,0.1023570536383479,845,845,1155
null,all_alfworld,all,raw,D_cos_centered::game::unsigned,top_quartile_lift,1.0645963219413876,0.3551052309863838,1.7031773167402502,0.9853190040845774,845,845,1155
null,all_alfworld,all,raw,D_cos_centered_gate::game::reward,spearman,-0.21968399480506368,-0.4420028405149838,0.20366388247838985,-0.1283160373802354,845,845,1155
null,all_alfworld,all,raw,D_cos_centered_gate::game::reward,average_precision,0.49512733998028113,0.33507101558572144,0.820402100234033,0.5720660954414857,845,845,1155
null,all_alfworld,all,raw,D_cos_centered_gate::game::reward,auroc_large_change_vs_rest,0.29545454545454547,0.23863636363636365,0.6444444444444445,0.44302783180002114,845,845,1155
null,all_alfworld,all,raw,D_cos_centered_gate::game::reward,top_quartile_mean_absolute_delta,0.05241071428571429,0.020604921394395077,0.14690979743940266,0.07079660315629743,845,845,1155
null,all_alfworld,all,raw,D_cos_centered_gate::game::reward,top_quartile_lift,0.5978054503524965,0.22137521559441078,1.264556575416291,0.6911642220760674,845,845,1155
null,all_alfworld,all,raw,D_cos_centered_gate::game::unsigned,spearman,0.2038667471790991,-0.2774476260840708,0.34399523952277855,0.023672730600695822,845,845,1155
null,all_alfworld,all,raw,D_cos_centered_gate::game::unsigned,average_precision,0.6905334861217214,0.36087950244200245,0.8224998973948551,0.5976041639143767,845,845,1155
null,all_alfworld,all,raw,D_cos_centered_gate::game::unsigned,auroc_large_change_vs_rest,0.6136363636363636,0.3068181818181818,0.7385822510822511,0.5060094655508857,845,845,1155
null,all_alfworld,all,raw,D_cos_centered_gate::game::unsigned,top_quartile_mean_absolute_delta,0.07284902597402598,0.025434393871893876,0.15052381362309253,0.07685549533170856,845,845,1155
null,all_alfworld,all,raw,D_cos_centered_gate::game::unsigned,top_quartile_lift,0.8309282820061417,0.27646530031548017,1.3260421181695838,0.753189779727439,845,845,1155
null,all_alfworld,all,raw,D_cos_adv::game::reward,spearman,0.11423567729863311,-0.43207085406087664,0.23278353776558466,-0.07153930912915088,845,845,1155
null,all_alfworld,all,raw,D_cos_adv::game::reward,average_precision,0.6415453233635051,0.35208466874972294,0.8853925292973281,0.6168611260521147,845,845,1155
null,all_alfworld,all,raw,D_cos_adv::game::reward,auroc_large_change_vs_rest,0.5795454545454546,0.2777777777777778,0.7261904761904762,0.516715308031876,845,845,1155
null,all_alfworld,all,raw,D_cos_adv::game::reward,top_quartile_mean_absolute_delta,0.07428571428571429,0.030064987643935014,0.19496100261967136,0.09522396698383971,845,845,1155
null,all_alfworld,all,raw,D_cos_adv::game::reward,top_quartile_lift,0.8473153913003018,0.3336584385631248,1.6579188663441946,0.9248738127380117,845,845,1155
null,all_alfworld,all,raw,D_cos_adv::game::unsigned,spearman,0.5184542277399503,-0.1316431874232935,0.5767848764553236,0.22885723134216024,845,845,1155
null,all_alfworld,all,raw,D_cos_adv::game::unsigned,average_precision,0.8380082335964688,0.40647893772893773,0.91010003584307,0.6639131388938588,845,845,1155
null,all_alfworld,all,raw,D_cos_adv::game::unsigned,auroc_large_change_vs_rest,0.7954545454545454,0.3888888888888889,0.8461538461538461,0.6133171036721333,845,845,1155
null,all_alfworld,all,raw,D_cos_adv::game::unsigned,top_quartile_mean_absolute_delta,0.09333513708513708,0.029076473139263835,0.20769041919093215,0.1023570536383479,845,845,1155
null,all_alfworld,all,raw,D_cos_adv::game::unsigned,top_quartile_lift,1.0645963219413876,0.3551052309863838,1.7031773167402502,0.9853190040845774,845,845,1155
null,all_alfworld,all,raw,D_cos_negative::game::reward,spearman,-0.19859433130377757,-0.5920142995584708,0.1435854590045895,-0.2167508542425588,845,845,1155
null,all_alfworld,all,raw,D_cos_negative::game::reward,average_precision,0.4962866167200533,0.3195750133724205,0.7844897585000138,0.5532384135003421,845,845,1155
null,all_alfworld,all,raw,D_cos_negative::game::reward,auroc_large_change_vs_rest,0.2727272727272727,0.15733766233766233,0.6477272727272727,0.40227819846163043,845,845,1155
null,all_alfworld,all,raw,D_cos_negative::game::reward,top_quartile_mean_absolute_delta,0.06625,0.01417361111111111,0.18143434343434345,0.08361115832934113,845,845,1155
null,all_alfworld,all,raw,D_cos_negative::game::reward,top_quartile_lift,0.7556586782990672,0.17370304984539736,1.5097595022761297,0.8002533151591805,845,845,1155
null,all_alfworld,all,raw,D_cos_negative::game::unsigned,spearman,0.09490348575578751,-0.4740134100769454,0.261340291723255,-0.09392642438242371,845,845,1155
null,all_alfworld,all,raw,D_cos_negative::game::unsigned,average_precision,0.7008517485579123,0.3642045647850602,0.8155014996429193,0.6172541377443959,845,845,1155
null,all_alfworld,all,raw,D_cos_negative::game::unsigned,auroc_large_change_vs_rest,0.4431818181818182,0.2222222222222222,0.6666666666666666,0.4410848044132068,845,845,1155
null,all_alfworld,all,raw,D_cos_negative::game::unsigned,top_quartile_mean_absolute_delta,0.14900866775866775,0.07461865700853615,0.25477734178126576,0.15124254550207797,845,845,1155
null,all_alfworld,all,raw,D_cos_negative::game::unsigned,top_quartile_lift,1.699618006545203,0.8497416433934385,2.171421406442768,1.482933922386647,845,845,1155
null,all_alfworld,all,raw,D_soft::game::reward,spearman,-0.26186332180763594,-0.4511323742287334,0.13654109493743496,-0.17737618478610906,845,845,1155
null,all_alfworld,all,raw,D_soft::game::reward,average_precision,0.487152858321589,0.3263121793926747,0.774693329055337,0.5297956653693668,845,845,1155
null,all_alfworld,all,raw,D_soft::game::reward,auroc_large_change_vs_rest,0.3068181818181818,0.2262987012987013,0.6066849816849815,0.4178302187621714,845,845,1155
null,all_alfworld,all,raw,D_soft::game::reward,top_quartile_mean_absolute_delta,0.04883928571428571,0.026514610389610387,0.13226729269293924,0.06907172253471504,845,845,1155
null,all_alfworld,all,raw,D_soft::game::reward,top_quartile_lift,0.5570691334630589,0.277226234770499,1.1810127263992138,0.6835884516179276,845,845,1155
null,all_alfworld,all,raw,D_soft::game::unsigned,spearman,0.04042185504413172,-0.34097018039857874,0.23542914003000676,-0.05165431793083228,845,845,1155
null,all_alfworld,all,raw,D_soft::game::unsigned,average_precision,0.6060522810522811,0.35002834467120175,0.8256099875847777,0.5720151832651915,845,845,1155
null,all_alfworld,all,raw,D_soft::game::unsigned,auroc_large_change_vs_rest,0.5227272727272727,0.2732323232323232,0.6921245421245421,0.47736776537072395,845,845,1155
null,all_alfworld,all,raw,D_soft::game::unsigned,top_quartile_mean_absolute_delta,0.07284902597402598,0.025434393871893876,0.15052381362309253,0.07685549533170856,845,845,1155
null,all_alfworld,all,raw,D_soft::game::unsigned,top_quartile_lift,0.8309282820061417,0.27646530031548017,1.3260421181695838,0.753189779727439,845,845,1155
null,all_alfworld,all,raw,D_soft_negative::game::reward,spearman,-0.37961394302315005,-0.6758951984082757,0.0025463259530662612,-0.3279200086862924,845,845,1155
null,all_alfworld,all,raw,D_soft_negative::game::reward,average_precision,0.4490005694340059,0.29873790634674924,0.7414014465435297,0.5026814383676101,845,845,1155
null,all_alfworld,all,raw,D_soft_negative::game::reward,auroc_large_change_vs_rest,0.17045454545454544,0.11370129870129869,0.577142857142857,0.33479136576769714,845,845,1155
null,all_alfworld,all,raw,D_soft_negative::game::reward,top_quartile_mean_absolute_delta,0.06937499999999999,0.01699392420445052,0.18633342617349966,0.08684196435328585,845,845,1155
null,all_alfworld,all,raw,D_soft_negative::game::reward,top_quartile_lift,0.7913029555773249,0.19735945916611894,1.5263462620941728,0.8331478235665185,845,845,1155
null,all_alfworld,all,raw,D_soft_negative::game::unsigned,spearman,-0.28646792922580305,-0.6004304971522793,0.12557982488834257,-0.2464450190928233,845,845,1155
null,all_alfworld,all,raw,D_soft_negative::game::unsigned,average_precision,0.5539957450842619,0.3178733490236973,0.7747549446106499,0.537710253400849,845,845,1155
null,all_alfworld,all,raw,D_soft_negative::game::unsigned,auroc_large_change_vs_rest,0.3522727272727273,0.15384615384615385,0.6111111111111112,0.3718957603868846,845,845,1155
null,all_alfworld,all,raw,D_soft_negative::game::unsigned,top_quartile_mean_absolute_delta,0.034337121212121215,0.00887012987012987,0.11419514460552195,0.049882515473665213,845,845,1155
null,all_alfworld,all,raw,D_soft_negative::game::unsigned,top_quartile_lift,0.3916549982150397,0.09458503458249334,1.0398606989356842,0.4848197329064486,845,845,1155
null,all_alfworld,all,raw,D_soft_cos::game::reward,spearman,-0.11775062121551413,-0.41771135422450417,0.1587246285693841,-0.13389320033375654,845,845,1155
null,all_alfworld,all,raw,D_soft_cos::game::reward,average_precision,0.5127272838960145,0.33402719969566774,0.8037503574611047,0.55943740572458,845,845,1155
null,all_alfworld,all,raw,D_soft_cos::game::reward,auroc_large_change_vs_rest,0.36363636363636365,0.245,0.6547619047619048,0.4455973940589325,845,845,1155
null,all_alfworld,all,raw,D_soft_cos::game::reward,top_quartile_mean_absolute_delta,0.05241071428571429,0.020604921394395077,0.14690979743940266,0.07079660315629743,845,845,1155
null,all_alfworld,all,raw,D_soft_cos::game::reward,top_quartile_lift,0.5978054503524965,0.22137521559441078,1.264556575416291,0.6911642220760674,845,845,1155
null,all_alfworld,all,raw,D_soft_cos::game::unsigned,spearman,0.13884028471680024,-0.3037994541701053,0.27893496601682666,-0.0245760462652829,845,845,1155
null,all_alfworld,all,raw,D_soft_cos::game::unsigned,average_precision,0.6319653756819531,0.3545552201066907,0.8266956677776005,0.5727684673048421,845,845,1155
null,all_alfworld,all,raw,D_soft_cos::game::unsigned,auroc_large_change_vs_rest,0.5681818181818182,0.2956709956709957,0.7043290043290044,0.4854410185475274,845,845,1155
null,all_alfworld,all,raw,D_soft_cos::game::unsigned,top_quartile_mean_absolute_delta,0.06521013708513708,0.019554032976827094,0.147235347985348,0.0725303477297807,845,845,1155
null,all_alfworld,all,raw,D_soft_cos::game::unsigned,top_quartile_lift,0.7437978264370667,0.2123313230152858,1.2843740475858234,0.709599184949082,845,845,1155
null,all_alfworld,all,raw,D_sigmoid::game::reward,spearman,-0.20210927522065858,-0.44446465828960485,0.2415580234437489,-0.12248750122137725,845,845,1155
null,all_alfworld,all,raw,D_sigmoid::game::reward,average_precision,0.49859949249549584,0.33739849707825714,0.8176893545051439,0.574829152700802,845,845,1155
null,all_alfworld,all,raw,D_sigmoid::game::reward,auroc_large_change_vs_rest,0.3068181818181818,0.23863636363636365,0.6659090909090907,0.44918191111978095,845,845,1155
null,all_alfworld,all,raw,D_sigmoid::game::reward,top_quartile_mean_absolute_delta,0.05241071428571429,0.020604921394395077,0.14690979743940266,0.07079660315629743,845,845,1155
null,all_alfworld,all,raw,D_sigmoid::game::reward,top_quartile_lift,0.5978054503524965,0.22137521559441078,1.264556575416291,0.6911642220760674,845,845,1155
null,all_alfworld,all,raw,D_sigmoid::game::unsigned,spearman,0.38137141498159055,-0.21762325704276117,0.4503754811302465,0.10123278868368477,845,845,1155
null,all_alfworld,all,raw,D_sigmoid::game::unsigned,average_precision,0.7543724249606601,0.3827505368406104,0.8718779217980901,0.6276668523473021,845,845,1155
null,all_alfworld,all,raw,D_sigmoid::game::unsigned,auroc_large_change_vs_rest,0.7045454545454546,0.32222222222222224,0.7772727272727271,0.5484335897501578,845,845,1155
null,all_alfworld,all,raw,D_sigmoid::game::unsigned,top_quartile_mean_absolute_delta,0.10097402597402598,0.03409332145445591,0.20965059601928515,0.10668220124027575,845,845,1155
null,all_alfworld,all,raw,D_sigmoid::game::unsigned,top_quartile_lift,1.1517267775104625,0.4018749825807765,1.7207406702675365,1.0289095988629344,845,845,1155
null,all_alfworld,all,raw,D_tauC_q25::game::reward,spearman,-0.16168742017652687,-0.4215483910192419,0.2670595908859433,-0.08917286456792502,845,845,1155
null,all_alfworld,all,raw,D_tauC_q25::game::reward,average_precision,0.5148196359883667,0.33937002432551966,0.8328140534523217,0.5853312508140961,845,845,1155
null,all_alfworld,all,raw,D_tauC_q25::game::reward,auroc_large_change_vs_rest,0.3409090909090909,0.26136363636363635,0.6785714285714286,0.4676614772472761,845,845,1155
null,all_alfworld,all,raw,D_tauC_q25::game::reward,top_quartile_mean_absolute_delta,0.05241071428571429,0.020604921394395077,0.14690979743940266,0.07079660315629743,845,845,1155
null,all_alfworld,all,raw,D_tauC_q25::game::reward,top_quartile_lift,0.5978054503524965,0.22137521559441078,1.264556575416291,0.6911642220760674,845,845,1155
null,all_alfworld,all,raw,D_tauC_q25::game::unsigned,spearman,0.16695983605184841,-0.28083185899887364,0.35304675778774336,0.034180368474977685,845,845,1155
null,all_alfworld,all,raw,D_tauC_q25::game::unsigned,average_precision,0.6828411784294137,0.36524683649683654,0.8302271561305175,0.6046467253581622,845,845,1155
null,all_alfworld,all,raw,D_tauC_q25::game::unsigned,auroc_large_change_vs_rest,0.5909090909090909,0.30068181818181816,0.7177447552447552,0.511933543116975,845,845,1155
null,all_alfworld,all,raw,D_tauC_q25::game::unsigned,top_quartile_mean_absolute_delta,0.07284902597402598,0.025434393871893876,0.15052381362309253,0.07685549533170856,845,845,1155
null,all_alfworld,all,raw,D_tauC_q25::game::unsigned,top_quartile_lift,0.8309282820061417,0.27646530031548017,1.3260421181695838,0.753189779727439,845,845,1155
null,all_alfworld,all,raw,D_tauC_q50::game::reward,spearman,-0.33567714406213733,-0.461518254170495,0.21754376993904212,-0.13971509202119356,845,845,1155
null,all_alfworld,all,raw,D_tauC_q50::game::reward,average_precision,0.5058799719684888,0.3394353307511202,0.7737801663184831,0.543544708914673,845,845,1155
null,all_alfworld,all,raw,D_tauC_q50::game::reward,auroc_large_change_vs_rest,0.3409090909090909,0.25564102564102564,0.6428571428571429,0.44249080144050557,845,845,1155
null,all_alfworld,all,raw,D_tauC_q50::game::reward,top_quartile_mean_absolute_delta,0.04883928571428571,0.026514610389610387,0.13226729269293924,0.06907172253471504,845,845,1155
null,all_alfworld,all,raw,D_tauC_q50::game::reward,top_quartile_lift,0.5570691334630589,0.277226234770499,1.1810127263992138,0.6835884516179276,845,845,1155
null,all_alfworld,all,raw,D_tauC_q50::game::unsigned,spearman,0.003514943916881019,-0.302735042259237,0.27815247873846005,-0.009148406688594008,845,845,1155
null,all_alfworld,all,raw,D_tauC_q50::game::unsigned,average_precision,0.5768221974104327,0.3652971140379229,0.8340163291648017,0.5836775961670878,845,845,1155
null,all_alfworld,all,raw,D_tauC_q50::game::unsigned,auroc_large_change_vs_rest,0.4659090909090909,0.28888888888888886,0.6923076923076923,0.4911144887328319,845,845,1155
null,all_alfworld,all,raw,D_tauC_q50::game::unsigned,top_quartile_mean_absolute_delta,0.056182359307359306,0.02746290224112805,0.10739680865814294,0.06320156359979233,845,845,1155
null,all_alfworld,all,raw,D_tauC_q50::game::unsigned,top_quartile_lift,0.6408254698554329,0.28814372707209923,1.0603562018475654,0.6302946947725383,845,845,1155
null,all_alfworld,all,raw,D_tauC_q75::game::reward,spearman,-0.18813203170525503,-0.4039880821402358,0.22089481270362535,-0.10281006545804697,845,845,1155
null,all_alfworld,all,raw,D_tauC_q75::game::reward,average_precision,0.4935344883874296,0.32873344209478667,0.7825799229948386,0.539447253032242,845,845,1155
null,all_alfworld,all,raw,D_tauC_q75::game::reward,auroc_large_change_vs_rest,0.3352272727272727,0.24300324675324675,0.6472402597402597,0.4419612217171389,845,845,1155
null,all_alfworld,all,raw,D_tauC_q75::game::reward,top_quartile_mean_absolute_delta,0.039099025974025974,0.022698468159149138,0.10621610007639419,0.059079898292515615,845,845,1155
null,all_alfworld,all,raw,D_tauC_q75::game::reward,top_quartile_lift,0.4459700874009564,0.24282199061136292,1.0121283741636482,0.5874714070743902,845,845,1155
null,all_alfworld,all,raw,D_tauC_q75::game::unsigned,spearman,-0.18109905855739503,-0.3681761442904711,0.29816179427641337,-0.05613648595788196,845,845,1155
null,all_alfworld,all,raw,D_tauC_q75::game::unsigned,average_precision,0.505677403404676,0.3406784749156073,0.8167745999915116,0.5590584077518834,845,845,1155
null,all_alfworld,all,raw,D_tauC_q75::game::unsigned,auroc_large_change_vs_rest,0.35795454545454547,0.2611111111111111,0.6700757575757574,0.46276429602613034,845,845,1155
null,all_alfworld,all,raw,D_tauC_q75::game::unsigned,top_quartile_mean_absolute_delta,0.048543470418470416,0.021848959730504946,0.1080393503555268,0.058876415997864494,845,845,1155
null,all_alfworld,all,raw,D_tauC_q75::game::unsigned,top_quartile_lift,0.553695014286358,0.23688349508169415,1.0581042860320384,0.5867040999941813,845,845,1155
null,all_alfworld,all,raw,D_delta_q25::game::reward,spearman,-0.28998287314268406,-0.5652645026984866,0.11881937974032473,-0.23508455816582544,845,845,1155
null,all_alfworld,all,raw,D_delta_q25::game::reward,average_precision,0.5551471115431149,0.3274637938846253,0.8214335778143023,0.5800058864388867,845,845,1155
null,all_alfworld,all,raw,D_delta_q25::game::reward,auroc_large_change_vs_rest,0.3409090909090909,0.18931818181818183,0.6554761904761904,0.4209638454904728,845,845,1155
null,all_alfworld,all,raw,D_delta_q25::game::reward,top_quartile_mean_absolute_delta,0.04928571428571428,0.02377263177998472,0.15422175631386156,0.07949735458848445,845,845,1155
null,all_alfworld,all,raw,D_delta_q25::game::reward,top_quartile_lift,0.5621611730742385,0.2688363125462485,1.4023710644359744,0.7778409703395784,845,845,1155
null,all_alfworld,all,raw,D_delta_q25::game::unsigned,spearman,0.5166967557815098,-0.18476757733108695,0.5353152925424137,0.17248203749195812,845,845,1155
null,all_alfworld,all,raw,D_delta_q25::game::unsigned,average_precision,0.8223470973470974,0.3918427464609326,0.8973256578947367,0.6559110650722819,845,845,1155
null,all_alfworld,all,raw,D_delta_q25::game::unsigned,auroc_large_change_vs_rest,0.7727272727272727,0.36393939393939395,0.8111111111111111,0.5879300269093168,845,845,1155
null,all_alfworld,all,raw,D_delta_q25::game::unsigned,top_quartile_mean_absolute_delta,0.10097402597402598,0.03409332145445591,0.20965059601928515,0.10668220124027575,845,845,1155
null,all_alfworld,all,raw,D_delta_q25::game::unsigned,top_quartile_lift,1.1517267775104625,0.4018749825807765,1.7207406702675365,1.0289095988629344,845,845,1155
null,all_alfworld,all,raw,D_delta_q50::game::reward,spearman,-0.19683685934533707,-0.46192909429070683,0.260824416317906,-0.10278333477538391,845,845,1155
null,all_alfworld,all,raw,D_delta_q50::game::reward,average_precision,0.5708999193413772,0.3486638554943508,0.8637375895334208,0.6097839787385562,845,845,1155
null,all_alfworld,all,raw,D_delta_q50::game::reward,auroc_large_change_vs_rest,0.375,0.25,0.7105128205128204,0.48258196931273845,845,845,1155
null,all_alfworld,all,raw,D_delta_q50::game::reward,top_quartile_mean_absolute_delta,0.04928571428571428,0.02377263177998472,0.15422175631386156,0.07949735458848445,845,845,1155
null,all_alfworld,all,raw,D_delta_q50::game::reward,top_quartile_lift,0.5621611730742385,0.2688363125462485,1.4023710644359744,0.7778409703395784,845,845,1155
null,all_alfworld,all,raw,D_delta_q50::game::unsigned,spearman,0.47627490073737805,-0.2781931161783192,0.4433419220279172,0.07252278478602081,845,845,1155
null,all_alfworld,all,raw,D_delta_q50::game::unsigned,average_precision,0.7903747767384132,0.3764263013817967,0.8680786288303771,0.6298431124267644,845,845,1155
null,all_alfworld,all,raw,D_delta_q50::game::unsigned,auroc_large_change_vs_rest,0.75,0.3,0.7853479853479852,0.5421067361304048,845,845,1155
null,all_alfworld,all,raw,D_delta_q50::game::unsigned,top_quartile_mean_absolute_delta,0.10097402597402598,0.03409332145445591,0.20965059601928515,0.10668220124027575,845,845,1155
null,all_alfworld,all,raw,D_delta_q50::game::unsigned,top_quartile_lift,1.1517267775104625,0.4018749825807765,1.7207406702675365,1.0289095988629344,845,845,1155
null,all_alfworld,all,raw,D_delta_q75::game::reward,spearman,-0.20738169109598012,-0.4876562891320856,0.19847900054383716,-0.134282724232064,845,845,1155
null,all_alfworld,all,raw,D_delta_q75::game::reward,average_precision,0.6096954738665968,0.3415008346916241,0.8513811411666766,0.5955440028972522,845,845,1155
null,all_alfworld,all,raw,D_delta_q75::game::reward,auroc_large_change_vs_rest,0.4772727272727273,0.23333333333333334,0.7023809523809523,0.4641754530807785,845,845,1155
null,all_alfworld,all,raw,D_delta_q75::game::reward,top_quartile_mean_absolute_delta,0.04476594027441485,0.021064548162859978,0.1532827719155844,0.07613928983293894,845,845,1155
null,all_alfworld,all,raw,D_delta_q75::game::reward,top_quartile_lift,0.5106078680842159,0.2535568511098397,1.3723244799488628,0.7438873473605173,845,845,1155
null,all_alfworld,all,raw,D_delta_q75::game::unsigned,spearman,0.2425311302647903,-0.44460170291020923,0.26547356372102077,-0.0783563183330552,845,845,1155
null,all_alfworld,all,raw,D_delta_q75::game::unsigned,average_precision,0.689974033690611,0.3523809981451788,0.8528971238892391,0.5973363662516963,845,845,1155
null,all_alfworld,all,raw,D_delta_q75::game::unsigned,auroc_large_change_vs_rest,0.5681818181818182,0.24367521367521366,0.6794871794871795,0.47425948804647033,845,845,1155
null,all_alfworld,all,raw,D_delta_q75::game::unsigned,top_quartile_mean_absolute_delta,0.07225378787878788,0.011252627938067404,0.17772382567368028,0.07880710306256258,845,845,1155
null,all_alfworld,all,raw,D_delta_q75::game::unsigned,top_quartile_lift,0.8241388958579019,0.13012127067935342,1.4560062689260682,0.7553724916660808,845,845,1155
null,all_alfworld,all,raw,D_winsor::game::reward,spearman,-0.29877023293488664,-0.5878977867692329,0.07838724684967649,-0.2529890706442667,845,845,1155
null,all_alfworld,all,raw,D_winsor::game::reward,average_precision,0.4920393859353893,0.32488589734139267,0.8139214002371898,0.5645522322280966,845,845,1155
null,all_alfworld,all,raw,D_winsor::game::reward,auroc_large_change_vs_rest,0.2727272727272727,0.17045454545454544,0.6363636363636364,0.4038292739476171,845,845,1155
null,all_alfworld,all,raw,D_winsor::game::reward,top_quartile_mean_absolute_delta,0.04928571428571428,0.02377263177998472,0.15422175631386156,0.07949735458848445,845,845,1155
null,all_alfworld,all,raw,D_winsor::game::reward,top_quartile_lift,0.5621611730742385,0.2688363125462485,1.4023710644359744,0.7778409703395784,845,845,1155
null,all_alfworld,all,raw,D_winsor::game::unsigned,spearman,0.5342714753659149,-0.16215618130317308,0.5762701220342177,0.20282197947451477,845,845,1155
null,all_alfworld,all,raw,D_winsor::game::unsigned,average_precision,0.8390692640692641,0.40702435140722953,0.9060955281388716,0.664926611820048,845,845,1155
null,all_alfworld,all,raw,D_winsor::game::unsigned,auroc_large_change_vs_rest,0.7954545454545454,0.36363636363636365,0.8333333333333334,0.602022701164713,845,845,1155
null,all_alfworld,all,raw,D_winsor::game::unsigned,top_quartile_mean_absolute_delta,0.10097402597402598,0.03409332145445591,0.20965059601928515,0.10668220124027575,845,845,1155
null,all_alfworld,all,raw,D_winsor::game::unsigned,top_quartile_lift,1.1517267775104625,0.4018749825807765,1.7207406702675365,1.0289095988629344,845,845,1155
null,all_alfworld,all,raw,D_tanh::game::reward,spearman,-0.33391967210369683,-0.6510233380053776,0.0014059775667523277,-0.31704065394585684,845,845,1155
null,all_alfworld,all,raw,D_tanh::game::reward,average_precision,0.46710825645880516,0.3120171688476642,0.7648139666953669,0.5394244186510367,845,845,1155
null,all_alfworld,all,raw,D_tanh::game::reward,auroc_large_change_vs_rest,0.2159090909090909,0.13363636363636364,0.5833333333333334,0.36656124775947263,845,845,1155
null,all_alfworld,all,raw,D_tanh::game::reward,top_quartile_mean_absolute_delta,0.038125,0.011289915966386553,0.1143731660496366,0.05378445242077392,845,845,1155
null,all_alfworld,all,raw,D_tanh::game::reward,top_quartile_lift,0.43486018279474614,0.12370561464653287,1.035750188200837,0.524533496023685,845,845,1155
null,all_alfworld,all,raw,D_tanh::game::unsigned,spearman,0.5026369801139857,-0.16216309544928886,0.5682508724809304,0.20266543910733786,845,845,1155
null,all_alfworld,all,raw,D_tanh::game::unsigned,average_precision,0.8390692640692641,0.40246380603523463,0.9076799885700814,0.6613112020088787,845,845,1155
null,all_alfworld,all,raw,D_tanh::game::unsigned,auroc_large_change_vs_rest,0.7954545454545454,0.375,0.8409090909090909,0.6043571714281774,845,845,1155
null,all_alfworld,all,raw,D_tanh::game::unsigned,top_quartile_mean_absolute_delta,0.09333513708513708,0.029076473139263835,0.20769041919093215,0.1023570536383479,845,845,1155
null,all_alfworld,all,raw,D_tanh::game::unsigned,top_quartile_lift,1.0645963219413876,0.3551052309863838,1.7031773167402502,0.9853190040845774,845,845,1155
null,all_alfworld,all,raw,D_action_sign::game::reward,spearman,-0.008787359792202548,-0.41930263721169986,0.29070060491136324,-0.038751903550462326,845,845,1155
null,all_alfworld,all,raw,D_action_sign::game::reward,average_precision,0.5988680437209848,0.3512461010045043,0.8549135402995696,0.6046253663941322,845,845,1155
null,all_alfworld,all,raw,D_action_sign::game::reward,auroc_large_change_vs_rest,0.45454545454545453,0.2727272727272727,0.7285714285714285,0.5080584060909504,845,845,1155
null,all_alfworld,all,raw,D_action_sign::game::reward,top_quartile_mean_absolute_delta,0.0475,0.012864733950260264,0.13796875,0.06509457341852544,845,845,1155
null,all_alfworld,all,raw,D_action_sign::game::reward,top_quartile_lift,0.5417930146295198,0.13573977277156887,1.220549618921581,0.6312286459841127,845,845,1155
null,all_alfworld,all,raw,D_action_sign::game::unsigned,spearman,0.2425311302647903,-0.21404386542625353,0.4796733526225681,0.12506484953066227,845,845,1155
null,all_alfworld,all,raw,D_action_sign::game::unsigned,average_precision,0.8126030831913184,0.4078697486079452,0.8685183835772069,0.6815530506558836,845,845,1155
null,all_alfworld,all,raw,D_action_sign::game::unsigned,auroc_large_change_vs_rest,0.6931818181818182,0.33444444444444443,0.7723776223776223,0.5662787820332199,845,845,1155
null,all_alfworld,all,raw,D_action_sign::game::unsigned,top_quartile_mean_absolute_delta,0.14307432432432432,0.07780418765287186,0.23068998311737277,0.14519326565696225,845,845,1155
null,all_alfworld,all,raw,D_action_sign::game::unsigned,top_quartile_lift,1.631929884036996,0.8252441741199461,2.0968514108222154,1.4424399207714733,845,845,1155
null,all_alfworld,all,raw,D_action_adv::game::reward,spearman,0.11247820534019261,-0.4315203285281601,0.22364651462992458,-0.09615523037199802,845,845,1155
null,all_alfworld,all,raw,D_action_adv::game::reward,average_precision,0.605988455988456,0.3564696821711141,0.8503440410638552,0.6030012478662604,845,845,1155
null,all_alfworld,all,raw,D_action_adv::game::reward,auroc_large_change_vs_rest,0.5454545454545454,0.2777777777777778,0.7133116883116881,0.49447613694655107,845,845,1155
null,all_alfworld,all,raw,D_action_adv::game::reward,top_quartile_mean_absolute_delta,0.08333333333333333,0.029482327586206895,0.20265854978354977,0.0996643810927496,845,845,1155
null,all_alfworld,all,raw,D_action_adv::game::reward,top_quartile_lift,0.9505140607535435,0.33588566512076445,1.691788225772949,0.9626478595281774,845,845,1155
null,all_alfworld,all,raw,D_action_adv::game::unsigned,spearman,0.2425311302647903,-0.21404386542625353,0.4796733526225681,0.12506484953066227,845,845,1155
null,all_alfworld,all,raw,D_action_adv::game::unsigned,average_precision,0.8126030831913184,0.4078697486079452,0.8685183835772069,0.6815530506558836,845,845,1155
null,all_alfworld,all,raw,D_action_adv::game::unsigned,auroc_large_change_vs_rest,0.6931818181818182,0.33444444444444443,0.7723776223776223,0.5662787820332199,845,845,1155
null,all_alfworld,all,raw,D_action_adv::game::unsigned,top_quartile_mean_absolute_delta,0.14307432432432432,0.07780418765287186,0.23068998311737277,0.14519326565696225,845,845,1155
null,all_alfworld,all,raw,D_action_adv::game::unsigned,top_quartile_lift,1.631929884036996,0.8252441741199461,2.0968514108222154,1.4424399207714733,845,845,1155
null,all_alfworld,all,raw,D_action_adv_clip::game::reward,spearman,0.07205635029606089,-0.34344113495482786,0.32714818899879183,-0.00044901888959557107,845,845,1155
null,all_alfworld,all,raw,D_action_adv_clip::game::reward,average_precision,0.5854842053371464,0.37447476747109093,0.8978268118752459,0.6321676468709866,845,845,1155
null,all_alfworld,all,raw,D_action_adv_clip::game::reward,auroc_large_change_vs_rest,0.5,0.3333333333333333,0.7840909090909091,0.5513224579496768,845,845,1155
null,all_alfworld,all,raw,D_action_adv_clip::game::reward,top_quartile_mean_absolute_delta,0.06,0.03136913780663781,0.1885028801843318,0.09014337370444794,845,845,1155
null,all_alfworld,all,raw,D_action_adv_clip::game::reward,top_quartile_lift,0.6843701237425514,0.3374375461702999,1.6000161527763341,0.8778143433564781,845,845,1155
null,all_alfworld,all,raw,D_action_adv_clip::game::unsigned,spearman,0.2425311302647903,-0.21404386542625353,0.4796733526225681,0.12506484953066227,845,845,1155
null,all_alfworld,all,raw,D_action_adv_clip::game::unsigned,average_precision,0.8126030831913184,0.4078697486079452,0.8685183835772069,0.6815530506558836,845,845,1155
null,all_alfworld,all,raw,D_action_adv_clip::game::unsigned,auroc_large_change_vs_rest,0.6931818181818182,0.33444444444444443,0.7723776223776223,0.5662787820332199,845,845,1155
null,all_alfworld,all,raw,D_action_adv_clip::game::unsigned,top_quartile_mean_absolute_delta,0.14307432432432432,0.07780418765287186,0.23068998311737277,0.14519326565696225,845,845,1155
null,all_alfworld,all,raw,D_action_adv_clip::game::unsigned,top_quartile_lift,1.631929884036996,0.8252441741199461,2.0968514108222154,1.4424399207714733,845,845,1155
null,all_alfworld,all,raw,D_ratio_adv::game::reward,spearman,0.2038667471790991,-0.18482772638530331,0.36861259914244004,0.10125239710152928,845,845,1155
null,all_alfworld,all,raw,D_ratio_adv::game::reward,average_precision,0.5859939303121121,0.38542550377254325,0.8455602776852776,0.620619189487793,845,845,1155
null,all_alfworld,all,raw,D_ratio_adv::game::reward,auroc_large_change_vs_rest,0.5568181818181818,0.35260101010101014,0.7997619047619048,0.5858848038877624,845,845,1155
null,all_alfworld,all,raw,D_ratio_adv::game::reward,top_quartile_mean_absolute_delta,0.056199324324324326,0.033370128555100596,0.12142312815156013,0.07340007219935496,845,845,1155
null,all_alfworld,all,raw,D_ratio_adv::game::reward,top_quartile_lift,0.641018975701427,0.3473683653237817,1.1864461577995786,0.7314429727428237,845,845,1155
null,all_alfworld,all,raw,D_ratio_adv::game::unsigned,spearman,0.6924439516255607,0.03710753908806784,0.6871111250541003,0.36660699684512565,845,845,1155
null,all_alfworld,all,raw,D_ratio_adv::game::unsigned,average_precision,0.9483011937557393,0.4844584560606232,0.939321481064515,0.7352604343136249,845,845,1155
null,all_alfworld,all,raw,D_ratio_adv::game::unsigned,auroc_large_change_vs_rest,0.9204545454545454,0.45454545454545453,0.8976981351981351,0.6745694492883842,845,845,1155
null,all_alfworld,all,raw,D_ratio_adv::game::unsigned,top_quartile_mean_absolute_delta,0.15128968253968253,0.0704461229946524,0.25002232142857134,0.1561779617949602,845,845,1155
null,all_alfworld,all,raw,D_ratio_adv::game::unsigned,top_quartile_lift,1.7256356460108975,0.8824933772215334,2.1372607449591547,1.5327532177529186,845,845,1155
null,all_alfworld,all,raw,D_policy_action_adv::game::reward,spearman,0.08787359792202548,-0.2252060258596024,0.2879355555174889,0.049221160714336167,845,845,1155
null,all_alfworld,all,raw,D_policy_action_adv::game::reward,average_precision,0.7227662414828191,0.417182619259825,0.9157096386585549,0.6843207317062057,845,845,1155
null,all_alfworld,all,raw,D_policy_action_adv::game::reward,auroc_large_change_vs_rest,0.6363636363636364,0.3888888888888889,0.7857142857142857,0.5956726869448763,845,845,1155
null,all_alfworld,all,raw,D_policy_action_adv::game::reward,top_quartile_mean_absolute_delta,0.06970475910693302,0.040341679154179154,0.14612646949769892,0.08665758715778062,845,845,1155
null,all_alfworld,all,raw,D_policy_action_adv::game::reward,top_quartile_lift,0.7950642435909414,0.43635555991868047,1.3730921951705446,0.8592528102355833,845,845,1155
null,all_alfworld,all,raw,D_policy_action_adv::game::unsigned,spearman,-0.19507938738689656,-0.2236946244306126,0.44257929103445753,0.10427001456310345,845,845,1155
null,all_alfworld,all,raw,D_policy_action_adv::game::unsigned,average_precision,0.5327841276370687,0.4168549485645074,0.7847980255374233,0.613973478410032,845,845,1155
null,all_alfworld,all,raw,D_policy_action_adv::game::unsigned,auroc_large_change_vs_rest,0.3977272727272727,0.31038961038961044,0.7555555555555555,0.5340655564028345,845,845,1155
null,all_alfworld,all,raw,D_policy_action_adv::game::unsigned,top_quartile_mean_absolute_delta,0.15763888888888888,0.09504020467836256,0.24212642746316115,0.16740385408286698,845,845,1155
null,all_alfworld,all,raw,D_policy_action_adv::game::unsigned,top_quartile_lift,1.7980557649254532,1.0598439910744017,2.327466437465517,1.6678971579521644,845,845,1155
null,all_alfworld,all,raw,D_reward_only::game::reward,spearman,-0.36028175148030445,-0.5097362917892397,0.15047780899828025,-0.1923787903574365,845,845,1155
null,all_alfworld,all,raw,D_reward_only::game::reward,average_precision,0.5271762262192884,0.31942989748807143,0.8086060947198165,0.5531802180312735,845,845,1155
null,all_alfworld,all,raw,D_reward_only::game::reward,auroc_large_change_vs_rest,0.36363636363636365,0.2,0.6405594405594405,0.4094755753779422,845,845,1155
null,all_alfworld,all,raw,D_reward_only::game::reward,top_quartile_mean_absolute_delta,0.03539682539682539,0.026126687723824992,0.12088769755393795,0.06418025561316447,845,845,1155
null,all_alfworld,all,raw,D_reward_only::game::reward,top_quartile_lift,0.40374216294864795,0.27169159814839716,1.1289198411613,0.6365679617806701,845,845,1155
null,all_alfworld,all,raw,D_reward_only::game::unsigned,spearman,,,,,0,845,1155
null,all_alfworld,all,raw,D_reward_only::game::unsigned,average_precision,0.5789473684210527,0.3684210526315789,0.7368421052631579,0.5446901276860792,845,845,1155
null,all_alfworld,all,raw,D_reward_only::game::unsigned,auroc_large_change_vs_rest,0.5,0.5,0.5,0.5,845,845,1155
null,all_alfworld,all,raw,D_reward_only::game::unsigned,top_quartile_mean_absolute_delta,0.08767185754965978,0.0694555107772054,0.13922362808535022,0.10142990504319471,845,845,1155
null,all_alfworld,all,raw,D_reward_only::game::unsigned,top_quartile_lift,1.0,0.9999999999999997,1.0000000000000002,1.0,845,845,1155
null,all_alfworld,all,raw,D_adv_negative_fraction::game::reward,spearman,-0.4137323943661972,-0.6565264386597638,0.08087994946055822,-0.29497591479510576,845,845,1155
null,all_alfworld,all,raw,D_adv_negative_fraction::game::reward,average_precision,0.4608612148085832,0.3072126329445408,0.7584696198746952,0.5215548185624177,845,845,1155
null,all_alfworld,all,raw,D_adv_negative_fraction::game::reward,auroc_large_change_vs_rest,0.19318181818181818,0.1311904761904762,0.5681818181818182,0.34665704118366847,845,845,1155
null,all_alfworld,all,raw,D_adv_negative_fraction::game::reward,top_quartile_mean_absolute_delta,0.05548611111111111,0.018765756302521006,0.16829554738562083,0.07711747467033307,845,845,1155
null,all_alfworld,all,raw,D_adv_negative_fraction::game::reward,top_quartile_lift,0.6328839454517344,0.1992012216534106,1.4790730295637782,0.7475470003146104,845,845,1155
null,all_alfworld,all,raw,D_adv_negative_fraction::game::unsigned,spearman,,,,,0,845,1155
null,all_alfworld,all,raw,D_adv_negative_fraction::game::unsigned,average_precision,0.5789473684210527,0.3684210526315789,0.7368421052631579,0.5446901276860792,845,845,1155
null,all_alfworld,all,raw,D_adv_negative_fraction::game::unsigned,auroc_large_change_vs_rest,0.5,0.5,0.5,0.5,845,845,1155
null,all_alfworld,all,raw,D_adv_negative_fraction::game::unsigned,top_quartile_mean_absolute_delta,0.08767185754965978,0.0694555107772054,0.13922362808535022,0.10142990504319471,845,845,1155
null,all_alfworld,all,raw,D_adv_negative_fraction::game::unsigned,top_quartile_lift,1.0,0.9999999999999997,1.0000000000000002,1.0,845,845,1155
null,all_alfworld,all,raw,C_raw::game::reward,spearman,0.09666095771422802,-0.3411160782971312,0.25901856554016633,-0.04147380228905397,845,845,1155
null,all_alfworld,all,raw,C_raw::game::reward,average_precision,0.6765147656858886,0.44866731730571013,0.7641848674201613,0.6035285572217525,845,845,1155
null,all_alfworld,all,raw,C_raw::game::reward,auroc_large_change_vs_rest,0.5454545454545454,0.2261904761904762,0.6814935064935064,0.45756390552248544,845,845,1155
null,all_alfworld,all,raw,C_raw::game::reward,top_quartile_mean_absolute_delta,0.07951388888888888,0.04517883848454636,0.13872453310696092,0.08568423125369243,845,845,1155
null,all_alfworld,all,raw,C_raw::game::reward,top_quartile_lift,0.9069488329690061,0.44268991220777465,1.3467819905924086,0.8581469167002481,845,845,1155
null,all_alfworld,all,raw,C_raw::game::unsigned,spearman,-0.27416562551671947,-0.40177277299103764,0.21324651204664263,-0.08909769314362308,845,845,1155
null,all_alfworld,all,raw,C_raw::game::unsigned,average_precision,0.5508585970273276,0.38439090767886097,0.7312709834271091,0.5506278496711599,845,845,1155
null,all_alfworld,all,raw,C_raw::game::unsigned,auroc_large_change_vs_rest,0.3977272727272727,0.25564102564102564,0.6540584415584414,0.4512756917638574,845,845,1155
null,all_alfworld,all,raw,C_raw::game::unsigned,top_quartile_mean_absolute_delta,0.0990079365079365,0.05774722131415495,0.16393992794486212,0.10404889124193946,845,845,1155
null,all_alfworld,all,raw,C_raw::game::unsigned,top_quartile_lift,1.129301229323853,0.5870277468161353,1.5921234051546707,1.0382115076075256,845,845,1155
null,all_alfworld,all,raw,C_centered::game::reward,spearman,-0.27592309747516,-0.43385095577683436,0.2132930787765338,-0.12275637429498189,845,845,1155
null,all_alfworld,all,raw,C_centered::game::reward,average_precision,0.4695463560894183,0.32470255439005435,0.7562416548091071,0.5193513801950143,845,845,1155
null,all_alfworld,all,raw,C_centered::game::reward,auroc_large_change_vs_rest,0.26136363636363635,0.19230769230769232,0.6136363636363636,0.4074188369158784,845,845,1155
null,all_alfworld,all,raw,C_centered::game::reward,top_quartile_mean_absolute_delta,0.028049670433145008,0.018285913248177396,0.09840479249011856,0.051624161422708426,845,845,1155
null,all_alfworld,all,raw,C_centered::game::reward,top_quartile_lift,0.3199392737544872,0.18951826715034484,0.9459733836926627,0.5152064944187973,845,845,1155
null,all_alfworld,all,raw,C_centered::game::unsigned,spearman,0.03163449525192917,-0.2127077229561042,0.5233530958842109,0.1481069837081425,845,845,1155
null,all_alfworld,all,raw,C_centered::game::unsigned,average_precision,0.766218237386968,0.41387283496803623,0.8537692892894726,0.658007704605396,845,845,1155
null,all_alfworld,all,raw,C_centered::game::unsigned,auroc_large_change_vs_rest,0.6136363636363636,0.36666666666666664,0.7840909090909091,0.5743146646253156,845,845,1155
null,all_alfworld,all,raw,C_centered::game::unsigned,top_quartile_mean_absolute_delta,0.17281746031746031,0.09830590062111802,0.2572611865258924,0.17368768510787405,845,845,1155
null,all_alfworld,all,raw,C_centered::game::unsigned,top_quartile_lift,1.971185111705563,1.1209000940051184,2.398058088951211,1.7223500176644926,845,845,1155
null,all_alfworld,all,raw,C_adv_centered::game::reward,spearman,-0.11423567729863311,-0.3330705222059912,0.3284591118861014,-0.011311045190079479,845,845,1155
null,all_alfworld,all,raw,C_adv_centered::game::reward,average_precision,0.544153945469735,0.3443999999909995,0.81438579277865,0.5677926094384228,845,845,1155
null,all_alfworld,all,raw,C_adv_centered::game::reward,auroc_large_change_vs_rest,0.4318181818181818,0.25756493506493505,0.6993181818181816,0.46210914003813414,845,845,1155
null,all_alfworld,all,raw,C_adv_centered::game::reward,top_quartile_mean_absolute_delta,0.08787878787878788,0.05484777211360618,0.1487586521942442,0.10070679363120458,845,845,1155
null,all_alfworld,all,raw,C_adv_centered::game::reward,top_quartile_lift,1.0023602822491913,0.5466963885250287,1.6006879689844018,1.0139255823891458,845,845,1155
null,all_alfworld,all,raw,C_adv_centered::game::unsigned,spearman,0.03163449525192917,-0.2127077229561042,0.5233530958842109,0.1481069837081425,845,845,1155
null,all_alfworld,all,raw,C_adv_centered::game::unsigned,average_precision,0.766218237386968,0.41387283496803623,0.8537692892894726,0.658007704605396,845,845,1155
null,all_alfworld,all,raw,C_adv_centered::game::unsigned,auroc_large_change_vs_rest,0.6136363636363636,0.36666666666666664,0.7840909090909091,0.5743146646253156,845,845,1155
null,all_alfworld,all,raw,C_adv_centered::game::unsigned,top_quartile_mean_absolute_delta,0.17281746031746031,0.09830590062111802,0.2572611865258924,0.17368768510787405,845,845,1155
null,all_alfworld,all,raw,C_adv_centered::game::unsigned,top_quartile_lift,1.971185111705563,1.1209000940051184,2.398058088951211,1.7223500176644926,845,845,1155
null,all_alfworld,all,raw,M_delta_raw::game::magnitude,spearman,0.5746933304100466,-0.17210170360339855,0.5669355691917181,0.21178813114678416,845,845,1155
null,all_alfworld,all,raw,M_delta_raw::game::magnitude,average_precision,0.7926720041693304,0.40556056795801376,0.9066240612004288,0.6516597302961872,845,845,1155
null,all_alfworld,all,raw,M_delta_raw::game::magnitude,auroc_large_change_vs_rest,0.7727272727272727,0.3453296703296703,0.8448051948051947,0.5895776068113346,845,845,1155
null,all_alfworld,all,raw,M_delta_raw::game::magnitude,top_quartile_mean_absolute_delta,0.09623088998088998,0.030088372093023258,0.20675736327625863,0.10452070094718728,845,845,1155
null,all_alfworld,all,raw,M_delta_raw::game::magnitude,top_quartile_lift,1.0976257680679586,0.36275306291948894,1.7255836872861594,1.0086919501544251,845,845,1155
null,all_alfworld,all,raw,M_delta_centered::game::magnitude,spearman,0.44991282136077043,-0.2261670381943773,0.5236806017036366,0.1499997885923408,845,845,1155
null,all_alfworld,all,raw,M_delta_centered::game::magnitude,average_precision,0.8120761813943631,0.40229422747659976,0.8677352125341634,0.6572824057699486,845,845,1155
null,all_alfworld,all,raw,M_delta_centered::game::magnitude,auroc_large_change_vs_rest,0.7159090909090909,0.3333333333333333,0.7954545454545454,0.5723252930501451,845,845,1155
null,all_alfworld,all,raw,M_delta_centered::game::magnitude,top_quartile_mean_absolute_delta,0.09481043543543544,0.029640613278319582,0.20152934891905475,0.1007311804778079,845,845,1155
null,all_alfworld,all,raw,M_delta_centered::game::magnitude,top_quartile_lift,1.0814238238505687,0.35188557618562805,1.6821486972107218,0.9710727770529181,845,845,1155
null,all_alfworld,all,raw,M_original_norm::game::magnitude,spearman,0.28646792922580305,-0.24945097235592734,0.46018051323202575,0.10164521623304948,845,845,1155
null,all_alfworld,all,raw,M_original_norm::game::magnitude,average_precision,0.6927963747482464,0.3576930891283639,0.8596607838986976,0.6005664827640339,845,845,1155
null,all_alfworld,all,raw,M_original_norm::game::magnitude,auroc_large_change_vs_rest,0.6363636363636364,0.3,0.7974025974025974,0.5392298299990608,845,845,1155
null,all_alfworld,all,raw,M_original_norm::game::magnitude,top_quartile_mean_absolute_delta,0.06253156565656566,0.009983005366726298,0.16726312111801236,0.07270127696087324,845,845,1155
null,all_alfworld,all,raw,M_original_norm::game::magnitude,top_quartile_lift,0.7132455887699886,0.11726100014688441,1.446072393893808,0.6991338821558565,845,845,1155
null,all_alfworld,all,raw,M_control_norm::game::magnitude,spearman,-0.5852381621606897,-0.6227682243560324,0.09801533468334035,-0.29267781881373583,845,845,1155
null,all_alfworld,all,raw,M_control_norm::game::magnitude,average_precision,0.4853717739870287,0.3053151219158379,0.7445968606490754,0.5012198148582627,845,845,1155
null,all_alfworld,all,raw,M_control_norm::game::magnitude,auroc_large_change_vs_rest,0.20454545454545456,0.14444444444444443,0.5681818181818182,0.3426555183803705,845,845,1155
null,all_alfworld,all,raw,M_control_norm::game::magnitude,top_quartile_mean_absolute_delta,0.03473394660894661,0.01944616977225673,0.11298470179014533,0.057170176526235954,845,845,1155
null,all_alfworld,all,raw,M_control_norm::game::magnitude,top_quartile_lift,0.3961812556471994,0.20703205987489637,1.0991313295903162,0.5658496357069228,845,845,1155
null,all_alfworld,all,raw,M_kl::game::magnitude,spearman,-0.07908623812982293,-0.1315543345526902,0.5260070727081313,0.19145415939181112,845,845,1155
null,all_alfworld,all,raw,M_kl::game::magnitude,average_precision,0.5687012408269093,0.46294600415923937,0.8501693060674154,0.6630762943105452,845,845,1155
null,all_alfworld,all,raw,M_kl::game::magnitude,auroc_large_change_vs_rest,0.4431818181818182,0.37527777777777777,0.785551948051948,0.5788185187593472,845,845,1155
null,all_alfworld,all,raw,M_kl::game::magnitude,top_quartile_mean_absolute_delta,0.14055555555555554,0.09111306263396046,0.23381799450549456,0.1632821887755903,845,845,1155
null,all_alfworld,all,raw,M_kl::game::magnitude,top_quartile_lift,1.6032003824709766,0.9928782783805441,2.25182349621366,1.6250738702540164,845,845,1155
null,all_alfworld,all,raw,M_js::game::magnitude,spearman,-0.056239102670096304,-0.12222094604294187,0.5232446084490869,0.1943227012641691,845,845,1155
null,all_alfworld,all,raw,M_js::game::magnitude,average_precision,0.5824194670451355,0.46024684567883095,0.8595701609853192,0.6648732831913734,845,845,1155
null,all_alfworld,all,raw,M_js::game::magnitude,auroc_large_change_vs_rest,0.4772727272727273,0.3813186813186813,0.7840909090909091,0.5851264744460011,845,845,1155
null,all_alfworld,all,raw,M_js::game::magnitude,top_quartile_mean_absolute_delta,0.14055555555555554,0.09111306263396046,0.23381799450549456,0.1632821887755903,845,845,1155
null,all_alfworld,all,raw,M_js::game::magnitude,top_quartile_lift,1.6032003824709766,0.9928782783805441,2.25182349621366,1.6250738702540164,845,845,1155
null,all_alfworld,all,raw,M_action_abs::game::magnitude,spearman,0.26713573768295745,-0.017141738242522866,0.6388510523528343,0.3103307738454226,845,845,1155
null,all_alfworld,all,raw,M_action_abs::game::magnitude,average_precision,0.7752035702359372,0.6073552488640531,0.9121484368904142,0.7673563690508037,845,845,1155
null,all_alfworld,all,raw,M_action_abs::game::magnitude,auroc_large_change_vs_rest,0.6704545454545454,0.4228571428571429,0.8552272727272726,0.6456921858549077,845,845,1155
null,all_alfworld,all,raw,M_action_abs::game::magnitude,top_quartile_mean_absolute_delta,0.1819632132132132,0.11252813128979457,0.2728479573353889,0.192418815942473,845,845,1155
null,all_alfworld,all,raw,M_action_abs::game::magnitude,top_quartile_lift,2.07550311238865,1.2583130607469875,2.5858009942999676,1.9168168631448546,845,845,1155
null,all_alfworld,all,raw,B_activation_l8_norm,spearman,0.33216220014525627,-0.18871383180250995,0.5295997957883677,0.1917631617212547,845,845,1155
null,all_alfworld,all,raw,B_activation_l8_norm,average_precision,0.7622552885710779,0.41918994200244203,0.8789221059717012,0.6754637412949795,845,845,1155
null,all_alfworld,all,raw,B_activation_l8_norm,auroc_large_change_vs_rest,0.6363636363636364,0.31467532467532466,0.8095238095238095,0.5806262934961159,845,845,1155
null,all_alfworld,all,raw,B_activation_l8_norm,top_quartile_mean_absolute_delta,0.1343878836463582,0.0747305066893313,0.23559604138551501,0.14206192801068834,845,845,1155
null,all_alfworld,all,raw,B_activation_l8_norm,top_quartile_lift,1.532850876009296,0.8288382713619407,2.083134516080678,1.403093239272914,845,845,1155
null,all_alfworld,all,raw,B_activation_l16_norm,spearman,0.4463978774438894,-0.004212954024031583,0.6412699544099528,0.33172399317580886,845,845,1155
null,all_alfworld,all,raw,B_activation_l16_norm,average_precision,0.8350396937084242,0.47436655363899943,0.9273790536948433,0.736768311984131,845,845,1155
null,all_alfworld,all,raw,B_activation_l16_norm,auroc_large_change_vs_rest,0.7272727272727273,0.4108974358974359,0.8806349206349205,0.6607591997089037,845,845,1155
null,all_alfworld,all,raw,B_activation_l16_norm,top_quartile_mean_absolute_delta,0.12075289575289574,0.08077463475762578,0.20296430759045175,0.1362230894001875,845,845,1155
null,all_alfworld,all,raw,B_activation_l16_norm,top_quartile_lift,1.377327903478011,0.8220947136648972,2.018144268855434,1.3633231058767514,845,845,1155
null,all_alfworld,all,raw,B_activation_l24_norm,spearman,0.4797898446542591,-0.01929534141391283,0.6284034358117261,0.31956703934359465,845,845,1155
null,all_alfworld,all,raw,B_activation_l24_norm,average_precision,0.8039107654080916,0.46309798560572557,0.9290944201372008,0.7214713726073553,845,845,1155
null,all_alfworld,all,raw,B_activation_l24_norm,auroc_large_change_vs_rest,0.75,0.4433080808080808,0.8775,0.6667703910159533,845,845,1155
null,all_alfworld,all,raw,B_activation_l24_norm,top_quartile_mean_absolute_delta,0.15557432432432433,0.07626136363636363,0.29059697332384454,0.16930211991172295,845,845,1155
null,all_alfworld,all,raw,B_activation_l24_norm,top_quartile_lift,1.7745069931500277,0.9584606456434503,2.3341318097296497,1.6456777405999437,845,845,1155
null,all_alfworld,all,raw,B_activation_l32_norm,spearman,0.36731163931406646,-0.2363550015577147,0.5035391709096895,0.13788340608916388,845,845,1155
null,all_alfworld,all,raw,B_activation_l32_norm,average_precision,0.7736011760075929,0.39816922751955647,0.8592978515839477,0.6556171206987533,845,845,1155
null,all_alfworld,all,raw,B_activation_l32_norm,auroc_large_change_vs_rest,0.6477272727272727,0.3228571428571429,0.7954545454545454,0.5630131242853137,845,845,1155
null,all_alfworld,all,raw,B_activation_l32_norm,top_quartile_mean_absolute_delta,0.09481043543543544,0.029640613278319582,0.20152934891905475,0.1007311804778079,845,845,1155
null,all_alfworld,all,raw,B_activation_l32_norm,top_quartile_lift,1.0814238238505687,0.35188557618562805,1.6821486972107218,0.9710727770529181,845,845,1155
null,all_alfworld,all,raw,B_old_margin,spearman,0.013701744458822468,-0.30430973138538575,0.4196167072041584,0.043920782313173055,845,845,1155
null,all_alfworld,all,raw,B_old_margin,average_precision,0.6847022860180755,0.3752010233918129,0.8532268170426064,0.6210681666533231,845,845,1155
null,all_alfworld,all,raw,B_old_margin,auroc_large_change_vs_rest,0.48863636363636365,0.2903409090909091,0.75,0.5104294702667483,845,845,1155
null,all_alfworld,all,raw,B_old_margin,top_quartile_mean_absolute_delta,0.08914920355137747,0.03215715300612999,0.19207243589743583,0.09983973045096949,845,845,1155
null,all_alfworld,all,raw,B_old_margin,top_quartile_lift,1.0168508577667683,0.37944381602336874,1.6752270273409469,0.9753430725875273,845,845,1155
null,all_alfworld,all,raw,B_random_expected,spearman,,,,,0,845,1155
null,all_alfworld,all,raw,B_random_expected,average_precision,0.5789473684210527,0.3684210526315789,0.7368421052631579,0.5446901276860792,845,845,1155
null,all_alfworld,all,raw,B_random_expected,auroc_large_change_vs_rest,0.5,0.5,0.5,0.5,845,845,1155
null,all_alfworld,all,raw,B_random_expected,top_quartile_mean_absolute_delta,0.08767185754965978,0.0694555107772054,0.13922362808535022,0.10142990504319471,845,845,1155
null,all_alfworld,all,raw,B_random_expected,top_quartile_lift,1.0,0.9999999999999997,1.0000000000000002,1.0,845,845,1155
null,all_alfworld,all,raw,D_real::token::reward,spearman,-0.36028175148030445,-0.5617717931546236,0.010368312039503074,-0.2754117609740629,845,845,1155
null,all_alfworld,all,raw,D_real::token::reward,average_precision,0.497176168344899,0.33440738280037813,0.8005598912979495,0.5614865233562314,845,845,1155
null,all_alfworld,all,raw,D_real::token::reward,auroc_large_change_vs_rest,0.3409090909090909,0.19386363636363638,0.625,0.4187333015439524,845,845,1155
null,all_alfworld,all,raw,D_real::token::reward,top_quartile_mean_absolute_delta,0.0225,0.01369607843137255,0.10741211652124963,0.05244993570230818,845,845,1155
null,all_alfworld,all,raw,D_real::token::reward,top_quartile_lift,0.25663879640345677,0.14999170727636404,0.9881439335350052,0.5176773730739791,845,845,1155
null,all_alfworld,all,raw,D_real_A1::token::reward_free,spearman,0.1107207333817521,-0.021103614732686772,0.6169160936183079,0.29177276924067214,845,845,1155
null,all_alfworld,all,raw,D_real_A1::token::reward_free,average_precision,0.7061601203312432,0.5709796268832646,0.8991916708856754,0.7459019398237008,845,845,1155
null,all_alfworld,all,raw,D_real_A1::token::reward_free,auroc_large_change_vs_rest,0.5909090909090909,0.43333333333333335,0.8444444444444444,0.63996807925802,845,845,1155
null,all_alfworld,all,raw,D_real_A1::token::reward_free,top_quartile_mean_absolute_delta,0.1819632132132132,0.11252813128979457,0.2728479573353889,0.192418815942473,845,845,1155
null,all_alfworld,all,raw,D_real_A1::token::reward_free,top_quartile_lift,2.07550311238865,1.2583130607469875,2.5858009942999676,1.9168168631448546,845,845,1155
null,all_alfworld,all,raw,D_real_absA::token::reward_sign_removed,spearman,-0.26889320964139796,-0.24731155249360703,0.4720041012724654,0.10157172119718232,845,845,1155
null,all_alfworld,all,raw,D_real_absA::token::reward_sign_removed,average_precision,0.5619533103947684,0.4852603526790833,0.8364381993135863,0.6428549497364306,845,845,1155
null,all_alfworld,all,raw,D_real_absA::token::reward_sign_removed,auroc_large_change_vs_rest,0.3522727272727273,0.29545454545454547,0.7478571428571423,0.511983023551071,845,845,1155
null,all_alfworld,all,raw,D_real_absA::token::reward_sign_removed,top_quartile_mean_absolute_delta,0.14055555555555554,0.09782679895386101,0.23838468342802707,0.16962113693935485,845,845,1155
null,all_alfworld,all,raw,D_real_absA::token::reward_sign_removed,top_quartile_lift,1.6032003824709766,1.0419997671004935,2.3266486034704186,1.6889729416178654,845,845,1155
null,all_alfworld,all,raw,D_real_projection_only::token::geometry_only,spearman,-0.4991220361971047,-0.6186132822875366,0.0750486349501029,-0.30049273901468393,845,845,1155
null,all_alfworld,all,raw,D_real_projection_only::token::geometry_only,average_precision,0.4579329694760316,0.3078325345289631,0.7696096481470761,0.50980498698674,845,845,1155
null,all_alfworld,all,raw,D_real_projection_only::token::geometry_only,auroc_large_change_vs_rest,0.22727272727272727,0.13636363636363635,0.5907070707070707,0.3489984325339355,845,845,1155
null,all_alfworld,all,raw,D_real_projection_only::token::geometry_only,top_quartile_mean_absolute_delta,0.028099273607748183,0.023560993256951903,0.10789671130496786,0.05689274880865551,845,845,1155
null,all_alfworld,all,raw,D_real_projection_only::token::geometry_only,top_quartile_lift,0.3205050559335072,0.2374887397675818,1.0157006940538964,0.5653200770986164,845,845,1155
null,all_alfworld,all,raw,D_real::decision::reward,spearman,-0.24780354614011185,-0.5587988096225077,0.04708727701181645,-0.2656109461427203,845,845,1155
null,all_alfworld,all,raw,D_real::decision::reward,average_precision,0.5267235215764626,0.3152046972635208,0.7803414216256984,0.554145302674609,845,845,1155
null,all_alfworld,all,raw,D_real::decision::reward,auroc_large_change_vs_rest,0.3977272727272727,0.19318181818181818,0.6309523809523809,0.423610845104928,845,845,1155
null,all_alfworld,all,raw,D_real::decision::reward,top_quartile_mean_absolute_delta,0.0475,0.012864733950260264,0.13796875,0.06509457341852544,845,845,1155
null,all_alfworld,all,raw,D_real::decision::reward,top_quartile_lift,0.5417930146295198,0.13573977277156887,1.220549618921581,0.6312286459841127,845,845,1155
null,all_alfworld,all,raw,D_real_A1::decision::reward_free,spearman,0.08435865400514446,-0.027995671274826314,0.6267133027202675,0.29728480425171394,845,845,1155
null,all_alfworld,all,raw,D_real_A1::decision::reward_free,average_precision,0.6852809994521224,0.5692995300193443,0.9071452991452992,0.7476250993181921,845,845,1155
null,all_alfworld,all,raw,D_real_A1::decision::reward_free,auroc_large_change_vs_rest,0.5568181818181818,0.42857142857142855,0.8442857142857142,0.6393429286032836,845,845,1155
null,all_alfworld,all,raw,D_real_A1::decision::reward_free,top_quartile_mean_absolute_delta,0.1819632132132132,0.11252813128979457,0.2728479573353889,0.192418815942473,845,845,1155
null,all_alfworld,all,raw,D_real_A1::decision::reward_free,top_quartile_lift,2.07550311238865,1.2583130607469875,2.5858009942999676,1.9168168631448546,845,845,1155
null,all_alfworld,all,raw,D_real_absA::decision::reward_sign_removed,spearman,-0.26713573768295745,-0.2417980268680728,0.47132379759981474,0.10204098514983147,845,845,1155
null,all_alfworld,all,raw,D_real_absA::decision::reward_sign_removed,average_precision,0.5315584527271834,0.4286770695120153,0.8491457911600513,0.6104229232162743,845,845,1155
null,all_alfworld,all,raw,D_real_absA::decision::reward_sign_removed,auroc_large_change_vs_rest,0.375,0.30068181818181816,0.7444444444444445,0.51808029413059,845,845,1155
null,all_alfworld,all,raw,D_real_absA::decision::reward_sign_removed,top_quartile_mean_absolute_delta,0.14055555555555554,0.09782679895386101,0.23838468342802707,0.16962113693935485,845,845,1155
null,all_alfworld,all,raw,D_real_absA::decision::reward_sign_removed,top_quartile_lift,1.6032003824709766,1.0419997671004935,2.3266486034704186,1.6889729416178654,845,845,1155
null,all_alfworld,all,raw,D_real_projection_only::decision::geometry_only,spearman,-0.5289990594905933,-0.5998318830519606,0.08867068238612875,-0.27660132781790514,845,845,1155
null,all_alfworld,all,raw,D_real_projection_only::decision::geometry_only,average_precision,0.46102162918233847,0.31199696749329103,0.7863933062490115,0.5190427900156527,845,845,1155
null,all_alfworld,all,raw,D_real_projection_only::decision::geometry_only,auroc_large_change_vs_rest,0.22727272727272727,0.1559090909090909,0.6,0.3653158166619705,845,845,1155
null,all_alfworld,all,raw,D_real_projection_only::decision::geometry_only,top_quartile_mean_absolute_delta,0.028099273607748183,0.023560993256951903,0.10789671130496786,0.05689274880865551,845,845,1155
null,all_alfworld,all,raw,D_real_projection_only::decision::geometry_only,top_quartile_lift,0.3205050559335072,0.2374887397675818,1.0157006940538964,0.5653200770986164,845,845,1155
null,all_alfworld,all,raw,D_real::game::reward,spearman,-0.1476276445090028,-0.4559808270335568,0.13805886530514327,-0.16238526309158938,845,845,1155
null,all_alfworld,all,raw,D_real::game::reward,average_precision,0.5871388638099867,0.3678673858820918,0.8484055516529395,0.6012634984917293,845,845,1155
null,all_alfworld,all,raw,D_real::game::reward,auroc_large_change_vs_rest,0.48863636363636365,0.2727272727272727,0.7051282051282052,0.48766306343229415,845,845,1155
null,all_alfworld,all,raw,D_real::game::reward,top_quartile_mean_absolute_delta,0.03958333333333333,0.019809937917474683,0.10772577996715926,0.056571601009584895,845,845,1155
null,all_alfworld,all,raw,D_real::game::reward,top_quartile_lift,0.45149417885793314,0.20505527302676788,1.0234201911813707,0.5605006607721271,845,845,1155
null,all_alfworld,all,raw,D_real_A1::game::reward_free,spearman,-0.057996574628536815,-0.11032057701487413,0.5794376463661604,0.23018483248880006,845,845,1155
null,all_alfworld,all,raw,D_real_A1::game::reward_free,average_precision,0.61649624884919,0.45574482570806096,0.8924004650320438,0.7003608028965224,845,845,1155
null,all_alfworld,all,raw,D_real_A1::game::reward_free,auroc_large_change_vs_rest,0.5,0.3888888888888889,0.8181818181818182,0.6024919557759794,845,845,1155
null,all_alfworld,all,raw,D_real_A1::game::reward_free,top_quartile_mean_absolute_delta,0.1819632132132132,0.11252813128979457,0.2728479573353889,0.192418815942473,845,845,1155
null,all_alfworld,all,raw,D_real_A1::game::reward_free,top_quartile_lift,2.07550311238865,1.2583130607469875,2.5858009942999676,1.9168168631448546,845,845,1155
null,all_alfworld,all,raw,D_real_absA::game::reward_sign_removed,spearman,-0.28998287314268406,-0.3159142094928561,0.4359975562379713,0.04003723347920395,845,845,1155
null,all_alfworld,all,raw,D_real_absA::game::reward_sign_removed,average_precision,0.5472346956761537,0.4174141348083556,0.845647354021967,0.6099498003646788,845,845,1155
null,all_alfworld,all,raw,D_real_absA::game::reward_sign_removed,auroc_large_change_vs_rest,0.375,0.28425324675324676,0.7385822510822511,0.5044097289955278,845,845,1155
null,all_alfworld,all,raw,D_real_absA::game::reward_sign_removed,top_quartile_mean_absolute_delta,0.1069632132132132,0.07197463536850146,0.17878648947670686,0.12403587061511329,845,845,1155
null,all_alfworld,all,raw,D_real_absA::game::reward_sign_removed,top_quartile_lift,1.2200404577104604,0.7195530269271774,1.861072938391566,1.2452660128961144,845,845,1155
null,all_alfworld,all,raw,D_real_projection_only::game::geometry_only,spearman,-0.5957829939113327,-0.617567711566053,0.05590505545349063,-0.29353684432848587,845,845,1155
null,all_alfworld,all,raw,D_real_projection_only::game::geometry_only,average_precision,0.4310071991679084,0.30873560768007363,0.7616849978428372,0.5042421211990684,845,845,1155
null,all_alfworld,all,raw,D_real_projection_only::game::geometry_only,auroc_large_change_vs_rest,0.14772727272727273,0.12583333333333335,0.5681818181818182,0.3404344406415412,845,845,1155
null,all_alfworld,all,raw,D_real_projection_only::game::geometry_only,top_quartile_mean_absolute_delta,0.013813559322033897,0.01475336754791055,0.07473338043948768,0.039880598073132,845,845,1155
null,all_alfworld,all,raw,D_real_projection_only::game::geometry_only,top_quartile_lift,0.15755978837575688,0.15557563442683545,0.7394364239945859,0.39868935104623393,845,845,1155
null,all_alfworld,all,raw,D_factor::token::reward,spearman,0.21968399480506368,-0.4453101699642846,0.31588875392930293,-0.0487120400193548,845,845,1155
null,all_alfworld,all,raw,D_factor::token::reward,average_precision,0.706809470980594,0.3416223358899443,0.8677086587303305,0.6181976444249928,845,845,1155
null,all_alfworld,all,raw,D_factor::token::reward,auroc_large_change_vs_rest,0.6022727272727273,0.2732323232323232,0.7494444444444444,0.505333126768038,845,845,1155
null,all_alfworld,all,raw,D_factor::token::reward,top_quartile_mean_absolute_delta,0.09136904761904761,0.02132309941520468,0.21003787878787877,0.10010904830251352,845,845,1155
null,all_alfworld,all,raw,D_factor::token::reward,top_quartile_lift,1.042170773754778,0.24980860238191932,1.6945574531634753,0.9581846861700457,845,845,1155
null,all_alfworld,all,raw,D_orientation::token::reward,spearman,0.20210927522065858,-0.4310246061588911,0.28809966066911863,-0.060491299465514084,845,845,1155
null,all_alfworld,all,raw,D_orientation::token::reward,average_precision,0.6646971715153533,0.33994241451948215,0.8658805759820798,0.6096368380414258,845,845,1155
null,all_alfworld,all,raw,D_orientation::token::reward,auroc_large_change_vs_rest,0.6022727272727273,0.2840909090909091,0.7333333333333333,0.5020989185042439,845,845,1155
null,all_alfworld,all,raw,D_orientation::token::reward,top_quartile_mean_absolute_delta,0.09136904761904761,0.02132309941520468,0.21003787878787877,0.10010904830251352,845,845,1155
null,all_alfworld,all,raw,D_orientation::token::reward,top_quartile_lift,1.042170773754778,0.24980860238191932,1.6945574531634753,0.9581846861700457,845,845,1155
null,all_alfworld,all,raw,D_factor_A1::token::reward_free,spearman,0.5166967557815098,-0.0861502614038514,0.5884942521744585,0.23843910562365553,845,845,1155
null,all_alfworld,all,raw,D_factor_A1::token::reward_free,average_precision,0.8733881017971927,0.43742305405016874,0.891911616161616,0.6850635384311181,845,845,1155
null,all_alfworld,all,raw,D_factor_A1::token::reward_free,auroc_large_change_vs_rest,0.8068181818181818,0.38661616161616164,0.832222222222222,0.6110857715591443,845,845,1155
null,all_alfworld,all,raw,D_factor_A1::token::reward_free,top_quartile_mean_absolute_delta,0.15,0.07836516424751719,0.25926825593761066,0.1532358157298682,845,845,1155
null,all_alfworld,all,raw,D_factor_A1::token::reward_free,top_quartile_lift,1.7109253093563783,0.8956495202139946,2.2017800127796683,1.5021345431216169,845,845,1155
null,all_alfworld,all,raw,D_orientation_A1::token::reward_free,spearman,0.47100248486205654,-0.10864959157543501,0.5668132123095676,0.2152195156359181,845,845,1155
null,all_alfworld,all,raw,D_orientation_A1::token::reward_free,average_precision,0.8574494949494949,0.434563753132832,0.8841199955015744,0.6812227250360081,845,845,1155
null,all_alfworld,all,raw,D_orientation_A1::token::reward_free,auroc_large_change_vs_rest,0.7840909090909091,0.38095238095238093,0.8218181818181817,0.6005692745781503,845,845,1155
null,all_alfworld,all,raw,D_orientation_A1::token::reward_free,top_quartile_mean_absolute_delta,0.15,0.07836516424751719,0.25926825593761066,0.1532358157298682,845,845,1155
null,all_alfworld,all,raw,D_orientation_A1::token::reward_free,top_quartile_lift,1.7109253093563783,0.8956495202139946,2.2017800127796683,1.5021345431216169,845,845,1155
null,all_alfworld,all,raw,D_factor::decision::reward,spearman,0.20210927522065858,-0.453593484292261,0.28340721427031584,-0.06827701338292058,845,845,1155
null,all_alfworld,all,raw,D_factor::decision::reward,average_precision,0.7053307803307803,0.3364327141112855,0.8655687894713767,0.6151185613069037,845,845,1155
null,all_alfworld,all,raw,D_factor::decision::reward,auroc_large_change_vs_rest,0.6022727272727273,0.2777777777777778,0.7283333333333333,0.4970729402090349,845,845,1155
null,all_alfworld,all,raw,D_factor::decision::reward,top_quartile_mean_absolute_delta,0.09136904761904761,0.02132309941520468,0.21003787878787877,0.10010904830251352,845,845,1155
null,all_alfworld,all,raw,D_factor::decision::reward,top_quartile_lift,1.042170773754778,0.24980860238191932,1.6945574531634753,0.9581846861700457,845,845,1155
null,all_alfworld,all,raw,D_orientation::decision::reward,spearman,0.18629202759469402,-0.45532836611306016,0.2716049827710624,-0.0763628914747638,845,845,1155
null,all_alfworld,all,raw,D_orientation::decision::reward,average_precision,0.6598762348762349,0.33831969617683905,0.8635238117146009,0.6057979896475747,845,845,1155
null,all_alfworld,all,raw,D_orientation::decision::reward,auroc_large_change_vs_rest,0.5909090909090909,0.2777777777777778,0.7222222222222222,0.49283643214116585,845,845,1155
null,all_alfworld,all,raw,D_orientation::decision::reward,top_quartile_mean_absolute_delta,0.09136904761904761,0.02132309941520468,0.21003787878787877,0.10010904830251352,845,845,1155
null,all_alfworld,all,raw,D_orientation::decision::reward,top_quartile_lift,1.042170773754778,0.24980860238191932,1.6945574531634753,0.9581846861700457,845,845,1155
null,all_alfworld,all,raw,D_factor_A1::decision::reward_free,spearman,0.43761051765168685,-0.11980379942897519,0.5536043234618327,0.2029861205256153,845,845,1155
null,all_alfworld,all,raw,D_factor_A1::decision::reward_free,average_precision,0.8201741440377804,0.42905532059314955,0.8570543678904068,0.6692690746061046,845,845,1155
null,all_alfworld,all,raw,D_factor_A1::decision::reward_free,auroc_large_change_vs_rest,0.75,0.37777777777777777,0.8111111111111111,0.5938918198829441,845,845,1155
null,all_alfworld,all,raw,D_factor_A1::decision::reward_free,top_quartile_mean_absolute_delta,0.14201388888888888,0.0695723198370257,0.24134809981684982,0.14161491626441666,845,845,1155
null,all_alfworld,all,raw,D_factor_A1::decision::reward_free,top_quartile_lift,1.6198343785341638,0.760750182099024,2.0840706117989627,1.3875073451998807,845,845,1155
null,all_alfworld,all,raw,D_orientation_A1::decision::reward_free,spearman,0.38137141498159055,-0.14535211664185094,0.5475646274354048,0.19102932122291538,845,845,1155
null,all_alfworld,all,raw,D_orientation_A1::decision::reward_free,average_precision,0.8021005509641873,0.4279814118629908,0.8638452380952379,0.6697451218081487,845,845,1155
null,all_alfworld,all,raw,D_orientation_A1::decision::reward_free,auroc_large_change_vs_rest,0.7159090909090909,0.36904761904761907,0.8,0.5857165828911391,845,845,1155
null,all_alfworld,all,raw,D_orientation_A1::decision::reward_free,top_quartile_mean_absolute_delta,0.14201388888888888,0.0695723198370257,0.24134809981684982,0.14161491626441666,845,845,1155
null,all_alfworld,all,raw,D_orientation_A1::decision::reward_free,top_quartile_lift,1.6198343785341638,0.760750182099024,2.0840706117989627,1.3875073451998807,845,845,1155
null,all_alfworld,all,raw,D_factor::game::reward,spearman,0.21792652284662317,-0.4401177324980064,0.2981262274073284,-0.06147217064200036,845,845,1155
null,all_alfworld,all,raw,D_factor::game::reward,average_precision,0.7112943800109574,0.3496767002255448,0.8765572655830005,0.6205509447240254,845,845,1155
null,all_alfworld,all,raw,D_factor::game::reward,auroc_large_change_vs_rest,0.6136363636363636,0.3,0.7444444444444445,0.5153672034737123,845,845,1155
null,all_alfworld,all,raw,D_factor::game::reward,top_quartile_mean_absolute_delta,0.09136904761904761,0.02132309941520468,0.21003787878787877,0.10010904830251352,845,845,1155
null,all_alfworld,all,raw,D_factor::game::reward,top_quartile_lift,1.042170773754778,0.24980860238191932,1.6945574531634753,0.9581846861700457,845,845,1155
null,all_alfworld,all,raw,D_orientation::game::reward,spearman,0.18277708367781298,-0.43000270925102957,0.2745511412578251,-0.07882976955407264,845,845,1155
null,all_alfworld,all,raw,D_orientation::game::reward,average_precision,0.665839834556412,0.3559272837923048,0.8734311685046976,0.6096064817625862,845,845,1155
null,all_alfworld,all,raw,D_orientation::game::reward,auroc_large_change_vs_rest,0.6022727272727273,0.29590909090909095,0.7380952380952381,0.5089685741608818,845,845,1155
null,all_alfworld,all,raw,D_orientation::game::reward,top_quartile_mean_absolute_delta,0.09136904761904761,0.02132309941520468,0.21003787878787877,0.10010904830251352,845,845,1155
null,all_alfworld,all,raw,D_orientation::game::reward,top_quartile_lift,1.042170773754778,0.24980860238191932,1.6945574531634753,0.9581846861700457,845,845,1155
null,all_alfworld,all,raw,D_factor_A1::game::reward_free,spearman,0.3145874805608512,-0.2685949776592488,0.45561525772267836,0.07600512190895299,845,845,1155
null,all_alfworld,all,raw,D_factor_A1::game::reward_free,average_precision,0.7954626478690648,0.39369827991925516,0.8448037128993011,0.638727260989664,845,845,1155
null,all_alfworld,all,raw,D_factor_A1::game::reward_free,auroc_large_change_vs_rest,0.6931818181818182,0.30952380952380953,0.7661363636363636,0.5379560101305664,845,845,1155
null,all_alfworld,all,raw,D_factor_A1::game::reward_free,top_quartile_mean_absolute_delta,0.08923611111111111,0.026415624999999998,0.1947137445887445,0.09489307170952602,845,845,1155
null,all_alfworld,all,raw,D_factor_A1::game::reward_free,top_quartile_lift,1.0178421400569195,0.31775654887848614,1.6379146463006737,0.9132653729676591,845,845,1155
null,all_alfworld,all,raw,D_orientation_A1::game::reward_free,spearman,0.30931506468552966,-0.2816710099537497,0.4580302026858286,0.07284133274981437,845,845,1155
null,all_alfworld,all,raw,D_orientation_A1::game::reward_free,average_precision,0.7806850012732366,0.3914422475529286,0.8373159846689258,0.6352077917309484,845,845,1155
null,all_alfworld,all,raw,D_orientation_A1::game::reward_free,auroc_large_change_vs_rest,0.6818181818181818,0.30952380952380953,0.7555555555555555,0.531944129177857,845,845,1155
null,all_alfworld,all,raw,D_orientation_A1::game::reward_free,top_quartile_mean_absolute_delta,0.14201388888888888,0.0695723198370257,0.24134809981684982,0.14161491626441666,845,845,1155
null,all_alfworld,all,raw,D_orientation_A1::game::reward_free,top_quartile_lift,1.6198343785341638,0.760750182099024,2.0840706117989627,1.3875073451998807,845,845,1155
null,all_alfworld,all,absolute_readout,D_original::token::reward,spearman,-0.05448163071165579,-0.3890552292016961,0.3349317785901833,-0.02864207313914447,845,845,1155
null,all_alfworld,all,absolute_readout,D_original::token::reward,average_precision,0.5008709213043577,0.34388308097267994,0.8155486264369755,0.5829857259717719,845,845,1155
null,all_alfworld,all,absolute_readout,D_original::token::reward,auroc_large_change_vs_rest,0.29545454545454547,0.2226190476190476,0.7159090909090909,0.46744060016249367,845,845,1155
null,all_alfworld,all,absolute_readout,D_original::token::reward,top_quartile_mean_absolute_delta,0.113125,0.054546568627450984,0.20985054347826085,0.1285063459118982,845,845,1155
null,all_alfworld,all,absolute_readout,D_original::token::reward,top_quartile_lift,1.2903228374729354,0.6299482046246422,1.863959646042054,1.2599834176362739,845,845,1155
null,all_alfworld,all,absolute_readout,D_original::token::unsigned,spearman,-0.18277708367781298,-0.4955622820230644,0.15267789759956768,-0.178453090979741,845,845,1155
null,all_alfworld,all,absolute_readout,D_original::token::unsigned,average_precision,0.5809091020778326,0.3386922645852599,0.7036007368657191,0.531189165761616,845,845,1155
null,all_alfworld,all,absolute_readout,D_original::token::unsigned,auroc_large_change_vs_rest,0.3977272727272727,0.1794871794871795,0.602534965034965,0.38669192083393267,845,845,1155
null,all_alfworld,all,absolute_readout,D_original::token::unsigned,top_quartile_mean_absolute_delta,0.103125,0.03858723653395785,0.19005135387488326,0.10886784285118256,845,845,1155
null,all_alfworld,all,absolute_readout,D_original::token::unsigned,top_quartile_lift,1.17626115018251,0.44367467134054017,1.7034027824164653,1.065366030964758,845,845,1155
null,all_alfworld,all,absolute_readout,D_centered_gate::token::reward,spearman,-0.05448163071165579,-0.3890552292016961,0.3349317785901833,-0.02864207313914447,845,845,1155
null,all_alfworld,all,absolute_readout,D_centered_gate::token::reward,average_precision,0.5008709213043577,0.34388308097267994,0.8155486264369755,0.5829857259717719,845,845,1155
null,all_alfworld,all,absolute_readout,D_centered_gate::token::reward,auroc_large_change_vs_rest,0.29545454545454547,0.2226190476190476,0.7159090909090909,0.46744060016249367,845,845,1155
null,all_alfworld,all,absolute_readout,D_centered_gate::token::reward,top_quartile_mean_absolute_delta,0.113125,0.054546568627450984,0.20985054347826085,0.1285063459118982,845,845,1155
null,all_alfworld,all,absolute_readout,D_centered_gate::token::reward,top_quartile_lift,1.2903228374729354,0.6299482046246422,1.863959646042054,1.2599834176362739,845,845,1155
null,all_alfworld,all,absolute_readout,D_centered_gate::token::unsigned,spearman,-0.18277708367781298,-0.4955622820230644,0.15267789759956768,-0.178453090979741,845,845,1155
null,all_alfworld,all,absolute_readout,D_centered_gate::token::unsigned,average_precision,0.5809091020778326,0.3386922645852599,0.7036007368657191,0.531189165761616,845,845,1155
null,all_alfworld,all,absolute_readout,D_centered_gate::token::unsigned,auroc_large_change_vs_rest,0.3977272727272727,0.1794871794871795,0.602534965034965,0.38669192083393267,845,845,1155
null,all_alfworld,all,absolute_readout,D_centered_gate::token::unsigned,top_quartile_mean_absolute_delta,0.103125,0.03858723653395785,0.19005135387488326,0.10886784285118256,845,845,1155
null,all_alfworld,all,absolute_readout,D_centered_gate::token::unsigned,top_quartile_lift,1.17626115018251,0.44367467134054017,1.7034027824164653,1.065366030964758,845,845,1155
null,all_alfworld,all,absolute_readout,D_ungated::token::reward,spearman,0.13356786884147873,-0.33423922674093065,0.4025511028699138,0.045971939074143556,845,845,1155
null,all_alfworld,all,absolute_readout,D_ungated::token::reward,average_precision,0.6475297363455258,0.37339822053990285,0.8652078915236809,0.6340116490076351,845,845,1155
null,all_alfworld,all,absolute_readout,D_ungated::token::reward,auroc_large_change_vs_rest,0.4431818181818182,0.2777777777777778,0.7661363636363636,0.5132631586033953,845,845,1155
null,all_alfworld,all,absolute_readout,D_ungated::token::reward,top_quartile_mean_absolute_delta,0.15371376811594203,0.0669055944055944,0.2783242481203007,0.15927115176544052,845,845,1155
null,all_alfworld,all,absolute_readout,D_ungated::token::reward,top_quartile_lift,1.7532851751073515,0.8339749286285633,2.2156890055433345,1.547474112259334,845,845,1155
null,all_alfworld,all,absolute_readout,D_ungated::token::unsigned,spearman,0.16344489213496738,-0.39284642029346334,0.3588550318268997,0.0029141888177267134,845,845,1155
null,all_alfworld,all,absolute_readout,D_ungated::token::unsigned,average_precision,0.6965862354020249,0.3739905151500546,0.7989725899100899,0.6166678388328055,845,845,1155
null,all_alfworld,all,absolute_readout,D_ungated::token::unsigned,auroc_large_change_vs_rest,0.4772727272727273,0.2569230769230769,0.7,0.4824902300198158,845,845,1155
null,all_alfworld,all,absolute_readout,D_ungated::token::unsigned,top_quartile_mean_absolute_delta,0.15557432432432433,0.067375,0.271875,0.1573705624555912,845,845,1155
null,all_alfworld,all,absolute_readout,D_ungated::token::unsigned,top_quartile_lift,1.7745069931500277,0.8590863313606941,2.2397709342897496,1.5261064839290948,845,845,1155
null,all_alfworld,all,absolute_readout,D_signed::token::reward,spearman,-0.13884028471680024,-0.4637947489748746,0.23033022661636213,-0.11495866844599142,845,845,1155
null,all_alfworld,all,absolute_readout,D_signed::token::reward,average_precision,0.5536372651803273,0.3457283086065981,0.8172256494068235,0.5841892370849118,845,845,1155
null,all_alfworld,all,absolute_readout,D_signed::token::reward,auroc_large_change_vs_rest,0.32954545454545453,0.19318181818181818,0.688181818181818,0.44189692950047976,845,845,1155
null,all_alfworld,all,absolute_readout,D_signed::token::reward,top_quartile_mean_absolute_delta,0.049130434782608694,0.017745903110047846,0.13361677631578947,0.0665469341258517,845,845,1155
null,all_alfworld,all,absolute_readout,D_signed::token::reward,top_quartile_lift,0.5603900288616543,0.20561264999668621,1.178592631445824,0.6516988765131947,845,845,1155
null,all_alfworld,all,absolute_readout,D_signed::token::unsigned,spearman,-0.27416562551671947,-0.5133970521409592,0.15232014613544054,-0.19268731585422683,845,845,1155
null,all_alfworld,all,absolute_readout,D_signed::token::unsigned,average_precision,0.5316790021124387,0.327328738512949,0.7995403451835892,0.5717397496085476,845,845,1155
null,all_alfworld,all,absolute_readout,D_signed::token::unsigned,auroc_large_change_vs_rest,0.2727272727272727,0.17777777777777778,0.6444444444444445,0.40831893780118633,845,845,1155
null,all_alfworld,all,absolute_readout,D_signed::token::unsigned,top_quartile_mean_absolute_delta,0.049130434782608694,0.017745903110047846,0.13361677631578947,0.0665469341258517,845,845,1155
null,all_alfworld,all,absolute_readout,D_signed::token::unsigned,top_quartile_lift,0.5603900288616543,0.20561264999668621,1.178592631445824,0.6516988765131947,845,845,1155
null,all_alfworld,all,absolute_readout,D_signed_gate::token::reward,spearman,0.008787359792202548,-0.42629266953564476,0.26064454618768357,-0.07404721976877691,845,845,1155
null,all_alfworld,all,absolute_readout,D_signed_gate::token::reward,average_precision,0.5743964228378807,0.36410756410127537,0.7428588636930759,0.557427508606777,845,845,1155
null,all_alfworld,all,absolute_readout,D_signed_gate::token::reward,auroc_large_change_vs_rest,0.4318181818181818,0.25564102564102564,0.7,0.47160995152119406,845,845,1155
null,all_alfworld,all,absolute_readout,D_signed_gate::token::reward,top_quartile_mean_absolute_delta,0.08890765765765765,0.02004193295943655,0.19706051587301587,0.09357093240489972,845,845,1155
null,all_alfworld,all,absolute_readout,D_signed_gate::token::reward,top_quartile_lift,1.0140957445471928,0.2508835153838635,1.6164900105665185,0.9008840069425876,845,845,1155
null,all_alfworld,all,absolute_readout,D_signed_gate::token::unsigned,spearman,-0.1476276445090028,-0.33708088737935843,0.2511103583567114,-0.0524012106656788,845,845,1155
null,all_alfworld,all,absolute_readout,D_signed_gate::token::unsigned,average_precision,0.509677808119266,0.3596222884013132,0.7425271540823012,0.551182900921602,845,845,1155
null,all_alfworld,all,absolute_readout,D_signed_gate::token::unsigned,auroc_large_change_vs_rest,0.36363636363636365,0.25,0.7159090909090909,0.47853269839956236,845,845,1155
null,all_alfworld,all,absolute_readout,D_signed_gate::token::unsigned,top_quartile_mean_absolute_delta,0.046788092440266354,0.0264741438887648,0.105196125998843,0.06386207048519307,845,845,1155
null,all_alfworld,all,absolute_readout,D_signed_gate::token::unsigned,top_quartile_lift,0.5336728768837169,0.2800811759942778,1.088861411578458,0.6387782953864685,845,845,1155
null,all_alfworld,all,absolute_readout,D_sign_balance::token::reward,spearman,-0.17398972388561043,-0.4669498266046645,0.23839866933865458,-0.12269754941208905,845,845,1155
null,all_alfworld,all,absolute_readout,D_sign_balance::token::reward,average_precision,0.5055853171283793,0.34130112121066064,0.8083723461167066,0.5689734297579929,845,845,1155
null,all_alfworld,all,absolute_readout,D_sign_balance::token::reward,auroc_large_change_vs_rest,0.3181818181818182,0.2111111111111111,0.6815850815850815,0.4375320077686942,845,845,1155
null,all_alfworld,all,absolute_readout,D_sign_balance::token::reward,top_quartile_mean_absolute_delta,0.0522554347826087,0.021257565789473683,0.1357267857142857,0.06977774014979644,845,845,1155
null,all_alfworld,all,absolute_readout,D_sign_balance::token::reward,top_quartile_lift,0.5960343061399124,0.2313661123989793,1.2155506940054417,0.6845933849205329,845,845,1155
null,all_alfworld,all,absolute_readout,D_sign_balance::token::unsigned,spearman,-0.0369069111272507,-0.31272679270996573,0.29524546501876575,-0.01915827471297274,845,845,1155
null,all_alfworld,all,absolute_readout,D_sign_balance::token::unsigned,average_precision,0.5275497089457123,0.34531454530652894,0.8203439355928852,0.5832161661750864,845,845,1155
null,all_alfworld,all,absolute_readout,D_sign_balance::token::unsigned,auroc_large_change_vs_rest,0.375,0.26666666666666666,0.7142857142857143,0.47814931780908115,845,845,1155
null,all_alfworld,all,absolute_readout,D_sign_balance::token::unsigned,top_quartile_mean_absolute_delta,0.0522554347826087,0.021257565789473683,0.1357267857142857,0.06977774014979644,845,845,1155
null,all_alfworld,all,absolute_readout,D_sign_balance::token::unsigned,top_quartile_lift,0.5960343061399124,0.2313661123989793,1.2155506940054417,0.6845933849205329,845,845,1155
null,all_alfworld,all,absolute_readout,D_negative_fraction::token::reward,spearman,-0.08611612596358496,-0.4627703484383703,0.20765149887771794,-0.13582995200962775,845,845,1155
null,all_alfworld,all,absolute_readout,D_negative_fraction::token::reward,average_precision,0.5198962587120483,0.3405978834761729,0.7618759819390072,0.5567466384115372,845,845,1155
null,all_alfworld,all,absolute_readout,D_negative_fraction::token::reward,auroc_large_change_vs_rest,0.3409090909090909,0.20454545454545456,0.6777777777777778,0.4252750159111106,845,845,1155
null,all_alfworld,all,absolute_readout,D_negative_fraction::token::reward,top_quartile_mean_absolute_delta,0.050588768115942026,0.010211237832040919,0.11527777777777777,0.054722552365749064,845,845,1155
null,all_alfworld,all,absolute_readout,D_negative_fraction::token::reward,top_quartile_lift,0.5770240249248414,0.11593470948729134,1.0423543255618632,0.5363043715112499,845,845,1155
null,all_alfworld,all,absolute_readout,D_negative_fraction::token::unsigned,spearman,0.06502646246229885,-0.42870773237907817,0.3175215871708477,-0.04016319125991572,845,845,1155
null,all_alfworld,all,absolute_readout,D_negative_fraction::token::unsigned,average_precision,0.6735567396452563,0.3607904788709742,0.7777518002996472,0.5980522230597294,845,845,1155
null,all_alfworld,all,absolute_readout,D_negative_fraction::token::unsigned,auroc_large_change_vs_rest,0.4659090909090909,0.245,0.6777777777777778,0.46417736110043806,845,845,1155
null,all_alfworld,all,absolute_readout,D_negative_fraction::token::unsigned,top_quartile_mean_absolute_delta,0.15557432432432433,0.067375,0.271875,0.1573705624555912,845,845,1155
null,all_alfworld,all,absolute_readout,D_negative_fraction::token::unsigned,top_quartile_lift,1.7745069931500277,0.8590863313606941,2.2397709342897496,1.5261064839290948,845,845,1155
null,all_alfworld,all,absolute_readout,D_adv::token::reward,spearman,-0.0369069111272507,-0.30202616075466904,0.41249092108168534,0.057775948282501544,845,845,1155
null,all_alfworld,all,absolute_readout,D_adv::token::reward,average_precision,0.5103225807560172,0.3710827549643339,0.8559644377319079,0.6141780735337976,845,845,1155
null,all_alfworld,all,absolute_readout,D_adv::token::reward,auroc_large_change_vs_rest,0.29545454545454547,0.23863636363636365,0.7444444444444445,0.4913919282558336,845,845,1155
null,all_alfworld,all,absolute_readout,D_adv::token::reward,top_quartile_mean_absolute_delta,0.10513888888888889,0.06551337703038895,0.21582087459154628,0.12694746136504356,845,845,1155
null,all_alfworld,all,absolute_readout,D_adv::token::reward,top_quartile_lift,1.1992319066507209,0.7251374333327292,1.883698216449627,1.252793535503343,845,845,1155
null,all_alfworld,all,absolute_readout,D_adv::token::unsigned,spearman,-0.27416562551671947,-0.5133970521409592,0.15232014613544054,-0.19268731585422683,845,845,1155
null,all_alfworld,all,absolute_readout,D_adv::token::unsigned,average_precision,0.5316790021124387,0.327328738512949,0.7995403451835892,0.5717397496085476,845,845,1155
null,all_alfworld,all,absolute_readout,D_adv::token::unsigned,auroc_large_change_vs_rest,0.2727272727272727,0.17777777777777778,0.6444444444444445,0.40831893780118633,845,845,1155
null,all_alfworld,all,absolute_readout,D_adv::token::unsigned,top_quartile_mean_absolute_delta,0.049130434782608694,0.017745903110047846,0.13361677631578947,0.0665469341258517,845,845,1155
null,all_alfworld,all,absolute_readout,D_adv::token::unsigned,top_quartile_lift,0.5603900288616543,0.20561264999668621,1.178592631445824,0.6516988765131947,845,845,1155
null,all_alfworld,all,absolute_readout,D_adv_gate::token::reward,spearman,-0.12126556513239516,-0.36545143207794556,0.3693591504858303,-0.012979798254643505,845,845,1155
null,all_alfworld,all,absolute_readout,D_adv_gate::token::reward,average_precision,0.5531600463207557,0.35394187579337955,0.821070181661181,0.5961531481301489,845,845,1155
null,all_alfworld,all,absolute_readout,D_adv_gate::token::reward,auroc_large_change_vs_rest,0.3181818181818182,0.23102564102564105,0.7257936507936507,0.468894984042913,845,845,1155
null,all_alfworld,all,absolute_readout,D_adv_gate::token::reward,top_quartile_mean_absolute_delta,0.05371376811594203,0.017477526395173453,0.16586502100840333,0.071904620558099,845,845,1155
null,all_alfworld,all,absolute_readout,D_adv_gate::token::reward,top_quartile_lift,0.6126683022030993,0.18876202477160653,1.4090645792409693,0.6984729177366119,845,845,1155
null,all_alfworld,all,absolute_readout,D_adv_gate::token::unsigned,spearman,-0.1476276445090028,-0.33708088737935843,0.2511103583567114,-0.0524012106656788,845,845,1155
null,all_alfworld,all,absolute_readout,D_adv_gate::token::unsigned,average_precision,0.509677808119266,0.3596222884013132,0.7425271540823012,0.551182900921602,845,845,1155
null,all_alfworld,all,absolute_readout,D_adv_gate::token::unsigned,auroc_large_change_vs_rest,0.36363636363636365,0.25,0.7159090909090909,0.47853269839956236,845,845,1155
null,all_alfworld,all,absolute_readout,D_adv_gate::token::unsigned,top_quartile_mean_absolute_delta,0.046788092440266354,0.0264741438887648,0.105196125998843,0.06386207048519307,845,845,1155
null,all_alfworld,all,absolute_readout,D_adv_gate::token::unsigned,top_quartile_lift,0.5336728768837169,0.2800811759942778,1.088861411578458,0.6387782953864685,845,845,1155
null,all_alfworld,all,absolute_readout,D_sqrtadv::token::reward,spearman,-0.06502646246229885,-0.45512695444121976,0.25123361348377343,-0.10304724073626335,845,845,1155
null,all_alfworld,all,absolute_readout,D_sqrtadv::token::reward,average_precision,0.5200436677498316,0.3327235835522407,0.8384707633301047,0.5820734093818486,845,845,1155
null,all_alfworld,all,absolute_readout,D_sqrtadv::token::reward,auroc_large_change_vs_rest,0.3181818181818182,0.19318181818181818,0.6930944055944056,0.43537884370724605,845,845,1155
null,all_alfworld,all,absolute_readout,D_sqrtadv::token::reward,top_quartile_mean_absolute_delta,0.0803804347826087,0.027681182121971598,0.19807614522417152,0.09960444605836363,845,845,1155
null,all_alfworld,all,absolute_readout,D_sqrtadv::token::reward,top_quartile_lift,0.9168328016442333,0.3287319614394026,1.6673789543919686,0.9603132040560285,845,845,1155
null,all_alfworld,all,absolute_readout,D_sqrtadv::token::unsigned,spearman,-0.27416562551671947,-0.5133970521409592,0.15232014613544054,-0.19268731585422683,845,845,1155
null,all_alfworld,all,absolute_readout,D_sqrtadv::token::unsigned,average_precision,0.5316790021124387,0.327328738512949,0.7995403451835892,0.5717397496085476,845,845,1155
null,all_alfworld,all,absolute_readout,D_sqrtadv::token::unsigned,auroc_large_change_vs_rest,0.2727272727272727,0.17777777777777778,0.6444444444444445,0.40831893780118633,845,845,1155
null,all_alfworld,all,absolute_readout,D_sqrtadv::token::unsigned,top_quartile_mean_absolute_delta,0.049130434782608694,0.017745903110047846,0.13361677631578947,0.0665469341258517,845,845,1155
null,all_alfworld,all,absolute_readout,D_sqrtadv::token::unsigned,top_quartile_lift,0.5603900288616543,0.20561264999668621,1.178592631445824,0.6516988765131947,845,845,1155
null,all_alfworld,all,absolute_readout,D_work::token::reward,spearman,0.1300529249245977,-0.15257724899333028,0.4970559002038621,0.18038463445183245,845,845,1155
null,all_alfworld,all,absolute_readout,D_work::token::reward,average_precision,0.6175763563921458,0.46473399042477986,0.873945681511471,0.6656432978606062,845,845,1155
null,all_alfworld,all,absolute_readout,D_work::token::reward,auroc_large_change_vs_rest,0.5,0.32222222222222224,0.7773809523809523,0.5483014569257173,845,845,1155
null,all_alfworld,all,absolute_readout,D_work::token::reward,top_quartile_mean_absolute_delta,0.1613526570048309,0.096223142266586,0.24285041652566433,0.16954994286863104,845,845,1155
null,all_alfworld,all,absolute_readout,D_work::token::reward,top_quartile_lift,1.840415630676426,1.0292237230226677,2.3511647104334714,1.6914000050606628,845,845,1155
null,all_alfworld,all,absolute_readout,D_work::token::unsigned,spearman,-0.11775062121551413,-0.30136336520644635,0.3785224941389292,0.025547408095162268,845,845,1155
null,all_alfworld,all,absolute_readout,D_work::token::unsigned,average_precision,0.5224018339448961,0.37555467923888974,0.87139871501081,0.6323604976902061,845,845,1155
null,all_alfworld,all,absolute_readout,D_work::token::unsigned,auroc_large_change_vs_rest,0.3409090909090909,0.2777777777777778,0.7386363636363636,0.5111833235797734,845,845,1155
null,all_alfworld,all,absolute_readout,D_work::token::unsigned,top_quartile_mean_absolute_delta,0.1303804347826087,0.06342247987158427,0.2566205357142857,0.14975014437713888,845,845,1155
null,all_alfworld,all,absolute_readout,D_work::token::unsigned,top_quartile_lift,1.4871412380963593,0.7476135470282307,2.1736025559379524,1.4626405960876347,845,845,1155
null,all_alfworld,all,absolute_readout,D_work_gate::token::reward,spearman,-0.13181039688303822,-0.16264019508118077,0.5348433743556399,0.16625718049735885,845,845,1155
null,all_alfworld,all,absolute_readout,D_work_gate::token::reward,average_precision,0.6042729930887826,0.49994405201351794,0.8703958333333333,0.686696171979952,845,845,1155
null,all_alfworld,all,absolute_readout,D_work_gate::token::reward,auroc_large_change_vs_rest,0.38636363636363635,0.3142857142857143,0.7888888888888889,0.537714453528063,845,845,1155
null,all_alfworld,all,absolute_readout,D_work_gate::token::reward,top_quartile_mean_absolute_delta,0.15683288299353146,0.09968425434623637,0.24523327817776286,0.1717844874054527,845,845,1155
null,all_alfworld,all,absolute_readout,D_work_gate::token::reward,top_quartile_lift,1.7888623256864034,1.064765291767636,2.4184054278840112,1.7131185673886018,845,845,1155
null,all_alfworld,all,absolute_readout,D_work_gate::token::unsigned,spearman,-0.14411270059212178,-0.2547330446799416,0.43815266590475366,0.0921695417156686,845,845,1155
null,all_alfworld,all,absolute_readout,D_work_gate::token::unsigned,average_precision,0.5224382428716794,0.40455723247463626,0.8590062082525316,0.6348804988238292,845,845,1155
null,all_alfworld,all,absolute_readout,D_work_gate::token::unsigned,auroc_large_change_vs_rest,0.32954545454545453,0.28888888888888886,0.7494444444444444,0.515807685082833,845,845,1155
null,all_alfworld,all,absolute_readout,D_work_gate::token::unsigned,top_quartile_mean_absolute_delta,0.12178809244026637,0.07240241437484085,0.21025641416477447,0.13858396397631734,845,845,1155
null,all_alfworld,all,absolute_readout,D_work_gate::token::unsigned,top_quartile_lift,1.3891355315619063,0.7938520055382561,1.9550279345647656,1.3742282169990574,845,845,1155
null,all_alfworld,all,absolute_readout,D_cos_raw::token::reward,spearman,-0.2565909059323144,-0.5490531844323542,0.07525292900137626,-0.24000956346740207,845,845,1155
null,all_alfworld,all,absolute_readout,D_cos_raw::token::reward,average_precision,0.4756252445212479,0.32523878071962437,0.7476788115744191,0.5300849376144715,845,845,1155
null,all_alfworld,all,absolute_readout,D_cos_raw::token::reward,auroc_large_change_vs_rest,0.2727272727272727,0.16666666666666666,0.6111111111111112,0.3860004180566311,845,845,1155
null,all_alfworld,all,absolute_readout,D_cos_raw::token::reward,top_quartile_mean_absolute_delta,0.049130434782608694,0.017745903110047846,0.13361677631578947,0.0665469341258517,845,845,1155
null,all_alfworld,all,absolute_readout,D_cos_raw::token::reward,top_quartile_lift,0.5603900288616543,0.20561264999668621,1.178592631445824,0.6516988765131947,845,845,1155
null,all_alfworld,all,absolute_readout,D_cos_raw::token::unsigned,spearman,-0.45167029331921094,-0.583864477695156,0.10914015821627268,-0.2600169462127806,845,845,1155
null,all_alfworld,all,absolute_readout,D_cos_raw::token::unsigned,average_precision,0.44976571338096816,0.3261846685981471,0.7252792554436034,0.5239760880706112,845,845,1155
null,all_alfworld,all,absolute_readout,D_cos_raw::token::unsigned,auroc_large_change_vs_rest,0.19318181818181818,0.15555555555555556,0.6152097902097902,0.37028457571356976,845,845,1155
null,all_alfworld,all,absolute_readout,D_cos_raw::token::unsigned,top_quartile_mean_absolute_delta,0.027255434782608695,0.01590066183816184,0.08396910394592619,0.04520154497744741,845,845,1155
null,all_alfworld,all,absolute_readout,D_cos_raw::token::unsigned,top_quartile_lift,0.3108800879138492,0.15385737333606936,0.8249891852367413,0.45147085533955045,845,845,1155
null,all_alfworld,all,absolute_readout,D_cos_centered::token::reward,spearman,-0.17398972388561043,-0.49835431444241945,0.18900706107581042,-0.1657922636528042,845,845,1155
null,all_alfworld,all,absolute_readout,D_cos_centered::token::reward,average_precision,0.4942732631692665,0.335203357658853,0.7966030206709108,0.5605016948064082,845,845,1155
null,all_alfworld,all,absolute_readout,D_cos_centered::token::reward,auroc_large_change_vs_rest,0.29545454545454547,0.17972027972027974,0.6587373737373736,0.41639467862840646,845,845,1155
null,all_alfworld,all,absolute_readout,D_cos_centered::token::reward,top_quartile_mean_absolute_delta,0.049130434782608694,0.017745903110047846,0.13361677631578947,0.0665469341258517,845,845,1155
null,all_alfworld,all,absolute_readout,D_cos_centered::token::reward,top_quartile_lift,0.5603900288616543,0.20561264999668621,1.178592631445824,0.6516988765131947,845,845,1155
null,all_alfworld,all,absolute_readout,D_cos_centered::token::unsigned,spearman,-0.3884013028153526,-0.5915358603285268,0.09192671190205828,-0.259901868321844,845,845,1155
null,all_alfworld,all,absolute_readout,D_cos_centered::token::unsigned,average_precision,0.4679475315627863,0.3198032283088674,0.7664361130388755,0.5418695717206188,845,845,1155
null,all_alfworld,all,absolute_readout,D_cos_centered::token::unsigned,auroc_large_change_vs_rest,0.20454545454545456,0.15555555555555556,0.6185064935064934,0.3719422293682648,845,845,1155
null,all_alfworld,all,absolute_readout,D_cos_centered::token::unsigned,top_quartile_mean_absolute_delta,0.049130434782608694,0.017745903110047846,0.13361677631578947,0.0665469341258517,845,845,1155
null,all_alfworld,all,absolute_readout,D_cos_centered::token::unsigned,top_quartile_lift,0.5603900288616543,0.20561264999668621,1.178592631445824,0.6516988765131947,845,845,1155
null,all_alfworld,all,absolute_readout,D_cos_centered_gate::token::reward,spearman,-0.09841842967266853,-0.4186414892957034,0.1631976500176269,-0.12621496322009654,845,845,1155
null,all_alfworld,all,absolute_readout,D_cos_centered_gate::token::reward,average_precision,0.5043204204089371,0.3469935017467912,0.7114332972791619,0.5299040728382846,845,845,1155
null,all_alfworld,all,absolute_readout,D_cos_centered_gate::token::reward,auroc_large_change_vs_rest,0.3522727272727273,0.2262987012987013,0.6590909090909091,0.4386017434242286,845,845,1155
null,all_alfworld,all,absolute_readout,D_cos_centered_gate::token::reward,top_quartile_mean_absolute_delta,0.10034722222222223,0.044142608359133126,0.17018009768009768,0.10030281468101344,845,845,1155
null,all_alfworld,all,absolute_readout,D_cos_centered_gate::token::reward,top_quartile_lift,1.144577348157392,0.45748584673695675,1.6203573179109692,0.998008161175698,845,845,1155
null,all_alfworld,all,absolute_readout,D_cos_centered_gate::token::unsigned,spearman,-0.15641500430120533,-0.3569082258159558,0.2597243045785253,-0.05262050207699617,845,845,1155
null,all_alfworld,all,absolute_readout,D_cos_centered_gate::token::unsigned,average_precision,0.5053749214634382,0.3580843206501101,0.7543989206362688,0.5513849017047914,845,845,1155
null,all_alfworld,all,absolute_readout,D_cos_centered_gate::token::unsigned,auroc_large_change_vs_rest,0.3522727272727273,0.25555555555555554,0.7157467532467532,0.47827684806974746,845,845,1155
null,all_alfworld,all,absolute_readout,D_cos_centered_gate::token::unsigned,top_quartile_mean_absolute_delta,0.04746376811594203,0.01780357142857143,0.12876400560224088,0.06342330379793609,845,845,1155
null,all_alfworld,all,absolute_readout,D_cos_centered_gate::token::unsigned,top_quartile_lift,0.5413797476465835,0.1824150809119109,1.1698036814524848,0.6229811197747608,845,845,1155
null,all_alfworld,all,absolute_readout,D_cos_adv::token::reward,spearman,-0.23198629851414726,-0.4382477142048245,0.26703615275824477,-0.08716400647392887,845,845,1155
null,all_alfworld,all,absolute_readout,D_cos_adv::token::reward,average_precision,0.476123446556883,0.34135238729278977,0.8247492228491105,0.5809364462321706,845,845,1155
null,all_alfworld,all,absolute_readout,D_cos_adv::token::reward,auroc_large_change_vs_rest,0.22727272727272727,0.18252525252525253,0.6818181818181818,0.4356365298081275,845,845,1155
null,all_alfworld,all,absolute_readout,D_cos_adv::token::reward,top_quartile_mean_absolute_delta,0.10513888888888889,0.06551337703038895,0.21582087459154628,0.12694746136504356,845,845,1155
null,all_alfworld,all,absolute_readout,D_cos_adv::token::reward,top_quartile_lift,1.1992319066507209,0.7251374333327292,1.883698216449627,1.252793535503343,845,845,1155
null,all_alfworld,all,absolute_readout,D_cos_adv::token::unsigned,spearman,-0.3884013028153526,-0.5915358603285268,0.09192671190205828,-0.259901868321844,845,845,1155
null,all_alfworld,all,absolute_readout,D_cos_adv::token::unsigned,average_precision,0.4679475315627863,0.3198032283088674,0.7664361130388755,0.5418695717206188,845,845,1155
null,all_alfworld,all,absolute_readout,D_cos_adv::token::unsigned,auroc_large_change_vs_rest,0.20454545454545456,0.15555555555555556,0.6185064935064934,0.3719422293682648,845,845,1155
null,all_alfworld,all,absolute_readout,D_cos_adv::token::unsigned,top_quartile_mean_absolute_delta,0.049130434782608694,0.017745903110047846,0.13361677631578947,0.0665469341258517,845,845,1155
null,all_alfworld,all,absolute_readout,D_cos_adv::token::unsigned,top_quartile_lift,0.5603900288616543,0.20561264999668621,1.178592631445824,0.6516988765131947,845,845,1155
null,all_alfworld,all,absolute_readout,D_cos_negative::token::reward,spearman,-0.06151151854541783,-0.3478037005753768,0.33934368821758076,-0.012002239557746475,845,845,1155
null,all_alfworld,all,absolute_readout,D_cos_negative::token::reward,average_precision,0.5472634176968542,0.35999888484408604,0.8500760169114877,0.6105360216691267,845,845,1155
null,all_alfworld,all,absolute_readout,D_cos_negative::token::reward,auroc_large_change_vs_rest,0.3409090909090909,0.24367521367521366,0.7374999999999997,0.48058985393304915,845,845,1155
null,all_alfworld,all,absolute_readout,D_cos_negative::token::reward,top_quartile_mean_absolute_delta,0.1241304347826087,0.06224862700228833,0.22886295468238935,0.14126882761697596,845,845,1155
null,all_alfworld,all,absolute_readout,D_cos_negative::token::reward,top_quartile_lift,1.4158526835398435,0.7442325985558598,1.9961232126738913,1.3871487981257835,845,845,1155
null,all_alfworld,all,absolute_readout,D_cos_negative::token::unsigned,spearman,0.18101961171937248,-0.3427548328527389,0.4221014071180692,0.053012061459370034,845,845,1155
null,all_alfworld,all,absolute_readout,D_cos_negative::token::unsigned,average_precision,0.7189002849888017,0.3874824919232814,0.8206386042076831,0.6383307088729162,845,845,1155
null,all_alfworld,all,absolute_readout,D_cos_negative::token::unsigned,auroc_large_change_vs_rest,0.5,0.28948717948717945,0.7154292929292928,0.501973478526733,845,845,1155
null,all_alfworld,all,absolute_readout,D_cos_negative::token::unsigned,top_quartile_mean_absolute_delta,0.15557432432432433,0.067375,0.271875,0.1573705624555912,845,845,1155
null,all_alfworld,all,absolute_readout,D_cos_negative::token::unsigned,top_quartile_lift,1.7745069931500277,0.8590863313606941,2.2397709342897496,1.5261064839290948,845,845,1155
null,all_alfworld,all,absolute_readout,D_soft::token::reward,spearman,-0.0738138222545014,-0.3332166833203206,0.28656932797480533,-0.031207710079483603,845,845,1155
null,all_alfworld,all,absolute_readout,D_soft::token::reward,average_precision,0.5774655759070338,0.4085289187445313,0.7185602932174289,0.5695041361947027,845,845,1155
null,all_alfworld,all,absolute_readout,D_soft::token::reward,auroc_large_change_vs_rest,0.42045454545454547,0.25648351648351647,0.7,0.47310383896182706,845,845,1155
null,all_alfworld,all,absolute_readout,D_soft::token::reward,top_quartile_mean_absolute_delta,0.1007132132132132,0.06153361344537816,0.175889553014553,0.11306099638172089,845,845,1155
null,all_alfworld,all,absolute_readout,D_soft::token::reward,top_quartile_lift,1.1487519031539446,0.6059090595149416,1.7310737041559974,1.1298442987926003,845,845,1155
null,all_alfworld,all,absolute_readout,D_soft::token::unsigned,spearman,-0.13181039688303822,-0.3013397487596135,0.34110605608573485,0.01158314902851984,845,845,1155
null,all_alfworld,all,absolute_readout,D_soft::token::unsigned,average_precision,0.5835065046752352,0.38241470431872904,0.806553229192548,0.6057425876519525,845,845,1155
null,all_alfworld,all,absolute_readout,D_soft::token::unsigned,auroc_large_change_vs_rest,0.3977272727272727,0.2623809523809524,0.7222222222222222,0.49545159311431497,845,845,1155
null,all_alfworld,all,absolute_readout,D_soft::token::unsigned,top_quartile_mean_absolute_delta,0.09746376811594203,0.04981602175718574,0.18638970588235293,0.11356900211671134,845,845,1155
null,all_alfworld,all,absolute_readout,D_soft::token::unsigned,top_quartile_lift,1.1116881840987096,0.533013987213642,1.6931021430077382,1.1253085118063673,845,845,1155
null,all_alfworld,all,absolute_readout,D_soft_negative::token::reward,spearman,-0.05448163071165579,-0.3472015069212158,0.33308468945089864,-0.016652537398970366,845,845,1155
null,all_alfworld,all,absolute_readout,D_soft_negative::token::reward,average_precision,0.49651668967739887,0.35237961685717106,0.7666604608964185,0.5541181430344022,845,845,1155
null,all_alfworld,all,absolute_readout,D_soft_negative::token::reward,auroc_large_change_vs_rest,0.3181818181818182,0.245,0.6993181818181816,0.4686333406895537,845,845,1155
null,all_alfworld,all,absolute_readout,D_soft_negative::token::reward,top_quartile_mean_absolute_delta,0.113125,0.054546568627450984,0.20985054347826085,0.1285063459118982,845,845,1155
null,all_alfworld,all,absolute_readout,D_soft_negative::token::reward,top_quartile_lift,1.2903228374729354,0.6299482046246422,1.863959646042054,1.2599834176362739,845,845,1155
null,all_alfworld,all,absolute_readout,D_soft_negative::token::unsigned,spearman,-0.29349781705956507,-0.5277299626178825,0.18109136580809582,-0.17466101464302003,845,845,1155
null,all_alfworld,all,absolute_readout,D_soft_negative::token::unsigned,average_precision,0.5464835602993499,0.3280055105713,0.7398791061633829,0.556588642173498,845,845,1155
null,all_alfworld,all,absolute_readout,D_soft_negative::token::unsigned,auroc_large_change_vs_rest,0.3068181818181818,0.17045454545454544,0.6219047619047618,0.3880851659845742,845,845,1155
null,all_alfworld,all,absolute_readout,D_soft_negative::token::unsigned,top_quartile_mean_absolute_delta,0.10479166666666666,0.045615131578947365,0.20112774725274724,0.11758408247146539,845,845,1155
null,all_alfworld,all,absolute_readout,D_soft_negative::token::unsigned,top_quartile_lift,1.195271431397581,0.5111773931706728,1.7681077339362492,1.149755973010192,845,845,1155
null,all_alfworld,all,absolute_readout,D_soft_cos::token::reward,spearman,-0.28646792922580305,-0.43580583230568093,0.20435573934230572,-0.12749941186209693,845,845,1155
null,all_alfworld,all,absolute_readout,D_soft_cos::token::reward,average_precision,0.4941719829877725,0.3607360612706007,0.6816412597427632,0.5184849051280233,845,845,1155
null,all_alfworld,all,absolute_readout,D_soft_cos::token::reward,auroc_large_change_vs_rest,0.3181818181818182,0.20454545454545456,0.6444444444444445,0.42598967928849585,845,845,1155
null,all_alfworld,all,absolute_readout,D_soft_cos::token::reward,top_quartile_mean_absolute_delta,0.08784722222222222,0.04661348684210527,0.14643315018315015,0.09026754653036069,845,845,1155
null,all_alfworld,all,absolute_readout,D_soft_cos::token::reward,top_quartile_lift,1.0020002390443603,0.4613002939673588,1.452868612652848,0.904475289962481,845,845,1155
null,all_alfworld,all,absolute_readout,D_soft_cos::token::unsigned,spearman,-0.17750466780249147,-0.2979954294149673,0.32202241274776783,0.0007641339890277245,845,845,1155
null,all_alfworld,all,absolute_readout,D_soft_cos::token::unsigned,average_precision,0.5335594820009398,0.37703658570531634,0.7442460653310112,0.5627753586647446,845,845,1155
null,all_alfworld,all,absolute_readout,D_soft_cos::token::unsigned,auroc_large_change_vs_rest,0.38636363636363635,0.2618939393939394,0.7154292929292928,0.4912837622600936,845,845,1155
null,all_alfworld,all,absolute_readout,D_soft_cos::token::unsigned,top_quartile_mean_absolute_delta,0.09746376811594203,0.04981602175718574,0.18638970588235293,0.11356900211671134,845,845,1155
null,all_alfworld,all,absolute_readout,D_soft_cos::token::unsigned,top_quartile_lift,1.1116881840987096,0.533013987213642,1.6931021430077382,1.1253085118063673,845,845,1155
null,all_alfworld,all,absolute_readout,D_sigmoid::token::reward,spearman,-0.13181039688303822,-0.4967041876371362,0.15713678278459076,-0.1670841686045163,845,845,1155
null,all_alfworld,all,absolute_readout,D_sigmoid::token::reward,average_precision,0.5074174051235688,0.3354048549244259,0.7253789753418236,0.5277596821650232,845,845,1155
null,all_alfworld,all,absolute_readout,D_sigmoid::token::reward,auroc_large_change_vs_rest,0.3522727272727273,0.2111111111111111,0.6540584415584414,0.4239717383208507,845,845,1155
null,all_alfworld,all,absolute_readout,D_sigmoid::token::reward,top_quartile_mean_absolute_delta,0.06625,0.01417361111111111,0.18143434343434345,0.08361115832934113,845,845,1155
null,all_alfworld,all,absolute_readout,D_sigmoid::token::reward,top_quartile_lift,0.7556586782990672,0.17370304984539736,1.5097595022761297,0.8002533151591805,845,845,1155
null,all_alfworld,all,absolute_readout,D_sigmoid::token::unsigned,spearman,-0.26889320964139796,-0.42214810916923806,0.22133371831368182,-0.10443157072560144,845,845,1155
null,all_alfworld,all,absolute_readout,D_sigmoid::token::unsigned,average_precision,0.4890423829383863,0.3519376650181604,0.7365511316169212,0.5400217131447842,845,845,1155
null,all_alfworld,all,absolute_readout,D_sigmoid::token::unsigned,auroc_large_change_vs_rest,0.3068181818181818,0.23333333333333334,0.6993181818181816,0.4513581602486928,845,845,1155
null,all_alfworld,all,absolute_readout,D_sigmoid::token::unsigned,top_quartile_mean_absolute_delta,0.04746376811594203,0.01780357142857143,0.12876400560224088,0.06342330379793609,845,845,1155
null,all_alfworld,all,absolute_readout,D_sigmoid::token::unsigned,top_quartile_lift,0.5413797476465835,0.1824150809119109,1.1698036814524848,0.6229811197747608,845,845,1155
null,all_alfworld,all,absolute_readout,D_tauC_q25::token::reward,spearman,0.13356786884147873,-0.3308548835022846,0.33814236838737194,0.0124253510060947,845,845,1155
null,all_alfworld,all,absolute_readout,D_tauC_q25::token::reward,average_precision,0.6109381639250764,0.38359511704325944,0.7452401110886019,0.5794227699162399,845,845,1155
null,all_alfworld,all,absolute_readout,D_tauC_q25::token::reward,auroc_large_change_vs_rest,0.5,0.28948717948717945,0.7157467532467532,0.5025871088149194,845,845,1155
null,all_alfworld,all,absolute_readout,D_tauC_q25::token::reward,top_quartile_mean_absolute_delta,0.12779654654654654,0.06346389190612554,0.2221742424242424,0.1305682872768376,845,845,1155
null,all_alfworld,all,absolute_readout,D_tauC_q25::token::reward,top_quartile_lift,1.4576689728988463,0.7219615173316232,1.9965623833598916,1.2895251559229013,845,845,1155
null,all_alfworld,all,absolute_readout,D_tauC_q25::token::unsigned,spearman,-0.18453455563625348,-0.3653784201597819,0.2622563241052318,-0.05813520247093947,845,845,1155
null,all_alfworld,all,absolute_readout,D_tauC_q25::token::unsigned,average_precision,0.4990520702208009,0.3572788128409259,0.7407757952688293,0.5460676006096298,845,845,1155
null,all_alfworld,all,absolute_readout,D_tauC_q25::token::unsigned,auroc_large_change_vs_rest,0.3409090909090909,0.23857142857142857,0.6993181818181816,0.47013077652130913,845,845,1155
null,all_alfworld,all,absolute_readout,D_tauC_q25::token::unsigned,top_quartile_mean_absolute_delta,0.046788092440266354,0.0264741438887648,0.105196125998843,0.06386207048519307,845,845,1155
null,all_alfworld,all,absolute_readout,D_tauC_q25::token::unsigned,top_quartile_lift,0.5336728768837169,0.2800811759942778,1.088861411578458,0.6387782953864685,845,845,1155
null,all_alfworld,all,absolute_readout,D_tauC_q50::token::reward,spearman,0.09138854183890649,-0.3819889080095586,0.27796323267845274,-0.0407274145931428,845,845,1155
null,all_alfworld,all,absolute_readout,D_tauC_q50::token::reward,average_precision,0.6253765033634159,0.3688475653419263,0.7197763669324926,0.5624874879922916,845,845,1155
null,all_alfworld,all,absolute_readout,D_tauC_q50::token::reward,auroc_large_change_vs_rest,0.5113636363636364,0.2569055944055944,0.6666666666666666,0.47581627938136817,845,845,1155
null,all_alfworld,all,absolute_readout,D_tauC_q50::token::reward,top_quartile_mean_absolute_delta,0.1444632132132132,0.06734143155426185,0.24852880044791809,0.14422221900875384,845,845,1155
null,all_alfworld,all,absolute_readout,D_tauC_q50::token::reward,top_quartile_lift,1.647771785049555,0.7659272309252603,2.072543845758823,1.4124202408778017,845,845,1155
null,all_alfworld,all,absolute_readout,D_tauC_q50::token::unsigned,spearman,-0.0738138222545014,-0.31584038669080544,0.29387151892270746,-0.02322818299815271,845,845,1155
null,all_alfworld,all,absolute_readout,D_tauC_q50::token::unsigned,average_precision,0.5610317572004878,0.36295223352498895,0.7380270897157784,0.5577175389706119,845,845,1155
null,all_alfworld,all,absolute_readout,D_tauC_q50::token::unsigned,auroc_large_change_vs_rest,0.4431818181818182,0.2727272727272727,0.7045454545454546,0.48232223562105214,845,845,1155
null,all_alfworld,all,absolute_readout,D_tauC_q50::token::unsigned,top_quartile_mean_absolute_delta,0.06970475910693302,0.025873317717891756,0.17948921277997365,0.0859973189772722,845,845,1155
null,all_alfworld,all,absolute_readout,D_tauC_q50::token::unsigned,top_quartile_lift,0.7950642435909414,0.29397348883130464,1.5186279243498375,0.8371651783032203,845,845,1155
null,all_alfworld,all,absolute_readout,D_tauC_q75::token::reward,spearman,-0.05450554189591501,-0.4300748126755396,0.1772739865953107,-0.12351574765434162,845,845,1155
null,all_alfworld,all,absolute_readout,D_tauC_q75::token::reward,average_precision,0.5749893904763028,0.35632934194411414,0.6900263174595923,0.5264895787221986,845,845,1155
null,all_alfworld,all,absolute_readout,D_tauC_q75::token::reward,auroc_large_change_vs_rest,0.4943181818181818,0.21444805194805194,0.6644065656565656,0.438537562864486,845,845,1155
null,all_alfworld,all,absolute_readout,D_tauC_q75::token::reward,top_quartile_mean_absolute_delta,0.040625,0.007314685314685316,0.1325,0.05427948567412176,845,845,1155
null,all_alfworld,all,absolute_readout,D_tauC_q75::token::reward,top_quartile_lift,0.4633756046173525,0.08191790141185694,1.1376324630108072,0.5251779530269348,845,845,1155
null,all_alfworld,all,absolute_readout,D_tauC_q75::token::unsigned,spearman,0.049230812035020007,-0.32387157089069313,0.31329837058243465,0.007080534644118905,845,845,1155
null,all_alfworld,all,absolute_readout,D_tauC_q75::token::unsigned,average_precision,0.6106763119921014,0.3758606150793651,0.7562542196365726,0.5678766785150198,845,845,1155
null,all_alfworld,all,absolute_readout,D_tauC_q75::token::unsigned,auroc_large_change_vs_rest,0.5511363636363636,0.28944444444444445,0.7110227272727273,0.5051450021050613,845,845,1155
null,all_alfworld,all,absolute_readout,D_tauC_q75::token::unsigned,top_quartile_mean_absolute_delta,0.07038043478260869,0.017452651515151518,0.18601704545454542,0.08555855229001523,845,845,1155
null,all_alfworld,all,absolute_readout,D_tauC_q75::token::unsigned,top_quartile_lift,0.8027711143538079,0.20542624019097996,1.5770323479318107,0.8213680026915128,845,845,1155
null,all_alfworld,all,absolute_readout,D_delta_q25::token::reward,spearman,-0.1476276445090028,-0.40703638148104415,0.31586306377684875,-0.059355827227560734,845,845,1155
null,all_alfworld,all,absolute_readout,D_delta_q25::token::reward,average_precision,0.5596384535344568,0.3503944778132084,0.8369589401590217,0.6014415625083257,845,845,1155
null,all_alfworld,all,absolute_readout,D_delta_q25::token::reward,auroc_large_change_vs_rest,0.3409090909090909,0.2226190476190476,0.7142857142857143,0.46893526755952797,845,845,1155
null,all_alfworld,all,absolute_readout,D_delta_q25::token::reward,top_quartile_mean_absolute_delta,0.0522554347826087,0.021257565789473683,0.1357267857142857,0.06977774014979644,845,845,1155
null,all_alfworld,all,absolute_readout,D_delta_q25::token::reward,top_quartile_lift,0.5960343061399124,0.2313661123989793,1.2155506940054417,0.6845933849205329,845,845,1155
null,all_alfworld,all,absolute_readout,D_delta_q25::token::unsigned,spearman,-0.11423567729863311,-0.42890284019601677,0.28340721427031584,-0.0726968747711928,845,845,1155
null,all_alfworld,all,absolute_readout,D_delta_q25::token::unsigned,average_precision,0.5800725277786917,0.34579294576682346,0.8722420810736267,0.6137203072705292,845,845,1155
null,all_alfworld,all,absolute_readout,D_delta_q25::token::unsigned,auroc_large_change_vs_rest,0.36363636363636365,0.23863636363636365,0.7272727272727273,0.47405836766783505,845,845,1155
null,all_alfworld,all,absolute_readout,D_delta_q25::token::unsigned,top_quartile_mean_absolute_delta,0.07204710144927537,0.030331702479472884,0.20303772378516624,0.1006137400740626,845,845,1155
null,all_alfworld,all,absolute_readout,D_delta_q25::token::unsigned,top_quartile_lift,0.821781395568879,0.33886380743336597,1.7197563353379253,0.9696570161007957,845,845,1155
null,all_alfworld,all,absolute_readout,D_delta_q50::token::reward,spearman,0.05448163071165579,-0.3007762827325847,0.4273489926306595,0.07836991951356753,845,845,1155
null,all_alfworld,all,absolute_readout,D_delta_q50::token::reward,average_precision,0.6147757479097191,0.3833883170493077,0.8753267151319098,0.6346072497026463,845,845,1155
null,all_alfworld,all,absolute_readout,D_delta_q50::token::reward,auroc_large_change_vs_rest,0.48863636363636365,0.30068181818181816,0.785551948051948,0.5589541113061823,845,845,1155
null,all_alfworld,all,absolute_readout,D_delta_q50::token::reward,top_quartile_mean_absolute_delta,0.049130434782608694,0.017745903110047846,0.13361677631578947,0.0665469341258517,845,845,1155
null,all_alfworld,all,absolute_readout,D_delta_q50::token::reward,top_quartile_lift,0.5603900288616543,0.20561264999668621,1.178592631445824,0.6516988765131947,845,845,1155
null,all_alfworld,all,absolute_readout,D_delta_q50::token::unsigned,spearman,-0.014059775667524076,-0.41032971137929686,0.3902036662648312,0.006263200919846658,845,845,1155
null,all_alfworld,all,absolute_readout,D_delta_q50::token::unsigned,average_precision,0.64341751612368,0.3523634443042338,0.8892435425894071,0.634816559151088,845,845,1155
null,all_alfworld,all,absolute_readout,D_delta_q50::token::unsigned,auroc_large_change_vs_rest,0.4318181818181818,0.27840909090909094,0.7609415584415583,0.5174071999663716,845,845,1155
null,all_alfworld,all,absolute_readout,D_delta_q50::token::unsigned,top_quartile_mean_absolute_delta,0.07204710144927537,0.030331702479472884,0.20303772378516624,0.1006137400740626,845,845,1155
null,all_alfworld,all,absolute_readout,D_delta_q50::token::unsigned,top_quartile_lift,0.821781395568879,0.33886380743336597,1.7197563353379253,0.9696570161007957,845,845,1155
null,all_alfworld,all,absolute_readout,D_delta_q75::token::reward,spearman,-0.14938511646744332,-0.37592740937034486,0.3774543276244842,-0.0022718792594223105,845,845,1155
null,all_alfworld,all,absolute_readout,D_delta_q75::token::reward,average_precision,0.5517088905246799,0.35597859403545495,0.8543962683740011,0.6130217575062457,845,845,1155
null,all_alfworld,all,absolute_readout,D_delta_q75::token::reward,auroc_large_change_vs_rest,0.3409090909090909,0.2569055944055944,0.733076923076923,0.5020158835247593,845,845,1155
null,all_alfworld,all,absolute_readout,D_delta_q75::token::reward,top_quartile_mean_absolute_delta,0.0388135593220339,0.021063382445616795,0.1364884200907274,0.07004940253784823,845,845,1155
null,all_alfworld,all,absolute_readout,D_delta_q75::token::reward,top_quartile_lift,0.4427140066018199,0.24179328959588892,1.255564101620317,0.6874840659342164,845,845,1155
null,all_alfworld,all,absolute_readout,D_delta_q75::token::unsigned,spearman,0.15817247625964587,-0.2678440086680138,0.5296329125574076,0.14555390703525123,845,845,1155
null,all_alfworld,all,absolute_readout,D_delta_q75::token::unsigned,average_precision,0.6399013353347719,0.38270200422451456,0.873573137388927,0.6525021626783414,845,845,1155
null,all_alfworld,all,absolute_readout,D_delta_q75::token::unsigned,auroc_large_change_vs_rest,0.4318181818181818,0.3069055944055944,0.7884090909090907,0.5469127519423377,845,845,1155
null,all_alfworld,all,absolute_readout,D_delta_q75::token::unsigned,top_quartile_mean_absolute_delta,0.15557432432432433,0.07626136363636363,0.29059697332384454,0.16930211991172295,845,845,1155
null,all_alfworld,all,absolute_readout,D_delta_q75::token::unsigned,top_quartile_lift,1.7745069931500277,0.9584606456434503,2.3341318097296497,1.6456777405999437,845,845,1155
null,all_alfworld,all,absolute_readout,D_winsor::token::reward,spearman,-0.13884028471680024,-0.46022844778915023,0.24179922472893953,-0.10984478910658955,845,845,1155
null,all_alfworld,all,absolute_readout,D_winsor::token::reward,average_precision,0.502820271716275,0.3415744681659929,0.8183536709961583,0.5761723930293192,845,845,1155
null,all_alfworld,all,absolute_readout,D_winsor::token::reward,auroc_large_change_vs_rest,0.3068181818181818,0.2046037296037296,0.6903174603174602,0.44455197169694216,845,845,1155
null,all_alfworld,all,absolute_readout,D_winsor::token::reward,top_quartile_mean_absolute_delta,0.0522554347826087,0.021257565789473683,0.1357267857142857,0.06977774014979644,845,845,1155
null,all_alfworld,all,absolute_readout,D_winsor::token::reward,top_quartile_lift,0.5960343061399124,0.2313661123989793,1.2155506940054417,0.6845933849205329,845,845,1155
null,all_alfworld,all,absolute_readout,D_winsor::token::unsigned,spearman,-0.31634495251929173,-0.5220542904061142,0.15181317017561144,-0.1990433468033735,845,845,1155
null,all_alfworld,all,absolute_readout,D_winsor::token::unsigned,average_precision,0.4864048318382684,0.3285036521356181,0.8167247675048427,0.5686683325025432,845,845,1155
null,all_alfworld,all,absolute_readout,D_winsor::token::unsigned,auroc_large_change_vs_rest,0.25,0.17206349206349209,0.6428571428571429,0.4046766350020788,845,845,1155
null,all_alfworld,all,absolute_readout,D_winsor::token::unsigned,top_quartile_mean_absolute_delta,0.049130434782608694,0.025836463903743313,0.14895410875674026,0.07847849158198347,845,845,1155
null,all_alfworld,all,absolute_readout,D_winsor::token::unsigned,top_quartile_lift,0.5603900288616543,0.29932494384644076,1.3427056466267617,0.7712701331840438,845,845,1155
null,all_alfworld,all,absolute_readout,D_tanh::token::reward,spearman,0.029877023293488663,-0.2846350845166129,0.3606442660734271,0.03192212909983264,845,845,1155
null,all_alfworld,all,absolute_readout,D_tanh::token::reward,average_precision,0.5309024168438747,0.35650103465505945,0.8489365270092826,0.5997221613564813,845,845,1155
null,all_alfworld,all,absolute_readout,D_tanh::token::reward,auroc_large_change_vs_rest,0.3977272727272727,0.28948717948717945,0.7494444444444444,0.5096439638599402,845,845,1155
null,all_alfworld,all,absolute_readout,D_tanh::token::reward,top_quartile_mean_absolute_delta,0.0522554347826087,0.021257565789473683,0.1357267857142857,0.06977774014979644,845,845,1155
null,all_alfworld,all,absolute_readout,D_tanh::token::reward,top_quartile_lift,0.5960343061399124,0.2313661123989793,1.2155506940054417,0.6845933849205329,845,845,1155
null,all_alfworld,all,absolute_readout,D_tanh::token::unsigned,spearman,-0.30052770489332714,-0.4926445997594708,0.20345324974361303,-0.15193174595159428,845,845,1155
null,all_alfworld,all,absolute_readout,D_tanh::token::unsigned,average_precision,0.4894128532286427,0.3311399374189622,0.8175508050204405,0.5721343938821505,845,845,1155
null,all_alfworld,all,absolute_readout,D_tanh::token::unsigned,auroc_large_change_vs_rest,0.26136363636363635,0.19239510489510492,0.6766666666666664,0.41941980603223206,845,845,1155
null,all_alfworld,all,absolute_readout,D_tanh::token::unsigned,top_quartile_mean_absolute_delta,0.0522554347826087,0.021257565789473683,0.1357267857142857,0.06977774014979644,845,845,1155
null,all_alfworld,all,absolute_readout,D_tanh::token::unsigned,top_quartile_lift,0.5960343061399124,0.2313661123989793,1.2155506940054417,0.6845933849205329,845,845,1155
null,all_alfworld,all,absolute_readout,D_action_sign::token::reward,spearman,-0.08787359792202548,-0.40244486222215536,0.2900863061715211,-0.06813083724411571,845,845,1155
null,all_alfworld,all,absolute_readout,D_action_sign::token::reward,average_precision,0.5936993421408,0.3431443086604658,0.8273914415171048,0.6038499874122855,845,845,1155
null,all_alfworld,all,absolute_readout,D_action_sign::token::reward,auroc_large_change_vs_rest,0.3977272727272727,0.22727272727272727,0.7045454545454546,0.45151037161392193,845,845,1155
null,all_alfworld,all,absolute_readout,D_action_sign::token::reward,top_quartile_mean_absolute_delta,0.113125,0.054546568627450984,0.20985054347826085,0.1285063459118982,845,845,1155
null,all_alfworld,all,absolute_readout,D_action_sign::token::reward,top_quartile_lift,1.2903228374729354,0.6299482046246422,1.863959646042054,1.2599834176362739,845,845,1155
null,all_alfworld,all,absolute_readout,D_action_sign::token::unsigned,spearman,0.2970127609764461,-0.03949843938500369,0.6647052268467976,0.32420817949501607,845,845,1155
null,all_alfworld,all,absolute_readout,D_action_sign::token::unsigned,average_precision,0.7507011786880912,0.4680107426077821,0.9344141101416644,0.7362728952113629,845,845,1155
null,all_alfworld,all,absolute_readout,D_action_sign::token::unsigned,auroc_large_change_vs_rest,0.5795454545454546,0.4431818181818182,0.8775,0.6633253252336092,845,845,1155
null,all_alfworld,all,absolute_readout,D_action_sign::token::unsigned,top_quartile_mean_absolute_delta,0.13362987987987987,0.07966283962747779,0.23053348214285713,0.14539674795161336,845,845,1155
null,all_alfworld,all,absolute_readout,D_action_sign::token::unsigned,top_quartile_lift,1.5242049571515943,0.847971049612048,2.0768284316119083,1.4432072278516823,845,845,1155
null,all_alfworld,all,absolute_readout,D_action_adv::token::reward,spearman,-0.05272415875321528,-0.17080371844040118,0.4617365777402433,0.14349941093867777,845,845,1155
null,all_alfworld,all,absolute_readout,D_action_adv::token::reward,average_precision,0.516469464175628,0.40613165030458265,0.8659787629166499,0.6408445151454361,845,845,1155
null,all_alfworld,all,absolute_readout,D_action_adv::token::reward,auroc_large_change_vs_rest,0.3409090909090909,0.29590909090909095,0.7666666666666667,0.5346589866412352,845,845,1155
null,all_alfworld,all,absolute_readout,D_action_adv::token::reward,top_quartile_mean_absolute_delta,0.1488888888888889,0.09956621440966792,0.2389495685765847,0.16861184292365589,845,845,1155
null,all_alfworld,all,absolute_readout,D_action_adv::token::reward,top_quartile_lift,1.6982517885463313,1.0324507895239963,2.316152832240765,1.679629129573098,845,845,1155
null,all_alfworld,all,absolute_readout,D_action_adv::token::unsigned,spearman,0.2970127609764461,-0.03949843938500369,0.6647052268467976,0.32420817949501607,845,845,1155
null,all_alfworld,all,absolute_readout,D_action_adv::token::unsigned,average_precision,0.7507011786880912,0.4680107426077821,0.9344141101416644,0.7362728952113629,845,845,1155
null,all_alfworld,all,absolute_readout,D_action_adv::token::unsigned,auroc_large_change_vs_rest,0.5795454545454546,0.4431818181818182,0.8775,0.6633253252336092,845,845,1155
null,all_alfworld,all,absolute_readout,D_action_adv::token::unsigned,top_quartile_mean_absolute_delta,0.13362987987987987,0.07966283962747779,0.23053348214285713,0.14539674795161336,845,845,1155
null,all_alfworld,all,absolute_readout,D_action_adv::token::unsigned,top_quartile_lift,1.5242049571515943,0.847971049612048,2.0768284316119083,1.4432072278516823,845,845,1155
null,all_alfworld,all,absolute_readout,D_action_adv_clip::token::reward,spearman,0.04042185504413172,-0.23626434105458358,0.4178962984672963,0.10867459462068237,845,845,1155
null,all_alfworld,all,absolute_readout,D_action_adv_clip::token::reward,average_precision,0.5526832503894141,0.4099871255431111,0.8414201150718773,0.6235927154928701,845,845,1155
null,all_alfworld,all,absolute_readout,D_action_adv_clip::token::reward,auroc_large_change_vs_rest,0.4090909090909091,0.2692307692307692,0.7443589743589744,0.5118999261750741,845,845,1155
null,all_alfworld,all,absolute_readout,D_action_adv_clip::token::reward,top_quartile_mean_absolute_delta,0.1784722222222222,0.10433604128166751,0.2874875992063492,0.18661416707212045,845,845,1155
null,all_alfworld,all,absolute_readout,D_action_adv_clip::token::reward,top_quartile_lift,2.0356842801138386,1.194442605131138,2.4944594629759345,1.8399544437066484,845,845,1155
null,all_alfworld,all,absolute_readout,D_action_adv_clip::token::unsigned,spearman,0.2970127609764461,-0.03949843938500369,0.6647052268467976,0.32420817949501607,845,845,1155
null,all_alfworld,all,absolute_readout,D_action_adv_clip::token::unsigned,average_precision,0.7507011786880912,0.4680107426077821,0.9344141101416644,0.7362728952113629,845,845,1155
null,all_alfworld,all,absolute_readout,D_action_adv_clip::token::unsigned,auroc_large_change_vs_rest,0.5795454545454546,0.4431818181818182,0.8775,0.6633253252336092,845,845,1155
null,all_alfworld,all,absolute_readout,D_action_adv_clip::token::unsigned,top_quartile_mean_absolute_delta,0.13362987987987987,0.07966283962747779,0.23053348214285713,0.14539674795161336,845,845,1155
null,all_alfworld,all,absolute_readout,D_action_adv_clip::token::unsigned,top_quartile_lift,1.5242049571515943,0.847971049612048,2.0768284316119083,1.4432072278516823,845,845,1155
null,all_alfworld,all,absolute_readout,D_ratio_adv::token::reward,spearman,-0.10193337358954956,-0.38679933199228006,0.22360686663366058,-0.08348039053530351,845,845,1155
null,all_alfworld,all,absolute_readout,D_ratio_adv::token::reward,average_precision,0.4888483850171156,0.3698187422742376,0.7641492843163966,0.5633758896655543,845,845,1155
null,all_alfworld,all,absolute_readout,D_ratio_adv::token::reward,auroc_large_change_vs_rest,0.2840909090909091,0.18603174603174605,0.6333333333333333,0.4141856664046013,845,845,1155
null,all_alfworld,all,absolute_readout,D_ratio_adv::token::reward,top_quartile_mean_absolute_delta,0.08645833333333333,0.03634355118565645,0.15986678185895645,0.09521391111926633,845,845,1155
null,all_alfworld,all,absolute_readout,D_ratio_adv::token::reward,top_quartile_lift,0.9861583380318014,0.40353370298593283,1.4756629284493348,0.9424709460098571,845,845,1155
null,all_alfworld,all,absolute_readout,D_ratio_adv::token::unsigned,spearman,0.42179327002572226,-0.193882449680346,0.4924929677717443,0.18052712267833065,845,845,1155
null,all_alfworld,all,absolute_readout,D_ratio_adv::token::unsigned,average_precision,0.7409440232969644,0.40155224977980397,0.894016221382431,0.6701204337377107,845,845,1155
null,all_alfworld,all,absolute_readout,D_ratio_adv::token::unsigned,auroc_large_change_vs_rest,0.6704545454545454,0.3409090909090909,0.8295454545454546,0.5968166957959858,845,845,1155
null,all_alfworld,all,absolute_readout,D_ratio_adv::token::unsigned,top_quartile_mean_absolute_delta,0.12976190476190477,0.06642757218271926,0.21811604095079323,0.13477502869723157,845,845,1155
null,all_alfworld,all,absolute_readout,D_ratio_adv::token::unsigned,top_quartile_lift,1.4800861803162322,0.7226476408980425,2.042248665270632,1.3381821182202764,845,845,1155
null,all_alfworld,all,absolute_readout,D_policy_action_adv::token::reward,spearman,-0.028119551335048152,-0.13680147441617763,0.5025421270203738,0.1673606897873804,845,845,1155
null,all_alfworld,all,absolute_readout,D_policy_action_adv::token::reward,average_precision,0.5635949842289555,0.4438346232478392,0.8392985919832138,0.6129352412124415,845,845,1155
null,all_alfworld,all,absolute_readout,D_policy_action_adv::token::reward,auroc_large_change_vs_rest,0.4318181818181818,0.32904761904761903,0.75,0.5254313388780845,845,845,1155
null,all_alfworld,all,absolute_readout,D_policy_action_adv::token::reward,top_quartile_mean_absolute_delta,0.14436911487758947,0.0964390756302521,0.23449135139885913,0.16525377816811035,845,845,1155
null,all_alfworld,all,absolute_readout,D_policy_action_adv::token::reward,top_quartile_lift,1.6466984835563085,1.0178925208065421,2.301232414138623,1.645675506594037,845,845,1155
null,all_alfworld,all,absolute_readout,D_policy_action_adv::token::unsigned,spearman,0.10720578946487108,-0.014743309887933665,0.6492578229290996,0.3193074949506486,845,845,1155
null,all_alfworld,all,absolute_readout,D_policy_action_adv::token::unsigned,average_precision,0.6825621274150685,0.5665814454078774,0.9190285456122559,0.7518671561060459,845,845,1155
null,all_alfworld,all,absolute_readout,D_policy_action_adv::token::unsigned,auroc_large_change_vs_rest,0.5568181818181818,0.4431818181818182,0.8587912087912087,0.6495283677532198,845,845,1155
null,all_alfworld,all,absolute_readout,D_policy_action_adv::token::unsigned,top_quartile_mean_absolute_delta,0.15930555555555553,0.10798749167499166,0.2573347187755149,0.1824590418669144,845,845,1155
null,all_alfworld,all,absolute_readout,D_policy_action_adv::token::unsigned,top_quartile_lift,1.817066046140524,1.1730501245308462,2.475121668435371,1.8161861713614476,845,845,1155
null,all_alfworld,all,absolute_readout,D_reward_only::token::reward,spearman,-0.019332191542845604,-0.24400749960288134,0.44826814515411934,0.09713917222260153,845,845,1155
null,all_alfworld,all,absolute_readout,D_reward_only::token::reward,average_precision,0.5906518919676814,0.39180540363458594,0.8843172261755982,0.6327929136584202,845,845,1155
null,all_alfworld,all,absolute_readout,D_reward_only::token::reward,auroc_large_change_vs_rest,0.45454545454545453,0.3184149184149184,0.7666666666666667,0.5360294143726096,845,845,1155
null,all_alfworld,all,absolute_readout,D_reward_only::token::reward,top_quartile_mean_absolute_delta,0.12569444444444447,0.061467972999223,0.24754779411764702,0.14548493180959698,845,845,1155
null,all_alfworld,all,absolute_readout,D_reward_only::token::reward,top_quartile_lift,1.433692041636595,0.7288839398222837,2.1156601164055306,1.4213846567814272,845,845,1155
null,all_alfworld,all,absolute_readout,D_reward_only::token::unsigned,spearman,,,,,0,845,1155
null,all_alfworld,all,absolute_readout,D_reward_only::token::unsigned,average_precision,0.5789473684210527,0.3684210526315789,0.7368421052631579,0.5446901276860792,845,845,1155
null,all_alfworld,all,absolute_readout,D_reward_only::token::unsigned,auroc_large_change_vs_rest,0.5,0.5,0.5,0.5,845,845,1155
null,all_alfworld,all,absolute_readout,D_reward_only::token::unsigned,top_quartile_mean_absolute_delta,0.08767185754965978,0.0694555107772054,0.13922362808535022,0.10142990504319471,845,845,1155
null,all_alfworld,all,absolute_readout,D_reward_only::token::unsigned,top_quartile_lift,1.0,0.9999999999999997,1.0000000000000002,1.0,845,845,1155
null,all_alfworld,all,absolute_readout,D_adv_negative_fraction::token::reward,spearman,-0.15316901408450703,-0.34680049527347473,0.382242090586191,0.014794620921060183,845,845,1155
null,all_alfworld,all,absolute_readout,D_adv_negative_fraction::token::reward,average_precision,0.4966529483275895,0.37069568589305424,0.7948947754939296,0.5763095364014387,845,845,1155
null,all_alfworld,all,absolute_readout,D_adv_negative_fraction::token::reward,auroc_large_change_vs_rest,0.2840909090909091,0.24293040293040294,0.6931818181818182,0.47113765425895604,845,845,1155
null,all_alfworld,all,absolute_readout,D_adv_negative_fraction::token::reward,top_quartile_mean_absolute_delta,0.10440232743797592,0.050342662354931525,0.18133269241004896,0.1124324493694116,845,845,1155
null,all_alfworld,all,absolute_readout,D_adv_negative_fraction::token::reward,top_quartile_lift,1.190830562462299,0.5316737309341086,1.7189450576917593,1.1149055851898768,845,845,1155
null,all_alfworld,all,absolute_readout,D_adv_negative_fraction::token::unsigned,spearman,,,,,0,845,1155
null,all_alfworld,all,absolute_readout,D_adv_negative_fraction::token::unsigned,average_precision,0.5789473684210527,0.3684210526315789,0.7368421052631579,0.5446901276860792,845,845,1155
null,all_alfworld,all,absolute_readout,D_adv_negative_fraction::token::unsigned,auroc_large_change_vs_rest,0.5,0.5,0.5,0.5,845,845,1155
null,all_alfworld,all,absolute_readout,D_adv_negative_fraction::token::unsigned,top_quartile_mean_absolute_delta,0.08767185754965978,0.0694555107772054,0.13922362808535022,0.10142990504319471,845,845,1155
null,all_alfworld,all,absolute_readout,D_adv_negative_fraction::token::unsigned,top_quartile_lift,1.0,0.9999999999999997,1.0000000000000002,1.0,845,845,1155
null,all_alfworld,all,absolute_readout,C_raw::token::reward,spearman,-0.28295298530892204,-0.4497685981326055,0.21270702409097292,-0.12476050205402962,845,845,1155
null,all_alfworld,all,absolute_readout,C_raw::token::reward,average_precision,0.5459816186877826,0.35162792987241515,0.7288716612273666,0.5353179589508255,845,845,1155
null,all_alfworld,all,absolute_readout,C_raw::token::reward,auroc_large_change_vs_rest,0.375,0.21444805194805194,0.6428571428571429,0.4232912994303527,845,845,1155
null,all_alfworld,all,absolute_readout,C_raw::token::reward,top_quartile_mean_absolute_delta,0.10996376811594202,0.04870648303309593,0.19556940730837788,0.11617837168227584,845,845,1155
null,all_alfworld,all,absolute_readout,C_raw::token::reward,top_quartile_lift,1.254265293211741,0.5217985097136526,1.7353320775433199,1.1453269135032838,845,845,1155
null,all_alfworld,all,absolute_readout,C_raw::token::unsigned,spearman,-0.11423567729863311,-0.3606442660734271,0.27300319268051093,-0.04190194795728771,845,845,1155
null,all_alfworld,all,absolute_readout,C_raw::token::unsigned,average_precision,0.5691331329489224,0.37213148054430956,0.7430566932731776,0.5533309012633318,845,845,1155
null,all_alfworld,all,absolute_readout,C_raw::token::unsigned,auroc_large_change_vs_rest,0.4318181818181818,0.25,0.6903174603174602,0.47005834073881403,845,845,1155
null,all_alfworld,all,absolute_readout,C_raw::token::unsigned,top_quartile_mean_absolute_delta,0.0988526570048309,0.05693508329905389,0.1585513272560486,0.10303002823543847,845,845,1155
null,all_alfworld,all,absolute_readout,C_raw::token::unsigned,top_quartile_lift,1.1275300851112684,0.5574300906879205,1.606864901171461,1.031640670451991,845,845,1155
null,all_alfworld,all,absolute_readout,C_centered::token::reward,spearman,-0.007029887833762038,-0.30686784013483664,0.32917449781590713,-0.0005715448434469115,845,845,1155
null,all_alfworld,all,absolute_readout,C_centered::token::reward,average_precision,0.5392260376674956,0.35431252055478063,0.7611000345114122,0.5520062903380777,845,845,1155
null,all_alfworld,all,absolute_readout,C_centered::token::reward,auroc_large_change_vs_rest,0.375,0.2727272727272727,0.6704545454545454,0.4609595286370434,845,845,1155
null,all_alfworld,all,absolute_readout,C_centered::token::reward,top_quartile_mean_absolute_delta,0.11527189265536723,0.050355524785671846,0.20240804341361876,0.1210153568127381,845,845,1155
null,all_alfworld,all,absolute_readout,C_centered::token::reward,top_quartile_lift,1.3148106573431961,0.548632089715417,1.7992089543517154,1.1879682258740114,845,845,1155
null,all_alfworld,all,absolute_readout,C_centered::token::unsigned,spearman,0.024604607418167133,-0.3755509994302453,0.3536277927003505,-0.016931521945988254,845,845,1155
null,all_alfworld,all,absolute_readout,C_centered::token::unsigned,average_precision,0.608982254415691,0.3485951987683799,0.7873533680515103,0.5813854240010095,845,845,1155
null,all_alfworld,all,absolute_readout,C_centered::token::unsigned,auroc_large_change_vs_rest,0.4090909090909091,0.2561904761904762,0.6885714285714285,0.467920688778677,845,845,1155
null,all_alfworld,all,absolute_readout,C_centered::token::unsigned,top_quartile_mean_absolute_delta,0.08369932432432432,0.02250103654568065,0.18889849655531088,0.09221842315217622,845,845,1155
null,all_alfworld,all,absolute_readout,C_centered::token::unsigned,top_quartile_lift,0.9546886157500962,0.2697760055628055,1.6179790751327894,0.8874501420876926,845,845,1155
null,all_alfworld,all,absolute_readout,C_adv_centered::token::reward,spearman,0.08084371008826344,-0.15593059141686824,0.563269762680183,0.19966963270262333,845,845,1155
null,all_alfworld,all,absolute_readout,C_adv_centered::token::reward,average_precision,0.6148521421037604,0.3879998076782547,0.8878238814737144,0.6570014160424882,845,845,1155
null,all_alfworld,all,absolute_readout,C_adv_centered::token::reward,auroc_large_change_vs_rest,0.4318181818181818,0.3340909090909091,0.8,0.5639787447923542,845,845,1155
null,all_alfworld,all,absolute_readout,C_adv_centered::token::reward,top_quartile_mean_absolute_delta,0.11625,0.055720452260594994,0.24662181568431563,0.1400958048118809,845,845,1155
null,all_alfworld,all,absolute_readout,C_adv_centered::token::reward,top_quartile_lift,1.3259671147511933,0.6747270499292674,2.07497845922423,1.366479778554636,845,845,1155
null,all_alfworld,all,absolute_readout,C_adv_centered::token::unsigned,spearman,0.024604607418167133,-0.3755509994302453,0.3536277927003505,-0.016931521945988254,845,845,1155
null,all_alfworld,all,absolute_readout,C_adv_centered::token::unsigned,average_precision,0.608982254415691,0.3485951987683799,0.7873533680515103,0.5813854240010095,845,845,1155
null,all_alfworld,all,absolute_readout,C_adv_centered::token::unsigned,auroc_large_change_vs_rest,0.4090909090909091,0.2561904761904762,0.6885714285714285,0.467920688778677,845,845,1155
null,all_alfworld,all,absolute_readout,C_adv_centered::token::unsigned,top_quartile_mean_absolute_delta,0.08369932432432432,0.02250103654568065,0.18889849655531088,0.09221842315217622,845,845,1155
null,all_alfworld,all,absolute_readout,C_adv_centered::token::unsigned,top_quartile_lift,0.9546886157500962,0.2697760055628055,1.6179790751327894,0.8874501420876926,845,845,1155
null,all_alfworld,all,absolute_readout,M_delta_raw::token::magnitude,spearman,0.5254841155737123,-0.21560952503947065,0.5461760436678741,0.17415516115403118,845,845,1155
null,all_alfworld,all,absolute_readout,M_delta_raw::token::magnitude,average_precision,0.8458808867899776,0.3998430529309012,0.8915599487556034,0.6620414075518274,845,845,1155
null,all_alfworld,all,absolute_readout,M_delta_raw::token::magnitude,auroc_large_change_vs_rest,0.7727272727272727,0.3333333333333333,0.8222222222222222,0.5774147614384302,845,845,1155
null,all_alfworld,all,absolute_readout,M_delta_raw::token::magnitude,top_quartile_mean_absolute_delta,0.09623088998088998,0.030088372093023258,0.20675736327625863,0.10452070094718728,845,845,1155
null,all_alfworld,all,absolute_readout,M_delta_raw::token::magnitude,top_quartile_lift,1.0976257680679586,0.36275306291948894,1.7255836872861594,1.0086919501544251,845,845,1155
null,all_alfworld,all,absolute_readout,M_delta_centered::token::magnitude,spearman,0.5272415875321529,-0.17852818712394175,0.5405279674265167,0.17951266543142605,845,845,1155
null,all_alfworld,all,absolute_readout,M_delta_centered::token::magnitude,average_precision,0.8187663643545996,0.4072819775683553,0.8847610358470086,0.6675397579783359,845,845,1155
null,all_alfworld,all,absolute_readout,M_delta_centered::token::magnitude,auroc_large_change_vs_rest,0.7272727272727273,0.35555555555555557,0.8222222222222222,0.5843032460636012,845,845,1155
null,all_alfworld,all,absolute_readout,M_delta_centered::token::magnitude,top_quartile_mean_absolute_delta,0.09481043543543544,0.029640613278319582,0.20152934891905475,0.1007311804778079,845,845,1155
null,all_alfworld,all,absolute_readout,M_delta_centered::token::magnitude,top_quartile_lift,1.0814238238505687,0.35188557618562805,1.6821486972107218,0.9710727770529181,845,845,1155
null,all_alfworld,all,absolute_readout,M_original_norm::token::magnitude,spearman,0.06678393442073936,-0.4386416720295883,0.26495239237962154,-0.0824242817815797,845,845,1155
null,all_alfworld,all,absolute_readout,M_original_norm::token::magnitude,average_precision,0.6676127200191372,0.3410615302739916,0.8156915023479193,0.5706784577033073,845,845,1155
null,all_alfworld,all,absolute_readout,M_original_norm::token::magnitude,auroc_large_change_vs_rest,0.5454545454545454,0.2025974025974026,0.7111111111111111,0.4526183136390237,845,845,1155
null,all_alfworld,all,absolute_readout,M_original_norm::token::magnitude,top_quartile_mean_absolute_delta,0.05169823232323232,0.015495437708576252,0.16231757100682073,0.07321553772322437,845,845,1155
null,all_alfworld,all,absolute_readout,M_original_norm::token::magnitude,top_quartile_lift,0.5896787608720279,0.1694663280690768,1.4102123133097584,0.7078332371973739,845,845,1155
null,all_alfworld,all,absolute_readout,M_control_norm::token::magnitude,spearman,-0.4077334943581982,-0.5796402488678684,0.11067624647091896,-0.26671143910189155,845,845,1155
null,all_alfworld,all,absolute_readout,M_control_norm::token::magnitude,average_precision,0.4931568357370495,0.31183052746616985,0.7438196722990508,0.5030496081704536,845,845,1155
null,all_alfworld,all,absolute_readout,M_control_norm::token::magnitude,auroc_large_change_vs_rest,0.29545454545454547,0.13444444444444445,0.5666666666666667,0.355887439319392,845,845,1155
null,all_alfworld,all,absolute_readout,M_control_norm::token::magnitude,top_quartile_mean_absolute_delta,0.03473394660894661,0.01944616977225673,0.11298470179014533,0.057170176526235954,845,845,1155
null,all_alfworld,all,absolute_readout,M_control_norm::token::magnitude,top_quartile_lift,0.3961812556471994,0.20703205987489637,1.0991313295903162,0.5658496357069228,845,845,1155
null,all_alfworld,all,absolute_readout,M_kl::token::magnitude,spearman,0.21792652284662317,0.08915656791048401,0.7206788743118837,0.40676483668749047,845,845,1155
null,all_alfworld,all,absolute_readout,M_kl::token::magnitude,average_precision,0.7262193473880779,0.5919426274297599,0.9465391419725785,0.7710063415702644,845,845,1155
null,all_alfworld,all,absolute_readout,M_kl::token::magnitude,auroc_large_change_vs_rest,0.625,0.48863636363636365,0.8924603174603174,0.6959215373712415,845,845,1155
null,all_alfworld,all,absolute_readout,M_kl::token::magnitude,top_quartile_mean_absolute_delta,0.174447895100069,0.1086300837320574,0.2646758207070707,0.18707160327133207,845,845,1155
null,all_alfworld,all,absolute_readout,M_kl::token::magnitude,top_quartile_lift,1.9897821259376973,1.2001532351868327,2.5342258826501616,1.862391504864424,845,845,1155
null,all_alfworld,all,absolute_readout,M_js::token::magnitude,spearman,0.1282954529661572,0.043272628068059024,0.6902930872646726,0.3582024872333241,845,845,1155
null,all_alfworld,all,absolute_readout,M_js::token::magnitude,average_precision,0.6908793160587419,0.5719239623680413,0.9384290544981333,0.7573771787194558,845,845,1155
null,all_alfworld,all,absolute_readout,M_js::token::magnitude,auroc_large_change_vs_rest,0.5795454545454546,0.47619047619047616,0.8666666666666667,0.6707398436540449,845,845,1155
null,all_alfworld,all,absolute_readout,M_js::token::magnitude,top_quartile_mean_absolute_delta,0.16487987987987987,0.11071373214907697,0.26635933326819095,0.1882971506351963,845,845,1155
null,all_alfworld,all,absolute_readout,M_js::token::magnitude,top_quartile_lift,1.880647729934173,1.1727839315114543,2.4914410403546685,1.8739935754467065,845,845,1155
null,all_alfworld,all,absolute_readout,M_action_abs::token::magnitude,spearman,0.30755759272708916,0.05372974517995777,0.6941883802839708,0.36117790322548765,845,845,1155
null,all_alfworld,all,absolute_readout,M_action_abs::token::magnitude,average_precision,0.713187689503479,0.5146031746031746,0.9335760073260074,0.7367953144239509,845,845,1155
null,all_alfworld,all,absolute_readout,M_action_abs::token::magnitude,auroc_large_change_vs_rest,0.6704545454545454,0.4523809523809524,0.8888888888888888,0.6718536033328933,845,845,1155
null,all_alfworld,all,absolute_readout,M_action_abs::token::magnitude,top_quartile_mean_absolute_delta,0.1819632132132132,0.11252813128979457,0.2728479573353889,0.192418815942473,845,845,1155
null,all_alfworld,all,absolute_readout,M_action_abs::token::magnitude,top_quartile_lift,2.07550311238865,1.2583130607469875,2.5858009942999676,1.9168168631448546,845,845,1155
null,all_alfworld,all,absolute_readout,D_original::decision::reward,spearman,-0.11950809317395465,-0.39959858731553644,0.32253392636009787,-0.04271254384873664,845,845,1155
null,all_alfworld,all,absolute_readout,D_original::decision::reward,average_precision,0.48589978133321776,0.3493531906689802,0.8011449258317561,0.5786579597834816,845,845,1155
null,all_alfworld,all,absolute_readout,D_original::decision::reward,auroc_large_change_vs_rest,0.26136363636363635,0.22727272727272727,0.7045454545454546,0.4592946895313759,845,845,1155
null,all_alfworld,all,absolute_readout,D_original::decision::reward,top_quartile_mean_absolute_delta,0.113125,0.054546568627450984,0.20985054347826085,0.1285063459118982,845,845,1155
null,all_alfworld,all,absolute_readout,D_original::decision::reward,top_quartile_lift,1.2903228374729354,0.6299482046246422,1.863959646042054,1.2599834176362739,845,845,1155
null,all_alfworld,all,absolute_readout,D_original::decision::unsigned,spearman,-0.17750466780249147,-0.5045851524723113,0.15443382913051565,-0.17581085394935497,845,845,1155
null,all_alfworld,all,absolute_readout,D_original::decision::unsigned,average_precision,0.587222233390964,0.3369860082190771,0.7025357321342228,0.5326000969937997,845,845,1155
null,all_alfworld,all,absolute_readout,D_original::decision::unsigned,auroc_large_change_vs_rest,0.4090909090909091,0.1794871794871795,0.6111111111111112,0.3896208590883147,845,845,1155
null,all_alfworld,all,absolute_readout,D_original::decision::unsigned,top_quartile_mean_absolute_delta,0.103125,0.03858723653395785,0.19005135387488326,0.10886784285118256,845,845,1155
null,all_alfworld,all,absolute_readout,D_original::decision::unsigned,top_quartile_lift,1.17626115018251,0.44367467134054017,1.7034027824164653,1.065366030964758,845,845,1155
null,all_alfworld,all,absolute_readout,D_centered_gate::decision::reward,spearman,-0.11950809317395465,-0.39959858731553644,0.32253392636009787,-0.04271254384873664,845,845,1155
null,all_alfworld,all,absolute_readout,D_centered_gate::decision::reward,average_precision,0.48589978133321776,0.3493531906689802,0.8011449258317561,0.5786579597834816,845,845,1155
null,all_alfworld,all,absolute_readout,D_centered_gate::decision::reward,auroc_large_change_vs_rest,0.26136363636363635,0.22727272727272727,0.7045454545454546,0.4592946895313759,845,845,1155
null,all_alfworld,all,absolute_readout,D_centered_gate::decision::reward,top_quartile_mean_absolute_delta,0.113125,0.054546568627450984,0.20985054347826085,0.1285063459118982,845,845,1155
null,all_alfworld,all,absolute_readout,D_centered_gate::decision::reward,top_quartile_lift,1.2903228374729354,0.6299482046246422,1.863959646042054,1.2599834176362739,845,845,1155
null,all_alfworld,all,absolute_readout,D_centered_gate::decision::unsigned,spearman,-0.17750466780249147,-0.5045851524723113,0.15443382913051565,-0.17581085394935497,845,845,1155
null,all_alfworld,all,absolute_readout,D_centered_gate::decision::unsigned,average_precision,0.587222233390964,0.3369860082190771,0.7025357321342228,0.5326000969937997,845,845,1155
null,all_alfworld,all,absolute_readout,D_centered_gate::decision::unsigned,auroc_large_change_vs_rest,0.4090909090909091,0.1794871794871795,0.6111111111111112,0.3896208590883147,845,845,1155
null,all_alfworld,all,absolute_readout,D_centered_gate::decision::unsigned,top_quartile_mean_absolute_delta,0.103125,0.03858723653395785,0.19005135387488326,0.10886784285118256,845,845,1155
null,all_alfworld,all,absolute_readout,D_centered_gate::decision::unsigned,top_quartile_lift,1.17626115018251,0.44367467134054017,1.7034027824164653,1.065366030964758,845,845,1155
null,all_alfworld,all,absolute_readout,D_ungated::decision::reward,spearman,0.05272415875321528,-0.34899848839434244,0.43321431586135223,0.046546570254036475,845,845,1155
null,all_alfworld,all,absolute_readout,D_ungated::decision::reward,average_precision,0.613655277471067,0.3619391096519579,0.8901110950453055,0.6331574615375698,845,845,1155
null,all_alfworld,all,absolute_readout,D_ungated::decision::reward,auroc_large_change_vs_rest,0.4090909090909091,0.27420634920634923,0.7884090909090907,0.5168872531150638,845,845,1155
null,all_alfworld,all,absolute_readout,D_ungated::decision::reward,top_quartile_mean_absolute_delta,0.13958333333333334,0.06431547619047619,0.2701309523809524,0.15520942149254977,845,845,1155
null,all_alfworld,all,absolute_readout,D_ungated::decision::reward,top_quartile_lift,1.5921110517621855,0.7948376022814764,2.1873931949017917,1.506985480033335,845,845,1155
null,all_alfworld,all,absolute_readout,D_ungated::decision::unsigned,spearman,0.16344489213496738,-0.39284642029346334,0.3588550318268997,0.0029141888177267134,845,845,1155
null,all_alfworld,all,absolute_readout,D_ungated::decision::unsigned,average_precision,0.6965862354020249,0.3739905151500546,0.7989725899100899,0.6166678388328055,845,845,1155
null,all_alfworld,all,absolute_readout,D_ungated::decision::unsigned,auroc_large_change_vs_rest,0.4772727272727273,0.2569230769230769,0.7,0.4824902300198158,845,845,1155
null,all_alfworld,all,absolute_readout,D_ungated::decision::unsigned,top_quartile_mean_absolute_delta,0.15557432432432433,0.067375,0.271875,0.1573705624555912,845,845,1155
null,all_alfworld,all,absolute_readout,D_ungated::decision::unsigned,top_quartile_lift,1.7745069931500277,0.8590863313606941,2.2397709342897496,1.5261064839290948,845,845,1155
null,all_alfworld,all,absolute_readout,D_signed::decision::reward,spearman,-0.18453455563625348,-0.4742745911273745,0.2390861946433433,-0.12618320301260563,845,845,1155
null,all_alfworld,all,absolute_readout,D_signed::decision::reward,average_precision,0.5457591139198232,0.3421683797464241,0.8178201737750007,0.5829227207079978,845,845,1155
null,all_alfworld,all,absolute_readout,D_signed::decision::reward,auroc_large_change_vs_rest,0.3068181818181818,0.19239510489510492,0.6888888888888889,0.4399407446596796,845,845,1155
null,all_alfworld,all,absolute_readout,D_signed::decision::reward,top_quartile_mean_absolute_delta,0.049130434782608694,0.017745903110047846,0.13361677631578947,0.0665469341258517,845,845,1155
null,all_alfworld,all,absolute_readout,D_signed::decision::reward,top_quartile_lift,0.5603900288616543,0.20561264999668621,1.178592631445824,0.6516988765131947,845,845,1155
null,all_alfworld,all,absolute_readout,D_signed::decision::unsigned,spearman,-0.27592309747516,-0.5122216675744138,0.16348098006749726,-0.18506091482150575,845,845,1155
null,all_alfworld,all,absolute_readout,D_signed::decision::unsigned,average_precision,0.5260316191923284,0.3251597769657625,0.8188103250133325,0.5768349341488527,845,845,1155
null,all_alfworld,all,absolute_readout,D_signed::decision::unsigned,auroc_large_change_vs_rest,0.26136363636363635,0.17972027972027974,0.6590909090909091,0.41578559014949545,845,845,1155
null,all_alfworld,all,absolute_readout,D_signed::decision::unsigned,top_quartile_mean_absolute_delta,0.034999999999999996,0.01620192307692308,0.13123203144894313,0.06248520385296095,845,845,1155
null,all_alfworld,all,absolute_readout,D_signed::decision::unsigned,top_quartile_lift,0.3992159055164882,0.17154286018573586,1.155060589202215,0.611210244287196,845,845,1155
null,all_alfworld,all,absolute_readout,D_signed_gate::decision::reward,spearman,-0.02636207937660764,-0.4753890483642422,0.21604693362873226,-0.11772803806267283,845,845,1155
null,all_alfworld,all,absolute_readout,D_signed_gate::decision::reward,average_precision,0.5695163356048524,0.35349445041174365,0.7370626240926992,0.5483369528209276,845,845,1155
null,all_alfworld,all,absolute_readout,D_signed_gate::decision::reward,auroc_large_change_vs_rest,0.4090909090909091,0.23809523809523808,0.6700757575757574,0.446083160757717,845,845,1155
null,all_alfworld,all,absolute_readout,D_signed_gate::decision::reward,top_quartile_mean_absolute_delta,0.08890765765765765,0.02004193295943655,0.19706051587301587,0.09357093240489972,845,845,1155
null,all_alfworld,all,absolute_readout,D_signed_gate::decision::reward,top_quartile_lift,1.0140957445471928,0.2508835153838635,1.6164900105665185,0.9008840069425876,845,845,1155
null,all_alfworld,all,absolute_readout,D_signed_gate::decision::unsigned,spearman,-0.18101961171937248,-0.35943607403929145,0.23295158521300643,-0.07057465521411674,845,845,1155
null,all_alfworld,all,absolute_readout,D_signed_gate::decision::unsigned,average_precision,0.5031843016257596,0.3580835691840225,0.7384817974584325,0.5462471774218464,845,845,1155
null,all_alfworld,all,absolute_readout,D_signed_gate::decision::unsigned,auroc_large_change_vs_rest,0.3522727272727273,0.23386363636363638,0.7045454545454546,0.47041031617954693,845,845,1155
null,all_alfworld,all,absolute_readout,D_signed_gate::decision::unsigned,top_quartile_mean_absolute_delta,0.046788092440266354,0.0264741438887648,0.105196125998843,0.06386207048519307,845,845,1155
null,all_alfworld,all,absolute_readout,D_signed_gate::decision::unsigned,top_quartile_lift,0.5336728768837169,0.2800811759942778,1.088861411578458,0.6387782953864685,845,845,1155
null,all_alfworld,all,absolute_readout,D_sign_balance::decision::reward,spearman,-0.16168742017652687,-0.4519784635039648,0.27561286213500646,-0.1008659287973213,845,845,1155
null,all_alfworld,all,absolute_readout,D_sign_balance::decision::reward,average_precision,0.5085562024522058,0.3452423811353765,0.8141435070531708,0.5741598219854065,845,845,1155
null,all_alfworld,all,absolute_readout,D_sign_balance::decision::reward,auroc_large_change_vs_rest,0.32954545454545453,0.21837606837606838,0.6919658119658119,0.45178069136649013,845,845,1155
null,all_alfworld,all,absolute_readout,D_sign_balance::decision::reward,top_quartile_mean_absolute_delta,0.0522554347826087,0.021257565789473683,0.1357267857142857,0.06977774014979644,845,845,1155
null,all_alfworld,all,absolute_readout,D_sign_balance::decision::reward,top_quartile_lift,0.5960343061399124,0.2313661123989793,1.2155506940054417,0.6845933849205329,845,845,1155
null,all_alfworld,all,absolute_readout,D_sign_balance::decision::unsigned,spearman,-0.05272415875321528,-0.3067591443584589,0.3353941752637491,-9.974680571148664e-05,845,845,1155
null,all_alfworld,all,absolute_readout,D_sign_balance::decision::unsigned,average_precision,0.5236536050496085,0.34926718598738726,0.826664656227052,0.5854894389535337,845,845,1155
null,all_alfworld,all,absolute_readout,D_sign_balance::decision::unsigned,auroc_large_change_vs_rest,0.36363636363636365,0.26958041958041956,0.7333333333333333,0.4874105332537285,845,845,1155
null,all_alfworld,all,absolute_readout,D_sign_balance::decision::unsigned,top_quartile_mean_absolute_delta,0.0522554347826087,0.021257565789473683,0.1357267857142857,0.06977774014979644,845,845,1155
null,all_alfworld,all,absolute_readout,D_sign_balance::decision::unsigned,top_quartile_lift,0.5960343061399124,0.2313661123989793,1.2155506940054417,0.6845933849205329,845,845,1155
null,all_alfworld,all,absolute_readout,D_negative_fraction::decision::reward,spearman,-0.07029887833762039,-0.4478324422262138,0.21594883746942614,-0.12489493842896958,845,845,1155
null,all_alfworld,all,absolute_readout,D_negative_fraction::decision::reward,average_precision,0.5198962587120483,0.34113359776188723,0.7618759819390072,0.5591304988139943,845,845,1155
null,all_alfworld,all,absolute_readout,D_negative_fraction::decision::reward,auroc_large_change_vs_rest,0.3409090909090909,0.20512820512820512,0.6704545454545454,0.4288184777090102,845,845,1155
null,all_alfworld,all,absolute_readout,D_negative_fraction::decision::reward,top_quartile_mean_absolute_delta,0.11145833333333335,0.043524999999999994,0.1922680995475113,0.11345115812785081,845,845,1155
null,all_alfworld,all,absolute_readout,D_negative_fraction::decision::reward,top_quartile_lift,1.2713125562578647,0.4987235356961109,1.7114502112923042,1.1116944042269907,845,845,1155
null,all_alfworld,all,absolute_readout,D_negative_fraction::decision::unsigned,spearman,0.07732876617138242,-0.4309247662975601,0.30362014339019916,-0.043841754321830496,845,845,1155
null,all_alfworld,all,absolute_readout,D_negative_fraction::decision::unsigned,average_precision,0.6735567396452563,0.3592077969545075,0.7692104602171446,0.5938002326070839,845,845,1155
null,all_alfworld,all,absolute_readout,D_negative_fraction::decision::unsigned,auroc_large_change_vs_rest,0.4659090909090909,0.24358974358974358,0.6704545454545454,0.4575599926043713,845,845,1155
null,all_alfworld,all,absolute_readout,D_negative_fraction::decision::unsigned,top_quartile_mean_absolute_delta,0.15557432432432433,0.067375,0.271875,0.1573705624555912,845,845,1155
null,all_alfworld,all,absolute_readout,D_negative_fraction::decision::unsigned,top_quartile_lift,1.7745069931500277,0.8590863313606941,2.2397709342897496,1.5261064839290948,845,845,1155
null,all_alfworld,all,absolute_readout,D_adv::decision::reward,spearman,-0.10193337358954956,-0.4349977357930057,0.26947062604644084,-0.07533799885393827,845,845,1155
null,all_alfworld,all,absolute_readout,D_adv::decision::reward,average_precision,0.5042422974030067,0.35077742513549404,0.8356249068445423,0.589871659793956,845,845,1155
null,all_alfworld,all,absolute_readout,D_adv::decision::reward,auroc_large_change_vs_rest,0.2840909090909091,0.20045454545454547,0.6793956043956044,0.4421418144642997,845,845,1155
null,all_alfworld,all,absolute_readout,D_adv::decision::reward,top_quartile_mean_absolute_delta,0.10513888888888889,0.06551337703038895,0.21582087459154628,0.12694746136504356,845,845,1155
null,all_alfworld,all,absolute_readout,D_adv::decision::reward,top_quartile_lift,1.1992319066507209,0.7251374333327292,1.883698216449627,1.252793535503343,845,845,1155
null,all_alfworld,all,absolute_readout,D_adv::decision::unsigned,spearman,-0.27592309747516,-0.5122216675744138,0.16348098006749726,-0.18506091482150575,845,845,1155
null,all_alfworld,all,absolute_readout,D_adv::decision::unsigned,average_precision,0.5260316191923284,0.3251597769657625,0.8188103250133325,0.5768349341488527,845,845,1155
null,all_alfworld,all,absolute_readout,D_adv::decision::unsigned,auroc_large_change_vs_rest,0.26136363636363635,0.17972027972027974,0.6590909090909091,0.41578559014949545,845,845,1155
null,all_alfworld,all,absolute_readout,D_adv::decision::unsigned,top_quartile_mean_absolute_delta,0.034999999999999996,0.01620192307692308,0.13123203144894313,0.06248520385296095,845,845,1155
null,all_alfworld,all,absolute_readout,D_adv::decision::unsigned,top_quartile_lift,0.3992159055164882,0.17154286018573586,1.155060589202215,0.611210244287196,845,845,1155
null,all_alfworld,all,absolute_readout,D_adv_gate::decision::reward,spearman,-0.16695983605184841,-0.39639656176075455,0.3443550852775431,-0.0427297458852541,845,845,1155
null,all_alfworld,all,absolute_readout,D_adv_gate::decision::reward,average_precision,0.5432230136564502,0.34778782352238047,0.8086570011298685,0.5876576922631223,845,845,1155
null,all_alfworld,all,absolute_readout,D_adv_gate::decision::reward,auroc_large_change_vs_rest,0.29545454545454547,0.2111111111111111,0.7043290043290044,0.4529621873852643,845,845,1155
null,all_alfworld,all,absolute_readout,D_adv_gate::decision::reward,top_quartile_mean_absolute_delta,0.05371376811594203,0.017477526395173453,0.16586502100840333,0.071904620558099,845,845,1155
null,all_alfworld,all,absolute_readout,D_adv_gate::decision::reward,top_quartile_lift,0.6126683022030993,0.18876202477160653,1.4090645792409693,0.6984729177366119,845,845,1155
null,all_alfworld,all,absolute_readout,D_adv_gate::decision::unsigned,spearman,-0.18101961171937248,-0.35943607403929145,0.23295158521300643,-0.07057465521411674,845,845,1155
null,all_alfworld,all,absolute_readout,D_adv_gate::decision::unsigned,average_precision,0.5031843016257596,0.3580835691840225,0.7384817974584325,0.5462471774218464,845,845,1155
null,all_alfworld,all,absolute_readout,D_adv_gate::decision::unsigned,auroc_large_change_vs_rest,0.3522727272727273,0.23386363636363638,0.7045454545454546,0.47041031617954693,845,845,1155
null,all_alfworld,all,absolute_readout,D_adv_gate::decision::unsigned,top_quartile_mean_absolute_delta,0.046788092440266354,0.0264741438887648,0.105196125998843,0.06386207048519307,845,845,1155
null,all_alfworld,all,absolute_readout,D_adv_gate::decision::unsigned,top_quartile_lift,0.5336728768837169,0.2800811759942778,1.088861411578458,0.6387782953864685,845,845,1155
null,all_alfworld,all,absolute_readout,D_sqrtadv::decision::reward,spearman,-0.06854140637917987,-0.4307286084761033,0.3003200952322471,-0.07942159441785068,845,845,1155
null,all_alfworld,all,absolute_readout,D_sqrtadv::decision::reward,average_precision,0.5168297099904193,0.33176352339181286,0.8441168309735867,0.5877652576653457,845,845,1155
null,all_alfworld,all,absolute_readout,D_sqrtadv::decision::reward,auroc_large_change_vs_rest,0.3068181818181818,0.20045454545454547,0.7021428571428571,0.4490545499865027,845,845,1155
null,all_alfworld,all,absolute_readout,D_sqrtadv::decision::reward,top_quartile_mean_absolute_delta,0.0803804347826087,0.027681182121971598,0.19807614522417152,0.09960444605836363,845,845,1155
null,all_alfworld,all,absolute_readout,D_sqrtadv::decision::reward,top_quartile_lift,0.9168328016442333,0.3287319614394026,1.6673789543919686,0.9603132040560285,845,845,1155
null,all_alfworld,all,absolute_readout,D_sqrtadv::decision::unsigned,spearman,-0.27592309747516,-0.5122216675744138,0.16348098006749726,-0.18506091482150575,845,845,1155
null,all_alfworld,all,absolute_readout,D_sqrtadv::decision::unsigned,average_precision,0.5260316191923284,0.3251597769657625,0.8188103250133325,0.5768349341488527,845,845,1155
null,all_alfworld,all,absolute_readout,D_sqrtadv::decision::unsigned,auroc_large_change_vs_rest,0.26136363636363635,0.17972027972027974,0.6590909090909091,0.41578559014949545,845,845,1155
null,all_alfworld,all,absolute_readout,D_sqrtadv::decision::unsigned,top_quartile_mean_absolute_delta,0.034999999999999996,0.01620192307692308,0.13123203144894313,0.06248520385296095,845,845,1155
null,all_alfworld,all,absolute_readout,D_sqrtadv::decision::unsigned,top_quartile_lift,0.3992159055164882,0.17154286018573586,1.155060589202215,0.611210244287196,845,845,1155
null,all_alfworld,all,absolute_readout,D_work::decision::reward,spearman,0.08963106988046599,-0.1052171624531058,0.5132779281393777,0.20042433855275285,845,845,1155
null,all_alfworld,all,absolute_readout,D_work::decision::reward,average_precision,0.6000571331911044,0.4596980858731052,0.8657070818758124,0.6595776748204585,845,845,1155
null,all_alfworld,all,absolute_readout,D_work::decision::reward,auroc_large_change_vs_rest,0.5,0.3340909090909091,0.7737012987012987,0.5564162546854854,845,845,1155
null,all_alfworld,all,absolute_readout,D_work::decision::reward,top_quartile_mean_absolute_delta,0.1613526570048309,0.096223142266586,0.24285041652566433,0.16954994286863104,845,845,1155
null,all_alfworld,all,absolute_readout,D_work::decision::reward,top_quartile_lift,1.840415630676426,1.0292237230226677,2.3511647104334714,1.6914000050606628,845,845,1155
null,all_alfworld,all,absolute_readout,D_work::decision::unsigned,spearman,0.012302303709083567,-0.26785709071822045,0.3678797461076937,0.05762910415983757,845,845,1155
null,all_alfworld,all,absolute_readout,D_work::decision::unsigned,average_precision,0.571129992298723,0.40058088366925715,0.8757058820952008,0.6439705864109503,845,845,1155
null,all_alfworld,all,absolute_readout,D_work::decision::unsigned,auroc_large_change_vs_rest,0.4318181818181818,0.3069055944055944,0.7380952380952381,0.5210562744290556,845,845,1155
null,all_alfworld,all,absolute_readout,D_work::decision::unsigned,top_quartile_mean_absolute_delta,0.1303804347826087,0.06342247987158427,0.2566205357142857,0.14975014437713888,845,845,1155
null,all_alfworld,all,absolute_readout,D_work::decision::unsigned,top_quartile_lift,1.4871412380963593,0.7476135470282307,2.1736025559379524,1.4626405960876347,845,845,1155
null,all_alfworld,all,absolute_readout,D_work_gate::decision::reward,spearman,-0.0738138222545014,-0.12805760705219593,0.5503080301625839,0.19542529894008936,845,845,1155
null,all_alfworld,all,absolute_readout,D_work_gate::decision::reward,average_precision,0.6440404152091458,0.5445503265033709,0.876437069767178,0.7105256629265109,845,845,1155
null,all_alfworld,all,absolute_readout,D_work_gate::decision::reward,auroc_large_change_vs_rest,0.42045454545454547,0.3299242424242424,0.7974025974025974,0.5528677519062134,845,845,1155
null,all_alfworld,all,absolute_readout,D_work_gate::decision::reward,top_quartile_mean_absolute_delta,0.15683288299353146,0.09968425434623637,0.24523327817776286,0.1717844874054527,845,845,1155
null,all_alfworld,all,absolute_readout,D_work_gate::decision::reward,top_quartile_lift,1.7888623256864034,1.064765291767636,2.4184054278840112,1.7131185673886018,845,845,1155
null,all_alfworld,all,absolute_readout,D_work_gate::decision::unsigned,spearman,-0.12126556513239516,-0.23728572302523226,0.44943314890906966,0.11280105057811768,845,845,1155
null,all_alfworld,all,absolute_readout,D_work_gate::decision::unsigned,average_precision,0.553659546820256,0.4138918056487716,0.8777901391537756,0.6532573075799831,845,845,1155
null,all_alfworld,all,absolute_readout,D_work_gate::decision::unsigned,auroc_large_change_vs_rest,0.36363636363636365,0.3,0.7666666666666667,0.5297463253380413,845,845,1155
null,all_alfworld,all,absolute_readout,D_work_gate::decision::unsigned,top_quartile_mean_absolute_delta,0.12178809244026637,0.07240241437484085,0.21025641416477447,0.13858396397631734,845,845,1155
null,all_alfworld,all,absolute_readout,D_work_gate::decision::unsigned,top_quartile_lift,1.3891355315619063,0.7938520055382561,1.9550279345647656,1.3742282169990574,845,845,1155
null,all_alfworld,all,absolute_readout,D_cos_raw::decision::reward,spearman,-0.30228517685176765,-0.5411018810417725,0.07611802437686158,-0.2459612284334108,845,845,1155
null,all_alfworld,all,absolute_readout,D_cos_raw::decision::reward,average_precision,0.46400908290508625,0.3246523624938873,0.7439315346477766,0.5281277772397815,845,845,1155
null,all_alfworld,all,absolute_readout,D_cos_raw::decision::reward,auroc_large_change_vs_rest,0.25,0.1590909090909091,0.6111111111111112,0.3815375173807126,845,845,1155
null,all_alfworld,all,absolute_readout,D_cos_raw::decision::reward,top_quartile_mean_absolute_delta,0.049130434782608694,0.017745903110047846,0.13361677631578947,0.0665469341258517,845,845,1155
null,all_alfworld,all,absolute_readout,D_cos_raw::decision::reward,top_quartile_lift,0.5603900288616543,0.20561264999668621,1.178592631445824,0.6516988765131947,845,845,1155
null,all_alfworld,all,absolute_readout,D_cos_raw::decision::unsigned,spearman,-0.4780323726958186,-0.5677127106295438,0.12598634226372352,-0.24769026655183696,845,845,1155
null,all_alfworld,all,absolute_readout,D_cos_raw::decision::unsigned,average_precision,0.4411667366001732,0.32783156278705816,0.7329920538301106,0.5264724909052912,845,845,1155
null,all_alfworld,all,absolute_readout,D_cos_raw::decision::unsigned,auroc_large_change_vs_rest,0.18181818181818182,0.15571428571428572,0.6306776556776555,0.37784921850010605,845,845,1155
null,all_alfworld,all,absolute_readout,D_cos_raw::decision::unsigned,top_quartile_mean_absolute_delta,0.024130434782608696,0.02097500306710833,0.09797155423434195,0.053902296409634454,845,845,1155
null,all_alfworld,all,absolute_readout,D_cos_raw::decision::unsigned,top_quartile_lift,0.2752358106355913,0.2023973975342783,0.946829110463323,0.5381476036030614,845,845,1155
null,all_alfworld,all,absolute_readout,D_cos_centered::decision::reward,spearman,-0.18804949955313452,-0.4797376354569858,0.20159860717741038,-0.15262306012970642,845,845,1155
null,all_alfworld,all,absolute_readout,D_cos_centered::decision::reward,average_precision,0.49023285912886244,0.337801872244113,0.7979133472490948,0.5643997182558598,845,845,1155
null,all_alfworld,all,absolute_readout,D_cos_centered::decision::reward,auroc_large_change_vs_rest,0.2840909090909091,0.19386363636363638,0.6700757575757574,0.42656062707837855,845,845,1155
null,all_alfworld,all,absolute_readout,D_cos_centered::decision::reward,top_quartile_mean_absolute_delta,0.049130434782608694,0.017745903110047846,0.13361677631578947,0.0665469341258517,845,845,1155
null,all_alfworld,all,absolute_readout,D_cos_centered::decision::reward,top_quartile_lift,0.5603900288616543,0.20561264999668621,1.178592631445824,0.6516988765131947,845,845,1155
null,all_alfworld,all,absolute_readout,D_cos_centered::decision::unsigned,spearman,-0.40421855044131716,-0.5896019445326043,0.1007189651320817,-0.26621580594847793,845,845,1155
null,all_alfworld,all,absolute_readout,D_cos_centered::decision::unsigned,average_precision,0.46188692550218025,0.318518504521794,0.7643724428405602,0.54066966315871,845,845,1155
null,all_alfworld,all,absolute_readout,D_cos_centered::decision::unsigned,auroc_large_change_vs_rest,0.19318181818181818,0.14444444444444443,0.6133838383838384,0.3722847238231854,845,845,1155
null,all_alfworld,all,absolute_readout,D_cos_centered::decision::unsigned,top_quartile_mean_absolute_delta,0.034999999999999996,0.01620192307692308,0.13123203144894313,0.06248520385296095,845,845,1155
null,all_alfworld,all,absolute_readout,D_cos_centered::decision::unsigned,top_quartile_lift,0.3992159055164882,0.17154286018573586,1.155060589202215,0.611210244287196,845,845,1155
null,all_alfworld,all,absolute_readout,D_cos_centered_gate::decision::reward,spearman,-0.11775062121551413,-0.457123836020436,0.12091122275116475,-0.17911031528588392,845,845,1155
null,all_alfworld,all,absolute_readout,D_cos_centered_gate::decision::reward,average_precision,0.5089128793463158,0.3384027258001716,0.7085478848636744,0.5226464267947702,845,845,1155
null,all_alfworld,all,absolute_readout,D_cos_centered_gate::decision::reward,auroc_large_change_vs_rest,0.3522727272727273,0.21142857142857144,0.636060606060606,0.41512425608579456,845,845,1155
null,all_alfworld,all,absolute_readout,D_cos_centered_gate::decision::reward,top_quartile_mean_absolute_delta,0.10034722222222223,0.044142608359133126,0.17018009768009768,0.10030281468101344,845,845,1155
null,all_alfworld,all,absolute_readout,D_cos_centered_gate::decision::reward,top_quartile_lift,1.144577348157392,0.45748584673695675,1.6203573179109692,0.998008161175698,845,845,1155
null,all_alfworld,all,absolute_readout,D_cos_centered_gate::decision::unsigned,spearman,-0.15641500430120533,-0.35635008361658793,0.25388362427425254,-0.05165335689590602,845,845,1155
null,all_alfworld,all,absolute_readout,D_cos_centered_gate::decision::unsigned,average_precision,0.508784012372529,0.35969146350725295,0.7552180714022819,0.5520342077988882,845,845,1155
null,all_alfworld,all,absolute_readout,D_cos_centered_gate::decision::unsigned,auroc_large_change_vs_rest,0.36363636363636365,0.2618939393939394,0.721590909090909,0.4822621921142631,845,845,1155
null,all_alfworld,all,absolute_readout,D_cos_centered_gate::decision::unsigned,top_quartile_mean_absolute_delta,0.04746376811594203,0.01780357142857143,0.12876400560224088,0.06342330379793609,845,845,1155
null,all_alfworld,all,absolute_readout,D_cos_centered_gate::decision::unsigned,top_quartile_lift,0.5413797476465835,0.1824150809119109,1.1698036814524848,0.6229811197747608,845,845,1155
null,all_alfworld,all,absolute_readout,D_cos_adv::decision::reward,spearman,-0.13356786884147873,-0.4711586829467231,0.22355579266815281,-0.1158743716556584,845,845,1155
null,all_alfworld,all,absolute_readout,D_cos_adv::decision::reward,average_precision,0.5018618495680134,0.3453782930176119,0.8260182986082549,0.5778858792997656,845,845,1155
null,all_alfworld,all,absolute_readout,D_cos_adv::decision::reward,auroc_large_change_vs_rest,0.29545454545454547,0.20023809523809524,0.6590909090909091,0.42966149727984043,845,845,1155
null,all_alfworld,all,absolute_readout,D_cos_adv::decision::reward,top_quartile_mean_absolute_delta,0.10513888888888889,0.06551337703038895,0.21582087459154628,0.12694746136504356,845,845,1155
null,all_alfworld,all,absolute_readout,D_cos_adv::decision::reward,top_quartile_lift,1.1992319066507209,0.7251374333327292,1.883698216449627,1.252793535503343,845,845,1155
null,all_alfworld,all,absolute_readout,D_cos_adv::decision::unsigned,spearman,-0.40421855044131716,-0.5896019445326043,0.1007189651320817,-0.26621580594847793,845,845,1155
null,all_alfworld,all,absolute_readout,D_cos_adv::decision::unsigned,average_precision,0.46188692550218025,0.318518504521794,0.7643724428405602,0.54066966315871,845,845,1155
null,all_alfworld,all,absolute_readout,D_cos_adv::decision::unsigned,auroc_large_change_vs_rest,0.19318181818181818,0.14444444444444443,0.6133838383838384,0.3722847238231854,845,845,1155
null,all_alfworld,all,absolute_readout,D_cos_adv::decision::unsigned,top_quartile_mean_absolute_delta,0.034999999999999996,0.01620192307692308,0.13123203144894313,0.06248520385296095,845,845,1155
null,all_alfworld,all,absolute_readout,D_cos_adv::decision::unsigned,top_quartile_lift,0.3992159055164882,0.17154286018573586,1.155060589202215,0.611210244287196,845,845,1155
null,all_alfworld,all,absolute_readout,D_cos_negative::decision::reward,spearman,-0.03866438308569121,-0.3286884510209729,0.3701556043368219,0.012263751901935637,845,845,1155
null,all_alfworld,all,absolute_readout,D_cos_negative::decision::reward,average_precision,0.5553219441377336,0.37027027705481647,0.8656424020480193,0.6180617532973842,845,845,1155
null,all_alfworld,all,absolute_readout,D_cos_negative::decision::reward,auroc_large_change_vs_rest,0.36363636363636365,0.2569055944055944,0.7613636363636364,0.4969758413841254,845,845,1155
null,all_alfworld,all,absolute_readout,D_cos_negative::decision::reward,top_quartile_mean_absolute_delta,0.12246376811594203,0.059446952361140004,0.22435198412698412,0.13814519728906033,845,845,1155
null,all_alfworld,all,absolute_readout,D_cos_negative::decision::reward,top_quartile_lift,1.3968424023247727,0.6999984103601219,1.9813023560942522,1.3584310413873495,845,845,1155
null,all_alfworld,all,absolute_readout,D_cos_negative::decision::unsigned,spearman,0.18101961171937248,-0.34581697594546107,0.4004752856881942,0.04171559101077787,845,845,1155
null,all_alfworld,all,absolute_readout,D_cos_negative::decision::unsigned,average_precision,0.7028993667151563,0.37897687799356033,0.8020148240091848,0.6251063701403421,845,845,1155
null,all_alfworld,all,absolute_readout,D_cos_negative::decision::unsigned,auroc_large_change_vs_rest,0.48863636363636365,0.2782051282051282,0.704090909090909,0.4924800774504917,845,845,1155
null,all_alfworld,all,absolute_readout,D_cos_negative::decision::unsigned,top_quartile_mean_absolute_delta,0.15557432432432433,0.067375,0.271875,0.1573705624555912,845,845,1155
null,all_alfworld,all,absolute_readout,D_cos_negative::decision::unsigned,top_quartile_lift,1.7745069931500277,0.8590863313606941,2.2397709342897496,1.5261064839290948,845,845,1155
null,all_alfworld,all,absolute_readout,D_soft::decision::reward,spearman,-0.07557129421294191,-0.3283031867753772,0.28221409871961967,-0.033751103302820155,845,845,1155
null,all_alfworld,all,absolute_readout,D_soft::decision::reward,average_precision,0.5774655759070338,0.40786848052618174,0.7156551732867522,0.5688745088679165,845,845,1155
null,all_alfworld,all,absolute_readout,D_soft::decision::reward,auroc_large_change_vs_rest,0.42045454545454547,0.25648351648351647,0.7,0.47093331389189375,845,845,1155
null,all_alfworld,all,absolute_readout,D_soft::decision::reward,top_quartile_mean_absolute_delta,0.1007132132132132,0.06153361344537816,0.175889553014553,0.11306099638172089,845,845,1155
null,all_alfworld,all,absolute_readout,D_soft::decision::reward,top_quartile_lift,1.1487519031539446,0.6059090595149416,1.7310737041559974,1.1298442987926003,845,845,1155
null,all_alfworld,all,absolute_readout,D_soft::decision::unsigned,spearman,-0.12653798100771668,-0.27025173708152905,0.3665255473741906,0.03701233467854934,845,845,1155
null,all_alfworld,all,absolute_readout,D_soft::decision::unsigned,average_precision,0.5506393718081025,0.38977920165275043,0.8099369145655676,0.6059566068514118,845,845,1155
null,all_alfworld,all,absolute_readout,D_soft::decision::unsigned,auroc_large_change_vs_rest,0.4090909090909091,0.27420634920634923,0.7333333333333333,0.5075515033946987,845,845,1155
null,all_alfworld,all,absolute_readout,D_soft::decision::unsigned,top_quartile_mean_absolute_delta,0.11345475910693303,0.06244624125874126,0.19875427120216113,0.12766170053588452,845,845,1155
null,all_alfworld,all,absolute_readout,D_soft::decision::unsigned,top_quartile_lift,1.2940841254865518,0.6643636646351558,1.8376441776860402,1.2640007723729756,845,845,1155
null,all_alfworld,all,absolute_readout,D_soft_negative::decision::reward,spearman,-0.09841842967266853,-0.33532433998069716,0.33871682220177207,-0.013153196476981144,845,845,1155
null,all_alfworld,all,absolute_readout,D_soft_negative::decision::reward,average_precision,0.4838904270511362,0.3441576899745299,0.7694297860026518,0.5555861316558848,845,845,1155
null,all_alfworld,all,absolute_readout,D_soft_negative::decision::reward,auroc_large_change_vs_rest,0.29545454545454547,0.2505555555555556,0.7043290043290044,0.4720209737665359,845,845,1155
null,all_alfworld,all,absolute_readout,D_soft_negative::decision::reward,top_quartile_mean_absolute_delta,0.113125,0.054546568627450984,0.20985054347826085,0.1285063459118982,845,845,1155
null,all_alfworld,all,absolute_readout,D_soft_negative::decision::reward,top_quartile_lift,1.2903228374729354,0.6299482046246422,1.863959646042054,1.2599834176362739,845,845,1155
null,all_alfworld,all,absolute_readout,D_soft_negative::decision::unsigned,spearman,-0.28822540118424356,-0.5231907357227011,0.18661793258218165,-0.172018777612634,845,845,1155
null,all_alfworld,all,absolute_readout,D_soft_negative::decision::unsigned,average_precision,0.5513536901694797,0.32825150961194194,0.7396680024911447,0.5580645759560675,845,845,1155
null,all_alfworld,all,absolute_readout,D_soft_negative::decision::unsigned,auroc_large_change_vs_rest,0.3181818181818182,0.17045454545454544,0.6247222222222222,0.39101410423895633,845,845,1155
null,all_alfworld,all,absolute_readout,D_soft_negative::decision::unsigned,top_quartile_mean_absolute_delta,0.10479166666666666,0.045615131578947365,0.20112774725274724,0.11758408247146539,845,845,1155
null,all_alfworld,all,absolute_readout,D_soft_negative::decision::unsigned,top_quartile_lift,1.195271431397581,0.5111773931706728,1.7681077339362492,1.149755973010192,845,845,1155
null,all_alfworld,all,absolute_readout,D_soft_cos::decision::reward,spearman,-0.31283000860241067,-0.45362746921390407,0.1840795686241784,-0.14447768649645135,845,845,1155
null,all_alfworld,all,absolute_readout,D_soft_cos::decision::reward,average_precision,0.4819812251419343,0.36204598444020525,0.6760140508172352,0.5139057409331039,845,845,1155
null,all_alfworld,all,absolute_readout,D_soft_cos::decision::reward,auroc_large_change_vs_rest,0.2840909090909091,0.19239510489510492,0.6282051282051282,0.4128539721291201,845,845,1155
null,all_alfworld,all,absolute_readout,D_soft_cos::decision::reward,top_quartile_mean_absolute_delta,0.08784722222222222,0.04661348684210527,0.14643315018315015,0.09026754653036069,845,845,1155
null,all_alfworld,all,absolute_readout,D_soft_cos::decision::reward,top_quartile_lift,1.0020002390443603,0.4613002939673588,1.452868612652848,0.904475289962481,845,845,1155
null,all_alfworld,all,absolute_readout,D_soft_cos::decision::unsigned,spearman,-0.21265410697130166,-0.31501991141286445,0.3013380558670296,-0.0190263671266749,845,845,1155
null,all_alfworld,all,absolute_readout,D_soft_cos::decision::unsigned,average_precision,0.5184079668494248,0.3747727843514415,0.7406733342006622,0.5564826062435324,845,845,1155
null,all_alfworld,all,absolute_readout,D_soft_cos::decision::unsigned,auroc_large_change_vs_rest,0.375,0.25,0.7050699300699301,0.48300068110718997,845,845,1155
null,all_alfworld,all,absolute_readout,D_soft_cos::decision::unsigned,top_quartile_mean_absolute_delta,0.09746376811594203,0.04981602175718574,0.18638970588235293,0.11356900211671134,845,845,1155
null,all_alfworld,all,absolute_readout,D_soft_cos::decision::unsigned,top_quartile_lift,1.1116881840987096,0.533013987213642,1.6931021430077382,1.1253085118063673,845,845,1155
null,all_alfworld,all,absolute_readout,D_sigmoid::decision::reward,spearman,-0.18980697151157502,-0.515737203173981,0.10664380018080523,-0.2003041901516854,845,845,1155
null,all_alfworld,all,absolute_readout,D_sigmoid::decision::reward,average_precision,0.4968223629108797,0.329177937875555,0.7132098360220873,0.5194341343542965,845,845,1155
null,all_alfworld,all,absolute_readout,D_sigmoid::decision::reward,auroc_large_change_vs_rest,0.32954545454545453,0.19230769230769232,0.6278846153846153,0.4070775657609977,845,845,1155
null,all_alfworld,all,absolute_readout,D_sigmoid::decision::reward,top_quartile_mean_absolute_delta,0.038125,0.011289915966386553,0.1143731660496366,0.05378445242077392,845,845,1155
null,all_alfworld,all,absolute_readout,D_sigmoid::decision::reward,top_quartile_lift,0.43486018279474614,0.12370561464653287,1.035750188200837,0.524533496023685,845,845,1155
null,all_alfworld,all,absolute_readout,D_sigmoid::decision::unsigned,spearman,-0.2952552890180056,-0.42655975585468875,0.2431958795070481,-0.0942967629044553,845,845,1155
null,all_alfworld,all,absolute_readout,D_sigmoid::decision::unsigned,average_precision,0.4814666253626287,0.3455136004530631,0.7766168546764797,0.561563764124705,845,845,1155
null,all_alfworld,all,absolute_readout,D_sigmoid::decision::unsigned,auroc_large_change_vs_rest,0.29545454545454547,0.2276223776223776,0.7050699300699301,0.45535969783011204,845,845,1155
null,all_alfworld,all,absolute_readout,D_sigmoid::decision::unsigned,top_quartile_mean_absolute_delta,0.04746376811594203,0.01780357142857143,0.12876400560224088,0.06342330379793609,845,845,1155
null,all_alfworld,all,absolute_readout,D_sigmoid::decision::unsigned,top_quartile_lift,0.5413797476465835,0.1824150809119109,1.1698036814524848,0.6229811197747608,845,845,1155
null,all_alfworld,all,absolute_readout,D_tauC_q25::decision::reward,spearman,0.11423567729863311,-0.34449351173501963,0.3173975725107785,-0.0071182825371869695,845,845,1155
null,all_alfworld,all,absolute_readout,D_tauC_q25::decision::reward,average_precision,0.6084343546030854,0.3800894787739657,0.7377371058072351,0.5755920887894744,845,845,1155
null,all_alfworld,all,absolute_readout,D_tauC_q25::decision::reward,auroc_large_change_vs_rest,0.48863636363636365,0.28205128205128205,0.7111111111111111,0.49018652123681705,845,845,1155
null,all_alfworld,all,absolute_readout,D_tauC_q25::decision::reward,top_quartile_mean_absolute_delta,0.12779654654654654,0.06346389190612554,0.2221742424242424,0.1305682872768376,845,845,1155
null,all_alfworld,all,absolute_readout,D_tauC_q25::decision::reward,top_quartile_lift,1.4576689728988463,0.7219615173316232,1.9965623833598916,1.2895251559229013,845,845,1155
null,all_alfworld,all,absolute_readout,D_tauC_q25::decision::unsigned,spearman,-0.24604607418167132,-0.3856290341444341,0.22020284262828754,-0.08987731111000581,845,845,1155
null,all_alfworld,all,absolute_readout,D_tauC_q25::decision::unsigned,average_precision,0.4884263323223358,0.3516549269229223,0.7286828754321015,0.5369844081489686,845,845,1155
null,all_alfworld,all,absolute_readout,D_tauC_q25::decision::unsigned,auroc_large_change_vs_rest,0.3181818181818182,0.22272727272727272,0.6818181818181818,0.4521461559479311,845,845,1155
null,all_alfworld,all,absolute_readout,D_tauC_q25::decision::unsigned,top_quartile_mean_absolute_delta,0.046788092440266354,0.0264741438887648,0.105196125998843,0.06386207048519307,845,845,1155
null,all_alfworld,all,absolute_readout,D_tauC_q25::decision::unsigned,top_quartile_lift,0.5336728768837169,0.2800811759942778,1.088861411578458,0.6387782953864685,845,845,1155
null,all_alfworld,all,absolute_readout,D_tauC_q50::decision::reward,spearman,0.07908623812982293,-0.3796430202062698,0.26244630032280925,-0.04457676566094499,845,845,1155
null,all_alfworld,all,absolute_readout,D_tauC_q50::decision::reward,average_precision,0.6224056180395894,0.3747135206984278,0.7136447697714835,0.5634497397073552,845,845,1155
null,all_alfworld,all,absolute_readout,D_tauC_q50::decision::reward,auroc_large_change_vs_rest,0.5,0.25695970695970693,0.6700757575757574,0.4671111203063865,845,845,1155
null,all_alfworld,all,absolute_readout,D_tauC_q50::decision::reward,top_quartile_mean_absolute_delta,0.1444632132132132,0.06734143155426185,0.24852880044791809,0.14422221900875384,845,845,1155
null,all_alfworld,all,absolute_readout,D_tauC_q50::decision::reward,top_quartile_lift,1.647771785049555,0.7659272309252603,2.072543845758823,1.4124202408778017,845,845,1155
null,all_alfworld,all,absolute_readout,D_tauC_q50::decision::unsigned,spearman,-0.09138854183890649,-0.31104725172753933,0.30715856672601943,-0.015383344180782155,845,845,1155
null,all_alfworld,all,absolute_readout,D_tauC_q50::decision::unsigned,average_precision,0.5598329560016867,0.3613389261701218,0.7778684475875984,0.5791648720162934,845,845,1155
null,all_alfworld,all,absolute_readout,D_tauC_q50::decision::unsigned,auroc_large_change_vs_rest,0.45454545454545453,0.2727272727272727,0.7105128205128204,0.48845555332241725,845,845,1155
null,all_alfworld,all,absolute_readout,D_tauC_q50::decision::unsigned,top_quartile_mean_absolute_delta,0.06970475910693302,0.025873317717891756,0.17948921277997365,0.0859973189772722,845,845,1155
null,all_alfworld,all,absolute_readout,D_tauC_q50::decision::unsigned,top_quartile_lift,0.7950642435909414,0.29397348883130464,1.5186279243498375,0.8371651783032203,845,845,1155
null,all_alfworld,all,absolute_readout,D_tauC_q75::decision::reward,spearman,-0.07208797476556501,-0.43005178992645504,0.18615876692638406,-0.12590679728831924,845,845,1155
null,all_alfworld,all,absolute_readout,D_tauC_q75::decision::reward,average_precision,0.5735106998264893,0.3558725683255759,0.6875070903006126,0.5255261758937533,845,845,1155
null,all_alfworld,all,absolute_readout,D_tauC_q75::decision::reward,auroc_large_change_vs_rest,0.4943181818181818,0.20512820512820512,0.6553846153846153,0.43735981063643786,845,845,1155
null,all_alfworld,all,absolute_readout,D_tauC_q75::decision::reward,top_quartile_mean_absolute_delta,0.040625,0.007314685314685316,0.1325,0.05427948567412176,845,845,1155
null,all_alfworld,all,absolute_readout,D_tauC_q75::decision::reward,top_quartile_lift,0.4633756046173525,0.08191790141185694,1.1376324630108072,0.5251779530269348,845,845,1155
null,all_alfworld,all,absolute_readout,D_tauC_q75::decision::unsigned,spearman,0.04395608217412501,-0.30900846224450707,0.3312105561205292,0.01841459502091823,845,845,1155
null,all_alfworld,all,absolute_readout,D_tauC_q75::decision::unsigned,average_precision,0.6106763119921014,0.37797027290448343,0.7946991665884855,0.5908984767365222,845,845,1155
null,all_alfworld,all,absolute_readout,D_tauC_q75::decision::unsigned,auroc_large_change_vs_rest,0.5511363636363636,0.28944444444444445,0.7215909090909091,0.5101138219111592,845,845,1155
null,all_alfworld,all,absolute_readout,D_tauC_q75::decision::unsigned,top_quartile_mean_absolute_delta,0.07038043478260869,0.017452651515151518,0.18601704545454542,0.08555855229001523,845,845,1155
null,all_alfworld,all,absolute_readout,D_tauC_q75::decision::unsigned,top_quartile_lift,0.8027711143538079,0.20542624019097996,1.5770323479318107,0.8213680026915128,845,845,1155
null,all_alfworld,all,absolute_readout,D_delta_q25::decision::reward,spearman,-0.18101961171937248,-0.42984642304578935,0.3041539251190535,-0.0796722280819121,845,845,1155
null,all_alfworld,all,absolute_readout,D_delta_q25::decision::reward,average_precision,0.5501740617171239,0.3466798050268445,0.8349809496621238,0.5964439227486154,845,845,1155
null,all_alfworld,all,absolute_readout,D_delta_q25::decision::reward,auroc_large_change_vs_rest,0.3181818181818182,0.2111111111111111,0.7105128205128204,0.4598276033631063,845,845,1155
null,all_alfworld,all,absolute_readout,D_delta_q25::decision::reward,top_quartile_mean_absolute_delta,0.0522554347826087,0.021257565789473683,0.1357267857142857,0.06977774014979644,845,845,1155
null,all_alfworld,all,absolute_readout,D_delta_q25::decision::reward,top_quartile_lift,0.5960343061399124,0.2313661123989793,1.2155506940054417,0.6845933849205329,845,845,1155
null,all_alfworld,all,absolute_readout,D_delta_q25::decision::unsigned,spearman,-0.13708281275835973,-0.43699851534933515,0.2880070755038675,-0.07552218152669352,845,845,1155
null,all_alfworld,all,absolute_readout,D_delta_q25::decision::unsigned,average_precision,0.5724437928772294,0.33908759885533163,0.8689609674381344,0.6086261375473517,845,845,1155
null,all_alfworld,all,absolute_readout,D_delta_q25::decision::unsigned,auroc_large_change_vs_rest,0.3409090909090909,0.22727272727272727,0.7214285714285712,0.46656891267838013,845,845,1155
null,all_alfworld,all,absolute_readout,D_delta_q25::decision::unsigned,top_quartile_mean_absolute_delta,0.07204710144927537,0.030331702479472884,0.20303772378516624,0.1006137400740626,845,845,1155
null,all_alfworld,all,absolute_readout,D_delta_q25::decision::unsigned,top_quartile_lift,0.821781395568879,0.33886380743336597,1.7197563353379253,0.9696570161007957,845,845,1155
null,all_alfworld,all,absolute_readout,D_delta_q50::decision::reward,spearman,-0.045694270919453245,-0.3590097428234403,0.36645261213053104,0.012030984658311985,845,845,1155
null,all_alfworld,all,absolute_readout,D_delta_q50::decision::reward,average_precision,0.5813225849111017,0.3675359801017696,0.8567069248977144,0.6152647548983783,845,845,1155
null,all_alfworld,all,absolute_readout,D_delta_q50::decision::reward,auroc_large_change_vs_rest,0.4090909090909091,0.2782051282051282,0.7555555555555555,0.5185821591294963,845,845,1155
null,all_alfworld,all,absolute_readout,D_delta_q50::decision::reward,top_quartile_mean_absolute_delta,0.049130434782608694,0.017745903110047846,0.13361677631578947,0.0665469341258517,845,845,1155
null,all_alfworld,all,absolute_readout,D_delta_q50::decision::reward,top_quartile_lift,0.5603900288616543,0.20561264999668621,1.178592631445824,0.6516988765131947,845,845,1155
null,all_alfworld,all,absolute_readout,D_delta_q50::decision::unsigned,spearman,-0.019332191542845604,-0.3874567181464855,0.3986113763370073,0.022204060737477303,845,845,1155
null,all_alfworld,all,absolute_readout,D_delta_q50::decision::unsigned,average_precision,0.6221301359459254,0.35202104750350366,0.8891273062255206,0.6311507819589128,845,845,1155
null,all_alfworld,all,absolute_readout,D_delta_q50::decision::unsigned,auroc_large_change_vs_rest,0.42045454545454547,0.2840909090909091,0.7704761904761903,0.5190341397589918,845,845,1155
null,all_alfworld,all,absolute_readout,D_delta_q50::decision::unsigned,top_quartile_mean_absolute_delta,0.07204710144927537,0.030331702479472884,0.20303772378516624,0.1006137400740626,845,845,1155
null,all_alfworld,all,absolute_readout,D_delta_q50::decision::unsigned,top_quartile_lift,0.821781395568879,0.33886380743336597,1.7197563353379253,0.9696570161007957,845,845,1155
null,all_alfworld,all,absolute_readout,D_delta_q75::decision::reward,spearman,-0.08963106988046599,-0.3148284428121082,0.435520592839666,0.045236716645478736,845,845,1155
null,all_alfworld,all,absolute_readout,D_delta_q75::decision::reward,average_precision,0.5673254709139877,0.36598115752251087,0.8695264433422328,0.6211260975986894,845,845,1155
null,all_alfworld,all,absolute_readout,D_delta_q75::decision::reward,auroc_large_change_vs_rest,0.38636363636363635,0.28225524475524477,0.7618506493506493,0.526023455505704,845,845,1155
null,all_alfworld,all,absolute_readout,D_delta_q75::decision::reward,top_quartile_mean_absolute_delta,0.0388135593220339,0.021063382445616795,0.1364884200907274,0.07004940253784823,845,845,1155
null,all_alfworld,all,absolute_readout,D_delta_q75::decision::reward,top_quartile_lift,0.4427140066018199,0.24179328959588892,1.255564101620317,0.6874840659342164,845,845,1155
null,all_alfworld,all,absolute_readout,D_delta_q75::decision::unsigned,spearman,0.1476276445090028,-0.2610691267412424,0.5207415364470053,0.14255515783630682,845,845,1155
null,all_alfworld,all,absolute_readout,D_delta_q75::decision::unsigned,average_precision,0.648018218451655,0.3838680508088403,0.8699654175864922,0.6521043345920046,845,845,1155
null,all_alfworld,all,absolute_readout,D_delta_q75::decision::unsigned,auroc_large_change_vs_rest,0.4431818181818182,0.3111111111111111,0.7737012987012987,0.5444173758522871,845,845,1155
null,all_alfworld,all,absolute_readout,D_delta_q75::decision::unsigned,top_quartile_mean_absolute_delta,0.15557432432432433,0.07626136363636363,0.29059697332384454,0.16930211991172295,845,845,1155
null,all_alfworld,all,absolute_readout,D_delta_q75::decision::unsigned,top_quartile_lift,1.7745069931500277,0.9584606456434503,2.3341318097296497,1.6456777405999437,845,845,1155
null,all_alfworld,all,absolute_readout,D_winsor::decision::reward,spearman,-0.18101961171937248,-0.45658885425236206,0.25793139462986214,-0.11173872840577223,845,845,1155
null,all_alfworld,all,absolute_readout,D_winsor::decision::reward,average_precision,0.4960615076045698,0.3471259214104609,0.8238615564993871,0.5782935706517668,845,845,1155
null,all_alfworld,all,absolute_readout,D_winsor::decision::reward,auroc_large_change_vs_rest,0.2840909090909091,0.20111111111111113,0.7021428571428571,0.44590745710568197,845,845,1155
null,all_alfworld,all,absolute_readout,D_winsor::decision::reward,top_quartile_mean_absolute_delta,0.0522554347826087,0.021257565789473683,0.1357267857142857,0.06977774014979644,845,845,1155
null,all_alfworld,all,absolute_readout,D_winsor::decision::reward,top_quartile_lift,0.5960343061399124,0.2313661123989793,1.2155506940054417,0.6845933849205329,845,845,1155
null,all_alfworld,all,absolute_readout,D_winsor::decision::unsigned,spearman,-0.33040472818681577,-0.5240188257105153,0.14004675293754112,-0.20670731183027513,845,845,1155
null,all_alfworld,all,absolute_readout,D_winsor::decision::unsigned,average_precision,0.4773139227473593,0.3268451988955453,0.8142982456140352,0.5658725860390206,845,845,1155
null,all_alfworld,all,absolute_readout,D_winsor::decision::unsigned,auroc_large_change_vs_rest,0.23863636363636365,0.17045454545454544,0.6477272727272727,0.40502117868981774,845,845,1155
null,all_alfworld,all,absolute_readout,D_winsor::decision::unsigned,top_quartile_mean_absolute_delta,0.049130434782608694,0.025836463903743313,0.14895410875674026,0.07847849158198347,845,845,1155
null,all_alfworld,all,absolute_readout,D_winsor::decision::unsigned,top_quartile_lift,0.5603900288616543,0.29932494384644076,1.3427056466267617,0.7712701331840438,845,845,1155
null,all_alfworld,all,absolute_readout,D_tanh::decision::reward,spearman,-0.005272415875321529,-0.31351046256174503,0.35402283304736265,0.014451878086085425,845,845,1155
null,all_alfworld,all,absolute_readout,D_tanh::decision::reward,average_precision,0.5169857779272359,0.3511277274067522,0.8486648112028072,0.5961180906742207,845,845,1155
null,all_alfworld,all,absolute_readout,D_tanh::decision::reward,auroc_large_change_vs_rest,0.36363636363636365,0.27420634920634923,0.7380952380952381,0.5045913406120507,845,845,1155
null,all_alfworld,all,absolute_readout,D_tanh::decision::reward,top_quartile_mean_absolute_delta,0.0522554347826087,0.021257565789473683,0.1357267857142857,0.06977774014979644,845,845,1155
null,all_alfworld,all,absolute_readout,D_tanh::decision::reward,top_quartile_lift,0.5960343061399124,0.2313661123989793,1.2155506940054417,0.6845933849205329,845,845,1155
null,all_alfworld,all,absolute_readout,D_tanh::decision::unsigned,spearman,-0.23550124243102827,-0.43671917114852776,0.28655734139875083,-0.08284867423644075,845,845,1155
null,all_alfworld,all,absolute_readout,D_tanh::decision::unsigned,average_precision,0.49582726472326805,0.34305947621350097,0.8354600574336537,0.586194099933347,845,845,1155
null,all_alfworld,all,absolute_readout,D_tanh::decision::unsigned,auroc_large_change_vs_rest,0.2840909090909091,0.2222222222222222,0.7045454545454546,0.4539278505846553,845,845,1155
null,all_alfworld,all,absolute_readout,D_tanh::decision::unsigned,top_quartile_mean_absolute_delta,0.049130434782608694,0.025836463903743313,0.14895410875674026,0.07847849158198347,845,845,1155
null,all_alfworld,all,absolute_readout,D_tanh::decision::unsigned,top_quartile_lift,0.5603900288616543,0.29932494384644076,1.3427056466267617,0.7712701331840438,845,845,1155
null,all_alfworld,all,absolute_readout,D_action_sign::decision::reward,spearman,-0.2038667471790991,-0.4527444372693947,0.2541304451904975,-0.11445619178579206,845,845,1155
null,all_alfworld,all,absolute_readout,D_action_sign::decision::reward,average_precision,0.5579946057007695,0.32718069404795413,0.8144606077226398,0.5880525878867282,845,845,1155
null,all_alfworld,all,absolute_readout,D_action_sign::decision::reward,auroc_large_change_vs_rest,0.32954545454545453,0.20520202020202022,0.6700757575757574,0.42559309526765143,845,845,1155
null,all_alfworld,all,absolute_readout,D_action_sign::decision::reward,top_quartile_mean_absolute_delta,0.113125,0.054546568627450984,0.20985054347826085,0.1285063459118982,845,845,1155
null,all_alfworld,all,absolute_readout,D_action_sign::decision::reward,top_quartile_lift,1.2903228374729354,0.6299482046246422,1.863959646042054,1.2599834176362739,845,845,1155
null,all_alfworld,all,absolute_readout,D_action_sign::decision::unsigned,spearman,0.17926213976093197,-0.0840405984120847,0.624007208095502,0.2778921634667812,845,845,1155
null,all_alfworld,all,absolute_readout,D_action_sign::decision::unsigned,average_precision,0.6818748030435337,0.443198286258948,0.9189142429902133,0.7088455369880209,845,845,1155
null,all_alfworld,all,absolute_readout,D_action_sign::decision::unsigned,auroc_large_change_vs_rest,0.5113636363636364,0.42045454545454547,0.8555555555555555,0.6358744345726595,845,845,1155
null,all_alfworld,all,absolute_readout,D_action_sign::decision::unsigned,top_quartile_mean_absolute_delta,0.10930555555555554,0.06933376109614499,0.21965376676986584,0.13231334354813915,845,845,1155
null,all_alfworld,all,absolute_readout,D_action_sign::decision::unsigned,top_quartile_lift,1.2467576096883979,0.721260535357179,1.9892796760652016,1.313858779329841,845,845,1155
null,all_alfworld,all,absolute_readout,D_action_adv::decision::reward,spearman,-0.16520236409340788,-0.24936411504188116,0.41229164265888,0.07311169260459474,845,845,1155
null,all_alfworld,all,absolute_readout,D_action_adv::decision::reward,average_precision,0.4769307200914293,0.36941457352171636,0.8529877587153126,0.5975430012137096,845,845,1155
null,all_alfworld,all,absolute_readout,D_action_adv::decision::reward,auroc_large_change_vs_rest,0.2727272727272727,0.26136363636363635,0.733076923076923,0.4949905600645245,845,845,1155
null,all_alfworld,all,absolute_readout,D_action_adv::decision::reward,top_quartile_mean_absolute_delta,0.1488888888888889,0.09956621440966792,0.2389495685765847,0.16861184292365589,845,845,1155
null,all_alfworld,all,absolute_readout,D_action_adv::decision::reward,top_quartile_lift,1.6982517885463313,1.0324507895239963,2.316152832240765,1.679629129573098,845,845,1155
null,all_alfworld,all,absolute_readout,D_action_adv::decision::unsigned,spearman,0.17926213976093197,-0.0840405984120847,0.624007208095502,0.2778921634667812,845,845,1155
null,all_alfworld,all,absolute_readout,D_action_adv::decision::unsigned,average_precision,0.6818748030435337,0.443198286258948,0.9189142429902133,0.7088455369880209,845,845,1155
null,all_alfworld,all,absolute_readout,D_action_adv::decision::unsigned,auroc_large_change_vs_rest,0.5113636363636364,0.42045454545454547,0.8555555555555555,0.6358744345726595,845,845,1155
null,all_alfworld,all,absolute_readout,D_action_adv::decision::unsigned,top_quartile_mean_absolute_delta,0.10930555555555554,0.06933376109614499,0.21965376676986584,0.13231334354813915,845,845,1155
null,all_alfworld,all,absolute_readout,D_action_adv::decision::unsigned,top_quartile_lift,1.2467576096883979,0.721260535357179,1.9892796760652016,1.313858779329841,845,845,1155
null,all_alfworld,all,absolute_readout,D_action_adv_clip::decision::reward,spearman,-0.08435865400514446,-0.2990822129649263,0.37771891885064063,0.03526201549581313,845,845,1155
null,all_alfworld,all,absolute_readout,D_action_adv_clip::decision::reward,average_precision,0.5093846298180664,0.390523825589615,0.8210405062272321,0.6011309323768826,845,845,1155
null,all_alfworld,all,absolute_readout,D_action_adv_clip::decision::reward,auroc_large_change_vs_rest,0.3068181818181818,0.2276223776223776,0.7214285714285712,0.46769419600780554,845,845,1155
null,all_alfworld,all,absolute_readout,D_action_adv_clip::decision::reward,top_quartile_mean_absolute_delta,0.11458333333333334,0.055832112332112334,0.24310795454545453,0.1369721744839653,845,845,1155
null,all_alfworld,all,absolute_readout,D_action_adv_clip::decision::reward,top_quartile_lift,1.3069568335361226,0.6049642981770452,2.062025816482789,1.3377620218162016,845,845,1155
null,all_alfworld,all,absolute_readout,D_action_adv_clip::decision::unsigned,spearman,0.17926213976093197,-0.0840405984120847,0.624007208095502,0.2778921634667812,845,845,1155
null,all_alfworld,all,absolute_readout,D_action_adv_clip::decision::unsigned,average_precision,0.6818748030435337,0.443198286258948,0.9189142429902133,0.7088455369880209,845,845,1155
null,all_alfworld,all,absolute_readout,D_action_adv_clip::decision::unsigned,auroc_large_change_vs_rest,0.5113636363636364,0.42045454545454547,0.8555555555555555,0.6358744345726595,845,845,1155
null,all_alfworld,all,absolute_readout,D_action_adv_clip::decision::unsigned,top_quartile_mean_absolute_delta,0.10930555555555554,0.06933376109614499,0.21965376676986584,0.13231334354813915,845,845,1155
null,all_alfworld,all,absolute_readout,D_action_adv_clip::decision::unsigned,top_quartile_lift,1.2467576096883979,0.721260535357179,1.9892796760652016,1.313858779329841,845,845,1155
null,all_alfworld,all,absolute_readout,D_ratio_adv::decision::reward,spearman,-0.16871730801028892,-0.4217570332144662,0.17205650473132583,-0.13058742370951823,845,845,1155
null,all_alfworld,all,absolute_readout,D_ratio_adv::decision::reward,average_precision,0.46119523009123353,0.33835550060105013,0.7564349028164818,0.5372877646420127,845,845,1155
null,all_alfworld,all,absolute_readout,D_ratio_adv::decision::reward,auroc_large_change_vs_rest,0.23863636363636365,0.16022727272727275,0.6071428571428571,0.39162127648814044,845,845,1155
null,all_alfworld,all,absolute_readout,D_ratio_adv::decision::reward,top_quartile_mean_absolute_delta,0.08645833333333333,0.03634355118565645,0.15986678185895645,0.09521391111926633,845,845,1155
null,all_alfworld,all,absolute_readout,D_ratio_adv::decision::reward,top_quartile_lift,0.9861583380318014,0.40353370298593283,1.4756629284493348,0.9424709460098571,845,845,1155
null,all_alfworld,all,absolute_readout,D_ratio_adv::decision::unsigned,spearman,0.36731163931406646,-0.22815576508900423,0.45508369889464817,0.1489160552921528,845,845,1155
null,all_alfworld,all,absolute_readout,D_ratio_adv::decision::unsigned,average_precision,0.7288228111757523,0.40047342470910585,0.8881056112176191,0.66595479013844,845,845,1155
null,all_alfworld,all,absolute_readout,D_ratio_adv::decision::unsigned,auroc_large_change_vs_rest,0.6477272727272727,0.3185064935064935,0.8111111111111111,0.582576562162361,845,845,1155
null,all_alfworld,all,absolute_readout,D_ratio_adv::decision::unsigned,top_quartile_mean_absolute_delta,0.12976190476190477,0.06642757218271926,0.21811604095079323,0.13477502869723157,845,845,1155
null,all_alfworld,all,absolute_readout,D_ratio_adv::decision::unsigned,top_quartile_lift,1.4800861803162322,0.7226476408980425,2.042248665270632,1.3381821182202764,845,845,1155
null,all_alfworld,all,absolute_readout,D_policy_action_adv::decision::reward,spearman,-0.09490348575578751,-0.1286415756519272,0.5195313130659391,0.17137627056171081,845,845,1155
null,all_alfworld,all,absolute_readout,D_policy_action_adv::decision::reward,average_precision,0.5447688608573776,0.44686502232471936,0.8400420064971149,0.6180801388292629,845,845,1155
null,all_alfworld,all,absolute_readout,D_policy_action_adv::decision::reward,auroc_large_change_vs_rest,0.38636363636363635,0.3333333333333333,0.75,0.5283282151773276,845,845,1155
null,all_alfworld,all,absolute_readout,D_policy_action_adv::decision::reward,top_quartile_mean_absolute_delta,0.14436911487758947,0.0964390756302521,0.23449135139885913,0.16525377816811035,845,845,1155
null,all_alfworld,all,absolute_readout,D_policy_action_adv::decision::reward,top_quartile_lift,1.6466984835563085,1.0178925208065421,2.301232414138623,1.645675506594037,845,845,1155
null,all_alfworld,all,absolute_readout,D_policy_action_adv::decision::unsigned,spearman,0.04393679896101274,-0.04560049147205921,0.5973005620460581,0.27693902491514155,845,845,1155
null,all_alfworld,all,absolute_readout,D_policy_action_adv::decision::unsigned,average_precision,0.6540580557291786,0.548352345163007,0.8972344973964408,0.7341393280998879,845,845,1155
null,all_alfworld,all,absolute_readout,D_policy_action_adv::decision::unsigned,auroc_large_change_vs_rest,0.5227272727272727,0.4288961038961039,0.8333333333333334,0.6274898359365816,845,845,1155
null,all_alfworld,all,absolute_readout,D_policy_action_adv::decision::unsigned,top_quartile_mean_absolute_delta,0.15930555555555553,0.10798749167499166,0.2573347187755149,0.1824590418669144,845,845,1155
null,all_alfworld,all,absolute_readout,D_policy_action_adv::decision::unsigned,top_quartile_lift,1.817066046140524,1.1730501245308462,2.475121668435371,1.8161861713614476,845,845,1155
null,all_alfworld,all,absolute_readout,D_reward_only::decision::reward,spearman,0.014059775667524076,-0.252482611912227,0.4245828481177854,0.09867716049146358,845,845,1155
null,all_alfworld,all,absolute_readout,D_reward_only::decision::reward,average_precision,0.6018853554738722,0.38645619504089207,0.8723582091099229,0.6301669900707506,845,845,1155
null,all_alfworld,all,absolute_readout,D_reward_only::decision::reward,auroc_large_change_vs_rest,0.5,0.30952380952380953,0.7723776223776223,0.5435817946025047,845,845,1155
null,all_alfworld,all,absolute_readout,D_reward_only::decision::reward,top_quartile_mean_absolute_delta,0.12569444444444447,0.05778553154552515,0.2459377832117595,0.1398923225172298,845,845,1155
null,all_alfworld,all,absolute_readout,D_reward_only::decision::reward,top_quartile_lift,1.433692041636595,0.6778698669650746,2.0389379558593084,1.365712471474427,845,845,1155
null,all_alfworld,all,absolute_readout,D_reward_only::decision::unsigned,spearman,,,,,0,845,1155
null,all_alfworld,all,absolute_readout,D_reward_only::decision::unsigned,average_precision,0.5789473684210527,0.3684210526315789,0.7368421052631579,0.5446901276860792,845,845,1155
null,all_alfworld,all,absolute_readout,D_reward_only::decision::unsigned,auroc_large_change_vs_rest,0.5,0.5,0.5,0.5,845,845,1155
null,all_alfworld,all,absolute_readout,D_reward_only::decision::unsigned,top_quartile_mean_absolute_delta,0.08767185754965978,0.0694555107772054,0.13922362808535022,0.10142990504319471,845,845,1155
null,all_alfworld,all,absolute_readout,D_reward_only::decision::unsigned,top_quartile_lift,1.0,0.9999999999999997,1.0000000000000002,1.0,845,845,1155
null,all_alfworld,all,absolute_readout,D_adv_negative_fraction::decision::reward,spearman,-0.17253521126760563,-0.35956520481828064,0.3686597172368688,-0.00017054779020089726,845,845,1155
null,all_alfworld,all,absolute_readout,D_adv_negative_fraction::decision::reward,average_precision,0.4966529483275895,0.36893246556075504,0.7919570358978254,0.5737823231486049,845,845,1155
null,all_alfworld,all,absolute_readout,D_adv_negative_fraction::decision::reward,auroc_large_change_vs_rest,0.2840909090909091,0.23102564102564105,0.6888888888888889,0.46439719058062257,845,845,1155
null,all_alfworld,all,absolute_readout,D_adv_negative_fraction::decision::reward,top_quartile_mean_absolute_delta,0.10440232743797592,0.050342662354931525,0.18133269241004896,0.1124324493694116,845,845,1155
null,all_alfworld,all,absolute_readout,D_adv_negative_fraction::decision::reward,top_quartile_lift,1.190830562462299,0.5316737309341086,1.7189450576917593,1.1149055851898768,845,845,1155
null,all_alfworld,all,absolute_readout,D_adv_negative_fraction::decision::unsigned,spearman,,,,,0,845,1155
null,all_alfworld,all,absolute_readout,D_adv_negative_fraction::decision::unsigned,average_precision,0.5789473684210527,0.3684210526315789,0.7368421052631579,0.5446901276860792,845,845,1155
null,all_alfworld,all,absolute_readout,D_adv_negative_fraction::decision::unsigned,auroc_large_change_vs_rest,0.5,0.5,0.5,0.5,845,845,1155
null,all_alfworld,all,absolute_readout,D_adv_negative_fraction::decision::unsigned,top_quartile_mean_absolute_delta,0.08767185754965978,0.0694555107772054,0.13922362808535022,0.10142990504319471,845,845,1155
null,all_alfworld,all,absolute_readout,D_adv_negative_fraction::decision::unsigned,top_quartile_lift,1.0,0.9999999999999997,1.0000000000000002,1.0,845,845,1155
null,all_alfworld,all,absolute_readout,C_raw::decision::reward,spearman,-0.31283000860241067,-0.46437028201610664,0.22029598351925891,-0.126641079535707,845,845,1155
null,all_alfworld,all,absolute_readout,C_raw::decision::reward,average_precision,0.5775275979610345,0.3439854845446951,0.7597107165656412,0.5535723495456596,845,845,1155
null,all_alfworld,all,absolute_readout,C_raw::decision::reward,auroc_large_change_vs_rest,0.36363636363636365,0.2046037296037296,0.6442857142857142,0.42672709112058227,845,845,1155
null,all_alfworld,all,absolute_readout,C_raw::decision::reward,top_quartile_mean_absolute_delta,0.10996376811594202,0.04870648303309593,0.19556940730837788,0.11617837168227584,845,845,1155
null,all_alfworld,all,absolute_readout,C_raw::decision::reward,top_quartile_lift,1.254265293211741,0.5217985097136526,1.7353320775433199,1.1453269135032838,845,845,1155
null,all_alfworld,all,absolute_readout,C_raw::decision::unsigned,spearman,-0.25131849005699286,-0.43242328038807143,0.19951691686712497,-0.11874944516372446,845,845,1155
null,all_alfworld,all,absolute_readout,C_raw::decision::unsigned,average_precision,0.5329498717656612,0.34670774492320544,0.7255221407094621,0.5317964801406778,845,845,1155
null,all_alfworld,all,absolute_readout,C_raw::decision::unsigned,auroc_large_change_vs_rest,0.375,0.2,0.6555555555555556,0.4353717929013787,845,845,1155
null,all_alfworld,all,absolute_readout,C_raw::decision::unsigned,top_quartile_mean_absolute_delta,0.034963768115942026,0.015502450980392157,0.10551893939393937,0.053388035647283325,845,845,1155
null,all_alfworld,all,absolute_readout,C_raw::decision::unsigned,top_quartile_lift,0.3988026385335519,0.14762237442327059,0.9781296090018055,0.5294482485615439,845,845,1155
null,all_alfworld,all,absolute_readout,C_centered::decision::reward,spearman,-0.029877023293488663,-0.32319625867426977,0.2873853094690412,-0.024746937861234188,845,845,1155
null,all_alfworld,all,absolute_readout,C_centered::decision::reward,average_precision,0.5337398571813151,0.35558304639332117,0.7687999913497481,0.5495888186199538,845,845,1155
null,all_alfworld,all,absolute_readout,C_centered::decision::reward,auroc_large_change_vs_rest,0.36363636363636365,0.26136363636363635,0.6666666666666666,0.45017599428842026,845,845,1155
null,all_alfworld,all,absolute_readout,C_centered::decision::reward,top_quartile_mean_absolute_delta,0.11527189265536723,0.050355524785671846,0.20240804341361876,0.1210153568127381,845,845,1155
null,all_alfworld,all,absolute_readout,C_centered::decision::reward,top_quartile_lift,1.3148106573431961,0.548632089715417,1.7992089543517154,1.1879682258740114,845,845,1155
null,all_alfworld,all,absolute_readout,C_centered::decision::unsigned,spearman,-0.007029887833762038,-0.4284156157982972,0.2886617812713028,-0.06241281990338362,845,845,1155
null,all_alfworld,all,absolute_readout,C_centered::decision::unsigned,average_precision,0.6059519513853879,0.34543156272292985,0.7778296053218653,0.576553954738023,845,845,1155
null,all_alfworld,all,absolute_readout,C_centered::decision::unsigned,auroc_large_change_vs_rest,0.3977272727272727,0.25,0.6587373737373736,0.45056401849301264,845,845,1155
null,all_alfworld,all,absolute_readout,C_centered::decision::unsigned,top_quartile_mean_absolute_delta,0.08369932432432432,0.02250103654568065,0.18889849655531088,0.09221842315217622,845,845,1155
null,all_alfworld,all,absolute_readout,C_centered::decision::unsigned,top_quartile_lift,0.9546886157500962,0.2697760055628055,1.6179790751327894,0.8874501420876926,845,845,1155
null,all_alfworld,all,absolute_readout,C_adv_centered::decision::reward,spearman,0.15290006038432433,-0.1237092641608353,0.5692701690332258,0.22182360161829512,845,845,1155
null,all_alfworld,all,absolute_readout,C_adv_centered::decision::reward,average_precision,0.6307701070858965,0.3929447536590394,0.892195457529104,0.6589537858715131,845,845,1155
null,all_alfworld,all,absolute_readout,C_adv_centered::decision::reward,auroc_large_change_vs_rest,0.5113636363636364,0.35555555555555557,0.8329545454545454,0.5917026727381757,845,845,1155
null,all_alfworld,all,absolute_readout,C_adv_centered::decision::reward,top_quartile_mean_absolute_delta,0.11625,0.055720452260594994,0.24662181568431563,0.1400958048118809,845,845,1155
null,all_alfworld,all,absolute_readout,C_adv_centered::decision::reward,top_quartile_lift,1.3259671147511933,0.6747270499292674,2.07497845922423,1.366479778554636,845,845,1155
null,all_alfworld,all,absolute_readout,C_adv_centered::decision::unsigned,spearman,-0.007029887833762038,-0.4284156157982972,0.2886617812713028,-0.06241281990338362,845,845,1155
null,all_alfworld,all,absolute_readout,C_adv_centered::decision::unsigned,average_precision,0.6059519513853879,0.34543156272292985,0.7778296053218653,0.576553954738023,845,845,1155
null,all_alfworld,all,absolute_readout,C_adv_centered::decision::unsigned,auroc_large_change_vs_rest,0.3977272727272727,0.25,0.6587373737373736,0.45056401849301264,845,845,1155
null,all_alfworld,all,absolute_readout,C_adv_centered::decision::unsigned,top_quartile_mean_absolute_delta,0.08369932432432432,0.02250103654568065,0.18889849655531088,0.09221842315217622,845,845,1155
null,all_alfworld,all,absolute_readout,C_adv_centered::decision::unsigned,top_quartile_lift,0.9546886157500962,0.2697760055628055,1.6179790751327894,0.8874501420876926,845,845,1155
null,all_alfworld,all,absolute_readout,M_delta_raw::decision::magnitude,spearman,0.49384962032178314,-0.21730208923145927,0.5482674889766574,0.16890560531673668,845,845,1155
null,all_alfworld,all,absolute_readout,M_delta_raw::decision::magnitude,average_precision,0.8377640036730946,0.4014522632725032,0.8900308107316269,0.6608402447115056,845,845,1155
null,all_alfworld,all,absolute_readout,M_delta_raw::decision::magnitude,auroc_large_change_vs_rest,0.75,0.3299242424242424,0.8222222222222222,0.5736076875130129,845,845,1155
null,all_alfworld,all,absolute_readout,M_delta_raw::decision::magnitude,top_quartile_mean_absolute_delta,0.09623088998088998,0.030088372093023258,0.20675736327625863,0.10452070094718728,845,845,1155
null,all_alfworld,all,absolute_readout,M_delta_raw::decision::magnitude,top_quartile_lift,1.0976257680679586,0.36275306291948894,1.7255836872861594,1.0086919501544251,845,845,1155
null,all_alfworld,all,absolute_readout,M_delta_centered::decision::magnitude,spearman,0.37785647106470954,-0.22897674917620425,0.5187919371087717,0.15414834850567227,845,845,1155
null,all_alfworld,all,absolute_readout,M_delta_centered::decision::magnitude,average_precision,0.7817180591244761,0.4045012891520245,0.8669252044252044,0.6603164936293815,845,845,1155
null,all_alfworld,all,absolute_readout,M_delta_centered::decision::magnitude,auroc_large_change_vs_rest,0.6590909090909091,0.32857142857142857,0.7995454545454544,0.5683192842660298,845,845,1155
null,all_alfworld,all,absolute_readout,M_delta_centered::decision::magnitude,top_quartile_mean_absolute_delta,0.09481043543543544,0.029640613278319582,0.20152934891905475,0.1007311804778079,845,845,1155
null,all_alfworld,all,absolute_readout,M_delta_centered::decision::magnitude,top_quartile_lift,1.0814238238505687,0.35188557618562805,1.6821486972107218,0.9710727770529181,845,845,1155
null,all_alfworld,all,absolute_readout,M_original_norm::decision::magnitude,spearman,0.13884028471680024,-0.395577480858551,0.3202407661596824,-0.02986122772499008,845,845,1155
null,all_alfworld,all,absolute_readout,M_original_norm::decision::magnitude,average_precision,0.6757846951028769,0.34570324347227543,0.8198856474160117,0.5804966100340564,845,845,1155
null,all_alfworld,all,absolute_readout,M_original_norm::decision::magnitude,auroc_large_change_vs_rest,0.5681818181818182,0.2262987012987013,0.7306089743589743,0.4772884331316284,845,845,1155
null,all_alfworld,all,absolute_readout,M_original_norm::decision::magnitude,top_quartile_mean_absolute_delta,0.05169823232323232,0.015495437708576252,0.16231757100682073,0.07321553772322437,845,845,1155
null,all_alfworld,all,absolute_readout,M_original_norm::decision::magnitude,top_quartile_lift,0.5896787608720279,0.1694663280690768,1.4102123133097584,0.7078332371973739,845,845,1155
null,all_alfworld,all,absolute_readout,M_control_norm::decision::magnitude,spearman,-0.47627490073737805,-0.6121527507358563,0.12479427719936666,-0.25911595462240034,845,845,1155
null,all_alfworld,all,absolute_readout,M_control_norm::decision::magnitude,average_precision,0.4758479644632192,0.31647083075654503,0.7428794101065773,0.5046961337350162,845,845,1155
null,all_alfworld,all,absolute_readout,M_control_norm::decision::magnitude,auroc_large_change_vs_rest,0.22727272727272727,0.14444444444444443,0.5714285714285714,0.3523016135738029,845,845,1155
null,all_alfworld,all,absolute_readout,M_control_norm::decision::magnitude,top_quartile_mean_absolute_delta,0.03473394660894661,0.01944616977225673,0.11298470179014533,0.057170176526235954,845,845,1155
null,all_alfworld,all,absolute_readout,M_control_norm::decision::magnitude,top_quartile_lift,0.3961812556471994,0.20703205987489637,1.0991313295903162,0.5658496357069228,845,845,1155
null,all_alfworld,all,absolute_readout,M_kl::decision::magnitude,spearman,0.22495641068038522,0.10040858422753678,0.7219751738315332,0.4165755883677368,845,845,1155
null,all_alfworld,all,absolute_readout,M_kl::decision::magnitude,average_precision,0.7170221118750529,0.5851650674889839,0.9467594905094906,0.7717257582424994,845,845,1155
null,all_alfworld,all,absolute_readout,M_kl::decision::magnitude,auroc_large_change_vs_rest,0.625,0.5,0.8924603174603174,0.701791666584566,845,845,1155
null,all_alfworld,all,absolute_readout,M_kl::decision::magnitude,top_quartile_mean_absolute_delta,0.16198412698412698,0.10781935817805383,0.2653462418300654,0.18613350332635692,845,845,1155
null,all_alfworld,all,absolute_readout,M_kl::decision::magnitude,top_quartile_lift,1.8476182838076023,1.1768949335866277,2.4990274226361002,1.850620629376859,845,845,1155
null,all_alfworld,all,absolute_readout,M_js::decision::magnitude,spearman,0.18277708367781298,0.08209510160124919,0.7009698982339707,0.3902022084700786,845,845,1155
null,all_alfworld,all,absolute_readout,M_js::decision::magnitude,average_precision,0.7033857482386893,0.5765147848081285,0.9458672527868955,0.7637670064996726,845,845,1155
null,all_alfworld,all,absolute_readout,M_js::decision::magnitude,auroc_large_change_vs_rest,0.6136363636363636,0.5,0.8806349206349205,0.6895801355120883,845,845,1155
null,all_alfworld,all,absolute_readout,M_js::decision::magnitude,top_quartile_mean_absolute_delta,0.16487987987987987,0.11071373214907697,0.26635933326819095,0.1882971506351963,845,845,1155
null,all_alfworld,all,absolute_readout,M_js::decision::magnitude,top_quartile_lift,1.880647729934173,1.1727839315114543,2.4914410403546685,1.8739935754467065,845,845,1155
null,all_alfworld,all,absolute_readout,M_action_abs::decision::magnitude,spearman,0.25483343397387387,0.02126843347271358,0.6879968776861641,0.3489231650496388,845,845,1155
null,all_alfworld,all,absolute_readout,M_action_abs::decision::magnitude,average_precision,0.700134076449866,0.5124571172092318,0.9277050429327758,0.7348063724674719,845,845,1155
null,all_alfworld,all,absolute_readout,M_action_abs::decision::magnitude,auroc_large_change_vs_rest,0.6363636363636364,0.4444444444444444,0.8806349206349205,0.6605390024177006,845,845,1155
null,all_alfworld,all,absolute_readout,M_action_abs::decision::magnitude,top_quartile_mean_absolute_delta,0.1819632132132132,0.11252813128979457,0.2728479573353889,0.192418815942473,845,845,1155
null,all_alfworld,all,absolute_readout,M_action_abs::decision::magnitude,top_quartile_lift,2.07550311238865,1.2583130607469875,2.5858009942999676,1.9168168631448546,845,845,1155
null,all_alfworld,all,absolute_readout,D_original::game::reward,spearman,-0.31985989643617274,-0.6763421709548857,0.028628115536027166,-0.3011171301421853,845,845,1155
null,all_alfworld,all,absolute_readout,D_original::game::reward,average_precision,0.46084629946155414,0.3043145859742498,0.7837587384358722,0.5334186604115967,845,845,1155
null,all_alfworld,all,absolute_readout,D_original::game::reward,auroc_large_change_vs_rest,0.18181818181818182,0.11363636363636363,0.6102272727272726,0.35194725885554284,845,845,1155
null,all_alfworld,all,absolute_readout,D_original::game::reward,top_quartile_mean_absolute_delta,0.04267045454545455,0.01604327429536408,0.12414862914862912,0.06080477891409801,845,845,1155
null,all_alfworld,all,absolute_readout,D_original::game::reward,top_quartile_lift,0.4867064042903941,0.17521435313940292,1.1007217091127415,0.5950471775325301,845,845,1155
null,all_alfworld,all,absolute_readout,D_original::game::unsigned,spearman,-0.23550124243102827,-0.5851867126419832,0.10780824191625205,-0.23635942236068813,845,845,1155
null,all_alfworld,all,absolute_readout,D_original::game::unsigned,average_precision,0.5688211899899206,0.3240867211349023,0.7417847780137697,0.5297478782707198,845,845,1155
null,all_alfworld,all,absolute_readout,D_original::game::unsigned,auroc_large_change_vs_rest,0.38636363636363635,0.15384615384615385,0.6111111111111112,0.3743296939746644,845,845,1155
null,all_alfworld,all,absolute_readout,D_original::game::unsigned,top_quartile_mean_absolute_delta,0.032670454545454544,0.005579072498948584,0.1007079023472466,0.04116627585338239,845,845,1155
null,all_alfworld,all,absolute_readout,D_original::game::unsigned,top_quartile_lift,0.37264471699996876,0.05718876903302088,0.9299104889076858,0.40042979086101427,845,845,1155
null,all_alfworld,all,absolute_readout,D_centered_gate::game::reward,spearman,-0.31985989643617274,-0.6763421709548857,0.028628115536027166,-0.3011171301421853,845,845,1155
null,all_alfworld,all,absolute_readout,D_centered_gate::game::reward,average_precision,0.46084629946155414,0.3043145859742498,0.7837587384358722,0.5334186604115967,845,845,1155
null,all_alfworld,all,absolute_readout,D_centered_gate::game::reward,auroc_large_change_vs_rest,0.18181818181818182,0.11363636363636363,0.6102272727272726,0.35194725885554284,845,845,1155
null,all_alfworld,all,absolute_readout,D_centered_gate::game::reward,top_quartile_mean_absolute_delta,0.04267045454545455,0.01604327429536408,0.12414862914862912,0.06080477891409801,845,845,1155
null,all_alfworld,all,absolute_readout,D_centered_gate::game::reward,top_quartile_lift,0.4867064042903941,0.17521435313940292,1.1007217091127415,0.5950471775325301,845,845,1155
null,all_alfworld,all,absolute_readout,D_centered_gate::game::unsigned,spearman,-0.23550124243102827,-0.5851867126419832,0.10780824191625205,-0.23635942236068813,845,845,1155
null,all_alfworld,all,absolute_readout,D_centered_gate::game::unsigned,average_precision,0.5688211899899206,0.3240867211349023,0.7417847780137697,0.5297478782707198,845,845,1155
null,all_alfworld,all,absolute_readout,D_centered_gate::game::unsigned,auroc_large_change_vs_rest,0.38636363636363635,0.15384615384615385,0.6111111111111112,0.3743296939746644,845,845,1155
null,all_alfworld,all,absolute_readout,D_centered_gate::game::unsigned,top_quartile_mean_absolute_delta,0.032670454545454544,0.005579072498948584,0.1007079023472466,0.04116627585338239,845,845,1155
null,all_alfworld,all,absolute_readout,D_centered_gate::game::unsigned,top_quartile_lift,0.37264471699996876,0.05718876903302088,0.9299104889076858,0.40042979086101427,845,845,1155
null,all_alfworld,all,absolute_readout,D_ungated::game::reward,spearman,-0.14235522863368127,-0.5878169776933184,0.16810194801192851,-0.20286140906054043,845,845,1155
null,all_alfworld,all,absolute_readout,D_ungated::game::reward,average_precision,0.5594900799235165,0.32492357509191877,0.796832644873473,0.5696084470742007,845,845,1155
null,all_alfworld,all,absolute_readout,D_ungated::game::reward,auroc_large_change_vs_rest,0.29545454545454547,0.16704545454545455,0.6444444444444445,0.40710340120103433,845,845,1155
null,all_alfworld,all,absolute_readout,D_ungated::game::reward,top_quartile_mean_absolute_delta,0.06625,0.01417361111111111,0.18143434343434345,0.08361115832934113,845,845,1155
null,all_alfworld,all,absolute_readout,D_ungated::game::reward,top_quartile_lift,0.7556586782990672,0.17370304984539736,1.5097595022761297,0.8002533151591805,845,845,1155
null,all_alfworld,all,absolute_readout,D_ungated::game::unsigned,spearman,0.11775062121551413,-0.4819430024388274,0.27665888395918375,-0.0932594026361271,845,845,1155
null,all_alfworld,all,absolute_readout,D_ungated::game::unsigned,average_precision,0.7038820515882154,0.3613540829547988,0.8155014996429193,0.6169161501636111,845,845,1155
null,all_alfworld,all,absolute_readout,D_ungated::game::unsigned,auroc_large_change_vs_rest,0.45454545454545453,0.21794871794871795,0.6666666666666666,0.4441553548358282,845,845,1155
null,all_alfworld,all,absolute_readout,D_ungated::game::unsigned,top_quartile_mean_absolute_delta,0.14900866775866775,0.07461865700853615,0.25477734178126576,0.15124254550207797,845,845,1155
null,all_alfworld,all,absolute_readout,D_ungated::game::unsigned,top_quartile_lift,1.699618006545203,0.8497416433934385,2.171421406442768,1.482933922386647,845,845,1155
null,all_alfworld,all,absolute_readout,D_signed::game::reward,spearman,-0.26713573768295745,-0.4772549013234179,0.2207488549754159,-0.13210358380661782,845,845,1155
null,all_alfworld,all,absolute_readout,D_signed::game::reward,average_precision,0.5377396081730447,0.34212066624895576,0.8400374327651654,0.5895071035577287,845,845,1155
null,all_alfworld,all,absolute_readout,D_signed::game::reward,auroc_large_change_vs_rest,0.2727272727272727,0.2046037296037296,0.6569841269841269,0.4347792050158914,845,845,1155
null,all_alfworld,all,absolute_readout,D_signed::game::reward,top_quartile_mean_absolute_delta,0.04928571428571428,0.02377263177998472,0.15422175631386156,0.07949735458848445,845,845,1155
null,all_alfworld,all,absolute_readout,D_signed::game::reward,top_quartile_lift,0.5621611730742385,0.2688363125462485,1.4023710644359744,0.7778409703395784,845,845,1155
null,all_alfworld,all,absolute_readout,D_signed::game::unsigned,spearman,-0.34797944777122086,-0.6260902352577189,0.06309324330801425,-0.286541334171631,845,845,1155
null,all_alfworld,all,absolute_readout,D_signed::game::unsigned,average_precision,0.5287985492319858,0.30467501972111377,0.7698392968648534,0.5465930470007087,845,845,1155
null,all_alfworld,all,absolute_readout,D_signed::game::unsigned,auroc_large_change_vs_rest,0.23863636363636365,0.13363636363636364,0.6071428571428571,0.36412854239777315,845,845,1155
null,all_alfworld,all,absolute_readout,D_signed::game::unsigned,top_quartile_mean_absolute_delta,0.04928571428571428,0.017297847985347985,0.14202651515151513,0.0675657971323527,845,845,1155
null,all_alfworld,all,absolute_readout,D_signed::game::unsigned,top_quartile_lift,0.5621611730742385,0.18473332071917462,1.246516260613669,0.6582697136687294,845,845,1155
null,all_alfworld,all,absolute_readout,D_signed_gate::game::reward,spearman,0.10193337358954956,-0.40382444354961833,0.24510752688689708,-0.06165507938097572,845,845,1155
null,all_alfworld,all,absolute_readout,D_signed_gate::game::reward,average_precision,0.6050354881694595,0.37993222877268934,0.7400971712448935,0.5638256230049339,845,845,1155
null,all_alfworld,all,absolute_readout,D_signed_gate::game::reward,auroc_large_change_vs_rest,0.5,0.25,0.6818181818181818,0.4718376922223076,845,845,1155
null,all_alfworld,all,absolute_readout,D_signed_gate::game::reward,top_quartile_mean_absolute_delta,0.12847222222222224,0.05924505834722552,0.22886487638533673,0.13012952058958066,845,845,1155
null,all_alfworld,all,absolute_readout,D_signed_gate::game::reward,top_quartile_lift,1.4653758436617133,0.6358620921359991,1.9381125854756438,1.2737279803111934,845,845,1155
null,all_alfworld,all,absolute_readout,D_signed_gate::game::unsigned,spearman,-0.09138854183890649,-0.34885170292046513,0.26207105828659916,-0.041955385358615815,845,845,1155
null,all_alfworld,all,absolute_readout,D_signed_gate::game::unsigned,average_precision,0.539762748431479,0.3566690263318552,0.7607017008332797,0.553962733552195,845,845,1155
null,all_alfworld,all,absolute_readout,D_signed_gate::game::unsigned,auroc_large_change_vs_rest,0.42045454545454547,0.25555555555555554,0.7139682539682539,0.4894212247318756,845,845,1155
null,all_alfworld,all,absolute_readout,D_signed_gate::game::unsigned,top_quartile_mean_absolute_delta,0.047619047619047616,0.01594729998262607,0.1362266483516483,0.06444216680443708,845,845,1155
null,all_alfworld,all,absolute_readout,D_signed_gate::game::unsigned,top_quartile_lift,0.5431508918591678,0.16961616291200207,1.2099680331764242,0.6295519569302954,845,845,1155
null,all_alfworld,all,absolute_readout,D_sign_balance::game::reward,spearman,-0.35676680756342344,-0.6150411451643207,0.10649031796012984,-0.2681502619841236,845,845,1155
null,all_alfworld,all,absolute_readout,D_sign_balance::game::reward,average_precision,0.4701385594891082,0.32028458566287515,0.75796465909309,0.5364150395561376,845,845,1155
null,all_alfworld,all,absolute_readout,D_sign_balance::game::reward,auroc_large_change_vs_rest,0.22727272727272727,0.14477272727272728,0.6111111111111112,0.3777432363822896,845,845,1155
null,all_alfworld,all,absolute_readout,D_sign_balance::game::reward,top_quartile_mean_absolute_delta,0.038125,0.011289915966386553,0.1143731660496366,0.05378445242077392,845,845,1155
null,all_alfworld,all,absolute_readout,D_sign_balance::game::reward,top_quartile_lift,0.43486018279474614,0.12370561464653287,1.035750188200837,0.524533496023685,845,845,1155
null,all_alfworld,all,absolute_readout,D_sign_balance::game::unsigned,spearman,-0.21441157892974216,-0.5638448790376985,0.1454209531082343,-0.21046576962756833,845,845,1155
null,all_alfworld,all,absolute_readout,D_sign_balance::game::unsigned,average_precision,0.5224437928772293,0.32267768780926676,0.8013862908567003,0.5580850562654961,845,845,1155
null,all_alfworld,all,absolute_readout,D_sign_balance::game::unsigned,auroc_large_change_vs_rest,0.29545454545454547,0.16704545454545455,0.636060606060606,0.3909128806761943,845,845,1155
null,all_alfworld,all,absolute_readout,D_sign_balance::game::unsigned,top_quartile_mean_absolute_delta,0.05241071428571429,0.020604921394395077,0.14690979743940266,0.07079660315629743,845,845,1155
null,all_alfworld,all,absolute_readout,D_sign_balance::game::unsigned,top_quartile_lift,0.5978054503524965,0.22137521559441078,1.264556575416291,0.6911642220760674,845,845,1155
null,all_alfworld,all,absolute_readout,D_negative_fraction::game::reward,spearman,-0.19507938738689656,-0.630124989755096,0.07841485780083278,-0.27044706370816135,845,845,1155
null,all_alfworld,all,absolute_readout,D_negative_fraction::game::reward,average_precision,0.48955698271769194,0.3192980599337023,0.7514630346065551,0.5341569440673026,845,845,1155
null,all_alfworld,all,absolute_readout,D_negative_fraction::game::reward,auroc_large_change_vs_rest,0.26136363636363635,0.14285714285714285,0.6022727272727273,0.3697622742149369,845,845,1155
null,all_alfworld,all,absolute_readout,D_negative_fraction::game::reward,top_quartile_mean_absolute_delta,0.06770833333333334,0.006256578947368421,0.16745454545454538,0.07178677656923849,845,845,1155
null,all_alfworld,all,absolute_readout,D_negative_fraction::game::reward,top_quartile_lift,0.7722926743622542,0.07515391372302561,1.4129797496572005,0.6848588101572355,845,845,1155
null,all_alfworld,all,absolute_readout,D_negative_fraction::game::unsigned,spearman,0.017574719584405096,-0.5706760691953517,0.17430941326092622,-0.18685272368458297,845,845,1155
null,all_alfworld,all,absolute_readout,D_negative_fraction::game::unsigned,average_precision,0.6526691231025598,0.3315279195348855,0.7567001164866727,0.5668510029187571,845,845,1155
null,all_alfworld,all,absolute_readout,D_negative_fraction::game::unsigned,auroc_large_change_vs_rest,0.4318181818181818,0.17777777777777778,0.6222222222222222,0.40418519678874704,845,845,1155
null,all_alfworld,all,absolute_readout,D_negative_fraction::game::unsigned,top_quartile_mean_absolute_delta,0.08369932432432432,0.01633766233766234,0.18353232758620683,0.08587947498841168,845,845,1155
null,all_alfworld,all,absolute_readout,D_negative_fraction::game::unsigned,top_quartile_lift,0.9546886157500962,0.20713103434813607,1.5415393864695919,0.823551070723844,845,845,1155
null,all_alfworld,all,absolute_readout,D_adv::game::reward,spearman,0.2214414667635042,-0.17527224567266603,0.49372536565187364,0.17434993296909382,845,845,1155
null,all_alfworld,all,absolute_readout,D_adv::game::reward,average_precision,0.5871465143981328,0.40683052685079807,0.8409885087685498,0.6302707112509854,845,845,1155
null,all_alfworld,all,absolute_readout,D_adv::game::reward,auroc_large_change_vs_rest,0.4772727272727273,0.3522727272727273,0.7727272727272727,0.5580763812124759,845,845,1155
null,all_alfworld,all,absolute_readout,D_adv::game::reward,top_quartile_mean_absolute_delta,0.18159722222222222,0.10018441099962838,0.284654356060606,0.18350602493230062,845,845,1155
null,all_alfworld,all,absolute_readout,D_adv::game::reward,top_quartile_lift,2.0713285573920968,1.1786085182901611,2.4848906098699537,1.8089498807501379,845,845,1155
null,all_alfworld,all,absolute_readout,D_adv::game::unsigned,spearman,-0.34797944777122086,-0.6260902352577189,0.06309324330801425,-0.286541334171631,845,845,1155
null,all_alfworld,all,absolute_readout,D_adv::game::unsigned,average_precision,0.5287985492319858,0.30467501972111377,0.7698392968648534,0.5465930470007087,845,845,1155
null,all_alfworld,all,absolute_readout,D_adv::game::unsigned,auroc_large_change_vs_rest,0.23863636363636365,0.13363636363636364,0.6071428571428571,0.36412854239777315,845,845,1155
null,all_alfworld,all,absolute_readout,D_adv::game::unsigned,top_quartile_mean_absolute_delta,0.04928571428571428,0.017297847985347985,0.14202651515151513,0.0675657971323527,845,845,1155
null,all_alfworld,all,absolute_readout,D_adv::game::unsigned,top_quartile_lift,0.5621611730742385,0.18473332071917462,1.246516260613669,0.6582697136687294,845,845,1155
null,all_alfworld,all,absolute_readout,D_adv_gate::game::reward,spearman,0.16168742017652687,-0.20533713104813614,0.5127408236606219,0.15566926864136182,845,845,1155
null,all_alfworld,all,absolute_readout,D_adv_gate::game::reward,average_precision,0.6522447109134415,0.4181342588654895,0.8838216486815559,0.6654017294830871,845,845,1155
null,all_alfworld,all,absolute_readout,D_adv_gate::game::reward,auroc_large_change_vs_rest,0.48863636363636365,0.3215079365079365,0.785551948051948,0.5536506951299851,845,845,1155
null,all_alfworld,all,absolute_readout,D_adv_gate::game::reward,top_quartile_mean_absolute_delta,0.12779654654654654,0.07322962544701675,0.23774679487179481,0.1424998447329694,845,845,1155
null,all_alfworld,all,absolute_readout,D_adv_gate::game::reward,top_quartile_lift,1.4576689728988463,0.7982136139819535,2.0963318921164076,1.4090964125937502,845,845,1155
null,all_alfworld,all,absolute_readout,D_adv_gate::game::unsigned,spearman,-0.09138854183890649,-0.34885170292046513,0.26207105828659916,-0.041955385358615815,845,845,1155
null,all_alfworld,all,absolute_readout,D_adv_gate::game::unsigned,average_precision,0.539762748431479,0.3566690263318552,0.7607017008332797,0.553962733552195,845,845,1155
null,all_alfworld,all,absolute_readout,D_adv_gate::game::unsigned,auroc_large_change_vs_rest,0.42045454545454547,0.25555555555555554,0.7139682539682539,0.4894212247318756,845,845,1155
null,all_alfworld,all,absolute_readout,D_adv_gate::game::unsigned,top_quartile_mean_absolute_delta,0.047619047619047616,0.01594729998262607,0.1362266483516483,0.06444216680443708,845,845,1155
null,all_alfworld,all,absolute_readout,D_adv_gate::game::unsigned,top_quartile_lift,0.5431508918591678,0.16961616291200207,1.2099680331764242,0.6295519569302954,845,845,1155
null,all_alfworld,all,absolute_readout,D_sqrtadv::game::reward,spearman,0.11423567729863311,-0.2911686108414363,0.4253516151323075,0.0908400947918051,845,845,1155
null,all_alfworld,all,absolute_readout,D_sqrtadv::game::reward,average_precision,0.5651510855845221,0.37962006732517567,0.8900844855179221,0.6323203350826309,845,845,1155
null,all_alfworld,all,absolute_readout,D_sqrtadv::game::reward,auroc_large_change_vs_rest,0.4318181818181818,0.2782051282051282,0.7618506493506493,0.5363293478382236,845,845,1155
null,all_alfworld,all,absolute_readout,D_sqrtadv::game::reward,top_quartile_mean_absolute_delta,0.0805357142857143,0.023729153199741435,0.21124810606060604,0.10062330906486465,845,845,1155
null,all_alfworld,all,absolute_readout,D_sqrtadv::game::reward,top_quartile_lift,0.9186039458568175,0.289318008533732,1.7036466115963385,0.966884041211563,845,845,1155
null,all_alfworld,all,absolute_readout,D_sqrtadv::game::unsigned,spearman,-0.34797944777122086,-0.6260902352577189,0.06309324330801425,-0.286541334171631,845,845,1155
null,all_alfworld,all,absolute_readout,D_sqrtadv::game::unsigned,average_precision,0.5287985492319858,0.30467501972111377,0.7698392968648534,0.5465930470007087,845,845,1155
null,all_alfworld,all,absolute_readout,D_sqrtadv::game::unsigned,auroc_large_change_vs_rest,0.23863636363636365,0.13363636363636364,0.6071428571428571,0.36412854239777315,845,845,1155
null,all_alfworld,all,absolute_readout,D_sqrtadv::game::unsigned,top_quartile_mean_absolute_delta,0.04928571428571428,0.017297847985347985,0.14202651515151513,0.0675657971323527,845,845,1155
null,all_alfworld,all,absolute_readout,D_sqrtadv::game::unsigned,top_quartile_lift,0.5621611730742385,0.18473332071917462,1.246516260613669,0.6582697136687294,845,845,1155
null,all_alfworld,all,absolute_readout,D_work::game::reward,spearman,-0.04393679896101274,-0.15706766369606823,0.5411805615223054,0.21952149729421488,845,845,1155
null,all_alfworld,all,absolute_readout,D_work::game::reward,average_precision,0.5446604650939015,0.41593930471832946,0.8915141772572113,0.6436696574751201,845,845,1155
null,all_alfworld,all,absolute_readout,D_work::game::reward,auroc_large_change_vs_rest,0.3977272727272727,0.35779220779220783,0.8,0.5749767146068921,845,845,1155
null,all_alfworld,all,absolute_readout,D_work::game::reward,top_quartile_mean_absolute_delta,0.17154654654654652,0.10584425566959997,0.25346866681996183,0.17857161699921448,845,845,1155
null,all_alfworld,all,absolute_readout,D_work::game::reward,top_quartile_lift,1.9566888547944565,1.098080070459781,2.457817523187436,1.780259821356505,845,845,1155
null,all_alfworld,all,absolute_readout,D_work::game::unsigned,spearman,-0.03866438308569121,-0.36179870300056427,0.3464731429157259,0.005718034335552623,845,845,1155
null,all_alfworld,all,absolute_readout,D_work::game::unsigned,average_precision,0.5670923632610939,0.36847263569835165,0.8749695419103314,0.6149653097919029,845,845,1155
null,all_alfworld,all,absolute_readout,D_work::game::unsigned,auroc_large_change_vs_rest,0.45454545454545453,0.27420634920634923,0.7430944055944055,0.5150676690173731,845,845,1155
null,all_alfworld,all,absolute_readout,D_work::game::unsigned,top_quartile_mean_absolute_delta,0.07986003861003861,0.03326625386996904,0.199921502474134,0.1010620757521216,845,845,1155
null,all_alfworld,all,absolute_readout,D_work::game::unsigned,top_quartile_lift,0.9108970750939509,0.36540726207849733,1.7071987674282585,0.9826812168232707,845,845,1155
null,all_alfworld,all,absolute_readout,D_work_gate::game::reward,spearman,0.08611612596358496,-0.09819044116143139,0.5839701566690281,0.24136061470528983,845,845,1155
null,all_alfworld,all,absolute_readout,D_work_gate::game::reward,average_precision,0.7184079668494247,0.49710021896747897,0.8845263791219672,0.7281070568043891,845,845,1155
null,all_alfworld,all,absolute_readout,D_work_gate::game::reward,auroc_large_change_vs_rest,0.5,0.3522727272727273,0.8213369963369963,0.5798078006805818,845,845,1155
null,all_alfworld,all,absolute_readout,D_work_gate::game::reward,top_quartile_mean_absolute_delta,0.17734364799582192,0.11558883181152534,0.26765369419852175,0.18923525058017143,845,845,1155
null,all_alfworld,all,absolute_readout,D_work_gate::game::reward,top_quartile_lift,2.0228115720642688,1.1953638935999487,2.5488685643895144,1.8857644509342715,845,845,1155
null,all_alfworld,all,absolute_readout,D_work_gate::game::unsigned,spearman,-0.06854140637917987,-0.21399089876349267,0.49169397984348184,0.13395565299569848,845,845,1155
null,all_alfworld,all,absolute_readout,D_work_gate::game::unsigned,average_precision,0.5916078804236699,0.3824310403986156,0.8996969185784974,0.6443254732043036,845,845,1155
null,all_alfworld,all,absolute_readout,D_work_gate::game::unsigned,auroc_large_change_vs_rest,0.4431818181818182,0.3333333333333333,0.785551948051948,0.5529926927116277,845,845,1155
null,all_alfworld,all,absolute_readout,D_work_gate::game::unsigned,top_quartile_mean_absolute_delta,0.059721149721149724,0.035640558397271954,0.1446233488733488,0.0828562693090059,845,845,1155
null,all_alfworld,all,absolute_readout,D_work_gate::game::unsigned,top_quartile_lift,0.6811895104118445,0.3686082605716415,1.3510510924429349,0.8215885956095113,845,845,1155
null,all_alfworld,all,absolute_readout,D_cos_raw::game::reward,spearman,-0.23550124243102827,-0.4338407275214283,0.20738712159144526,-0.13785029182246558,845,845,1155
null,all_alfworld,all,absolute_readout,D_cos_raw::game::reward,average_precision,0.4880029811636904,0.3386009506704166,0.8238852933106469,0.5739258274090936,845,845,1155
null,all_alfworld,all,absolute_readout,D_cos_raw::game::reward,auroc_large_change_vs_rest,0.29545454545454547,0.22727272727272727,0.6553846153846153,0.4308682195516515,845,845,1155
null,all_alfworld,all,absolute_readout,D_cos_raw::game::reward,top_quartile_mean_absolute_delta,0.05241071428571429,0.020604921394395077,0.14690979743940266,0.07079660315629743,845,845,1155
null,all_alfworld,all,absolute_readout,D_cos_raw::game::reward,top_quartile_lift,0.5978054503524965,0.22137521559441078,1.264556575416291,0.6911642220760674,845,845,1155
null,all_alfworld,all,absolute_readout,D_cos_raw::game::unsigned,spearman,-0.4956070922802237,-0.6335191550978642,0.06864745333820522,-0.3075720901489326,845,845,1155
null,all_alfworld,all,absolute_readout,D_cos_raw::game::unsigned,average_precision,0.4410327796480344,0.31412443745440755,0.7250227265485999,0.5146127667571152,845,845,1155
null,all_alfworld,all,absolute_readout,D_cos_raw::game::unsigned,auroc_large_change_vs_rest,0.17045454545454544,0.11904761904761904,0.5883333333333333,0.3490252860223274,845,845,1155
null,all_alfworld,all,absolute_readout,D_cos_raw::game::unsigned,top_quartile_mean_absolute_delta,0.02741071428571428,0.015054029304029303,0.09502871148459383,0.046220407983948414,845,845,1155
null,all_alfworld,all,absolute_readout,D_cos_raw::game::unsigned,top_quartile_lift,0.31265123212643336,0.15104490712668625,0.893580078662587,0.45804169249508514,845,845,1155
null,all_alfworld,all,absolute_readout,D_cos_centered::game::reward,spearman,-0.1282954529661572,-0.3872302217167041,0.25742978455008514,-0.070267679638447,845,845,1155
null,all_alfworld,all,absolute_readout,D_cos_centered::game::reward,average_precision,0.506860675756679,0.3404366660171613,0.8322719963299428,0.585666117041462,845,845,1155
null,all_alfworld,all,absolute_readout,D_cos_centered::game::reward,auroc_large_change_vs_rest,0.3181818181818182,0.25,0.6904761904761905,0.4649062853648653,845,845,1155
null,all_alfworld,all,absolute_readout,D_cos_centered::game::reward,top_quartile_mean_absolute_delta,0.05241071428571429,0.020604921394395077,0.14690979743940266,0.07079660315629743,845,845,1155
null,all_alfworld,all,absolute_readout,D_cos_centered::game::reward,top_quartile_lift,0.5978054503524965,0.22137521559441078,1.264556575416291,0.6911642220760674,845,845,1155
null,all_alfworld,all,absolute_readout,D_cos_centered::game::unsigned,spearman,-0.33391967210369683,-0.5997682995684658,0.09928598423129681,-0.26437038559385556,845,845,1155
null,all_alfworld,all,absolute_readout,D_cos_centered::game::unsigned,average_precision,0.4884020770173317,0.32020986055138534,0.7689988761800503,0.5404678856472692,845,845,1155
null,all_alfworld,all,absolute_readout,D_cos_centered::game::unsigned,auroc_large_change_vs_rest,0.23863636363636365,0.13333333333333333,0.6153846153846154,0.37265355945829315,845,845,1155
null,all_alfworld,all,absolute_readout,D_cos_centered::game::unsigned,top_quartile_mean_absolute_delta,0.04928571428571428,0.017297847985347985,0.14202651515151513,0.0675657971323527,845,845,1155
null,all_alfworld,all,absolute_readout,D_cos_centered::game::unsigned,top_quartile_lift,0.5621611730742385,0.18473332071917462,1.246516260613669,0.6582697136687294,845,845,1155
null,all_alfworld,all,absolute_readout,D_cos_centered_gate::game::reward,spearman,0.07029887833762039,-0.36417950148589245,0.22133420303165524,-0.07028731833058002,845,845,1155
null,all_alfworld,all,absolute_readout,D_cos_centered_gate::game::reward,average_precision,0.5527255432124556,0.358355190507377,0.7763466906330684,0.5710456605871689,845,845,1155
null,all_alfworld,all,absolute_readout,D_cos_centered_gate::game::reward,auroc_large_change_vs_rest,0.4659090909090909,0.24293040293040294,0.7045454545454546,0.47147388443246435,845,845,1155
null,all_alfworld,all,absolute_readout,D_cos_centered_gate::game::reward,top_quartile_mean_absolute_delta,0.09888888888888889,0.053208020050125315,0.18640918472652218,0.1121271964411161,845,845,1155
null,all_alfworld,all,absolute_readout,D_cos_centered_gate::game::reward,top_quartile_lift,1.127943352094205,0.5588638579391773,1.7273353595756722,1.1134026661776428,845,845,1155
null,all_alfworld,all,absolute_readout,D_cos_centered_gate::game::unsigned,spearman,-0.06151151854541783,-0.35671934313758596,0.2687700167476139,-0.03435478777257781,845,845,1155
null,all_alfworld,all,absolute_readout,D_cos_centered_gate::game::unsigned,average_precision,0.5513164799049967,0.34984275318979263,0.7682912860664056,0.5569964449508056,845,845,1155
null,all_alfworld,all,absolute_readout,D_cos_centered_gate::game::unsigned,auroc_large_change_vs_rest,0.4431818181818182,0.2561904761904762,0.7159090909090909,0.4981000393426429,845,845,1155
null,all_alfworld,all,absolute_readout,D_cos_centered_gate::game::unsigned,top_quartile_mean_absolute_delta,0.06174948240165631,0.01887427695143656,0.14347106481481478,0.06850389707732786,845,845,1155
null,all_alfworld,all,absolute_readout,D_cos_centered_gate::game::unsigned,top_quartile_lift,0.7043250152043338,0.205878291897448,1.2453484817311904,0.6700405891562943,845,845,1155
null,all_alfworld,all,absolute_readout,D_cos_adv::game::reward,spearman,0.06502646246229885,-0.25947605782917715,0.42875413228810394,0.09103255161821817,845,845,1155
null,all_alfworld,all,absolute_readout,D_cos_adv::game::reward,average_precision,0.5491503379661274,0.37968019005847947,0.8224596823046071,0.6057572315745128,845,845,1155
null,all_alfworld,all,absolute_readout,D_cos_adv::game::reward,auroc_large_change_vs_rest,0.4090909090909091,0.3,0.7386363636363636,0.5152277833934639,845,845,1155
null,all_alfworld,all,absolute_readout,D_cos_adv::game::reward,top_quartile_mean_absolute_delta,0.11770833333333335,0.052395833333333336,0.24219188797313787,0.13386403234414548,845,845,1155
null,all_alfworld,all,absolute_readout,D_cos_adv::game::reward,top_quartile_lift,1.3426011108143805,0.5887142289496685,2.0423151688159016,1.3067574588596909,845,845,1155
null,all_alfworld,all,absolute_readout,D_cos_adv::game::unsigned,spearman,-0.33391967210369683,-0.5997682995684658,0.09928598423129681,-0.26437038559385556,845,845,1155
null,all_alfworld,all,absolute_readout,D_cos_adv::game::unsigned,average_precision,0.4884020770173317,0.32020986055138534,0.7689988761800503,0.5404678856472692,845,845,1155
null,all_alfworld,all,absolute_readout,D_cos_adv::game::unsigned,auroc_large_change_vs_rest,0.23863636363636365,0.13333333333333333,0.6153846153846154,0.37265355945829315,845,845,1155
null,all_alfworld,all,absolute_readout,D_cos_adv::game::unsigned,top_quartile_mean_absolute_delta,0.04928571428571428,0.017297847985347985,0.14202651515151513,0.0675657971323527,845,845,1155
null,all_alfworld,all,absolute_readout,D_cos_adv::game::unsigned,top_quartile_lift,0.5621611730742385,0.18473332071917462,1.246516260613669,0.6582697136687294,845,845,1155
null,all_alfworld,all,absolute_readout,D_cos_negative::game::reward,spearman,-0.19859433130377757,-0.5920142995584708,0.1435854590045895,-0.2167508542425588,845,845,1155
null,all_alfworld,all,absolute_readout,D_cos_negative::game::reward,average_precision,0.4962866167200533,0.3195750133724205,0.7844897585000138,0.5532384135003421,845,845,1155
null,all_alfworld,all,absolute_readout,D_cos_negative::game::reward,auroc_large_change_vs_rest,0.2727272727272727,0.15733766233766233,0.6477272727272727,0.40227819846163043,845,845,1155
null,all_alfworld,all,absolute_readout,D_cos_negative::game::reward,top_quartile_mean_absolute_delta,0.06625,0.01417361111111111,0.18143434343434345,0.08361115832934113,845,845,1155
null,all_alfworld,all,absolute_readout,D_cos_negative::game::reward,top_quartile_lift,0.7556586782990672,0.17370304984539736,1.5097595022761297,0.8002533151591805,845,845,1155
null,all_alfworld,all,absolute_readout,D_cos_negative::game::unsigned,spearman,0.09490348575578751,-0.4740134100769454,0.261340291723255,-0.09392642438242371,845,845,1155
null,all_alfworld,all,absolute_readout,D_cos_negative::game::unsigned,average_precision,0.7008517485579123,0.3642045647850602,0.8155014996429193,0.6172541377443959,845,845,1155
null,all_alfworld,all,absolute_readout,D_cos_negative::game::unsigned,auroc_large_change_vs_rest,0.4431818181818182,0.2222222222222222,0.6666666666666666,0.4410848044132068,845,845,1155
null,all_alfworld,all,absolute_readout,D_cos_negative::game::unsigned,top_quartile_mean_absolute_delta,0.14900866775866775,0.07461865700853615,0.25477734178126576,0.15124254550207797,845,845,1155
null,all_alfworld,all,absolute_readout,D_cos_negative::game::unsigned,top_quartile_lift,1.699618006545203,0.8497416433934385,2.171421406442768,1.482933922386647,845,845,1155
null,all_alfworld,all,absolute_readout,D_soft::game::reward,spearman,0.02636207937660764,-0.3046017524433566,0.3375683712150912,0.012852341180419637,845,845,1155
null,all_alfworld,all,absolute_readout,D_soft::game::reward,average_precision,0.6549711511398818,0.48008826028417745,0.7694938133516194,0.6273419467718117,845,845,1155
null,all_alfworld,all,absolute_readout,D_soft::game::reward,auroc_large_change_vs_rest,0.4772727272727273,0.29545454545454547,0.7222222222222222,0.5009480542468708,845,845,1155
null,all_alfworld,all,absolute_readout,D_soft::game::reward,top_quartile_mean_absolute_delta,0.1319632132132132,0.06584701178451179,0.2294080882352941,0.13418695085810106,845,845,1155
null,all_alfworld,all,absolute_readout,D_soft::game::reward,top_quartile_lift,1.5051946759365233,0.747242254623885,1.9838665805432607,1.3188873696645849,845,845,1155
null,all_alfworld,all,absolute_readout,D_soft::game::unsigned,spearman,-0.06502646246229885,-0.25468193378152715,0.34896840231529835,0.04088257352879728,845,845,1155
null,all_alfworld,all,absolute_readout,D_soft::game::unsigned,average_precision,0.5671567002906716,0.4035163192071087,0.7543338697121591,0.5790113722809973,845,845,1155
null,all_alfworld,all,absolute_readout,D_soft::game::unsigned,auroc_large_change_vs_rest,0.45454545454545453,0.3120512820512821,0.7267676767676766,0.5143922924544226,845,845,1155
null,all_alfworld,all,absolute_readout,D_soft::game::unsigned,top_quartile_mean_absolute_delta,0.0865079365079365,0.05608056571911061,0.15340481886534515,0.10143952167637499,845,845,1155
null,all_alfworld,all,absolute_readout,D_soft::game::unsigned,top_quartile_lift,0.9867241202108213,0.537139497652431,1.5747860888554759,1.018193105910609,845,845,1155
null,all_alfworld,all,absolute_readout,D_soft_negative::game::reward,spearman,-0.37961394302315005,-0.6758951984082757,0.0025463259530662612,-0.3279200086862924,845,845,1155
null,all_alfworld,all,absolute_readout,D_soft_negative::game::reward,average_precision,0.4490005694340059,0.29873790634674924,0.7414014465435297,0.5026814383676101,845,845,1155
null,all_alfworld,all,absolute_readout,D_soft_negative::game::reward,auroc_large_change_vs_rest,0.17045454545454544,0.11370129870129869,0.577142857142857,0.33479136576769714,845,845,1155
null,all_alfworld,all,absolute_readout,D_soft_negative::game::reward,top_quartile_mean_absolute_delta,0.06937499999999999,0.01699392420445052,0.18633342617349966,0.08684196435328585,845,845,1155
null,all_alfworld,all,absolute_readout,D_soft_negative::game::reward,top_quartile_lift,0.7913029555773249,0.19735945916611894,1.5263462620941728,0.8331478235665185,845,845,1155
null,all_alfworld,all,absolute_readout,D_soft_negative::game::unsigned,spearman,-0.28646792922580305,-0.6004304971522793,0.12557982488834257,-0.2464450190928233,845,845,1155
null,all_alfworld,all,absolute_readout,D_soft_negative::game::unsigned,average_precision,0.5539957450842619,0.3178733490236973,0.7747549446106499,0.537710253400849,845,845,1155
null,all_alfworld,all,absolute_readout,D_soft_negative::game::unsigned,auroc_large_change_vs_rest,0.3522727272727273,0.15384615384615385,0.6111111111111112,0.3718957603868846,845,845,1155
null,all_alfworld,all,absolute_readout,D_soft_negative::game::unsigned,top_quartile_mean_absolute_delta,0.034337121212121215,0.00887012987012987,0.11419514460552195,0.049882515473665213,845,845,1155
null,all_alfworld,all,absolute_readout,D_soft_negative::game::unsigned,top_quartile_lift,0.3916549982150397,0.09458503458249334,1.0398606989356842,0.4848197329064486,845,845,1155
null,all_alfworld,all,absolute_readout,D_soft_cos::game::reward,spearman,-0.23550124243102827,-0.38829109873949375,0.2662137536370082,-0.07225478671003466,845,845,1155
null,all_alfworld,all,absolute_readout,D_soft_cos::game::reward,average_precision,0.5558492762827129,0.45269112633534714,0.7378519141677036,0.5916881647566669,845,845,1155
null,all_alfworld,all,absolute_readout,D_soft_cos::game::reward,auroc_large_change_vs_rest,0.32954545454545453,0.23905844155844158,0.6704545454545454,0.45024461895763673,845,845,1155
null,all_alfworld,all,absolute_readout,D_soft_cos::game::reward,top_quartile_mean_absolute_delta,0.08784722222222222,0.04661348684210527,0.14643315018315015,0.09026754653036069,845,845,1155
null,all_alfworld,all,absolute_readout,D_soft_cos::game::reward,top_quartile_lift,1.0020002390443603,0.4613002939673588,1.452868612652848,0.904475289962481,845,845,1155
null,all_alfworld,all,absolute_readout,D_soft_cos::game::unsigned,spearman,-0.16344489213496738,-0.2955245337458491,0.29401166346222424,0.005782997717966456,845,845,1155
null,all_alfworld,all,absolute_readout,D_soft_cos::game::unsigned,average_precision,0.558711862300379,0.39353094374379205,0.7520041522965768,0.5743536405143999,845,845,1155
null,all_alfworld,all,absolute_readout,D_soft_cos::game::unsigned,auroc_large_change_vs_rest,0.4090909090909091,0.28954545454545455,0.6931818181818182,0.5024454933626531,845,845,1155
null,all_alfworld,all,absolute_readout,D_soft_cos::game::unsigned,top_quartile_mean_absolute_delta,0.1006383712905452,0.059052498093058736,0.16029573934837094,0.10550125194926573,845,845,1155
null,all_alfworld,all,absolute_readout,D_soft_cos::game::unsigned,top_quartile_lift,1.1478982435559875,0.5511502004120404,1.6281630588156295,1.0586817381366078,845,845,1155
null,all_alfworld,all,absolute_readout,D_sigmoid::game::reward,spearman,0.11247820534019261,-0.3415556397983075,0.29676608950625505,-0.022528361457141485,845,845,1155
null,all_alfworld,all,absolute_readout,D_sigmoid::game::reward,average_precision,0.5826737589895484,0.36809529007284425,0.8402396991185138,0.6109787912265093,845,845,1155
null,all_alfworld,all,absolute_readout,D_sigmoid::game::reward,auroc_large_change_vs_rest,0.48863636363636365,0.25064102564102564,0.721590909090909,0.49347294224513155,845,845,1155
null,all_alfworld,all,absolute_readout,D_sigmoid::game::reward,top_quartile_mean_absolute_delta,0.09888888888888889,0.053208020050125315,0.18640918472652218,0.1121271964411161,845,845,1155
null,all_alfworld,all,absolute_readout,D_sigmoid::game::reward,top_quartile_lift,1.127943352094205,0.5588638579391773,1.7273353595756722,1.1134026661776428,845,845,1155
null,all_alfworld,all,absolute_readout,D_sigmoid::game::unsigned,spearman,-0.27065068159983846,-0.4687115696775114,0.23258680693209438,-0.13256761377938223,845,845,1155
null,all_alfworld,all,absolute_readout,D_sigmoid::game::unsigned,average_precision,0.5018033222367588,0.3408627880976952,0.7388179413179413,0.5364758358820707,845,845,1155
null,all_alfworld,all,absolute_readout,D_sigmoid::game::unsigned,auroc_large_change_vs_rest,0.3181818181818182,0.19431818181818183,0.6704545454545454,0.44162074611778757,845,845,1155
null,all_alfworld,all,absolute_readout,D_sigmoid::game::unsigned,top_quartile_mean_absolute_delta,0.04928571428571428,0.017297847985347985,0.14202651515151513,0.0675657971323527,845,845,1155
null,all_alfworld,all,absolute_readout,D_sigmoid::game::unsigned,top_quartile_lift,0.5621611730742385,0.18473332071917462,1.246516260613669,0.6582697136687294,845,845,1155
null,all_alfworld,all,absolute_readout,D_tauC_q25::game::reward,spearman,0.14587017255056228,-0.32307980847599743,0.27942402368302127,-0.012327801584557747,845,845,1155
null,all_alfworld,all,absolute_readout,D_tauC_q25::game::reward,average_precision,0.6702358107227231,0.45983853130873253,0.7816384381012863,0.625738167031191,845,845,1155
null,all_alfworld,all,absolute_readout,D_tauC_q25::game::reward,auroc_large_change_vs_rest,0.5454545454545454,0.2978571428571429,0.7,0.49631647937860957,845,845,1155
null,all_alfworld,all,absolute_readout,D_tauC_q25::game::reward,top_quartile_mean_absolute_delta,0.12779654654654654,0.06346389190612554,0.2221742424242424,0.1305682872768376,845,845,1155
null,all_alfworld,all,absolute_readout,D_tauC_q25::game::reward,top_quartile_lift,1.4576689728988463,0.7219615173316232,1.9965623833598916,1.2895251559229013,845,845,1155
null,all_alfworld,all,absolute_readout,D_tauC_q25::game::unsigned,spearman,-0.08963106988046599,-0.3092239336704747,0.2460244437533863,-0.029858385779760802,845,845,1155
null,all_alfworld,all,absolute_readout,D_tauC_q25::game::unsigned,average_precision,0.5444594480479648,0.3606351042211143,0.7592091893711326,0.5604254877777963,845,845,1155
null,all_alfworld,all,absolute_readout,D_tauC_q25::game::unsigned,auroc_large_change_vs_rest,0.4318181818181818,0.29545454545454547,0.7,0.4950225432030166,845,845,1155
null,all_alfworld,all,absolute_readout,D_tauC_q25::game::unsigned,top_quartile_mean_absolute_delta,0.0865079365079365,0.05608056571911061,0.15340481886534515,0.10143952167637499,845,845,1155
null,all_alfworld,all,absolute_readout,D_tauC_q25::game::unsigned,top_quartile_lift,0.9867241202108213,0.537139497652431,1.5747860888554759,1.018193105910609,845,845,1155
null,all_alfworld,all,absolute_readout,D_tauC_q50::game::reward,spearman,0.14938511646744332,-0.3257861794238289,0.3227872862846096,0.0018409868982883256,845,845,1155
null,all_alfworld,all,absolute_readout,D_tauC_q50::game::reward,average_precision,0.6988011847426427,0.45594638085880895,0.7791189804347698,0.6359241574931458,845,845,1155
null,all_alfworld,all,absolute_readout,D_tauC_q50::game::reward,auroc_large_change_vs_rest,0.5227272727272727,0.27380952380952384,0.6888888888888889,0.4854326229326229,845,845,1155
null,all_alfworld,all,absolute_readout,D_tauC_q50::game::reward,top_quartile_mean_absolute_delta,0.1444632132132132,0.06734143155426185,0.24852880044791809,0.14422221900875384,845,845,1155
null,all_alfworld,all,absolute_readout,D_tauC_q50::game::reward,top_quartile_lift,1.647771785049555,0.7659272309252603,2.072543845758823,1.4124202408778017,845,845,1155
null,all_alfworld,all,absolute_readout,D_tauC_q50::game::unsigned,spearman,-0.02636207937660764,-0.29732649037248454,0.29518401606548256,-0.008549022720294047,845,845,1155
null,all_alfworld,all,absolute_readout,D_tauC_q50::game::unsigned,average_precision,0.5945785208943104,0.3776511427169322,0.7483193987229386,0.5723845839190008,845,845,1155
null,all_alfworld,all,absolute_readout,D_tauC_q50::game::unsigned,auroc_large_change_vs_rest,0.5113636363636364,0.30068181818181816,0.7045454545454546,0.4966189842373274,845,845,1155
null,all_alfworld,all,absolute_readout,D_tauC_q50::game::unsigned,top_quartile_mean_absolute_delta,0.11946321321321321,0.06595625427204374,0.22545675045675043,0.13157758129253658,845,845,1155
null,all_alfworld,all,absolute_readout,D_tauC_q50::game::unsigned,top_quartile_lift,1.362617566823492,0.7272954003277391,1.9686810113302249,1.2988689679676684,845,845,1155
null,all_alfworld,all,absolute_readout,D_tauC_q75::game::reward,spearman,0.05802202846984501,-0.35847542785826775,0.2576081382030934,-0.05290563150703218,845,845,1155
null,all_alfworld,all,absolute_readout,D_tauC_q75::game::reward,average_precision,0.6241108572448286,0.3798698617512887,0.7031441591859039,0.5522811052817094,845,845,1155
null,all_alfworld,all,absolute_readout,D_tauC_q75::game::reward,auroc_large_change_vs_rest,0.5625,0.24367521367521366,0.6814935064935064,0.46991956022281467,845,845,1155
null,all_alfworld,all,absolute_readout,D_tauC_q75::game::reward,top_quartile_mean_absolute_delta,0.10451388888888888,0.04556547619047619,0.18823059006211176,0.10392147826227689,845,845,1155
null,all_alfworld,all,absolute_readout,D_tauC_q75::game::reward,top_quartile_lift,1.192103051195069,0.5078230946371202,1.6568737108057883,1.0273703749173817,845,845,1155
null,all_alfworld,all,absolute_readout,D_tauC_q75::game::unsigned,spearman,0.16351662568774503,-0.3142631743824851,0.3612146655681667,0.038947522602229945,845,845,1155
null,all_alfworld,all,absolute_readout,D_tauC_q75::game::unsigned,average_precision,0.6516564103251409,0.38342872587938376,0.7682833257572034,0.5774825431068306,845,845,1155
null,all_alfworld,all,absolute_readout,D_tauC_q75::game::unsigned,auroc_large_change_vs_rest,0.6193181818181818,0.31681818181818183,0.7328733766233766,0.5254457565774134,845,845,1155
null,all_alfworld,all,absolute_readout,D_tauC_q75::game::unsigned,top_quartile_mean_absolute_delta,0.12013888888888888,0.060291666666666674,0.23324550653594772,0.13113881460527962,845,845,1155
null,all_alfworld,all,absolute_readout,D_tauC_q75::game::unsigned,top_quartile_lift,1.3703244375863586,0.647663247120789,1.962981064821083,1.2830717923559607,845,845,1155
null,all_alfworld,all,absolute_readout,D_delta_q25::game::reward,spearman,-0.40070360652443615,-0.568867187929079,0.1463463091701995,-0.23572764437458896,845,845,1155
null,all_alfworld,all,absolute_readout,D_delta_q25::game::reward,average_precision,0.5358997813332178,0.31950726861717565,0.8158628939260676,0.5745737511962992,845,845,1155
null,all_alfworld,all,absolute_readout,D_delta_q25::game::reward,auroc_large_change_vs_rest,0.2727272727272727,0.16666666666666666,0.6309523809523809,0.3941027447240465,845,845,1155
null,all_alfworld,all,absolute_readout,D_delta_q25::game::reward,top_quartile_mean_absolute_delta,0.04928571428571428,0.02377263177998472,0.15422175631386156,0.07949735458848445,845,845,1155
null,all_alfworld,all,absolute_readout,D_delta_q25::game::reward,top_quartile_lift,0.5621611730742385,0.2688363125462485,1.4023710644359744,0.7778409703395784,845,845,1155
null,all_alfworld,all,absolute_readout,D_delta_q25::game::unsigned,spearman,-0.24604607418167132,-0.582411517163862,0.16066419582229244,-0.2116548707457416,845,845,1155
null,all_alfworld,all,absolute_readout,D_delta_q25::game::unsigned,average_precision,0.555757448918158,0.3318629480684434,0.7995193739837978,0.5721001145354379,845,845,1155
null,all_alfworld,all,absolute_readout,D_delta_q25::game::unsigned,auroc_large_change_vs_rest,0.2840909090909091,0.15984848484848485,0.6473989898989898,0.40412064431295197,845,845,1155
null,all_alfworld,all,absolute_readout,D_delta_q25::game::unsigned,top_quartile_mean_absolute_delta,0.04095238095238095,0.01589700577200577,0.14422001262626255,0.06857509114805166,845,845,1155
null,all_alfworld,all,absolute_readout,D_delta_q25::game::unsigned,top_quartile_lift,0.46710976699888423,0.18502710242729556,1.285677012000794,0.6676135257134969,845,845,1155
null,all_alfworld,all,absolute_readout,D_delta_q50::game::reward,spearman,0.029877023293488663,-0.20822198312448592,0.4615395762350768,0.13724136851355634,845,845,1155
null,all_alfworld,all,absolute_readout,D_delta_q50::game::reward,average_precision,0.6121783453123165,0.3805524601494996,0.9133337701528489,0.651195442060463,845,845,1155
null,all_alfworld,all,absolute_readout,D_delta_q50::game::reward,auroc_large_change_vs_rest,0.48863636363636365,0.36393939393939395,0.8,0.5814271313827527,845,845,1155
null,all_alfworld,all,absolute_readout,D_delta_q50::game::reward,top_quartile_mean_absolute_delta,0.09888888888888889,0.05995421245421245,0.20199729702487054,0.12405875389724785,845,845,1155
null,all_alfworld,all,absolute_readout,D_delta_q50::game::reward,top_quartile_lift,1.127943352094205,0.6343910969175721,1.847341280211354,1.2329739228484917,845,845,1155
null,all_alfworld,all,absolute_readout,D_delta_q50::game::unsigned,spearman,-0.0738138222545014,-0.505555566360876,0.3328057416125072,-0.06409034752398797,845,845,1155
null,all_alfworld,all,absolute_readout,D_delta_q50::game::unsigned,average_precision,0.5971925660885695,0.3253500063532958,0.8441050681099332,0.5922329039708306,845,845,1155
null,all_alfworld,all,absolute_readout,D_delta_q50::game::unsigned,auroc_large_change_vs_rest,0.3522727272727273,0.21142857142857144,0.7257936507936507,0.46764577138837493,845,845,1155
null,all_alfworld,all,absolute_readout,D_delta_q50::game::unsigned,top_quartile_mean_absolute_delta,0.06912878787878787,0.01731831800445931,0.19365476190476183,0.08750785449474961,845,845,1155
null,all_alfworld,all,absolute_readout,D_delta_q50::game::unsigned,top_quartile_lift,0.788494618579644,0.20138882242885442,1.555132213100078,0.8420492399295916,845,845,1155
null,all_alfworld,all,absolute_readout,D_delta_q75::game::reward,spearman,-0.20035180326221808,-0.3786382771132335,0.3563341683517489,-0.02658586594412803,845,845,1155
null,all_alfworld,all,absolute_readout,D_delta_q75::game::reward,average_precision,0.5861664338725976,0.3692732930339354,0.8593367092243313,0.624173502909702,845,845,1155
null,all_alfworld,all,absolute_readout,D_delta_q75::game::reward,auroc_large_change_vs_rest,0.375,0.27155844155844155,0.7271645021645021,0.4862893828722231,845,845,1155
null,all_alfworld,all,absolute_readout,D_delta_q75::game::reward,top_quartile_mean_absolute_delta,0.09888888888888889,0.05995421245421245,0.20199729702487054,0.12405875389724785,845,845,1155
null,all_alfworld,all,absolute_readout,D_delta_q75::game::reward,top_quartile_lift,1.127943352094205,0.6343910969175721,1.847341280211354,1.2329739228484917,845,845,1155
null,all_alfworld,all,absolute_readout,D_delta_q75::game::unsigned,spearman,0.05272415875321528,-0.4060014734512296,0.3647264199446731,0.004747130363676357,845,845,1155
null,all_alfworld,all,absolute_readout,D_delta_q75::game::unsigned,average_precision,0.6485260439594804,0.348088552529342,0.8532154611913184,0.623199165308896,845,845,1155
null,all_alfworld,all,absolute_readout,D_delta_q75::game::unsigned,auroc_large_change_vs_rest,0.3977272727272727,0.25,0.7222222222222222,0.4838663112035893,845,845,1155
null,all_alfworld,all,absolute_readout,D_delta_q75::game::unsigned,top_quartile_mean_absolute_delta,0.12468434343434343,0.06736687299187301,0.23973728793136687,0.1381591410986037,845,845,1155
null,all_alfworld,all,absolute_readout,D_delta_q75::game::unsigned,top_quartile_lift,1.4221706590820062,0.7362375703808712,2.0298883883782803,1.3535854738648057,845,845,1155
null,all_alfworld,all,absolute_readout,D_winsor::game::reward,spearman,-0.28646792922580305,-0.5452482620269047,0.16567888529573335,-0.1965907929807121,845,845,1155
null,all_alfworld,all,absolute_readout,D_winsor::game::reward,average_precision,0.48652667968738894,0.3368644977850667,0.8189075479596818,0.5695405426177143,845,845,1155
null,all_alfworld,all,absolute_readout,D_winsor::game::reward,auroc_large_change_vs_rest,0.25,0.1711868686868687,0.6666666666666666,0.4147690787187829,845,845,1155
null,all_alfworld,all,absolute_readout,D_winsor::game::reward,top_quartile_mean_absolute_delta,0.04928571428571428,0.02377263177998472,0.15422175631386156,0.07949735458848445,845,845,1155
null,all_alfworld,all,absolute_readout,D_winsor::game::reward,top_quartile_lift,0.5621611730742385,0.2688363125462485,1.4023710644359744,0.7778409703395784,845,845,1155
null,all_alfworld,all,absolute_readout,D_winsor::game::unsigned,spearman,-0.32513231231149425,-0.5974187931097497,0.10285550044254546,-0.2590783207967621,845,845,1155
null,all_alfworld,all,absolute_readout,D_winsor::game::unsigned,average_precision,0.49849551892895555,0.3206055249360203,0.8032307823039246,0.5561053599820911,845,845,1155
null,all_alfworld,all,absolute_readout,D_winsor::game::unsigned,auroc_large_change_vs_rest,0.23863636363636365,0.13636363636363635,0.6309523809523809,0.3777273121355962,845,845,1155
null,all_alfworld,all,absolute_readout,D_winsor::game::unsigned,top_quartile_mean_absolute_delta,0.04928571428571428,0.017297847985347985,0.14202651515151513,0.0675657971323527,845,845,1155
null,all_alfworld,all,absolute_readout,D_winsor::game::unsigned,top_quartile_lift,0.5621611730742385,0.18473332071917462,1.246516260613669,0.6582697136687294,845,845,1155
null,all_alfworld,all,absolute_readout,D_tanh::game::reward,spearman,-0.34797944777122086,-0.6076040576081052,0.07213348739477088,-0.2797149158619636,845,845,1155
null,all_alfworld,all,absolute_readout,D_tanh::game::reward,average_precision,0.46112934974460434,0.31687561563086775,0.7671465321805325,0.5421490061614032,845,845,1155
null,all_alfworld,all,absolute_readout,D_tanh::game::reward,auroc_large_change_vs_rest,0.19318181818181818,0.14477272727272728,0.6022727272727273,0.36959084965002126,845,845,1155
null,all_alfworld,all,absolute_readout,D_tanh::game::reward,top_quartile_mean_absolute_delta,0.038125,0.011289915966386553,0.1143731660496366,0.05378445242077392,845,845,1155
null,all_alfworld,all,absolute_readout,D_tanh::game::reward,top_quartile_lift,0.43486018279474614,0.12370561464653287,1.035750188200837,0.524533496023685,845,845,1155
null,all_alfworld,all,absolute_readout,D_tanh::game::unsigned,spearman,-0.31634495251929173,-0.5893752107646876,0.10786374811106776,-0.25576400604197647,845,845,1155
null,all_alfworld,all,absolute_readout,D_tanh::game::unsigned,average_precision,0.4973688678023043,0.3187984206840631,0.7939263019647803,0.5515112065106711,845,845,1155
null,all_alfworld,all,absolute_readout,D_tanh::game::unsigned,auroc_large_change_vs_rest,0.23863636363636365,0.1311904761904762,0.6136363636363636,0.3730708525531011,845,845,1155
null,all_alfworld,all,absolute_readout,D_tanh::game::unsigned,top_quartile_mean_absolute_delta,0.04928571428571428,0.017297847985347985,0.14202651515151513,0.0675657971323527,845,845,1155
null,all_alfworld,all,absolute_readout,D_tanh::game::unsigned,top_quartile_lift,0.5621611730742385,0.18473332071917462,1.246516260613669,0.6582697136687294,845,845,1155
null,all_alfworld,all,absolute_readout,D_action_sign::game::reward,spearman,-0.21616905088818267,-0.5320618132174881,0.19152712737332941,-0.18271549032460804,845,845,1155
null,all_alfworld,all,absolute_readout,D_action_sign::game::reward,average_precision,0.5703613239498406,0.3212718193721484,0.7956152790896993,0.5706819699323127,845,845,1155
null,all_alfworld,all,absolute_readout,D_action_sign::game::reward,auroc_large_change_vs_rest,0.38636363636363635,0.1711868686868687,0.6700757575757574,0.4201955342487887,845,845,1155
null,all_alfworld,all,absolute_readout,D_action_sign::game::reward,top_quartile_mean_absolute_delta,0.04923611111111111,0.017906385281385283,0.13947013035983621,0.06863615791017015,845,845,1155
null,all_alfworld,all,absolute_readout,D_action_sign::game::reward,top_quartile_lift,0.5615953908952187,0.21696289068486624,1.2459682537638535,0.6720552023527591,845,845,1155
null,all_alfworld,all,absolute_readout,D_action_sign::game::unsigned,spearman,0.07557129421294191,-0.20562421913753962,0.4552622879900455,0.1334242222757069,845,845,1155
null,all_alfworld,all,absolute_readout,D_action_sign::game::unsigned,average_precision,0.7095381816638501,0.416101572039072,0.8964664747017687,0.6874222526891753,845,845,1155
null,all_alfworld,all,absolute_readout,D_action_sign::game::unsigned,auroc_large_change_vs_rest,0.5227272727272727,0.375,0.785551948051948,0.5833091448328135,845,845,1155
null,all_alfworld,all,absolute_readout,D_action_sign::game::unsigned,top_quartile_mean_absolute_delta,0.11763888888888889,0.06762294941900206,0.21230895843085243,0.13130404953244018,845,845,1155
null,all_alfworld,all,absolute_readout,D_action_sign::game::unsigned,top_quartile_lift,1.3418090157637523,0.7280037612517033,1.9564795304223896,1.3045149672850738,845,845,1155
null,all_alfworld,all,absolute_readout,D_action_adv::game::reward,spearman,-0.07205635029606089,-0.20300684567062274,0.43770524130222005,0.11627351616979338,845,845,1155
null,all_alfworld,all,absolute_readout,D_action_adv::game::reward,average_precision,0.5180037884372249,0.3753791858248773,0.8690625744224814,0.6001203863036819,845,845,1155
null,all_alfworld,all,absolute_readout,D_action_adv::game::reward,auroc_large_change_vs_rest,0.36363636363636365,0.3111111111111111,0.773095238095238,0.5258423217151028,845,845,1155
null,all_alfworld,all,absolute_readout,D_action_adv::game::reward,top_quartile_mean_absolute_delta,0.10513888888888889,0.06551337703038895,0.21582087459154628,0.12694746136504356,845,845,1155
null,all_alfworld,all,absolute_readout,D_action_adv::game::reward,top_quartile_lift,1.1992319066507209,0.7251374333327292,1.883698216449627,1.252793535503343,845,845,1155
null,all_alfworld,all,absolute_readout,D_action_adv::game::unsigned,spearman,0.07557129421294191,-0.20562421913753962,0.4552622879900455,0.1334242222757069,845,845,1155
null,all_alfworld,all,absolute_readout,D_action_adv::game::unsigned,average_precision,0.7095381816638501,0.416101572039072,0.8964664747017687,0.6874222526891753,845,845,1155
null,all_alfworld,all,absolute_readout,D_action_adv::game::unsigned,auroc_large_change_vs_rest,0.5227272727272727,0.375,0.785551948051948,0.5833091448328135,845,845,1155
null,all_alfworld,all,absolute_readout,D_action_adv::game::unsigned,top_quartile_mean_absolute_delta,0.11763888888888889,0.06762294941900206,0.21230895843085243,0.13130404953244018,845,845,1155
null,all_alfworld,all,absolute_readout,D_action_adv::game::unsigned,top_quartile_lift,1.3418090157637523,0.7280037612517033,1.9564795304223896,1.3045149672850738,845,845,1155
null,all_alfworld,all,absolute_readout,D_action_adv_clip::game::reward,spearman,-0.059754046586977326,-0.2602779150364702,0.41028874526156006,0.07616472278926938,845,845,1155
null,all_alfworld,all,absolute_readout,D_action_adv_clip::game::reward,average_precision,0.5483435689775402,0.36328651935255757,0.8613355681731878,0.6082880444790466,845,845,1155
null,all_alfworld,all,absolute_readout,D_action_adv_clip::game::reward,auroc_large_change_vs_rest,0.42045454545454547,0.29853896103896105,0.7737012987012987,0.5246483283317602,845,845,1155
null,all_alfworld,all,absolute_readout,D_action_adv_clip::game::reward,top_quartile_mean_absolute_delta,0.05833333333333333,0.027059611587333516,0.17539301780091243,0.08142713408416513,845,845,1155
null,all_alfworld,all,absolute_readout,D_action_adv_clip::game::reward,top_quartile_lift,0.6653598425274804,0.2958860398974426,1.4686102204105822,0.7934244013110439,845,845,1155
null,all_alfworld,all,absolute_readout,D_action_adv_clip::game::unsigned,spearman,0.07557129421294191,-0.20562421913753962,0.4552622879900455,0.1334242222757069,845,845,1155
null,all_alfworld,all,absolute_readout,D_action_adv_clip::game::unsigned,average_precision,0.7095381816638501,0.416101572039072,0.8964664747017687,0.6874222526891753,845,845,1155
null,all_alfworld,all,absolute_readout,D_action_adv_clip::game::unsigned,auroc_large_change_vs_rest,0.5227272727272727,0.375,0.785551948051948,0.5833091448328135,845,845,1155
null,all_alfworld,all,absolute_readout,D_action_adv_clip::game::unsigned,top_quartile_mean_absolute_delta,0.11763888888888889,0.06762294941900206,0.21230895843085243,0.13130404953244018,845,845,1155
null,all_alfworld,all,absolute_readout,D_action_adv_clip::game::unsigned,top_quartile_lift,1.3418090157637523,0.7280037612517033,1.9564795304223896,1.3045149672850738,845,845,1155
null,all_alfworld,all,absolute_readout,D_ratio_adv::game::reward,spearman,-0.2425311302647903,-0.49486621701224975,0.13677266160425275,-0.19206210594861645,845,845,1155
null,all_alfworld,all,absolute_readout,D_ratio_adv::game::reward,average_precision,0.45355132171203105,0.32175366726864957,0.746472028198527,0.5255003757837226,845,845,1155
null,all_alfworld,all,absolute_readout,D_ratio_adv::game::reward,auroc_large_change_vs_rest,0.22727272727272727,0.17126623376623376,0.636060606060606,0.3909122058086555,845,845,1155
null,all_alfworld,all,absolute_readout,D_ratio_adv::game::reward,top_quartile_mean_absolute_delta,0.04032811220311221,0.021298115834201655,0.08850436980002918,0.05252730598107216,845,845,1155
null,all_alfworld,all,absolute_readout,D_ratio_adv::game::reward,top_quartile_lift,0.45998925231245663,0.21459840129613017,0.9064260929621809,0.5264544110988036,845,845,1155
null,all_alfworld,all,absolute_readout,D_ratio_adv::game::unsigned,spearman,0.28295298530892204,-0.1196487380826193,0.5318636997338547,0.2447718453369533,845,845,1155
null,all_alfworld,all,absolute_readout,D_ratio_adv::game::unsigned,average_precision,0.7087628280810099,0.41033196112691733,0.9176679801679803,0.6846208411507578,845,845,1155
null,all_alfworld,all,absolute_readout,D_ratio_adv::game::unsigned,auroc_large_change_vs_rest,0.6363636363636364,0.3755952380952381,0.8569841269841268,0.6347964297372581,845,845,1155
null,all_alfworld,all,absolute_readout,D_ratio_adv::game::unsigned,top_quartile_mean_absolute_delta,0.11944444444444446,0.05946896853146853,0.22318753815628814,0.13700361504943406,845,845,1155
null,all_alfworld,all,absolute_readout,D_ratio_adv::game::unsigned,top_quartile_lift,1.3624034870800794,0.71307917836976,1.952565101659996,1.345892858819576,845,845,1155
null,all_alfworld,all,absolute_readout,D_policy_action_adv::game::reward,spearman,-0.19683685934533707,-0.30426954304005066,0.3056243735728046,-0.029220871978292342,845,845,1155
null,all_alfworld,all,absolute_readout,D_policy_action_adv::game::reward,average_precision,0.5354554469985092,0.42518519975466573,0.7766590363218653,0.5628920987720604,845,845,1155
null,all_alfworld,all,absolute_readout,D_policy_action_adv::game::reward,auroc_large_change_vs_rest,0.3522727272727273,0.2261904761904762,0.6590909090909091,0.4251738448927798,845,845,1155
null,all_alfworld,all,absolute_readout,D_policy_action_adv::game::reward,top_quartile_mean_absolute_delta,0.14201388888888888,0.08035758983858442,0.21809131152460984,0.14586519772312043,845,845,1155
null,all_alfworld,all,absolute_readout,D_policy_action_adv::game::reward,top_quartile_lift,1.6198343785341638,0.8496651270792844,2.1278753467835445,1.4540071799450716,845,845,1155
null,all_alfworld,all,absolute_readout,D_policy_action_adv::game::unsigned,spearman,-0.19507938738689656,-0.2236946244306126,0.44257929103445753,0.10427001456310345,845,845,1155
null,all_alfworld,all,absolute_readout,D_policy_action_adv::game::unsigned,average_precision,0.5327841276370687,0.4168549485645074,0.7847980255374233,0.613973478410032,845,845,1155
null,all_alfworld,all,absolute_readout,D_policy_action_adv::game::unsigned,auroc_large_change_vs_rest,0.3977272727272727,0.31038961038961044,0.7555555555555555,0.5340655564028345,845,845,1155
null,all_alfworld,all,absolute_readout,D_policy_action_adv::game::unsigned,top_quartile_mean_absolute_delta,0.15763888888888888,0.09504020467836256,0.24212642746316115,0.16740385408286698,845,845,1155
null,all_alfworld,all,absolute_readout,D_policy_action_adv::game::unsigned,top_quartile_lift,1.7980557649254532,1.0598439910744017,2.327466437465517,1.6678971579521644,845,845,1155
null,all_alfworld,all,absolute_readout,D_reward_only::game::reward,spearman,0.04920921483633427,-0.22347545381050085,0.4222754322774048,0.09498415460964779,845,845,1155
null,all_alfworld,all,absolute_readout,D_reward_only::game::reward,average_precision,0.585026575513488,0.37292716979442986,0.8346561696694379,0.6199494464797553,845,845,1155
null,all_alfworld,all,absolute_readout,D_reward_only::game::reward,auroc_large_change_vs_rest,0.48863636363636365,0.3181818181818182,0.7613636363636364,0.5374035005100094,845,845,1155
null,all_alfworld,all,absolute_readout,D_reward_only::game::reward,top_quartile_mean_absolute_delta,0.06703265765765766,0.023787790697674418,0.18142906746031745,0.08415710071262722,845,845,1155
null,all_alfworld,all,absolute_readout,D_reward_only::game::reward,top_quartile_lift,0.7645858035993875,0.27082103339017216,1.5453257879239362,0.8202272424397921,845,845,1155
null,all_alfworld,all,absolute_readout,D_reward_only::game::unsigned,spearman,,,,,0,845,1155
null,all_alfworld,all,absolute_readout,D_reward_only::game::unsigned,average_precision,0.5789473684210527,0.3684210526315789,0.7368421052631579,0.5446901276860792,845,845,1155
null,all_alfworld,all,absolute_readout,D_reward_only::game::unsigned,auroc_large_change_vs_rest,0.5,0.5,0.5,0.5,845,845,1155
null,all_alfworld,all,absolute_readout,D_reward_only::game::unsigned,top_quartile_mean_absolute_delta,0.08767185754965978,0.0694555107772054,0.13922362808535022,0.10142990504319471,845,845,1155
null,all_alfworld,all,absolute_readout,D_reward_only::game::unsigned,top_quartile_lift,1.0,0.9999999999999997,1.0000000000000002,1.0,845,845,1155
null,all_alfworld,all,absolute_readout,D_adv_negative_fraction::game::reward,spearman,-0.4137323943661972,-0.6565264386597638,0.08087994946055822,-0.29497591479510576,845,845,1155
null,all_alfworld,all,absolute_readout,D_adv_negative_fraction::game::reward,average_precision,0.4608612148085832,0.3072126329445408,0.7584696198746952,0.5215548185624177,845,845,1155
null,all_alfworld,all,absolute_readout,D_adv_negative_fraction::game::reward,auroc_large_change_vs_rest,0.19318181818181818,0.1311904761904762,0.5681818181818182,0.34665704118366847,845,845,1155
null,all_alfworld,all,absolute_readout,D_adv_negative_fraction::game::reward,top_quartile_mean_absolute_delta,0.05548611111111111,0.018765756302521006,0.16829554738562083,0.07711747467033307,845,845,1155
null,all_alfworld,all,absolute_readout,D_adv_negative_fraction::game::reward,top_quartile_lift,0.6328839454517344,0.1992012216534106,1.4790730295637782,0.7475470003146104,845,845,1155
null,all_alfworld,all,absolute_readout,D_adv_negative_fraction::game::unsigned,spearman,,,,,0,845,1155
null,all_alfworld,all,absolute_readout,D_adv_negative_fraction::game::unsigned,average_precision,0.5789473684210527,0.3684210526315789,0.7368421052631579,0.5446901276860792,845,845,1155
null,all_alfworld,all,absolute_readout,D_adv_negative_fraction::game::unsigned,auroc_large_change_vs_rest,0.5,0.5,0.5,0.5,845,845,1155
null,all_alfworld,all,absolute_readout,D_adv_negative_fraction::game::unsigned,top_quartile_mean_absolute_delta,0.08767185754965978,0.0694555107772054,0.13922362808535022,0.10142990504319471,845,845,1155
null,all_alfworld,all,absolute_readout,D_adv_negative_fraction::game::unsigned,top_quartile_lift,1.0,0.9999999999999997,1.0000000000000002,1.0,845,845,1155
null,all_alfworld,all,absolute_readout,C_raw::game::reward,spearman,-0.31810242447773224,-0.42894435832021965,0.23938558274703725,-0.10963272723512207,845,845,1155
null,all_alfworld,all,absolute_readout,C_raw::game::reward,average_precision,0.5674654378988744,0.373935446707957,0.8165547344566583,0.5955702379033556,845,845,1155
null,all_alfworld,all,absolute_readout,C_raw::game::reward,auroc_large_change_vs_rest,0.375,0.23333333333333334,0.6554761904761904,0.4424057533524989,845,845,1155
null,all_alfworld,all,absolute_readout,C_raw::game::reward,top_quartile_mean_absolute_delta,0.0990079365079365,0.05774722131415495,0.16393992794486212,0.10404889124193946,845,845,1155
null,all_alfworld,all,absolute_readout,C_raw::game::reward,top_quartile_lift,1.129301229323853,0.5870277468161353,1.5921234051546707,1.0382115076075256,845,845,1155
null,all_alfworld,all,absolute_readout,C_raw::game::unsigned,spearman,-0.18629202759469402,-0.3804864116748342,0.21433310999393435,-0.08432264035572275,845,845,1155
null,all_alfworld,all,absolute_readout,C_raw::game::unsigned,average_precision,0.5660101121788429,0.3954263016395369,0.734003539444854,0.5592892598872704,845,845,1155
null,all_alfworld,all,absolute_readout,C_raw::game::unsigned,auroc_large_change_vs_rest,0.4318181818181818,0.2571428571428571,0.6569047619047619,0.4663324479596669,845,845,1155
null,all_alfworld,all,absolute_readout,C_raw::game::unsigned,top_quartile_mean_absolute_delta,0.0990079365079365,0.05774722131415495,0.16393992794486212,0.10404889124193946,845,845,1155
null,all_alfworld,all,absolute_readout,C_raw::game::unsigned,top_quartile_lift,1.129301229323853,0.5870277468161353,1.5921234051546707,1.0382115076075256,845,845,1155
null,all_alfworld,all,absolute_readout,C_centered::game::reward,spearman,-0.06502646246229885,-0.46270943898836575,0.20720594390013602,-0.1441033476359037,845,845,1155
null,all_alfworld,all,absolute_readout,C_centered::game::reward,average_precision,0.5300305688463584,0.331532366114087,0.778041720276627,0.5373244167960272,845,845,1155
null,all_alfworld,all,absolute_readout,C_centered::game::reward,auroc_large_change_vs_rest,0.3522727272727273,0.18603174603174605,0.6588961038961039,0.4227450245349653,845,845,1155
null,all_alfworld,all,absolute_readout,C_centered::game::reward,top_quartile_mean_absolute_delta,0.07189376876876877,0.025496197496197495,0.1436280716832187,0.07859593198572878,845,845,1155
null,all_alfworld,all,absolute_readout,C_centered::game::reward,top_quartile_lift,0.8200324571433443,0.3021073717989653,1.3221070381001374,0.7726858941361662,845,845,1155
null,all_alfworld,all,absolute_readout,C_centered::game::unsigned,spearman,-0.05272415875321528,-0.52760550144168,0.17281779918858836,-0.17096890542929283,845,845,1155
null,all_alfworld,all,absolute_readout,C_centered::game::unsigned,average_precision,0.6077584781919146,0.33017437501929986,0.7866350288121626,0.5655035814572583,845,845,1155
null,all_alfworld,all,absolute_readout,C_centered::game::unsigned,auroc_large_change_vs_rest,0.38636363636363635,0.2159090909090909,0.6222222222222222,0.41692244146386154,845,845,1155
null,all_alfworld,all,absolute_readout,C_centered::game::unsigned,top_quartile_mean_absolute_delta,0.08369932432432432,0.02250103654568065,0.18889849655531088,0.09221842315217622,845,845,1155
null,all_alfworld,all,absolute_readout,C_centered::game::unsigned,top_quartile_lift,0.9546886157500962,0.2697760055628055,1.6179790751327894,0.8874501420876926,845,845,1155
null,all_alfworld,all,absolute_readout,C_adv_centered::game::reward,spearman,-0.16168742017652687,-0.45260083363610853,0.27901078722647094,-0.09695945383926455,845,845,1155
null,all_alfworld,all,absolute_readout,C_adv_centered::game::reward,average_precision,0.6078639282973648,0.3535536349400513,0.8098870824821809,0.6135865532493296,845,845,1155
null,all_alfworld,all,absolute_readout,C_adv_centered::game::reward,auroc_large_change_vs_rest,0.36363636363636365,0.23863636363636365,0.6815850815850815,0.45746397586634274,845,845,1155
null,all_alfworld,all,absolute_readout,C_adv_centered::game::reward,top_quartile_mean_absolute_delta,0.06703265765765766,0.022581211463267917,0.17407772013614398,0.07856449142026,845,845,1155
null,all_alfworld,all,absolute_readout,C_adv_centered::game::reward,top_quartile_lift,0.7645858035993875,0.2409099087984297,1.460291912247859,0.764555057132792,845,845,1155
null,all_alfworld,all,absolute_readout,C_adv_centered::game::unsigned,spearman,-0.05272415875321528,-0.52760550144168,0.17281779918858836,-0.17096890542929283,845,845,1155
null,all_alfworld,all,absolute_readout,C_adv_centered::game::unsigned,average_precision,0.6077584781919146,0.33017437501929986,0.7866350288121626,0.5655035814572583,845,845,1155
null,all_alfworld,all,absolute_readout,C_adv_centered::game::unsigned,auroc_large_change_vs_rest,0.38636363636363635,0.2159090909090909,0.6222222222222222,0.41692244146386154,845,845,1155
null,all_alfworld,all,absolute_readout,C_adv_centered::game::unsigned,top_quartile_mean_absolute_delta,0.08369932432432432,0.02250103654568065,0.18889849655531088,0.09221842315217622,845,845,1155
null,all_alfworld,all,absolute_readout,C_adv_centered::game::unsigned,top_quartile_lift,0.9546886157500962,0.2697760055628055,1.6179790751327894,0.8874501420876926,845,845,1155
null,all_alfworld,all,absolute_readout,M_delta_raw::game::magnitude,spearman,0.5746933304100466,-0.17210170360339855,0.5669355691917181,0.21178813114678416,845,845,1155
null,all_alfworld,all,absolute_readout,M_delta_raw::game::magnitude,average_precision,0.7926720041693304,0.40556056795801376,0.9066240612004288,0.6516597302961872,845,845,1155
null,all_alfworld,all,absolute_readout,M_delta_raw::game::magnitude,auroc_large_change_vs_rest,0.7727272727272727,0.3453296703296703,0.8448051948051947,0.5895776068113346,845,845,1155
null,all_alfworld,all,absolute_readout,M_delta_raw::game::magnitude,top_quartile_mean_absolute_delta,0.09623088998088998,0.030088372093023258,0.20675736327625863,0.10452070094718728,845,845,1155
null,all_alfworld,all,absolute_readout,M_delta_raw::game::magnitude,top_quartile_lift,1.0976257680679586,0.36275306291948894,1.7255836872861594,1.0086919501544251,845,845,1155
null,all_alfworld,all,absolute_readout,M_delta_centered::game::magnitude,spearman,0.44991282136077043,-0.2261670381943773,0.5236806017036366,0.1499997885923408,845,845,1155
null,all_alfworld,all,absolute_readout,M_delta_centered::game::magnitude,average_precision,0.8120761813943631,0.40229422747659976,0.8677352125341634,0.6572824057699486,845,845,1155
null,all_alfworld,all,absolute_readout,M_delta_centered::game::magnitude,auroc_large_change_vs_rest,0.7159090909090909,0.3333333333333333,0.7954545454545454,0.5723252930501451,845,845,1155
null,all_alfworld,all,absolute_readout,M_delta_centered::game::magnitude,top_quartile_mean_absolute_delta,0.09481043543543544,0.029640613278319582,0.20152934891905475,0.1007311804778079,845,845,1155
null,all_alfworld,all,absolute_readout,M_delta_centered::game::magnitude,top_quartile_lift,1.0814238238505687,0.35188557618562805,1.6821486972107218,0.9710727770529181,845,845,1155
null,all_alfworld,all,absolute_readout,M_original_norm::game::magnitude,spearman,0.28646792922580305,-0.24945097235592734,0.46018051323202575,0.10164521623304948,845,845,1155
null,all_alfworld,all,absolute_readout,M_original_norm::game::magnitude,average_precision,0.6927963747482464,0.3576930891283639,0.8596607838986976,0.6005664827640339,845,845,1155
null,all_alfworld,all,absolute_readout,M_original_norm::game::magnitude,auroc_large_change_vs_rest,0.6363636363636364,0.3,0.7974025974025974,0.5392298299990608,845,845,1155
null,all_alfworld,all,absolute_readout,M_original_norm::game::magnitude,top_quartile_mean_absolute_delta,0.06253156565656566,0.009983005366726298,0.16726312111801236,0.07270127696087324,845,845,1155
null,all_alfworld,all,absolute_readout,M_original_norm::game::magnitude,top_quartile_lift,0.7132455887699886,0.11726100014688441,1.446072393893808,0.6991338821558565,845,845,1155
null,all_alfworld,all,absolute_readout,M_control_norm::game::magnitude,spearman,-0.5852381621606897,-0.6227682243560324,0.09801533468334035,-0.29267781881373583,845,845,1155
null,all_alfworld,all,absolute_readout,M_control_norm::game::magnitude,average_precision,0.4853717739870287,0.3053151219158379,0.7445968606490754,0.5012198148582627,845,845,1155
null,all_alfworld,all,absolute_readout,M_control_norm::game::magnitude,auroc_large_change_vs_rest,0.20454545454545456,0.14444444444444443,0.5681818181818182,0.3426555183803705,845,845,1155
null,all_alfworld,all,absolute_readout,M_control_norm::game::magnitude,top_quartile_mean_absolute_delta,0.03473394660894661,0.01944616977225673,0.11298470179014533,0.057170176526235954,845,845,1155
null,all_alfworld,all,absolute_readout,M_control_norm::game::magnitude,top_quartile_lift,0.3961812556471994,0.20703205987489637,1.0991313295903162,0.5658496357069228,845,845,1155
null,all_alfworld,all,absolute_readout,M_kl::game::magnitude,spearman,-0.07908623812982293,-0.1315543345526902,0.5260070727081313,0.19145415939181112,845,845,1155
null,all_alfworld,all,absolute_readout,M_kl::game::magnitude,average_precision,0.5687012408269093,0.46294600415923937,0.8501693060674154,0.6630762943105452,845,845,1155
null,all_alfworld,all,absolute_readout,M_kl::game::magnitude,auroc_large_change_vs_rest,0.4431818181818182,0.37527777777777777,0.785551948051948,0.5788185187593472,845,845,1155
null,all_alfworld,all,absolute_readout,M_kl::game::magnitude,top_quartile_mean_absolute_delta,0.14055555555555554,0.09111306263396046,0.23381799450549456,0.1632821887755903,845,845,1155
null,all_alfworld,all,absolute_readout,M_kl::game::magnitude,top_quartile_lift,1.6032003824709766,0.9928782783805441,2.25182349621366,1.6250738702540164,845,845,1155
null,all_alfworld,all,absolute_readout,M_js::game::magnitude,spearman,-0.056239102670096304,-0.12222094604294187,0.5232446084490869,0.1943227012641691,845,845,1155
null,all_alfworld,all,absolute_readout,M_js::game::magnitude,average_precision,0.5824194670451355,0.46024684567883095,0.8595701609853192,0.6648732831913734,845,845,1155
null,all_alfworld,all,absolute_readout,M_js::game::magnitude,auroc_large_change_vs_rest,0.4772727272727273,0.3813186813186813,0.7840909090909091,0.5851264744460011,845,845,1155
null,all_alfworld,all,absolute_readout,M_js::game::magnitude,top_quartile_mean_absolute_delta,0.14055555555555554,0.09111306263396046,0.23381799450549456,0.1632821887755903,845,845,1155
null,all_alfworld,all,absolute_readout,M_js::game::magnitude,top_quartile_lift,1.6032003824709766,0.9928782783805441,2.25182349621366,1.6250738702540164,845,845,1155
null,all_alfworld,all,absolute_readout,M_action_abs::game::magnitude,spearman,0.26713573768295745,-0.017141738242522866,0.6388510523528343,0.3103307738454226,845,845,1155
null,all_alfworld,all,absolute_readout,M_action_abs::game::magnitude,average_precision,0.7752035702359372,0.6073552488640531,0.9121484368904142,0.7673563690508037,845,845,1155
null,all_alfworld,all,absolute_readout,M_action_abs::game::magnitude,auroc_large_change_vs_rest,0.6704545454545454,0.4228571428571429,0.8552272727272726,0.6456921858549077,845,845,1155
null,all_alfworld,all,absolute_readout,M_action_abs::game::magnitude,top_quartile_mean_absolute_delta,0.1819632132132132,0.11252813128979457,0.2728479573353889,0.192418815942473,845,845,1155
null,all_alfworld,all,absolute_readout,M_action_abs::game::magnitude,top_quartile_lift,2.07550311238865,1.2583130607469875,2.5858009942999676,1.9168168631448546,845,845,1155
null,all_alfworld,all,absolute_readout,B_activation_l8_norm,spearman,0.33216220014525627,-0.18871383180250995,0.5295997957883677,0.1917631617212547,845,845,1155
null,all_alfworld,all,absolute_readout,B_activation_l8_norm,average_precision,0.7622552885710779,0.41918994200244203,0.8789221059717012,0.6754637412949795,845,845,1155
null,all_alfworld,all,absolute_readout,B_activation_l8_norm,auroc_large_change_vs_rest,0.6363636363636364,0.31467532467532466,0.8095238095238095,0.5806262934961159,845,845,1155
null,all_alfworld,all,absolute_readout,B_activation_l8_norm,top_quartile_mean_absolute_delta,0.1343878836463582,0.0747305066893313,0.23559604138551501,0.14206192801068834,845,845,1155
null,all_alfworld,all,absolute_readout,B_activation_l8_norm,top_quartile_lift,1.532850876009296,0.8288382713619407,2.083134516080678,1.403093239272914,845,845,1155
null,all_alfworld,all,absolute_readout,B_activation_l16_norm,spearman,0.4463978774438894,-0.004212954024031583,0.6412699544099528,0.33172399317580886,845,845,1155
null,all_alfworld,all,absolute_readout,B_activation_l16_norm,average_precision,0.8350396937084242,0.47436655363899943,0.9273790536948433,0.736768311984131,845,845,1155
null,all_alfworld,all,absolute_readout,B_activation_l16_norm,auroc_large_change_vs_rest,0.7272727272727273,0.4108974358974359,0.8806349206349205,0.6607591997089037,845,845,1155
null,all_alfworld,all,absolute_readout,B_activation_l16_norm,top_quartile_mean_absolute_delta,0.12075289575289574,0.08077463475762578,0.20296430759045175,0.1362230894001875,845,845,1155
null,all_alfworld,all,absolute_readout,B_activation_l16_norm,top_quartile_lift,1.377327903478011,0.8220947136648972,2.018144268855434,1.3633231058767514,845,845,1155
null,all_alfworld,all,absolute_readout,B_activation_l24_norm,spearman,0.4797898446542591,-0.01929534141391283,0.6284034358117261,0.31956703934359465,845,845,1155
null,all_alfworld,all,absolute_readout,B_activation_l24_norm,average_precision,0.8039107654080916,0.46309798560572557,0.9290944201372008,0.7214713726073553,845,845,1155
null,all_alfworld,all,absolute_readout,B_activation_l24_norm,auroc_large_change_vs_rest,0.75,0.4433080808080808,0.8775,0.6667703910159533,845,845,1155
null,all_alfworld,all,absolute_readout,B_activation_l24_norm,top_quartile_mean_absolute_delta,0.15557432432432433,0.07626136363636363,0.29059697332384454,0.16930211991172295,845,845,1155
null,all_alfworld,all,absolute_readout,B_activation_l24_norm,top_quartile_lift,1.7745069931500277,0.9584606456434503,2.3341318097296497,1.6456777405999437,845,845,1155
null,all_alfworld,all,absolute_readout,B_activation_l32_norm,spearman,0.36731163931406646,-0.2363550015577147,0.5035391709096895,0.13788340608916388,845,845,1155
null,all_alfworld,all,absolute_readout,B_activation_l32_norm,average_precision,0.7736011760075929,0.39816922751955647,0.8592978515839477,0.6556171206987533,845,845,1155
null,all_alfworld,all,absolute_readout,B_activation_l32_norm,auroc_large_change_vs_rest,0.6477272727272727,0.3228571428571429,0.7954545454545454,0.5630131242853137,845,845,1155
null,all_alfworld,all,absolute_readout,B_activation_l32_norm,top_quartile_mean_absolute_delta,0.09481043543543544,0.029640613278319582,0.20152934891905475,0.1007311804778079,845,845,1155
null,all_alfworld,all,absolute_readout,B_activation_l32_norm,top_quartile_lift,1.0814238238505687,0.35188557618562805,1.6821486972107218,0.9710727770529181,845,845,1155
null,all_alfworld,all,absolute_readout,B_old_margin,spearman,0.12514259939057853,-0.24940235847389658,0.47471977301666907,0.10600930457753154,845,845,1155
null,all_alfworld,all,absolute_readout,B_old_margin,average_precision,0.7449760765550238,0.4032142857142857,0.8750664540138224,0.6538021804374252,845,845,1155
null,all_alfworld,all,absolute_readout,B_old_margin,auroc_large_change_vs_rest,0.5795454545454546,0.3512987012987013,0.7719230769230769,0.5636940048774368,845,845,1155
null,all_alfworld,all,absolute_readout,B_old_margin,top_quartile_mean_absolute_delta,0.08357487922705314,0.03230331355810475,0.18729959733893556,0.09400162168268758,845,845,1155
null,all_alfworld,all,absolute_readout,B_old_margin,top_quartile_lift,0.953269173973119,0.3835260888205713,1.6219193858214755,0.9175356685022682,845,845,1155
null,all_alfworld,all,absolute_readout,B_random_expected,spearman,,,,,0,845,1155
null,all_alfworld,all,absolute_readout,B_random_expected,average_precision,0.5789473684210527,0.3684210526315789,0.7368421052631579,0.5446901276860792,845,845,1155
null,all_alfworld,all,absolute_readout,B_random_expected,auroc_large_change_vs_rest,0.5,0.5,0.5,0.5,845,845,1155
null,all_alfworld,all,absolute_readout,B_random_expected,top_quartile_mean_absolute_delta,0.08767185754965978,0.0694555107772054,0.13922362808535022,0.10142990504319471,845,845,1155
null,all_alfworld,all,absolute_readout,B_random_expected,top_quartile_lift,1.0,0.9999999999999997,1.0000000000000002,1.0,845,845,1155
null,all_alfworld,all,absolute_readout,D_real::token::reward,spearman,-0.03163449525192917,-0.10969628183534988,0.5571912677140934,0.21017767376898325,845,845,1155
null,all_alfworld,all,absolute_readout,D_real::token::reward,average_precision,0.6464058602216497,0.5211733884450602,0.8597623773623053,0.6752109109108385,845,845,1155
null,all_alfworld,all,absolute_readout,D_real::token::reward,auroc_large_change_vs_rest,0.45454545454545453,0.34444444444444444,0.7737012987012987,0.5494981990396192,845,845,1155
null,all_alfworld,all,absolute_readout,D_real::token::reward,top_quartile_mean_absolute_delta,0.17432432432432432,0.11028560691576496,0.2610365598956741,0.18250105904817795,845,845,1155
null,all_alfworld,all,absolute_readout,D_real::token::reward,top_quartile_lift,1.9883726568195748,1.15874414383913,2.4810247482883567,1.8175540830594976,845,845,1155
null,all_alfworld,all,absolute_readout,D_real_A1::token::reward_free,spearman,0.09490348575578751,-0.032353422325612335,0.6249983451592128,0.28720580486104547,845,845,1155
null,all_alfworld,all,absolute_readout,D_real_A1::token::reward_free,average_precision,0.7032361437230562,0.5690771717532552,0.8987597941664929,0.7453725097396149,845,845,1155
null,all_alfworld,all,absolute_readout,D_real_A1::token::reward_free,auroc_large_change_vs_rest,0.5795454545454546,0.43333333333333335,0.8444444444444444,0.6378558965689143,845,845,1155
null,all_alfworld,all,absolute_readout,D_real_A1::token::reward_free,top_quartile_mean_absolute_delta,0.1819632132132132,0.11252813128979457,0.2728479573353889,0.192418815942473,845,845,1155
null,all_alfworld,all,absolute_readout,D_real_A1::token::reward_free,top_quartile_lift,2.07550311238865,1.2583130607469875,2.5858009942999676,1.9168168631448546,845,845,1155
null,all_alfworld,all,absolute_readout,D_real_absA::token::reward_sign_removed,spearman,-0.24956101809855236,-0.21579449458101616,0.44559019095085534,0.10370903179615536,845,845,1155
null,all_alfworld,all,absolute_readout,D_real_absA::token::reward_sign_removed,average_precision,0.5589824250709419,0.48290053838299457,0.8338940827834017,0.6422509280003094,845,845,1155
null,all_alfworld,all,absolute_readout,D_real_absA::token::reward_sign_removed,auroc_large_change_vs_rest,0.3409090909090909,0.3,0.7595129870129866,0.5093634357095896,845,845,1155
null,all_alfworld,all,absolute_readout,D_real_absA::token::reward_sign_removed,top_quartile_mean_absolute_delta,0.14055555555555554,0.09782679895386101,0.23838468342802707,0.16962113693935485,845,845,1155
null,all_alfworld,all,absolute_readout,D_real_absA::token::reward_sign_removed,top_quartile_lift,1.6032003824709766,1.0419997671004935,2.3266486034704186,1.6889729416178654,845,845,1155
null,all_alfworld,all,absolute_readout,D_real_projection_only::token::geometry_only,spearman,0.4991220361971047,-0.07504863495010305,0.6186132822875366,0.30049273901468393,845,845,1155
null,all_alfworld,all,absolute_readout,D_real_projection_only::token::geometry_only,average_precision,0.8132347747321009,0.45591179653679653,0.9163798619680974,0.7105796318828829,845,845,1155
null,all_alfworld,all,absolute_readout,D_real_projection_only::token::geometry_only,auroc_large_change_vs_rest,0.7727272727272727,0.4092929292929293,0.8636363636363636,0.6510015674660644,845,845,1155
null,all_alfworld,all,absolute_readout,D_real_projection_only::token::geometry_only,top_quartile_mean_absolute_delta,0.1305743243243243,0.07644253030626212,0.24208012820512823,0.14642928678193282,845,845,1155
null,all_alfworld,all,absolute_readout,D_real_projection_only::token::geometry_only,top_quartile_lift,1.4893527749239643,0.8622108508317461,2.101053697498041,1.4463906742967425,845,845,1155
null,all_alfworld,all,absolute_readout,D_real::decision::reward,spearman,-0.028119551335048152,-0.1493278766589273,0.537420519634997,0.18250761528193765,845,845,1155
null,all_alfworld,all,absolute_readout,D_real::decision::reward,average_precision,0.5834052244937413,0.45904244000896477,0.8622675401341316,0.6359468528775288,845,845,1155
null,all_alfworld,all,absolute_readout,D_real::decision::reward,auroc_large_change_vs_rest,0.4431818181818182,0.3299242424242424,0.7666666666666667,0.5391268511238926,845,845,1155
null,all_alfworld,all,absolute_readout,D_real::decision::reward,top_quartile_mean_absolute_delta,0.16487987987987987,0.10667132952645822,0.25837432024004675,0.18270454134282907,845,845,1155
null,all_alfworld,all,absolute_readout,D_real::decision::reward,top_quartile_lift,1.880647729934173,1.1534354311235044,2.471150603198367,1.8183213901397064,845,845,1155
null,all_alfworld,all,absolute_readout,D_real_A1::decision::reward_free,spearman,0.06854140637917987,-0.03862700229421173,0.6314692684591086,0.2927178398720873,845,845,1155
null,all_alfworld,all,absolute_readout,D_real_A1::decision::reward_free,average_precision,0.6823570228439354,0.5669761050353156,0.9058867713891637,0.7470956692341061,845,845,1155
null,all_alfworld,all,absolute_readout,D_real_A1::decision::reward_free,auroc_large_change_vs_rest,0.5454545454545454,0.42857142857142855,0.8426623376623377,0.6372307459141778,845,845,1155
null,all_alfworld,all,absolute_readout,D_real_A1::decision::reward_free,top_quartile_mean_absolute_delta,0.1819632132132132,0.11252813128979457,0.2728479573353889,0.192418815942473,845,845,1155
null,all_alfworld,all,absolute_readout,D_real_A1::decision::reward_free,top_quartile_lift,2.07550311238865,1.2583130607469875,2.5858009942999676,1.9168168631448546,845,845,1155
null,all_alfworld,all,absolute_readout,D_real_absA::decision::reward_sign_removed,spearman,-0.24780354614011185,-0.21429943347327468,0.4465363973688848,0.10417829574880452,845,845,1155
null,all_alfworld,all,absolute_readout,D_real_absA::decision::reward_sign_removed,average_precision,0.5285875674033569,0.42406428397382345,0.8464769426289032,0.609818901480153,845,845,1155
null,all_alfworld,all,absolute_readout,D_real_absA::decision::reward_sign_removed,auroc_large_change_vs_rest,0.36363636363636365,0.3068181818181818,0.7607828282828282,0.5154607062891087,845,845,1155
null,all_alfworld,all,absolute_readout,D_real_absA::decision::reward_sign_removed,top_quartile_mean_absolute_delta,0.14055555555555554,0.09782679895386101,0.23838468342802707,0.16962113693935485,845,845,1155
null,all_alfworld,all,absolute_readout,D_real_absA::decision::reward_sign_removed,top_quartile_lift,1.6032003824709766,1.0419997671004935,2.3266486034704186,1.6889729416178654,845,845,1155
null,all_alfworld,all,absolute_readout,D_real_projection_only::decision::geometry_only,spearman,0.5289990594905933,-0.08867068238612884,0.5998318830519604,0.27660132781790514,845,845,1155
null,all_alfworld,all,absolute_readout,D_real_projection_only::decision::geometry_only,average_precision,0.8514904584423302,0.44823985068509065,0.9006193867407103,0.7120001863375577,845,845,1155
null,all_alfworld,all,absolute_readout,D_real_projection_only::decision::geometry_only,auroc_large_change_vs_rest,0.7727272727272727,0.4,0.844090909090909,0.6346841833380296,845,845,1155
null,all_alfworld,all,absolute_readout,D_real_projection_only::decision::geometry_only,top_quartile_mean_absolute_delta,0.15557432432432433,0.08033579192546585,0.258676282051282,0.15907392449815008,845,845,1155
null,all_alfworld,all,absolute_readout,D_real_projection_only::decision::geometry_only,top_quartile_lift,1.7745069931500277,0.9318633737751227,2.2447846635765574,1.559941947206876,845,845,1155
null,all_alfworld,all,absolute_readout,D_real::game::reward,spearman,-0.05448163071165579,-0.11123319074860079,0.5286987828753511,0.18089654230057287,845,845,1155
null,all_alfworld,all,absolute_readout,D_real::game::reward,average_precision,0.5742518778403946,0.4497982582110871,0.8625332237823692,0.6202853659170265,845,845,1155
null,all_alfworld,all,absolute_readout,D_real::game::reward,auroc_large_change_vs_rest,0.4431818181818182,0.3333333333333333,0.7618506493506493,0.5312657132479618,845,845,1155
null,all_alfworld,all,absolute_readout,D_real::game::reward,top_quartile_mean_absolute_delta,0.15,0.0953133491222736,0.24418184375740346,0.1694176546447037,845,845,1155
null,all_alfworld,all,absolute_readout,D_real::game::reward,top_quartile_lift,1.7109253093563783,1.0477952825028953,2.348078064126914,1.6882056345376564,845,845,1155
null,all_alfworld,all,absolute_readout,D_real_A1::game::reward_free,spearman,-0.0738138222545014,-0.12201341572725848,0.5847010241469979,0.2256178681091734,845,845,1155
null,all_alfworld,all,absolute_readout,D_real_A1::game::reward_free,average_precision,0.6135722722410027,0.4572460394414175,0.8917190875859605,0.6998313728124362,845,845,1155
null,all_alfworld,all,absolute_readout,D_real_A1::game::reward_free,auroc_large_change_vs_rest,0.48863636363636365,0.3888888888888889,0.8181818181818182,0.6003797730868736,845,845,1155
null,all_alfworld,all,absolute_readout,D_real_A1::game::reward_free,top_quartile_mean_absolute_delta,0.1819632132132132,0.11252813128979457,0.2728479573353889,0.192418815942473,845,845,1155
null,all_alfworld,all,absolute_readout,D_real_A1::game::reward_free,top_quartile_lift,2.07550311238865,1.2583130607469875,2.5858009942999676,1.9168168631448546,845,845,1155
null,all_alfworld,all,absolute_readout,D_real_absA::game::reward_sign_removed,spearman,-0.27943804139204104,-0.30950143866848695,0.41319847279561717,0.04027961639420061,845,845,1155
null,all_alfworld,all,absolute_readout,D_real_absA::game::reward_sign_removed,average_precision,0.5442638103523272,0.41416665788440815,0.8480895805417334,0.609179516022312,845,845,1155
null,all_alfworld,all,absolute_readout,D_real_absA::game::reward_sign_removed,auroc_large_change_vs_rest,0.36363636363636365,0.28205128205128205,0.7419047619047617,0.5012788148734895,845,845,1155
null,all_alfworld,all,absolute_readout,D_real_absA::game::reward_sign_removed,top_quartile_mean_absolute_delta,0.1069632132132132,0.07197463536850146,0.17878648947670686,0.12403587061511329,845,845,1155
null,all_alfworld,all,absolute_readout,D_real_absA::game::reward_sign_removed,top_quartile_lift,1.2200404577104604,0.7195530269271774,1.861072938391566,1.2452660128961144,845,845,1155
null,all_alfworld,all,absolute_readout,D_real_projection_only::game::geometry_only,spearman,0.5957829939113327,-0.05590505545349078,0.617567711566053,0.29353684432848587,845,845,1155
null,all_alfworld,all,absolute_readout,D_real_projection_only::game::geometry_only,average_precision,0.8984293484293484,0.4618931508163319,0.9206086857820052,0.7243050761249971,845,845,1155
null,all_alfworld,all,absolute_readout,D_real_projection_only::game::geometry_only,auroc_large_change_vs_rest,0.8522727272727273,0.4318181818181818,0.8741666666666664,0.6595655593584587,845,845,1155
null,all_alfworld,all,absolute_readout,D_real_projection_only::game::geometry_only,top_quartile_mean_absolute_delta,0.15557432432432433,0.08033579192546585,0.258676282051282,0.15907392449815008,845,845,1155
null,all_alfworld,all,absolute_readout,D_real_projection_only::game::geometry_only,top_quartile_lift,1.7745069931500277,0.9318633737751227,2.2447846635765574,1.559941947206876,845,845,1155
null,all_alfworld,all,absolute_readout,D_factor::token::reward,spearman,0.16871730801028892,-0.3259081486207829,0.42146012808136313,0.057703360635273225,845,845,1155
null,all_alfworld,all,absolute_readout,D_factor::token::reward,average_precision,0.6661826743166457,0.3610918551143654,0.8888632919122745,0.6305561094555012,845,845,1155
null,all_alfworld,all,absolute_readout,D_factor::token::reward,auroc_large_change_vs_rest,0.5454545454545454,0.27380952380952384,0.7564285714285712,0.525565057887543,845,845,1155
null,all_alfworld,all,absolute_readout,D_factor::token::reward,top_quartile_mean_absolute_delta,0.0773611111111111,0.0243202614379085,0.19672078173374608,0.09846286381873737,845,845,1155
null,all_alfworld,all,absolute_readout,D_factor::token::reward,top_quartile_lift,0.8823938863995395,0.2849530378205426,1.6355142508026055,0.9477750214882548,845,845,1155
null,all_alfworld,all,absolute_readout,D_orientation::token::reward,spearman,0.12478050904927618,-0.2898497878552435,0.41585834260017773,0.06713757016681116,845,845,1155
null,all_alfworld,all,absolute_readout,D_orientation::token::reward,average_precision,0.5888017219356932,0.3601748005821148,0.8806344642506738,0.6255001913081841,845,845,1155
null,all_alfworld,all,absolute_readout,D_orientation::token::reward,auroc_large_change_vs_rest,0.5,0.27420634920634923,0.7555555555555555,0.5243063117027614,845,845,1155
null,all_alfworld,all,absolute_readout,D_orientation::token::reward,top_quartile_mean_absolute_delta,0.1301388888888889,0.07143181818181817,0.250347093837535,0.145184708373628,845,845,1155
null,all_alfworld,all,absolute_readout,D_orientation::token::reward,top_quartile_lift,1.4843861248767838,0.8109184087203275,2.0787573248043105,1.4220169937204763,845,845,1155
null,all_alfworld,all,absolute_readout,D_factor_A1::token::reward_free,spearman,0.2970127609764461,-0.17341285829656486,0.553983645036303,0.19138393705538795,845,845,1155
null,all_alfworld,all,absolute_readout,D_factor_A1::token::reward_free,average_precision,0.6797096701965827,0.3943186467528573,0.913584521482907,0.6626909975214058,845,845,1155
null,all_alfworld,all,absolute_readout,D_factor_A1::token::reward_free,auroc_large_change_vs_rest,0.5795454545454546,0.3522727272727273,0.8222222222222222,0.5991740048248924,845,845,1155
null,all_alfworld,all,absolute_readout,D_factor_A1::token::reward_free,top_quartile_mean_absolute_delta,0.1301388888888889,0.07143181818181817,0.250347093837535,0.145184708373628,845,845,1155
null,all_alfworld,all,absolute_readout,D_factor_A1::token::reward_free,top_quartile_lift,1.4843861248767838,0.8109184087203275,2.0787573248043105,1.4220169937204763,845,845,1155
null,all_alfworld,all,absolute_readout,D_orientation_A1::token::reward_free,spearman,0.21441157892974216,-0.1780677396247622,0.5124633526056597,0.16283966878456008,845,845,1155
null,all_alfworld,all,absolute_readout,D_orientation_A1::token::reward_free,average_precision,0.6085474990344114,0.38090779347358295,0.9095837305150661,0.6498210033337165,845,845,1155
null,all_alfworld,all,absolute_readout,D_orientation_A1::token::reward_free,auroc_large_change_vs_rest,0.5340909090909091,0.3409090909090909,0.8068181818181818,0.586038550535592,845,845,1155
null,all_alfworld,all,absolute_readout,D_orientation_A1::token::reward_free,top_quartile_mean_absolute_delta,0.1301388888888889,0.07143181818181817,0.250347093837535,0.145184708373628,845,845,1155
null,all_alfworld,all,absolute_readout,D_orientation_A1::token::reward_free,top_quartile_lift,1.4843861248767838,0.8109184087203275,2.0787573248043105,1.4220169937204763,845,845,1155
null,all_alfworld,all,absolute_readout,D_factor::decision::reward,spearman,0.16168742017652687,-0.3397810404092518,0.41787789055694147,0.058756488012640044,845,845,1155
null,all_alfworld,all,absolute_readout,D_factor::decision::reward,average_precision,0.6539032870372583,0.36868494795476764,0.8816396927883701,0.6303049869563613,845,845,1155
null,all_alfworld,all,absolute_readout,D_factor::decision::reward,auroc_large_change_vs_rest,0.5340909090909091,0.27420634920634923,0.7555555555555555,0.5254602120430523,845,845,1155
null,all_alfworld,all,absolute_readout,D_factor::decision::reward,top_quartile_mean_absolute_delta,0.1301388888888889,0.07143181818181817,0.250347093837535,0.145184708373628,845,845,1155
null,all_alfworld,all,absolute_readout,D_factor::decision::reward,top_quartile_lift,1.4843861248767838,0.8109184087203275,2.0787573248043105,1.4220169937204763,845,845,1155
null,all_alfworld,all,absolute_readout,D_orientation::decision::reward,spearman,0.11950809317395465,-0.2688882945136224,0.41559425791999544,0.0762311045950384,845,845,1155
null,all_alfworld,all,absolute_readout,D_orientation::decision::reward,average_precision,0.5902669234008947,0.36526302644723696,0.8757396092232309,0.624911074340925,845,845,1155
null,all_alfworld,all,absolute_readout,D_orientation::decision::reward,auroc_large_change_vs_rest,0.5113636363636364,0.2845707070707071,0.7684440559440558,0.5310703169283051,845,845,1155
null,all_alfworld,all,absolute_readout,D_orientation::decision::reward,top_quartile_mean_absolute_delta,0.09888888888888889,0.059407591230450627,0.1943857577699801,0.11846614460488064,845,845,1155
null,all_alfworld,all,absolute_readout,D_orientation::decision::reward,top_quartile_lift,1.127943352094205,0.6151804167315741,1.785058474405167,1.1773017375414916,845,845,1155
null,all_alfworld,all,absolute_readout,D_factor_A1::decision::reward_free,spearman,0.19507938738689656,-0.20841490493141696,0.5100743753151524,0.1535295810115256,845,845,1155
null,all_alfworld,all,absolute_readout,D_factor_A1::decision::reward_free,average_precision,0.6338048174735481,0.377700798943059,0.8881698566127469,0.6510277307336164,845,845,1155
null,all_alfworld,all,absolute_readout,D_factor_A1::decision::reward_free,auroc_large_change_vs_rest,0.5113636363636364,0.3409090909090909,0.7976190476190477,0.581287307367189,845,845,1155
null,all_alfworld,all,absolute_readout,D_factor_A1::decision::reward_free,top_quartile_mean_absolute_delta,0.1301388888888889,0.07143181818181817,0.250347093837535,0.145184708373628,845,845,1155
null,all_alfworld,all,absolute_readout,D_factor_A1::decision::reward_free,top_quartile_lift,1.4843861248767838,0.8109184087203275,2.0787573248043105,1.4220169937204763,845,845,1155
null,all_alfworld,all,absolute_readout,D_orientation_A1::decision::reward_free,spearman,0.12478050904927618,-0.20169382001683306,0.4851414465217949,0.13864947437155736,845,845,1155
null,all_alfworld,all,absolute_readout,D_orientation_A1::decision::reward_free,average_precision,0.5746253605668185,0.3744210312713602,0.8903552724794986,0.6415223734418052,845,845,1155
null,all_alfworld,all,absolute_readout,D_orientation_A1::decision::reward_free,auroc_large_change_vs_rest,0.4659090909090909,0.32224025974025977,0.7997619047619048,0.5711858588485808,845,845,1155
null,all_alfworld,all,absolute_readout,D_orientation_A1::decision::reward_free,top_quartile_mean_absolute_delta,0.1301388888888889,0.07143181818181817,0.250347093837535,0.145184708373628,845,845,1155
null,all_alfworld,all,absolute_readout,D_orientation_A1::decision::reward_free,top_quartile_lift,1.4843861248767838,0.8109184087203275,2.0787573248043105,1.4220169937204763,845,845,1155
null,all_alfworld,all,absolute_readout,D_factor::game::reward,spearman,0.07732876617138242,-0.34797098588732495,0.39459465527066784,0.029399695686290857,845,845,1155
null,all_alfworld,all,absolute_readout,D_factor::game::reward,average_precision,0.66950582175744,0.35804848842677783,0.8653478565136847,0.6139760816466489,845,845,1155
null,all_alfworld,all,absolute_readout,D_factor::game::reward,auroc_large_change_vs_rest,0.5340909090909091,0.28948717948717945,0.7430944055944055,0.5095288455791415,845,845,1155
null,all_alfworld,all,absolute_readout,D_factor::game::reward,top_quartile_mean_absolute_delta,0.07708333333333332,0.015599190283400809,0.1934693223443223,0.08943584573075455,845,845,1155
null,all_alfworld,all,absolute_readout,D_factor::game::reward,top_quartile_lift,0.8792255061970277,0.2035185462074568,1.563290323291998,0.8554530314815119,845,845,1155
null,all_alfworld,all,absolute_readout,D_orientation::game::reward,spearman,0.03339196721036968,-0.3208670740019619,0.3616562104229843,0.022742762183048472,845,845,1155
null,all_alfworld,all,absolute_readout,D_orientation::game::reward,average_precision,0.6088997611513794,0.3592095578570037,0.852750556117429,0.5994932178176477,845,845,1155
null,all_alfworld,all,absolute_readout,D_orientation::game::reward,auroc_large_change_vs_rest,0.5113636363636364,0.2840909090909091,0.7376190476190475,0.5036147498129746,845,845,1155
null,all_alfworld,all,absolute_readout,D_orientation::game::reward,top_quartile_mean_absolute_delta,0.07708333333333332,0.015599190283400809,0.1934693223443223,0.08943584573075455,845,845,1155
null,all_alfworld,all,absolute_readout,D_orientation::game::reward,top_quartile_lift,0.8792255061970277,0.2035185462074568,1.563290323291998,0.8554530314815119,845,845,1155
null,all_alfworld,all,absolute_readout,D_factor_A1::game::reward_free,spearman,0.08963106988046599,-0.32934240276349847,0.37603912177364596,0.016676908553378104,845,845,1155
null,all_alfworld,all,absolute_readout,D_factor_A1::game::reward_free,average_precision,0.6335758797446104,0.3617313299588842,0.8756098212573818,0.6276058230804477,845,845,1155
null,all_alfworld,all,absolute_readout,D_factor_A1::game::reward_free,auroc_large_change_vs_rest,0.4772727272727273,0.2840909090909091,0.7380952380952381,0.5238644885686305,845,845,1155
null,all_alfworld,all,absolute_readout,D_factor_A1::game::reward_free,top_quartile_mean_absolute_delta,0.08499999999999999,0.03047710622710623,0.20244147808327573,0.10278801142066521,845,845,1155
null,all_alfworld,all,absolute_readout,D_factor_A1::game::reward_free,top_quartile_lift,0.9695243419686144,0.354878549265897,1.6891089756687037,0.9913656162666116,845,845,1155
null,all_alfworld,all,absolute_readout,D_orientation_A1::game::reward_free,spearman,0.047451742877893756,-0.31722368849851196,0.34767031719622926,0.00818844111114906,845,845,1155
null,all_alfworld,all,absolute_readout,D_orientation_A1::game::reward_free,average_precision,0.5646753358440665,0.3572709972146753,0.8701734896510437,0.6156247486925509,845,845,1155
null,all_alfworld,all,absolute_readout,D_orientation_A1::game::reward_free,auroc_large_change_vs_rest,0.4431818181818182,0.2845707070707071,0.7271645021645021,0.5152336503076147,845,845,1155
null,all_alfworld,all,absolute_readout,D_orientation_A1::game::reward_free,top_quartile_mean_absolute_delta,0.08499999999999999,0.03047710622710623,0.20244147808327573,0.10278801142066521,845,845,1155
null,all_alfworld,all,absolute_readout,D_orientation_A1::game::reward_free,top_quartile_lift,0.9695243419686144,0.354878549265897,1.6891089756687037,0.9913656162666116,845,845,1155
