start_update,global_update,window_horizon,window_role,control,skill_id,context_id,phase,anchor_count,game_count,source_trajectory_count,continuation_repeats,paired_anchor_repeats,utility_old,utility_new,delta_utility,ci_low,ci_high,direction,interval_status,quantity_filter_applied,negative_point_label,original_old,control_old,original_new,control_new,delta_original,delta_control,ci_width,ci_contains_zero,degenerate_interval,direction_at_zero,precision_panel
0,5,5,test,placebo,skillnet:alfworld-appliance-navigator,all_alfworld,all,62,62,62,2,124,-0.056451612903225805,0.016129032258064516,0.07258064516129033,-0.03225806451612903,0.18548387096774194,uncertain,paired_game_cluster_bootstrap,False,False,0.27419354838709675,0.33064516129032256,0.27419354838709675,0.25806451612903225,0.0,-0.07258064516129031,0.21774193548387097,True,False,unresolved,gold2
0,5,5,test,placebo,skillnet:alfworld-appliance-navigator,all_alfworld,initial,42,42,42,2,84,-0.07142857142857142,0.023809523809523808,0.09523809523809523,-0.047619047619047616,0.25,uncertain,paired_game_cluster_bootstrap,False,False,0.34523809523809523,0.4166666666666667,0.3333333333333333,0.30952380952380953,-0.011904761904761918,-0.10714285714285715,0.2976190476190476,True,False,unresolved,gold2
0,5,5,test,placebo,skillnet:alfworld-appliance-navigator,all_alfworld,early,8,8,8,2,16,-0.0625,0.0,0.0625,-0.1875,0.5,uncertain,paired_game_cluster_bootstrap,False,False,0.1875,0.25,0.25,0.25,0.0625,0.0,0.6875,True,False,unresolved,gold2
0,5,5,test,placebo,skillnet:alfworld-appliance-navigator,all_alfworld,middle,6,6,6,2,12,0.0,0.0,0.0,0.0,0.0,stable,paired_game_cluster_bootstrap,False,False,0.16666666666666666,0.16666666666666666,0.16666666666666666,0.16666666666666666,0.0,0.0,0.0,True,True,unresolved,gold2
0,5,5,test,placebo,skillnet:alfworld-appliance-navigator,all_alfworld,late,6,6,6,2,12,0.0,0.0,0.0,0.0,0.0,stable,paired_game_cluster_bootstrap,False,False,0.0,0.0,0.0,0.0,0.0,0.0,0.0,True,True,unresolved,gold2
0,5,5,test,placebo,skillnet:alfworld-appliance-preparer,all_alfworld,all,8,8,8,2,16,0.0,0.0,0.0,0.0,0.0,stable,paired_game_cluster_bootstrap,False,False,0.0,0.0,0.0,0.0,0.0,0.0,0.0,True,True,unresolved,gold2
0,5,5,test,placebo,skillnet:alfworld-appliance-preparer,all_alfworld,middle,4,4,4,2,8,0.0,0.0,0.0,0.0,0.0,stable,paired_game_cluster_bootstrap,False,False,0.0,0.0,0.0,0.0,0.0,0.0,0.0,True,True,unresolved,gold2
0,5,5,test,placebo,skillnet:alfworld-appliance-preparer,all_alfworld,late,4,4,4,2,8,0.0,0.0,0.0,0.0,0.0,stable,paired_game_cluster_bootstrap,False,False,0.0,0.0,0.0,0.0,0.0,0.0,0.0,True,True,unresolved,gold2
0,5,5,test,placebo,skillnet:alfworld-clean-object,all_alfworld,all,37,37,37,2,74,-0.0945945945945946,-0.05405405405405406,0.04054054054054054,-0.10810810810810811,0.1891891891891892,uncertain,paired_game_cluster_bootstrap,False,False,0.2972972972972973,0.3918918918918919,0.28378378378378377,0.33783783783783783,-0.013513513513513542,-0.05405405405405406,0.2972972972972973,True,False,unresolved,gold2
0,5,5,test,placebo,skillnet:alfworld-clean-object,all_alfworld,initial,25,25,25,2,50,-0.26,-0.18,0.08,-0.08,0.24,uncertain,paired_game_cluster_bootstrap,False,False,0.22,0.48,0.2,0.38,-0.01999999999999999,-0.09999999999999998,0.32,True,False,unresolved,gold2
0,5,5,test,placebo,skillnet:alfworld-clean-object,all_alfworld,early,9,9,9,2,18,0.2222222222222222,0.05555555555555555,-0.16666666666666666,-0.5555555555555556,0.16666666666666666,uncertain,paired_game_cluster_bootstrap,False,True,0.5,0.2777777777777778,0.3888888888888889,0.3333333333333333,-0.1111111111111111,0.055555555555555525,0.7222222222222222,True,False,unresolved,gold2
0,5,5,test,placebo,skillnet:alfworld-clean-object,all_alfworld,middle,1,1,1,2,2,0.0,1.0,1.0,,,uncertain,single_game_interval_undefined,False,False,0.0,0.0,1.0,0.0,1.0,0.0,,False,False,interval_undefined,gold2
0,5,5,test,placebo,skillnet:alfworld-clean-object,all_alfworld,late,2,2,2,2,4,0.5,0.5,0.0,0.0,0.0,stable,paired_game_cluster_bootstrap,False,False,0.5,0.0,0.5,0.0,0.0,0.0,0.0,True,True,unresolved,gold2
0,5,5,test,placebo,skillnet:alfworld-device-operator,all_alfworld,all,59,59,59,2,118,0.059322033898305086,0.1440677966101695,0.0847457627118644,-0.0423728813559322,0.22033898305084745,uncertain,paired_game_cluster_bootstrap,False,False,0.2966101694915254,0.23728813559322035,0.423728813559322,0.2796610169491525,0.1271186440677966,0.042372881355932174,0.2627118644067796,True,False,unresolved,gold2
0,5,5,test,placebo,skillnet:alfworld-device-operator,all_alfworld,initial,22,22,22,2,44,0.11363636363636363,0.2727272727272727,0.1590909090909091,-0.06818181818181818,0.38636363636363635,uncertain,paired_game_cluster_bootstrap,False,False,0.36363636363636365,0.25,0.5681818181818182,0.29545454545454547,0.20454545454545459,0.04545454545454547,0.45454545454545453,True,False,unresolved,gold2
0,5,5,test,placebo,skillnet:alfworld-device-operator,all_alfworld,early,27,27,27,2,54,0.05555555555555555,0.1111111111111111,0.05555555555555555,-0.14814814814814814,0.2777777777777778,uncertain,paired_game_cluster_bootstrap,False,False,0.2962962962962963,0.24074074074074073,0.42592592592592593,0.3148148148148148,0.12962962962962965,0.0740740740740741,0.42592592592592593,True,False,unresolved,gold2
0,5,5,test,placebo,skillnet:alfworld-device-operator,all_alfworld,middle,7,7,7,2,14,-0.07142857142857142,-0.07142857142857142,0.0,-0.21428571428571427,0.21428571428571427,uncertain,paired_game_cluster_bootstrap,False,False,0.21428571428571427,0.2857142857142857,0.14285714285714285,0.21428571428571427,-0.07142857142857142,-0.07142857142857142,0.42857142857142855,True,False,unresolved,gold2
0,5,5,test,placebo,skillnet:alfworld-device-operator,all_alfworld,late,3,3,3,2,6,0.0,0.0,0.0,0.0,0.0,stable,paired_game_cluster_bootstrap,False,False,0.0,0.0,0.0,0.0,0.0,0.0,0.0,True,True,unresolved,gold2
0,5,5,test,placebo,skillnet:alfworld-heat-object-with-appliance,all_alfworld,all,32,32,32,2,64,0.15625,0.234375,0.078125,-0.046875,0.21875,uncertain,paired_game_cluster_bootstrap,False,False,0.234375,0.078125,0.296875,0.0625,0.0625,-0.015625,0.265625,True,False,unresolved,gold2
0,5,5,test,placebo,skillnet:alfworld-heat-object-with-appliance,all_alfworld,early,13,13,13,2,26,0.15384615384615385,0.2692307692307692,0.11538461538461539,-0.15384615384615385,0.38461538461538464,uncertain,paired_game_cluster_bootstrap,False,False,0.23076923076923078,0.07692307692307693,0.38461538461538464,0.11538461538461539,0.15384615384615385,0.038461538461538464,0.5384615384615385,True,False,unresolved,gold2
0,5,5,test,placebo,skillnet:alfworld-heat-object-with-appliance,all_alfworld,middle,12,12,12,2,24,0.25,0.2916666666666667,0.041666666666666664,-0.125,0.20833333333333334,uncertain,paired_game_cluster_bootstrap,False,False,0.3333333333333333,0.08333333333333333,0.2916666666666667,0.0,-0.04166666666666663,-0.08333333333333333,0.33333333333333337,True,False,unresolved,gold2
0,5,5,test,placebo,skillnet:alfworld-heat-object-with-appliance,all_alfworld,late,7,7,7,2,14,0.0,0.07142857142857142,0.07142857142857142,0.0,0.2857142857142857,uncertain,paired_game_cluster_bootstrap,False,False,0.07142857142857142,0.07142857142857142,0.14285714285714285,0.07142857142857142,0.07142857142857142,0.0,0.2857142857142857,True,False,unresolved,gold2
0,5,5,test,placebo,skillnet:alfworld-inventory-management,all_alfworld,all,2,2,2,2,4,0.0,0.0,0.0,0.0,0.0,stable,paired_game_cluster_bootstrap,False,False,0.5,0.5,0.5,0.5,0.0,0.0,0.0,True,True,unresolved,gold2
0,5,5,test,placebo,skillnet:alfworld-inventory-management,all_alfworld,early,2,2,2,2,4,0.0,0.0,0.0,0.0,0.0,stable,paired_game_cluster_bootstrap,False,False,0.5,0.5,0.5,0.5,0.0,0.0,0.0,True,True,unresolved,gold2
0,5,5,test,placebo,skillnet:alfworld-locate-target-object,all_alfworld,all,2,2,2,2,4,0.0,0.0,0.0,0.0,0.0,stable,paired_game_cluster_bootstrap,False,False,0.5,0.5,0.5,0.5,0.0,0.0,0.0,True,True,unresolved,gold2
0,5,5,test,placebo,skillnet:alfworld-locate-target-object,all_alfworld,initial,2,2,2,2,4,0.0,0.0,0.0,0.0,0.0,stable,paired_game_cluster_bootstrap,False,False,0.5,0.5,0.5,0.5,0.0,0.0,0.0,True,True,unresolved,gold2
0,5,5,test,placebo,skillnet:alfworld-object-cooler,all_alfworld,all,21,21,21,2,42,0.023809523809523808,0.09523809523809523,0.07142857142857142,-0.09523809523809523,0.2619047619047619,uncertain,paired_game_cluster_bootstrap,False,False,0.30952380952380953,0.2857142857142857,0.2857142857142857,0.19047619047619047,-0.023809523809523836,-0.09523809523809523,0.35714285714285715,True,False,unresolved,gold2
0,5,5,test,placebo,skillnet:alfworld-object-cooler,all_alfworld,early,9,9,9,2,18,0.05555555555555555,0.0,-0.05555555555555555,-0.3888888888888889,0.2222222222222222,uncertain,paired_game_cluster_bootstrap,False,True,0.4444444444444444,0.3888888888888889,0.3333333333333333,0.3333333333333333,-0.1111111111111111,-0.05555555555555558,0.6111111111111112,True,False,unresolved,gold2
0,5,5,test,placebo,skillnet:alfworld-object-cooler,all_alfworld,middle,6,6,6,2,12,-0.08333333333333333,0.16666666666666666,0.25,0.0,0.5833333333333334,uncertain,paired_game_cluster_bootstrap,False,False,0.3333333333333333,0.4166666666666667,0.3333333333333333,0.16666666666666666,0.0,-0.25,0.5833333333333334,True,False,unresolved,gold2
0,5,5,test,placebo,skillnet:alfworld-object-cooler,all_alfworld,late,6,6,6,2,12,0.08333333333333333,0.16666666666666666,0.08333333333333333,0.0,0.3333333333333333,uncertain,paired_game_cluster_bootstrap,False,False,0.08333333333333333,0.0,0.16666666666666666,0.0,0.08333333333333333,0.0,0.3333333333333333,True,False,unresolved,gold2
0,5,5,test,placebo,skillnet:alfworld-object-disposer,all_alfworld,all,2,2,2,2,4,0.0,0.0,0.0,0.0,0.0,stable,paired_game_cluster_bootstrap,False,False,0.5,0.5,0.25,0.25,-0.25,-0.25,0.0,True,True,unresolved,gold2
0,5,5,test,placebo,skillnet:alfworld-object-disposer,all_alfworld,early,2,2,2,2,4,0.0,0.0,0.0,0.0,0.0,stable,paired_game_cluster_bootstrap,False,False,0.5,0.5,0.25,0.25,-0.25,-0.25,0.0,True,True,unresolved,gold2
0,5,5,test,placebo,skillnet:alfworld-object-heater,all_alfworld,all,9,9,9,2,18,0.0,0.0,0.0,-0.2777777777777778,0.2777777777777778,uncertain,paired_game_cluster_bootstrap,False,False,0.2777777777777778,0.2777777777777778,0.4444444444444444,0.4444444444444444,0.16666666666666663,0.16666666666666663,0.5555555555555556,True,False,unresolved,gold2
0,5,5,test,placebo,skillnet:alfworld-object-heater,all_alfworld,early,1,1,1,2,2,0.0,0.0,0.0,,,uncertain,single_game_interval_undefined,False,False,0.0,0.0,1.0,1.0,1.0,1.0,,False,False,interval_undefined,gold2
0,5,5,test,placebo,skillnet:alfworld-object-heater,all_alfworld,middle,4,4,4,2,8,0.0,0.125,0.125,-0.375,0.625,uncertain,paired_game_cluster_bootstrap,False,False,0.625,0.625,0.5,0.375,-0.125,-0.25,1.0,True,False,unresolved,gold2
0,5,5,test,placebo,skillnet:alfworld-object-heater,all_alfworld,late,4,4,4,2,8,0.0,-0.125,-0.125,-0.5,0.0,uncertain,paired_game_cluster_bootstrap,False,True,0.0,0.0,0.25,0.375,0.25,0.375,0.5,True,False,unresolved,gold2
0,5,5,test,placebo,skillnet:alfworld-object-picker,all_alfworld,all,7,7,7,2,14,0.0,0.0,0.0,-0.21428571428571427,0.21428571428571427,uncertain,paired_game_cluster_bootstrap,False,False,0.14285714285714285,0.14285714285714285,0.21428571428571427,0.21428571428571427,0.07142857142857142,0.07142857142857142,0.42857142857142855,True,False,unresolved,gold2
0,5,5,test,placebo,skillnet:alfworld-object-picker,all_alfworld,early,4,4,4,2,8,0.125,0.0,-0.125,-0.5,0.0,uncertain,paired_game_cluster_bootstrap,False,True,0.125,0.0,0.0,0.0,-0.125,0.0,0.5,True,False,unresolved,gold2
0,5,5,test,placebo,skillnet:alfworld-object-picker,all_alfworld,middle,1,1,1,2,2,-0.5,0.0,0.5,,,uncertain,single_game_interval_undefined,False,False,0.5,1.0,0.5,0.5,0.0,-0.5,,False,False,interval_undefined,gold2
0,5,5,test,placebo,skillnet:alfworld-object-picker,all_alfworld,late,2,2,2,2,4,0.0,0.0,0.0,0.0,0.0,stable,paired_game_cluster_bootstrap,False,False,0.0,0.0,0.5,0.5,0.5,0.5,0.0,True,True,unresolved,gold2
0,5,5,test,placebo,skillnet:alfworld-object-placer,all_alfworld,all,23,23,23,2,46,-0.15217391304347827,-0.08695652173913043,0.06521739130434782,-0.10869565217391304,0.2391304347826087,uncertain,paired_game_cluster_bootstrap,False,False,0.32608695652173914,0.4782608695652174,0.32608695652173914,0.41304347826086957,0.0,-0.06521739130434784,0.34782608695652173,True,False,unresolved,gold2
0,5,5,test,placebo,skillnet:alfworld-object-placer,all_alfworld,initial,3,3,3,2,6,0.16666666666666666,0.0,-0.16666666666666666,-0.6666666666666666,0.0,uncertain,paired_game_cluster_bootstrap,False,True,0.16666666666666666,0.0,0.0,0.0,-0.16666666666666666,0.0,0.6666666666666666,True,False,unresolved,gold2
0,5,5,test,placebo,skillnet:alfworld-object-placer,all_alfworld,early,4,4,4,2,8,-0.5,-0.375,0.125,-0.25,0.625,uncertain,paired_game_cluster_bootstrap,False,False,0.0,0.5,0.25,0.625,0.25,0.125,0.875,True,False,unresolved,gold2
0,5,5,test,placebo,skillnet:alfworld-object-placer,all_alfworld,middle,10,10,10,2,20,-0.1,-0.05,0.05,-0.2,0.3,uncertain,paired_game_cluster_bootstrap,False,False,0.6,0.7,0.55,0.6,-0.04999999999999993,-0.09999999999999998,0.5,True,False,unresolved,gold2
0,5,5,test,placebo,skillnet:alfworld-object-placer,all_alfworld,late,6,6,6,2,12,-0.16666666666666666,0.0,0.16666666666666666,0.0,0.4166666666666667,uncertain,paired_game_cluster_bootstrap,False,False,0.16666666666666666,0.3333333333333333,0.16666666666666666,0.16666666666666666,0.0,-0.16666666666666666,0.4166666666666667,True,False,unresolved,gold2
0,5,5,test,placebo,skillnet:alfworld-object-retriever,all_alfworld,all,15,15,15,2,30,-0.03333333333333333,0.0,0.03333333333333333,-0.1,0.2,uncertain,paired_game_cluster_bootstrap,False,False,0.3333333333333333,0.36666666666666664,0.3,0.3,-0.033333333333333326,-0.06666666666666665,0.30000000000000004,True,False,unresolved,gold2
0,5,5,test,placebo,skillnet:alfworld-object-retriever,all_alfworld,initial,2,2,2,2,4,0.0,0.0,0.0,0.0,0.0,stable,paired_game_cluster_bootstrap,False,False,0.0,0.0,0.25,0.25,0.25,0.25,0.0,True,True,unresolved,gold2
0,5,5,test,placebo,skillnet:alfworld-object-retriever,all_alfworld,early,13,13,13,2,26,-0.038461538461538464,0.0,0.038461538461538464,-0.11538461538461539,0.23076923076923078,uncertain,paired_game_cluster_bootstrap,False,False,0.38461538461538464,0.4230769230769231,0.3076923076923077,0.3076923076923077,-0.07692307692307693,-0.11538461538461536,0.34615384615384615,True,False,unresolved,gold2
0,5,5,test,placebo,skillnet:alfworld-object-state-inspector,all_alfworld,all,18,18,18,2,36,0.05555555555555555,0.25,0.19444444444444445,-0.08333333333333333,0.5,uncertain,paired_game_cluster_bootstrap,False,False,0.3888888888888889,0.3333333333333333,0.8333333333333334,0.5833333333333334,0.4444444444444445,0.25000000000000006,0.5833333333333334,True,False,unresolved,gold2
0,5,5,test,placebo,skillnet:alfworld-object-state-inspector,all_alfworld,initial,10,10,10,2,20,0.1,0.05,-0.05,-0.4,0.3,uncertain,paired_game_cluster_bootstrap,False,False,0.2,0.1,0.7,0.65,0.49999999999999994,0.55,0.7,True,False,unresolved,gold2
0,5,5,test,placebo,skillnet:alfworld-object-state-inspector,all_alfworld,early,7,7,7,2,14,0.0,0.5714285714285714,0.5714285714285714,0.14285714285714285,1.0,positive,paired_game_cluster_bootstrap,False,False,0.5714285714285714,0.5714285714285714,1.0,0.42857142857142855,0.4285714285714286,-0.14285714285714285,0.8571428571428572,False,False,increase_resolved,gold2
0,5,5,test,placebo,skillnet:alfworld-object-state-inspector,all_alfworld,middle,1,1,1,2,2,0.0,0.0,0.0,,,uncertain,single_game_interval_undefined,False,False,1.0,1.0,1.0,1.0,0.0,0.0,,False,False,interval_undefined,gold2
0,5,5,test,placebo,skillnet:alfworld-object-storer,all_alfworld,all,18,18,18,2,36,-0.05555555555555555,0.0,0.05555555555555555,0.0,0.16666666666666666,uncertain,paired_game_cluster_bootstrap,False,False,0.1111111111111111,0.16666666666666666,0.16666666666666666,0.16666666666666666,0.05555555555555555,0.0,0.16666666666666666,True,False,unresolved,gold2
0,5,5,test,placebo,skillnet:alfworld-object-storer,all_alfworld,early,8,8,8,2,16,-0.125,0.0,0.125,0.0,0.375,uncertain,paired_game_cluster_bootstrap,False,False,0.0,0.125,0.125,0.125,0.125,0.0,0.375,True,False,unresolved,gold2
0,5,5,test,placebo,skillnet:alfworld-object-storer,all_alfworld,middle,6,6,6,2,12,0.0,0.0,0.0,0.0,0.0,stable,paired_game_cluster_bootstrap,False,False,0.16666666666666666,0.16666666666666666,0.16666666666666666,0.16666666666666666,0.0,0.0,0.0,True,True,unresolved,gold2
0,5,5,test,placebo,skillnet:alfworld-object-storer,all_alfworld,late,4,4,4,2,8,0.0,0.0,0.0,0.0,0.0,stable,paired_game_cluster_bootstrap,False,False,0.25,0.25,0.25,0.25,0.0,0.0,0.0,True,True,unresolved,gold2
0,5,5,test,placebo,skillnet:alfworld-object-transporter,all_alfworld,all,1,1,1,2,2,0.0,0.0,0.0,,,uncertain,single_game_interval_undefined,False,False,1.0,1.0,1.0,1.0,0.0,0.0,,False,False,interval_undefined,gold2
0,5,5,test,placebo,skillnet:alfworld-object-transporter,all_alfworld,late,1,1,1,2,2,0.0,0.0,0.0,,,uncertain,single_game_interval_undefined,False,False,1.0,1.0,1.0,1.0,0.0,0.0,,False,False,interval_undefined,gold2
0,5,5,test,placebo,skillnet:alfworld-receptacle-closer,all_alfworld,all,5,5,5,2,10,0.1,-0.1,-0.2,-0.5,0.0,uncertain,paired_game_cluster_bootstrap,False,True,0.2,0.1,0.2,0.3,0.0,0.19999999999999998,0.5,True,False,unresolved,gold2
0,5,5,test,placebo,skillnet:alfworld-receptacle-closer,all_alfworld,middle,4,4,4,2,8,0.125,-0.125,-0.25,-0.625,0.0,uncertain,paired_game_cluster_bootstrap,False,True,0.25,0.125,0.25,0.375,0.0,0.25,0.625,True,False,unresolved,gold2
0,5,5,test,placebo,skillnet:alfworld-receptacle-closer,all_alfworld,late,1,1,1,2,2,0.0,0.0,0.0,,,uncertain,single_game_interval_undefined,False,False,0.0,0.0,0.0,0.0,0.0,0.0,,False,False,interval_undefined,gold2
0,5,5,test,placebo,skillnet:alfworld-receptacle-finder,all_alfworld,all,10,10,10,2,20,-0.2,0.1,0.3,0.05,0.6,uncertain,paired_game_cluster_bootstrap,False,False,0.05,0.25,0.2,0.1,0.15000000000000002,-0.15,0.5499999999999999,False,False,increase_resolved,gold2
0,5,5,test,placebo,skillnet:alfworld-receptacle-finder,all_alfworld,initial,3,3,3,2,6,-0.3333333333333333,0.0,0.3333333333333333,0.0,1.0,uncertain,paired_game_cluster_bootstrap,False,False,0.0,0.3333333333333333,0.0,0.0,0.0,-0.3333333333333333,1.0,True,False,unresolved,gold2
0,5,5,test,placebo,skillnet:alfworld-receptacle-finder,all_alfworld,early,1,1,1,2,2,-0.5,0.0,0.5,,,uncertain,single_game_interval_undefined,False,False,0.5,1.0,1.0,1.0,0.5,0.0,,False,False,interval_undefined,gold2
0,5,5,test,placebo,skillnet:alfworld-receptacle-finder,all_alfworld,middle,1,1,1,2,2,0.0,1.0,1.0,,,uncertain,single_game_interval_undefined,False,False,0.0,0.0,1.0,0.0,1.0,0.0,,False,False,interval_undefined,gold2
0,5,5,test,placebo,skillnet:alfworld-receptacle-finder,all_alfworld,late,5,5,5,2,10,-0.1,0.0,0.1,0.0,0.4,uncertain,paired_game_cluster_bootstrap,False,False,0.0,0.1,0.0,0.0,0.0,-0.1,0.4,True,False,unresolved,gold2
0,5,5,test,placebo,skillnet:alfworld-receptacle-navigator,all_alfworld,all,2,2,2,2,4,0.0,0.0,0.0,0.0,0.0,stable,paired_game_cluster_bootstrap,False,False,0.0,0.0,0.0,0.0,0.0,0.0,0.0,True,True,unresolved,gold2
0,5,5,test,placebo,skillnet:alfworld-receptacle-navigator,all_alfworld,early,2,2,2,2,4,0.0,0.0,0.0,0.0,0.0,stable,paired_game_cluster_bootstrap,False,False,0.0,0.0,0.0,0.0,0.0,0.0,0.0,True,True,unresolved,gold2
0,5,5,test,placebo,skillnet:alfworld-receptacle-opener,all_alfworld,all,8,8,8,2,16,0.0,-0.0625,-0.0625,-0.25,0.0,uncertain,paired_game_cluster_bootstrap,False,True,0.0,0.0,0.0,0.0625,0.0,0.0625,0.25,True,False,unresolved,gold2
0,5,5,test,placebo,skillnet:alfworld-receptacle-opener,all_alfworld,early,1,1,1,2,2,0.0,-0.5,-0.5,,,uncertain,single_game_interval_undefined,False,True,0.0,0.0,0.0,0.5,0.0,0.5,,False,False,interval_undefined,gold2
0,5,5,test,placebo,skillnet:alfworld-receptacle-opener,all_alfworld,middle,2,2,2,2,4,0.0,0.0,0.0,0.0,0.0,stable,paired_game_cluster_bootstrap,False,False,0.0,0.0,0.0,0.0,0.0,0.0,0.0,True,True,unresolved,gold2
0,5,5,test,placebo,skillnet:alfworld-receptacle-opener,all_alfworld,late,5,5,5,2,10,0.0,0.0,0.0,0.0,0.0,stable,paired_game_cluster_bootstrap,False,False,0.0,0.0,0.0,0.0,0.0,0.0,0.0,True,True,unresolved,gold2
0,5,5,test,placebo,skillnet:alfworld-receptacle-operator,all_alfworld,all,7,7,7,2,14,0.0,-0.14285714285714285,-0.14285714285714285,-0.42857142857142855,0.0,uncertain,paired_game_cluster_bootstrap,False,True,0.2857142857142857,0.2857142857142857,0.07142857142857142,0.21428571428571427,-0.21428571428571427,-0.07142857142857142,0.42857142857142855,True,False,unresolved,gold2
0,5,5,test,placebo,skillnet:alfworld-receptacle-operator,all_alfworld,early,2,2,2,2,4,0.0,-0.5,-0.5,-1.0,0.0,uncertain,paired_game_cluster_bootstrap,False,True,0.5,0.5,0.0,0.5,-0.5,0.0,1.0,True,False,unresolved,gold2
0,5,5,test,placebo,skillnet:alfworld-receptacle-operator,all_alfworld,middle,3,3,3,2,6,0.0,0.0,0.0,0.0,0.0,stable,paired_game_cluster_bootstrap,False,False,0.3333333333333333,0.3333333333333333,0.16666666666666666,0.16666666666666666,-0.16666666666666666,-0.16666666666666666,0.0,True,True,unresolved,gold2
0,5,5,test,placebo,skillnet:alfworld-receptacle-operator,all_alfworld,late,2,2,2,2,4,0.0,0.0,0.0,0.0,0.0,stable,paired_game_cluster_bootstrap,False,False,0.0,0.0,0.0,0.0,0.0,0.0,0.0,True,True,unresolved,gold2
0,5,5,test,placebo,skillnet:alfworld-receptacle-searcher,all_alfworld,all,2,2,2,2,4,0.25,0.0,-0.25,-0.75,0.0,uncertain,paired_game_cluster_bootstrap,False,True,1.0,0.75,0.75,0.75,-0.25,0.0,0.75,True,False,unresolved,gold2
0,5,5,test,placebo,skillnet:alfworld-receptacle-searcher,all_alfworld,initial,2,2,2,2,4,0.25,0.0,-0.25,-0.75,0.0,uncertain,paired_game_cluster_bootstrap,False,True,1.0,0.75,0.75,0.75,-0.25,0.0,0.75,True,False,unresolved,gold2
0,5,5,test,placebo,skillnet:alfworld-storage-explorer,all_alfworld,all,44,44,44,2,88,-0.06818181818181818,-0.11363636363636363,-0.045454545454545456,-0.1590909090909091,0.06818181818181818,uncertain,paired_game_cluster_bootstrap,False,False,0.2159090909090909,0.2840909090909091,0.2727272727272727,0.38636363636363635,0.056818181818181795,0.10227272727272724,0.22727272727272727,True,False,unresolved,gold2
0,5,5,test,placebo,skillnet:alfworld-storage-explorer,all_alfworld,initial,23,23,23,2,46,-0.13043478260869565,-0.17391304347826086,-0.043478260869565216,-0.21739130434782608,0.13043478260869565,uncertain,paired_game_cluster_bootstrap,False,False,0.17391304347826086,0.30434782608695654,0.32608695652173914,0.5,0.15217391304347827,0.19565217391304346,0.34782608695652173,True,False,unresolved,gold2
0,5,5,test,placebo,skillnet:alfworld-storage-explorer,all_alfworld,early,18,18,18,2,36,0.0,-0.05555555555555555,-0.05555555555555555,-0.2222222222222222,0.1111111111111111,uncertain,paired_game_cluster_bootstrap,False,True,0.3055555555555556,0.3055555555555556,0.25,0.3055555555555556,-0.05555555555555558,0.0,0.3333333333333333,True,False,unresolved,gold2
0,5,5,test,placebo,skillnet:alfworld-storage-explorer,all_alfworld,middle,1,1,1,2,2,0.0,0.0,0.0,,,uncertain,single_game_interval_undefined,False,False,0.0,0.0,0.0,0.0,0.0,0.0,,False,False,interval_undefined,gold2
0,5,5,test,placebo,skillnet:alfworld-storage-explorer,all_alfworld,late,2,2,2,2,4,0.0,0.0,0.0,0.0,0.0,stable,paired_game_cluster_bootstrap,False,False,0.0,0.0,0.0,0.0,0.0,0.0,0.0,True,True,unresolved,gold2
0,5,5,test,placebo,skillnet:alfworld-temperature-regulator,all_alfworld,all,6,6,6,2,12,0.08333333333333333,0.0,-0.08333333333333333,-0.3333333333333333,0.0,uncertain,paired_game_cluster_bootstrap,False,True,0.08333333333333333,0.0,0.0,0.0,-0.08333333333333333,0.0,0.3333333333333333,True,False,unresolved,gold2
0,5,5,test,placebo,skillnet:alfworld-temperature-regulator,all_alfworld,middle,2,2,2,2,4,0.25,0.0,-0.25,-0.75,0.0,uncertain,paired_game_cluster_bootstrap,False,True,0.25,0.0,0.0,0.0,-0.25,0.0,0.75,True,False,unresolved,gold2
0,5,5,test,placebo,skillnet:alfworld-temperature-regulator,all_alfworld,late,4,4,4,2,8,0.0,0.0,0.0,0.0,0.0,stable,paired_game_cluster_bootstrap,False,False,0.0,0.0,0.0,0.0,0.0,0.0,0.0,True,True,unresolved,gold2
0,5,5,test,placebo,skillnet:alfworld-tool-locator,all_alfworld,all,4,4,4,2,8,-0.125,0.0,0.125,0.0,0.5,uncertain,paired_game_cluster_bootstrap,False,False,0.25,0.375,0.5,0.5,0.25,0.125,0.5,True,False,unresolved,gold2
0,5,5,test,placebo,skillnet:alfworld-tool-locator,all_alfworld,early,4,4,4,2,8,-0.125,0.0,0.125,0.0,0.5,uncertain,paired_game_cluster_bootstrap,False,False,0.25,0.375,0.5,0.5,0.25,0.125,0.5,True,False,unresolved,gold2
0,5,5,test,null,skillnet:alfworld-appliance-navigator,all_alfworld,all,62,62,62,2,124,0.0,-0.04032258064516129,-0.04032258064516129,-0.16129032258064516,0.08064516129032258,uncertain,paired_game_cluster_bootstrap,False,False,0.27419354838709675,0.27419354838709675,0.27419354838709675,0.31451612903225806,0.0,0.04032258064516131,0.24193548387096775,True,False,unresolved,gold2
0,5,5,test,null,skillnet:alfworld-appliance-navigator,all_alfworld,initial,42,42,42,2,84,0.023809523809523808,-0.047619047619047616,-0.07142857142857142,-0.2261904761904762,0.08333333333333333,uncertain,paired_game_cluster_bootstrap,False,True,0.34523809523809523,0.32142857142857145,0.3333333333333333,0.38095238095238093,-0.011904761904761918,0.05952380952380948,0.30952380952380953,True,False,unresolved,gold2
0,5,5,test,null,skillnet:alfworld-appliance-navigator,all_alfworld,early,8,8,8,2,16,-0.0625,-0.0625,0.0,-0.375,0.375,uncertain,paired_game_cluster_bootstrap,False,False,0.1875,0.25,0.25,0.3125,0.0625,0.0625,0.75,True,False,unresolved,gold2
0,5,5,test,null,skillnet:alfworld-appliance-navigator,all_alfworld,middle,6,6,6,2,12,0.0,0.0,0.0,0.0,0.0,stable,paired_game_cluster_bootstrap,False,False,0.16666666666666666,0.16666666666666666,0.16666666666666666,0.16666666666666666,0.0,0.0,0.0,True,True,unresolved,gold2
0,5,5,test,null,skillnet:alfworld-appliance-navigator,all_alfworld,late,6,6,6,2,12,-0.08333333333333333,0.0,0.08333333333333333,0.0,0.3333333333333333,uncertain,paired_game_cluster_bootstrap,False,False,0.0,0.08333333333333333,0.0,0.0,0.0,-0.08333333333333333,0.3333333333333333,True,False,unresolved,gold2
0,5,5,test,null,skillnet:alfworld-appliance-preparer,all_alfworld,all,8,8,8,2,16,0.0,0.0,0.0,0.0,0.0,stable,paired_game_cluster_bootstrap,False,False,0.0,0.0,0.0,0.0,0.0,0.0,0.0,True,True,unresolved,gold2
0,5,5,test,null,skillnet:alfworld-appliance-preparer,all_alfworld,middle,4,4,4,2,8,0.0,0.0,0.0,0.0,0.0,stable,paired_game_cluster_bootstrap,False,False,0.0,0.0,0.0,0.0,0.0,0.0,0.0,True,True,unresolved,gold2
0,5,5,test,null,skillnet:alfworld-appliance-preparer,all_alfworld,late,4,4,4,2,8,0.0,0.0,0.0,0.0,0.0,stable,paired_game_cluster_bootstrap,False,False,0.0,0.0,0.0,0.0,0.0,0.0,0.0,True,True,unresolved,gold2
0,5,5,test,null,skillnet:alfworld-clean-object,all_alfworld,all,37,37,37,2,74,-0.0945945945945946,0.05405405405405406,0.14864864864864866,-0.02702702702702703,0.32432432432432434,uncertain,paired_game_cluster_bootstrap,False,False,0.2972972972972973,0.3918918918918919,0.28378378378378377,0.22972972972972974,-0.013513513513513542,-0.16216216216216214,0.35135135135135137,True,False,unresolved,gold2
0,5,5,test,null,skillnet:alfworld-clean-object,all_alfworld,initial,25,25,25,2,50,-0.2,-0.06,0.14,-0.06,0.36,uncertain,paired_game_cluster_bootstrap,False,False,0.22,0.42,0.2,0.26,-0.01999999999999999,-0.15999999999999998,0.42,True,False,unresolved,gold2
0,5,5,test,null,skillnet:alfworld-clean-object,all_alfworld,early,9,9,9,2,18,0.05555555555555555,0.16666666666666666,0.1111111111111111,-0.2777777777777778,0.5,uncertain,paired_game_cluster_bootstrap,False,False,0.5,0.4444444444444444,0.3888888888888889,0.2222222222222222,-0.1111111111111111,-0.2222222222222222,0.7777777777777778,True,False,unresolved,gold2
0,5,5,test,null,skillnet:alfworld-clean-object,all_alfworld,middle,1,1,1,2,2,0.0,1.0,1.0,,,uncertain,single_game_interval_undefined,False,False,0.0,0.0,1.0,0.0,1.0,0.0,,False,False,interval_undefined,gold2
0,5,5,test,null,skillnet:alfworld-clean-object,all_alfworld,late,2,2,2,2,4,0.5,0.5,0.0,0.0,0.0,stable,paired_game_cluster_bootstrap,False,False,0.5,0.0,0.5,0.0,0.0,0.0,0.0,True,True,unresolved,gold2
0,5,5,test,null,skillnet:alfworld-device-operator,all_alfworld,all,59,59,59,2,118,0.00847457627118644,0.11016949152542373,0.1016949152542373,-0.025423728813559324,0.2288135593220339,uncertain,paired_game_cluster_bootstrap,False,False,0.2966101694915254,0.288135593220339,0.423728813559322,0.3135593220338983,0.1271186440677966,0.02542372881355931,0.2542372881355932,True,False,unresolved,gold2
0,5,5,test,null,skillnet:alfworld-device-operator,all_alfworld,initial,22,22,22,2,44,0.045454545454545456,0.13636363636363635,0.09090909090909091,-0.13636363636363635,0.3181818181818182,uncertain,paired_game_cluster_bootstrap,False,False,0.36363636363636365,0.3181818181818182,0.5681818181818182,0.4318181818181818,0.20454545454545459,0.11363636363636365,0.45454545454545453,True,False,unresolved,gold2
0,5,5,test,null,skillnet:alfworld-device-operator,all_alfworld,early,27,27,27,2,54,0.037037037037037035,0.14814814814814814,0.1111111111111111,-0.09259259259259259,0.3148148148148148,uncertain,paired_game_cluster_bootstrap,False,False,0.2962962962962963,0.25925925925925924,0.42592592592592593,0.2777777777777778,0.12962962962962965,0.018518518518518545,0.40740740740740744,True,False,unresolved,gold2
0,5,5,test,null,skillnet:alfworld-device-operator,all_alfworld,middle,7,7,7,2,14,-0.21428571428571427,-0.07142857142857142,0.14285714285714285,0.0,0.35714285714285715,uncertain,paired_game_cluster_bootstrap,False,False,0.21428571428571427,0.42857142857142855,0.14285714285714285,0.21428571428571427,-0.07142857142857142,-0.21428571428571427,0.35714285714285715,True,False,unresolved,gold2
0,5,5,test,null,skillnet:alfworld-device-operator,all_alfworld,late,3,3,3,2,6,0.0,0.0,0.0,0.0,0.0,stable,paired_game_cluster_bootstrap,False,False,0.0,0.0,0.0,0.0,0.0,0.0,0.0,True,True,unresolved,gold2
0,5,5,test,null,skillnet:alfworld-heat-object-with-appliance,all_alfworld,all,32,32,32,2,64,0.140625,0.25,0.109375,-0.015625,0.25,uncertain,paired_game_cluster_bootstrap,False,False,0.234375,0.09375,0.296875,0.046875,0.0625,-0.046875,0.265625,True,False,unresolved,gold2
0,5,5,test,null,skillnet:alfworld-heat-object-with-appliance,all_alfworld,early,13,13,13,2,26,0.11538461538461539,0.2692307692307692,0.15384615384615385,-0.07692307692307693,0.38461538461538464,uncertain,paired_game_cluster_bootstrap,False,False,0.23076923076923078,0.11538461538461539,0.38461538461538464,0.11538461538461539,0.15384615384615385,0.0,0.46153846153846156,True,False,unresolved,gold2
0,5,5,test,null,skillnet:alfworld-heat-object-with-appliance,all_alfworld,middle,12,12,12,2,24,0.25,0.2916666666666667,0.041666666666666664,-0.125,0.20833333333333334,uncertain,paired_game_cluster_bootstrap,False,False,0.3333333333333333,0.08333333333333333,0.2916666666666667,0.0,-0.04166666666666663,-0.08333333333333333,0.33333333333333337,True,False,unresolved,gold2
0,5,5,test,null,skillnet:alfworld-heat-object-with-appliance,all_alfworld,late,7,7,7,2,14,0.0,0.14285714285714285,0.14285714285714285,0.0,0.42857142857142855,uncertain,paired_game_cluster_bootstrap,False,False,0.07142857142857142,0.07142857142857142,0.14285714285714285,0.0,0.07142857142857142,-0.07142857142857142,0.42857142857142855,True,False,unresolved,gold2
0,5,5,test,null,skillnet:alfworld-inventory-management,all_alfworld,all,2,2,2,2,4,0.0,0.0,0.0,0.0,0.0,stable,paired_game_cluster_bootstrap,False,False,0.5,0.5,0.5,0.5,0.0,0.0,0.0,True,True,unresolved,gold2
0,5,5,test,null,skillnet:alfworld-inventory-management,all_alfworld,early,2,2,2,2,4,0.0,0.0,0.0,0.0,0.0,stable,paired_game_cluster_bootstrap,False,False,0.5,0.5,0.5,0.5,0.0,0.0,0.0,True,True,unresolved,gold2
0,5,5,test,null,skillnet:alfworld-locate-target-object,all_alfworld,all,2,2,2,2,4,0.0,0.0,0.0,0.0,0.0,stable,paired_game_cluster_bootstrap,False,False,0.5,0.5,0.5,0.5,0.0,0.0,0.0,True,True,unresolved,gold2
0,5,5,test,null,skillnet:alfworld-locate-target-object,all_alfworld,initial,2,2,2,2,4,0.0,0.0,0.0,0.0,0.0,stable,paired_game_cluster_bootstrap,False,False,0.5,0.5,0.5,0.5,0.0,0.0,0.0,True,True,unresolved,gold2
0,5,5,test,null,skillnet:alfworld-object-cooler,all_alfworld,all,21,21,21,2,42,-0.023809523809523808,0.19047619047619047,0.21428571428571427,0.023809523809523808,0.42857142857142855,uncertain,paired_game_cluster_bootstrap,False,False,0.30952380952380953,0.3333333333333333,0.2857142857142857,0.09523809523809523,-0.023809523809523836,-0.23809523809523808,0.40476190476190477,False,False,increase_resolved,gold2
0,5,5,test,null,skillnet:alfworld-object-cooler,all_alfworld,early,9,9,9,2,18,-0.05555555555555555,0.16666666666666666,0.2222222222222222,-0.1111111111111111,0.6666666666666666,uncertain,paired_game_cluster_bootstrap,False,False,0.4444444444444444,0.5,0.3333333333333333,0.16666666666666666,-0.1111111111111111,-0.33333333333333337,0.7777777777777777,True,False,unresolved,gold2
0,5,5,test,null,skillnet:alfworld-object-cooler,all_alfworld,middle,6,6,6,2,12,-0.08333333333333333,0.25,0.3333333333333333,0.0,0.6666666666666666,uncertain,paired_game_cluster_bootstrap,False,False,0.3333333333333333,0.4166666666666667,0.3333333333333333,0.08333333333333333,0.0,-0.33333333333333337,0.6666666666666666,True,False,unresolved,gold2
0,5,5,test,null,skillnet:alfworld-object-cooler,all_alfworld,late,6,6,6,2,12,0.08333333333333333,0.16666666666666666,0.08333333333333333,0.0,0.3333333333333333,uncertain,paired_game_cluster_bootstrap,False,False,0.08333333333333333,0.0,0.16666666666666666,0.0,0.08333333333333333,0.0,0.3333333333333333,True,False,unresolved,gold2
0,5,5,test,null,skillnet:alfworld-object-disposer,all_alfworld,all,2,2,2,2,4,0.0,0.0,0.0,0.0,0.0,stable,paired_game_cluster_bootstrap,False,False,0.5,0.5,0.25,0.25,-0.25,-0.25,0.0,True,True,unresolved,gold2
0,5,5,test,null,skillnet:alfworld-object-disposer,all_alfworld,early,2,2,2,2,4,0.0,0.0,0.0,0.0,0.0,stable,paired_game_cluster_bootstrap,False,False,0.5,0.5,0.25,0.25,-0.25,-0.25,0.0,True,True,unresolved,gold2
0,5,5,test,null,skillnet:alfworld-object-heater,all_alfworld,all,9,9,9,2,18,0.0,0.0,0.0,-0.2777777777777778,0.2777777777777778,uncertain,paired_game_cluster_bootstrap,False,False,0.2777777777777778,0.2777777777777778,0.4444444444444444,0.4444444444444444,0.16666666666666663,0.16666666666666663,0.5555555555555556,True,False,unresolved,gold2
0,5,5,test,null,skillnet:alfworld-object-heater,all_alfworld,early,1,1,1,2,2,0.0,0.0,0.0,,,uncertain,single_game_interval_undefined,False,False,0.0,0.0,1.0,1.0,1.0,1.0,,False,False,interval_undefined,gold2
0,5,5,test,null,skillnet:alfworld-object-heater,all_alfworld,middle,4,4,4,2,8,0.0,0.125,0.125,-0.375,0.625,uncertain,paired_game_cluster_bootstrap,False,False,0.625,0.625,0.5,0.375,-0.125,-0.25,1.0,True,False,unresolved,gold2
0,5,5,test,null,skillnet:alfworld-object-heater,all_alfworld,late,4,4,4,2,8,0.0,-0.125,-0.125,-0.5,0.0,uncertain,paired_game_cluster_bootstrap,False,True,0.0,0.0,0.25,0.375,0.25,0.375,0.5,True,False,unresolved,gold2
0,5,5,test,null,skillnet:alfworld-object-picker,all_alfworld,all,7,7,7,2,14,0.0,-0.07142857142857142,-0.07142857142857142,-0.35714285714285715,0.21428571428571427,uncertain,paired_game_cluster_bootstrap,False,True,0.14285714285714285,0.14285714285714285,0.21428571428571427,0.2857142857142857,0.07142857142857142,0.14285714285714285,0.5714285714285714,True,False,unresolved,gold2
0,5,5,test,null,skillnet:alfworld-object-picker,all_alfworld,early,4,4,4,2,8,0.125,-0.125,-0.25,-0.625,0.0,uncertain,paired_game_cluster_bootstrap,False,True,0.125,0.0,0.0,0.125,-0.125,0.125,0.625,True,False,unresolved,gold2
0,5,5,test,null,skillnet:alfworld-object-picker,all_alfworld,middle,1,1,1,2,2,-0.5,0.0,0.5,,,uncertain,single_game_interval_undefined,False,False,0.5,1.0,0.5,0.5,0.0,-0.5,,False,False,interval_undefined,gold2
0,5,5,test,null,skillnet:alfworld-object-picker,all_alfworld,late,2,2,2,2,4,0.0,0.0,0.0,0.0,0.0,stable,paired_game_cluster_bootstrap,False,False,0.0,0.0,0.5,0.5,0.5,0.5,0.0,True,True,unresolved,gold2
0,5,5,test,null,skillnet:alfworld-object-placer,all_alfworld,all,23,23,23,2,46,-0.08695652173913043,-0.08695652173913043,0.0,-0.15217391304347827,0.15217391304347827,uncertain,paired_game_cluster_bootstrap,False,False,0.32608695652173914,0.41304347826086957,0.32608695652173914,0.41304347826086957,0.0,0.0,0.30434782608695654,True,False,unresolved,gold2
0,5,5,test,null,skillnet:alfworld-object-placer,all_alfworld,initial,3,3,3,2,6,0.0,-0.16666666666666666,-0.16666666666666666,-1.0,0.5,uncertain,paired_game_cluster_bootstrap,False,True,0.16666666666666666,0.16666666666666666,0.0,0.16666666666666666,-0.16666666666666666,0.0,1.5,True,False,unresolved,gold2
0,5,5,test,null,skillnet:alfworld-object-placer,all_alfworld,early,4,4,4,2,8,-0.25,-0.25,0.0,0.0,0.0,stable,paired_game_cluster_bootstrap,False,False,0.0,0.25,0.25,0.5,0.25,0.25,0.0,True,True,unresolved,gold2
0,5,5,test,null,skillnet:alfworld-object-placer,all_alfworld,middle,10,10,10,2,20,0.05,-0.05,-0.1,-0.3,0.0,uncertain,paired_game_cluster_bootstrap,False,True,0.6,0.55,0.55,0.6,-0.04999999999999993,0.04999999999999993,0.3,True,False,unresolved,gold2
0,5,5,test,null,skillnet:alfworld-object-placer,all_alfworld,late,6,6,6,2,12,-0.25,0.0,0.25,0.0,0.5833333333333334,uncertain,paired_game_cluster_bootstrap,False,False,0.16666666666666666,0.4166666666666667,0.16666666666666666,0.16666666666666666,0.0,-0.25,0.5833333333333334,True,False,unresolved,gold2
0,5,5,test,null,skillnet:alfworld-object-retriever,all_alfworld,all,15,15,15,2,30,-0.03333333333333333,-0.03333333333333333,0.0,-0.16666666666666666,0.2,uncertain,paired_game_cluster_bootstrap,False,False,0.3333333333333333,0.36666666666666664,0.3,0.3333333333333333,-0.033333333333333326,-0.033333333333333326,0.3666666666666667,True,False,unresolved,gold2
0,5,5,test,null,skillnet:alfworld-object-retriever,all_alfworld,initial,2,2,2,2,4,0.0,0.0,0.0,0.0,0.0,stable,paired_game_cluster_bootstrap,False,False,0.0,0.0,0.25,0.25,0.25,0.25,0.0,True,True,unresolved,gold2
0,5,5,test,null,skillnet:alfworld-object-retriever,all_alfworld,early,13,13,13,2,26,-0.038461538461538464,-0.038461538461538464,0.0,-0.19230769230769232,0.23076923076923078,uncertain,paired_game_cluster_bootstrap,False,False,0.38461538461538464,0.4230769230769231,0.3076923076923077,0.34615384615384615,-0.07692307692307693,-0.07692307692307693,0.42307692307692313,True,False,unresolved,gold2
0,5,5,test,null,skillnet:alfworld-object-state-inspector,all_alfworld,all,18,18,18,2,36,0.027777777777777776,0.25,0.2222222222222222,0.0,0.4444444444444444,uncertain,paired_game_cluster_bootstrap,False,False,0.3888888888888889,0.3611111111111111,0.8333333333333334,0.5833333333333334,0.4444444444444445,0.22222222222222227,0.4444444444444444,True,False,unresolved,gold2
0,5,5,test,null,skillnet:alfworld-object-state-inspector,all_alfworld,initial,10,10,10,2,20,0.1,0.2,0.1,-0.2,0.4,uncertain,paired_game_cluster_bootstrap,False,False,0.2,0.1,0.7,0.5,0.49999999999999994,0.4,0.6000000000000001,True,False,unresolved,gold2
0,5,5,test,null,skillnet:alfworld-object-state-inspector,all_alfworld,early,7,7,7,2,14,-0.07142857142857142,0.35714285714285715,0.42857142857142855,0.07142857142857142,0.7857142857142857,positive,paired_game_cluster_bootstrap,False,False,0.5714285714285714,0.6428571428571429,1.0,0.6428571428571429,0.4285714285714286,0.0,0.7142857142857143,False,False,increase_resolved,gold2
0,5,5,test,null,skillnet:alfworld-object-state-inspector,all_alfworld,middle,1,1,1,2,2,0.0,0.0,0.0,,,uncertain,single_game_interval_undefined,False,False,1.0,1.0,1.0,1.0,0.0,0.0,,False,False,interval_undefined,gold2
0,5,5,test,null,skillnet:alfworld-object-storer,all_alfworld,all,18,18,18,2,36,-0.05555555555555555,0.0,0.05555555555555555,0.0,0.16666666666666666,uncertain,paired_game_cluster_bootstrap,False,False,0.1111111111111111,0.16666666666666666,0.16666666666666666,0.16666666666666666,0.05555555555555555,0.0,0.16666666666666666,True,False,unresolved,gold2
0,5,5,test,null,skillnet:alfworld-object-storer,all_alfworld,early,8,8,8,2,16,-0.125,0.0,0.125,0.0,0.375,uncertain,paired_game_cluster_bootstrap,False,False,0.0,0.125,0.125,0.125,0.125,0.0,0.375,True,False,unresolved,gold2
0,5,5,test,null,skillnet:alfworld-object-storer,all_alfworld,middle,6,6,6,2,12,0.0,0.0,0.0,0.0,0.0,stable,paired_game_cluster_bootstrap,False,False,0.16666666666666666,0.16666666666666666,0.16666666666666666,0.16666666666666666,0.0,0.0,0.0,True,True,unresolved,gold2
0,5,5,test,null,skillnet:alfworld-object-storer,all_alfworld,late,4,4,4,2,8,0.0,0.0,0.0,0.0,0.0,stable,paired_game_cluster_bootstrap,False,False,0.25,0.25,0.25,0.25,0.0,0.0,0.0,True,True,unresolved,gold2
0,5,5,test,null,skillnet:alfworld-object-transporter,all_alfworld,all,1,1,1,2,2,0.0,0.5,0.5,,,uncertain,single_game_interval_undefined,False,False,1.0,1.0,1.0,0.5,0.0,-0.5,,False,False,interval_undefined,gold2
0,5,5,test,null,skillnet:alfworld-object-transporter,all_alfworld,late,1,1,1,2,2,0.0,0.5,0.5,,,uncertain,single_game_interval_undefined,False,False,1.0,1.0,1.0,0.5,0.0,-0.5,,False,False,interval_undefined,gold2
0,5,5,test,null,skillnet:alfworld-receptacle-closer,all_alfworld,all,5,5,5,2,10,0.1,-0.1,-0.2,-0.5,0.0,uncertain,paired_game_cluster_bootstrap,False,True,0.2,0.1,0.2,0.3,0.0,0.19999999999999998,0.5,True,False,unresolved,gold2
0,5,5,test,null,skillnet:alfworld-receptacle-closer,all_alfworld,middle,4,4,4,2,8,0.125,-0.125,-0.25,-0.625,0.0,uncertain,paired_game_cluster_bootstrap,False,True,0.25,0.125,0.25,0.375,0.0,0.25,0.625,True,False,unresolved,gold2
0,5,5,test,null,skillnet:alfworld-receptacle-closer,all_alfworld,late,1,1,1,2,2,0.0,0.0,0.0,,,uncertain,single_game_interval_undefined,False,False,0.0,0.0,0.0,0.0,0.0,0.0,,False,False,interval_undefined,gold2
0,5,5,test,null,skillnet:alfworld-receptacle-finder,all_alfworld,all,10,10,10,2,20,-0.1,0.0,0.1,-0.15,0.35,uncertain,paired_game_cluster_bootstrap,False,False,0.05,0.15,0.2,0.2,0.15000000000000002,0.05000000000000002,0.5,True,False,unresolved,gold2
0,5,5,test,null,skillnet:alfworld-receptacle-finder,all_alfworld,initial,3,3,3,2,6,-0.16666666666666666,-0.3333333333333333,-0.16666666666666666,-0.6666666666666666,0.0,uncertain,paired_game_cluster_bootstrap,False,True,0.0,0.16666666666666666,0.0,0.3333333333333333,0.0,0.16666666666666666,0.6666666666666666,True,False,unresolved,gold2
0,5,5,test,null,skillnet:alfworld-receptacle-finder,all_alfworld,early,1,1,1,2,2,-0.5,0.0,0.5,,,uncertain,single_game_interval_undefined,False,False,0.5,1.0,1.0,1.0,0.5,0.0,,False,False,interval_undefined,gold2
0,5,5,test,null,skillnet:alfworld-receptacle-finder,all_alfworld,middle,1,1,1,2,2,0.0,1.0,1.0,,,uncertain,single_game_interval_undefined,False,False,0.0,0.0,1.0,0.0,1.0,0.0,,False,False,interval_undefined,gold2
0,5,5,test,null,skillnet:alfworld-receptacle-finder,all_alfworld,late,5,5,5,2,10,0.0,0.0,0.0,0.0,0.0,stable,paired_game_cluster_bootstrap,False,False,0.0,0.0,0.0,0.0,0.0,0.0,0.0,True,True,unresolved,gold2
0,5,5,test,null,skillnet:alfworld-receptacle-navigator,all_alfworld,all,2,2,2,2,4,0.0,0.0,0.0,0.0,0.0,stable,paired_game_cluster_bootstrap,False,False,0.0,0.0,0.0,0.0,0.0,0.0,0.0,True,True,unresolved,gold2
0,5,5,test,null,skillnet:alfworld-receptacle-navigator,all_alfworld,early,2,2,2,2,4,0.0,0.0,0.0,0.0,0.0,stable,paired_game_cluster_bootstrap,False,False,0.0,0.0,0.0,0.0,0.0,0.0,0.0,True,True,unresolved,gold2
0,5,5,test,null,skillnet:alfworld-receptacle-opener,all_alfworld,all,8,8,8,2,16,0.0,-0.0625,-0.0625,-0.25,0.0,uncertain,paired_game_cluster_bootstrap,False,True,0.0,0.0,0.0,0.0625,0.0,0.0625,0.25,True,False,unresolved,gold2
0,5,5,test,null,skillnet:alfworld-receptacle-opener,all_alfworld,early,1,1,1,2,2,0.0,-0.5,-0.5,,,uncertain,single_game_interval_undefined,False,True,0.0,0.0,0.0,0.5,0.0,0.5,,False,False,interval_undefined,gold2
0,5,5,test,null,skillnet:alfworld-receptacle-opener,all_alfworld,middle,2,2,2,2,4,0.0,0.0,0.0,0.0,0.0,stable,paired_game_cluster_bootstrap,False,False,0.0,0.0,0.0,0.0,0.0,0.0,0.0,True,True,unresolved,gold2
0,5,5,test,null,skillnet:alfworld-receptacle-opener,all_alfworld,late,5,5,5,2,10,0.0,0.0,0.0,0.0,0.0,stable,paired_game_cluster_bootstrap,False,False,0.0,0.0,0.0,0.0,0.0,0.0,0.0,True,True,unresolved,gold2
0,5,5,test,null,skillnet:alfworld-receptacle-operator,all_alfworld,all,7,7,7,2,14,0.0,-0.21428571428571427,-0.21428571428571427,-0.5714285714285714,0.0,uncertain,paired_game_cluster_bootstrap,False,True,0.2857142857142857,0.2857142857142857,0.07142857142857142,0.2857142857142857,-0.21428571428571427,0.0,0.5714285714285714,True,False,unresolved,gold2
0,5,5,test,null,skillnet:alfworld-receptacle-operator,all_alfworld,early,2,2,2,2,4,0.0,-0.5,-0.5,-1.0,0.0,uncertain,paired_game_cluster_bootstrap,False,True,0.5,0.5,0.0,0.5,-0.5,0.0,1.0,True,False,unresolved,gold2
0,5,5,test,null,skillnet:alfworld-receptacle-operator,all_alfworld,middle,3,3,3,2,6,0.0,-0.16666666666666666,-0.16666666666666666,-0.6666666666666666,0.0,uncertain,paired_game_cluster_bootstrap,False,True,0.3333333333333333,0.3333333333333333,0.16666666666666666,0.3333333333333333,-0.16666666666666666,0.0,0.6666666666666666,True,False,unresolved,gold2
0,5,5,test,null,skillnet:alfworld-receptacle-operator,all_alfworld,late,2,2,2,2,4,0.0,0.0,0.0,0.0,0.0,stable,paired_game_cluster_bootstrap,False,False,0.0,0.0,0.0,0.0,0.0,0.0,0.0,True,True,unresolved,gold2
0,5,5,test,null,skillnet:alfworld-receptacle-searcher,all_alfworld,all,2,2,2,2,4,0.25,0.0,-0.25,-0.75,0.0,uncertain,paired_game_cluster_bootstrap,False,True,1.0,0.75,0.75,0.75,-0.25,0.0,0.75,True,False,unresolved,gold2
0,5,5,test,null,skillnet:alfworld-receptacle-searcher,all_alfworld,initial,2,2,2,2,4,0.25,0.0,-0.25,-0.75,0.0,uncertain,paired_game_cluster_bootstrap,False,True,1.0,0.75,0.75,0.75,-0.25,0.0,0.75,True,False,unresolved,gold2
0,5,5,test,null,skillnet:alfworld-storage-explorer,all_alfworld,all,44,44,44,2,88,-0.06818181818181818,-0.10227272727272728,-0.03409090909090909,-0.1590909090909091,0.07954545454545454,uncertain,paired_game_cluster_bootstrap,False,False,0.2159090909090909,0.2840909090909091,0.2727272727272727,0.375,0.056818181818181795,0.09090909090909088,0.23863636363636365,True,False,unresolved,gold2
0,5,5,test,null,skillnet:alfworld-storage-explorer,all_alfworld,initial,23,23,23,2,46,-0.10869565217391304,-0.15217391304347827,-0.043478260869565216,-0.21739130434782608,0.13043478260869565,uncertain,paired_game_cluster_bootstrap,False,False,0.17391304347826086,0.2826086956521739,0.32608695652173914,0.4782608695652174,0.15217391304347827,0.19565217391304351,0.34782608695652173,True,False,unresolved,gold2
0,5,5,test,null,skillnet:alfworld-storage-explorer,all_alfworld,early,18,18,18,2,36,-0.027777777777777776,-0.05555555555555555,-0.027777777777777776,-0.2222222222222222,0.1388888888888889,uncertain,paired_game_cluster_bootstrap,False,False,0.3055555555555556,0.3333333333333333,0.25,0.3055555555555556,-0.05555555555555558,-0.027777777777777735,0.3611111111111111,True,False,unresolved,gold2
0,5,5,test,null,skillnet:alfworld-storage-explorer,all_alfworld,middle,1,1,1,2,2,0.0,0.0,0.0,,,uncertain,single_game_interval_undefined,False,False,0.0,0.0,0.0,0.0,0.0,0.0,,False,False,interval_undefined,gold2
0,5,5,test,null,skillnet:alfworld-storage-explorer,all_alfworld,late,2,2,2,2,4,0.0,0.0,0.0,0.0,0.0,stable,paired_game_cluster_bootstrap,False,False,0.0,0.0,0.0,0.0,0.0,0.0,0.0,True,True,unresolved,gold2
0,5,5,test,null,skillnet:alfworld-temperature-regulator,all_alfworld,all,6,6,6,2,12,0.08333333333333333,0.0,-0.08333333333333333,-0.3333333333333333,0.0,uncertain,paired_game_cluster_bootstrap,False,True,0.08333333333333333,0.0,0.0,0.0,-0.08333333333333333,0.0,0.3333333333333333,True,False,unresolved,gold2
0,5,5,test,null,skillnet:alfworld-temperature-regulator,all_alfworld,middle,2,2,2,2,4,0.25,0.0,-0.25,-0.75,0.0,uncertain,paired_game_cluster_bootstrap,False,True,0.25,0.0,0.0,0.0,-0.25,0.0,0.75,True,False,unresolved,gold2
0,5,5,test,null,skillnet:alfworld-temperature-regulator,all_alfworld,late,4,4,4,2,8,0.0,0.0,0.0,0.0,0.0,stable,paired_game_cluster_bootstrap,False,False,0.0,0.0,0.0,0.0,0.0,0.0,0.0,True,True,unresolved,gold2
0,5,5,test,null,skillnet:alfworld-tool-locator,all_alfworld,all,4,4,4,2,8,-0.125,0.0,0.125,0.0,0.5,uncertain,paired_game_cluster_bootstrap,False,False,0.25,0.375,0.5,0.5,0.25,0.125,0.5,True,False,unresolved,gold2
0,5,5,test,null,skillnet:alfworld-tool-locator,all_alfworld,early,4,4,4,2,8,-0.125,0.0,0.125,0.0,0.5,uncertain,paired_game_cluster_bootstrap,False,False,0.25,0.375,0.5,0.5,0.25,0.125,0.5,True,False,unresolved,gold2
0,5,5,test,placebo,skillnet:alfworld-appliance-navigator,all_alfworld,all,62,62,62,4,248,-0.028225806451612902,0.024193548387096774,0.05241935483870968,-0.024193548387096774,0.13306451612903225,uncertain,paired_game_cluster_bootstrap,False,False,0.27419354838709675,0.3024193548387097,0.2782258064516129,0.2540322580645161,0.0040322580645161255,-0.04838709677419356,0.15725806451612903,True,False,unresolved,gold4
0,5,5,test,placebo,skillnet:alfworld-appliance-navigator,all_alfworld,initial,42,42,42,4,168,-0.047619047619047616,0.03571428571428571,0.08333333333333333,-0.017857142857142856,0.19642857142857142,uncertain,paired_game_cluster_bootstrap,False,False,0.3392857142857143,0.3869047619047619,0.3392857142857143,0.30357142857142855,0.0,-0.08333333333333337,0.21428571428571427,True,False,unresolved,gold4
0,5,5,test,placebo,skillnet:alfworld-appliance-navigator,all_alfworld,early,8,8,8,4,32,0.03125,0.0,-0.03125,-0.21875,0.1875,uncertain,paired_game_cluster_bootstrap,False,False,0.21875,0.1875,0.25,0.25,0.03125,0.0625,0.40625,True,False,unresolved,gold4
0,5,5,test,placebo,skillnet:alfworld-appliance-navigator,all_alfworld,middle,6,6,6,4,24,0.0,0.0,0.0,0.0,0.0,stable,paired_game_cluster_bootstrap,False,False,0.16666666666666666,0.16666666666666666,0.16666666666666666,0.16666666666666666,0.0,0.0,0.0,True,True,unresolved,gold4
0,5,5,test,placebo,skillnet:alfworld-appliance-navigator,all_alfworld,late,6,6,6,4,24,0.0,0.0,0.0,0.0,0.0,stable,paired_game_cluster_bootstrap,False,False,0.0,0.0,0.0,0.0,0.0,0.0,0.0,True,True,unresolved,gold4
0,5,5,test,placebo,skillnet:alfworld-appliance-preparer,all_alfworld,all,8,8,8,4,32,0.0,0.0,0.0,0.0,0.0,stable,paired_game_cluster_bootstrap,False,False,0.0,0.0,0.0,0.0,0.0,0.0,0.0,True,True,unresolved,gold4
0,5,5,test,placebo,skillnet:alfworld-appliance-preparer,all_alfworld,middle,4,4,4,4,16,0.0,0.0,0.0,0.0,0.0,stable,paired_game_cluster_bootstrap,False,False,0.0,0.0,0.0,0.0,0.0,0.0,0.0,True,True,unresolved,gold4
0,5,5,test,placebo,skillnet:alfworld-appliance-preparer,all_alfworld,late,4,4,4,4,16,0.0,0.0,0.0,0.0,0.0,stable,paired_game_cluster_bootstrap,False,False,0.0,0.0,0.0,0.0,0.0,0.0,0.0,True,True,unresolved,gold4
0,5,5,test,placebo,skillnet:alfworld-clean-object,all_alfworld,all,37,37,37,4,148,-0.033783783783783786,0.013513513513513514,0.0472972972972973,-0.08783783783783784,0.1891891891891892,uncertain,paired_game_cluster_bootstrap,False,False,0.2905405405405405,0.32432432432432434,0.2635135135135135,0.25,-0.02702702702702703,-0.07432432432432434,0.27702702702702703,True,False,unresolved,gold4
0,5,5,test,placebo,skillnet:alfworld-clean-object,all_alfworld,initial,25,25,25,4,100,-0.17,-0.1,0.07,-0.09,0.25,uncertain,paired_game_cluster_bootstrap,False,False,0.21,0.38,0.2,0.3,-0.009999999999999981,-0.08000000000000002,0.33999999999999997,True,False,unresolved,gold4
0,5,5,test,placebo,skillnet:alfworld-clean-object,all_alfworld,early,9,9,9,4,36,0.2222222222222222,0.16666666666666666,-0.05555555555555555,-0.3333333333333333,0.19444444444444445,uncertain,paired_game_cluster_bootstrap,False,True,0.5,0.2777777777777778,0.3611111111111111,0.19444444444444445,-0.1388888888888889,-0.08333333333333334,0.5277777777777778,True,False,unresolved,gold4
0,5,5,test,placebo,skillnet:alfworld-clean-object,all_alfworld,middle,1,1,1,4,4,0.0,0.5,0.5,,,uncertain,single_game_interval_undefined,False,False,0.0,0.0,0.5,0.0,0.5,0.0,,False,False,interval_undefined,gold4
0,5,5,test,placebo,skillnet:alfworld-clean-object,all_alfworld,late,2,2,2,4,8,0.5,0.5,0.0,0.0,0.0,stable,paired_game_cluster_bootstrap,False,False,0.5,0.0,0.5,0.0,0.0,0.0,0.0,True,True,unresolved,gold4
0,5,5,test,placebo,skillnet:alfworld-device-operator,all_alfworld,all,59,59,59,4,236,0.00847457627118644,0.1059322033898305,0.09745762711864407,-0.025423728813559324,0.2245762711864407,uncertain,paired_game_cluster_bootstrap,False,False,0.2923728813559322,0.2838983050847458,0.3940677966101695,0.288135593220339,0.1016949152542373,0.004237288135593209,0.25,True,False,unresolved,gold4
0,5,5,test,placebo,skillnet:alfworld-device-operator,all_alfworld,initial,22,22,22,4,88,0.056818181818181816,0.2159090909090909,0.1590909090909091,-0.056818181818181816,0.375,uncertain,paired_game_cluster_bootstrap,False,False,0.3522727272727273,0.29545454545454547,0.5227272727272727,0.3068181818181818,0.17045454545454541,0.011363636363636354,0.4318181818181818,True,False,unresolved,gold4
0,5,5,test,placebo,skillnet:alfworld-device-operator,all_alfworld,early,27,27,27,4,108,0.018518518518518517,0.07407407407407407,0.05555555555555555,-0.12962962962962962,0.25925925925925924,uncertain,paired_game_cluster_bootstrap,False,False,0.3055555555555556,0.28703703703703703,0.37962962962962965,0.3055555555555556,0.07407407407407407,0.018518518518518545,0.38888888888888884,True,False,unresolved,gold4
0,5,5,test,placebo,skillnet:alfworld-device-operator,all_alfworld,middle,7,7,7,4,28,-0.17857142857142858,-0.07142857142857142,0.10714285714285714,-0.21428571428571427,0.4642857142857143,uncertain,paired_game_cluster_bootstrap,False,False,0.17857142857142858,0.35714285714285715,0.21428571428571427,0.2857142857142857,0.0357142857142857,-0.07142857142857145,0.6785714285714286,True,False,unresolved,gold4
0,5,5,test,placebo,skillnet:alfworld-device-operator,all_alfworld,late,3,3,3,4,12,0.0,0.0,0.0,0.0,0.0,stable,paired_game_cluster_bootstrap,False,False,0.0,0.0,0.0,0.0,0.0,0.0,0.0,True,True,unresolved,gold4
0,5,5,test,placebo,skillnet:alfworld-heat-object-with-appliance,all_alfworld,all,32,32,32,4,128,0.1171875,0.1875,0.0703125,-0.03125,0.17207031249999716,uncertain,paired_game_cluster_bootstrap,False,False,0.2265625,0.109375,0.2890625,0.1015625,0.0625,-0.0078125,0.20332031249999716,True,False,unresolved,gold4
0,5,5,test,placebo,skillnet:alfworld-heat-object-with-appliance,all_alfworld,early,13,13,13,4,52,0.09615384615384616,0.19230769230769232,0.09615384615384616,-0.11538461538461539,0.3269230769230769,uncertain,paired_game_cluster_bootstrap,False,False,0.2692307692307692,0.17307692307692307,0.36538461538461536,0.17307692307692307,0.09615384615384615,0.0,0.4423076923076923,True,False,unresolved,gold4
0,5,5,test,placebo,skillnet:alfworld-heat-object-with-appliance,all_alfworld,middle,12,12,12,4,48,0.20833333333333334,0.25,0.041666666666666664,-0.0625,0.14583333333333334,uncertain,paired_game_cluster_bootstrap,False,False,0.2916666666666667,0.08333333333333333,0.2916666666666667,0.041666666666666664,0.0,-0.041666666666666664,0.20833333333333334,True,False,unresolved,gold4
0,5,5,test,placebo,skillnet:alfworld-heat-object-with-appliance,all_alfworld,late,7,7,7,4,28,0.0,0.07142857142857142,0.07142857142857142,0.0,0.25,uncertain,paired_game_cluster_bootstrap,False,False,0.03571428571428571,0.03571428571428571,0.14285714285714285,0.07142857142857142,0.10714285714285714,0.03571428571428571,0.25,True,False,unresolved,gold4
0,5,5,test,placebo,skillnet:alfworld-inventory-management,all_alfworld,all,2,2,2,4,8,0.0,0.0,0.0,0.0,0.0,stable,paired_game_cluster_bootstrap,False,False,0.625,0.625,0.5,0.5,-0.125,-0.125,0.0,True,True,unresolved,gold4
0,5,5,test,placebo,skillnet:alfworld-inventory-management,all_alfworld,early,2,2,2,4,8,0.0,0.0,0.0,0.0,0.0,stable,paired_game_cluster_bootstrap,False,False,0.625,0.625,0.5,0.5,-0.125,-0.125,0.0,True,True,unresolved,gold4
0,5,5,test,placebo,skillnet:alfworld-locate-target-object,all_alfworld,all,2,2,2,4,8,0.0,0.0,0.0,0.0,0.0,stable,paired_game_cluster_bootstrap,False,False,0.5,0.5,0.5,0.5,0.0,0.0,0.0,True,True,unresolved,gold4
0,5,5,test,placebo,skillnet:alfworld-locate-target-object,all_alfworld,initial,2,2,2,4,8,0.0,0.0,0.0,0.0,0.0,stable,paired_game_cluster_bootstrap,False,False,0.5,0.5,0.5,0.5,0.0,0.0,0.0,True,True,unresolved,gold4
0,5,5,test,placebo,skillnet:alfworld-object-cooler,all_alfworld,all,21,21,21,4,84,0.047619047619047616,0.10714285714285714,0.05952380952380952,-0.10714285714285714,0.21428571428571427,uncertain,paired_game_cluster_bootstrap,False,False,0.32142857142857145,0.27380952380952384,0.2857142857142857,0.17857142857142858,-0.035714285714285754,-0.09523809523809526,0.3214285714285714,True,False,unresolved,gold4
0,5,5,test,placebo,skillnet:alfworld-object-cooler,all_alfworld,early,9,9,9,4,36,0.08333333333333333,0.027777777777777776,-0.05555555555555555,-0.3333333333333333,0.19444444444444445,uncertain,paired_game_cluster_bootstrap,False,True,0.4444444444444444,0.3611111111111111,0.3333333333333333,0.3055555555555556,-0.1111111111111111,-0.055555555555555525,0.5277777777777778,True,False,unresolved,gold4
0,5,5,test,placebo,skillnet:alfworld-object-cooler,all_alfworld,middle,6,6,6,4,24,-0.08333333333333333,0.16666666666666666,0.25,0.0,0.5833333333333334,uncertain,paired_game_cluster_bootstrap,False,False,0.3333333333333333,0.4166666666666667,0.3333333333333333,0.16666666666666666,0.0,-0.25,0.5833333333333334,True,False,unresolved,gold4
0,5,5,test,placebo,skillnet:alfworld-object-cooler,all_alfworld,late,6,6,6,4,24,0.125,0.16666666666666666,0.041666666666666664,0.0,0.16666666666666666,uncertain,paired_game_cluster_bootstrap,False,False,0.125,0.0,0.16666666666666666,0.0,0.04166666666666666,0.0,0.16666666666666666,True,False,unresolved,gold4
0,5,5,test,placebo,skillnet:alfworld-object-disposer,all_alfworld,all,2,2,2,4,8,0.0,0.0,0.0,0.0,0.0,stable,paired_game_cluster_bootstrap,False,False,0.5,0.5,0.125,0.125,-0.375,-0.375,0.0,True,True,unresolved,gold4
0,5,5,test,placebo,skillnet:alfworld-object-disposer,all_alfworld,early,2,2,2,4,8,0.0,0.0,0.0,0.0,0.0,stable,paired_game_cluster_bootstrap,False,False,0.5,0.5,0.125,0.125,-0.375,-0.375,0.0,True,True,unresolved,gold4
0,5,5,test,placebo,skillnet:alfworld-object-heater,all_alfworld,all,9,9,9,4,36,0.0,0.05555555555555555,0.05555555555555555,-0.1388888888888889,0.25,uncertain,paired_game_cluster_bootstrap,False,False,0.2777777777777778,0.2777777777777778,0.4722222222222222,0.4166666666666667,0.19444444444444442,0.1388888888888889,0.3888888888888889,True,False,unresolved,gold4
0,5,5,test,placebo,skillnet:alfworld-object-heater,all_alfworld,early,1,1,1,4,4,0.0,0.0,0.0,,,uncertain,single_game_interval_undefined,False,False,0.25,0.25,1.0,1.0,0.75,0.75,,False,False,interval_undefined,gold4
0,5,5,test,placebo,skillnet:alfworld-object-heater,all_alfworld,middle,4,4,4,4,16,0.0,0.1875,0.1875,-0.1875,0.5625,uncertain,paired_game_cluster_bootstrap,False,False,0.5625,0.5625,0.625,0.4375,0.0625,-0.125,0.75,True,False,unresolved,gold4
0,5,5,test,placebo,skillnet:alfworld-object-heater,all_alfworld,late,4,4,4,4,16,0.0,-0.0625,-0.0625,-0.3125,0.125,uncertain,paired_game_cluster_bootstrap,False,True,0.0,0.0,0.1875,0.25,0.1875,0.25,0.4375,True,False,unresolved,gold4
0,5,5,test,placebo,skillnet:alfworld-object-picker,all_alfworld,all,7,7,7,4,28,0.0,-0.03571428571428571,-0.03571428571428571,-0.2857142857142857,0.21428571428571427,uncertain,paired_game_cluster_bootstrap,False,False,0.10714285714285714,0.10714285714285714,0.25,0.2857142857142857,0.14285714285714285,0.17857142857142855,0.5,True,False,unresolved,gold4
0,5,5,test,placebo,skillnet:alfworld-object-picker,all_alfworld,early,4,4,4,4,16,0.0625,-0.125,-0.1875,-0.5,0.0,uncertain,paired_game_cluster_bootstrap,False,True,0.0625,0.0,0.0,0.125,-0.0625,0.125,0.5,True,False,unresolved,gold4
0,5,5,test,placebo,skillnet:alfworld-object-picker,all_alfworld,middle,1,1,1,4,4,-0.25,0.25,0.5,,,uncertain,single_game_interval_undefined,False,False,0.25,0.5,0.75,0.5,0.5,0.0,,False,False,interval_undefined,gold4
0,5,5,test,placebo,skillnet:alfworld-object-picker,all_alfworld,late,2,2,2,4,8,0.0,0.0,0.0,0.0,0.0,stable,paired_game_cluster_bootstrap,False,False,0.125,0.125,0.5,0.5,0.375,0.375,0.0,True,True,unresolved,gold4
0,5,5,test,placebo,skillnet:alfworld-object-placer,all_alfworld,all,23,23,23,4,92,-0.14130434782608695,-0.03260869565217391,0.10869565217391304,-0.021739130434782608,0.2608695652173913,uncertain,paired_game_cluster_bootstrap,False,False,0.32608695652173914,0.4673913043478261,0.34782608695652173,0.3804347826086957,0.021739130434782594,-0.08695652173913043,0.2826086956521739,True,False,unresolved,gold4
0,5,5,test,placebo,skillnet:alfworld-object-placer,all_alfworld,initial,3,3,3,4,12,0.08333333333333333,0.0,-0.08333333333333333,-0.3333333333333333,0.0,uncertain,paired_game_cluster_bootstrap,False,True,0.08333333333333333,0.0,0.0,0.0,-0.08333333333333333,0.0,0.3333333333333333,True,False,unresolved,gold4
0,5,5,test,placebo,skillnet:alfworld-object-placer,all_alfworld,early,4,4,4,4,16,-0.4375,-0.3125,0.125,-0.25,0.5,uncertain,paired_game_cluster_bootstrap,False,False,0.0625,0.5,0.1875,0.5,0.125,0.0,0.75,True,False,unresolved,gold4
0,5,5,test,placebo,skillnet:alfworld-object-placer,all_alfworld,middle,10,10,10,4,40,-0.1,0.05,0.15,-0.05,0.425,uncertain,paired_game_cluster_bootstrap,False,False,0.6,0.7,0.625,0.575,0.025000000000000022,-0.125,0.475,True,False,unresolved,gold4
0,5,5,test,placebo,skillnet:alfworld-object-placer,all_alfworld,late,6,6,6,4,24,-0.125,0.0,0.125,0.0,0.3333333333333333,uncertain,paired_game_cluster_bootstrap,False,False,0.16666666666666666,0.2916666666666667,0.16666666666666666,0.16666666666666666,0.0,-0.12500000000000003,0.3333333333333333,True,False,unresolved,gold4
0,5,5,test,placebo,skillnet:alfworld-object-retriever,all_alfworld,all,15,15,15,4,60,-0.05,-0.03333333333333333,0.016666666666666666,-0.18333333333333332,0.23333333333333334,uncertain,paired_game_cluster_bootstrap,False,False,0.31666666666666665,0.36666666666666664,0.3,0.3333333333333333,-0.016666666666666663,-0.033333333333333326,0.41666666666666663,True,False,unresolved,gold4
0,5,5,test,placebo,skillnet:alfworld-object-retriever,all_alfworld,initial,2,2,2,4,8,0.0,0.0,0.0,0.0,0.0,stable,paired_game_cluster_bootstrap,False,False,0.0,0.0,0.125,0.125,0.125,0.125,0.0,True,True,unresolved,gold4
0,5,5,test,placebo,skillnet:alfworld-object-retriever,all_alfworld,early,13,13,13,4,52,-0.057692307692307696,-0.038461538461538464,0.019230769230769232,-0.21153846153846154,0.25,uncertain,paired_game_cluster_bootstrap,False,False,0.36538461538461536,0.4230769230769231,0.3269230769230769,0.36538461538461536,-0.038461538461538436,-0.05769230769230771,0.46153846153846156,True,False,unresolved,gold4
0,5,5,test,placebo,skillnet:alfworld-object-state-inspector,all_alfworld,all,18,18,18,4,72,0.013888888888888888,0.2638888888888889,0.25,0.041666666666666664,0.4722222222222222,uncertain,paired_game_cluster_bootstrap,False,False,0.3055555555555556,0.2916666666666667,0.8333333333333334,0.5694444444444444,0.5277777777777778,0.27777777777777773,0.4305555555555555,False,False,increase_resolved,gold4
0,5,5,test,placebo,skillnet:alfworld-object-state-inspector,all_alfworld,initial,10,10,10,4,40,0.0,0.15,0.15,-0.125,0.425,uncertain,paired_game_cluster_bootstrap,False,False,0.1,0.1,0.7,0.55,0.6,0.45000000000000007,0.55,True,False,unresolved,gold4
0,5,5,test,placebo,skillnet:alfworld-object-state-inspector,all_alfworld,early,7,7,7,4,28,0.03571428571428571,0.42857142857142855,0.39285714285714285,0.03571428571428571,0.75,uncertain,paired_game_cluster_bootstrap,False,False,0.5,0.4642857142857143,1.0,0.5714285714285714,0.5,0.1071428571428571,0.7142857142857143,False,False,increase_resolved,gold4
0,5,5,test,placebo,skillnet:alfworld-object-state-inspector,all_alfworld,middle,1,1,1,4,4,0.0,0.25,0.25,,,uncertain,single_game_interval_undefined,False,False,1.0,1.0,1.0,0.75,0.0,-0.25,,False,False,interval_undefined,gold4
0,5,5,test,placebo,skillnet:alfworld-object-storer,all_alfworld,all,18,18,18,4,72,-0.05555555555555555,-0.027777777777777776,0.027777777777777776,-0.05555555555555555,0.125,uncertain,paired_game_cluster_bootstrap,False,False,0.1111111111111111,0.16666666666666666,0.1388888888888889,0.16666666666666666,0.02777777777777779,0.0,0.18055555555555555,True,False,unresolved,gold4
0,5,5,test,placebo,skillnet:alfworld-object-storer,all_alfworld,early,8,8,8,4,32,-0.125,-0.0625,0.0625,-0.125,0.25,uncertain,paired_game_cluster_bootstrap,False,False,0.0,0.125,0.0625,0.125,0.0625,0.0,0.375,True,False,unresolved,gold4
0,5,5,test,placebo,skillnet:alfworld-object-storer,all_alfworld,middle,6,6,6,4,24,0.0,0.0,0.0,0.0,0.0,stable,paired_game_cluster_bootstrap,False,False,0.16666666666666666,0.16666666666666666,0.16666666666666666,0.16666666666666666,0.0,0.0,0.0,True,True,unresolved,gold4
0,5,5,test,placebo,skillnet:alfworld-object-storer,all_alfworld,late,4,4,4,4,16,0.0,0.0,0.0,0.0,0.0,stable,paired_game_cluster_bootstrap,False,False,0.25,0.25,0.25,0.25,0.0,0.0,0.0,True,True,unresolved,gold4
0,5,5,test,placebo,skillnet:alfworld-object-transporter,all_alfworld,all,1,1,1,4,4,0.0,0.0,0.0,,,uncertain,single_game_interval_undefined,False,False,1.0,1.0,1.0,1.0,0.0,0.0,,False,False,interval_undefined,gold4
0,5,5,test,placebo,skillnet:alfworld-object-transporter,all_alfworld,late,1,1,1,4,4,0.0,0.0,0.0,,,uncertain,single_game_interval_undefined,False,False,1.0,1.0,1.0,1.0,0.0,0.0,,False,False,interval_undefined,gold4
0,5,5,test,placebo,skillnet:alfworld-receptacle-closer,all_alfworld,all,5,5,5,4,20,0.05,-0.05,-0.1,-0.3,0.0,uncertain,paired_game_cluster_bootstrap,False,True,0.2,0.15,0.2,0.25,0.0,0.1,0.3,True,False,unresolved,gold4
0,5,5,test,placebo,skillnet:alfworld-receptacle-closer,all_alfworld,middle,4,4,4,4,16,0.0625,-0.0625,-0.125,-0.375,0.0,uncertain,paired_game_cluster_bootstrap,False,True,0.25,0.1875,0.25,0.3125,0.0,0.125,0.375,True,False,unresolved,gold4
0,5,5,test,placebo,skillnet:alfworld-receptacle-closer,all_alfworld,late,1,1,1,4,4,0.0,0.0,0.0,,,uncertain,single_game_interval_undefined,False,False,0.0,0.0,0.0,0.0,0.0,0.0,,False,False,interval_undefined,gold4
0,5,5,test,placebo,skillnet:alfworld-receptacle-finder,all_alfworld,all,10,10,10,4,40,-0.15,-0.05,0.1,-0.025,0.275,uncertain,paired_game_cluster_bootstrap,False,False,0.05,0.2,0.125,0.175,0.075,-0.025000000000000022,0.30000000000000004,True,False,unresolved,gold4
0,5,5,test,placebo,skillnet:alfworld-receptacle-finder,all_alfworld,initial,3,3,3,4,12,-0.25,-0.16666666666666666,0.08333333333333333,-0.16666666666666666,0.4166666666666667,uncertain,paired_game_cluster_bootstrap,False,False,0.0,0.25,0.0,0.16666666666666666,0.0,-0.08333333333333334,0.5833333333333334,True,False,unresolved,gold4
0,5,5,test,placebo,skillnet:alfworld-receptacle-finder,all_alfworld,early,1,1,1,4,4,-0.75,-0.5,0.25,,,uncertain,single_game_interval_undefined,False,False,0.25,1.0,0.5,1.0,0.25,0.0,,False,False,interval_undefined,gold4
0,5,5,test,placebo,skillnet:alfworld-receptacle-finder,all_alfworld,middle,1,1,1,4,4,0.25,0.5,0.25,,,uncertain,single_game_interval_undefined,False,False,0.25,0.0,0.75,0.25,0.5,0.25,,False,False,interval_undefined,gold4
0,5,5,test,placebo,skillnet:alfworld-receptacle-finder,all_alfworld,late,5,5,5,4,20,-0.05,0.0,0.05,0.0,0.2,uncertain,paired_game_cluster_bootstrap,False,False,0.0,0.05,0.0,0.0,0.0,-0.05,0.2,True,False,unresolved,gold4
0,5,5,test,placebo,skillnet:alfworld-receptacle-navigator,all_alfworld,all,2,2,2,4,8,0.0,0.0,0.0,0.0,0.0,stable,paired_game_cluster_bootstrap,False,False,0.0,0.0,0.0,0.0,0.0,0.0,0.0,True,True,unresolved,gold4
0,5,5,test,placebo,skillnet:alfworld-receptacle-navigator,all_alfworld,early,2,2,2,4,8,0.0,0.0,0.0,0.0,0.0,stable,paired_game_cluster_bootstrap,False,False,0.0,0.0,0.0,0.0,0.0,0.0,0.0,True,True,unresolved,gold4
0,5,5,test,placebo,skillnet:alfworld-receptacle-opener,all_alfworld,all,8,8,8,4,32,0.0,-0.03125,-0.03125,-0.125,0.0,uncertain,paired_game_cluster_bootstrap,False,False,0.0,0.0,0.03125,0.0625,0.03125,0.0625,0.125,True,False,unresolved,gold4
0,5,5,test,placebo,skillnet:alfworld-receptacle-opener,all_alfworld,early,1,1,1,4,4,0.0,-0.25,-0.25,,,uncertain,single_game_interval_undefined,False,True,0.0,0.0,0.0,0.25,0.0,0.25,,False,False,interval_undefined,gold4
0,5,5,test,placebo,skillnet:alfworld-receptacle-opener,all_alfworld,middle,2,2,2,4,8,0.0,0.0,0.0,0.0,0.0,stable,paired_game_cluster_bootstrap,False,False,0.0,0.0,0.0,0.0,0.0,0.0,0.0,True,True,unresolved,gold4
0,5,5,test,placebo,skillnet:alfworld-receptacle-opener,all_alfworld,late,5,5,5,4,20,0.0,0.0,0.0,0.0,0.0,stable,paired_game_cluster_bootstrap,False,False,0.0,0.0,0.05,0.05,0.05,0.05,0.0,True,True,unresolved,gold4
0,5,5,test,placebo,skillnet:alfworld-receptacle-operator,all_alfworld,all,7,7,7,4,28,0.0,-0.17857142857142858,-0.17857142857142858,-0.4642857142857143,0.0,uncertain,paired_game_cluster_bootstrap,False,True,0.25,0.25,0.07142857142857142,0.25,-0.17857142857142858,0.0,0.4642857142857143,True,False,unresolved,gold4
0,5,5,test,placebo,skillnet:alfworld-receptacle-operator,all_alfworld,early,2,2,2,4,8,0.0,-0.5,-0.5,-1.0,0.0,uncertain,paired_game_cluster_bootstrap,False,True,0.5,0.5,0.0,0.5,-0.5,0.0,1.0,True,False,unresolved,gold4
0,5,5,test,placebo,skillnet:alfworld-receptacle-operator,all_alfworld,middle,3,3,3,4,12,0.0,-0.08333333333333333,-0.08333333333333333,-0.3333333333333333,0.0,uncertain,paired_game_cluster_bootstrap,False,True,0.25,0.25,0.16666666666666666,0.25,-0.08333333333333334,0.0,0.3333333333333333,True,False,unresolved,gold4
0,5,5,test,placebo,skillnet:alfworld-receptacle-operator,all_alfworld,late,2,2,2,4,8,0.0,0.0,0.0,0.0,0.0,stable,paired_game_cluster_bootstrap,False,False,0.0,0.0,0.0,0.0,0.0,0.0,0.0,True,True,unresolved,gold4
0,5,5,test,placebo,skillnet:alfworld-receptacle-searcher,all_alfworld,all,2,2,2,4,8,0.0,0.0,0.0,-0.5,0.5,uncertain,paired_game_cluster_bootstrap,False,False,0.75,0.75,0.75,0.75,0.0,0.0,1.0,True,False,unresolved,gold4
0,5,5,test,placebo,skillnet:alfworld-receptacle-searcher,all_alfworld,initial,2,2,2,4,8,0.0,0.0,0.0,-0.5,0.5,uncertain,paired_game_cluster_bootstrap,False,False,0.75,0.75,0.75,0.75,0.0,0.0,1.0,True,False,unresolved,gold4
0,5,5,test,placebo,skillnet:alfworld-storage-explorer,all_alfworld,all,44,44,44,4,176,-0.0625,-0.07954545454545454,-0.017045454545454544,-0.11931818181818182,0.07954545454545454,uncertain,paired_game_cluster_bootstrap,False,False,0.21022727272727273,0.2727272727272727,0.2897727272727273,0.3693181818181818,0.07954545454545456,0.09659090909090912,0.19886363636363635,True,False,unresolved,gold4
0,5,5,test,placebo,skillnet:alfworld-storage-explorer,all_alfworld,initial,23,23,23,4,92,-0.09782608695652174,-0.08695652173913043,0.010869565217391304,-0.14130434782608695,0.16304347826086957,uncertain,paired_game_cluster_bootstrap,False,False,0.18478260869565216,0.2826086956521739,0.3695652173913043,0.45652173913043476,0.18478260869565216,0.17391304347826086,0.30434782608695654,True,False,unresolved,gold4
0,5,5,test,placebo,skillnet:alfworld-storage-explorer,all_alfworld,early,18,18,18,4,72,-0.027777777777777776,-0.08333333333333333,-0.05555555555555555,-0.20833333333333334,0.08333333333333333,uncertain,paired_game_cluster_bootstrap,False,True,0.2777777777777778,0.3055555555555556,0.2361111111111111,0.3194444444444444,-0.041666666666666685,0.01388888888888884,0.2916666666666667,True,False,unresolved,gold4
0,5,5,test,placebo,skillnet:alfworld-storage-explorer,all_alfworld,middle,1,1,1,4,4,0.0,0.0,0.0,,,uncertain,single_game_interval_undefined,False,False,0.0,0.0,0.0,0.0,0.0,0.0,,False,False,interval_undefined,gold4
0,5,5,test,placebo,skillnet:alfworld-storage-explorer,all_alfworld,late,2,2,2,4,8,0.0,0.0,0.0,0.0,0.0,stable,paired_game_cluster_bootstrap,False,False,0.0,0.0,0.0,0.0,0.0,0.0,0.0,True,True,unresolved,gold4
0,5,5,test,placebo,skillnet:alfworld-temperature-regulator,all_alfworld,all,6,6,6,4,24,0.041666666666666664,0.0,-0.041666666666666664,-0.16666666666666666,0.0,uncertain,paired_game_cluster_bootstrap,False,False,0.041666666666666664,0.0,0.0,0.0,-0.041666666666666664,0.0,0.16666666666666666,True,False,unresolved,gold4
0,5,5,test,placebo,skillnet:alfworld-temperature-regulator,all_alfworld,middle,2,2,2,4,8,0.125,0.0,-0.125,-0.5,0.0,uncertain,paired_game_cluster_bootstrap,False,True,0.125,0.0,0.0,0.0,-0.125,0.0,0.5,True,False,unresolved,gold4
0,5,5,test,placebo,skillnet:alfworld-temperature-regulator,all_alfworld,late,4,4,4,4,16,0.0,0.0,0.0,0.0,0.0,stable,paired_game_cluster_bootstrap,False,False,0.0,0.0,0.0,0.0,0.0,0.0,0.0,True,True,unresolved,gold4
0,5,5,test,placebo,skillnet:alfworld-tool-locator,all_alfworld,all,4,4,4,4,16,-0.125,0.0625,0.1875,0.0,0.625,uncertain,paired_game_cluster_bootstrap,False,False,0.375,0.5,0.625,0.5625,0.25,0.0625,0.625,True,False,unresolved,gold4
0,5,5,test,placebo,skillnet:alfworld-tool-locator,all_alfworld,early,4,4,4,4,16,-0.125,0.0625,0.1875,0.0,0.625,uncertain,paired_game_cluster_bootstrap,False,False,0.375,0.5,0.625,0.5625,0.25,0.0625,0.625,True,False,unresolved,gold4
0,5,5,test,null,skillnet:alfworld-appliance-navigator,all_alfworld,all,62,62,62,4,248,0.020161290322580645,-0.020161290322580645,-0.04032258064516129,-0.14516129032258066,0.056451612903225805,uncertain,paired_game_cluster_bootstrap,False,False,0.27419354838709675,0.2540322580645161,0.2782258064516129,0.29838709677419356,0.0040322580645161255,0.044354838709677435,0.20161290322580647,True,False,unresolved,gold4
0,5,5,test,null,skillnet:alfworld-appliance-navigator,all_alfworld,initial,42,42,42,4,168,0.041666666666666664,-0.017857142857142856,-0.05952380952380952,-0.20238095238095238,0.07142857142857142,uncertain,paired_game_cluster_bootstrap,False,True,0.3392857142857143,0.2976190476190476,0.3392857142857143,0.35714285714285715,0.0,0.059523809523809534,0.27380952380952384,True,False,unresolved,gold4
0,5,5,test,null,skillnet:alfworld-appliance-navigator,all_alfworld,early,8,8,8,4,32,0.03125,-0.03125,-0.0625,-0.3125,0.1875,uncertain,paired_game_cluster_bootstrap,False,True,0.21875,0.1875,0.25,0.28125,0.03125,0.09375,0.5,True,False,unresolved,gold4
0,5,5,test,null,skillnet:alfworld-appliance-navigator,all_alfworld,middle,6,6,6,4,24,0.0,0.0,0.0,0.0,0.0,stable,paired_game_cluster_bootstrap,False,False,0.16666666666666666,0.16666666666666666,0.16666666666666666,0.16666666666666666,0.0,0.0,0.0,True,True,unresolved,gold4
0,5,5,test,null,skillnet:alfworld-appliance-navigator,all_alfworld,late,6,6,6,4,24,-0.125,-0.041666666666666664,0.08333333333333333,0.0,0.2916666666666667,uncertain,paired_game_cluster_bootstrap,False,False,0.0,0.125,0.0,0.041666666666666664,0.0,-0.08333333333333334,0.2916666666666667,True,False,unresolved,gold4
0,5,5,test,null,skillnet:alfworld-appliance-preparer,all_alfworld,all,8,8,8,4,32,0.0,0.0,0.0,0.0,0.0,stable,paired_game_cluster_bootstrap,False,False,0.0,0.0,0.0,0.0,0.0,0.0,0.0,True,True,unresolved,gold4
0,5,5,test,null,skillnet:alfworld-appliance-preparer,all_alfworld,middle,4,4,4,4,16,0.0,0.0,0.0,0.0,0.0,stable,paired_game_cluster_bootstrap,False,False,0.0,0.0,0.0,0.0,0.0,0.0,0.0,True,True,unresolved,gold4
0,5,5,test,null,skillnet:alfworld-appliance-preparer,all_alfworld,late,4,4,4,4,16,0.0,0.0,0.0,0.0,0.0,stable,paired_game_cluster_bootstrap,False,False,0.0,0.0,0.0,0.0,0.0,0.0,0.0,True,True,unresolved,gold4
0,5,5,test,null,skillnet:alfworld-clean-object,all_alfworld,all,37,37,37,4,148,-0.07432432432432433,0.0472972972972973,0.12162162162162163,-0.02027027027027027,0.2702702702702703,uncertain,paired_game_cluster_bootstrap,False,False,0.2905405405405405,0.36486486486486486,0.2635135135135135,0.21621621621621623,-0.02702702702702703,-0.14864864864864863,0.29054054054054057,True,False,unresolved,gold4
0,5,5,test,null,skillnet:alfworld-clean-object,all_alfworld,initial,25,25,25,4,100,-0.19,-0.07,0.12,-0.06,0.32,uncertain,paired_game_cluster_bootstrap,False,False,0.21,0.4,0.2,0.27,-0.009999999999999981,-0.13,0.38,True,False,unresolved,gold4
0,5,5,test,null,skillnet:alfworld-clean-object,all_alfworld,early,9,9,9,4,36,0.1111111111111111,0.2222222222222222,0.1111111111111111,-0.1388888888888889,0.3888888888888889,uncertain,paired_game_cluster_bootstrap,False,False,0.5,0.3888888888888889,0.3611111111111111,0.1388888888888889,-0.1388888888888889,-0.25,0.5277777777777778,True,False,unresolved,gold4
0,5,5,test,null,skillnet:alfworld-clean-object,all_alfworld,middle,1,1,1,4,4,0.0,0.5,0.5,,,uncertain,single_game_interval_undefined,False,False,0.0,0.0,0.5,0.0,0.5,0.0,,False,False,interval_undefined,gold4
0,5,5,test,null,skillnet:alfworld-clean-object,all_alfworld,late,2,2,2,4,8,0.5,0.5,0.0,0.0,0.0,stable,paired_game_cluster_bootstrap,False,False,0.5,0.0,0.5,0.0,0.0,0.0,0.0,True,True,unresolved,gold4
0,5,5,test,null,skillnet:alfworld-device-operator,all_alfworld,all,59,59,59,4,236,0.00423728813559322,0.07627118644067797,0.07203389830508475,-0.0423728813559322,0.1864406779661017,uncertain,paired_game_cluster_bootstrap,False,False,0.2923728813559322,0.288135593220339,0.3940677966101695,0.3177966101694915,0.1016949152542373,0.02966101694915252,0.2288135593220339,True,False,unresolved,gold4
0,5,5,test,null,skillnet:alfworld-device-operator,all_alfworld,initial,22,22,22,4,88,0.0,0.13636363636363635,0.13636363636363635,-0.09090909090909091,0.3522727272727273,uncertain,paired_game_cluster_bootstrap,False,False,0.3522727272727273,0.3522727272727273,0.5227272727272727,0.38636363636363635,0.17045454545454541,0.03409090909090906,0.44318181818181823,True,False,unresolved,gold4
0,5,5,test,null,skillnet:alfworld-device-operator,all_alfworld,early,27,27,27,4,108,0.05555555555555555,0.07407407407407407,0.018518518518518517,-0.1574074074074074,0.17592592592592593,uncertain,paired_game_cluster_bootstrap,False,False,0.3055555555555556,0.25,0.37962962962962965,0.3055555555555556,0.07407407407407407,0.05555555555555558,0.33333333333333337,True,False,unresolved,gold4
0,5,5,test,null,skillnet:alfworld-device-operator,all_alfworld,middle,7,7,7,4,28,-0.17857142857142858,-0.07142857142857142,0.10714285714285714,-0.14285714285714285,0.39285714285714285,uncertain,paired_game_cluster_bootstrap,False,False,0.17857142857142858,0.35714285714285715,0.21428571428571427,0.2857142857142857,0.0357142857142857,-0.07142857142857145,0.5357142857142857,True,False,unresolved,gold4
0,5,5,test,null,skillnet:alfworld-device-operator,all_alfworld,late,3,3,3,4,12,0.0,0.0,0.0,0.0,0.0,stable,paired_game_cluster_bootstrap,False,False,0.0,0.0,0.0,0.0,0.0,0.0,0.0,True,True,unresolved,gold4
0,5,5,test,null,skillnet:alfworld-heat-object-with-appliance,all_alfworld,all,32,32,32,4,128,0.1484375,0.2109375,0.0625,-0.046875,0.171875,uncertain,paired_game_cluster_bootstrap,False,False,0.2265625,0.078125,0.2890625,0.078125,0.0625,0.0,0.21875,True,False,unresolved,gold4
0,5,5,test,null,skillnet:alfworld-heat-object-with-appliance,all_alfworld,early,13,13,13,4,52,0.17307692307692307,0.19230769230769232,0.019230769230769232,-0.17307692307692307,0.21153846153846154,uncertain,paired_game_cluster_bootstrap,False,False,0.2692307692307692,0.09615384615384616,0.36538461538461536,0.17307692307692307,0.09615384615384615,0.07692307692307691,0.3846153846153846,True,False,unresolved,gold4
0,5,5,test,null,skillnet:alfworld-heat-object-with-appliance,all_alfworld,middle,12,12,12,4,48,0.20833333333333334,0.2916666666666667,0.08333333333333333,-0.041666666666666664,0.25,uncertain,paired_game_cluster_bootstrap,False,False,0.2916666666666667,0.08333333333333333,0.2916666666666667,0.0,0.0,-0.08333333333333333,0.2916666666666667,True,False,unresolved,gold4
0,5,5,test,null,skillnet:alfworld-heat-object-with-appliance,all_alfworld,late,7,7,7,4,28,0.0,0.10714285714285714,0.10714285714285714,0.0,0.35714285714285715,uncertain,paired_game_cluster_bootstrap,False,False,0.03571428571428571,0.03571428571428571,0.14285714285714285,0.03571428571428571,0.10714285714285714,0.0,0.35714285714285715,True,False,unresolved,gold4
0,5,5,test,null,skillnet:alfworld-inventory-management,all_alfworld,all,2,2,2,4,8,0.0,0.0,0.0,0.0,0.0,stable,paired_game_cluster_bootstrap,False,False,0.625,0.625,0.5,0.5,-0.125,-0.125,0.0,True,True,unresolved,gold4
0,5,5,test,null,skillnet:alfworld-inventory-management,all_alfworld,early,2,2,2,4,8,0.0,0.0,0.0,0.0,0.0,stable,paired_game_cluster_bootstrap,False,False,0.625,0.625,0.5,0.5,-0.125,-0.125,0.0,True,True,unresolved,gold4
0,5,5,test,null,skillnet:alfworld-locate-target-object,all_alfworld,all,2,2,2,4,8,0.0,0.0,0.0,0.0,0.0,stable,paired_game_cluster_bootstrap,False,False,0.5,0.5,0.5,0.5,0.0,0.0,0.0,True,True,unresolved,gold4
0,5,5,test,null,skillnet:alfworld-locate-target-object,all_alfworld,initial,2,2,2,4,8,0.0,0.0,0.0,0.0,0.0,stable,paired_game_cluster_bootstrap,False,False,0.5,0.5,0.5,0.5,0.0,0.0,0.0,True,True,unresolved,gold4
0,5,5,test,null,skillnet:alfworld-object-cooler,all_alfworld,all,21,21,21,4,84,0.0,0.11904761904761904,0.11904761904761904,-0.047619047619047616,0.2857142857142857,uncertain,paired_game_cluster_bootstrap,False,False,0.32142857142857145,0.32142857142857145,0.2857142857142857,0.16666666666666666,-0.035714285714285754,-0.1547619047619048,0.3333333333333333,True,False,unresolved,gold4
0,5,5,test,null,skillnet:alfworld-object-cooler,all_alfworld,early,9,9,9,4,36,0.0,0.027777777777777776,0.027777777777777776,-0.25,0.3333333333333333,uncertain,paired_game_cluster_bootstrap,False,False,0.4444444444444444,0.4444444444444444,0.3333333333333333,0.3055555555555556,-0.1111111111111111,-0.13888888888888884,0.5833333333333333,True,False,unresolved,gold4
0,5,5,test,null,skillnet:alfworld-object-cooler,all_alfworld,middle,6,6,6,4,24,-0.125,0.20833333333333334,0.3333333333333333,0.041666666666666664,0.6666666666666666,uncertain,paired_game_cluster_bootstrap,False,False,0.3333333333333333,0.4583333333333333,0.3333333333333333,0.125,0.0,-0.3333333333333333,0.625,False,False,increase_resolved,gold4
0,5,5,test,null,skillnet:alfworld-object-cooler,all_alfworld,late,6,6,6,4,24,0.125,0.16666666666666666,0.041666666666666664,0.0,0.16666666666666666,uncertain,paired_game_cluster_bootstrap,False,False,0.125,0.0,0.16666666666666666,0.0,0.04166666666666666,0.0,0.16666666666666666,True,False,unresolved,gold4
0,5,5,test,null,skillnet:alfworld-object-disposer,all_alfworld,all,2,2,2,4,8,0.0,0.0,0.0,0.0,0.0,stable,paired_game_cluster_bootstrap,False,False,0.5,0.5,0.125,0.125,-0.375,-0.375,0.0,True,True,unresolved,gold4
0,5,5,test,null,skillnet:alfworld-object-disposer,all_alfworld,early,2,2,2,4,8,0.0,0.0,0.0,0.0,0.0,stable,paired_game_cluster_bootstrap,False,False,0.5,0.5,0.125,0.125,-0.375,-0.375,0.0,True,True,unresolved,gold4
0,5,5,test,null,skillnet:alfworld-object-heater,all_alfworld,all,9,9,9,4,36,0.0,0.05555555555555555,0.05555555555555555,-0.1388888888888889,0.2777777777777778,uncertain,paired_game_cluster_bootstrap,False,False,0.2777777777777778,0.2777777777777778,0.4722222222222222,0.4166666666666667,0.19444444444444442,0.1388888888888889,0.4166666666666667,True,False,unresolved,gold4
0,5,5,test,null,skillnet:alfworld-object-heater,all_alfworld,early,1,1,1,4,4,0.0,0.0,0.0,,,uncertain,single_game_interval_undefined,False,False,0.25,0.25,1.0,1.0,0.75,0.75,,False,False,interval_undefined,gold4
0,5,5,test,null,skillnet:alfworld-object-heater,all_alfworld,middle,4,4,4,4,16,0.0,0.1875,0.1875,-0.1875,0.5625,uncertain,paired_game_cluster_bootstrap,False,False,0.5625,0.5625,0.625,0.4375,0.0625,-0.125,0.75,True,False,unresolved,gold4
0,5,5,test,null,skillnet:alfworld-object-heater,all_alfworld,late,4,4,4,4,16,0.0,-0.0625,-0.0625,-0.3125,0.125,uncertain,paired_game_cluster_bootstrap,False,True,0.0,0.0,0.1875,0.25,0.1875,0.25,0.4375,True,False,unresolved,gold4
0,5,5,test,null,skillnet:alfworld-object-picker,all_alfworld,all,7,7,7,4,28,0.0,0.0,0.0,-0.17857142857142858,0.21428571428571427,uncertain,paired_game_cluster_bootstrap,False,False,0.10714285714285714,0.10714285714285714,0.25,0.25,0.14285714285714285,0.14285714285714285,0.39285714285714285,True,False,unresolved,gold4
0,5,5,test,null,skillnet:alfworld-object-picker,all_alfworld,early,4,4,4,4,16,0.0625,-0.0625,-0.125,-0.375,0.0,uncertain,paired_game_cluster_bootstrap,False,True,0.0625,0.0,0.0,0.0625,-0.0625,0.0625,0.375,True,False,unresolved,gold4
0,5,5,test,null,skillnet:alfworld-object-picker,all_alfworld,middle,1,1,1,4,4,-0.25,0.25,0.5,,,uncertain,single_game_interval_undefined,False,False,0.25,0.5,0.75,0.5,0.5,0.0,,False,False,interval_undefined,gold4
0,5,5,test,null,skillnet:alfworld-object-picker,all_alfworld,late,2,2,2,4,8,0.0,0.0,0.0,0.0,0.0,stable,paired_game_cluster_bootstrap,False,False,0.125,0.125,0.5,0.5,0.375,0.375,0.0,True,True,unresolved,gold4
0,5,5,test,null,skillnet:alfworld-object-placer,all_alfworld,all,23,23,23,4,92,-0.11956521739130435,-0.05434782608695652,0.06521739130434782,-0.06521739130434782,0.20652173913043478,uncertain,paired_game_cluster_bootstrap,False,False,0.32608695652173914,0.44565217391304346,0.34782608695652173,0.40217391304347827,0.021739130434782594,-0.04347826086956519,0.2717391304347826,True,False,unresolved,gold4
0,5,5,test,null,skillnet:alfworld-object-placer,all_alfworld,initial,3,3,3,4,12,-0.08333333333333333,-0.16666666666666666,-0.08333333333333333,-0.5,0.3333333333333333,uncertain,paired_game_cluster_bootstrap,False,True,0.08333333333333333,0.16666666666666666,0.0,0.16666666666666666,-0.08333333333333333,0.0,0.8333333333333333,True,False,unresolved,gold4
0,5,5,test,null,skillnet:alfworld-object-placer,all_alfworld,early,4,4,4,4,16,-0.3125,-0.25,0.0625,-0.3125,0.4375,uncertain,paired_game_cluster_bootstrap,False,False,0.0625,0.375,0.1875,0.4375,0.125,0.0625,0.75,True,False,unresolved,gold4
0,5,5,test,null,skillnet:alfworld-object-placer,all_alfworld,middle,10,10,10,4,40,0.0,0.025,0.025,-0.1,0.15,uncertain,paired_game_cluster_bootstrap,False,False,0.6,0.6,0.625,0.6,0.025000000000000022,0.0,0.25,True,False,unresolved,gold4
0,5,5,test,null,skillnet:alfworld-object-placer,all_alfworld,late,6,6,6,4,24,-0.20833333333333334,0.0,0.20833333333333334,0.0,0.5416666666666666,uncertain,paired_game_cluster_bootstrap,False,False,0.16666666666666666,0.375,0.16666666666666666,0.16666666666666666,0.0,-0.20833333333333334,0.5416666666666666,True,False,unresolved,gold4
0,5,5,test,null,skillnet:alfworld-object-retriever,all_alfworld,all,15,15,15,4,60,-0.016666666666666666,-0.05,-0.03333333333333333,-0.23333333333333334,0.18333333333333332,uncertain,paired_game_cluster_bootstrap,False,False,0.31666666666666665,0.3333333333333333,0.3,0.35,-0.016666666666666663,0.016666666666666663,0.41666666666666663,True,False,unresolved,gold4
0,5,5,test,null,skillnet:alfworld-object-retriever,all_alfworld,initial,2,2,2,4,8,0.0,0.0,0.0,0.0,0.0,stable,paired_game_cluster_bootstrap,False,False,0.0,0.0,0.125,0.125,0.125,0.125,0.0,True,True,unresolved,gold4
0,5,5,test,null,skillnet:alfworld-object-retriever,all_alfworld,early,13,13,13,4,52,-0.019230769230769232,-0.057692307692307696,-0.038461538461538464,-0.2692307692307692,0.21153846153846154,uncertain,paired_game_cluster_bootstrap,False,False,0.36538461538461536,0.38461538461538464,0.3269230769230769,0.38461538461538464,-0.038461538461538436,0.0,0.4807692307692307,True,False,unresolved,gold4
0,5,5,test,null,skillnet:alfworld-object-state-inspector,all_alfworld,all,18,18,18,4,72,0.013888888888888888,0.2361111111111111,0.2222222222222222,0.041319444444444756,0.4305555555555556,uncertain,paired_game_cluster_bootstrap,False,False,0.3055555555555556,0.2916666666666667,0.8333333333333334,0.5972222222222222,0.5277777777777778,0.3055555555555555,0.38923611111111084,False,False,increase_resolved,gold4
0,5,5,test,null,skillnet:alfworld-object-state-inspector,all_alfworld,initial,10,10,10,4,40,0.025,0.2,0.175,-0.075,0.425,uncertain,paired_game_cluster_bootstrap,False,False,0.1,0.075,0.7,0.5,0.6,0.425,0.5,True,False,unresolved,gold4
0,5,5,test,null,skillnet:alfworld-object-state-inspector,all_alfworld,early,7,7,7,4,28,-0.03571428571428571,0.32142857142857145,0.35714285714285715,0.07142857142857142,0.7142857142857143,positive,paired_game_cluster_bootstrap,False,False,0.5,0.5357142857142857,1.0,0.6785714285714286,0.5,0.1428571428571429,0.6428571428571429,False,False,increase_resolved,gold4
0,5,5,test,null,skillnet:alfworld-object-state-inspector,all_alfworld,middle,1,1,1,4,4,0.25,0.0,-0.25,,,uncertain,single_game_interval_undefined,False,True,1.0,0.75,1.0,1.0,0.0,0.25,,False,False,interval_undefined,gold4
0,5,5,test,null,skillnet:alfworld-object-storer,all_alfworld,all,18,18,18,4,72,-0.09722222222222222,-0.041666666666666664,0.05555555555555555,-0.013888888888888888,0.1527777777777778,uncertain,paired_game_cluster_bootstrap,False,False,0.1111111111111111,0.20833333333333334,0.1388888888888889,0.18055555555555555,0.02777777777777779,-0.02777777777777779,0.16666666666666669,True,False,unresolved,gold4
0,5,5,test,null,skillnet:alfworld-object-storer,all_alfworld,early,8,8,8,4,32,-0.21875,-0.09375,0.125,-0.03125,0.3125,uncertain,paired_game_cluster_bootstrap,False,False,0.0,0.21875,0.0625,0.15625,0.0625,-0.0625,0.34375,True,False,unresolved,gold4
0,5,5,test,null,skillnet:alfworld-object-storer,all_alfworld,middle,6,6,6,4,24,0.0,0.0,0.0,0.0,0.0,stable,paired_game_cluster_bootstrap,False,False,0.16666666666666666,0.16666666666666666,0.16666666666666666,0.16666666666666666,0.0,0.0,0.0,True,True,unresolved,gold4
0,5,5,test,null,skillnet:alfworld-object-storer,all_alfworld,late,4,4,4,4,16,0.0,0.0,0.0,0.0,0.0,stable,paired_game_cluster_bootstrap,False,False,0.25,0.25,0.25,0.25,0.0,0.0,0.0,True,True,unresolved,gold4
0,5,5,test,null,skillnet:alfworld-object-transporter,all_alfworld,all,1,1,1,4,4,0.0,0.25,0.25,,,uncertain,single_game_interval_undefined,False,False,1.0,1.0,1.0,0.75,0.0,-0.25,,False,False,interval_undefined,gold4
0,5,5,test,null,skillnet:alfworld-object-transporter,all_alfworld,late,1,1,1,4,4,0.0,0.25,0.25,,,uncertain,single_game_interval_undefined,False,False,1.0,1.0,1.0,0.75,0.0,-0.25,,False,False,interval_undefined,gold4
0,5,5,test,null,skillnet:alfworld-receptacle-closer,all_alfworld,all,5,5,5,4,20,0.05,-0.05,-0.1,-0.3,0.0,uncertain,paired_game_cluster_bootstrap,False,True,0.2,0.15,0.2,0.25,0.0,0.1,0.3,True,False,unresolved,gold4
0,5,5,test,null,skillnet:alfworld-receptacle-closer,all_alfworld,middle,4,4,4,4,16,0.0625,-0.0625,-0.125,-0.3125,0.0,uncertain,paired_game_cluster_bootstrap,False,True,0.25,0.1875,0.25,0.3125,0.0,0.125,0.3125,True,False,unresolved,gold4
0,5,5,test,null,skillnet:alfworld-receptacle-closer,all_alfworld,late,1,1,1,4,4,0.0,0.0,0.0,,,uncertain,single_game_interval_undefined,False,False,0.0,0.0,0.0,0.0,0.0,0.0,,False,False,interval_undefined,gold4
0,5,5,test,null,skillnet:alfworld-receptacle-finder,all_alfworld,all,10,10,10,4,40,-0.075,-0.075,0.0,-0.175,0.175,uncertain,paired_game_cluster_bootstrap,False,False,0.05,0.125,0.125,0.2,0.075,0.07500000000000001,0.35,True,False,unresolved,gold4
0,5,5,test,null,skillnet:alfworld-receptacle-finder,all_alfworld,initial,3,3,3,4,12,-0.16666666666666666,-0.3333333333333333,-0.16666666666666666,-0.5,0.0,uncertain,paired_game_cluster_bootstrap,False,True,0.0,0.16666666666666666,0.0,0.3333333333333333,0.0,0.16666666666666666,0.5,True,False,unresolved,gold4
0,5,5,test,null,skillnet:alfworld-receptacle-finder,all_alfworld,early,1,1,1,4,4,-0.5,-0.5,0.0,,,uncertain,single_game_interval_undefined,False,False,0.25,0.75,0.5,1.0,0.25,0.25,,False,False,interval_undefined,gold4
0,5,5,test,null,skillnet:alfworld-receptacle-finder,all_alfworld,middle,1,1,1,4,4,0.25,0.75,0.5,,,uncertain,single_game_interval_undefined,False,False,0.25,0.0,0.75,0.0,0.5,0.0,,False,False,interval_undefined,gold4
0,5,5,test,null,skillnet:alfworld-receptacle-finder,all_alfworld,late,5,5,5,4,20,0.0,0.0,0.0,0.0,0.0,stable,paired_game_cluster_bootstrap,False,False,0.0,0.0,0.0,0.0,0.0,0.0,0.0,True,True,unresolved,gold4
0,5,5,test,null,skillnet:alfworld-receptacle-navigator,all_alfworld,all,2,2,2,4,8,0.0,0.0,0.0,0.0,0.0,stable,paired_game_cluster_bootstrap,False,False,0.0,0.0,0.0,0.0,0.0,0.0,0.0,True,True,unresolved,gold4
0,5,5,test,null,skillnet:alfworld-receptacle-navigator,all_alfworld,early,2,2,2,4,8,0.0,0.0,0.0,0.0,0.0,stable,paired_game_cluster_bootstrap,False,False,0.0,0.0,0.0,0.0,0.0,0.0,0.0,True,True,unresolved,gold4
0,5,5,test,null,skillnet:alfworld-receptacle-opener,all_alfworld,all,8,8,8,4,32,0.0,-0.03125,-0.03125,-0.125,0.0,uncertain,paired_game_cluster_bootstrap,False,False,0.0,0.0,0.03125,0.0625,0.03125,0.0625,0.125,True,False,unresolved,gold4
0,5,5,test,null,skillnet:alfworld-receptacle-opener,all_alfworld,early,1,1,1,4,4,0.0,-0.25,-0.25,,,uncertain,single_game_interval_undefined,False,True,0.0,0.0,0.0,0.25,0.0,0.25,,False,False,interval_undefined,gold4
0,5,5,test,null,skillnet:alfworld-receptacle-opener,all_alfworld,middle,2,2,2,4,8,0.0,0.0,0.0,0.0,0.0,stable,paired_game_cluster_bootstrap,False,False,0.0,0.0,0.0,0.0,0.0,0.0,0.0,True,True,unresolved,gold4
0,5,5,test,null,skillnet:alfworld-receptacle-opener,all_alfworld,late,5,5,5,4,20,0.0,0.0,0.0,0.0,0.0,stable,paired_game_cluster_bootstrap,False,False,0.0,0.0,0.05,0.05,0.05,0.05,0.0,True,True,unresolved,gold4
0,5,5,test,null,skillnet:alfworld-receptacle-operator,all_alfworld,all,7,7,7,4,28,-0.03571428571428571,-0.21428571428571427,-0.17857142857142858,-0.5,0.10714285714285714,uncertain,paired_game_cluster_bootstrap,False,True,0.25,0.2857142857142857,0.07142857142857142,0.2857142857142857,-0.17857142857142858,0.0,0.6071428571428571,True,False,unresolved,gold4
0,5,5,test,null,skillnet:alfworld-receptacle-operator,all_alfworld,early,2,2,2,4,8,0.0,-0.5,-0.5,-1.0,0.0,uncertain,paired_game_cluster_bootstrap,False,True,0.5,0.5,0.0,0.5,-0.5,0.0,1.0,True,False,unresolved,gold4
0,5,5,test,null,skillnet:alfworld-receptacle-operator,all_alfworld,middle,3,3,3,4,12,0.0,-0.16666666666666666,-0.16666666666666666,-0.5,0.0,uncertain,paired_game_cluster_bootstrap,False,True,0.25,0.25,0.16666666666666666,0.3333333333333333,-0.08333333333333334,0.08333333333333331,0.5,True,False,unresolved,gold4
0,5,5,test,null,skillnet:alfworld-receptacle-operator,all_alfworld,late,2,2,2,4,8,-0.125,0.0,0.125,0.0,0.5,uncertain,paired_game_cluster_bootstrap,False,False,0.0,0.125,0.0,0.0,0.0,-0.125,0.5,True,False,unresolved,gold4
0,5,5,test,null,skillnet:alfworld-receptacle-searcher,all_alfworld,all,2,2,2,4,8,0.0,0.0,0.0,-0.5,0.5,uncertain,paired_game_cluster_bootstrap,False,False,0.75,0.75,0.75,0.75,0.0,0.0,1.0,True,False,unresolved,gold4
0,5,5,test,null,skillnet:alfworld-receptacle-searcher,all_alfworld,initial,2,2,2,4,8,0.0,0.0,0.0,-0.5,0.5,uncertain,paired_game_cluster_bootstrap,False,False,0.75,0.75,0.75,0.75,0.0,0.0,1.0,True,False,unresolved,gold4
0,5,5,test,null,skillnet:alfworld-storage-explorer,all_alfworld,all,44,44,44,4,176,-0.056818181818181816,-0.07386363636363637,-0.017045454545454544,-0.10795454545454546,0.07386363636363637,uncertain,paired_game_cluster_bootstrap,False,False,0.21022727272727273,0.26704545454545453,0.2897727272727273,0.36363636363636365,0.07954545454545456,0.09659090909090912,0.18181818181818182,True,False,unresolved,gold4
0,5,5,test,null,skillnet:alfworld-storage-explorer,all_alfworld,initial,23,23,23,4,92,-0.06521739130434782,-0.08695652173913043,-0.021739130434782608,-0.15217391304347827,0.10869565217391304,uncertain,paired_game_cluster_bootstrap,False,False,0.18478260869565216,0.25,0.3695652173913043,0.45652173913043476,0.18478260869565216,0.20652173913043476,0.2608695652173913,True,False,unresolved,gold4
0,5,5,test,null,skillnet:alfworld-storage-explorer,all_alfworld,early,18,18,18,4,72,-0.05555555555555555,-0.06944444444444445,-0.013888888888888888,-0.16666666666666666,0.1388888888888889,uncertain,paired_game_cluster_bootstrap,False,False,0.2777777777777778,0.3333333333333333,0.2361111111111111,0.3055555555555556,-0.041666666666666685,-0.027777777777777735,0.3055555555555556,True,False,unresolved,gold4
0,5,5,test,null,skillnet:alfworld-storage-explorer,all_alfworld,middle,1,1,1,4,4,0.0,0.0,0.0,,,uncertain,single_game_interval_undefined,False,False,0.0,0.0,0.0,0.0,0.0,0.0,,False,False,interval_undefined,gold4
0,5,5,test,null,skillnet:alfworld-storage-explorer,all_alfworld,late,2,2,2,4,8,0.0,0.0,0.0,0.0,0.0,stable,paired_game_cluster_bootstrap,False,False,0.0,0.0,0.0,0.0,0.0,0.0,0.0,True,True,unresolved,gold4
0,5,5,test,null,skillnet:alfworld-temperature-regulator,all_alfworld,all,6,6,6,4,24,0.041666666666666664,0.0,-0.041666666666666664,-0.16666666666666666,0.0,uncertain,paired_game_cluster_bootstrap,False,False,0.041666666666666664,0.0,0.0,0.0,-0.041666666666666664,0.0,0.16666666666666666,True,False,unresolved,gold4
0,5,5,test,null,skillnet:alfworld-temperature-regulator,all_alfworld,middle,2,2,2,4,8,0.125,0.0,-0.125,-0.5,0.0,uncertain,paired_game_cluster_bootstrap,False,True,0.125,0.0,0.0,0.0,-0.125,0.0,0.5,True,False,unresolved,gold4
0,5,5,test,null,skillnet:alfworld-temperature-regulator,all_alfworld,late,4,4,4,4,16,0.0,0.0,0.0,0.0,0.0,stable,paired_game_cluster_bootstrap,False,False,0.0,0.0,0.0,0.0,0.0,0.0,0.0,True,True,unresolved,gold4
0,5,5,test,null,skillnet:alfworld-tool-locator,all_alfworld,all,4,4,4,4,16,-0.125,0.0625,0.1875,0.0,0.625,uncertain,paired_game_cluster_bootstrap,False,False,0.375,0.5,0.625,0.5625,0.25,0.0625,0.625,True,False,unresolved,gold4
0,5,5,test,null,skillnet:alfworld-tool-locator,all_alfworld,early,4,4,4,4,16,-0.125,0.0625,0.1875,0.0,0.625,uncertain,paired_game_cluster_bootstrap,False,False,0.375,0.5,0.625,0.5625,0.25,0.0625,0.625,True,False,unresolved,gold4
0,5,5,test,placebo,skillnet:alfworld-appliance-navigator,all_alfworld,all,62,62,62,8,496,-0.03225806451612903,0.020161290322580645,0.05241935483870968,-0.014112903225806451,0.12096774193548387,uncertain,paired_game_cluster_bootstrap,False,False,0.26814516129032256,0.3004032258064516,0.28225806451612906,0.2620967741935484,0.014112903225806495,-0.03830645161290325,0.1350806451612903,True,False,unresolved,gold8
0,5,5,test,placebo,skillnet:alfworld-appliance-navigator,all_alfworld,initial,42,42,42,8,336,-0.05952380952380952,0.02976190476190476,0.08928571428571429,0.0,0.18154761904761904,uncertain,paired_game_cluster_bootstrap,False,False,0.3244047619047619,0.38392857142857145,0.34523809523809523,0.31547619047619047,0.020833333333333315,-0.06845238095238099,0.18154761904761904,True,False,unresolved,gold8
0,5,5,test,placebo,skillnet:alfworld-appliance-navigator,all_alfworld,early,8,8,8,8,64,0.0625,0.015625,-0.046875,-0.25,0.125,uncertain,paired_game_cluster_bootstrap,False,False,0.234375,0.171875,0.25,0.234375,0.015625,0.0625,0.375,True,False,unresolved,gold8
0,5,5,test,placebo,skillnet:alfworld-appliance-navigator,all_alfworld,middle,6,6,6,8,48,0.0,0.0,0.0,0.0,0.0,stable,paired_game_cluster_bootstrap,False,False,0.16666666666666666,0.16666666666666666,0.16666666666666666,0.16666666666666666,0.0,0.0,0.0,True,True,unresolved,gold8
0,5,5,test,placebo,skillnet:alfworld-appliance-navigator,all_alfworld,late,6,6,6,8,48,0.0,-0.020833333333333332,-0.020833333333333332,-0.08333333333333333,0.0,uncertain,paired_game_cluster_bootstrap,False,False,0.020833333333333332,0.020833333333333332,0.0,0.020833333333333332,-0.020833333333333332,0.0,0.08333333333333333,True,False,unresolved,gold8
0,5,5,test,placebo,skillnet:alfworld-appliance-preparer,all_alfworld,all,8,8,8,8,64,0.0,0.0,0.0,0.0,0.0,stable,paired_game_cluster_bootstrap,False,False,0.0,0.0,0.0,0.0,0.0,0.0,0.0,True,True,unresolved,gold8
0,5,5,test,placebo,skillnet:alfworld-appliance-preparer,all_alfworld,middle,4,4,4,8,32,0.0,0.0,0.0,0.0,0.0,stable,paired_game_cluster_bootstrap,False,False,0.0,0.0,0.0,0.0,0.0,0.0,0.0,True,True,unresolved,gold8
0,5,5,test,placebo,skillnet:alfworld-appliance-preparer,all_alfworld,late,4,4,4,8,32,0.0,0.0,0.0,0.0,0.0,stable,paired_game_cluster_bootstrap,False,False,0.0,0.0,0.0,0.0,0.0,0.0,0.0,True,True,unresolved,gold8
0,5,5,test,placebo,skillnet:alfworld-clean-object,all_alfworld,all,37,37,37,8,296,-0.06418918918918919,0.05067567567567568,0.11486486486486487,-0.016891891891891893,0.2533783783783784,uncertain,paired_game_cluster_bootstrap,False,False,0.30067567567567566,0.36486486486486486,0.27364864864864863,0.22297297297297297,-0.02702702702702703,-0.14189189189189189,0.2702702702702703,True,False,unresolved,gold8
0,5,5,test,placebo,skillnet:alfworld-clean-object,all_alfworld,initial,25,25,25,8,200,-0.18,-0.085,0.095,-0.075,0.28,uncertain,paired_game_cluster_bootstrap,False,False,0.235,0.415,0.2,0.285,-0.034999999999999976,-0.13,0.35500000000000004,True,False,unresolved,gold8
0,5,5,test,placebo,skillnet:alfworld-clean-object,all_alfworld,early,9,9,9,8,72,0.125,0.2638888888888889,0.1388888888888889,-0.125,0.4027777777777778,uncertain,paired_game_cluster_bootstrap,False,False,0.4722222222222222,0.3472222222222222,0.3888888888888889,0.125,-0.08333333333333331,-0.2222222222222222,0.5277777777777778,True,False,unresolved,gold8
0,5,5,test,placebo,skillnet:alfworld-clean-object,all_alfworld,middle,1,1,1,8,8,0.0,0.5,0.5,,,uncertain,single_game_interval_undefined,False,False,0.0,0.0,0.5,0.0,0.5,0.0,,False,False,interval_undefined,gold8
0,5,5,test,placebo,skillnet:alfworld-clean-object,all_alfworld,late,2,2,2,8,16,0.5,0.5625,0.0625,0.0,0.25,uncertain,paired_game_cluster_bootstrap,False,False,0.5,0.0,0.5625,0.0,0.0625,0.0,0.25,True,False,unresolved,gold8
0,5,5,test,placebo,skillnet:alfworld-device-operator,all_alfworld,all,59,59,59,8,472,0.029661016949152543,0.07203389830508475,0.0423728813559322,-0.05508474576271186,0.1419491525423729,uncertain,paired_game_cluster_bootstrap,False,False,0.2944915254237288,0.2648305084745763,0.3792372881355932,0.3072033898305085,0.0847457627118644,0.0423728813559322,0.19703389830508475,True,False,unresolved,gold8
0,5,5,test,placebo,skillnet:alfworld-device-operator,all_alfworld,initial,22,22,22,8,176,0.09659090909090909,0.1590909090909091,0.0625,-0.11363636363636363,0.23295454545454544,uncertain,paired_game_cluster_bootstrap,False,False,0.36363636363636365,0.26704545454545453,0.48863636363636365,0.32954545454545453,0.125,0.0625,0.34659090909090906,True,False,unresolved,gold8
0,5,5,test,placebo,skillnet:alfworld-device-operator,all_alfworld,early,27,27,27,8,216,0.032407407407407406,0.06481481481481481,0.032407407407407406,-0.12037037037037036,0.18518518518518517,uncertain,paired_game_cluster_bootstrap,False,False,0.30092592592592593,0.26851851851851855,0.37962962962962965,0.3148148148148148,0.07870370370370372,0.04629629629629628,0.3055555555555555,True,False,unresolved,gold8
0,5,5,test,placebo,skillnet:alfworld-device-operator,all_alfworld,middle,7,7,7,8,56,-0.17857142857142858,-0.14285714285714285,0.03571428571428571,-0.14285714285714285,0.23214285714285715,uncertain,paired_game_cluster_bootstrap,False,False,0.17857142857142858,0.35714285714285715,0.19642857142857142,0.3392857142857143,0.01785714285714285,-0.01785714285714285,0.375,True,False,unresolved,gold8
0,5,5,test,placebo,skillnet:alfworld-device-operator,all_alfworld,late,3,3,3,8,24,0.0,0.0,0.0,0.0,0.0,stable,paired_game_cluster_bootstrap,False,False,0.0,0.0,0.0,0.0,0.0,0.0,0.0,True,True,unresolved,gold8
0,5,5,test,placebo,skillnet:alfworld-heat-object-with-appliance,all_alfworld,all,32,32,32,8,256,0.12109375,0.21484375,0.09375,0.0078125,0.19140625,uncertain,paired_game_cluster_bootstrap,False,False,0.21875,0.09765625,0.29296875,0.078125,0.07421875,-0.01953125,0.18359375,False,False,increase_resolved,gold8
0,5,5,test,placebo,skillnet:alfworld-heat-object-with-appliance,all_alfworld,early,13,13,13,8,104,0.10576923076923077,0.20192307692307693,0.09615384615384616,-0.07692307692307693,0.28846153846153844,uncertain,paired_game_cluster_bootstrap,False,False,0.25961538461538464,0.15384615384615385,0.3557692307692308,0.15384615384615385,0.09615384615384615,0.0,0.36538461538461536,True,False,unresolved,gold8
0,5,5,test,placebo,skillnet:alfworld-heat-object-with-appliance,all_alfworld,middle,12,12,12,8,96,0.20833333333333334,0.2916666666666667,0.08333333333333333,0.010416666666666666,0.1875,uncertain,paired_game_cluster_bootstrap,False,False,0.2916666666666667,0.08333333333333333,0.3125,0.020833333333333332,0.020833333333333315,-0.0625,0.17708333333333334,False,False,increase_resolved,gold8
0,5,5,test,placebo,skillnet:alfworld-heat-object-with-appliance,all_alfworld,late,7,7,7,8,56,0.0,0.10714285714285714,0.10714285714285714,0.0,0.3392857142857143,uncertain,paired_game_cluster_bootstrap,False,False,0.017857142857142856,0.017857142857142856,0.14285714285714285,0.03571428571428571,0.125,0.017857142857142856,0.3392857142857143,True,False,unresolved,gold8
0,5,5,test,placebo,skillnet:alfworld-inventory-management,all_alfworld,all,2,2,2,8,16,-0.0625,0.0,0.0625,0.0,0.25,uncertain,paired_game_cluster_bootstrap,False,False,0.625,0.6875,0.5,0.5,-0.125,-0.1875,0.25,True,False,unresolved,gold8
0,5,5,test,placebo,skillnet:alfworld-inventory-management,all_alfworld,early,2,2,2,8,16,-0.0625,0.0,0.0625,0.0,0.25,uncertain,paired_game_cluster_bootstrap,False,False,0.625,0.6875,0.5,0.5,-0.125,-0.1875,0.25,True,False,unresolved,gold8
0,5,5,test,placebo,skillnet:alfworld-locate-target-object,all_alfworld,all,2,2,2,8,16,0.0,0.0,0.0,0.0,0.0,stable,paired_game_cluster_bootstrap,False,False,0.4375,0.4375,0.5,0.5,0.0625,0.0625,0.0,True,True,unresolved,gold8
0,5,5,test,placebo,skillnet:alfworld-locate-target-object,all_alfworld,initial,2,2,2,8,16,0.0,0.0,0.0,0.0,0.0,stable,paired_game_cluster_bootstrap,False,False,0.4375,0.4375,0.5,0.5,0.0625,0.0625,0.0,True,True,unresolved,gold8
0,5,5,test,placebo,skillnet:alfworld-object-cooler,all_alfworld,all,21,21,21,8,168,0.05952380952380952,0.10119047619047619,0.041666666666666664,-0.1130952380952381,0.19642857142857142,uncertain,paired_game_cluster_bootstrap,False,False,0.34523809523809523,0.2857142857142857,0.30357142857142855,0.20238095238095238,-0.041666666666666685,-0.08333333333333331,0.30952380952380953,True,False,unresolved,gold8
0,5,5,test,placebo,skillnet:alfworld-object-cooler,all_alfworld,early,9,9,9,8,72,0.125,0.027777777777777776,-0.09722222222222222,-0.375,0.16666666666666666,uncertain,paired_game_cluster_bootstrap,False,True,0.4861111111111111,0.3611111111111111,0.375,0.3472222222222222,-0.1111111111111111,-0.013888888888888895,0.5416666666666666,True,False,unresolved,gold8
0,5,5,test,placebo,skillnet:alfworld-object-cooler,all_alfworld,middle,6,6,6,8,48,-0.125,0.14583333333333334,0.2708333333333333,0.020833333333333332,0.5833333333333334,uncertain,paired_game_cluster_bootstrap,False,False,0.3333333333333333,0.4583333333333333,0.3333333333333333,0.1875,0.0,-0.2708333333333333,0.5625,False,False,increase_resolved,gold8
0,5,5,test,placebo,skillnet:alfworld-object-cooler,all_alfworld,late,6,6,6,8,48,0.14583333333333334,0.16666666666666666,0.020833333333333332,0.0,0.08333333333333333,uncertain,paired_game_cluster_bootstrap,False,False,0.14583333333333334,0.0,0.16666666666666666,0.0,0.020833333333333315,0.0,0.08333333333333333,True,False,unresolved,gold8
0,5,5,test,placebo,skillnet:alfworld-object-disposer,all_alfworld,all,2,2,2,8,16,0.0,0.0625,0.0625,0.0,0.25,uncertain,paired_game_cluster_bootstrap,False,False,0.5,0.5,0.3125,0.25,-0.1875,-0.25,0.25,True,False,unresolved,gold8
0,5,5,test,placebo,skillnet:alfworld-object-disposer,all_alfworld,early,2,2,2,8,16,0.0,0.0625,0.0625,0.0,0.25,uncertain,paired_game_cluster_bootstrap,False,False,0.5,0.5,0.3125,0.25,-0.1875,-0.25,0.25,True,False,unresolved,gold8
0,5,5,test,placebo,skillnet:alfworld-object-heater,all_alfworld,all,9,9,9,8,72,-0.027777777777777776,0.013888888888888888,0.041666666666666664,-0.08333333333333333,0.18055555555555555,uncertain,paired_game_cluster_bootstrap,False,False,0.25,0.2777777777777778,0.4166666666666667,0.4027777777777778,0.16666666666666669,0.125,0.2638888888888889,True,False,unresolved,gold8
0,5,5,test,placebo,skillnet:alfworld-object-heater,all_alfworld,early,1,1,1,8,8,0.0,0.0,0.0,,,uncertain,single_game_interval_undefined,False,False,0.125,0.125,0.875,0.875,0.75,0.75,,False,False,interval_undefined,gold8
0,5,5,test,placebo,skillnet:alfworld-object-heater,all_alfworld,middle,4,4,4,8,32,-0.03125,0.09375,0.125,-0.09375,0.40625,uncertain,paired_game_cluster_bootstrap,False,False,0.53125,0.5625,0.59375,0.5,0.0625,-0.0625,0.5,True,False,unresolved,gold8
0,5,5,test,placebo,skillnet:alfworld-object-heater,all_alfworld,late,4,4,4,8,32,-0.03125,-0.0625,-0.03125,-0.1875,0.0625,uncertain,paired_game_cluster_bootstrap,False,False,0.0,0.03125,0.125,0.1875,0.125,0.15625,0.25,True,False,unresolved,gold8
0,5,5,test,placebo,skillnet:alfworld-object-picker,all_alfworld,all,7,7,7,8,56,0.0,-0.05357142857142857,-0.05357142857142857,-0.23214285714285715,0.08928571428571429,uncertain,paired_game_cluster_bootstrap,False,True,0.08928571428571429,0.08928571428571429,0.19642857142857142,0.25,0.10714285714285714,0.1607142857142857,0.32142857142857145,True,False,unresolved,gold8
0,5,5,test,placebo,skillnet:alfworld-object-picker,all_alfworld,early,4,4,4,8,32,0.0,-0.125,-0.125,-0.40625,0.0625,uncertain,paired_game_cluster_bootstrap,False,True,0.0625,0.0625,0.0,0.125,-0.0625,0.0625,0.46875,True,False,unresolved,gold8
0,5,5,test,placebo,skillnet:alfworld-object-picker,all_alfworld,middle,1,1,1,8,8,0.0,0.125,0.125,,,uncertain,single_game_interval_undefined,False,False,0.25,0.25,0.5,0.375,0.25,0.125,,False,False,interval_undefined,gold8
0,5,5,test,placebo,skillnet:alfworld-object-picker,all_alfworld,late,2,2,2,8,16,0.0,0.0,0.0,0.0,0.0,stable,paired_game_cluster_bootstrap,False,False,0.0625,0.0625,0.4375,0.4375,0.375,0.375,0.0,True,True,unresolved,gold8
0,5,5,test,placebo,skillnet:alfworld-object-placer,all_alfworld,all,23,23,23,8,184,-0.1358695652173913,-0.043478260869565216,0.09239130434782608,-0.02717391304347826,0.21739130434782608,uncertain,paired_game_cluster_bootstrap,False,False,0.31521739130434784,0.45108695652173914,0.33152173913043476,0.375,0.016304347826086918,-0.07608695652173914,0.24456521739130435,True,False,unresolved,gold8
0,5,5,test,placebo,skillnet:alfworld-object-placer,all_alfworld,initial,3,3,3,8,24,-0.041666666666666664,0.041666666666666664,0.08333333333333333,-0.20833333333333334,0.4166666666666667,uncertain,paired_game_cluster_bootstrap,False,False,0.08333333333333333,0.125,0.041666666666666664,0.0,-0.041666666666666664,-0.125,0.625,True,False,unresolved,gold8
0,5,5,test,placebo,skillnet:alfworld-object-placer,all_alfworld,early,4,4,4,8,32,-0.40625,-0.34375,0.0625,-0.375,0.46875,uncertain,paired_game_cluster_bootstrap,False,False,0.0625,0.46875,0.15625,0.5,0.09375,0.03125,0.84375,True,False,unresolved,gold8
0,5,5,test,placebo,skillnet:alfworld-object-placer,all_alfworld,middle,10,10,10,8,80,-0.0875,0.0125,0.1,-0.075,0.3125,uncertain,paired_game_cluster_bootstrap,False,False,0.5625,0.65,0.575,0.5625,0.012499999999999956,-0.08750000000000002,0.3875,True,False,unresolved,gold8
0,5,5,test,placebo,skillnet:alfworld-object-placer,all_alfworld,late,6,6,6,8,48,-0.08333333333333333,0.020833333333333332,0.10416666666666667,0.0,0.2708333333333333,uncertain,paired_game_cluster_bootstrap,False,False,0.1875,0.2708333333333333,0.1875,0.16666666666666666,0.0,-0.10416666666666666,0.2708333333333333,True,False,unresolved,gold8
0,5,5,test,placebo,skillnet:alfworld-object-retriever,all_alfworld,all,15,15,15,8,120,-0.075,-0.025,0.05,-0.11666666666666667,0.25,uncertain,paired_game_cluster_bootstrap,False,False,0.2916666666666667,0.36666666666666664,0.30833333333333335,0.3333333333333333,0.016666666666666663,-0.033333333333333326,0.3666666666666667,True,False,unresolved,gold8
0,5,5,test,placebo,skillnet:alfworld-object-retriever,all_alfworld,initial,2,2,2,8,16,0.0,0.0,0.0,0.0,0.0,stable,paired_game_cluster_bootstrap,False,False,0.0,0.0,0.0625,0.0625,0.0625,0.0625,0.0,True,True,unresolved,gold8
0,5,5,test,placebo,skillnet:alfworld-object-retriever,all_alfworld,early,13,13,13,8,104,-0.08653846153846154,-0.028846153846153848,0.057692307692307696,-0.1346153846153846,0.28846153846153844,uncertain,paired_game_cluster_bootstrap,False,False,0.33653846153846156,0.4230769230769231,0.34615384615384615,0.375,0.009615384615384581,-0.04807692307692307,0.423076923076923,True,False,unresolved,gold8
0,5,5,test,placebo,skillnet:alfworld-object-state-inspector,all_alfworld,all,18,18,18,8,144,0.0,0.3472222222222222,0.3472222222222222,0.1875,0.5138888888888888,positive,paired_game_cluster_bootstrap,False,False,0.2569444444444444,0.2569444444444444,0.8333333333333334,0.4861111111111111,0.576388888888889,0.22916666666666669,0.32638888888888884,False,False,increase_resolved,gold8
0,5,5,test,placebo,skillnet:alfworld-object-state-inspector,all_alfworld,initial,10,10,10,8,80,-0.0375,0.2625,0.3,0.0875,0.525,positive,paired_game_cluster_bootstrap,False,False,0.05,0.0875,0.7,0.4375,0.6499999999999999,0.35,0.4375,False,False,increase_resolved,gold8
0,5,5,test,placebo,skillnet:alfworld-object-state-inspector,all_alfworld,early,7,7,7,8,56,0.05357142857142857,0.48214285714285715,0.42857142857142855,0.16071428571428573,0.6964285714285714,positive,paired_game_cluster_bootstrap,False,False,0.44642857142857145,0.39285714285714285,1.0,0.5178571428571429,0.5535714285714286,0.12500000000000006,0.5357142857142857,False,False,increase_resolved,gold8
0,5,5,test,placebo,skillnet:alfworld-object-state-inspector,all_alfworld,middle,1,1,1,8,8,0.0,0.25,0.25,,,uncertain,single_game_interval_undefined,False,False,1.0,1.0,1.0,0.75,0.0,-0.25,,False,False,interval_undefined,gold8
0,5,5,test,placebo,skillnet:alfworld-object-storer,all_alfworld,all,18,18,18,8,144,-0.04861111111111111,-0.027777777777777776,0.020833333333333332,-0.0625,0.1111111111111111,uncertain,paired_game_cluster_bootstrap,False,False,0.125,0.1736111111111111,0.13194444444444445,0.1597222222222222,0.0069444444444444475,-0.013888888888888895,0.1736111111111111,True,False,unresolved,gold8
0,5,5,test,placebo,skillnet:alfworld-object-storer,all_alfworld,early,8,8,8,8,64,-0.109375,-0.0625,0.046875,-0.140625,0.25,uncertain,paired_game_cluster_bootstrap,False,False,0.03125,0.140625,0.046875,0.109375,0.015625,-0.03125,0.390625,True,False,unresolved,gold8
0,5,5,test,placebo,skillnet:alfworld-object-storer,all_alfworld,middle,6,6,6,8,48,0.0,0.0,0.0,0.0,0.0,stable,paired_game_cluster_bootstrap,False,False,0.16666666666666666,0.16666666666666666,0.16666666666666666,0.16666666666666666,0.0,0.0,0.0,True,True,unresolved,gold8
0,5,5,test,placebo,skillnet:alfworld-object-storer,all_alfworld,late,4,4,4,8,32,0.0,0.0,0.0,0.0,0.0,stable,paired_game_cluster_bootstrap,False,False,0.25,0.25,0.25,0.25,0.0,0.0,0.0,True,True,unresolved,gold8
0,5,5,test,placebo,skillnet:alfworld-object-transporter,all_alfworld,all,1,1,1,8,8,0.0,0.125,0.125,,,uncertain,single_game_interval_undefined,False,False,1.0,1.0,1.0,0.875,0.0,-0.125,,False,False,interval_undefined,gold8
0,5,5,test,placebo,skillnet:alfworld-object-transporter,all_alfworld,late,1,1,1,8,8,0.0,0.125,0.125,,,uncertain,single_game_interval_undefined,False,False,1.0,1.0,1.0,0.875,0.0,-0.125,,False,False,interval_undefined,gold8
0,5,5,test,placebo,skillnet:alfworld-receptacle-closer,all_alfworld,all,5,5,5,8,40,0.025,-0.025,-0.05,-0.15,0.0,uncertain,paired_game_cluster_bootstrap,False,False,0.15,0.125,0.15,0.175,0.0,0.04999999999999999,0.15,True,False,unresolved,gold8
0,5,5,test,placebo,skillnet:alfworld-receptacle-closer,all_alfworld,middle,4,4,4,8,32,0.03125,-0.03125,-0.0625,-0.1875,0.0,uncertain,paired_game_cluster_bootstrap,False,True,0.1875,0.15625,0.1875,0.21875,0.0,0.0625,0.1875,True,False,unresolved,gold8
0,5,5,test,placebo,skillnet:alfworld-receptacle-closer,all_alfworld,late,1,1,1,8,8,0.0,0.0,0.0,,,uncertain,single_game_interval_undefined,False,False,0.0,0.0,0.0,0.0,0.0,0.0,,False,False,interval_undefined,gold8
0,5,5,test,placebo,skillnet:alfworld-receptacle-finder,all_alfworld,all,10,10,10,8,80,-0.1375,-0.075,0.0625,-0.0375,0.1875,uncertain,paired_game_cluster_bootstrap,False,False,0.05,0.1875,0.1125,0.1875,0.0625,0.0,0.225,True,False,unresolved,gold8
0,5,5,test,placebo,skillnet:alfworld-receptacle-finder,all_alfworld,initial,3,3,3,8,24,-0.25,-0.25,0.0,-0.16666666666666666,0.16666666666666666,uncertain,paired_game_cluster_bootstrap,False,False,0.0,0.25,0.0,0.25,0.0,0.0,0.3333333333333333,True,False,unresolved,gold8
0,5,5,test,placebo,skillnet:alfworld-receptacle-finder,all_alfworld,early,1,1,1,8,8,-0.75,-0.75,0.0,,,uncertain,single_game_interval_undefined,False,False,0.125,0.875,0.25,1.0,0.125,0.125,,False,False,interval_undefined,gold8
0,5,5,test,placebo,skillnet:alfworld-receptacle-finder,all_alfworld,middle,1,1,1,8,8,0.25,0.625,0.375,,,uncertain,single_game_interval_undefined,False,False,0.25,0.0,0.75,0.125,0.5,0.125,,False,False,interval_undefined,gold8
0,5,5,test,placebo,skillnet:alfworld-receptacle-finder,all_alfworld,late,5,5,5,8,40,-0.025,0.025,0.05,0.0,0.175,uncertain,paired_game_cluster_bootstrap,False,False,0.025,0.05,0.025,0.0,0.0,-0.05,0.175,True,False,unresolved,gold8
0,5,5,test,placebo,skillnet:alfworld-receptacle-navigator,all_alfworld,all,2,2,2,8,16,0.0625,-0.0625,-0.125,-0.375,0.0,uncertain,paired_game_cluster_bootstrap,False,True,0.0625,0.0,0.0,0.0625,-0.0625,0.0625,0.375,True,False,unresolved,gold8
0,5,5,test,placebo,skillnet:alfworld-receptacle-navigator,all_alfworld,early,2,2,2,8,16,0.0625,-0.0625,-0.125,-0.375,0.0,uncertain,paired_game_cluster_bootstrap,False,True,0.0625,0.0,0.0,0.0625,-0.0625,0.0625,0.375,True,False,unresolved,gold8
0,5,5,test,placebo,skillnet:alfworld-receptacle-opener,all_alfworld,all,8,8,8,8,64,0.0,-0.03125,-0.03125,-0.109375,0.0,uncertain,paired_game_cluster_bootstrap,False,False,0.0,0.0,0.03125,0.0625,0.03125,0.0625,0.109375,True,False,unresolved,gold8
0,5,5,test,placebo,skillnet:alfworld-receptacle-opener,all_alfworld,early,1,1,1,8,8,0.0,-0.25,-0.25,,,uncertain,single_game_interval_undefined,False,True,0.0,0.0,0.0,0.25,0.0,0.25,,False,False,interval_undefined,gold8
0,5,5,test,placebo,skillnet:alfworld-receptacle-opener,all_alfworld,middle,2,2,2,8,16,0.0,0.0,0.0,0.0,0.0,stable,paired_game_cluster_bootstrap,False,False,0.0,0.0,0.0,0.0,0.0,0.0,0.0,True,True,unresolved,gold8
0,5,5,test,placebo,skillnet:alfworld-receptacle-opener,all_alfworld,late,5,5,5,8,40,0.0,0.0,0.0,0.0,0.0,stable,paired_game_cluster_bootstrap,False,False,0.0,0.0,0.05,0.05,0.05,0.05,0.0,True,True,unresolved,gold8
0,5,5,test,placebo,skillnet:alfworld-receptacle-operator,all_alfworld,all,7,7,7,8,56,0.017857142857142856,-0.125,-0.14285714285714285,-0.35714285714285715,0.0,uncertain,paired_game_cluster_bootstrap,False,True,0.23214285714285715,0.21428571428571427,0.10714285714285714,0.23214285714285715,-0.125,0.017857142857142877,0.35714285714285715,True,False,unresolved,gold8
0,5,5,test,placebo,skillnet:alfworld-receptacle-operator,all_alfworld,early,2,2,2,8,16,0.0,-0.3125,-0.3125,-0.8125,0.0,uncertain,paired_game_cluster_bootstrap,False,True,0.5,0.5,0.0625,0.375,-0.4375,-0.125,0.8125,True,False,unresolved,gold8
0,5,5,test,placebo,skillnet:alfworld-receptacle-operator,all_alfworld,middle,3,3,3,8,24,0.041666666666666664,-0.08333333333333333,-0.125,-0.4583333333333333,0.0,uncertain,paired_game_cluster_bootstrap,False,True,0.20833333333333334,0.16666666666666666,0.20833333333333334,0.2916666666666667,0.0,0.12500000000000003,0.4583333333333333,True,False,unresolved,gold8
0,5,5,test,placebo,skillnet:alfworld-receptacle-operator,all_alfworld,late,2,2,2,8,16,0.0,0.0,0.0,0.0,0.0,stable,paired_game_cluster_bootstrap,False,False,0.0,0.0,0.0,0.0,0.0,0.0,0.0,True,True,unresolved,gold8
0,5,5,test,placebo,skillnet:alfworld-receptacle-searcher,all_alfworld,all,2,2,2,8,16,0.0625,0.0,-0.0625,-0.375,0.25,uncertain,paired_game_cluster_bootstrap,False,True,0.8125,0.75,0.8125,0.8125,0.0,0.0625,0.625,True,False,unresolved,gold8
0,5,5,test,placebo,skillnet:alfworld-receptacle-searcher,all_alfworld,initial,2,2,2,8,16,0.0625,0.0,-0.0625,-0.375,0.25,uncertain,paired_game_cluster_bootstrap,False,True,0.8125,0.75,0.8125,0.8125,0.0,0.0625,0.625,True,False,unresolved,gold8
0,5,5,test,placebo,skillnet:alfworld-storage-explorer,all_alfworld,all,44,44,44,8,352,-0.056818181818181816,-0.08806818181818182,-0.03125,-0.11647727272727272,0.048295454545454544,uncertain,paired_game_cluster_bootstrap,False,False,0.20454545454545456,0.26136363636363635,0.2755681818181818,0.36363636363636365,0.07102272727272727,0.10227272727272729,0.16477272727272727,True,False,unresolved,gold8
0,5,5,test,placebo,skillnet:alfworld-storage-explorer,all_alfworld,initial,23,23,23,8,184,-0.08152173913043478,-0.08152173913043478,0.0,-0.13043478260869565,0.11956521739130435,uncertain,paired_game_cluster_bootstrap,False,False,0.17391304347826086,0.2554347826086957,0.3532608695652174,0.43478260869565216,0.17934782608695654,0.17934782608695649,0.25,True,False,unresolved,gold8
0,5,5,test,placebo,skillnet:alfworld-storage-explorer,all_alfworld,early,18,18,18,8,144,-0.034722222222222224,-0.1111111111111111,-0.0763888888888889,-0.20833333333333334,0.034722222222222224,uncertain,paired_game_cluster_bootstrap,False,True,0.2777777777777778,0.3125,0.2222222222222222,0.3333333333333333,-0.05555555555555558,0.020833333333333315,0.24305555555555558,True,False,unresolved,gold8
0,5,5,test,placebo,skillnet:alfworld-storage-explorer,all_alfworld,middle,1,1,1,8,8,0.0,0.0,0.0,,,uncertain,single_game_interval_undefined,False,False,0.0,0.0,0.0,0.0,0.0,0.0,,False,False,interval_undefined,gold8
0,5,5,test,placebo,skillnet:alfworld-storage-explorer,all_alfworld,late,2,2,2,8,16,0.0,0.0,0.0,0.0,0.0,stable,paired_game_cluster_bootstrap,False,False,0.0,0.0,0.0,0.0,0.0,0.0,0.0,True,True,unresolved,gold8
0,5,5,test,placebo,skillnet:alfworld-temperature-regulator,all_alfworld,all,6,6,6,8,48,0.041666666666666664,-0.020833333333333332,-0.0625,-0.1875,0.0,uncertain,paired_game_cluster_bootstrap,False,True,0.041666666666666664,0.0,0.0,0.020833333333333332,-0.041666666666666664,0.020833333333333332,0.1875,True,False,unresolved,gold8
0,5,5,test,placebo,skillnet:alfworld-temperature-regulator,all_alfworld,middle,2,2,2,8,16,0.0625,0.0,-0.0625,-0.25,0.0,uncertain,paired_game_cluster_bootstrap,False,True,0.0625,0.0,0.0,0.0,-0.0625,0.0,0.25,True,False,unresolved,gold8
0,5,5,test,placebo,skillnet:alfworld-temperature-regulator,all_alfworld,late,4,4,4,8,32,0.03125,-0.03125,-0.0625,-0.21875,0.0,uncertain,paired_game_cluster_bootstrap,False,True,0.03125,0.0,0.0,0.03125,-0.03125,0.03125,0.21875,True,False,unresolved,gold8
0,5,5,test,placebo,skillnet:alfworld-tool-locator,all_alfworld,all,4,4,4,8,32,-0.125,0.03125,0.15625,0.0,0.5,uncertain,paired_game_cluster_bootstrap,False,False,0.375,0.5,0.53125,0.5,0.15625,0.0,0.5,True,False,unresolved,gold8
0,5,5,test,placebo,skillnet:alfworld-tool-locator,all_alfworld,early,4,4,4,8,32,-0.125,0.03125,0.15625,0.0,0.5,uncertain,paired_game_cluster_bootstrap,False,False,0.375,0.5,0.53125,0.5,0.15625,0.0,0.5,True,False,unresolved,gold8
0,5,5,test,null,skillnet:alfworld-appliance-navigator,all_alfworld,all,62,62,62,8,496,0.0,0.0,0.0,-0.08266129032258064,0.08064516129032258,uncertain,paired_game_cluster_bootstrap,False,False,0.26814516129032256,0.26814516129032256,0.28225806451612906,0.28225806451612906,0.014112903225806495,0.014112903225806495,0.16330645161290322,True,False,unresolved,gold8
0,5,5,test,null,skillnet:alfworld-appliance-navigator,all_alfworld,initial,42,42,42,8,336,-0.002976190476190476,0.005952380952380952,0.008928571428571428,-0.10119047619047619,0.11904761904761904,uncertain,paired_game_cluster_bootstrap,False,False,0.3244047619047619,0.3273809523809524,0.34523809523809523,0.3392857142857143,0.020833333333333315,0.011904761904761918,0.22023809523809523,True,False,unresolved,gold8
0,5,5,test,null,skillnet:alfworld-appliance-navigator,all_alfworld,early,8,8,8,8,64,0.0625,-0.015625,-0.078125,-0.3125,0.09375,uncertain,paired_game_cluster_bootstrap,False,True,0.234375,0.171875,0.25,0.265625,0.015625,0.09375,0.40625,True,False,unresolved,gold8
0,5,5,test,null,skillnet:alfworld-appliance-navigator,all_alfworld,middle,6,6,6,8,48,0.0,0.0,0.0,0.0,0.0,stable,paired_game_cluster_bootstrap,False,False,0.16666666666666666,0.16666666666666666,0.16666666666666666,0.16666666666666666,0.0,0.0,0.0,True,True,unresolved,gold8
0,5,5,test,null,skillnet:alfworld-appliance-navigator,all_alfworld,late,6,6,6,8,48,-0.0625,-0.020833333333333332,0.041666666666666664,0.0,0.14583333333333334,uncertain,paired_game_cluster_bootstrap,False,False,0.020833333333333332,0.08333333333333333,0.0,0.020833333333333332,-0.020833333333333332,-0.0625,0.14583333333333334,True,False,unresolved,gold8
0,5,5,test,null,skillnet:alfworld-appliance-preparer,all_alfworld,all,8,8,8,8,64,-0.015625,0.0,0.015625,0.0,0.0625,uncertain,paired_game_cluster_bootstrap,False,False,0.0,0.015625,0.0,0.0,0.0,-0.015625,0.0625,True,False,unresolved,gold8
0,5,5,test,null,skillnet:alfworld-appliance-preparer,all_alfworld,middle,4,4,4,8,32,-0.03125,0.0,0.03125,0.0,0.125,uncertain,paired_game_cluster_bootstrap,False,False,0.0,0.03125,0.0,0.0,0.0,-0.03125,0.125,True,False,unresolved,gold8
0,5,5,test,null,skillnet:alfworld-appliance-preparer,all_alfworld,late,4,4,4,8,32,0.0,0.0,0.0,0.0,0.0,stable,paired_game_cluster_bootstrap,False,False,0.0,0.0,0.0,0.0,0.0,0.0,0.0,True,True,unresolved,gold8
0,5,5,test,null,skillnet:alfworld-clean-object,all_alfworld,all,37,37,37,8,296,-0.06418918918918919,0.057432432432432436,0.12162162162162163,-0.010135135135135136,0.26013513513513514,uncertain,paired_game_cluster_bootstrap,False,False,0.30067567567567566,0.36486486486486486,0.27364864864864863,0.21621621621621623,-0.02702702702702703,-0.14864864864864863,0.2702702702702703,True,False,unresolved,gold8
0,5,5,test,null,skillnet:alfworld-clean-object,all_alfworld,initial,25,25,25,8,200,-0.17,-0.075,0.095,-0.08,0.28,uncertain,paired_game_cluster_bootstrap,False,False,0.235,0.405,0.2,0.275,-0.034999999999999976,-0.13,0.36000000000000004,True,False,unresolved,gold8
0,5,5,test,null,skillnet:alfworld-clean-object,all_alfworld,early,9,9,9,8,72,0.09722222222222222,0.2638888888888889,0.16666666666666666,-0.027777777777777776,0.375,uncertain,paired_game_cluster_bootstrap,False,False,0.4722222222222222,0.375,0.3888888888888889,0.125,-0.08333333333333331,-0.25,0.4027777777777778,True,False,unresolved,gold8
0,5,5,test,null,skillnet:alfworld-clean-object,all_alfworld,middle,1,1,1,8,8,0.0,0.5,0.5,,,uncertain,single_game_interval_undefined,False,False,0.0,0.0,0.5,0.0,0.5,0.0,,False,False,interval_undefined,gold8
0,5,5,test,null,skillnet:alfworld-clean-object,all_alfworld,late,2,2,2,8,16,0.5,0.5625,0.0625,0.0,0.25,uncertain,paired_game_cluster_bootstrap,False,False,0.5,0.0,0.5625,0.0,0.0625,0.0,0.25,True,False,unresolved,gold8
0,5,5,test,null,skillnet:alfworld-device-operator,all_alfworld,all,59,59,59,8,472,0.029661016949152543,0.048728813559322036,0.019067796610169493,-0.07627118644067797,0.11016949152542373,uncertain,paired_game_cluster_bootstrap,False,False,0.2944915254237288,0.2648305084745763,0.3792372881355932,0.3305084745762712,0.0847457627118644,0.0656779661016949,0.1864406779661017,True,False,unresolved,gold8
0,5,5,test,null,skillnet:alfworld-device-operator,all_alfworld,initial,22,22,22,8,176,0.045454545454545456,0.07954545454545454,0.03409090909090909,-0.13636363636363635,0.19886363636363635,uncertain,paired_game_cluster_bootstrap,False,False,0.36363636363636365,0.3181818181818182,0.48863636363636365,0.4090909090909091,0.125,0.09090909090909094,0.3352272727272727,True,False,unresolved,gold8
0,5,5,test,null,skillnet:alfworld-device-operator,all_alfworld,early,27,27,27,8,216,0.06481481481481481,0.06944444444444445,0.004629629629629629,-0.14351851851851852,0.14351851851851852,uncertain,paired_game_cluster_bootstrap,False,False,0.30092592592592593,0.2361111111111111,0.37962962962962965,0.3101851851851852,0.07870370370370372,0.07407407407407407,0.28703703703703703,True,False,unresolved,gold8
0,5,5,test,null,skillnet:alfworld-device-operator,all_alfworld,middle,7,7,7,8,56,-0.14285714285714285,-0.10714285714285714,0.03571428571428571,-0.14285714285714285,0.25,uncertain,paired_game_cluster_bootstrap,False,False,0.17857142857142858,0.32142857142857145,0.19642857142857142,0.30357142857142855,0.01785714285714285,-0.017857142857142905,0.39285714285714285,True,False,unresolved,gold8
0,5,5,test,null,skillnet:alfworld-device-operator,all_alfworld,late,3,3,3,8,24,0.0,0.0,0.0,0.0,0.0,stable,paired_game_cluster_bootstrap,False,False,0.0,0.0,0.0,0.0,0.0,0.0,0.0,True,True,unresolved,gold8
0,5,5,test,null,skillnet:alfworld-heat-object-with-appliance,all_alfworld,all,32,32,32,8,256,0.1328125,0.2265625,0.09375,-0.00390625,0.19921875,uncertain,paired_game_cluster_bootstrap,False,False,0.21875,0.0859375,0.29296875,0.06640625,0.07421875,-0.01953125,0.203125,True,False,unresolved,gold8
0,5,5,test,null,skillnet:alfworld-heat-object-with-appliance,all_alfworld,early,13,13,13,8,104,0.15384615384615385,0.22115384615384615,0.0673076923076923,-0.09615384615384616,0.2403846153846154,uncertain,paired_game_cluster_bootstrap,False,False,0.25961538461538464,0.10576923076923077,0.3557692307692308,0.1346153846153846,0.09615384615384615,0.02884615384615384,0.33653846153846156,True,False,unresolved,gold8
0,5,5,test,null,skillnet:alfworld-heat-object-with-appliance,all_alfworld,middle,12,12,12,8,96,0.1875,0.2916666666666667,0.10416666666666667,-0.020833333333333332,0.28125,uncertain,paired_game_cluster_bootstrap,False,False,0.2916666666666667,0.10416666666666667,0.3125,0.020833333333333332,0.020833333333333315,-0.08333333333333334,0.3020833333333333,True,False,unresolved,gold8
0,5,5,test,null,skillnet:alfworld-heat-object-with-appliance,all_alfworld,late,7,7,7,8,56,0.0,0.125,0.125,0.0,0.39285714285714285,uncertain,paired_game_cluster_bootstrap,False,False,0.017857142857142856,0.017857142857142856,0.14285714285714285,0.017857142857142856,0.125,0.0,0.39285714285714285,True,False,unresolved,gold8
0,5,5,test,null,skillnet:alfworld-inventory-management,all_alfworld,all,2,2,2,8,16,-0.0625,0.0,0.0625,0.0,0.25,uncertain,paired_game_cluster_bootstrap,False,False,0.625,0.6875,0.5,0.5,-0.125,-0.1875,0.25,True,False,unresolved,gold8
0,5,5,test,null,skillnet:alfworld-inventory-management,all_alfworld,early,2,2,2,8,16,-0.0625,0.0,0.0625,0.0,0.25,uncertain,paired_game_cluster_bootstrap,False,False,0.625,0.6875,0.5,0.5,-0.125,-0.1875,0.25,True,False,unresolved,gold8
0,5,5,test,null,skillnet:alfworld-locate-target-object,all_alfworld,all,2,2,2,8,16,0.0,0.0,0.0,0.0,0.0,stable,paired_game_cluster_bootstrap,False,False,0.4375,0.4375,0.5,0.5,0.0625,0.0625,0.0,True,True,unresolved,gold8
0,5,5,test,null,skillnet:alfworld-locate-target-object,all_alfworld,initial,2,2,2,8,16,0.0,0.0,0.0,0.0,0.0,stable,paired_game_cluster_bootstrap,False,False,0.4375,0.4375,0.5,0.5,0.0625,0.0625,0.0,True,True,unresolved,gold8
0,5,5,test,null,skillnet:alfworld-object-cooler,all_alfworld,all,21,21,21,8,168,0.02976190476190476,0.13690476190476192,0.10714285714285714,-0.02976190476190476,0.2619047619047619,uncertain,paired_game_cluster_bootstrap,False,False,0.34523809523809523,0.31547619047619047,0.30357142857142855,0.16666666666666666,-0.041666666666666685,-0.1488095238095238,0.2916666666666667,True,False,unresolved,gold8
0,5,5,test,null,skillnet:alfworld-object-cooler,all_alfworld,early,9,9,9,8,72,0.06944444444444445,0.09722222222222222,0.027777777777777776,-0.19444444444444445,0.2638888888888889,uncertain,paired_game_cluster_bootstrap,False,False,0.4861111111111111,0.4166666666666667,0.375,0.2777777777777778,-0.1111111111111111,-0.1388888888888889,0.45833333333333337,True,False,unresolved,gold8
0,5,5,test,null,skillnet:alfworld-object-cooler,all_alfworld,middle,6,6,6,8,48,-0.14583333333333334,0.16666666666666666,0.3125,0.020833333333333332,0.625,uncertain,paired_game_cluster_bootstrap,False,False,0.3333333333333333,0.4791666666666667,0.3333333333333333,0.16666666666666666,0.0,-0.3125,0.6041666666666666,False,False,increase_resolved,gold8
0,5,5,test,null,skillnet:alfworld-object-cooler,all_alfworld,late,6,6,6,8,48,0.14583333333333334,0.16666666666666666,0.020833333333333332,0.0,0.08333333333333333,uncertain,paired_game_cluster_bootstrap,False,False,0.14583333333333334,0.0,0.16666666666666666,0.0,0.020833333333333315,0.0,0.08333333333333333,True,False,unresolved,gold8
0,5,5,test,null,skillnet:alfworld-object-disposer,all_alfworld,all,2,2,2,8,16,0.0,-0.125,-0.125,-0.375,0.0,uncertain,paired_game_cluster_bootstrap,False,True,0.5,0.5,0.3125,0.4375,-0.1875,-0.0625,0.375,True,False,unresolved,gold8
0,5,5,test,null,skillnet:alfworld-object-disposer,all_alfworld,early,2,2,2,8,16,0.0,-0.125,-0.125,-0.375,0.0,uncertain,paired_game_cluster_bootstrap,False,True,0.5,0.5,0.3125,0.4375,-0.1875,-0.0625,0.375,True,False,unresolved,gold8
0,5,5,test,null,skillnet:alfworld-object-heater,all_alfworld,all,9,9,9,8,72,-0.041666666666666664,0.013888888888888888,0.05555555555555555,-0.06944444444444445,0.20833333333333334,uncertain,paired_game_cluster_bootstrap,False,False,0.25,0.2916666666666667,0.4166666666666667,0.4027777777777778,0.16666666666666669,0.1111111111111111,0.2777777777777778,True,False,unresolved,gold8
0,5,5,test,null,skillnet:alfworld-object-heater,all_alfworld,early,1,1,1,8,8,0.0,0.0,0.0,,,uncertain,single_game_interval_undefined,False,False,0.125,0.125,0.875,0.875,0.75,0.75,,False,False,interval_undefined,gold8
0,5,5,test,null,skillnet:alfworld-object-heater,all_alfworld,middle,4,4,4,8,32,-0.0625,0.09375,0.15625,-0.09375,0.4375,uncertain,paired_game_cluster_bootstrap,False,False,0.53125,0.59375,0.59375,0.5,0.0625,-0.09375,0.53125,True,False,unresolved,gold8
0,5,5,test,null,skillnet:alfworld-object-heater,all_alfworld,late,4,4,4,8,32,-0.03125,-0.0625,-0.03125,-0.1875,0.0625,uncertain,paired_game_cluster_bootstrap,False,False,0.0,0.03125,0.125,0.1875,0.125,0.15625,0.25,True,False,unresolved,gold8
0,5,5,test,null,skillnet:alfworld-object-picker,all_alfworld,all,7,7,7,8,56,0.0,-0.07142857142857142,-0.07142857142857142,-0.25,0.07142857142857142,uncertain,paired_game_cluster_bootstrap,False,True,0.08928571428571429,0.08928571428571429,0.19642857142857142,0.26785714285714285,0.10714285714285714,0.17857142857142855,0.3214285714285714,True,False,unresolved,gold8
0,5,5,test,null,skillnet:alfworld-object-picker,all_alfworld,early,4,4,4,8,32,0.0,-0.15625,-0.15625,-0.40625,0.0,uncertain,paired_game_cluster_bootstrap,False,True,0.0625,0.0625,0.0,0.15625,-0.0625,0.09375,0.40625,True,False,unresolved,gold8
0,5,5,test,null,skillnet:alfworld-object-picker,all_alfworld,middle,1,1,1,8,8,0.0,0.125,0.125,,,uncertain,single_game_interval_undefined,False,False,0.25,0.25,0.5,0.375,0.25,0.125,,False,False,interval_undefined,gold8
0,5,5,test,null,skillnet:alfworld-object-picker,all_alfworld,late,2,2,2,8,16,0.0,0.0,0.0,0.0,0.0,stable,paired_game_cluster_bootstrap,False,False,0.0625,0.0625,0.4375,0.4375,0.375,0.375,0.0,True,True,unresolved,gold8
0,5,5,test,null,skillnet:alfworld-object-placer,all_alfworld,all,23,23,23,8,184,-0.13043478260869565,-0.059782608695652176,0.07065217391304347,-0.059782608695652176,0.20108695652173914,uncertain,paired_game_cluster_bootstrap,False,False,0.31521739130434784,0.44565217391304346,0.33152173913043476,0.391304347826087,0.016304347826086918,-0.054347826086956486,0.2608695652173913,True,False,unresolved,gold8
0,5,5,test,null,skillnet:alfworld-object-placer,all_alfworld,initial,3,3,3,8,24,-0.125,-0.08333333333333333,0.041666666666666664,-0.20833333333333334,0.3333333333333333,uncertain,paired_game_cluster_bootstrap,False,False,0.08333333333333333,0.20833333333333334,0.041666666666666664,0.125,-0.041666666666666664,-0.08333333333333334,0.5416666666666666,True,False,unresolved,gold8
0,5,5,test,null,skillnet:alfworld-object-placer,all_alfworld,early,4,4,4,8,32,-0.3125,-0.25,0.0625,-0.46875,0.5625,uncertain,paired_game_cluster_bootstrap,False,False,0.0625,0.375,0.15625,0.40625,0.09375,0.03125,1.03125,True,False,unresolved,gold8
0,5,5,test,null,skillnet:alfworld-object-placer,all_alfworld,middle,10,10,10,8,80,-0.075,-0.025,0.05,-0.1,0.2125,uncertain,paired_game_cluster_bootstrap,False,False,0.5625,0.6375,0.575,0.6,0.012499999999999956,-0.03749999999999998,0.3125,True,False,unresolved,gold8
0,5,5,test,null,skillnet:alfworld-object-placer,all_alfworld,late,6,6,6,8,48,-0.10416666666666667,0.020833333333333332,0.125,0.0,0.3541666666666667,uncertain,paired_game_cluster_bootstrap,False,False,0.1875,0.2916666666666667,0.1875,0.16666666666666666,0.0,-0.12500000000000003,0.3541666666666667,True,False,unresolved,gold8
0,5,5,test,null,skillnet:alfworld-object-retriever,all_alfworld,all,15,15,15,8,120,-0.05,-0.041666666666666664,0.008333333333333333,-0.15833333333333333,0.20833333333333334,uncertain,paired_game_cluster_bootstrap,False,False,0.2916666666666667,0.3416666666666667,0.30833333333333335,0.35,0.016666666666666663,0.008333333333333304,0.3666666666666667,True,False,unresolved,gold8
0,5,5,test,null,skillnet:alfworld-object-retriever,all_alfworld,initial,2,2,2,8,16,0.0,0.0,0.0,0.0,0.0,stable,paired_game_cluster_bootstrap,False,False,0.0,0.0,0.0625,0.0625,0.0625,0.0625,0.0,True,True,unresolved,gold8
0,5,5,test,null,skillnet:alfworld-object-retriever,all_alfworld,early,13,13,13,8,104,-0.057692307692307696,-0.04807692307692308,0.009615384615384616,-0.18269230769230768,0.2403846153846154,uncertain,paired_game_cluster_bootstrap,False,False,0.33653846153846156,0.3942307692307692,0.34615384615384615,0.3942307692307692,0.009615384615384581,0.0,0.4230769230769231,True,False,unresolved,gold8
0,5,5,test,null,skillnet:alfworld-object-state-inspector,all_alfworld,all,18,18,18,8,144,0.006944444444444444,0.3263888888888889,0.3194444444444444,0.1597222222222222,0.4930555555555556,positive,paired_game_cluster_bootstrap,False,False,0.2569444444444444,0.25,0.8333333333333334,0.5069444444444444,0.576388888888889,0.2569444444444444,0.33333333333333337,False,False,increase_resolved,gold8
0,5,5,test,null,skillnet:alfworld-object-state-inspector,all_alfworld,initial,10,10,10,8,80,0.0,0.3125,0.3125,0.1125,0.525,positive,paired_game_cluster_bootstrap,False,False,0.05,0.05,0.7,0.3875,0.6499999999999999,0.3375,0.41250000000000003,False,False,increase_resolved,gold8
0,5,5,test,null,skillnet:alfworld-object-state-inspector,all_alfworld,early,7,7,7,8,56,0.0,0.375,0.375,0.10714285714285714,0.6790178571428507,positive,paired_game_cluster_bootstrap,False,False,0.44642857142857145,0.44642857142857145,1.0,0.625,0.5535714285714286,0.17857142857142855,0.5718749999999936,False,False,increase_resolved,gold8
0,5,5,test,null,skillnet:alfworld-object-state-inspector,all_alfworld,middle,1,1,1,8,8,0.125,0.125,0.0,,,uncertain,single_game_interval_undefined,False,False,1.0,0.875,1.0,0.875,0.0,0.0,,False,False,interval_undefined,gold8
0,5,5,test,null,skillnet:alfworld-object-storer,all_alfworld,all,18,18,18,8,144,-0.09027777777777778,-0.04861111111111111,0.041666666666666664,-0.034722222222222224,0.13194444444444445,uncertain,paired_game_cluster_bootstrap,False,False,0.125,0.2152777777777778,0.13194444444444445,0.18055555555555555,0.0069444444444444475,-0.03472222222222224,0.16666666666666669,True,False,unresolved,gold8
0,5,5,test,null,skillnet:alfworld-object-storer,all_alfworld,early,8,8,8,8,64,-0.21875,-0.109375,0.109375,-0.046875,0.296875,uncertain,paired_game_cluster_bootstrap,False,False,0.03125,0.25,0.046875,0.15625,0.015625,-0.09375,0.34375,True,False,unresolved,gold8
0,5,5,test,null,skillnet:alfworld-object-storer,all_alfworld,middle,6,6,6,8,48,0.0,0.0,0.0,0.0,0.0,stable,paired_game_cluster_bootstrap,False,False,0.16666666666666666,0.16666666666666666,0.16666666666666666,0.16666666666666666,0.0,0.0,0.0,True,True,unresolved,gold8
0,5,5,test,null,skillnet:alfworld-object-storer,all_alfworld,late,4,4,4,8,32,0.03125,0.0,-0.03125,-0.125,0.0,uncertain,paired_game_cluster_bootstrap,False,False,0.25,0.21875,0.25,0.25,0.0,0.03125,0.125,True,False,unresolved,gold8
0,5,5,test,null,skillnet:alfworld-object-transporter,all_alfworld,all,1,1,1,8,8,0.0,0.375,0.375,,,uncertain,single_game_interval_undefined,False,False,1.0,1.0,1.0,0.625,0.0,-0.375,,False,False,interval_undefined,gold8
0,5,5,test,null,skillnet:alfworld-object-transporter,all_alfworld,late,1,1,1,8,8,0.0,0.375,0.375,,,uncertain,single_game_interval_undefined,False,False,1.0,1.0,1.0,0.625,0.0,-0.375,,False,False,interval_undefined,gold8
0,5,5,test,null,skillnet:alfworld-receptacle-closer,all_alfworld,all,5,5,5,8,40,0.025,-0.025,-0.05,-0.15,0.0,uncertain,paired_game_cluster_bootstrap,False,False,0.15,0.125,0.15,0.175,0.0,0.04999999999999999,0.15,True,False,unresolved,gold8
0,5,5,test,null,skillnet:alfworld-receptacle-closer,all_alfworld,middle,4,4,4,8,32,0.03125,-0.03125,-0.0625,-0.1875,0.0,uncertain,paired_game_cluster_bootstrap,False,True,0.1875,0.15625,0.1875,0.21875,0.0,0.0625,0.1875,True,False,unresolved,gold8
0,5,5,test,null,skillnet:alfworld-receptacle-closer,all_alfworld,late,1,1,1,8,8,0.0,0.0,0.0,,,uncertain,single_game_interval_undefined,False,False,0.0,0.0,0.0,0.0,0.0,0.0,,False,False,interval_undefined,gold8
0,5,5,test,null,skillnet:alfworld-receptacle-finder,all_alfworld,all,10,10,10,8,80,-0.075,-0.075,0.0,-0.15,0.15,uncertain,paired_game_cluster_bootstrap,False,False,0.05,0.125,0.1125,0.1875,0.0625,0.0625,0.3,True,False,unresolved,gold8
0,5,5,test,null,skillnet:alfworld-receptacle-finder,all_alfworld,initial,3,3,3,8,24,-0.125,-0.25,-0.125,-0.375,0.0,uncertain,paired_game_cluster_bootstrap,False,True,0.0,0.125,0.0,0.25,0.0,0.125,0.375,True,False,unresolved,gold8
0,5,5,test,null,skillnet:alfworld-receptacle-finder,all_alfworld,early,1,1,1,8,8,-0.625,-0.75,-0.125,,,uncertain,single_game_interval_undefined,False,True,0.125,0.75,0.25,1.0,0.125,0.25,,False,False,interval_undefined,gold8
0,5,5,test,null,skillnet:alfworld-receptacle-finder,all_alfworld,middle,1,1,1,8,8,0.25,0.75,0.5,,,uncertain,single_game_interval_undefined,False,False,0.25,0.0,0.75,0.0,0.5,0.0,,False,False,interval_undefined,gold8
0,5,5,test,null,skillnet:alfworld-receptacle-finder,all_alfworld,late,5,5,5,8,40,0.0,0.0,0.0,-0.1,0.1,uncertain,paired_game_cluster_bootstrap,False,False,0.025,0.025,0.025,0.025,0.0,0.0,0.2,True,False,unresolved,gold8
0,5,5,test,null,skillnet:alfworld-receptacle-navigator,all_alfworld,all,2,2,2,8,16,0.0625,-0.0625,-0.125,-0.375,0.0,uncertain,paired_game_cluster_bootstrap,False,True,0.0625,0.0,0.0,0.0625,-0.0625,0.0625,0.375,True,False,unresolved,gold8
0,5,5,test,null,skillnet:alfworld-receptacle-navigator,all_alfworld,early,2,2,2,8,16,0.0625,-0.0625,-0.125,-0.375,0.0,uncertain,paired_game_cluster_bootstrap,False,True,0.0625,0.0,0.0,0.0625,-0.0625,0.0625,0.375,True,False,unresolved,gold8
0,5,5,test,null,skillnet:alfworld-receptacle-opener,all_alfworld,all,8,8,8,8,64,0.0,-0.03125,-0.03125,-0.109375,0.0,uncertain,paired_game_cluster_bootstrap,False,False,0.0,0.0,0.03125,0.0625,0.03125,0.0625,0.109375,True,False,unresolved,gold8
0,5,5,test,null,skillnet:alfworld-receptacle-opener,all_alfworld,early,1,1,1,8,8,0.0,-0.25,-0.25,,,uncertain,single_game_interval_undefined,False,True,0.0,0.0,0.0,0.25,0.0,0.25,,False,False,interval_undefined,gold8
0,5,5,test,null,skillnet:alfworld-receptacle-opener,all_alfworld,middle,2,2,2,8,16,0.0,0.0,0.0,0.0,0.0,stable,paired_game_cluster_bootstrap,False,False,0.0,0.0,0.0,0.0,0.0,0.0,0.0,True,True,unresolved,gold8
0,5,5,test,null,skillnet:alfworld-receptacle-opener,all_alfworld,late,5,5,5,8,40,0.0,0.0,0.0,0.0,0.0,stable,paired_game_cluster_bootstrap,False,False,0.0,0.0,0.05,0.05,0.05,0.05,0.0,True,True,unresolved,gold8
0,5,5,test,null,skillnet:alfworld-receptacle-operator,all_alfworld,all,7,7,7,8,56,-0.017857142857142856,-0.17857142857142858,-0.16071428571428573,-0.4642857142857143,0.08928571428571429,uncertain,paired_game_cluster_bootstrap,False,True,0.23214285714285715,0.25,0.10714285714285714,0.2857142857142857,-0.125,0.0357142857142857,0.5535714285714286,True,False,unresolved,gold8
0,5,5,test,null,skillnet:alfworld-receptacle-operator,all_alfworld,early,2,2,2,8,16,0.0,-0.4375,-0.4375,-1.0,0.0,uncertain,paired_game_cluster_bootstrap,False,True,0.5,0.5,0.0625,0.5,-0.4375,0.0,1.0,True,False,unresolved,gold8
0,5,5,test,null,skillnet:alfworld-receptacle-operator,all_alfworld,middle,3,3,3,8,24,0.041666666666666664,-0.125,-0.16666666666666666,-0.5416666666666666,0.0,uncertain,paired_game_cluster_bootstrap,False,True,0.20833333333333334,0.16666666666666666,0.20833333333333334,0.3333333333333333,0.0,0.16666666666666666,0.5416666666666666,True,False,unresolved,gold8
0,5,5,test,null,skillnet:alfworld-receptacle-operator,all_alfworld,late,2,2,2,8,16,-0.125,0.0,0.125,0.0,0.375,uncertain,paired_game_cluster_bootstrap,False,False,0.0,0.125,0.0,0.0,0.0,-0.125,0.375,True,False,unresolved,gold8
0,5,5,test,null,skillnet:alfworld-receptacle-searcher,all_alfworld,all,2,2,2,8,16,0.0625,0.0,-0.0625,-0.375,0.25,uncertain,paired_game_cluster_bootstrap,False,True,0.8125,0.75,0.8125,0.8125,0.0,0.0625,0.625,True,False,unresolved,gold8
0,5,5,test,null,skillnet:alfworld-receptacle-searcher,all_alfworld,initial,2,2,2,8,16,0.0625,0.0,-0.0625,-0.375,0.25,uncertain,paired_game_cluster_bootstrap,False,True,0.8125,0.75,0.8125,0.8125,0.0,0.0625,0.625,True,False,unresolved,gold8
0,5,5,test,null,skillnet:alfworld-storage-explorer,all_alfworld,all,44,44,44,8,352,-0.06818181818181818,-0.09090909090909091,-0.022727272727272728,-0.09943181818181818,0.048295454545454544,uncertain,paired_game_cluster_bootstrap,False,False,0.20454545454545456,0.2727272727272727,0.2755681818181818,0.3664772727272727,0.07102272727272727,0.09375,0.1477272727272727,True,False,unresolved,gold8
0,5,5,test,null,skillnet:alfworld-storage-explorer,all_alfworld,initial,23,23,23,8,184,-0.08152173913043478,-0.07608695652173914,0.005434782608695652,-0.10326086956521739,0.09782608695652174,uncertain,paired_game_cluster_bootstrap,False,False,0.17391304347826086,0.2554347826086957,0.3532608695652174,0.42934782608695654,0.17934782608695654,0.17391304347826086,0.20108695652173914,True,False,unresolved,gold8
0,5,5,test,null,skillnet:alfworld-storage-explorer,all_alfworld,early,18,18,18,8,144,-0.0625,-0.125,-0.0625,-0.2013888888888889,0.05555555555555555,uncertain,paired_game_cluster_bootstrap,False,True,0.2777777777777778,0.3402777777777778,0.2222222222222222,0.3472222222222222,-0.05555555555555558,0.00694444444444442,0.2569444444444444,True,False,unresolved,gold8
0,5,5,test,null,skillnet:alfworld-storage-explorer,all_alfworld,middle,1,1,1,8,8,0.0,0.0,0.0,,,uncertain,single_game_interval_undefined,False,False,0.0,0.0,0.0,0.0,0.0,0.0,,False,False,interval_undefined,gold8
0,5,5,test,null,skillnet:alfworld-storage-explorer,all_alfworld,late,2,2,2,8,16,0.0,0.0,0.0,0.0,0.0,stable,paired_game_cluster_bootstrap,False,False,0.0,0.0,0.0,0.0,0.0,0.0,0.0,True,True,unresolved,gold8
0,5,5,test,null,skillnet:alfworld-temperature-regulator,all_alfworld,all,6,6,6,8,48,0.041666666666666664,0.0,-0.041666666666666664,-0.125,0.0,uncertain,paired_game_cluster_bootstrap,False,False,0.041666666666666664,0.0,0.0,0.0,-0.041666666666666664,0.0,0.125,True,False,unresolved,gold8
0,5,5,test,null,skillnet:alfworld-temperature-regulator,all_alfworld,middle,2,2,2,8,16,0.0625,0.0,-0.0625,-0.25,0.0,uncertain,paired_game_cluster_bootstrap,False,True,0.0625,0.0,0.0,0.0,-0.0625,0.0,0.25,True,False,unresolved,gold8
0,5,5,test,null,skillnet:alfworld-temperature-regulator,all_alfworld,late,4,4,4,8,32,0.03125,0.0,-0.03125,-0.125,0.0,uncertain,paired_game_cluster_bootstrap,False,False,0.03125,0.0,0.0,0.0,-0.03125,0.0,0.125,True,False,unresolved,gold8
0,5,5,test,null,skillnet:alfworld-tool-locator,all_alfworld,all,4,4,4,8,32,-0.125,0.03125,0.15625,0.0,0.5,uncertain,paired_game_cluster_bootstrap,False,False,0.375,0.5,0.53125,0.5,0.15625,0.0,0.5,True,False,unresolved,gold8
0,5,5,test,null,skillnet:alfworld-tool-locator,all_alfworld,early,4,4,4,8,32,-0.125,0.03125,0.15625,0.0,0.5,uncertain,paired_game_cluster_bootstrap,False,False,0.375,0.5,0.53125,0.5,0.15625,0.0,0.5,True,False,unresolved,gold8
0,5,5,test,placebo,skillnet:alfworld-appliance-navigator,all_alfworld,all,62,62,62,6,372,-0.02419354838709677,0.021505376344086023,0.0456989247311828,-0.024193548387096774,0.11559139784946237,uncertain,paired_game_cluster_bootstrap,False,False,0.2661290322580645,0.2903225806451613,0.28494623655913975,0.2634408602150538,0.018817204301075252,-0.026881720430107503,0.13978494623655915,True,False,unresolved,added6_only
0,5,5,test,placebo,skillnet:alfworld-appliance-navigator,all_alfworld,initial,42,42,42,6,252,-0.05555555555555556,0.03174603174603175,0.0873015873015873,-0.003968253968253975,0.18253968253968256,uncertain,paired_game_cluster_bootstrap,False,False,0.31746031746031744,0.373015873015873,0.34920634920634924,0.31746031746031744,0.0317460317460318,-0.05555555555555558,0.18650793650793654,True,False,unresolved,added6_only
0,5,5,test,placebo,skillnet:alfworld-appliance-navigator,all_alfworld,early,8,8,8,6,48,0.10416666666666667,0.020833333333333343,-0.08333333333333333,-0.27083333333333337,0.041666666666666664,uncertain,paired_game_cluster_bootstrap,False,True,0.25,0.14583333333333334,0.25,0.22916666666666669,0.0,0.08333333333333334,0.31250000000000006,True,False,unresolved,added6_only
0,5,5,test,placebo,skillnet:alfworld-appliance-navigator,all_alfworld,middle,6,6,6,6,36,0.0,0.0,0.0,0.0,0.0,stable,paired_game_cluster_bootstrap,False,False,0.16666666666666666,0.16666666666666666,0.16666666666666666,0.16666666666666666,0.0,0.0,0.0,True,True,unresolved,added6_only
0,5,5,test,placebo,skillnet:alfworld-appliance-navigator,all_alfworld,late,6,6,6,6,36,0.0,-0.027777777777777776,-0.027777777777777776,-0.1111111111111111,0.0,uncertain,paired_game_cluster_bootstrap,False,False,0.027777777777777776,0.027777777777777776,0.0,0.027777777777777776,-0.027777777777777776,0.0,0.1111111111111111,True,False,unresolved,added6_only
0,5,5,test,placebo,skillnet:alfworld-appliance-preparer,all_alfworld,all,8,8,8,6,48,0.0,0.0,0.0,0.0,0.0,stable,paired_game_cluster_bootstrap,False,False,0.0,0.0,0.0,0.0,0.0,0.0,0.0,True,True,unresolved,added6_only
0,5,5,test,placebo,skillnet:alfworld-appliance-preparer,all_alfworld,middle,4,4,4,6,24,0.0,0.0,0.0,0.0,0.0,stable,paired_game_cluster_bootstrap,False,False,0.0,0.0,0.0,0.0,0.0,0.0,0.0,True,True,unresolved,added6_only
0,5,5,test,placebo,skillnet:alfworld-appliance-preparer,all_alfworld,late,4,4,4,6,24,0.0,0.0,0.0,0.0,0.0,stable,paired_game_cluster_bootstrap,False,False,0.0,0.0,0.0,0.0,0.0,0.0,0.0,True,True,unresolved,added6_only
0,5,5,test,placebo,skillnet:alfworld-clean-object,all_alfworld,all,37,37,37,6,222,-0.05405405405405405,0.0855855855855856,0.13963963963963963,-0.013513513513513514,0.2972972972972973,uncertain,paired_game_cluster_bootstrap,False,False,0.3018018018018018,0.3558558558558558,0.2702702702702703,0.1846846846846847,-0.03153153153153149,-0.17117117117117106,0.31081081081081086,True,False,unresolved,added6_only
0,5,5,test,placebo,skillnet:alfworld-clean-object,all_alfworld,initial,25,25,25,6,150,-0.15333333333333332,-0.05333333333333334,0.1,-0.1,0.3133333333333333,uncertain,paired_game_cluster_bootstrap,False,False,0.24,0.3933333333333333,0.2,0.25333333333333335,-0.03999999999999998,-0.13999999999999996,0.41333333333333333,True,False,unresolved,added6_only
0,5,5,test,placebo,skillnet:alfworld-clean-object,all_alfworld,early,9,9,9,6,54,0.09259259259259262,0.3333333333333333,0.24074074074074073,-0.05555555555555555,0.537037037037037,uncertain,paired_game_cluster_bootstrap,False,False,0.462962962962963,0.37037037037037035,0.3888888888888889,0.05555555555555555,-0.07407407407407413,-0.31481481481481477,0.5925925925925926,True,False,unresolved,added6_only
0,5,5,test,placebo,skillnet:alfworld-clean-object,all_alfworld,middle,1,1,1,6,6,0.0,0.3333333333333333,0.3333333333333333,,,uncertain,single_game_interval_undefined,False,False,0.0,0.0,0.3333333333333333,0.0,0.3333333333333333,0.0,,False,False,interval_undefined,added6_only
0,5,5,test,placebo,skillnet:alfworld-clean-object,all_alfworld,late,2,2,2,6,12,0.5,0.5833333333333334,0.08333333333333333,0.0,0.3333333333333333,uncertain,paired_game_cluster_bootstrap,False,False,0.5,0.0,0.5833333333333334,0.0,0.08333333333333337,0.0,0.3333333333333333,True,False,unresolved,added6_only
0,5,5,test,placebo,skillnet:alfworld-device-operator,all_alfworld,all,59,59,59,6,354,0.019774011299435033,0.04802259887005649,0.028248587570621465,-0.07062146892655367,0.12994350282485875,uncertain,paired_game_cluster_bootstrap,False,False,0.2937853107344633,0.2740112994350283,0.3644067796610169,0.3163841807909604,0.07062146892655363,0.042372881355932146,0.2005649717514124,True,False,unresolved,added6_only
0,5,5,test,placebo,skillnet:alfworld-device-operator,all_alfworld,initial,22,22,22,6,132,0.09090909090909091,0.1212121212121212,0.030303030303030297,-0.14393939393939395,0.20454545454545456,uncertain,paired_game_cluster_bootstrap,False,False,0.36363636363636365,0.2727272727272727,0.46212121212121215,0.3409090909090909,0.09848484848484851,0.06818181818181818,0.3484848484848485,True,False,unresolved,added6_only
0,5,5,test,placebo,skillnet:alfworld-device-operator,all_alfworld,early,27,27,27,6,162,0.02469135802469137,0.04938271604938271,0.024691358024691353,-0.12962962962962962,0.17901234567901236,uncertain,paired_game_cluster_bootstrap,False,False,0.3024691358024692,0.2777777777777778,0.36419753086419754,0.3148148148148148,0.061728395061728336,0.037037037037037035,0.308641975308642,True,False,unresolved,added6_only
0,5,5,test,placebo,skillnet:alfworld-device-operator,all_alfworld,middle,7,7,7,6,42,-0.21428571428571425,-0.16666666666666666,0.047619047619047616,-0.19047619047619047,0.3095238095238096,uncertain,paired_game_cluster_bootstrap,False,False,0.16666666666666669,0.38095238095238093,0.21428571428571425,0.38095238095238093,0.04761904761904756,0.0,0.5,True,False,unresolved,added6_only
0,5,5,test,placebo,skillnet:alfworld-device-operator,all_alfworld,late,3,3,3,6,18,0.0,0.0,0.0,0.0,0.0,stable,paired_game_cluster_bootstrap,False,False,0.0,0.0,0.0,0.0,0.0,0.0,0.0,True,True,unresolved,added6_only
0,5,5,test,placebo,skillnet:alfworld-heat-object-with-appliance,all_alfworld,all,32,32,32,6,192,0.10937500000000001,0.20833333333333331,0.09895833333333333,0.01041666666666667,0.20312499999999997,uncertain,paired_game_cluster_bootstrap,False,False,0.21354166666666666,0.10416666666666666,0.2916666666666667,0.08333333333333333,0.07812500000000003,-0.02083333333333333,0.19270833333333331,False,False,increase_resolved,added6_only
0,5,5,test,placebo,skillnet:alfworld-heat-object-with-appliance,all_alfworld,early,13,13,13,6,78,0.08974358974358973,0.17948717948717946,0.08974358974358974,-0.0641025641025641,0.2692307692307693,uncertain,paired_game_cluster_bootstrap,False,False,0.2692307692307692,0.17948717948717946,0.34615384615384615,0.16666666666666669,0.07692307692307693,-0.012820512820512775,0.33333333333333337,True,False,unresolved,added6_only
0,5,5,test,placebo,skillnet:alfworld-heat-object-with-appliance,all_alfworld,middle,12,12,12,6,72,0.19444444444444445,0.2916666666666667,0.09722222222222222,0.0,0.23611111111111108,uncertain,paired_game_cluster_bootstrap,False,False,0.27777777777777773,0.08333333333333333,0.3194444444444445,0.027777777777777776,0.04166666666666674,-0.05555555555555555,0.23611111111111108,True,False,unresolved,added6_only
0,5,5,test,placebo,skillnet:alfworld-heat-object-with-appliance,all_alfworld,late,7,7,7,6,42,0.0,0.11904761904761905,0.11904761904761905,0.0,0.380952380952381,uncertain,paired_game_cluster_bootstrap,False,False,0.0,0.0,0.14285714285714285,0.023809523809523808,0.14285714285714285,0.023809523809523808,0.380952380952381,True,False,unresolved,added6_only
0,5,5,test,placebo,skillnet:alfworld-inventory-management,all_alfworld,all,2,2,2,6,12,-0.08333333333333333,0.0,0.08333333333333333,0.0,0.3333333333333333,uncertain,paired_game_cluster_bootstrap,False,False,0.6666666666666667,0.75,0.5,0.5,-0.16666666666666674,-0.25,0.3333333333333333,True,False,unresolved,added6_only
0,5,5,test,placebo,skillnet:alfworld-inventory-management,all_alfworld,early,2,2,2,6,12,-0.08333333333333333,0.0,0.08333333333333333,0.0,0.3333333333333333,uncertain,paired_game_cluster_bootstrap,False,False,0.6666666666666667,0.75,0.5,0.5,-0.16666666666666674,-0.25,0.3333333333333333,True,False,unresolved,added6_only
0,5,5,test,placebo,skillnet:alfworld-locate-target-object,all_alfworld,all,2,2,2,6,12,0.0,0.0,0.0,0.0,0.0,stable,paired_game_cluster_bootstrap,False,False,0.4166666666666667,0.4166666666666667,0.5,0.5,0.08333333333333331,0.08333333333333331,0.0,True,True,unresolved,added6_only
0,5,5,test,placebo,skillnet:alfworld-locate-target-object,all_alfworld,initial,2,2,2,6,12,0.0,0.0,0.0,0.0,0.0,stable,paired_game_cluster_bootstrap,False,False,0.4166666666666667,0.4166666666666667,0.5,0.5,0.08333333333333331,0.08333333333333331,0.0,True,True,unresolved,added6_only
0,5,5,test,placebo,skillnet:alfworld-object-cooler,all_alfworld,all,21,21,21,6,126,0.07142857142857141,0.10317460317460317,0.03174603174603174,-0.126984126984127,0.19841269841269843,uncertain,paired_game_cluster_bootstrap,False,False,0.35714285714285715,0.2857142857142857,0.30952380952380953,0.20634920634920634,-0.047619047619047616,-0.07936507936507936,0.32539682539682546,True,False,unresolved,added6_only
0,5,5,test,placebo,skillnet:alfworld-object-cooler,all_alfworld,early,9,9,9,6,54,0.14814814814814814,0.03703703703703704,-0.1111111111111111,-0.3888888888888889,0.16666666666666666,uncertain,paired_game_cluster_bootstrap,False,True,0.5,0.35185185185185186,0.38888888888888895,0.35185185185185186,-0.11111111111111105,0.0,0.5555555555555556,True,False,unresolved,added6_only
0,5,5,test,placebo,skillnet:alfworld-object-cooler,all_alfworld,middle,6,6,6,6,36,-0.1388888888888889,0.13888888888888892,0.2777777777777778,0.0,0.611111111111111,uncertain,paired_game_cluster_bootstrap,False,False,0.3333333333333333,0.47222222222222227,0.3333333333333333,0.19444444444444445,0.0,-0.2777777777777778,0.611111111111111,True,False,unresolved,added6_only
0,5,5,test,placebo,skillnet:alfworld-object-cooler,all_alfworld,late,6,6,6,6,36,0.16666666666666666,0.16666666666666666,0.0,0.0,0.0,stable,paired_game_cluster_bootstrap,False,False,0.16666666666666666,0.0,0.16666666666666666,0.0,0.0,0.0,0.0,True,True,unresolved,added6_only
0,5,5,test,placebo,skillnet:alfworld-object-disposer,all_alfworld,all,2,2,2,6,12,0.0,0.08333333333333333,0.08333333333333333,0.0,0.3333333333333333,uncertain,paired_game_cluster_bootstrap,False,False,0.5,0.5,0.3333333333333333,0.25,-0.16666666666666669,-0.25,0.3333333333333333,True,False,unresolved,added6_only
0,5,5,test,placebo,skillnet:alfworld-object-disposer,all_alfworld,early,2,2,2,6,12,0.0,0.08333333333333333,0.08333333333333333,0.0,0.3333333333333333,uncertain,paired_game_cluster_bootstrap,False,False,0.5,0.5,0.3333333333333333,0.25,-0.16666666666666669,-0.25,0.3333333333333333,True,False,unresolved,added6_only
0,5,5,test,placebo,skillnet:alfworld-object-heater,all_alfworld,all,9,9,9,6,54,-0.037037037037037035,0.018518518518518517,0.05555555555555555,-0.05555555555555555,0.20370370370370366,uncertain,paired_game_cluster_bootstrap,False,False,0.24074074074074078,0.2777777777777778,0.4074074074074074,0.3888888888888889,0.1666666666666666,0.1111111111111111,0.2592592592592592,True,False,unresolved,added6_only
0,5,5,test,placebo,skillnet:alfworld-object-heater,all_alfworld,early,1,1,1,6,6,0.0,0.0,0.0,,,uncertain,single_game_interval_undefined,False,False,0.16666666666666666,0.16666666666666666,0.8333333333333334,0.8333333333333334,0.6666666666666667,0.6666666666666667,,False,False,interval_undefined,added6_only
0,5,5,test,placebo,skillnet:alfworld-object-heater,all_alfworld,middle,4,4,4,6,24,-0.041666666666666664,0.08333333333333333,0.125,-0.08333333333333333,0.41666666666666663,uncertain,paired_game_cluster_bootstrap,False,False,0.5,0.5416666666666667,0.625,0.5416666666666666,0.125,-1.1102230246251565e-16,0.49999999999999994,True,False,unresolved,added6_only
0,5,5,test,placebo,skillnet:alfworld-object-heater,all_alfworld,late,4,4,4,6,24,-0.041666666666666664,-0.041666666666666664,0.0,-0.125,0.125,uncertain,paired_game_cluster_bootstrap,False,False,0.0,0.041666666666666664,0.08333333333333333,0.125,0.08333333333333333,0.08333333333333334,0.25,True,False,unresolved,added6_only
0,5,5,test,placebo,skillnet:alfworld-object-picker,all_alfworld,all,7,7,7,6,42,0.0,-0.07142857142857142,-0.07142857142857142,-0.2619047619047619,0.07142857142857142,uncertain,paired_game_cluster_bootstrap,False,True,0.07142857142857142,0.07142857142857142,0.1904761904761905,0.2619047619047619,0.11904761904761907,0.1904761904761905,0.33333333333333337,True,False,unresolved,added6_only
0,5,5,test,placebo,skillnet:alfworld-object-picker,all_alfworld,early,4,4,4,6,24,-0.041666666666666664,-0.16666666666666666,-0.125,-0.41666666666666663,0.08333333333333333,uncertain,paired_game_cluster_bootstrap,False,True,0.041666666666666664,0.08333333333333333,0.0,0.16666666666666666,-0.041666666666666664,0.08333333333333333,0.49999999999999994,True,False,unresolved,added6_only
0,5,5,test,placebo,skillnet:alfworld-object-picker,all_alfworld,middle,1,1,1,6,6,0.16666666666666666,0.16666666666666666,0.0,,,uncertain,single_game_interval_undefined,False,False,0.16666666666666666,0.0,0.5,0.3333333333333333,0.33333333333333337,0.3333333333333333,,False,False,interval_undefined,added6_only
0,5,5,test,placebo,skillnet:alfworld-object-picker,all_alfworld,late,2,2,2,6,12,0.0,0.0,0.0,0.0,0.0,stable,paired_game_cluster_bootstrap,False,False,0.08333333333333333,0.08333333333333333,0.4166666666666667,0.4166666666666667,0.33333333333333337,0.33333333333333337,0.0,True,True,unresolved,added6_only
0,5,5,test,placebo,skillnet:alfworld-object-placer,all_alfworld,all,23,23,23,6,138,-0.13043478260869565,-0.028985507246376805,0.10144927536231883,-0.04347826086956521,0.2463768115942029,uncertain,paired_game_cluster_bootstrap,False,False,0.3115942028985508,0.44202898550724634,0.33333333333333337,0.36231884057971014,0.021739130434782594,-0.0797101449275362,0.2898550724637681,True,False,unresolved,added6_only
0,5,5,test,placebo,skillnet:alfworld-object-placer,all_alfworld,initial,3,3,3,6,18,-0.11111111111111112,0.05555555555555555,0.16666666666666666,-0.1111111111111111,0.5,uncertain,paired_game_cluster_bootstrap,False,False,0.05555555555555555,0.16666666666666666,0.05555555555555555,0.0,0.0,-0.16666666666666666,0.6111111111111112,True,False,unresolved,added6_only
0,5,5,test,placebo,skillnet:alfworld-object-placer,all_alfworld,early,4,4,4,6,24,-0.37500000000000006,-0.33333333333333337,0.04166666666666666,-0.49999999999999994,0.5416666666666666,uncertain,paired_game_cluster_bootstrap,False,False,0.08333333333333333,0.4583333333333333,0.125,0.45833333333333337,0.04166666666666667,5.551115123125783e-17,1.0416666666666665,True,False,unresolved,added6_only
0,5,5,test,placebo,skillnet:alfworld-object-placer,all_alfworld,middle,10,10,10,6,60,-0.08333333333333334,0.03333333333333333,0.11666666666666667,-0.09999999999999999,0.35,uncertain,paired_game_cluster_bootstrap,False,False,0.55,0.6333333333333333,0.5833333333333334,0.55,0.033333333333333326,-0.08333333333333326,0.44999999999999996,True,False,unresolved,added6_only
0,5,5,test,placebo,skillnet:alfworld-object-placer,all_alfworld,late,6,6,6,6,36,-0.05555555555555555,0.027777777777777776,0.08333333333333333,0.0,0.24999999999999997,uncertain,paired_game_cluster_bootstrap,False,False,0.19444444444444445,0.25,0.19444444444444445,0.16666666666666666,0.0,-0.08333333333333334,0.24999999999999997,True,False,unresolved,added6_only
0,5,5,test,placebo,skillnet:alfworld-object-retriever,all_alfworld,all,15,15,15,6,90,-0.08888888888888889,-0.03333333333333333,0.055555555555555566,-0.13333333333333333,0.26666666666666666,uncertain,paired_game_cluster_bootstrap,False,False,0.2777777777777778,0.36666666666666675,0.3111111111111111,0.34444444444444444,0.033333333333333326,-0.02222222222222231,0.4,True,False,unresolved,added6_only
0,5,5,test,placebo,skillnet:alfworld-object-retriever,all_alfworld,initial,2,2,2,6,12,0.0,0.0,0.0,0.0,0.0,stable,paired_game_cluster_bootstrap,False,False,0.0,0.0,0.0,0.0,0.0,0.0,0.0,True,True,unresolved,added6_only
0,5,5,test,placebo,skillnet:alfworld-object-retriever,all_alfworld,early,13,13,13,6,78,-0.10256410256410257,-0.038461538461538464,0.06410256410256411,-0.15384615384615385,0.3076923076923077,uncertain,paired_game_cluster_bootstrap,False,False,0.32051282051282054,0.4230769230769231,0.358974358974359,0.3974358974358974,0.038461538461538436,-0.02564102564102566,0.46153846153846156,True,False,unresolved,added6_only
0,5,5,test,placebo,skillnet:alfworld-object-state-inspector,all_alfworld,all,18,18,18,6,108,-0.01851851851851852,0.37962962962962954,0.39814814814814814,0.2222222222222222,0.5833333333333334,positive,paired_game_cluster_bootstrap,False,False,0.21296296296296297,0.2314814814814815,0.8333333333333334,0.45370370370370366,0.6203703703703705,0.22222222222222215,0.36111111111111116,False,False,increase_resolved,added6_only
0,5,5,test,placebo,skillnet:alfworld-object-state-inspector,all_alfworld,initial,10,10,10,6,60,-0.08333333333333334,0.3333333333333333,0.4166666666666667,0.16666666666666669,0.6833333333333333,positive,paired_game_cluster_bootstrap,False,False,0.0,0.08333333333333334,0.7,0.3666666666666667,0.7,0.2833333333333333,0.5166666666666666,False,False,increase_resolved,added6_only
0,5,5,test,placebo,skillnet:alfworld-object-state-inspector,all_alfworld,early,7,7,7,6,42,0.07142857142857142,0.4523809523809524,0.38095238095238093,0.09523809523809523,0.6666666666666666,positive,paired_game_cluster_bootstrap,False,False,0.4047619047619047,0.3333333333333333,1.0,0.5476190476190477,0.5952380952380953,0.21428571428571436,0.5714285714285714,False,False,increase_resolved,added6_only
0,5,5,test,placebo,skillnet:alfworld-object-state-inspector,all_alfworld,middle,1,1,1,6,6,0.0,0.3333333333333333,0.3333333333333333,,,uncertain,single_game_interval_undefined,False,False,1.0,1.0,1.0,0.6666666666666666,0.0,-0.33333333333333337,,False,False,interval_undefined,added6_only
0,5,5,test,placebo,skillnet:alfworld-object-storer,all_alfworld,all,18,18,18,6,108,-0.046296296296296294,-0.037037037037037035,0.009259259259259257,-0.10185185185185186,0.12037037037037036,uncertain,paired_game_cluster_bootstrap,False,False,0.12962962962962962,0.17592592592592593,0.12037037037037036,0.1574074074074074,-0.009259259259259259,-0.018518518518518517,0.2222222222222222,True,False,unresolved,added6_only
0,5,5,test,placebo,skillnet:alfworld-object-storer,all_alfworld,early,8,8,8,6,48,-0.10416666666666666,-0.08333333333333333,0.020833333333333332,-0.22916666666666669,0.2708333333333333,uncertain,paired_game_cluster_bootstrap,False,False,0.041666666666666664,0.14583333333333334,0.020833333333333332,0.10416666666666667,-0.020833333333333332,-0.04166666666666667,0.5,True,False,unresolved,added6_only
0,5,5,test,placebo,skillnet:alfworld-object-storer,all_alfworld,middle,6,6,6,6,36,0.0,0.0,0.0,0.0,0.0,stable,paired_game_cluster_bootstrap,False,False,0.16666666666666666,0.16666666666666666,0.16666666666666666,0.16666666666666666,0.0,0.0,0.0,True,True,unresolved,added6_only
0,5,5,test,placebo,skillnet:alfworld-object-storer,all_alfworld,late,4,4,4,6,24,0.0,0.0,0.0,0.0,0.0,stable,paired_game_cluster_bootstrap,False,False,0.25,0.25,0.25,0.25,0.0,0.0,0.0,True,True,unresolved,added6_only
0,5,5,test,placebo,skillnet:alfworld-object-transporter,all_alfworld,all,1,1,1,6,6,0.0,0.16666666666666666,0.16666666666666666,,,uncertain,single_game_interval_undefined,False,False,1.0,1.0,1.0,0.8333333333333334,0.0,-0.16666666666666663,,False,False,interval_undefined,added6_only
0,5,5,test,placebo,skillnet:alfworld-object-transporter,all_alfworld,late,1,1,1,6,6,0.0,0.16666666666666666,0.16666666666666666,,,uncertain,single_game_interval_undefined,False,False,1.0,1.0,1.0,0.8333333333333334,0.0,-0.16666666666666663,,False,False,interval_undefined,added6_only
0,5,5,test,placebo,skillnet:alfworld-receptacle-closer,all_alfworld,all,5,5,5,6,30,0.0,0.0,0.0,0.0,0.0,stable,paired_game_cluster_bootstrap,False,False,0.13333333333333333,0.13333333333333333,0.13333333333333333,0.13333333333333333,0.0,0.0,0.0,True,True,unresolved,added6_only
0,5,5,test,placebo,skillnet:alfworld-receptacle-closer,all_alfworld,middle,4,4,4,6,24,0.0,0.0,0.0,0.0,0.0,stable,paired_game_cluster_bootstrap,False,False,0.16666666666666666,0.16666666666666666,0.16666666666666666,0.16666666666666666,0.0,0.0,0.0,True,True,unresolved,added6_only
0,5,5,test,placebo,skillnet:alfworld-receptacle-closer,all_alfworld,late,1,1,1,6,6,0.0,0.0,0.0,,,uncertain,single_game_interval_undefined,False,False,0.0,0.0,0.0,0.0,0.0,0.0,,False,False,interval_undefined,added6_only
0,5,5,test,placebo,skillnet:alfworld-receptacle-finder,all_alfworld,all,10,10,10,6,60,-0.11666666666666665,-0.13333333333333336,-0.016666666666666666,-0.13333333333333333,0.1,uncertain,paired_game_cluster_bootstrap,False,False,0.05,0.16666666666666666,0.08333333333333333,0.2166666666666667,0.033333333333333326,0.050000000000000044,0.23333333333333334,True,False,unresolved,added6_only
0,5,5,test,placebo,skillnet:alfworld-receptacle-finder,all_alfworld,initial,3,3,3,6,18,-0.2222222222222222,-0.3333333333333333,-0.1111111111111111,-0.38888888888888884,0.0,uncertain,paired_game_cluster_bootstrap,False,True,0.0,0.2222222222222222,0.0,0.3333333333333333,0.0,0.1111111111111111,0.38888888888888884,True,False,unresolved,added6_only
0,5,5,test,placebo,skillnet:alfworld-receptacle-finder,all_alfworld,early,1,1,1,6,6,-0.8333333333333334,-1.0,-0.16666666666666666,,,uncertain,single_game_interval_undefined,False,True,0.0,0.8333333333333334,0.0,1.0,0.0,0.16666666666666663,,False,False,interval_undefined,added6_only
0,5,5,test,placebo,skillnet:alfworld-receptacle-finder,all_alfworld,middle,1,1,1,6,6,0.3333333333333333,0.5,0.16666666666666666,,,uncertain,single_game_interval_undefined,False,False,0.3333333333333333,0.0,0.6666666666666666,0.16666666666666666,0.3333333333333333,0.16666666666666666,,False,False,interval_undefined,added6_only
0,5,5,test,placebo,skillnet:alfworld-receptacle-finder,all_alfworld,late,5,5,5,6,30,0.0,0.03333333333333333,0.03333333333333333,0.0,0.13333333333333333,uncertain,paired_game_cluster_bootstrap,False,False,0.03333333333333333,0.03333333333333333,0.03333333333333333,0.0,0.0,-0.03333333333333333,0.13333333333333333,True,False,unresolved,added6_only
0,5,5,test,placebo,skillnet:alfworld-receptacle-navigator,all_alfworld,all,2,2,2,6,12,0.08333333333333333,-0.08333333333333333,-0.16666666666666666,-0.5,0.0,uncertain,paired_game_cluster_bootstrap,False,True,0.08333333333333333,0.0,0.0,0.08333333333333333,-0.08333333333333333,0.08333333333333333,0.5,True,False,unresolved,added6_only
0,5,5,test,placebo,skillnet:alfworld-receptacle-navigator,all_alfworld,early,2,2,2,6,12,0.08333333333333333,-0.08333333333333333,-0.16666666666666666,-0.5,0.0,uncertain,paired_game_cluster_bootstrap,False,True,0.08333333333333333,0.0,0.0,0.08333333333333333,-0.08333333333333333,0.08333333333333333,0.5,True,False,unresolved,added6_only
0,5,5,test,placebo,skillnet:alfworld-receptacle-opener,all_alfworld,all,8,8,8,6,48,0.0,-0.020833333333333332,-0.020833333333333332,-0.08333333333333333,0.0,uncertain,paired_game_cluster_bootstrap,False,False,0.0,0.0,0.041666666666666664,0.0625,0.041666666666666664,0.0625,0.08333333333333333,True,False,unresolved,added6_only
0,5,5,test,placebo,skillnet:alfworld-receptacle-opener,all_alfworld,early,1,1,1,6,6,0.0,-0.16666666666666666,-0.16666666666666666,,,uncertain,single_game_interval_undefined,False,True,0.0,0.0,0.0,0.16666666666666666,0.0,0.16666666666666666,,False,False,interval_undefined,added6_only
0,5,5,test,placebo,skillnet:alfworld-receptacle-opener,all_alfworld,middle,2,2,2,6,12,0.0,0.0,0.0,0.0,0.0,stable,paired_game_cluster_bootstrap,False,False,0.0,0.0,0.0,0.0,0.0,0.0,0.0,True,True,unresolved,added6_only
0,5,5,test,placebo,skillnet:alfworld-receptacle-opener,all_alfworld,late,5,5,5,6,30,0.0,0.0,0.0,0.0,0.0,stable,paired_game_cluster_bootstrap,False,False,0.0,0.0,0.06666666666666667,0.06666666666666667,0.06666666666666667,0.06666666666666667,0.0,True,True,unresolved,added6_only
0,5,5,test,placebo,skillnet:alfworld-receptacle-operator,all_alfworld,all,7,7,7,6,42,0.023809523809523808,-0.11904761904761904,-0.14285714285714285,-0.38095238095238093,0.0,uncertain,paired_game_cluster_bootstrap,False,True,0.21428571428571427,0.19047619047619047,0.11904761904761904,0.23809523809523808,-0.09523809523809523,0.047619047619047616,0.38095238095238093,True,False,unresolved,added6_only
0,5,5,test,placebo,skillnet:alfworld-receptacle-operator,all_alfworld,early,2,2,2,6,12,0.0,-0.25,-0.25,-0.6666666666666667,0.0,uncertain,paired_game_cluster_bootstrap,False,True,0.5,0.5,0.08333333333333333,0.3333333333333333,-0.4166666666666667,-0.16666666666666669,0.6666666666666667,True,False,unresolved,added6_only
0,5,5,test,placebo,skillnet:alfworld-receptacle-operator,all_alfworld,middle,3,3,3,6,18,0.05555555555555555,-0.1111111111111111,-0.16666666666666666,-0.5555555555555556,0.0,uncertain,paired_game_cluster_bootstrap,False,True,0.16666666666666666,0.1111111111111111,0.2222222222222222,0.3333333333333333,0.05555555555555555,0.2222222222222222,0.5555555555555556,True,False,unresolved,added6_only
0,5,5,test,placebo,skillnet:alfworld-receptacle-operator,all_alfworld,late,2,2,2,6,12,0.0,0.0,0.0,0.0,0.0,stable,paired_game_cluster_bootstrap,False,False,0.0,0.0,0.0,0.0,0.0,0.0,0.0,True,True,unresolved,added6_only
0,5,5,test,placebo,skillnet:alfworld-receptacle-searcher,all_alfworld,all,2,2,2,6,12,0.0,0.0,0.0,-0.3333333333333333,0.3333333333333333,uncertain,paired_game_cluster_bootstrap,False,False,0.75,0.75,0.8333333333333334,0.8333333333333334,0.08333333333333337,0.08333333333333337,0.6666666666666666,True,False,unresolved,added6_only
0,5,5,test,placebo,skillnet:alfworld-receptacle-searcher,all_alfworld,initial,2,2,2,6,12,0.0,0.0,0.0,-0.3333333333333333,0.3333333333333333,uncertain,paired_game_cluster_bootstrap,False,False,0.75,0.75,0.8333333333333334,0.8333333333333334,0.08333333333333337,0.08333333333333337,0.6666666666666666,True,False,unresolved,added6_only
0,5,5,test,placebo,skillnet:alfworld-storage-explorer,all_alfworld,all,44,44,44,6,264,-0.053030303030303046,-0.07954545454545453,-0.026515151515151512,-0.1212121212121212,0.0606060606060606,uncertain,paired_game_cluster_bootstrap,False,False,0.20075757575757577,0.2537878787878788,0.2765151515151515,0.3560606060606061,0.07575757575757572,0.10227272727272729,0.1818181818181818,True,False,unresolved,added6_only
0,5,5,test,placebo,skillnet:alfworld-storage-explorer,all_alfworld,initial,23,23,23,6,138,-0.06521739130434785,-0.05072463768115942,0.014492753623188408,-0.12318840579710146,0.1449275362318841,uncertain,paired_game_cluster_bootstrap,False,False,0.17391304347826086,0.2391304347826087,0.3623188405797101,0.4130434782608696,0.18840579710144922,0.17391304347826092,0.26811594202898553,True,False,unresolved,added6_only
0,5,5,test,placebo,skillnet:alfworld-storage-explorer,all_alfworld,early,18,18,18,6,108,-0.04629629629629631,-0.12962962962962965,-0.08333333333333333,-0.212962962962963,0.03703703703703703,uncertain,paired_game_cluster_bootstrap,False,True,0.26851851851851855,0.3148148148148148,0.21296296296296294,0.3425925925925926,-0.05555555555555561,0.02777777777777779,0.25,True,False,unresolved,added6_only
0,5,5,test,placebo,skillnet:alfworld-storage-explorer,all_alfworld,middle,1,1,1,6,6,0.0,0.0,0.0,,,uncertain,single_game_interval_undefined,False,False,0.0,0.0,0.0,0.0,0.0,0.0,,False,False,interval_undefined,added6_only
0,5,5,test,placebo,skillnet:alfworld-storage-explorer,all_alfworld,late,2,2,2,6,12,0.0,0.0,0.0,0.0,0.0,stable,paired_game_cluster_bootstrap,False,False,0.0,0.0,0.0,0.0,0.0,0.0,0.0,True,True,unresolved,added6_only
0,5,5,test,placebo,skillnet:alfworld-temperature-regulator,all_alfworld,all,6,6,6,6,36,0.027777777777777776,-0.027777777777777776,-0.05555555555555555,-0.19444444444444442,0.0,uncertain,paired_game_cluster_bootstrap,False,True,0.027777777777777776,0.0,0.0,0.027777777777777776,-0.027777777777777776,0.027777777777777776,0.19444444444444442,True,False,unresolved,added6_only
0,5,5,test,placebo,skillnet:alfworld-temperature-regulator,all_alfworld,middle,2,2,2,6,12,0.0,0.0,0.0,0.0,0.0,stable,paired_game_cluster_bootstrap,False,False,0.0,0.0,0.0,0.0,0.0,0.0,0.0,True,True,unresolved,added6_only
0,5,5,test,placebo,skillnet:alfworld-temperature-regulator,all_alfworld,late,4,4,4,6,24,0.041666666666666664,-0.041666666666666664,-0.08333333333333333,-0.29166666666666663,0.0,uncertain,paired_game_cluster_bootstrap,False,True,0.041666666666666664,0.0,0.0,0.041666666666666664,-0.041666666666666664,0.041666666666666664,0.29166666666666663,True,False,unresolved,added6_only
0,5,5,test,placebo,skillnet:alfworld-tool-locator,all_alfworld,all,4,4,4,6,24,-0.125,0.041666666666666664,0.16666666666666666,0.0,0.5416666666666667,uncertain,paired_game_cluster_bootstrap,False,False,0.41666666666666663,0.5416666666666666,0.5416666666666667,0.5,0.1250000000000001,-0.04166666666666663,0.5416666666666667,True,False,unresolved,added6_only
0,5,5,test,placebo,skillnet:alfworld-tool-locator,all_alfworld,early,4,4,4,6,24,-0.125,0.041666666666666664,0.16666666666666666,0.0,0.5416666666666667,uncertain,paired_game_cluster_bootstrap,False,False,0.41666666666666663,0.5416666666666666,0.5416666666666667,0.5,0.1250000000000001,-0.04166666666666663,0.5416666666666667,True,False,unresolved,added6_only
0,5,5,test,null,skillnet:alfworld-appliance-navigator,all_alfworld,all,62,62,62,6,372,4.476705744456276e-18,0.013440860215053765,0.013440860215053758,-0.06720430107526883,0.09408602150537634,uncertain,paired_game_cluster_bootstrap,False,False,0.2661290322580645,0.2661290322580645,0.28494623655913975,0.27150537634408606,0.018817204301075252,0.005376344086021556,0.16129032258064518,True,False,unresolved,added6_only
0,5,5,test,null,skillnet:alfworld-appliance-navigator,all_alfworld,initial,42,42,42,6,252,-0.011904761904761902,0.023809523809523815,0.03571428571428571,-0.07936507936507936,0.1468253968253968,uncertain,paired_game_cluster_bootstrap,False,False,0.31746031746031744,0.32936507936507936,0.34920634920634924,0.3253968253968254,0.0317460317460318,-0.003968253968253954,0.22619047619047616,True,False,unresolved,added6_only
0,5,5,test,null,skillnet:alfworld-appliance-navigator,all_alfworld,early,8,8,8,6,48,0.10416666666666667,0.0,-0.10416666666666666,-0.3125,0.020833333333333332,uncertain,paired_game_cluster_bootstrap,False,True,0.25,0.14583333333333334,0.25,0.25,0.0,0.10416666666666666,0.3333333333333333,True,False,unresolved,added6_only
0,5,5,test,null,skillnet:alfworld-appliance-navigator,all_alfworld,middle,6,6,6,6,36,0.0,0.0,0.0,0.0,0.0,stable,paired_game_cluster_bootstrap,False,False,0.16666666666666666,0.16666666666666666,0.16666666666666666,0.16666666666666666,0.0,0.0,0.0,True,True,unresolved,added6_only
0,5,5,test,null,skillnet:alfworld-appliance-navigator,all_alfworld,late,6,6,6,6,36,-0.05555555555555555,-0.027777777777777776,0.027777777777777776,0.0,0.1111111111111111,uncertain,paired_game_cluster_bootstrap,False,False,0.027777777777777776,0.08333333333333333,0.0,0.027777777777777776,-0.027777777777777776,-0.05555555555555555,0.1111111111111111,True,False,unresolved,added6_only
0,5,5,test,null,skillnet:alfworld-appliance-preparer,all_alfworld,all,8,8,8,6,48,-0.020833333333333332,0.0,0.020833333333333332,0.0,0.08333333333333333,uncertain,paired_game_cluster_bootstrap,False,False,0.0,0.020833333333333332,0.0,0.0,0.0,-0.020833333333333332,0.08333333333333333,True,False,unresolved,added6_only
0,5,5,test,null,skillnet:alfworld-appliance-preparer,all_alfworld,middle,4,4,4,6,24,-0.041666666666666664,0.0,0.041666666666666664,0.0,0.16666666666666666,uncertain,paired_game_cluster_bootstrap,False,False,0.0,0.041666666666666664,0.0,0.0,0.0,-0.041666666666666664,0.16666666666666666,True,False,unresolved,added6_only
0,5,5,test,null,skillnet:alfworld-appliance-preparer,all_alfworld,late,4,4,4,6,24,0.0,0.0,0.0,0.0,0.0,stable,paired_game_cluster_bootstrap,False,False,0.0,0.0,0.0,0.0,0.0,0.0,0.0,True,True,unresolved,added6_only
0,5,5,test,null,skillnet:alfworld-clean-object,all_alfworld,all,37,37,37,6,222,-0.05405405405405406,0.058558558558558564,0.11261261261261261,-0.01801801801801802,0.2522522522522523,uncertain,paired_game_cluster_bootstrap,False,False,0.3018018018018018,0.3558558558558559,0.2702702702702703,0.21171171171171171,-0.03153153153153149,-0.14414414414414417,0.2702702702702703,True,False,unresolved,added6_only
0,5,5,test,null,skillnet:alfworld-clean-object,all_alfworld,initial,25,25,25,6,150,-0.16,-0.08,0.08000000000000002,-0.1,0.2733333333333333,uncertain,paired_game_cluster_bootstrap,False,False,0.24,0.4,0.2,0.28,-0.03999999999999998,-0.12,0.3733333333333333,True,False,unresolved,added6_only
0,5,5,test,null,skillnet:alfworld-clean-object,all_alfworld,early,9,9,9,6,54,0.11111111111111113,0.29629629629629634,0.1851851851851852,0.0,0.3888888888888889,uncertain,paired_game_cluster_bootstrap,False,False,0.462962962962963,0.35185185185185186,0.3888888888888889,0.09259259259259259,-0.07407407407407413,-0.2592592592592593,0.3888888888888889,True,False,unresolved,added6_only
0,5,5,test,null,skillnet:alfworld-clean-object,all_alfworld,middle,1,1,1,6,6,0.0,0.3333333333333333,0.3333333333333333,,,uncertain,single_game_interval_undefined,False,False,0.0,0.0,0.3333333333333333,0.0,0.3333333333333333,0.0,,False,False,interval_undefined,added6_only
0,5,5,test,null,skillnet:alfworld-clean-object,all_alfworld,late,2,2,2,6,12,0.5,0.5833333333333334,0.08333333333333333,0.0,0.3333333333333333,uncertain,paired_game_cluster_bootstrap,False,False,0.5,0.0,0.5833333333333334,0.0,0.08333333333333337,0.0,0.3333333333333333,True,False,unresolved,added6_only
0,5,5,test,null,skillnet:alfworld-device-operator,all_alfworld,all,59,59,59,6,354,0.03672316384180791,0.028248587570621472,-0.008474576271186448,-0.11016949152542373,0.08757062146892658,uncertain,paired_game_cluster_bootstrap,False,False,0.2937853107344633,0.25706214689265533,0.3644067796610169,0.33615819209039555,0.07062146892655363,0.07909604519774022,0.1977401129943503,True,False,unresolved,added6_only
0,5,5,test,null,skillnet:alfworld-device-operator,all_alfworld,initial,22,22,22,6,132,0.04545454545454545,0.0606060606060606,0.015151515151515131,-0.1590909090909091,0.18939393939393936,uncertain,paired_game_cluster_bootstrap,False,False,0.36363636363636365,0.3181818181818181,0.46212121212121215,0.4015151515151516,0.09848484848484851,0.08333333333333348,0.34848484848484845,True,False,unresolved,added6_only
0,5,5,test,null,skillnet:alfworld-device-operator,all_alfworld,early,27,27,27,6,162,0.07407407407407407,0.043209876543209874,-0.03086419753086421,-0.17901234567901236,0.1111111111111111,uncertain,paired_game_cluster_bootstrap,False,False,0.3024691358024692,0.22839506172839505,0.36419753086419754,0.32098765432098764,0.061728395061728336,0.09259259259259259,0.29012345679012347,True,False,unresolved,added6_only
0,5,5,test,null,skillnet:alfworld-device-operator,all_alfworld,middle,7,7,7,6,42,-0.11904761904761904,-0.11904761904761904,7.93016446160826e-18,-0.23809523809523808,0.2619047619047619,uncertain,paired_game_cluster_bootstrap,False,False,0.16666666666666669,0.2857142857142857,0.21428571428571425,0.33333333333333337,0.04761904761904756,0.04761904761904767,0.5,True,False,unresolved,added6_only
0,5,5,test,null,skillnet:alfworld-device-operator,all_alfworld,late,3,3,3,6,18,0.0,0.0,0.0,0.0,0.0,stable,paired_game_cluster_bootstrap,False,False,0.0,0.0,0.0,0.0,0.0,0.0,0.0,True,True,unresolved,added6_only
0,5,5,test,null,skillnet:alfworld-heat-object-with-appliance,all_alfworld,all,32,32,32,6,192,0.13020833333333331,0.21875,0.08854166666666667,-0.020833333333333332,0.20833333333333334,uncertain,paired_game_cluster_bootstrap,False,False,0.21354166666666666,0.08333333333333333,0.2916666666666667,0.07291666666666667,0.07812500000000003,-0.010416666666666657,0.22916666666666669,True,False,unresolved,added6_only
0,5,5,test,null,skillnet:alfworld-heat-object-with-appliance,all_alfworld,early,13,13,13,6,78,0.16666666666666669,0.20512820512820512,0.038461538461538464,-0.14102564102564102,0.21794871794871795,uncertain,paired_game_cluster_bootstrap,False,False,0.2692307692307692,0.10256410256410256,0.34615384615384615,0.14102564102564102,0.07692307692307693,0.038461538461538464,0.358974358974359,True,False,unresolved,added6_only
0,5,5,test,null,skillnet:alfworld-heat-object-with-appliance,all_alfworld,middle,12,12,12,6,72,0.16666666666666666,0.2916666666666667,0.125,-0.041666666666666664,0.34722222222222215,uncertain,paired_game_cluster_bootstrap,False,False,0.27777777777777773,0.11111111111111112,0.3194444444444445,0.027777777777777776,0.04166666666666674,-0.08333333333333334,0.38888888888888884,True,False,unresolved,added6_only
0,5,5,test,null,skillnet:alfworld-heat-object-with-appliance,all_alfworld,late,7,7,7,6,42,0.0,0.11904761904761905,0.11904761904761905,0.0,0.380952380952381,uncertain,paired_game_cluster_bootstrap,False,False,0.0,0.0,0.14285714285714285,0.023809523809523808,0.14285714285714285,0.023809523809523808,0.380952380952381,True,False,unresolved,added6_only
0,5,5,test,null,skillnet:alfworld-inventory-management,all_alfworld,all,2,2,2,6,12,-0.08333333333333333,0.0,0.08333333333333333,0.0,0.3333333333333333,uncertain,paired_game_cluster_bootstrap,False,False,0.6666666666666667,0.75,0.5,0.5,-0.16666666666666674,-0.25,0.3333333333333333,True,False,unresolved,added6_only
0,5,5,test,null,skillnet:alfworld-inventory-management,all_alfworld,early,2,2,2,6,12,-0.08333333333333333,0.0,0.08333333333333333,0.0,0.3333333333333333,uncertain,paired_game_cluster_bootstrap,False,False,0.6666666666666667,0.75,0.5,0.5,-0.16666666666666674,-0.25,0.3333333333333333,True,False,unresolved,added6_only
0,5,5,test,null,skillnet:alfworld-locate-target-object,all_alfworld,all,2,2,2,6,12,0.0,0.0,0.0,0.0,0.0,stable,paired_game_cluster_bootstrap,False,False,0.4166666666666667,0.4166666666666667,0.5,0.5,0.08333333333333331,0.08333333333333331,0.0,True,True,unresolved,added6_only
0,5,5,test,null,skillnet:alfworld-locate-target-object,all_alfworld,initial,2,2,2,6,12,0.0,0.0,0.0,0.0,0.0,stable,paired_game_cluster_bootstrap,False,False,0.4166666666666667,0.4166666666666667,0.5,0.5,0.08333333333333331,0.08333333333333331,0.0,True,True,unresolved,added6_only
0,5,5,test,null,skillnet:alfworld-object-cooler,all_alfworld,all,21,21,21,6,126,0.047619047619047616,0.11904761904761904,0.07142857142857141,-0.06349206349206349,0.22222222222222224,uncertain,paired_game_cluster_bootstrap,False,False,0.35714285714285715,0.30952380952380953,0.30952380952380953,0.19047619047619047,-0.047619047619047616,-0.11904761904761907,0.2857142857142857,True,False,unresolved,added6_only
0,5,5,test,null,skillnet:alfworld-object-cooler,all_alfworld,early,9,9,9,6,54,0.1111111111111111,0.07407407407407408,-0.03703703703703704,-0.25925925925925924,0.18518518518518517,uncertain,paired_game_cluster_bootstrap,False,False,0.5,0.3888888888888889,0.38888888888888895,0.3148148148148148,-0.11111111111111105,-0.07407407407407407,0.4444444444444444,True,False,unresolved,added6_only
0,5,5,test,null,skillnet:alfworld-object-cooler,all_alfworld,middle,6,6,6,6,36,-0.16666666666666666,0.13888888888888892,0.3055555555555556,0.0,0.638888888888889,uncertain,paired_game_cluster_bootstrap,False,False,0.3333333333333333,0.5,0.3333333333333333,0.19444444444444445,0.0,-0.3055555555555556,0.638888888888889,True,False,unresolved,added6_only
0,5,5,test,null,skillnet:alfworld-object-cooler,all_alfworld,late,6,6,6,6,36,0.16666666666666666,0.16666666666666666,0.0,0.0,0.0,stable,paired_game_cluster_bootstrap,False,False,0.16666666666666666,0.0,0.16666666666666666,0.0,0.0,0.0,0.0,True,True,unresolved,added6_only
0,5,5,test,null,skillnet:alfworld-object-disposer,all_alfworld,all,2,2,2,6,12,0.0,-0.16666666666666666,-0.16666666666666666,-0.5,0.0,uncertain,paired_game_cluster_bootstrap,False,True,0.5,0.5,0.3333333333333333,0.5,-0.16666666666666669,0.0,0.5,True,False,unresolved,added6_only
0,5,5,test,null,skillnet:alfworld-object-disposer,all_alfworld,early,2,2,2,6,12,0.0,-0.16666666666666666,-0.16666666666666666,-0.5,0.0,uncertain,paired_game_cluster_bootstrap,False,True,0.5,0.5,0.3333333333333333,0.5,-0.16666666666666669,0.0,0.5,True,False,unresolved,added6_only
0,5,5,test,null,skillnet:alfworld-object-heater,all_alfworld,all,9,9,9,6,54,-0.05555555555555555,0.018518518518518517,0.07407407407407407,-0.037037037037037035,0.2222222222222222,uncertain,paired_game_cluster_bootstrap,False,False,0.24074074074074078,0.29629629629629634,0.4074074074074074,0.3888888888888889,0.1666666666666666,0.09259259259259256,0.25925925925925924,True,False,unresolved,added6_only
0,5,5,test,null,skillnet:alfworld-object-heater,all_alfworld,early,1,1,1,6,6,0.0,0.0,0.0,,,uncertain,single_game_interval_undefined,False,False,0.16666666666666666,0.16666666666666666,0.8333333333333334,0.8333333333333334,0.6666666666666667,0.6666666666666667,,False,False,interval_undefined,added6_only
0,5,5,test,null,skillnet:alfworld-object-heater,all_alfworld,middle,4,4,4,6,24,-0.08333333333333333,0.08333333333333333,0.16666666666666666,0.0,0.4166666666666667,uncertain,paired_game_cluster_bootstrap,False,False,0.5,0.5833333333333333,0.625,0.5416666666666666,0.125,-0.04166666666666663,0.4166666666666667,True,False,unresolved,added6_only
0,5,5,test,null,skillnet:alfworld-object-heater,all_alfworld,late,4,4,4,6,24,-0.041666666666666664,-0.041666666666666664,0.0,-0.125,0.125,uncertain,paired_game_cluster_bootstrap,False,False,0.0,0.041666666666666664,0.08333333333333333,0.125,0.08333333333333333,0.08333333333333334,0.25,True,False,unresolved,added6_only
0,5,5,test,null,skillnet:alfworld-object-picker,all_alfworld,all,7,7,7,6,42,0.0,-0.07142857142857142,-0.07142857142857142,-0.26190476190476186,0.047619047619047616,uncertain,paired_game_cluster_bootstrap,False,True,0.07142857142857142,0.07142857142857142,0.1904761904761905,0.2619047619047619,0.11904761904761907,0.1904761904761905,0.3095238095238095,True,False,unresolved,added6_only
0,5,5,test,null,skillnet:alfworld-object-picker,all_alfworld,early,4,4,4,6,24,-0.041666666666666664,-0.16666666666666666,-0.125,-0.375,0.0,uncertain,paired_game_cluster_bootstrap,False,True,0.041666666666666664,0.08333333333333333,0.0,0.16666666666666666,-0.041666666666666664,0.08333333333333333,0.375,True,False,unresolved,added6_only
0,5,5,test,null,skillnet:alfworld-object-picker,all_alfworld,middle,1,1,1,6,6,0.16666666666666666,0.16666666666666666,0.0,,,uncertain,single_game_interval_undefined,False,False,0.16666666666666666,0.0,0.5,0.3333333333333333,0.33333333333333337,0.3333333333333333,,False,False,interval_undefined,added6_only
0,5,5,test,null,skillnet:alfworld-object-picker,all_alfworld,late,2,2,2,6,12,0.0,0.0,0.0,0.0,0.0,stable,paired_game_cluster_bootstrap,False,False,0.08333333333333333,0.08333333333333333,0.4166666666666667,0.4166666666666667,0.33333333333333337,0.33333333333333337,0.0,True,True,unresolved,added6_only
0,5,5,test,null,skillnet:alfworld-object-placer,all_alfworld,all,23,23,23,6,138,-0.14492753623188404,-0.05072463768115942,0.09420289855072463,-0.06521739130434784,0.25362318840579706,uncertain,paired_game_cluster_bootstrap,False,False,0.3115942028985508,0.45652173913043476,0.33333333333333337,0.3840579710144928,0.021739130434782594,-0.07246376811594196,0.3188405797101449,True,False,unresolved,added6_only
0,5,5,test,null,skillnet:alfworld-object-placer,all_alfworld,initial,3,3,3,6,18,-0.16666666666666666,-0.05555555555555555,0.1111111111111111,-0.16666666666666666,0.3888888888888889,uncertain,paired_game_cluster_bootstrap,False,False,0.05555555555555555,0.2222222222222222,0.05555555555555555,0.1111111111111111,0.0,-0.1111111111111111,0.5555555555555556,True,False,unresolved,added6_only
0,5,5,test,null,skillnet:alfworld-object-placer,all_alfworld,early,4,4,4,6,24,-0.33333333333333337,-0.25,0.08333333333333334,-0.5833333333333334,0.75,uncertain,paired_game_cluster_bootstrap,False,False,0.08333333333333333,0.4166666666666667,0.125,0.375,0.04166666666666667,-0.041666666666666685,1.3333333333333335,True,False,unresolved,added6_only
0,5,5,test,null,skillnet:alfworld-object-placer,all_alfworld,middle,10,10,10,6,60,-0.11666666666666665,-0.016666666666666663,0.10000000000000002,-0.08333333333333333,0.3,uncertain,paired_game_cluster_bootstrap,False,False,0.55,0.6666666666666667,0.5833333333333334,0.6,0.033333333333333326,-0.06666666666666676,0.3833333333333333,True,False,unresolved,added6_only
0,5,5,test,null,skillnet:alfworld-object-placer,all_alfworld,late,6,6,6,6,36,-0.05555555555555555,0.027777777777777776,0.08333333333333333,0.0,0.2777777777777778,uncertain,paired_game_cluster_bootstrap,False,False,0.19444444444444445,0.25,0.19444444444444445,0.16666666666666666,0.0,-0.08333333333333334,0.2777777777777778,True,False,unresolved,added6_only
0,5,5,test,null,skillnet:alfworld-object-retriever,all_alfworld,all,15,15,15,6,90,-0.05555555555555556,-0.04444444444444444,0.011111111111111118,-0.16666666666666666,0.22222222222222224,uncertain,paired_game_cluster_bootstrap,False,False,0.2777777777777778,0.3333333333333333,0.3111111111111111,0.3555555555555555,0.033333333333333326,0.0222222222222222,0.3888888888888889,True,False,unresolved,added6_only
0,5,5,test,null,skillnet:alfworld-object-retriever,all_alfworld,initial,2,2,2,6,12,0.0,0.0,0.0,0.0,0.0,stable,paired_game_cluster_bootstrap,False,False,0.0,0.0,0.0,0.0,0.0,0.0,0.0,True,True,unresolved,added6_only
0,5,5,test,null,skillnet:alfworld-object-retriever,all_alfworld,early,13,13,13,6,78,-0.06410256410256411,-0.05128205128205128,0.012820512820512829,-0.19230769230769235,0.2564102564102564,uncertain,paired_game_cluster_bootstrap,False,False,0.32051282051282054,0.38461538461538464,0.358974358974359,0.41025641025641024,0.038461538461538436,0.025641025641025605,0.44871794871794873,True,False,unresolved,added6_only
0,5,5,test,null,skillnet:alfworld-object-state-inspector,all_alfworld,all,18,18,18,6,108,-1.5419764230904951e-18,0.35185185185185186,0.3518518518518518,0.16666666666666666,0.5648148148148148,positive,paired_game_cluster_bootstrap,False,False,0.21296296296296297,0.21296296296296294,0.8333333333333334,0.48148148148148145,0.6203703703703705,0.2685185185185185,0.39814814814814814,False,False,increase_resolved,added6_only
0,5,5,test,null,skillnet:alfworld-object-state-inspector,all_alfworld,initial,10,10,10,6,60,-0.03333333333333333,0.35,0.38333333333333336,0.16666666666666666,0.6166666666666667,positive,paired_game_cluster_bootstrap,False,False,0.0,0.03333333333333333,0.7,0.35,0.7,0.31666666666666665,0.45000000000000007,False,False,increase_resolved,added6_only
0,5,5,test,null,skillnet:alfworld-object-state-inspector,all_alfworld,early,7,7,7,6,42,0.023809523809523805,0.38095238095238093,0.35714285714285715,0.023809523809523808,0.761904761904762,uncertain,paired_game_cluster_bootstrap,False,False,0.4047619047619047,0.380952380952381,1.0,0.6190476190476192,0.5952380952380953,0.2380952380952382,0.7380952380952381,False,False,increase_resolved,added6_only
0,5,5,test,null,skillnet:alfworld-object-state-inspector,all_alfworld,middle,1,1,1,6,6,0.16666666666666666,0.16666666666666666,0.0,,,uncertain,single_game_interval_undefined,False,False,1.0,0.8333333333333334,1.0,0.8333333333333334,0.0,0.0,,False,False,interval_undefined,added6_only
0,5,5,test,null,skillnet:alfworld-object-storer,all_alfworld,all,18,18,18,6,108,-0.10185185185185185,-0.06481481481481481,0.03703703703703704,-0.06481481481481481,0.15740740740740738,uncertain,paired_game_cluster_bootstrap,False,False,0.12962962962962962,0.2314814814814815,0.12037037037037036,0.1851851851851852,-0.009259259259259259,-0.04629629629629631,0.2222222222222222,True,False,unresolved,added6_only
0,5,5,test,null,skillnet:alfworld-object-storer,all_alfworld,early,8,8,8,6,48,-0.25,-0.14583333333333331,0.10416666666666667,-0.10416666666666669,0.35416666666666663,uncertain,paired_game_cluster_bootstrap,False,False,0.041666666666666664,0.29166666666666663,0.020833333333333332,0.16666666666666669,-0.020833333333333332,-0.12499999999999994,0.4583333333333333,True,False,unresolved,added6_only
0,5,5,test,null,skillnet:alfworld-object-storer,all_alfworld,middle,6,6,6,6,36,0.0,0.0,0.0,0.0,0.0,stable,paired_game_cluster_bootstrap,False,False,0.16666666666666666,0.16666666666666666,0.16666666666666666,0.16666666666666666,0.0,0.0,0.0,True,True,unresolved,added6_only
0,5,5,test,null,skillnet:alfworld-object-storer,all_alfworld,late,4,4,4,6,24,0.041666666666666664,0.0,-0.041666666666666664,-0.16666666666666666,0.0,uncertain,paired_game_cluster_bootstrap,False,False,0.25,0.20833333333333334,0.25,0.25,0.0,0.04166666666666666,0.16666666666666666,True,False,unresolved,added6_only
0,5,5,test,null,skillnet:alfworld-object-transporter,all_alfworld,all,1,1,1,6,6,0.0,0.3333333333333333,0.3333333333333333,,,uncertain,single_game_interval_undefined,False,False,1.0,1.0,1.0,0.6666666666666666,0.0,-0.33333333333333337,,False,False,interval_undefined,added6_only
0,5,5,test,null,skillnet:alfworld-object-transporter,all_alfworld,late,1,1,1,6,6,0.0,0.3333333333333333,0.3333333333333333,,,uncertain,single_game_interval_undefined,False,False,1.0,1.0,1.0,0.6666666666666666,0.0,-0.33333333333333337,,False,False,interval_undefined,added6_only
0,5,5,test,null,skillnet:alfworld-receptacle-closer,all_alfworld,all,5,5,5,6,30,0.0,0.0,0.0,0.0,0.0,stable,paired_game_cluster_bootstrap,False,False,0.13333333333333333,0.13333333333333333,0.13333333333333333,0.13333333333333333,0.0,0.0,0.0,True,True,unresolved,added6_only
0,5,5,test,null,skillnet:alfworld-receptacle-closer,all_alfworld,middle,4,4,4,6,24,0.0,0.0,0.0,0.0,0.0,stable,paired_game_cluster_bootstrap,False,False,0.16666666666666666,0.16666666666666666,0.16666666666666666,0.16666666666666666,0.0,0.0,0.0,True,True,unresolved,added6_only
0,5,5,test,null,skillnet:alfworld-receptacle-closer,all_alfworld,late,1,1,1,6,6,0.0,0.0,0.0,,,uncertain,single_game_interval_undefined,False,False,0.0,0.0,0.0,0.0,0.0,0.0,,False,False,interval_undefined,added6_only
0,5,5,test,null,skillnet:alfworld-receptacle-finder,all_alfworld,all,10,10,10,6,60,-0.06666666666666667,-0.1,-0.03333333333333334,-0.18333333333333332,0.11666666666666665,uncertain,paired_game_cluster_bootstrap,False,False,0.05,0.11666666666666665,0.08333333333333333,0.18333333333333335,0.033333333333333326,0.0666666666666667,0.3,True,False,unresolved,added6_only
0,5,5,test,null,skillnet:alfworld-receptacle-finder,all_alfworld,initial,3,3,3,6,18,-0.1111111111111111,-0.2222222222222222,-0.1111111111111111,-0.38888888888888884,0.0,uncertain,paired_game_cluster_bootstrap,False,True,0.0,0.1111111111111111,0.0,0.2222222222222222,0.0,0.1111111111111111,0.38888888888888884,True,False,unresolved,added6_only
0,5,5,test,null,skillnet:alfworld-receptacle-finder,all_alfworld,early,1,1,1,6,6,-0.6666666666666666,-1.0,-0.3333333333333333,,,uncertain,single_game_interval_undefined,False,True,0.0,0.6666666666666666,0.0,1.0,0.0,0.33333333333333337,,False,False,interval_undefined,added6_only
0,5,5,test,null,skillnet:alfworld-receptacle-finder,all_alfworld,middle,1,1,1,6,6,0.3333333333333333,0.6666666666666666,0.3333333333333333,,,uncertain,single_game_interval_undefined,False,False,0.3333333333333333,0.0,0.6666666666666666,0.0,0.3333333333333333,0.0,,False,False,interval_undefined,added6_only
0,5,5,test,null,skillnet:alfworld-receptacle-finder,all_alfworld,late,5,5,5,6,30,0.0,0.0,0.0,-0.13333333333333333,0.13333333333333333,uncertain,paired_game_cluster_bootstrap,False,False,0.03333333333333333,0.03333333333333333,0.03333333333333333,0.03333333333333333,0.0,0.0,0.26666666666666666,True,False,unresolved,added6_only
0,5,5,test,null,skillnet:alfworld-receptacle-navigator,all_alfworld,all,2,2,2,6,12,0.08333333333333333,-0.08333333333333333,-0.16666666666666666,-0.5,0.0,uncertain,paired_game_cluster_bootstrap,False,True,0.08333333333333333,0.0,0.0,0.08333333333333333,-0.08333333333333333,0.08333333333333333,0.5,True,False,unresolved,added6_only
0,5,5,test,null,skillnet:alfworld-receptacle-navigator,all_alfworld,early,2,2,2,6,12,0.08333333333333333,-0.08333333333333333,-0.16666666666666666,-0.5,0.0,uncertain,paired_game_cluster_bootstrap,False,True,0.08333333333333333,0.0,0.0,0.08333333333333333,-0.08333333333333333,0.08333333333333333,0.5,True,False,unresolved,added6_only
0,5,5,test,null,skillnet:alfworld-receptacle-opener,all_alfworld,all,8,8,8,6,48,0.0,-0.020833333333333332,-0.020833333333333332,-0.08333333333333333,0.0,uncertain,paired_game_cluster_bootstrap,False,False,0.0,0.0,0.041666666666666664,0.0625,0.041666666666666664,0.0625,0.08333333333333333,True,False,unresolved,added6_only
0,5,5,test,null,skillnet:alfworld-receptacle-opener,all_alfworld,early,1,1,1,6,6,0.0,-0.16666666666666666,-0.16666666666666666,,,uncertain,single_game_interval_undefined,False,True,0.0,0.0,0.0,0.16666666666666666,0.0,0.16666666666666666,,False,False,interval_undefined,added6_only
0,5,5,test,null,skillnet:alfworld-receptacle-opener,all_alfworld,middle,2,2,2,6,12,0.0,0.0,0.0,0.0,0.0,stable,paired_game_cluster_bootstrap,False,False,0.0,0.0,0.0,0.0,0.0,0.0,0.0,True,True,unresolved,added6_only
0,5,5,test,null,skillnet:alfworld-receptacle-opener,all_alfworld,late,5,5,5,6,30,0.0,0.0,0.0,0.0,0.0,stable,paired_game_cluster_bootstrap,False,False,0.0,0.0,0.06666666666666667,0.06666666666666667,0.06666666666666667,0.06666666666666667,0.0,True,True,unresolved,added6_only
0,5,5,test,null,skillnet:alfworld-receptacle-operator,all_alfworld,all,7,7,7,6,42,-0.023809523809523808,-0.16666666666666669,-0.14285714285714288,-0.45238095238095244,0.11904761904761904,uncertain,paired_game_cluster_bootstrap,False,True,0.21428571428571427,0.23809523809523808,0.11904761904761904,0.2857142857142857,-0.09523809523809523,0.047619047619047616,0.5714285714285715,True,False,unresolved,added6_only
0,5,5,test,null,skillnet:alfworld-receptacle-operator,all_alfworld,early,2,2,2,6,12,0.0,-0.4166666666666667,-0.4166666666666667,-1.0,0.0,uncertain,paired_game_cluster_bootstrap,False,True,0.5,0.5,0.08333333333333333,0.5,-0.4166666666666667,0.0,1.0,True,False,unresolved,added6_only
0,5,5,test,null,skillnet:alfworld-receptacle-operator,all_alfworld,middle,3,3,3,6,18,0.05555555555555555,-0.1111111111111111,-0.16666666666666666,-0.5555555555555556,0.0,uncertain,paired_game_cluster_bootstrap,False,True,0.16666666666666666,0.1111111111111111,0.2222222222222222,0.3333333333333333,0.05555555555555555,0.2222222222222222,0.5555555555555556,True,False,unresolved,added6_only
0,5,5,test,null,skillnet:alfworld-receptacle-operator,all_alfworld,late,2,2,2,6,12,-0.16666666666666666,0.0,0.16666666666666666,0.0,0.5,uncertain,paired_game_cluster_bootstrap,False,False,0.0,0.16666666666666666,0.0,0.0,0.0,-0.16666666666666666,0.5,True,False,unresolved,added6_only
0,5,5,test,null,skillnet:alfworld-receptacle-searcher,all_alfworld,all,2,2,2,6,12,0.0,0.0,0.0,-0.3333333333333333,0.3333333333333333,uncertain,paired_game_cluster_bootstrap,False,False,0.75,0.75,0.8333333333333334,0.8333333333333334,0.08333333333333337,0.08333333333333337,0.6666666666666666,True,False,unresolved,added6_only
0,5,5,test,null,skillnet:alfworld-receptacle-searcher,all_alfworld,initial,2,2,2,6,12,0.0,0.0,0.0,-0.3333333333333333,0.3333333333333333,uncertain,paired_game_cluster_bootstrap,False,False,0.75,0.75,0.8333333333333334,0.8333333333333334,0.08333333333333337,0.08333333333333337,0.6666666666666666,True,False,unresolved,added6_only
0,5,5,test,null,skillnet:alfworld-storage-explorer,all_alfworld,all,44,44,44,6,264,-0.06818181818181818,-0.08712121212121211,-0.018939393939393936,-0.10606060606060606,0.06439393939393939,uncertain,paired_game_cluster_bootstrap,False,False,0.20075757575757577,0.2689393939393939,0.2765151515151515,0.36363636363636365,0.07575757575757572,0.09469696969696972,0.17045454545454547,True,False,unresolved,added6_only
0,5,5,test,null,skillnet:alfworld-storage-explorer,all_alfworld,initial,23,23,23,6,138,-0.07246376811594203,-0.050724637681159424,0.021739130434782605,-0.10144927536231883,0.14492753623188404,uncertain,paired_game_cluster_bootstrap,False,False,0.17391304347826086,0.24637681159420288,0.3623188405797101,0.41304347826086957,0.18840579710144922,0.16666666666666669,0.24637681159420288,True,False,unresolved,added6_only
0,5,5,test,null,skillnet:alfworld-storage-explorer,all_alfworld,early,18,18,18,6,108,-0.07407407407407408,-0.14814814814814814,-0.07407407407407408,-0.21296296296296297,0.04629629629629631,uncertain,paired_game_cluster_bootstrap,False,True,0.26851851851851855,0.3425925925925926,0.21296296296296294,0.3611111111111111,-0.05555555555555561,0.01851851851851849,0.2592592592592593,True,False,unresolved,added6_only
0,5,5,test,null,skillnet:alfworld-storage-explorer,all_alfworld,middle,1,1,1,6,6,0.0,0.0,0.0,,,uncertain,single_game_interval_undefined,False,False,0.0,0.0,0.0,0.0,0.0,0.0,,False,False,interval_undefined,added6_only
0,5,5,test,null,skillnet:alfworld-storage-explorer,all_alfworld,late,2,2,2,6,12,0.0,0.0,0.0,0.0,0.0,stable,paired_game_cluster_bootstrap,False,False,0.0,0.0,0.0,0.0,0.0,0.0,0.0,True,True,unresolved,added6_only
0,5,5,test,null,skillnet:alfworld-temperature-regulator,all_alfworld,all,6,6,6,6,36,0.027777777777777776,0.0,-0.027777777777777776,-0.1111111111111111,0.0,uncertain,paired_game_cluster_bootstrap,False,False,0.027777777777777776,0.0,0.0,0.0,-0.027777777777777776,0.0,0.1111111111111111,True,False,unresolved,added6_only
0,5,5,test,null,skillnet:alfworld-temperature-regulator,all_alfworld,middle,2,2,2,6,12,0.0,0.0,0.0,0.0,0.0,stable,paired_game_cluster_bootstrap,False,False,0.0,0.0,0.0,0.0,0.0,0.0,0.0,True,True,unresolved,added6_only
0,5,5,test,null,skillnet:alfworld-temperature-regulator,all_alfworld,late,4,4,4,6,24,0.041666666666666664,0.0,-0.041666666666666664,-0.16666666666666666,0.0,uncertain,paired_game_cluster_bootstrap,False,False,0.041666666666666664,0.0,0.0,0.0,-0.041666666666666664,0.0,0.16666666666666666,True,False,unresolved,added6_only
0,5,5,test,null,skillnet:alfworld-tool-locator,all_alfworld,all,4,4,4,6,24,-0.125,0.041666666666666664,0.16666666666666666,0.0,0.5416666666666667,uncertain,paired_game_cluster_bootstrap,False,False,0.41666666666666663,0.5416666666666666,0.5416666666666667,0.5,0.1250000000000001,-0.04166666666666663,0.5416666666666667,True,False,unresolved,added6_only
0,5,5,test,null,skillnet:alfworld-tool-locator,all_alfworld,early,4,4,4,6,24,-0.125,0.041666666666666664,0.16666666666666666,0.0,0.5416666666666667,uncertain,paired_game_cluster_bootstrap,False,False,0.41666666666666663,0.5416666666666666,0.5416666666666667,0.5,0.1250000000000001,-0.04166666666666663,0.5416666666666667,True,False,unresolved,added6_only
