skill_id,context_id,phase,supported,C_upd,D_contribution,D_ungated_contribution,P_int,activation_l16_norm,activation_l24_norm,activation_l32_norm,activation_l8_norm,delta_centered_norm,delta_norm,forward_kl_original,js_original,old_margin,u_control_norm,u_original_norm,random_expected,delta_utility,variant,control,seed
skillnet:alfworld-appliance-navigator,all_alfworld,all,True,-6.215087175749392e-05,0.16707732600363337,0.3115911048507583,0.07318017578472405,2.718395915384646,6.278978604210748,42.58581498887804,0.595750957859887,260.55708684586176,495.3099841747971,0.097157742542708,0.01862500870998007,0.016129032258064516,1694.0999506949372,1606.480708629744,0.0,0.08064516129032258,legacy_recorded,placebo,404
skillnet:alfworld-appliance-navigator,all_alfworld,initial,True,-8.758542079578817e-05,0.09720778279025447,0.25630484672665615,-0.07485735787921723,2.4332920660575232,6.3009451031684875,45.66288057963053,0.5954777325193087,279.9763405378871,528.2396694514587,0.0945995173417442,0.014691135148062329,0.023809523809523808,1549.2471622257417,1626.6928848017294,0.0,0.10714285714285714,legacy_recorded,placebo,404
skillnet:alfworld-appliance-navigator,all_alfworld,early,True,-4.4006032198095934e-05,0.13715412590762474,0.32023566124553465,0.03942088355232927,2.739885843252834,6.223794846595088,41.81015893477428,0.5933595601516434,260.4884875599268,482.1390176945663,0.10201955138403872,0.01678836367532973,-0.0,1772.395445955762,1681.2551831919639,0.0,0.0625,legacy_recorded,placebo,404
skillnet:alfworld-appliance-navigator,all_alfworld,middle,True,-0.00016178376692568987,0.1940286663652213,0.35081877900308994,0.11739307734411744,2.7785461804338993,6.33829533962803,42.88419141114213,0.6019375715546935,267.0374931258773,524.2246336823601,0.09858812347539316,0.018412159190775216,-0.0,1787.158085471948,1668.8391615092348,0.0,0.0,legacy_recorded,placebo,404
skillnet:alfworld-appliance-navigator,all_alfworld,late,True,-3.458354341024548e-05,0.17060841281018488,0.30391183035639624,0.0793901608603738,2.7282462648922303,6.268270289011711,42.28483265938519,0.5942919382946097,256.9998533164295,486.3553806949838,0.09616867928900603,0.019341090499998763,-0.0,1667.4755733210152,1574.4998036541638,0.0,0.0,legacy_recorded,placebo,404
skillnet:alfworld-appliance-preparer,all_alfworld,all,True,0.00016039114691830593,0.10720050059385383,0.20466217252057906,-0.38017266720596266,3.2911821954390583,7.669396091909969,54.30135053746841,0.7323826411191154,330.39382876861816,673.2433905185105,0.03287987824180655,0.007651534437379984,-0.0,1899.1185272059743,1751.673243286972,0.0,0.0,legacy_recorded,placebo,404
skillnet:alfworld-appliance-preparer,all_alfworld,initial,False,,,,,,,,,,,,,,,,0.0,,legacy_recorded,placebo,404
skillnet:alfworld-appliance-preparer,all_alfworld,early,False,,,,,,,,,,,,,,,,0.0,,legacy_recorded,placebo,404
skillnet:alfworld-appliance-preparer,all_alfworld,middle,True,0.00012199667044149261,0.09670429157694696,0.18481196316660983,-0.5094082875166679,3.249025276729039,7.585177557809012,54.08465249197824,0.7226742250578744,329.6291164940203,700.2255612957915,0.0389351598529605,0.00876224809112107,-0.0,1948.6771620074414,1722.7403945252524,0.0,0.0,legacy_recorded,placebo,404
skillnet:alfworld-appliance-preparer,all_alfworld,late,True,0.00018969219475587396,0.11521076536991437,0.21981101650123983,-0.2815454832846349,3.320692038536072,7.728349065780639,54.45303916931152,0.7391785323619843,330.9774249781797,652.6517338726909,0.028258742275399585,0.006803884543735472,-0.0,1861.2974638048543,1773.7535752367057,0.0,0.0,legacy_recorded,placebo,404
skillnet:alfworld-clean-object,all_alfworld,all,True,1.3512271670810574e-07,0.1333257930255979,0.3871207530862052,-0.10676582665971551,3.6711786604251992,8.018924080595678,52.20239469307621,0.9155140391417912,322.4283598464729,608.7968827262906,0.07121514893423835,0.011852040909679073,0.10810810810810811,1702.2678491404731,1738.083589513849,0.0,-0.013513513513513514,legacy_recorded,placebo,404
skillnet:alfworld-clean-object,all_alfworld,initial,True,-0.00021358897205962042,0.02450028487091206,0.9000307502960913,0.625798741545742,3.6202134490013123,7.711020350456238,54.707900047302246,1.0481933504343033,336.3651674261141,717.9555982785539,0.058205485851025376,0.006440151971377308,0.28,1612.4417730094785,2067.4275107834064,0.0,0.04,legacy_recorded,placebo,404
skillnet:alfworld-clean-object,all_alfworld,early,True,0.00014925167285004146,0.1323091569702433,0.46565875673764895,-0.07016175740539755,3.5408251166343687,8.005582559108735,52.819896125793456,0.8672680556774139,326.8265520014591,604.203702714673,0.10248623211532733,0.014857201107377383,-0.2222222222222222,1613.6292680940526,1630.8899921833508,0.0,-0.16666666666666666,legacy_recorded,placebo,404
skillnet:alfworld-clean-object,all_alfworld,middle,True,4.987605151820365e-05,0.09227525504936518,0.3122398037446798,-0.2565446130117496,3.7632883629166938,8.118556459266019,52.33927099388766,0.9324673083891352,323.2212747089155,629.9940332090272,0.06287560389218978,0.010988774710069094,-0.0,1759.557410872039,1766.9714504545434,0.0,0.0,legacy_recorded,placebo,404
skillnet:alfworld-clean-object,all_alfworld,late,True,-5.257868754836562e-05,0.16024291183531245,0.38432511049939616,-0.06978935773449063,3.6587661336536055,7.986576861399083,51.85819326295443,0.9122090299436652,320.30804406528273,593.7252692868816,0.06863973292047995,0.011826845340841654,-0.5,1697.5412667074195,1733.7800793091667,0.0,0.0,legacy_recorded,placebo,404
skillnet:alfworld-device-operator,all_alfworld,all,True,0.00026340333261835484,0.12375216001683916,0.2756067145156541,-0.17197406116975625,3.033315625249969,6.742650468897375,46.815169861598044,0.8044025987756919,277.67480453383047,498.9822420607902,0.12827087310448557,0.021666235937800465,-0.0,1469.668832410384,1362.8393869706342,0.0,-0.03389830508474576,legacy_recorded,placebo,404
skillnet:alfworld-device-operator,all_alfworld,initial,True,0.00013041666686946197,0.24721393701663955,0.5108678541569686,0.06983936854489221,2.8622719794511795,7.10386461019516,53.90188384056091,0.798004861921072,331.05913148931603,535.4526646203861,0.2126417937196557,0.015438155014071487,-0.09090909090909091,1545.835792896669,1635.4978037025946,0.0,-0.045454545454545456,legacy_recorded,placebo,404
skillnet:alfworld-device-operator,all_alfworld,early,True,0.0001364993652207944,0.163979289584911,0.3660965196330514,-0.07398253833898992,2.9531469316367644,6.718546183712511,47.83147981942418,0.7827007389930357,295.89447348604426,513.7825521497539,0.1337986375651269,0.017804703346267138,-0.0,1742.851996623318,1592.1183881055247,0.0,0.0,legacy_recorded,placebo,404
skillnet:alfworld-device-operator,all_alfworld,middle,True,0.0004365279549807873,0.10213147457496255,0.2515139381811839,-0.22470987061055347,3.0641231801058795,6.721195164242307,46.45241064123205,0.8098275067032994,277.7840939764915,515.1636003222516,0.12373617335164454,0.022640968526549506,0.2857142857142857,1288.9643961565414,1251.4394236563255,0.0,-0.14285714285714285,legacy_recorded,placebo,404
skillnet:alfworld-device-operator,all_alfworld,late,True,0.0002168918179861128,0.1255270339776862,0.27179628043797904,-0.16661016618206834,3.0387280918985518,6.742929736889702,46.623629253980354,0.8057222618035906,275.078762299591,491.39565545778527,0.12789601915226562,0.021781674143546422,-0.0,1506.65124804942,1376.2755093247895,0.0,0.0,legacy_recorded,placebo,404
skillnet:alfworld-heat-object-with-appliance,all_alfworld,all,True,-1.6075953560311154e-05,0.23099763096521225,0.37217976131179076,0.01377081802153609,2.921028867159804,6.888789222665029,47.512492088422384,0.6988809312859626,294.1447714304502,547.7051827541817,0.06817217870357982,0.014930160773896011,-0.09375,1747.2347072311175,1741.6137055570402,0.0,-0.015625,legacy_recorded,placebo,404
skillnet:alfworld-heat-object-with-appliance,all_alfworld,initial,False,,,,,,,,,,,,,,,,0.0,,legacy_recorded,placebo,404
skillnet:alfworld-heat-object-with-appliance,all_alfworld,early,True,-7.767680502759695e-05,0.4260789614231707,0.5902857058141341,0.3144978141151853,2.8940375910864935,7.061058521270752,49.27049891153971,0.6943680114216275,301.2835447794038,575.4844741010145,0.09614365821800049,0.02095522978467361,-0.07692307692307693,1996.3955888973985,1794.1922075097948,0.0,-0.07692307692307693,legacy_recorded,placebo,404
skillnet:alfworld-heat-object-with-appliance,all_alfworld,middle,True,-9.621680002260082e-05,0.23476582920332764,0.4209928979113117,0.10317562747952419,2.9835086119802376,6.976863723052175,47.77097541407535,0.6991747005989677,296.1942922936321,550.0775980042715,0.057503580645976375,0.012144679801778867,-0.16666666666666666,1723.53921825448,1668.2077223183883,0.0,0.0,legacy_recorded,placebo,404
skillnet:alfworld-heat-object-with-appliance,all_alfworld,late,True,2.087777146865357e-05,0.21226092429547028,0.3336983955673001,-0.047975966677848335,2.8995004952555954,6.839322003451261,47.253457464353005,0.6991784367898498,292.70762357130667,544.3154016030753,0.06989208638588303,0.015492260211612839,-0.0,1734.5110868288473,1765.8204162398047,0.0,0.07142857142857142,legacy_recorded,placebo,404
skillnet:alfworld-inventory-management,all_alfworld,all,False,,,,,,,,,,,,,-0.0,,,0.0,0.0,legacy_recorded,placebo,404
skillnet:alfworld-inventory-management,all_alfworld,initial,False,,,,,,,,,,,,,,,,0.0,,legacy_recorded,placebo,404
skillnet:alfworld-inventory-management,all_alfworld,early,False,,,,,,,,,,,,,-0.0,,,0.0,0.0,legacy_recorded,placebo,404
skillnet:alfworld-inventory-management,all_alfworld,middle,False,,,,,,,,,,,,,,,,0.0,,legacy_recorded,placebo,404
skillnet:alfworld-inventory-management,all_alfworld,late,False,,,,,,,,,,,,,,,,0.0,,legacy_recorded,placebo,404
skillnet:alfworld-locate-target-object,all_alfworld,all,True,-0.0001571164915468322,0.0,0.2901691559314728,0.0018210737336178302,2.4534151554107666,6.581350803375244,45.669437408447266,0.7029407620429993,282.13304150566177,551.3643653469798,0.18581453976250828,0.0416727950000908,-0.0,2042.1679247926193,1927.582079593907,0.0,0.0,legacy_recorded,placebo,404
skillnet:alfworld-locate-target-object,all_alfworld,initial,False,,,,,,,,,,,,,-0.0,,,0.0,0.0,legacy_recorded,placebo,404
skillnet:alfworld-locate-target-object,all_alfworld,early,True,-0.0001571164915468322,0.0,0.2901691559314728,0.0018210737336178302,2.4534151554107666,6.581350803375244,45.669437408447266,0.7029407620429993,282.13304150566177,551.3643653469798,0.18581453976250828,0.0416727950000908,,2042.1679247926193,1927.582079593907,0.0,,legacy_recorded,placebo,404
skillnet:alfworld-locate-target-object,all_alfworld,middle,False,,,,,,,,,,,,,,,,0.0,,legacy_recorded,placebo,404
skillnet:alfworld-locate-target-object,all_alfworld,late,False,,,,,,,,,,,,,,,,0.0,,legacy_recorded,placebo,404
skillnet:alfworld-object-cooler,all_alfworld,all,True,-7.293014688933112e-05,0.22215805108035508,0.4032055456719201,0.10438864650504043,3.0632247379302977,7.142370904541016,48.388478161621094,0.680766838645935,301.077978242567,510.61146133139835,0.0642068662721797,0.012738677848381607,-0.09523809523809523,1569.5983154939236,1563.2271279759084,0.0,0.07142857142857142,legacy_recorded,placebo,404
skillnet:alfworld-object-cooler,all_alfworld,initial,False,,,,,,,,,,,,,,,,0.0,,legacy_recorded,placebo,404
skillnet:alfworld-object-cooler,all_alfworld,early,True,9.623797919408456e-05,0.23871194231566037,0.4258018298514163,0.10105162809675236,3.053253280489068,7.085617943813927,47.950484125237715,0.6799931369329754,297.32487937263824,528.7512680748187,0.04181022047614567,0.009001167040280268,-0.2222222222222222,1657.0767901573747,1498.0430712352738,0.0,0.1111111111111111,legacy_recorded,placebo,404
skillnet:alfworld-object-cooler,all_alfworld,middle,True,-9.131032281582184e-05,0.19961480716179694,0.3960226980429229,0.07157133470189984,3.0533879343068824,7.094482487852469,48.56911353345187,0.6774475083411114,301.5697313966158,526.7904302728881,0.06039378059921137,0.011692723550453732,0.16666666666666666,1623.055106723981,1592.767763228871,0.0,0.08333333333333333,legacy_recorded,placebo,404
skillnet:alfworld-object-cooler,all_alfworld,late,True,-8.158742015259634e-05,0.22897108477937556,0.4037949421014114,0.11681144830724044,3.0677643808249,7.165200041833325,48.36026028606379,0.6820686474860271,301.2390355193139,502.9811133828103,0.06765961047387277,0.013466127036248289,-0.16666666666666666,1541.8723962271474,1558.2699654142186,0.0,0.0,legacy_recorded,placebo,404
skillnet:alfworld-object-disposer,all_alfworld,all,False,,,,,,,,,,,,,-0.0,,,0.0,0.0,legacy_recorded,placebo,404
skillnet:alfworld-object-disposer,all_alfworld,initial,False,,,,,,,,,,,,,,,,0.0,,legacy_recorded,placebo,404
skillnet:alfworld-object-disposer,all_alfworld,early,False,,,,,,,,,,,,,-0.0,,,0.0,0.0,legacy_recorded,placebo,404
skillnet:alfworld-object-disposer,all_alfworld,middle,False,,,,,,,,,,,,,,,,0.0,,legacy_recorded,placebo,404
skillnet:alfworld-object-disposer,all_alfworld,late,False,,,,,,,,,,,,,,,,0.0,,legacy_recorded,placebo,404
skillnet:alfworld-object-heater,all_alfworld,all,True,7.688575734752784e-05,0.10597108594327784,0.3117603189565895,-0.17401373518242574,3.1679961681365967,7.688256788253784,54.90476913452149,0.7720212996006012,336.75486231582545,669.0050938485064,0.04546601746450105,0.011840194978885301,0.1111111111111111,1696.565471483114,1882.6510794150206,0.0,-0.05555555555555555,legacy_recorded,placebo,404
skillnet:alfworld-object-heater,all_alfworld,initial,False,,,,,,,,,,,,,,,,0.0,,legacy_recorded,placebo,404
skillnet:alfworld-object-heater,all_alfworld,early,True,8.546187755732679e-05,0.09894224690466893,0.321309735886564,-0.10385459800001243,3.122577879163954,7.59540499581231,54.4348021613227,0.7692696253458658,334.10648625934954,640.5256489068729,0.043059808685956553,0.011195361606378783,-0.0,1707.3400086854979,1850.4436893409656,0.0,0.0,legacy_recorded,placebo,404
skillnet:alfworld-object-heater,all_alfworld,middle,True,-1.8586191242626251e-06,0.1705086080250505,0.2240793089631876,-0.8182021765845839,3.576760768890381,8.52392292022705,59.13447189331055,0.796786367893219,361.07176974346726,930.4981792216845,0.06755938897659153,0.017760937762808796,0.25,1597.6356298975893,2178.3734791858933,0.0,-0.125,legacy_recorded,placebo,404
skillnet:alfworld-object-heater,all_alfworld,late,False,,,,,,,,,,,,,-0.0,,,0.0,0.0,legacy_recorded,placebo,404
skillnet:alfworld-object-picker,all_alfworld,all,True,-5.560080936566062e-05,0.17652316536716658,0.2731982342418848,-0.018633822864497294,2.833518409729004,6.28835428237915,40.723801879882814,0.5667145490646363,254.53468994797723,456.4016574627202,0.06509554579761549,0.013662703741314886,-0.0,1743.6003523933678,1540.6624095376478,0.0,0.0,legacy_recorded,placebo,404
skillnet:alfworld-object-picker,all_alfworld,initial,False,,,,,,,,,,,,,,,,0.0,,legacy_recorded,placebo,404
skillnet:alfworld-object-picker,all_alfworld,early,True,-7.399475387382334e-05,0.16549109153629474,0.25554970215782574,-0.03142828382910867,2.794641767229353,6.139897573561895,39.92709659394764,0.5580608589308602,248.98469526924492,447.40257105592747,0.06502555384662483,0.013941554134079479,-0.0,1738.8492023545032,1522.5635178180098,0.0,-0.125,legacy_recorded,placebo,404
skillnet:alfworld-object-picker,all_alfworld,middle,True,0.000607520294877153,0.0019318339412878391,0.03061299926407107,-0.565629847705831,3.0382440090179443,6.133498191833496,37.20693588256836,0.6223112344741821,237.60974315425372,418.87836531348063,0.09424545729177505,0.01079659875828075,-0.0,1677.6302422086935,1453.361145156585,0.0,0.5,legacy_recorded,placebo,404
skillnet:alfworld-object-picker,all_alfworld,late,True,-0.00014741589142718096,0.30745604459319015,0.4707248138749712,0.24518263519594768,3.0374130407969155,7.379169940948486,47.47302754720052,0.6087581515312195,297.35901187041196,529.1155834969038,0.05609252043242583,0.0127189189694591,-0.0,1796.9921222147518,1690.75036727606,0.0,0.0,legacy_recorded,placebo,404
skillnet:alfworld-object-placer,all_alfworld,all,True,-2.0957442878733445e-05,0.27719667848634855,0.49522310556373134,0.18927435533053577,2.8657114467990232,6.773574245647645,44.50003891259852,0.6457673608469712,275.7972694599598,522.1876456874885,0.07154567425119833,0.015165558958181216,0.2608695652173913,1626.6312904227295,1562.0822707019615,0.0,0.15217391304347827,legacy_recorded,placebo,404
skillnet:alfworld-object-placer,all_alfworld,initial,True,-0.00025114307613288505,0.15194601705862032,0.6669537462939483,0.17422569813728445,2.7431280612945557,6.756764709949493,47.68264842033386,0.667751844972372,288.47039556175156,544.9696833340113,0.05676474349700377,0.011354840258621952,0.6666666666666666,1577.712104966046,1714.0657834298825,0.0,-0.16666666666666666,legacy_recorded,placebo,404
skillnet:alfworld-object-placer,all_alfworld,early,True,-4.7530481819658445e-05,0.2088231050887053,0.3926947906589387,0.03966340350298936,2.705492560825651,6.517259567502945,43.28134282430013,0.6509590442218478,268.3131377859812,538.3092444625411,0.05337531539796237,0.011149061076722222,0.25,1695.5545951317956,1664.648811723401,0.0,0.375,legacy_recorded,placebo,404
skillnet:alfworld-object-placer,all_alfworld,middle,True,-5.489725136530916e-06,0.25247606155995095,0.4595552950149799,0.10390472212913551,2.8539960227271384,6.768559378246929,44.54991206087807,0.6437643388676089,275.633648168589,539.7319602426705,0.07459092913033824,0.015645902867715285,0.3,1621.2202746841924,1565.7290974949067,0.0,0.15,legacy_recorded,placebo,404
skillnet:alfworld-object-placer,all_alfworld,late,True,-2.0329044596355083e-05,0.29201954462641,0.5113714849377876,0.2275997783752837,2.8845821644397494,6.795740219469512,44.516295269523305,0.6455645471699396,276.1977470070636,515.0717867633064,0.0721365884241166,0.015366020417099545,-0.0,1624.0815794182845,1551.0448929758038,0.0,0.16666666666666666,legacy_recorded,placebo,404
skillnet:alfworld-object-retriever,all_alfworld,all,False,,,,,,,,,,,,,0.06666666666666667,,,0.0,0.0,legacy_recorded,placebo,404
skillnet:alfworld-object-retriever,all_alfworld,initial,False,,,,,,,,,,,,,-0.0,,,0.0,0.0,legacy_recorded,placebo,404
skillnet:alfworld-object-retriever,all_alfworld,early,False,,,,,,,,,,,,,0.07692307692307693,,,0.0,0.0,legacy_recorded,placebo,404
skillnet:alfworld-object-retriever,all_alfworld,middle,False,,,,,,,,,,,,,,,,0.0,,legacy_recorded,placebo,404
skillnet:alfworld-object-retriever,all_alfworld,late,False,,,,,,,,,,,,,,,,0.0,,legacy_recorded,placebo,404
skillnet:alfworld-object-state-inspector,all_alfworld,all,True,-2.957203417729145e-05,0.23405413687335308,0.4041337429408119,-0.07216030610634183,3.251103425683234,7.100248185016756,47.37698718001669,0.7652043444769723,295.0402112981616,551.0921975167956,0.08896419793104762,0.01774240334391375,0.1111111111111111,1568.0217033989,1592.8713173256851,0.0,0.1388888888888889,legacy_recorded,placebo,404
skillnet:alfworld-object-state-inspector,all_alfworld,initial,True,-9.009404439960203e-05,0.07035070518855369,0.2587702397678787,-0.3720028164286487,3.0561098754405975,7.090212523937225,51.29889106750488,0.7813202887773514,310.80770021468743,601.5881667556864,0.03605401854430148,0.006375633090493769,-0.0,1301.9115587105002,1514.9641293026464,0.0,-0.05,legacy_recorded,placebo,404
skillnet:alfworld-object-state-inspector,all_alfworld,early,True,3.60770081727943e-05,0.2337753424171923,0.3754705037651627,-0.12841378086427613,3.2639463618397713,7.085951015353203,47.126047134399414,0.7679481953382492,291.99470001040174,558.4473724442167,0.0663210052771534,0.01202811116184441,0.2857142857142857,1604.6000600066525,1618.3112849727331,0.0,0.42857142857142855,legacy_recorded,placebo,404
skillnet:alfworld-object-state-inspector,all_alfworld,middle,True,-5.0996144519233316e-05,0.26560614044423586,0.44431427110568766,0.030810315985575994,3.242024156451225,7.202458214759827,48.01627960205078,0.7750907100737094,299.9852122929838,544.5301668526533,0.09865275015492937,0.018929072163716174,-0.0,1577.399408598105,1574.7830899685036,0.0,0.0,legacy_recorded,placebo,404
skillnet:alfworld-object-state-inspector,all_alfworld,late,True,-2.9524344822637184e-05,0.22918014916842228,0.39960269848983226,-0.08743538984633938,3.2578249883480823,7.072868229240499,47.11000315348307,0.7615927314672846,293.62661867821254,550.8944458112343,0.09006392112195209,0.018323794803556722,,1567.636156326052,1596.918053662943,0.0,,legacy_recorded,placebo,404
skillnet:alfworld-object-storer,all_alfworld,all,True,3.2539762907676745e-05,0.09384722665245915,0.27780085224341367,-0.16473118877418413,2.9152832252463114,7.046464457954328,45.57186779533465,0.6787891295767322,282.6803436454475,499.75966074284514,0.09490949278089425,0.022618632830433513,0.05555555555555555,1744.2813482745216,1655.6188497805458,0.0,0.0,legacy_recorded,placebo,404
skillnet:alfworld-object-storer,all_alfworld,initial,False,,,,,,,,,,,,,,,,0.0,,legacy_recorded,placebo,404
skillnet:alfworld-object-storer,all_alfworld,early,True,-0.000132040893357877,0.10837197849910513,0.22187598655713278,-0.23126286223327408,2.849617140633719,7.182104519435337,46.33236585344587,0.680793992110661,285.7775617359042,476.44883579777144,0.09785511844140776,0.02414154903816701,0.125,1690.7472026996852,1676.5123401387573,0.0,0.1875,legacy_recorded,placebo,404
skillnet:alfworld-object-storer,all_alfworld,middle,True,-5.087418613260254e-05,0.12233567980433405,0.3442925767624471,0.027823898942099894,2.900621109538608,7.120239999559191,45.41089757283529,0.6805130011505551,280.828163274126,488.4940170501376,0.09307052799622977,0.02253178895363342,-0.0,1709.3175862350581,1634.2735155983094,0.0,-0.16666666666666666,legacy_recorded,placebo,404
skillnet:alfworld-object-storer,all_alfworld,late,True,6.88694472249835e-05,0.08529271470696893,0.2661379137678944,-0.20732676532378974,2.925332956843906,7.01483334435357,45.538173039754234,0.6781632444924779,282.8629279705823,504.76635478182516,0.09510274430923348,0.022499843700211113,-0.0,1758.0810031716817,1659.0911169931467,0.0,-0.125,legacy_recorded,placebo,404
skillnet:alfworld-object-transporter,all_alfworld,all,False,,,,,,,,,,,,,-0.0,,,0.0,0.0,legacy_recorded,placebo,404
skillnet:alfworld-object-transporter,all_alfworld,initial,False,,,,,,,,,,,,,,,,0.0,,legacy_recorded,placebo,404
skillnet:alfworld-object-transporter,all_alfworld,early,False,,,,,,,,,,,,,,,,0.0,,legacy_recorded,placebo,404
skillnet:alfworld-object-transporter,all_alfworld,middle,False,,,,,,,,,,,,,,,,0.0,,legacy_recorded,placebo,404
skillnet:alfworld-object-transporter,all_alfworld,late,False,,,,,,,,,,,,,-0.0,,,0.0,0.0,legacy_recorded,placebo,404
skillnet:alfworld-receptacle-closer,all_alfworld,all,True,-3.30418199990583e-05,0.39665681368343364,0.5528957633034135,0.26122362576178615,3.240159034729004,8.477548599243164,58.82536315917969,0.7699556946754456,360.09228416782486,499.231818158204,0.0026059130789718877,0.0006183626453819325,0.2,1826.229118414434,1808.7888067385938,0.0,-0.1,legacy_recorded,placebo,404
skillnet:alfworld-receptacle-closer,all_alfworld,initial,False,,,,,,,,,,,,,,,,0.0,,legacy_recorded,placebo,404
skillnet:alfworld-receptacle-closer,all_alfworld,early,False,,,,,,,,,,,,,,,,0.0,,legacy_recorded,placebo,404
skillnet:alfworld-receptacle-closer,all_alfworld,middle,True,-3.30418199990583e-05,0.39665681368343364,0.5528957633034135,0.26122362576178615,3.240159034729004,8.477548599243164,58.82536315917969,0.7699556946754456,360.09228416782486,499.231818158204,0.0026059130789718877,0.0006183626453819325,0.25,1826.229118414434,1808.7888067385938,0.0,-0.125,legacy_recorded,placebo,404
skillnet:alfworld-receptacle-closer,all_alfworld,late,False,,,,,,,,,,,,,-0.0,,,0.0,0.0,legacy_recorded,placebo,404
skillnet:alfworld-receptacle-finder,all_alfworld,all,True,0.0002948146758230877,0.06596277731422154,0.1727686585790601,-0.3356402840419591,2.9018454551696777,6.798250791543128,45.57755661010742,0.7105699137518906,267.91562297908996,475.3107807334803,0.15534791638046955,0.02494770383014171,0.1,1628.5238182494058,1518.018181875311,0.0,0.1,legacy_recorded,placebo,404
skillnet:alfworld-receptacle-finder,all_alfworld,initial,True,0.000414258117575514,0.1460681414001001,0.36047088793913773,-0.013157664938940964,2.9235552474856377,7.321061998605728,53.37484264373779,0.7413292434066534,288.1706142998837,488.46424061389285,0.11818675409653498,0.02471194056857106,0.3333333333333333,1167.4774146375964,1246.138234157755,0.0,0.16666666666666666,legacy_recorded,placebo,404
skillnet:alfworld-receptacle-finder,all_alfworld,early,True,0.0001225439393106673,0.16338229632393753,0.2780687378519115,-0.0762967914080081,2.7870430374145507,6.5834965133667,44.99175735473633,0.6808065485954284,275.3062703909495,513.4586503680152,0.09622034170847435,0.012508585673529991,-0.0,1942.3370680725975,1749.5652700415567,0.0,0.0,legacy_recorded,placebo,404
skillnet:alfworld-receptacle-finder,all_alfworld,middle,True,0.0001772356876342704,0.05436931823152345,0.1511020255737506,-0.44155413021131296,2.9274678929098723,6.742406055845064,45.272509081610316,0.7084552779279906,279.00405167953465,545.4989878401583,0.13575240047939333,0.01888331817787827,-0.0,1876.0979387555763,1683.835480060489,0.0,0.0,legacy_recorded,placebo,404
skillnet:alfworld-receptacle-finder,all_alfworld,late,True,0.0003302079520050601,0.04928910828369596,0.14600906848226908,-0.373258166597703,2.9072444258878627,6.799515751500924,45.09620849291483,0.7125208706905445,262.13122824804435,452.1831130220466,0.17084258222832624,0.027864834471694914,-0.0,1582.2543289698979,1480.6331738848633,0.0,0.1,legacy_recorded,placebo,404
skillnet:alfworld-receptacle-navigator,all_alfworld,all,False,,,,,,,,,,,,,-0.0,,,0.0,0.0,legacy_recorded,placebo,404
skillnet:alfworld-receptacle-navigator,all_alfworld,initial,False,,,,,,,,,,,,,,,,0.0,,legacy_recorded,placebo,404
skillnet:alfworld-receptacle-navigator,all_alfworld,early,False,,,,,,,,,,,,,-0.0,,,0.0,0.0,legacy_recorded,placebo,404
skillnet:alfworld-receptacle-navigator,all_alfworld,middle,False,,,,,,,,,,,,,,,,0.0,,legacy_recorded,placebo,404
skillnet:alfworld-receptacle-navigator,all_alfworld,late,False,,,,,,,,,,,,,,,,0.0,,legacy_recorded,placebo,404
skillnet:alfworld-receptacle-opener,all_alfworld,all,True,-2.1103690324260775e-05,0.018666250169437928,0.058303590357781106,0.03863089154017158,2.6703023543724647,6.112462483919584,45.543138650747444,0.5642546644577613,281.6305575982731,499.0071026074816,0.0700155004868674,0.014057662008398393,-0.0,1757.476907980198,1737.1769412565122,0.0,0.0,legacy_recorded,placebo,404
skillnet:alfworld-receptacle-opener,all_alfworld,initial,False,,,,,,,,,,,,,,,,0.0,,legacy_recorded,placebo,404
skillnet:alfworld-receptacle-opener,all_alfworld,early,False,,,,,,,,,,,,,-0.0,,,0.0,0.0,legacy_recorded,placebo,404
skillnet:alfworld-receptacle-opener,all_alfworld,middle,True,0.0,0.0,0.0,-0.0,2.8032593727111816,6.1570212841033936,48.31453323364258,0.5966669321060181,298.2361404558961,569.7446615467917,0.04540854477263984,0.006639612498983868,-0.0,2002.6794048072295,1744.5134630897528,0.0,0.0,legacy_recorded,placebo,404
skillnet:alfworld-receptacle-opener,all_alfworld,late,True,-2.475944770326657e-05,0.021899773820836625,0.06840342490794789,0.04532285700382335,2.6461283510381524,6.104360883886164,45.039248726584695,0.558361524885351,278.75399993789756,486.75335224004203,0.07427812273657611,0.015342678458848149,-0.0,1715.0008849077988,1735.9060477105963,0.0,0.0,legacy_recorded,placebo,404
skillnet:alfworld-receptacle-operator,all_alfworld,all,True,-6.137135035760918e-05,0.04718486294826565,0.09667565535682732,0.07242454416332023,2.893816614151001,6.672295989990235,48.25846893310547,0.6573175692558288,296.28375997870756,591.8865299058034,0.039501982179101044,0.008812615745986662,-0.14285714285714285,1726.621212284631,1718.4844204535202,0.0,0.0,legacy_recorded,placebo,404
skillnet:alfworld-receptacle-operator,all_alfworld,initial,False,,,,,,,,,,,,,,,,0.0,,legacy_recorded,placebo,404
skillnet:alfworld-receptacle-operator,all_alfworld,early,False,,,,,,,,,,,,,-0.0,,,0.0,0.25,legacy_recorded,placebo,404
skillnet:alfworld-receptacle-operator,all_alfworld,middle,True,0.0,0.0,0.0,-0.0,2.8712453842163086,6.694422245025635,47.566664377848305,0.6481095552444458,292.58750760874545,576.9380097138283,0.04802434456545164,0.010198024105269167,-0.3333333333333333,1579.6412851122427,1690.4190844855661,0.0,-0.16666666666666666,legacy_recorded,placebo,404
skillnet:alfworld-receptacle-operator,all_alfworld,late,True,-8.0976087277401e-05,0.06225780527896162,0.1275581563735916,0.0955601624377142,2.900944370972483,6.665308751558003,48.47693352950247,0.6602253631541604,297.4645072635566,596.6617516337955,0.03677956086123905,0.008370054742326972,-0.0,1773.5731334646994,1727.4497361099498,0.0,0.0,legacy_recorded,placebo,404
skillnet:alfworld-receptacle-searcher,all_alfworld,all,False,,,,,,,,,,,,,-0.0,,,0.0,-0.25,legacy_recorded,placebo,404
skillnet:alfworld-receptacle-searcher,all_alfworld,initial,False,,,,,,,,,,,,,-0.0,,,0.0,-0.25,legacy_recorded,placebo,404
skillnet:alfworld-receptacle-searcher,all_alfworld,early,False,,,,,,,,,,,,,,,,0.0,,legacy_recorded,placebo,404
skillnet:alfworld-receptacle-searcher,all_alfworld,middle,False,,,,,,,,,,,,,,,,0.0,,legacy_recorded,placebo,404
skillnet:alfworld-receptacle-searcher,all_alfworld,late,False,,,,,,,,,,,,,,,,0.0,,legacy_recorded,placebo,404
skillnet:alfworld-storage-explorer,all_alfworld,all,True,-4.18843906644092e-05,0.1710428832906386,0.35367682118794874,0.06668266337915234,2.7561340231931846,6.704238343784827,45.94196540405429,0.6307889509367882,285.6828914438974,589.4991065501141,0.08419749459136958,0.020465196733085785,0.045454545454545456,1674.7081524130688,1799.1909593633654,0.0,0.03409090909090909,legacy_recorded,placebo,404
skillnet:alfworld-storage-explorer,all_alfworld,initial,True,0.00022727353320716598,0.14765848449841645,0.3844966429991634,0.06446846281796881,2.4492636024951935,7.01558244228363,51.64298367500305,0.6404672563076019,316.00797570763984,593.933697677135,0.07778022253589435,0.017441402418547747,-0.0,1502.785091206031,1793.4441792380621,0.0,0.10869565217391304,legacy_recorded,placebo,404
skillnet:alfworld-storage-explorer,all_alfworld,early,True,8.735332601942063e-06,0.1764396963460026,0.29703399307236283,-0.05991887316925212,2.7059094607830048,6.7586546173462505,45.985938182243935,0.6111849875977406,285.35296551415166,568.1277478995842,0.09280072659284955,0.020545464634789696,0.1111111111111111,1719.786883746367,1730.5671014007671,0.0,-0.05555555555555555,legacy_recorded,placebo,404
skillnet:alfworld-storage-explorer,all_alfworld,middle,True,-2.0148710032970144e-05,0.1702399927726013,0.33385748876850696,0.029547159453289045,2.7878887479224903,6.728412692466478,46.20581620462825,0.6372189910224314,287.2032191575895,585.9433649198019,0.07848485186933292,0.01958315830740121,-0.0,1709.9406849441186,1815.84261973932,0.0,0.0,legacy_recorded,placebo,404
skillnet:alfworld-storage-explorer,all_alfworld,late,True,-6.756916200509997e-05,0.17088835080062054,0.37155214639371925,0.10600191003944927,2.765316277742386,6.673615737039535,45.6494348635439,0.6323041398017133,284.3534557947667,595.0145535428236,0.08470846620265755,0.02085422940702371,-0.0,1657.4888247317765,1807.2309860759221,0.0,0.0,legacy_recorded,placebo,404
skillnet:alfworld-temperature-regulator,all_alfworld,all,True,0.00022934087408502858,0.14996664584914252,0.2525143044853641,-0.33296458376921606,3.386264443397522,8.084832549095154,54.97857666015625,0.8169478178024292,345.8392578290242,686.1945754720311,0.11986613347959106,0.022733926478418858,-0.0,1373.3422681224804,1399.6737488672452,0.0,0.08333333333333333,legacy_recorded,placebo,404
skillnet:alfworld-temperature-regulator,all_alfworld,initial,False,,,,,,,,,,,,,,,,0.0,,legacy_recorded,placebo,404
skillnet:alfworld-temperature-regulator,all_alfworld,early,False,,,,,,,,,,,,,,,,0.0,,legacy_recorded,placebo,404
skillnet:alfworld-temperature-regulator,all_alfworld,middle,True,0.000314617707765985,0.05602551533427627,0.1599231325738884,-0.8384453025300235,3.380232095718384,8.52327585220337,58.90944480895996,0.7866685390472412,368.50485256427066,871.5576520426378,0.1406406373280819,0.02516145704765434,-0.0,1181.3943463392068,1341.065047532099,0.0,-0.25,legacy_recorded,placebo,404
skillnet:alfworld-temperature-regulator,all_alfworld,late,True,0.00012629803338720633,0.2634788452212726,0.3643953038783972,0.2778246180667597,3.39229679107666,7.6463892459869385,51.04770851135254,0.8472270965576172,318.45166419060143,462.2141912825482,0.09476360799599798,0.019800660373925968,-0.0,1605.2793402772688,1470.4925963138805,0.0,0.25,legacy_recorded,placebo,404
skillnet:alfworld-tool-locator,all_alfworld,all,False,,,,,,,,,,,,,0.25,,,0.0,0.0,legacy_recorded,placebo,404
skillnet:alfworld-tool-locator,all_alfworld,initial,False,,,,,,,,,,,,,,,,0.0,,legacy_recorded,placebo,404
skillnet:alfworld-tool-locator,all_alfworld,early,False,,,,,,,,,,,,,0.25,,,0.0,0.0,legacy_recorded,placebo,404
skillnet:alfworld-tool-locator,all_alfworld,middle,False,,,,,,,,,,,,,,,,0.0,,legacy_recorded,placebo,404
skillnet:alfworld-tool-locator,all_alfworld,late,False,,,,,,,,,,,,,,,,0.0,,legacy_recorded,placebo,404
skillnet:alfworld-appliance-navigator,all_alfworld,all,True,-6.283073194893273e-05,0.16675697366885495,0.31120229531736177,0.07313846570993408,2.718395915384646,6.278978604210748,42.58581498887804,0.595750957859887,260.55708684599074,495.30998405696675,0.097157742542708,0.01862500870998007,0.016129032258064516,1694.0999504767153,1606.4807084077927,0.0,0.08064516129032258,stable_raw,placebo,404
skillnet:alfworld-appliance-navigator,all_alfworld,initial,True,-8.825873345479493e-05,0.09706952150053387,0.25598598179783144,-0.07458009833309977,2.4332920660575232,6.3009451031684875,45.66288057963053,0.5954777325193087,279.9763405491358,528.2396691840651,0.0945995173417442,0.014691135148062329,0.023809523809523808,1549.2471623068434,1626.6928840303838,0.0,0.10714285714285714,stable_raw,placebo,404
skillnet:alfworld-appliance-navigator,all_alfworld,early,True,-4.437487309634988e-05,0.13685666758339987,0.31978039430726496,0.03932783069841162,2.739885843252834,6.223794846595088,41.81015893477428,0.5933595601516434,260.48848754822603,482.1390174945459,0.10201955138403872,0.01678836367532973,-0.0,1772.395445783709,1681.2551830606792,0.0,0.0625,stable_raw,placebo,404
skillnet:alfworld-appliance-navigator,all_alfworld,middle,True,-0.00016234857406931822,0.1936979181507866,0.35041309781908714,0.11726203043934509,2.7785461804338993,6.33829533962803,42.88419141114213,0.6019375715546935,267.0374931227322,524.224633619729,0.09858812347539316,0.018412159190775216,-0.0,1787.1580852907662,1668.8391612956061,0.0,0.0,stable_raw,placebo,404
skillnet:alfworld-appliance-navigator,all_alfworld,late,True,-3.5348499967382817e-05,0.17027101808243525,0.303532669616346,0.07935405162317236,2.7282462648922303,6.268270289011711,42.28483265938519,0.5942919382946097,256.99985331847137,486.3553805884418,0.09616867928900603,0.019341090499998763,-0.0,1667.4755730579666,1574.4998034635782,0.0,0.0,stable_raw,placebo,404
skillnet:alfworld-appliance-preparer,all_alfworld,all,True,0.00016439154300735138,0.1071925295393428,0.2037341621808759,-0.3791460056830438,3.2911821954390583,7.669396091909969,54.30135053746841,0.7323826411191154,330.393828757409,673.2433902234062,0.03287987824180655,0.007651534437379984,-0.0,1899.118526783571,1751.673242918331,0.0,0.0,stable_raw,placebo,404
skillnet:alfworld-appliance-preparer,all_alfworld,initial,False,,,,,,,,,,,,,,,,0.0,,stable_raw,placebo,404
skillnet:alfworld-appliance-preparer,all_alfworld,early,False,,,,,,,,,,,,,,,,0.0,,stable_raw,placebo,404
skillnet:alfworld-appliance-preparer,all_alfworld,middle,True,0.0001252434524115805,0.0967009759757519,0.1837103182792804,-0.5085715935140878,3.249025276729039,7.585177557809012,54.08465249197824,0.7226742250578744,329.6291165064825,700.2255610604813,0.0389351598529605,0.00876224809112107,-0.0,1948.6771616878898,1722.740393939615,0.0,0.0,stable_raw,placebo,404
skillnet:alfworld-appliance-preparer,all_alfworld,late,True,0.000194267717409387,0.11519924146945165,0.21901551673735667,-0.28037384654882597,3.320692038536072,7.728349065780639,54.45303916931152,0.7391785323619843,330.9774249489056,652.6517335319544,0.028258742275399585,0.006803884543735472,-0.0,1861.2974633039596,1773.753575033667,0.0,0.0,stable_raw,placebo,404
skillnet:alfworld-clean-object,all_alfworld,all,True,1.392132655980744e-06,0.13308952953776745,0.3861865733660364,-0.10660152929029637,3.6711786604251992,8.018924080595678,52.20239469307621,0.9155140391417912,322.42835984570956,608.7968825837497,0.07121514893423835,0.011852040909679073,0.10810810810810811,1702.2678488835418,1738.0835891913669,0.0,-0.013513513513513514,stable_raw,placebo,404
skillnet:alfworld-clean-object,all_alfworld,initial,True,-0.00019735092892427856,0.024472010166380828,0.8905882573218287,0.6173866879355824,3.6202134490013123,7.711020350456238,54.707900047302246,1.0481933504343033,336.36516761870314,717.9555981250372,0.058205485851025376,0.006440151971377308,0.28,1612.4417722295025,2067.427509746346,0.0,0.04,stable_raw,placebo,404
skillnet:alfworld-clean-object,all_alfworld,early,True,0.00014986496418413419,0.13221300936872515,0.46517472860762976,-0.07029920012793507,3.5408251166343687,8.005582559108735,52.819896125793456,0.8672680556774139,326.82655198674115,604.2037027013758,0.10248623211532733,0.014857201107377383,-0.2222222222222222,1613.6292679714104,1630.8899918965426,0.0,-0.16666666666666666,stable_raw,placebo,404
skillnet:alfworld-clean-object,all_alfworld,middle,True,5.191953071808026e-05,0.09212964291776349,0.3112671174834355,-0.2562695777748871,3.7632883629166938,8.118556459266019,52.33927099388766,0.9324673083891352,323.22127471033104,629.9940330276323,0.06287560389218978,0.010988774710069094,-0.0,1759.5574105620838,1766.9714500982982,0.0,0.0,stable_raw,placebo,404
skillnet:alfworld-clean-object,all_alfworld,late,True,-5.226415407069315e-05,0.15991526486027033,0.38368981769204685,-0.06921977828635746,3.6587661336536055,7.986576861399083,51.85819326295443,0.9122090299436652,320.3080440579402,593.7252691340668,0.06863973292047995,0.011826845340841654,-0.5,1697.5412664698156,1733.7800790284516,0.0,0.0,stable_raw,placebo,404
skillnet:alfworld-device-operator,all_alfworld,all,True,0.0002636204999852684,0.12364077351950221,0.2754176115906233,-0.17155225667264754,3.033315625249969,6.742650468897375,46.815169861598044,0.8044025987756919,277.6748045372093,498.9822419352669,0.12827087310448557,0.021666235937800465,-0.0,1469.668832153424,1362.8393867075256,0.0,-0.03389830508474576,stable_raw,placebo,404
skillnet:alfworld-device-operator,all_alfworld,initial,True,0.00012811712170305485,0.24692295903539485,0.5158656066135434,0.07506015151728422,2.8622719794511795,7.10386461019516,53.90188384056091,0.798004861921072,331.0591316110536,535.4526645851229,0.2126417937196557,0.015438155014071487,-0.09090909090909091,1545.835792652812,1635.4978034786523,0.0,-0.045454545454545456,stable_raw,placebo,404
skillnet:alfworld-device-operator,all_alfworld,early,True,0.0001373817674638944,0.16374958069806064,0.3656907999041508,-0.07349692778352938,2.9531469316367644,6.718546183712511,47.83147981942418,0.7827007389930357,295.8944735029389,513.7825520626251,0.1337986375651269,0.017804703346267138,-0.0,1742.8519963228284,1592.1183878778813,0.0,0.0,stable_raw,placebo,404
skillnet:alfworld-device-operator,all_alfworld,middle,True,0.00043670219540433076,0.10203520366097327,0.25125595151737995,-0.2244689114987063,3.0641231801058795,6.721195164242307,46.45241064123205,0.8098275067032994,277.78409397915726,515.1636001780092,0.12373617335164454,0.022640968526549506,0.2857142857142857,1288.964395900587,1251.4394233201806,0.0,-0.14285714285714285,stable_raw,placebo,404
skillnet:alfworld-device-operator,all_alfworld,late,True,0.00021710754090327605,0.12542412098232916,0.2715611397218792,-0.16621397142342748,3.0387280918985518,6.742929736889702,46.623629253980354,0.8057222618035906,275.0787622999618,491.39565533376503,0.12789601915226562,0.021781674143546422,-0.0,1506.6512477957965,1376.2755090832195,0.0,0.0,stable_raw,placebo,404
skillnet:alfworld-heat-object-with-appliance,all_alfworld,all,True,-1.732853183605884e-05,0.23038584988148406,0.3714949468511293,0.013559184313473045,2.921028867159804,6.888789222665029,47.512492088422384,0.6988809312859626,294.144771423962,547.7051825801962,0.06817217870357982,0.014930160773896011,-0.09375,1747.2347069771229,1741.6137053450182,0.0,-0.015625,stable_raw,placebo,404
skillnet:alfworld-heat-object-with-appliance,all_alfworld,initial,False,,,,,,,,,,,,,,,,0.0,,stable_raw,placebo,404
skillnet:alfworld-heat-object-with-appliance,all_alfworld,early,True,-8.030620874434719e-05,0.42496357785498623,0.5895185146991767,0.3139681576925655,2.8940375910864935,7.061058521270752,49.27049891153971,0.6943680114216275,301.2835447361623,575.4844738874558,0.09614365821800049,0.02095522978467361,-0.07692307692307693,1996.3955884618088,1794.1922072060402,0.0,-0.07692307692307693,stable_raw,placebo,404
skillnet:alfworld-heat-object-with-appliance,all_alfworld,middle,True,-9.65251950282417e-05,0.23414668755093102,0.42018370615764356,0.1029824988227583,2.9835086119802376,6.976863723052175,47.77097541407535,0.6991747005989677,296.19429228180417,550.0775978643176,0.057503580645976375,0.012144679801778867,-0.16666666666666666,1723.5392180063543,1668.2077221453117,0.0,0.0,stable_raw,placebo,404
skillnet:alfworld-heat-object-with-appliance,all_alfworld,late,True,1.9375798580274418e-05,0.21169658149289053,0.3330697627440729,-0.0481667453256743,2.8995004952555954,6.839322003451261,47.253457464353005,0.6991784367898498,292.70762357016866,544.3154014192114,0.06989208638588303,0.015492260211612839,-0.0,1734.5110865886072,1765.820416020586,0.0,0.07142857142857142,stable_raw,placebo,404
skillnet:alfworld-inventory-management,all_alfworld,all,False,,,,,,,,,,,,,-0.0,,,0.0,0.0,stable_raw,placebo,404
skillnet:alfworld-inventory-management,all_alfworld,initial,False,,,,,,,,,,,,,,,,0.0,,stable_raw,placebo,404
skillnet:alfworld-inventory-management,all_alfworld,early,False,,,,,,,,,,,,,-0.0,,,0.0,0.0,stable_raw,placebo,404
skillnet:alfworld-inventory-management,all_alfworld,middle,False,,,,,,,,,,,,,,,,0.0,,stable_raw,placebo,404
skillnet:alfworld-inventory-management,all_alfworld,late,False,,,,,,,,,,,,,,,,0.0,,stable_raw,placebo,404
skillnet:alfworld-locate-target-object,all_alfworld,all,True,-0.00015302764448754417,0.0,0.28974623528039783,0.002419284694120329,2.4534151554107666,6.581350803375244,45.669437408447266,0.7029407620429993,282.1330415283274,551.3643651395764,0.18581453976250828,0.0416727950000908,-0.0,2042.1679246632912,1927.582079776875,0.0,0.0,stable_raw,placebo,404
skillnet:alfworld-locate-target-object,all_alfworld,initial,False,,,,,,,,,,,,,-0.0,,,0.0,0.0,stable_raw,placebo,404
skillnet:alfworld-locate-target-object,all_alfworld,early,True,-0.00015302764448754417,0.0,0.28974623528039783,0.002419284694120329,2.4534151554107666,6.581350803375244,45.669437408447266,0.7029407620429993,282.1330415283274,551.3643651395764,0.18581453976250828,0.0416727950000908,,2042.1679246632912,1927.582079776875,0.0,,stable_raw,placebo,404
skillnet:alfworld-locate-target-object,all_alfworld,middle,False,,,,,,,,,,,,,,,,0.0,,stable_raw,placebo,404
skillnet:alfworld-locate-target-object,all_alfworld,late,False,,,,,,,,,,,,,,,,0.0,,stable_raw,placebo,404
skillnet:alfworld-object-cooler,all_alfworld,all,True,-7.416817885768215e-05,0.22155890641629802,0.40251562743386826,0.10414887423095796,3.0632247379302977,7.142370904541016,48.388478161621094,0.680766838645935,301.0779782462498,510.61146120581174,0.0642068662721797,0.012738677848381607,-0.09523809523809523,1569.5983153106863,1563.2271277227692,0.0,0.07142857142857142,stable_raw,placebo,404
skillnet:alfworld-object-cooler,all_alfworld,initial,False,,,,,,,,,,,,,,,,0.0,,stable_raw,placebo,404
skillnet:alfworld-object-cooler,all_alfworld,early,True,9.543023018858115e-05,0.23796420781983543,0.4249173176205614,0.10053742041049343,3.053253280489068,7.085617943813927,47.950484125237715,0.6799931369329754,297.32487939176247,528.7512679258753,0.04181022047614567,0.009001167040280268,-0.2222222222222222,1657.076789888347,1498.0430710290243,0.0,0.1111111111111111,stable_raw,placebo,404
skillnet:alfworld-object-cooler,all_alfworld,middle,True,-9.188462397644155e-05,0.19911928565330825,0.395340251794265,0.07150803882671193,3.0533879343068824,7.094482487852469,48.56911353345187,0.6774475083411114,301.56973140115315,526.7904301442586,0.06039378059921137,0.011692723550453732,0.16666666666666666,1623.0551065410668,1592.767762983109,0.0,0.08333333333333333,stable_raw,placebo,404
skillnet:alfworld-object-cooler,all_alfworld,late,True,-8.310982492689857e-05,0.22834724178706312,0.4031200303785848,0.11653156504191058,3.0677643808249,7.165200041833325,48.36026028606379,0.6820686474860271,301.23903552127155,502.9811132604799,0.06765961047387277,0.013466127036248289,-0.16666666666666666,1541.872396051623,1558.2699651540738,0.0,0.0,stable_raw,placebo,404
skillnet:alfworld-object-disposer,all_alfworld,all,False,,,,,,,,,,,,,-0.0,,,0.0,0.0,stable_raw,placebo,404
skillnet:alfworld-object-disposer,all_alfworld,initial,False,,,,,,,,,,,,,,,,0.0,,stable_raw,placebo,404
skillnet:alfworld-object-disposer,all_alfworld,early,False,,,,,,,,,,,,,-0.0,,,0.0,0.0,stable_raw,placebo,404
skillnet:alfworld-object-disposer,all_alfworld,middle,False,,,,,,,,,,,,,,,,0.0,,stable_raw,placebo,404
skillnet:alfworld-object-disposer,all_alfworld,late,False,,,,,,,,,,,,,,,,0.0,,stable_raw,placebo,404
skillnet:alfworld-object-heater,all_alfworld,all,True,7.390530809930634e-05,0.10583445218507456,0.3106395014022831,-0.1736964590830802,3.1679961681365967,7.688256788253784,54.90476913452149,0.7720212996006012,336.75486236277186,669.0050935916141,0.04546601746450105,0.011840194978885301,0.1111111111111111,1696.5654714443735,1882.6510792825588,0.0,-0.05555555555555555,stable_raw,placebo,404
skillnet:alfworld-object-heater,all_alfworld,initial,False,,,,,,,,,,,,,,,,0.0,,stable_raw,placebo,404
skillnet:alfworld-object-heater,all_alfworld,early,True,8.255905434784303e-05,0.09879274604893755,0.32006882653452834,-0.10367946524161357,3.122577879163954,7.59540499581231,54.4348021613227,0.7692696253458658,334.10648632266566,640.5256486123872,0.043059808685956553,0.011195361606378783,-0.0,1707.34000863956,1850.4436892445242,0.0,0.0,stable_raw,placebo,404
skillnet:alfworld-object-heater,all_alfworld,middle,True,-5.551816546348653e-06,0.17049011761687802,0.22406115246075853,-0.8165797661729104,3.576760768890381,8.52392292022705,59.13447189331055,0.796786367893219,361.07176964011035,930.4981793099713,0.06755938897659153,0.017760937762808796,0.25,1597.6356299249312,2178.3734787226927,0.0,-0.125,stable_raw,placebo,404
skillnet:alfworld-object-heater,all_alfworld,late,False,,,,,,,,,,,,,-0.0,,,0.0,0.0,stable_raw,placebo,404
skillnet:alfworld-object-picker,all_alfworld,all,True,-5.560875877526348e-05,0.1762016750796734,0.2728464708612116,-0.018621892990351125,2.833518409729004,6.28835428237915,40.723801879882814,0.5667145490646363,254.53468995118905,456.4016573477693,0.06509554579761549,0.013662703741314886,-0.0,1743.6003521408052,1540.6624091793335,0.0,0.0,stable_raw,placebo,404
skillnet:alfworld-object-picker,all_alfworld,initial,False,,,,,,,,,,,,,,,,0.0,,stable_raw,placebo,404
skillnet:alfworld-object-picker,all_alfworld,early,True,-7.367465346266668e-05,0.1652253251141248,0.25525652339723326,-0.03127156720119666,2.794641767229353,6.139897573561895,39.92709659394764,0.5580608589308602,248.9846952713318,447.40257092611995,0.06502555384662483,0.013941554134079479,-0.0,1738.8492020821645,1522.5635174548727,0.0,-0.125,stable_raw,placebo,404
skillnet:alfworld-object-picker,all_alfworld,middle,True,0.0006069718769939152,0.001931834725272008,0.030431967301110474,-0.5662307591927912,3.0382440090179443,6.133498191833496,37.20693588256836,0.6223112344741821,237.60974319965337,418.87836535616947,0.09424545729177505,0.01079659875828075,-0.0,1677.6302422251922,1453.3611450188973,0.0,0.5,stable_raw,placebo,404
skillnet:alfworld-object-picker,all_alfworld,late,True,-0.0001494543236274599,0.3066553267131682,0.46992358121349864,0.24442004759337807,3.0374130407969155,7.379169940948486,47.47302754720052,0.6087581515312195,297.35901186747833,529.1155834306304,0.05609252043242583,0.0127189189694591,-0.0,1796.9921220077358,1690.7503668784734,0.0,0.0,stable_raw,placebo,404
skillnet:alfworld-object-placer,all_alfworld,all,True,-2.233466844407133e-05,0.2765854028521355,0.49453903935683097,0.1889403479220858,2.8657114467990232,6.773574245647645,44.50003891259852,0.6457673608469712,275.79726945601584,522.1876455653161,0.07154567425119833,0.015165558958181216,0.2608695652173913,1626.6312902542313,1562.0822704809373,0.0,0.15217391304347827,stable_raw,placebo,404
skillnet:alfworld-object-placer,all_alfworld,initial,True,-0.0002561822226000565,0.15190386313762194,0.6662935621285756,0.17672417393992437,2.7431280612945557,6.756764709949493,47.68264842033386,0.667751844972372,288.47039550441417,544.9696829454756,0.05676474349700377,0.011354840258621952,0.6666666666666666,1577.7121048096724,1714.065782908539,0.0,-0.16666666666666666,stable_raw,placebo,404
skillnet:alfworld-object-placer,all_alfworld,early,True,-4.754375930580199e-05,0.20847086478089052,0.39225787451882355,0.03967122284341615,2.705492560825651,6.517259567502945,43.28134282430013,0.6509590442218478,268.3131377811298,538.3092442860909,0.05337531539796237,0.011149061076722222,0.25,1695.5545949411103,1664.6488114283147,0.0,0.375,stable_raw,placebo,404
skillnet:alfworld-object-placer,all_alfworld,middle,True,-6.40680665920501e-06,0.25195509600531407,0.45894434096697906,0.1037586197931428,2.8539960227271384,6.768559378246929,44.54991206087807,0.6437643388676089,275.63364815983954,539.731960119421,0.07459092913033824,0.015645902867715285,0.3,1621.2202744802314,1565.7290972575156,0.0,0.15,stable_raw,placebo,404
skillnet:alfworld-object-placer,all_alfworld,late,True,-2.189495011170573e-05,0.29135169381752596,0.5106457251372098,0.2271366400953499,2.8845821644397494,6.795740219469512,44.516295269523305,0.6455645471699396,276.19774700555104,515.0717866496168,0.0721365884241166,0.015366020417099545,-0.0,1624.081579262498,1551.044892770104,0.0,0.16666666666666666,stable_raw,placebo,404
skillnet:alfworld-object-retriever,all_alfworld,all,False,,,,,,,,,,,,,0.06666666666666667,,,0.0,0.0,stable_raw,placebo,404
skillnet:alfworld-object-retriever,all_alfworld,initial,False,,,,,,,,,,,,,-0.0,,,0.0,0.0,stable_raw,placebo,404
skillnet:alfworld-object-retriever,all_alfworld,early,False,,,,,,,,,,,,,0.07692307692307693,,,0.0,0.0,stable_raw,placebo,404
skillnet:alfworld-object-retriever,all_alfworld,middle,False,,,,,,,,,,,,,,,,0.0,,stable_raw,placebo,404
skillnet:alfworld-object-retriever,all_alfworld,late,False,,,,,,,,,,,,,,,,0.0,,stable_raw,placebo,404
skillnet:alfworld-object-state-inspector,all_alfworld,all,True,-3.0597651859586836e-05,0.23375379006026706,0.40376208960400417,-0.07217009639497242,3.251103425683234,7.100248185016756,47.37698718001669,0.7652043444769723,295.0402113006213,551.0921974328419,0.08896419793104762,0.01774240334391375,0.1111111111111111,1568.0217031643147,1592.8713171070867,0.0,0.1388888888888889,stable_raw,placebo,404
skillnet:alfworld-object-state-inspector,all_alfworld,initial,True,-9.04962211344788e-05,0.07032819403964385,0.258960570086082,-0.3711682848635099,3.0561098754405975,7.090212523937225,51.29889106750488,0.7813202887773514,310.80770028217984,601.5881669553876,0.03605401854430148,0.006375633090493769,-0.0,1301.9115586247742,1514.9641286827832,0.0,-0.05,stable_raw,placebo,404
skillnet:alfworld-object-state-inspector,all_alfworld,early,True,3.542299052842e-05,0.23354495999092884,0.3751639354897543,-0.12827936132127885,3.2639463618397713,7.085951015353203,47.126047134399414,0.7679481953382492,291.9947000077762,558.4473724334338,0.0663210052771534,0.01202811116184441,0.2857142857142857,1604.6000597874333,1618.3112847166092,0.0,0.42857142857142855,stable_raw,placebo,404
skillnet:alfworld-object-state-inspector,all_alfworld,middle,True,-5.194165168491249e-05,0.2652886795483685,0.4439387931708345,0.03078271379590258,3.242024156451225,7.202458214759827,48.01627960205078,0.7750907100737094,299.9852122952937,544.5301667348039,0.09865275015492937,0.018929072163716174,-0.0,1577.3994083990867,1574.7830896911685,0.0,0.0,stable_raw,placebo,404
skillnet:alfworld-object-state-inspector,all_alfworld,late,True,-3.0628905046892396e-05,0.2288701018914918,0.39921141471999605,-0.08747651967507637,3.2578249883480823,7.072868229240499,47.11000315348307,0.7615927314672846,293.6266186797359,550.8944457217644,0.09006392112195209,0.018323794803556722,,1567.6361560762687,1596.9180534745099,0.0,,stable_raw,placebo,404
skillnet:alfworld-object-storer,all_alfworld,all,True,3.431415654706761e-05,0.09374823385462139,0.2773761630595995,-0.1643000112896825,2.9152832252463114,7.046464457954328,45.57186779533465,0.6787891295767322,282.6803436526532,499.75966061563065,0.09490949278089425,0.022618632830433513,0.05555555555555555,1744.2813480970258,1655.618849548546,0.0,0.0,stable_raw,placebo,404
skillnet:alfworld-object-storer,all_alfworld,initial,False,,,,,,,,,,,,,,,,0.0,,stable_raw,placebo,404
skillnet:alfworld-object-storer,all_alfworld,early,True,-0.00013095499474328502,0.1082108461562811,0.22151055621708615,-0.2309486264751282,2.849617140633719,7.182104519435337,46.33236585344587,0.680793992110661,285.7775618203549,476.4488356607563,0.09785511844140776,0.02414154903816701,0.125,1690.747202668456,1676.5123398868966,0.0,0.1875,stable_raw,placebo,404
skillnet:alfworld-object-storer,all_alfworld,middle,True,-4.766871263025882e-05,0.12211817434940825,0.3436717580477506,0.028303495274054985,2.900621109538608,7.120239999559191,45.41089757283529,0.6805130011505551,280.82816329648887,488.49401701715277,0.09307052799622977,0.02253178895363342,-0.0,1709.3175860636854,1634.2735154546888,0.0,-0.16666666666666666,stable_raw,placebo,404
skillnet:alfworld-object-storer,all_alfworld,late,True,7.034520359043598e-05,0.08522946752921207,0.2657573973137978,-0.20689703539214208,2.925332956843906,7.01483334435357,45.538173039754234,0.6781632444924779,282.8629279668106,504.7663546316623,0.09510274430923348,0.022499843700211113,-0.0,1758.081002979115,1659.09111674061,0.0,-0.125,stable_raw,placebo,404
skillnet:alfworld-object-transporter,all_alfworld,all,False,,,,,,,,,,,,,-0.0,,,0.0,0.0,stable_raw,placebo,404
skillnet:alfworld-object-transporter,all_alfworld,initial,False,,,,,,,,,,,,,,,,0.0,,stable_raw,placebo,404
skillnet:alfworld-object-transporter,all_alfworld,early,False,,,,,,,,,,,,,,,,0.0,,stable_raw,placebo,404
skillnet:alfworld-object-transporter,all_alfworld,middle,False,,,,,,,,,,,,,,,,0.0,,stable_raw,placebo,404
skillnet:alfworld-object-transporter,all_alfworld,late,False,,,,,,,,,,,,,-0.0,,,0.0,0.0,stable_raw,placebo,404
skillnet:alfworld-receptacle-closer,all_alfworld,all,True,-3.832099096311589e-05,0.39526059072289765,0.5515127125452732,0.2598779493979451,3.240159034729004,8.477548599243164,58.82536315917969,0.7699556946754456,360.0922842047994,499.2318181264061,0.0026059130789718877,0.0006183626453819325,0.2,1826.229117987729,1808.7888062561171,0.0,-0.1,stable_raw,placebo,404
skillnet:alfworld-receptacle-closer,all_alfworld,initial,False,,,,,,,,,,,,,,,,0.0,,stable_raw,placebo,404
skillnet:alfworld-receptacle-closer,all_alfworld,early,False,,,,,,,,,,,,,,,,0.0,,stable_raw,placebo,404
skillnet:alfworld-receptacle-closer,all_alfworld,middle,True,-3.832099096311589e-05,0.39526059072289765,0.5515127125452732,0.2598779493979451,3.240159034729004,8.477548599243164,58.82536315917969,0.7699556946754456,360.0922842047994,499.2318181264061,0.0026059130789718877,0.0006183626453819325,0.25,1826.229117987729,1808.7888062561171,0.0,-0.125,stable_raw,placebo,404
skillnet:alfworld-receptacle-closer,all_alfworld,late,False,,,,,,,,,,,,,-0.0,,,0.0,0.0,stable_raw,placebo,404
skillnet:alfworld-receptacle-finder,all_alfworld,all,True,0.0002952237449058713,0.06590566488164235,0.1726709600764198,-0.3346226711667632,2.9018454551696777,6.798250791543128,45.57755661010742,0.7105699137518906,267.9156229702614,475.3107806330968,0.15534791638046955,0.02494770383014171,0.1,1628.5238180830152,1518.0181817097482,0.0,0.1,stable_raw,placebo,404
skillnet:alfworld-receptacle-finder,all_alfworld,initial,True,0.000413186653938658,0.1459367831248314,0.36096639878783293,-0.010979452986444342,2.9235552474856377,7.321061998605728,53.37484264373779,0.7413292434066534,288.17061427786916,488.46424043107595,0.11818675409653498,0.02471194056857106,0.3333333333333333,1167.4774145081699,1246.1382337296654,0.0,0.16666666666666666,stable_raw,placebo,404
skillnet:alfworld-receptacle-finder,all_alfworld,early,True,0.00012352749894894698,0.16299719994622408,0.2773878640952085,-0.07631387967635109,2.7870430374145507,6.5834965133667,44.99175735473633,0.6808065485954284,275.30627037831067,513.4586503151296,0.09622034170847435,0.012508585673529991,-0.0,1942.3370677739335,1749.565269995136,0.0,0.0,stable_raw,placebo,404
skillnet:alfworld-receptacle-finder,all_alfworld,middle,True,0.00017848703421538157,0.054242588271151956,0.15081582593003004,-0.44111991795848177,2.9274678929098723,6.742406055845064,45.272509081610316,0.7084552779279906,279.0040516688298,545.4989877214421,0.13575240047939333,0.01888331817787827,-0.0,1876.0979385491914,1683.8354799721526,0.0,0.0,stable_raw,placebo,404
skillnet:alfworld-receptacle-finder,all_alfworld,late,True,0.00033050487420562983,0.049293869274986774,0.14595852119725702,-0.3721067605645717,2.9072444258878627,6.799515751500924,45.09620849291483,0.7125208706905445,262.13122824154163,452.1831129299134,0.17084258222832624,0.027864834471694914,-0.0,1582.2543288241393,1480.6331737154287,0.0,0.1,stable_raw,placebo,404
skillnet:alfworld-receptacle-navigator,all_alfworld,all,False,,,,,,,,,,,,,-0.0,,,0.0,0.0,stable_raw,placebo,404
skillnet:alfworld-receptacle-navigator,all_alfworld,initial,False,,,,,,,,,,,,,,,,0.0,,stable_raw,placebo,404
skillnet:alfworld-receptacle-navigator,all_alfworld,early,False,,,,,,,,,,,,,-0.0,,,0.0,0.0,stable_raw,placebo,404
skillnet:alfworld-receptacle-navigator,all_alfworld,middle,False,,,,,,,,,,,,,,,,0.0,,stable_raw,placebo,404
skillnet:alfworld-receptacle-navigator,all_alfworld,late,False,,,,,,,,,,,,,,,,0.0,,stable_raw,placebo,404
skillnet:alfworld-receptacle-opener,all_alfworld,all,True,-2.1617824882263006e-05,0.018618294950780934,0.05825516530148165,0.038595113521761745,2.6703023543724647,6.112462483919584,45.543138650747444,0.5642546644577613,281.63055760363073,499.007102560659,0.0700155004868674,0.014057662008398393,-0.0,1757.4769078563288,1737.1769409483634,0.0,0.0,stable_raw,placebo,404
skillnet:alfworld-receptacle-opener,all_alfworld,initial,False,,,,,,,,,,,,,,,,0.0,,stable_raw,placebo,404
skillnet:alfworld-receptacle-opener,all_alfworld,early,False,,,,,,,,,,,,,-0.0,,,0.0,0.0,stable_raw,placebo,404
skillnet:alfworld-receptacle-opener,all_alfworld,middle,True,0.0,0.0,0.0,-0.0,2.8032593727111816,6.1570212841033936,48.31453323364258,0.5966669321060181,298.2361405068572,569.7446613603314,0.04540854477263984,0.006639612498983868,-0.0,2002.6794043445552,1744.513462539251,0.0,0.0,stable_raw,placebo,404
skillnet:alfworld-receptacle-opener,all_alfworld,late,True,-2.536264494060778e-05,0.02184351139894771,0.06834661125921865,0.04528088121844488,2.6461283510381524,6.104360883886164,45.039248726584695,0.558361524885351,278.7539999353552,486.75335221740863,0.07427812273657611,0.015342678458848149,-0.0,1715.0008848426203,1735.9060474444302,0.0,0.0,stable_raw,placebo,404
skillnet:alfworld-receptacle-operator,all_alfworld,all,True,-6.15374572573203e-05,0.04704826046124616,0.09654083751326678,0.07227714993723791,2.893816614151001,6.672295989990235,48.25846893310547,0.6573175692558288,296.283759971403,591.8865298109179,0.039501982179101044,0.008812615745986662,-0.14285714285714285,1726.621212117739,1718.4844201875096,0.0,0.0,stable_raw,placebo,404
skillnet:alfworld-receptacle-operator,all_alfworld,initial,False,,,,,,,,,,,,,,,,0.0,,stable_raw,placebo,404
skillnet:alfworld-receptacle-operator,all_alfworld,early,False,,,,,,,,,,,,,-0.0,,,0.0,0.25,stable_raw,placebo,404
skillnet:alfworld-receptacle-operator,all_alfworld,middle,True,0.0,0.0,0.0,-0.0,2.8712453842163086,6.694422245025635,47.566664377848305,0.6481095552444458,292.5875076523305,576.9380096831551,0.04802434456545164,0.010198024105269167,-0.3333333333333333,1579.6412850737574,1690.4190842722126,0.0,-0.16666666666666666,stable_raw,placebo,404
skillnet:alfworld-receptacle-operator,all_alfworld,late,True,-8.119525610340869e-05,0.06207756588636647,0.12738027171889368,0.09536568394496668,2.900944370972483,6.665308751558003,48.47693352950247,0.6602253631541604,297.4645072399957,596.6617515183976,0.03677956086123905,0.008370054742326972,-0.0,1773.5731332567887,1727.4497358271183,0.0,0.0,stable_raw,placebo,404
skillnet:alfworld-receptacle-searcher,all_alfworld,all,False,,,,,,,,,,,,,-0.0,,,0.0,-0.25,stable_raw,placebo,404
skillnet:alfworld-receptacle-searcher,all_alfworld,initial,False,,,,,,,,,,,,,-0.0,,,0.0,-0.25,stable_raw,placebo,404
skillnet:alfworld-receptacle-searcher,all_alfworld,early,False,,,,,,,,,,,,,,,,0.0,,stable_raw,placebo,404
skillnet:alfworld-receptacle-searcher,all_alfworld,middle,False,,,,,,,,,,,,,,,,0.0,,stable_raw,placebo,404
skillnet:alfworld-receptacle-searcher,all_alfworld,late,False,,,,,,,,,,,,,,,,0.0,,stable_raw,placebo,404
skillnet:alfworld-storage-explorer,all_alfworld,all,True,-4.088151751365206e-05,0.1709950388608466,0.3533885083155374,0.0666858614464701,2.7561340231931846,6.704238343784827,45.94196540405429,0.6307889509367882,285.68289144358954,589.4991064954401,0.08419749459136958,0.020465196733085785,0.045454545454545456,1674.7081523302381,1799.1909592231452,0.0,0.03409090909090909,stable_raw,placebo,404
skillnet:alfworld-storage-explorer,all_alfworld,initial,True,0.00022799553311453008,0.14765855970048503,0.38321662268813445,0.0636666646840685,2.4492636024951935,7.01558244228363,51.64298367500305,0.6404672563076019,316.00797576713035,593.9336976966408,0.07778022253589435,0.017441402418547747,-0.0,1502.7850916956806,1793.4441792050093,0.0,0.10869565217391304,stable_raw,placebo,404
skillnet:alfworld-storage-explorer,all_alfworld,early,True,9.27771323086522e-06,0.17640991524542016,0.2968866612962747,-0.05976741256320962,2.7059094607830048,6.7586546173462505,45.985938182243935,0.6111849875977406,285.3529654855455,568.1277478170707,0.09280072659284955,0.020545464634789696,0.1111111111111111,1719.786883536385,1730.5671011330317,0.0,-0.05555555555555555,stable_raw,placebo,404
skillnet:alfworld-storage-explorer,all_alfworld,middle,True,-1.9073593654091216e-05,0.1701616100684693,0.3335521650130045,0.029561902878471658,2.7878887479224903,6.728412692466478,46.20581620462825,0.6372189910224314,287.2032191573479,585.9433648697194,0.07848485186933292,0.01958315830740121,-0.0,1709.940684815156,1815.8426196541557,0.0,0.0,stable_raw,placebo,404
skillnet:alfworld-storage-explorer,all_alfworld,late,True,-6.649121594466333e-05,0.17084662882055568,0.37126893513708153,0.10599313884843241,2.765316277742386,6.673615737039535,45.6494348635439,0.6323041398017133,284.3534557985241,595.0145534900736,0.08470846620265755,0.02085422940702371,-0.0,1657.488824675686,1807.2309859385819,0.0,0.0,stable_raw,placebo,404
skillnet:alfworld-temperature-regulator,all_alfworld,all,True,0.00022937684274103754,0.14969502668104281,0.25224042089304344,-0.33159260808468616,3.386264443397522,8.084832549095154,54.97857666015625,0.8169478178024292,345.83925778597734,686.1945754484929,0.11986613347959106,0.022733926478418858,-0.0,1373.342267821902,1399.6737483773982,0.0,0.08333333333333333,stable_raw,placebo,404
skillnet:alfworld-temperature-regulator,all_alfworld,initial,False,,,,,,,,,,,,,,,,0.0,,stable_raw,placebo,404
skillnet:alfworld-temperature-regulator,all_alfworld,early,False,,,,,,,,,,,,,,,,0.0,,stable_raw,placebo,404
skillnet:alfworld-temperature-regulator,all_alfworld,middle,True,0.000315327263260615,0.05609539742316885,0.159992918524768,-0.8353889511869951,3.380232095718384,8.52327585220337,58.90944480895996,0.7866685390472412,368.5048525221118,871.557652037427,0.1406406373280819,0.02516145704765434,-0.0,1181.3943460832656,1341.065046844528,0.0,-0.25,stable_raw,placebo,404
skillnet:alfworld-temperature-regulator,all_alfworld,late,True,0.00012552008461321471,0.26279457870097384,0.36370615292137626,0.2771613064972705,3.39229679107666,7.6463892459869385,51.04770851135254,0.8472270965576172,318.4516641464817,462.2141912368638,0.09476360799599798,0.019800660373925968,-0.0,1605.2793399227546,1470.4925960629491,0.0,0.25,stable_raw,placebo,404
skillnet:alfworld-tool-locator,all_alfworld,all,False,,,,,,,,,,,,,0.25,,,0.0,0.0,stable_raw,placebo,404
skillnet:alfworld-tool-locator,all_alfworld,initial,False,,,,,,,,,,,,,,,,0.0,,stable_raw,placebo,404
skillnet:alfworld-tool-locator,all_alfworld,early,False,,,,,,,,,,,,,0.25,,,0.0,0.0,stable_raw,placebo,404
skillnet:alfworld-tool-locator,all_alfworld,middle,False,,,,,,,,,,,,,,,,0.0,,stable_raw,placebo,404
skillnet:alfworld-tool-locator,all_alfworld,late,False,,,,,,,,,,,,,,,,0.0,,stable_raw,placebo,404
skillnet:alfworld-appliance-navigator,all_alfworld,all,True,0.0006836045151610269,0.16675697366885495,0.31120229531736177,0.07313846570993408,2.718395915384646,6.278978604210748,42.58581498887804,0.595750957859887,260.55708684599074,495.30998405696675,0.097157742542708,0.01862500870998007,0.016129032258064516,1694.0999504767153,1606.4807084077927,0.0,0.08064516129032258,stable_centered_gate,placebo,404
skillnet:alfworld-appliance-navigator,all_alfworld,initial,True,0.000342801674487194,0.09706952150053387,0.25598598179783144,-0.07458009833309977,2.4332920660575232,6.3009451031684875,45.66288057963053,0.5954777325193087,279.9763405491358,528.2396691840651,0.0945995173417442,0.014691135148062329,0.023809523809523808,1549.2471623068434,1626.6928840303838,0.0,0.10714285714285714,stable_centered_gate,placebo,404
skillnet:alfworld-appliance-navigator,all_alfworld,early,True,0.00026819926375086213,0.13685666758339987,0.31978039430726496,0.03932783069841162,2.739885843252834,6.223794846595088,41.81015893477428,0.5933595601516434,260.48848754822603,482.1390174945459,0.10201955138403872,0.01678836367532973,-0.0,1772.395445783709,1681.2551830606792,0.0,0.0625,stable_centered_gate,placebo,404
skillnet:alfworld-appliance-navigator,all_alfworld,middle,True,0.0005872635859598998,0.1936979181507866,0.35041309781908714,0.11726203043934509,2.7785461804338993,6.33829533962803,42.88419141114213,0.6019375715546935,267.0374931227322,524.224633619729,0.09858812347539316,0.018412159190775216,-0.0,1787.1580852907662,1668.8391612956061,0.0,0.0,stable_centered_gate,placebo,404
skillnet:alfworld-appliance-navigator,all_alfworld,late,True,0.0008104766100977811,0.17027101808243525,0.303532669616346,0.07935405162317236,2.7282462648922303,6.268270289011711,42.28483265938519,0.5942919382946097,256.99985331847137,486.3553805884418,0.09616867928900603,0.019341090499998763,-0.0,1667.4755730579666,1574.4998034635782,0.0,0.0,stable_centered_gate,placebo,404
skillnet:alfworld-appliance-preparer,all_alfworld,all,True,-0.0018718262409909015,0.1071925295393428,0.2037341621808759,-0.3791460056830438,3.2911821954390583,7.669396091909969,54.30135053746841,0.7323826411191154,330.393828757409,673.2433902234062,0.03287987824180655,0.007651534437379984,-0.0,1899.118526783571,1751.673242918331,0.0,0.0,stable_centered_gate,placebo,404
skillnet:alfworld-appliance-preparer,all_alfworld,initial,False,,,,,,,,,,,,,,,,0.0,,stable_centered_gate,placebo,404
skillnet:alfworld-appliance-preparer,all_alfworld,early,False,,,,,,,,,,,,,,,,0.0,,stable_centered_gate,placebo,404
skillnet:alfworld-appliance-preparer,all_alfworld,middle,True,-0.0020509255065619134,0.0967009759757519,0.1837103182792804,-0.5085715935140878,3.249025276729039,7.585177557809012,54.08465249197824,0.7226742250578744,329.6291165064825,700.2255610604813,0.0389351598529605,0.00876224809112107,-0.0,1948.6771616878898,1722.740393939615,0.0,0.0,stable_centered_gate,placebo,404
skillnet:alfworld-appliance-preparer,all_alfworld,late,True,-0.0017351452225288137,0.11519924146945165,0.21901551673735667,-0.28037384654882597,3.320692038536072,7.728349065780639,54.45303916931152,0.7391785323619843,330.9774249489056,652.6517335319544,0.028258742275399585,0.006803884543735472,-0.0,1861.2974633039596,1773.753575033667,0.0,0.0,stable_centered_gate,placebo,404
skillnet:alfworld-clean-object,all_alfworld,all,True,-0.0006208330655749738,0.13308952953776745,0.3861865733660364,-0.10660152929029637,3.6711786604251992,8.018924080595678,52.20239469307621,0.9155140391417912,322.42835984570956,608.7968825837497,0.07121514893423835,0.011852040909679073,0.10810810810810811,1702.2678488835418,1738.0835891913669,0.0,-0.013513513513513514,stable_centered_gate,placebo,404
skillnet:alfworld-clean-object,all_alfworld,initial,True,-0.002571047600968068,0.024472010166380828,0.8905882573218287,0.6173866879355824,3.6202134490013123,7.711020350456238,54.707900047302246,1.0481933504343033,336.36516761870314,717.9555981250372,0.058205485851025376,0.006440151971377308,0.28,1612.4417722295025,2067.427509746346,0.0,0.04,stable_centered_gate,placebo,404
skillnet:alfworld-clean-object,all_alfworld,early,True,-0.0004771657168429492,0.13221300936872515,0.46517472860762976,-0.07029920012793507,3.5408251166343687,8.005582559108735,52.819896125793456,0.8672680556774139,326.82655198674115,604.2037027013758,0.10248623211532733,0.014857201107377383,-0.2222222222222222,1613.6292679714104,1630.8899918965426,0.0,-0.16666666666666666,stable_centered_gate,placebo,404
skillnet:alfworld-clean-object,all_alfworld,middle,True,-0.0014408907125743543,0.09212964291776349,0.3112671174834355,-0.2562695777748871,3.7632883629166938,8.118556459266019,52.33927099388766,0.9324673083891352,323.22127471033104,629.9940330276323,0.06287560389218978,0.010988774710069094,-0.0,1759.5574105620838,1766.9714500982982,0.0,0.0,stable_centered_gate,placebo,404
skillnet:alfworld-clean-object,all_alfworld,late,True,-0.00013305295068652133,0.15991526486027033,0.38368981769204685,-0.06921977828635746,3.6587661336536055,7.986576861399083,51.85819326295443,0.9122090299436652,320.3080440579402,593.7252691340668,0.06863973292047995,0.011826845340841654,-0.5,1697.5412664698156,1733.7800790284516,0.0,0.0,stable_centered_gate,placebo,404
skillnet:alfworld-device-operator,all_alfworld,all,True,-2.572452026956905e-05,0.12364077351950221,0.2754176115906233,-0.17155225667264754,3.033315625249969,6.742650468897375,46.815169861598044,0.8044025987756919,277.6748045372093,498.9822419352669,0.12827087310448557,0.021666235937800465,-0.0,1469.668832153424,1362.8393867075256,0.0,-0.03389830508474576,stable_centered_gate,placebo,404
skillnet:alfworld-device-operator,all_alfworld,initial,True,-0.0002966253582537208,0.24692295903539485,0.5158656066135434,0.07506015151728422,2.8622719794511795,7.10386461019516,53.90188384056091,0.798004861921072,331.0591316110536,535.4526645851229,0.2126417937196557,0.015438155014071487,-0.09090909090909091,1545.835792652812,1635.4978034786523,0.0,-0.045454545454545456,stable_centered_gate,placebo,404
skillnet:alfworld-device-operator,all_alfworld,early,True,-0.0005792056773111423,0.16374958069806064,0.3656907999041508,-0.07349692778352938,2.9531469316367644,6.718546183712511,47.83147981942418,0.7827007389930357,295.8944735029389,513.7825520626251,0.1337986375651269,0.017804703346267138,-0.0,1742.8519963228284,1592.1183878778813,0.0,0.0,stable_centered_gate,placebo,404
skillnet:alfworld-device-operator,all_alfworld,middle,True,0.0005056122131622347,0.10203520366097327,0.25125595151737995,-0.2244689114987063,3.0641231801058795,6.721195164242307,46.45241064123205,0.8098275067032994,277.78409397915726,515.1636001780092,0.12373617335164454,0.022640968526549506,0.2857142857142857,1288.964395900587,1251.4394233201806,0.0,-0.14285714285714285,stable_centered_gate,placebo,404
skillnet:alfworld-device-operator,all_alfworld,late,True,-0.0001561025069043385,0.12542412098232916,0.2715611397218792,-0.16621397142342748,3.0387280918985518,6.742929736889702,46.623629253980354,0.8057222618035906,275.0787622999618,491.39565533376503,0.12789601915226562,0.021781674143546422,-0.0,1506.6512477957965,1376.2755090832195,0.0,0.0,stable_centered_gate,placebo,404
skillnet:alfworld-heat-object-with-appliance,all_alfworld,all,True,0.0010889975870208206,0.23038584988148406,0.3714949468511293,0.013559184313473045,2.921028867159804,6.888789222665029,47.512492088422384,0.6988809312859626,294.144771423962,547.7051825801962,0.06817217870357982,0.014930160773896011,-0.09375,1747.2347069771229,1741.6137053450182,0.0,-0.015625,stable_centered_gate,placebo,404
skillnet:alfworld-heat-object-with-appliance,all_alfworld,initial,False,,,,,,,,,,,,,,,,0.0,,stable_centered_gate,placebo,404
skillnet:alfworld-heat-object-with-appliance,all_alfworld,early,True,0.0005939940560282495,0.42496357785498623,0.5895185146991767,0.3139681576925655,2.8940375910864935,7.061058521270752,49.27049891153971,0.6943680114216275,301.2835447361623,575.4844738874558,0.09614365821800049,0.02095522978467361,-0.07692307692307693,1996.3955884618088,1794.1922072060402,0.0,-0.07692307692307693,stable_centered_gate,placebo,404
skillnet:alfworld-heat-object-with-appliance,all_alfworld,middle,True,0.0002355543602765001,0.23414668755093102,0.42018370615764356,0.1029824988227583,2.9835086119802376,6.976863723052175,47.77097541407535,0.6991747005989677,296.19429228180417,550.0775978643176,0.057503580645976375,0.012144679801778867,-0.16666666666666666,1723.5392180063543,1668.2077221453117,0.0,0.0,stable_centered_gate,placebo,404
skillnet:alfworld-heat-object-with-appliance,all_alfworld,late,True,0.0014682876199319354,0.21169658149289053,0.3330697627440729,-0.0481667453256743,2.8995004952555954,6.839322003451261,47.253457464353005,0.6991784367898498,292.70762357016866,544.3154014192114,0.06989208638588303,0.015492260211612839,-0.0,1734.5110865886072,1765.820416020586,0.0,0.07142857142857142,stable_centered_gate,placebo,404
skillnet:alfworld-inventory-management,all_alfworld,all,False,,,,,,,,,,,,,-0.0,,,0.0,0.0,stable_centered_gate,placebo,404
skillnet:alfworld-inventory-management,all_alfworld,initial,False,,,,,,,,,,,,,,,,0.0,,stable_centered_gate,placebo,404
skillnet:alfworld-inventory-management,all_alfworld,early,False,,,,,,,,,,,,,-0.0,,,0.0,0.0,stable_centered_gate,placebo,404
skillnet:alfworld-inventory-management,all_alfworld,middle,False,,,,,,,,,,,,,,,,0.0,,stable_centered_gate,placebo,404
skillnet:alfworld-inventory-management,all_alfworld,late,False,,,,,,,,,,,,,,,,0.0,,stable_centered_gate,placebo,404
skillnet:alfworld-locate-target-object,all_alfworld,all,True,-0.003016370649117616,0.0,0.28974623528039783,0.002419284694120329,2.4534151554107666,6.581350803375244,45.669437408447266,0.7029407620429993,282.1330415283274,551.3643651395764,0.18581453976250828,0.0416727950000908,-0.0,2042.1679246632912,1927.582079776875,0.0,0.0,stable_centered_gate,placebo,404
skillnet:alfworld-locate-target-object,all_alfworld,initial,False,,,,,,,,,,,,,-0.0,,,0.0,0.0,stable_centered_gate,placebo,404
skillnet:alfworld-locate-target-object,all_alfworld,early,True,-0.003016370649117616,0.0,0.28974623528039783,0.002419284694120329,2.4534151554107666,6.581350803375244,45.669437408447266,0.7029407620429993,282.1330415283274,551.3643651395764,0.18581453976250828,0.0416727950000908,,2042.1679246632912,1927.582079776875,0.0,,stable_centered_gate,placebo,404
skillnet:alfworld-locate-target-object,all_alfworld,middle,False,,,,,,,,,,,,,,,,0.0,,stable_centered_gate,placebo,404
skillnet:alfworld-locate-target-object,all_alfworld,late,False,,,,,,,,,,,,,,,,0.0,,stable_centered_gate,placebo,404
skillnet:alfworld-object-cooler,all_alfworld,all,True,0.0006959763228490209,0.22155890641629802,0.40251562743386826,0.10414887423095796,3.0632247379302977,7.142370904541016,48.388478161621094,0.680766838645935,301.0779782462498,510.61146120581174,0.0642068662721797,0.012738677848381607,-0.09523809523809523,1569.5983153106863,1563.2271277227692,0.0,0.07142857142857142,stable_centered_gate,placebo,404
skillnet:alfworld-object-cooler,all_alfworld,initial,False,,,,,,,,,,,,,,,,0.0,,stable_centered_gate,placebo,404
skillnet:alfworld-object-cooler,all_alfworld,early,True,0.0003960838387573166,0.23796420781983543,0.4249173176205614,0.10053742041049343,3.053253280489068,7.085617943813927,47.950484125237715,0.6799931369329754,297.32487939176247,528.7512679258753,0.04181022047614567,0.009001167040280268,-0.2222222222222222,1657.076789888347,1498.0430710290243,0.0,0.1111111111111111,stable_centered_gate,placebo,404
skillnet:alfworld-object-cooler,all_alfworld,middle,True,0.00023289641020778692,0.19911928565330825,0.395340251794265,0.07150803882671193,3.0533879343068824,7.094482487852469,48.56911353345187,0.6774475083411114,301.56973140115315,526.7904301442586,0.06039378059921137,0.011692723550453732,0.16666666666666666,1623.0551065410668,1592.767762983109,0.0,0.08333333333333333,stable_centered_gate,placebo,404
skillnet:alfworld-object-cooler,all_alfworld,late,True,0.0008943525127690561,0.22834724178706312,0.4031200303785848,0.11653156504191058,3.0677643808249,7.165200041833325,48.36026028606379,0.6820686474860271,301.23903552127155,502.9811132604799,0.06765961047387277,0.013466127036248289,-0.16666666666666666,1541.872396051623,1558.2699651540738,0.0,0.0,stable_centered_gate,placebo,404
skillnet:alfworld-object-disposer,all_alfworld,all,False,,,,,,,,,,,,,-0.0,,,0.0,0.0,stable_centered_gate,placebo,404
skillnet:alfworld-object-disposer,all_alfworld,initial,False,,,,,,,,,,,,,,,,0.0,,stable_centered_gate,placebo,404
skillnet:alfworld-object-disposer,all_alfworld,early,False,,,,,,,,,,,,,-0.0,,,0.0,0.0,stable_centered_gate,placebo,404
skillnet:alfworld-object-disposer,all_alfworld,middle,False,,,,,,,,,,,,,,,,0.0,,stable_centered_gate,placebo,404
skillnet:alfworld-object-disposer,all_alfworld,late,False,,,,,,,,,,,,,,,,0.0,,stable_centered_gate,placebo,404
skillnet:alfworld-object-heater,all_alfworld,all,True,0.0014985865883368834,0.10583445218507456,0.3106395014022831,-0.1736964590830802,3.1679961681365967,7.688256788253784,54.90476913452149,0.7720212996006012,336.75486236277186,669.0050935916141,0.04546601746450105,0.011840194978885301,0.1111111111111111,1696.5654714443735,1882.6510792825588,0.0,-0.05555555555555555,stable_centered_gate,placebo,404
skillnet:alfworld-object-heater,all_alfworld,initial,False,,,,,,,,,,,,,,,,0.0,,stable_centered_gate,placebo,404
skillnet:alfworld-object-heater,all_alfworld,early,True,0.0013199467034767554,0.09879274604893755,0.32006882653452834,-0.10367946524161357,3.122577879163954,7.59540499581231,54.4348021613227,0.7692696253458658,334.10648632266566,640.5256486123872,0.043059808685956553,0.011195361606378783,-0.0,1707.34000863956,1850.4436892445242,0.0,0.0,stable_centered_gate,placebo,404
skillnet:alfworld-object-heater,all_alfworld,middle,True,0.003138825531143513,0.17049011761687802,0.22406115246075853,-0.8165797661729104,3.576760768890381,8.52392292022705,59.13447189331055,0.796786367893219,361.07176964011035,930.4981793099713,0.06755938897659153,0.017760937762808796,0.25,1597.6356299249312,2178.3734787226927,0.0,-0.125,stable_centered_gate,placebo,404
skillnet:alfworld-object-heater,all_alfworld,late,False,,,,,,,,,,,,,-0.0,,,0.0,0.0,stable_centered_gate,placebo,404
skillnet:alfworld-object-picker,all_alfworld,all,True,0.0002893448282970004,0.1762016750796734,0.2728464708612116,-0.018621892990351125,2.833518409729004,6.28835428237915,40.723801879882814,0.5667145490646363,254.53468995118905,456.4016573477693,0.06509554579761549,0.013662703741314886,-0.0,1743.6003521408052,1540.6624091793335,0.0,0.0,stable_centered_gate,placebo,404
skillnet:alfworld-object-picker,all_alfworld,initial,False,,,,,,,,,,,,,,,,0.0,,stable_centered_gate,placebo,404
skillnet:alfworld-object-picker,all_alfworld,early,True,0.00011090719848580592,0.1652253251141248,0.25525652339723326,-0.03127156720119666,2.794641767229353,6.139897573561895,39.92709659394764,0.5580608589308602,248.9846952713318,447.40257092611995,0.06502555384662483,0.013941554134079479,-0.0,1738.8492020821645,1522.5635174548727,0.0,-0.125,stable_centered_gate,placebo,404
skillnet:alfworld-object-picker,all_alfworld,middle,True,-0.0004192286349977655,0.001931834725272008,0.030431967301110474,-0.5662307591927912,3.0382440090179443,6.133498191833496,37.20693588256836,0.6223112344741821,237.60974319965337,418.87836535616947,0.09424545729177505,0.01079659875828075,-0.0,1677.6302422251922,1453.3611450188973,0.0,0.5,stable_centered_gate,placebo,404
skillnet:alfworld-object-picker,all_alfworld,late,True,0.0017196242643480824,0.3066553267131682,0.46992358121349864,0.24442004759337807,3.0374130407969155,7.379169940948486,47.47302754720052,0.6087581515312195,297.35901186747833,529.1155834306304,0.05609252043242583,0.0127189189694591,-0.0,1796.9921220077358,1690.7503668784734,0.0,0.0,stable_centered_gate,placebo,404
skillnet:alfworld-object-placer,all_alfworld,all,True,0.0011768952334176607,0.2765854028521355,0.49453903935683097,0.1889403479220858,2.8657114467990232,6.773574245647645,44.50003891259852,0.6457673608469712,275.79726945601584,522.1876455653161,0.07154567425119833,0.015165558958181216,0.2608695652173913,1626.6312902542313,1562.0822704809373,0.0,0.15217391304347827,stable_centered_gate,placebo,404
skillnet:alfworld-object-placer,all_alfworld,initial,True,0.0006792482291760416,0.15190386313762194,0.6662935621285756,0.17672417393992437,2.7431280612945557,6.756764709949493,47.68264842033386,0.667751844972372,288.47039550441417,544.9696829454756,0.05676474349700377,0.011354840258621952,0.6666666666666666,1577.7121048096724,1714.065782908539,0.0,-0.16666666666666666,stable_centered_gate,placebo,404
skillnet:alfworld-object-placer,all_alfworld,early,True,0.0006538969428794875,0.20847086478089052,0.39225787451882355,0.03967122284341615,2.705492560825651,6.517259567502945,43.28134282430013,0.6509590442218478,268.3131377811298,538.3092442860909,0.05337531539796237,0.011149061076722222,0.25,1695.5545949411103,1664.6488114283147,0.0,0.375,stable_centered_gate,placebo,404
skillnet:alfworld-object-placer,all_alfworld,middle,True,0.0008292989282516482,0.25195509600531407,0.45894434096697906,0.1037586197931428,2.8539960227271384,6.768559378246929,44.54991206087807,0.6437643388676089,275.63364815983954,539.731960119421,0.07459092913033824,0.015645902867715285,0.3,1621.2202744802314,1565.7290972575156,0.0,0.15,stable_centered_gate,placebo,404
skillnet:alfworld-object-placer,all_alfworld,late,True,0.0013334826269409236,0.29135169381752596,0.5106457251372098,0.2271366400953499,2.8845821644397494,6.795740219469512,44.516295269523305,0.6455645471699396,276.19774700555104,515.0717866496168,0.0721365884241166,0.015366020417099545,-0.0,1624.081579262498,1551.044892770104,0.0,0.16666666666666666,stable_centered_gate,placebo,404
skillnet:alfworld-object-retriever,all_alfworld,all,False,,,,,,,,,,,,,0.06666666666666667,,,0.0,0.0,stable_centered_gate,placebo,404
skillnet:alfworld-object-retriever,all_alfworld,initial,False,,,,,,,,,,,,,-0.0,,,0.0,0.0,stable_centered_gate,placebo,404
skillnet:alfworld-object-retriever,all_alfworld,early,False,,,,,,,,,,,,,0.07692307692307693,,,0.0,0.0,stable_centered_gate,placebo,404
skillnet:alfworld-object-retriever,all_alfworld,middle,False,,,,,,,,,,,,,,,,0.0,,stable_centered_gate,placebo,404
skillnet:alfworld-object-retriever,all_alfworld,late,False,,,,,,,,,,,,,,,,0.0,,stable_centered_gate,placebo,404
skillnet:alfworld-object-state-inspector,all_alfworld,all,True,0.001008035326843201,0.23375379006026706,0.40376208960400417,-0.07217009639497242,3.251103425683234,7.100248185016756,47.37698718001669,0.7652043444769723,295.0402113006213,551.0921974328419,0.08896419793104762,0.01774240334391375,0.1111111111111111,1568.0217031643147,1592.8713171070867,0.0,0.1388888888888889,stable_centered_gate,placebo,404
skillnet:alfworld-object-state-inspector,all_alfworld,initial,True,0.00041895357788576524,0.07032819403964385,0.258960570086082,-0.3711682848635099,3.0561098754405975,7.090212523937225,51.29889106750488,0.7813202887773514,310.80770028217984,601.5881669553876,0.03605401854430148,0.006375633090493769,-0.0,1301.9115586247742,1514.9641286827832,0.0,-0.05,stable_centered_gate,placebo,404
skillnet:alfworld-object-state-inspector,all_alfworld,early,True,0.0008786790182694273,0.23354495999092884,0.3751639354897543,-0.12827936132127885,3.2639463618397713,7.085951015353203,47.126047134399414,0.7679481953382492,291.9947000077762,558.4473724334338,0.0663210052771534,0.01202811116184441,0.2857142857142857,1604.6000597874333,1618.3112847166092,0.0,0.42857142857142855,stable_centered_gate,placebo,404
skillnet:alfworld-object-state-inspector,all_alfworld,middle,True,0.0009842276065551788,0.2652886795483685,0.4439387931708345,0.03078271379590258,3.242024156451225,7.202458214759827,48.01627960205078,0.7750907100737094,299.9852122952937,544.5301667348039,0.09865275015492937,0.018929072163716174,-0.0,1577.3994083990867,1574.7830896911685,0.0,0.0,stable_centered_gate,placebo,404
skillnet:alfworld-object-state-inspector,all_alfworld,late,True,0.0010432408747362957,0.2288701018914918,0.39921141471999605,-0.08747651967507637,3.2578249883480823,7.072868229240499,47.11000315348307,0.7615927314672846,293.6266186797359,550.8944457217644,0.09006392112195209,0.018323794803556722,,1567.6361560762687,1596.9180534745099,0.0,,stable_centered_gate,placebo,404
skillnet:alfworld-object-storer,all_alfworld,all,True,-0.0013450883687672476,0.09374823385462139,0.2773761630595995,-0.1643000112896825,2.9152832252463114,7.046464457954328,45.57186779533465,0.6787891295767322,282.6803436526532,499.75966061563065,0.09490949278089425,0.022618632830433513,0.05555555555555555,1744.2813480970258,1655.618849548546,0.0,0.0,stable_centered_gate,placebo,404
skillnet:alfworld-object-storer,all_alfworld,initial,False,,,,,,,,,,,,,,,,0.0,,stable_centered_gate,placebo,404
skillnet:alfworld-object-storer,all_alfworld,early,True,-0.0006989003780800578,0.1082108461562811,0.22151055621708615,-0.2309486264751282,2.849617140633719,7.182104519435337,46.33236585344587,0.680793992110661,285.7775618203549,476.4488356607563,0.09785511844140776,0.02414154903816701,0.125,1690.747202668456,1676.5123398868966,0.0,0.1875,stable_centered_gate,placebo,404
skillnet:alfworld-object-storer,all_alfworld,middle,True,-0.0012507015506402364,0.12211817434940825,0.3436717580477506,0.028303495274054985,2.900621109538608,7.120239999559191,45.41089757283529,0.6805130011505551,280.82816329648887,488.49401701715277,0.09307052799622977,0.02253178895363342,-0.0,1709.3175860636854,1634.2735154546888,0.0,-0.16666666666666666,stable_centered_gate,placebo,404
skillnet:alfworld-object-storer,all_alfworld,late,True,-0.0014287141737557795,0.08522946752921207,0.2657573973137978,-0.20689703539214208,2.925332956843906,7.01483334435357,45.538173039754234,0.6781632444924779,282.8629279668106,504.7663546316623,0.09510274430923348,0.022499843700211113,-0.0,1758.081002979115,1659.09111674061,0.0,-0.125,stable_centered_gate,placebo,404
skillnet:alfworld-object-transporter,all_alfworld,all,False,,,,,,,,,,,,,-0.0,,,0.0,0.0,stable_centered_gate,placebo,404
skillnet:alfworld-object-transporter,all_alfworld,initial,False,,,,,,,,,,,,,,,,0.0,,stable_centered_gate,placebo,404
skillnet:alfworld-object-transporter,all_alfworld,early,False,,,,,,,,,,,,,,,,0.0,,stable_centered_gate,placebo,404
skillnet:alfworld-object-transporter,all_alfworld,middle,False,,,,,,,,,,,,,,,,0.0,,stable_centered_gate,placebo,404
skillnet:alfworld-object-transporter,all_alfworld,late,False,,,,,,,,,,,,,-0.0,,,0.0,0.0,stable_centered_gate,placebo,404
skillnet:alfworld-receptacle-closer,all_alfworld,all,True,0.002108697279369097,0.39526059072289765,0.5515127125452732,0.2598779493979451,3.240159034729004,8.477548599243164,58.82536315917969,0.7699556946754456,360.0922842047994,499.2318181264061,0.0026059130789718877,0.0006183626453819325,0.2,1826.229117987729,1808.7888062561171,0.0,-0.1,stable_centered_gate,placebo,404
skillnet:alfworld-receptacle-closer,all_alfworld,initial,False,,,,,,,,,,,,,,,,0.0,,stable_centered_gate,placebo,404
skillnet:alfworld-receptacle-closer,all_alfworld,early,False,,,,,,,,,,,,,,,,0.0,,stable_centered_gate,placebo,404
skillnet:alfworld-receptacle-closer,all_alfworld,middle,True,0.002108697279369097,0.39526059072289765,0.5515127125452732,0.2598779493979451,3.240159034729004,8.477548599243164,58.82536315917969,0.7699556946754456,360.0922842047994,499.2318181264061,0.0026059130789718877,0.0006183626453819325,0.25,1826.229117987729,1808.7888062561171,0.0,-0.125,stable_centered_gate,placebo,404
skillnet:alfworld-receptacle-closer,all_alfworld,late,False,,,,,,,,,,,,,-0.0,,,0.0,0.0,stable_centered_gate,placebo,404
skillnet:alfworld-receptacle-finder,all_alfworld,all,True,-0.0003296911497683189,0.06590566488164235,0.1726709600764198,-0.3346226711667632,2.9018454551696777,6.798250791543128,45.57755661010742,0.7105699137518906,267.9156229702614,475.3107806330968,0.15534791638046955,0.02494770383014171,0.1,1628.5238180830152,1518.0181817097482,0.0,0.1,stable_centered_gate,placebo,404
skillnet:alfworld-receptacle-finder,all_alfworld,initial,True,0.001045736700882785,0.1459367831248314,0.36096639878783293,-0.010979452986444342,2.9235552474856377,7.321061998605728,53.37484264373779,0.7413292434066534,288.17061427786916,488.46424043107595,0.11818675409653498,0.02471194056857106,0.3333333333333333,1167.4774145081699,1246.1382337296654,0.0,0.16666666666666666,stable_centered_gate,placebo,404
skillnet:alfworld-receptacle-finder,all_alfworld,early,True,-0.00013923331272954978,0.16299719994622408,0.2773878640952085,-0.07631387967635109,2.7870430374145507,6.5834965133667,44.99175735473633,0.6808065485954284,275.30627037831067,513.4586503151296,0.09622034170847435,0.012508585673529991,-0.0,1942.3370677739335,1749.565269995136,0.0,0.0,stable_centered_gate,placebo,404
skillnet:alfworld-receptacle-finder,all_alfworld,middle,True,-0.001046736113202969,0.054242588271151956,0.15081582593003004,-0.44111991795848177,2.9274678929098723,6.742406055845064,45.272509081610316,0.7084552779279906,279.0040516688298,545.4989877214421,0.13575240047939333,0.01888331817787827,-0.0,1876.0979385491914,1683.8354799721526,0.0,0.0,stable_centered_gate,placebo,404
skillnet:alfworld-receptacle-finder,all_alfworld,late,True,-0.0003223211547176296,0.049293869274986774,0.14595852119725702,-0.3721067605645717,2.9072444258878627,6.799515751500924,45.09620849291483,0.7125208706905445,262.13122824154163,452.1831129299134,0.17084258222832624,0.027864834471694914,-0.0,1582.2543288241393,1480.6331737154287,0.0,0.1,stable_centered_gate,placebo,404
skillnet:alfworld-receptacle-navigator,all_alfworld,all,False,,,,,,,,,,,,,-0.0,,,0.0,0.0,stable_centered_gate,placebo,404
skillnet:alfworld-receptacle-navigator,all_alfworld,initial,False,,,,,,,,,,,,,,,,0.0,,stable_centered_gate,placebo,404
skillnet:alfworld-receptacle-navigator,all_alfworld,early,False,,,,,,,,,,,,,-0.0,,,0.0,0.0,stable_centered_gate,placebo,404
skillnet:alfworld-receptacle-navigator,all_alfworld,middle,False,,,,,,,,,,,,,,,,0.0,,stable_centered_gate,placebo,404
skillnet:alfworld-receptacle-navigator,all_alfworld,late,False,,,,,,,,,,,,,,,,0.0,,stable_centered_gate,placebo,404
skillnet:alfworld-receptacle-opener,all_alfworld,all,True,0.00012190786068407842,0.018618294950780934,0.05825516530148165,0.038595113521761745,2.6703023543724647,6.112462483919584,45.543138650747444,0.5642546644577613,281.63055760363073,499.007102560659,0.0700155004868674,0.014057662008398393,-0.0,1757.4769078563288,1737.1769409483634,0.0,0.0,stable_centered_gate,placebo,404
skillnet:alfworld-receptacle-opener,all_alfworld,initial,False,,,,,,,,,,,,,,,,0.0,,stable_centered_gate,placebo,404
skillnet:alfworld-receptacle-opener,all_alfworld,early,False,,,,,,,,,,,,,-0.0,,,0.0,0.0,stable_centered_gate,placebo,404
skillnet:alfworld-receptacle-opener,all_alfworld,middle,True,0.0,0.0,0.0,-0.0,2.8032593727111816,6.1570212841033936,48.31453323364258,0.5966669321060181,298.2361405068572,569.7446613603314,0.04540854477263984,0.006639612498983868,-0.0,2002.6794043445552,1744.513462539251,0.0,0.0,stable_centered_gate,placebo,404
skillnet:alfworld-receptacle-opener,all_alfworld,late,True,0.00014302575781045422,0.02184351139894771,0.06834661125921865,0.04528088121844488,2.6461283510381524,6.104360883886164,45.039248726584695,0.558361524885351,278.7539999353552,486.75335221740863,0.07427812273657611,0.015342678458848149,-0.0,1715.0008848426203,1735.9060474444302,0.0,0.0,stable_centered_gate,placebo,404
skillnet:alfworld-receptacle-operator,all_alfworld,all,True,4.4115314441305906e-05,0.04704826046124616,0.09654083751326678,0.07227714993723791,2.893816614151001,6.672295989990235,48.25846893310547,0.6573175692558288,296.283759971403,591.8865298109179,0.039501982179101044,0.008812615745986662,-0.14285714285714285,1726.621212117739,1718.4844201875096,0.0,0.0,stable_centered_gate,placebo,404
skillnet:alfworld-receptacle-operator,all_alfworld,initial,False,,,,,,,,,,,,,,,,0.0,,stable_centered_gate,placebo,404
skillnet:alfworld-receptacle-operator,all_alfworld,early,False,,,,,,,,,,,,,-0.0,,,0.0,0.25,stable_centered_gate,placebo,404
skillnet:alfworld-receptacle-operator,all_alfworld,middle,True,0.0,0.0,0.0,-0.0,2.8712453842163086,6.694422245025635,47.566664377848305,0.6481095552444458,292.5875076523305,576.9380096831551,0.04802434456545164,0.010198024105269167,-0.3333333333333333,1579.6412850737574,1690.4190842722126,0.0,-0.16666666666666666,stable_centered_gate,placebo,404
skillnet:alfworld-receptacle-operator,all_alfworld,late,True,5.820770655450085e-05,0.06207756588636647,0.12738027171889368,0.09536568394496668,2.900944370972483,6.665308751558003,48.47693352950247,0.6602253631541604,297.4645072399957,596.6617515183976,0.03677956086123905,0.008370054742326972,-0.0,1773.5731332567887,1727.4497358271183,0.0,0.0,stable_centered_gate,placebo,404
skillnet:alfworld-receptacle-searcher,all_alfworld,all,False,,,,,,,,,,,,,-0.0,,,0.0,-0.25,stable_centered_gate,placebo,404
skillnet:alfworld-receptacle-searcher,all_alfworld,initial,False,,,,,,,,,,,,,-0.0,,,0.0,-0.25,stable_centered_gate,placebo,404
skillnet:alfworld-receptacle-searcher,all_alfworld,early,False,,,,,,,,,,,,,,,,0.0,,stable_centered_gate,placebo,404
skillnet:alfworld-receptacle-searcher,all_alfworld,middle,False,,,,,,,,,,,,,,,,0.0,,stable_centered_gate,placebo,404
skillnet:alfworld-receptacle-searcher,all_alfworld,late,False,,,,,,,,,,,,,,,,0.0,,stable_centered_gate,placebo,404
skillnet:alfworld-storage-explorer,all_alfworld,all,True,-0.0012280299741871388,0.1709950388608466,0.3533885083155374,0.0666858614464701,2.7561340231931846,6.704238343784827,45.94196540405429,0.6307889509367882,285.68289144358954,589.4991064954401,0.08419749459136958,0.020465196733085785,0.045454545454545456,1674.7081523302381,1799.1909592231452,0.0,0.03409090909090909,stable_centered_gate,placebo,404
skillnet:alfworld-storage-explorer,all_alfworld,initial,True,-6.111327703294403e-05,0.14765855970048503,0.38321662268813445,0.0636666646840685,2.4492636024951935,7.01558244228363,51.64298367500305,0.6404672563076019,316.00797576713035,593.9336976966408,0.07778022253589435,0.017441402418547747,-0.0,1502.7850916956806,1793.4441792050093,0.0,0.10869565217391304,stable_centered_gate,placebo,404
skillnet:alfworld-storage-explorer,all_alfworld,early,True,-0.000628572319328973,0.17640991524542016,0.2968866612962747,-0.05976741256320962,2.7059094607830048,6.7586546173462505,45.985938182243935,0.6111849875977406,285.3529654855455,568.1277478170707,0.09280072659284955,0.020545464634789696,0.1111111111111111,1719.786883536385,1730.5671011330317,0.0,-0.05555555555555555,stable_centered_gate,placebo,404
skillnet:alfworld-storage-explorer,all_alfworld,middle,True,-0.00104315570395363,0.1701616100684693,0.3335521650130045,0.029561902878471658,2.7878887479224903,6.728412692466478,46.20581620462825,0.6372189910224314,287.2032191573479,585.9433648697194,0.07848485186933292,0.01958315830740121,-0.0,1709.940684815156,1815.8426196541557,0.0,0.0,stable_centered_gate,placebo,404
skillnet:alfworld-storage-explorer,all_alfworld,late,True,-0.001449632378241849,0.17084662882055568,0.37126893513708153,0.10599313884843241,2.765316277742386,6.673615737039535,45.6494348635439,0.6323041398017133,284.3534557985241,595.0145534900736,0.08470846620265755,0.02085422940702371,-0.0,1657.488824675686,1807.2309859385819,0.0,0.0,stable_centered_gate,placebo,404
skillnet:alfworld-temperature-regulator,all_alfworld,all,True,0.0008029044601891616,0.14969502668104281,0.25224042089304344,-0.33159260808468616,3.386264443397522,8.084832549095154,54.97857666015625,0.8169478178024292,345.83925778597734,686.1945754484929,0.11986613347959106,0.022733926478418858,-0.0,1373.342267821902,1399.6737483773982,0.0,0.08333333333333333,stable_centered_gate,placebo,404
skillnet:alfworld-temperature-regulator,all_alfworld,initial,False,,,,,,,,,,,,,,,,0.0,,stable_centered_gate,placebo,404
skillnet:alfworld-temperature-regulator,all_alfworld,early,False,,,,,,,,,,,,,,,,0.0,,stable_centered_gate,placebo,404
skillnet:alfworld-temperature-regulator,all_alfworld,middle,True,0.0008192754762314143,0.05609539742316885,0.159992918524768,-0.8353889511869951,3.380232095718384,8.52327585220337,58.90944480895996,0.7866685390472412,368.5048525221118,871.557652037427,0.1406406373280819,0.02516145704765434,-0.0,1181.3943460832656,1341.065046844528,0.0,-0.25,stable_centered_gate,placebo,404
skillnet:alfworld-temperature-regulator,all_alfworld,late,True,0.000783122815804773,0.26279457870097384,0.36370615292137626,0.2771613064972705,3.39229679107666,7.6463892459869385,51.04770851135254,0.8472270965576172,318.4516641464817,462.2141912368638,0.09476360799599798,0.019800660373925968,-0.0,1605.2793399227546,1470.4925960629491,0.0,0.25,stable_centered_gate,placebo,404
skillnet:alfworld-tool-locator,all_alfworld,all,False,,,,,,,,,,,,,0.25,,,0.0,0.0,stable_centered_gate,placebo,404
skillnet:alfworld-tool-locator,all_alfworld,initial,False,,,,,,,,,,,,,,,,0.0,,stable_centered_gate,placebo,404
skillnet:alfworld-tool-locator,all_alfworld,early,False,,,,,,,,,,,,,0.25,,,0.0,0.0,stable_centered_gate,placebo,404
skillnet:alfworld-tool-locator,all_alfworld,middle,False,,,,,,,,,,,,,,,,0.0,,stable_centered_gate,placebo,404
skillnet:alfworld-tool-locator,all_alfworld,late,False,,,,,,,,,,,,,,,,0.0,,stable_centered_gate,placebo,404
skillnet:alfworld-appliance-navigator,all_alfworld,all,True,-6.215087175749392e-05,0.1272116660168508,0.28513407051862466,0.024886347326668178,2.8282172298431396,6.3551471166257505,43.41620522675691,0.6278645987422378,265.4509340860809,463.205599505053,0.097157742542708,0.01862500870998007,0.04838709677419355,1562.2992140845397,1606.480708629744,0.0,0.008064516129032258,legacy_recorded,null,404
skillnet:alfworld-appliance-navigator,all_alfworld,initial,True,-8.758542079578817e-05,0.06417933940612361,0.20818033678926232,-0.11843352327328383,2.576215237379074,6.5654928882916765,48.563503662745156,0.629634348054727,296.77855523599544,518.843130924435,0.0945995173417442,0.014691135148062329,0.047619047619047616,1482.6683285475963,1626.6928848017294,0.0,0.0,legacy_recorded,null,404
skillnet:alfworld-appliance-navigator,all_alfworld,early,True,-4.4006032198095934e-05,0.11716230316341489,0.31736369671496156,0.04219600345989612,2.8522689644294448,6.259562238862243,42.08800748028332,0.6254737418663653,261.3932822080883,455.59161015578746,0.10201955138403872,0.01678836367532973,-0.0,1640.3666051957396,1681.2551831919639,0.0,0.0,legacy_recorded,null,404
skillnet:alfworld-appliance-navigator,all_alfworld,middle,True,-0.00016178376692568987,0.12758408256231274,0.3013813346448163,0.028642332670754854,2.894337541274442,6.4470906840025926,43.891092955611136,0.6337086380893038,272.70431518196074,476.70675979832026,0.09858812347539316,0.018412159190775216,-0.0,1627.3546796564788,1668.8391615092348,0.0,0.0,legacy_recorded,null,404
skillnet:alfworld-appliance-navigator,all_alfworld,late,True,-3.458354341024548e-05,0.13438216729713967,0.28198656817071976,0.033674427855654325,2.8318964811823637,6.320159109376317,42.92615008182663,0.6262779334466234,261.27983388309326,455.6895966939224,0.09616867928900603,0.019341090499998763,0.16666666666666666,1537.8775818522136,1574.4998036541638,0.0,0.08333333333333333,legacy_recorded,null,404
skillnet:alfworld-appliance-preparer,all_alfworld,all,True,0.00016039114691830593,0.0651776821797669,0.1567202799903342,-0.3367058371730285,3.3617565211127785,7.540265504051657,52.82234236773323,0.7590354821261238,320.82018873862853,571.3119110011789,0.03287987824180655,0.007651534437379984,-0.0,1753.6078918900564,1751.673243286972,0.0,0.0,legacy_recorded,null,404
skillnet:alfworld-appliance-preparer,all_alfworld,initial,False,,,,,,,,,,,,,,,,0.0,,legacy_recorded,null,404
skillnet:alfworld-appliance-preparer,all_alfworld,early,False,,,,,,,,,,,,,,,,0.0,,legacy_recorded,null,404
skillnet:alfworld-appliance-preparer,all_alfworld,middle,True,0.00012199667044149261,0.057682680026456566,0.1464876756878944,-0.41164406701200457,3.3201976163046703,7.544889381953648,52.67071315220424,0.7478114707129342,320.91099704487505,591.8818476830099,0.0389351598529605,0.00876224809112107,-0.0,1778.4536790592815,1722.7403945252524,0.0,0.0,legacy_recorded,null,404
skillnet:alfworld-appliance-preparer,all_alfworld,late,True,0.00018969219475587396,0.0708975522441353,0.16452937274745927,-0.2795161354538099,3.3908477544784548,7.537028789520264,52.92848281860351,0.7668922901153564,320.7508876628089,555.6138014282026,0.028258742275399585,0.006803884543735472,-0.0,1734.6466332609111,1773.7535752367057,0.0,0.0,legacy_recorded,null,404
skillnet:alfworld-clean-object,all_alfworld,all,True,1.3512271670810574e-07,0.12194250290464716,0.4061050357861932,-0.0347104676684089,3.7420271180924916,8.017232468339051,52.812018323106834,0.9656035304069519,324.28576869298524,628.5608023632759,0.07121514893423835,0.011852040909679073,0.10810810810810811,1570.2111977761,1738.083589513849,0.0,-0.12162162162162163,legacy_recorded,null,404
skillnet:alfworld-clean-object,all_alfworld,initial,True,-0.00021358897205962042,0.009842086795433733,0.8991733896914694,0.6587738775372087,3.680229961872101,7.974204421043396,57.483177185058594,1.0911730229854584,350.0026740988153,779.1904322177649,0.058205485851025376,0.006440151971377308,0.28,1499.0259434329353,2067.4275107834064,0.0,-0.14,legacy_recorded,null,404
skillnet:alfworld-clean-object,all_alfworld,early,True,0.00014925167285004146,0.07870899707621792,0.4210962918326068,-0.07567211045305652,3.6512969553470613,8.111274182796478,53.81162643432617,0.9190356776118278,331.19966351923046,640.9955364612498,0.10248623211532733,0.014857201107377383,-0.2222222222222222,1416.2271985287964,1630.8899921833508,0.0,-0.1111111111111111,legacy_recorded,null,404
skillnet:alfworld-clean-object,all_alfworld,middle,True,4.987605151820365e-05,0.09671041986084669,0.35149083610072057,-0.11387706818146792,3.8241591137575814,8.090595078755575,52.75220884759742,0.986042851425079,323.9490609330901,646.8107189189477,0.06287560389218978,0.010988774710069094,-0.0,1614.8165672517962,1766.9714504545434,0.0,0.0,legacy_recorded,null,404
skillnet:alfworld-clean-object,all_alfworld,late,True,-5.257868754836562e-05,0.15087403599143442,0.4088954240447875,-0.014502912936503552,3.725503364223644,7.958910131747006,52.367911520179796,0.9604605520429786,321.61653640191145,609.0316931848221,0.06863973292047995,0.011826845340841654,-0.5,1587.182122182751,1733.7800793091667,0.0,0.0,legacy_recorded,null,404
skillnet:alfworld-device-operator,all_alfworld,all,True,0.00026340333261835484,0.1249780173129274,0.3068123547983564,-0.19887244527656825,3.187190896482448,6.904687204716368,48.580853239102886,0.8500641635917976,286.82855301624954,482.25647659905303,0.12827087310448557,0.021666235937800465,0.03389830508474576,1389.5356968794993,1362.8393869706342,0.0,0.0423728813559322,legacy_recorded,null,404
skillnet:alfworld-device-operator,all_alfworld,initial,True,0.00013041666686946197,0.3032991124391628,0.5949172512506085,0.1475262587491532,2.9476228505373,7.5915922820568085,55.51268815994263,0.8376406654715538,339.47041623151506,529.1454519433253,0.2126417937196557,0.015438155014071487,-0.09090909090909091,1500.2549076079963,1635.4978037025946,0.0,0.11363636363636363,legacy_recorded,null,404
skillnet:alfworld-device-operator,all_alfworld,early,True,0.0001364993652207944,0.173025786946102,0.4180483305699072,-0.06248503072272661,3.1286049750914056,6.929452769727592,49.64509210241846,0.8353657463946974,305.24184436632476,492.19765206124526,0.1337986375651269,0.017804703346267138,0.07407407407407407,1611.2893722781096,1592.1183881055247,0.0,-0.018518518518518517,legacy_recorded,null,404
skillnet:alfworld-device-operator,all_alfworld,middle,True,0.0004365279549807873,0.10313476351569006,0.27413022480215515,-0.25776223902032896,3.221736767485335,6.907835743878339,48.22799356821421,0.8574999105285954,285.9080734920194,505.05970742820693,0.12373617335164454,0.022640968526549506,0.2857142857142857,1211.734773185482,1251.4394236563255,0.0,0.07142857142857142,legacy_recorded,null,404
skillnet:alfworld-device-operator,all_alfworld,late,True,0.0002168918179861128,0.1251813187841653,0.3032133745182377,-0.1966225506605459,3.190570271959053,6.884704062666012,48.38442780614948,0.8501274061342838,284.586049756973,472.6239020296249,0.12789601915226562,0.021781674143546422,-0.0,1429.5340386155535,1376.2755093247895,0.0,0.0,legacy_recorded,null,404
skillnet:alfworld-heat-object-with-appliance,all_alfworld,all,True,-1.6075953560311154e-05,0.18848218910249667,0.3279798477649209,-0.08270566118481665,3.0892044207821154,7.111077841014078,48.990718998321114,0.75308865063811,300.98012502441645,570.6877422604884,0.06817217870357982,0.014930160773896011,-0.1875,1605.8556745357744,1741.6137055570402,0.0,0.0,legacy_recorded,null,404
skillnet:alfworld-heat-object-with-appliance,all_alfworld,initial,False,,,,,,,,,,,,,,,,0.0,,legacy_recorded,null,404
skillnet:alfworld-heat-object-with-appliance,all_alfworld,early,True,-7.767680502759695e-05,0.22457945481170394,0.36544561632989736,0.021649790915054066,3.0943674511379666,7.302176793416341,51.10432857937283,0.7528518968158298,309.9288134512296,529.4193375751821,0.09614365821800049,0.02095522978467361,-0.15384615384615385,1706.246359374224,1794.1922075097948,0.0,-0.038461538461538464,legacy_recorded,null,404
skillnet:alfworld-heat-object-with-appliance,all_alfworld,middle,True,-9.621680002260082e-05,0.1945738718809641,0.3968608437085431,0.0467479314115823,3.1467659598902653,7.204049587249756,49.02349251195004,0.7544407373980472,301.72331924437697,562.6954057577233,0.057503580645976375,0.012144679801778867,-0.3333333333333333,1568.351384137585,1668.2077223183883,0.0,0.041666666666666664,legacy_recorded,null,404
skillnet:alfworld-heat-object-with-appliance,all_alfworld,late,True,2.087777146865357e-05,0.18289454583447148,0.2975873980860052,-0.14282696607675566,3.0666407262436066,7.058019084159774,48.78599294026693,0.7525911909161191,299.89643004024214,577.4799693099072,0.06989208638588303,0.015492260211612839,-0.0,1611.7196101857155,1765.8204162398047,0.0,0.0,legacy_recorded,null,404
skillnet:alfworld-inventory-management,all_alfworld,all,False,,,,,,,,,,,,,-0.0,,,0.0,0.0,legacy_recorded,null,404
skillnet:alfworld-inventory-management,all_alfworld,initial,False,,,,,,,,,,,,,,,,0.0,,legacy_recorded,null,404
skillnet:alfworld-inventory-management,all_alfworld,early,False,,,,,,,,,,,,,-0.0,,,0.0,0.0,legacy_recorded,null,404
skillnet:alfworld-inventory-management,all_alfworld,middle,False,,,,,,,,,,,,,,,,0.0,,legacy_recorded,null,404
skillnet:alfworld-inventory-management,all_alfworld,late,False,,,,,,,,,,,,,,,,0.0,,legacy_recorded,null,404
skillnet:alfworld-locate-target-object,all_alfworld,all,True,-0.0001571164915468322,0.02711329214005539,0.6318206505828379,0.5094137640289697,2.5857245922088623,7.070978164672852,47.93950271606445,0.7596771717071533,295.7714871508212,535.1153970184337,0.18581453976250828,0.0416727950000908,-0.0,1712.0532948590262,1927.582079593907,0.0,0.0,legacy_recorded,null,404
skillnet:alfworld-locate-target-object,all_alfworld,initial,False,,,,,,,,,,,,,-0.0,,,0.0,0.0,legacy_recorded,null,404
skillnet:alfworld-locate-target-object,all_alfworld,early,True,-0.0001571164915468322,0.02711329214005539,0.6318206505828379,0.5094137640289697,2.5857245922088623,7.070978164672852,47.93950271606445,0.7596771717071533,295.7714871508212,535.1153970184337,0.18581453976250828,0.0416727950000908,,1712.0532948590262,1927.582079593907,0.0,,legacy_recorded,null,404
skillnet:alfworld-locate-target-object,all_alfworld,middle,False,,,,,,,,,,,,,,,,0.0,,legacy_recorded,null,404
skillnet:alfworld-locate-target-object,all_alfworld,late,False,,,,,,,,,,,,,,,,0.0,,legacy_recorded,null,404
skillnet:alfworld-object-cooler,all_alfworld,all,True,-7.293014688933112e-05,0.2084319314183034,0.4140349569796929,0.11228007947403904,3.1876572284698486,7.257217311096191,48.974406683349606,0.726932414150238,303.2186373134031,531.0979745360846,0.0642068662721797,0.012738677848381607,-0.0,1482.8796525926564,1563.2271279759084,0.0,0.11904761904761904,legacy_recorded,null,404
skillnet:alfworld-object-cooler,all_alfworld,initial,False,,,,,,,,,,,,,,,,0.0,,legacy_recorded,null,404
skillnet:alfworld-object-cooler,all_alfworld,early,True,9.623797919408456e-05,0.1676194667648483,0.373843891333302,-0.010255071966870016,3.1774503431822123,7.271636523698506,48.885812759399414,0.7245575315073917,302.1383729869028,531.8685377360872,0.04181022047614567,0.009001167040280268,-0.0,1485.0333817226262,1498.0430712352738,0.0,0.2222222222222222,legacy_recorded,null,404
skillnet:alfworld-object-cooler,all_alfworld,middle,True,-9.131032281582184e-05,0.18639502599182545,0.41901068516741613,0.10004896441428417,3.1715175550688737,7.195220335474554,49.136953701763034,0.7244041697034296,303.1596379028952,533.0093559323664,0.06039378059921137,0.011692723550453732,0.16666666666666666,1538.1389123397446,1592.767763228871,0.0,0.08333333333333333,legacy_recorded,null,404
skillnet:alfworld-object-cooler,all_alfworld,late,True,-8.158742015259634e-05,0.22029530551861948,0.41586689404632354,0.12798350362960323,3.1945592605064963,7.278968687369445,48.92188704125235,0.7280824992144219,303.33904715212594,530.3218271337703,0.06765961047387277,0.013466127036248289,-0.16666666666666666,1462.2779492501425,1558.2699654142186,0.0,0.0,legacy_recorded,null,404
skillnet:alfworld-object-disposer,all_alfworld,all,False,,,,,,,,,,,,,-0.0,,,0.0,0.0,legacy_recorded,null,404
skillnet:alfworld-object-disposer,all_alfworld,initial,False,,,,,,,,,,,,,,,,0.0,,legacy_recorded,null,404
skillnet:alfworld-object-disposer,all_alfworld,early,False,,,,,,,,,,,,,-0.0,,,0.0,0.0,legacy_recorded,null,404
skillnet:alfworld-object-disposer,all_alfworld,middle,False,,,,,,,,,,,,,,,,0.0,,legacy_recorded,null,404
skillnet:alfworld-object-disposer,all_alfworld,late,False,,,,,,,,,,,,,,,,0.0,,legacy_recorded,null,404
skillnet:alfworld-object-heater,all_alfworld,all,True,7.688575734752784e-05,0.06663612765095141,0.29659531173104464,-0.24401608637023658,3.3277187824249266,7.505389785766601,54.18503913879395,0.8056508362293243,331.95564501342324,722.6538342821059,0.04546601746450105,0.011840194978885301,0.1111111111111111,1615.3193747514395,1882.6510794150206,0.0,-0.05555555555555555,legacy_recorded,null,404
skillnet:alfworld-object-heater,all_alfworld,initial,False,,,,,,,,,,,,,,,,0.0,,legacy_recorded,null,404
skillnet:alfworld-object-heater,all_alfworld,early,True,8.546187755732679e-05,0.06888072484696356,0.3166571861338582,-0.1689631481862718,3.2932142151726618,7.4341553582085504,53.813442654079864,0.802139679590861,329.770816541426,698.3895263310009,0.043059808685956553,0.011195361606378783,-0.0,1618.8332748779892,1850.4436893409656,0.0,0.0,legacy_recorded,null,404
skillnet:alfworld-object-heater,all_alfworld,middle,True,-1.8586191242626251e-06,0.046026644305748855,0.11239082857793913,-0.93313851878664,3.6382598876953125,8.146499633789062,57.5294075012207,0.8372512459754944,352.01634280176097,945.4442981967973,0.06755938897659153,0.017760937762808796,0.25,1583.0553826803887,2178.3734791858933,0.0,-0.125,legacy_recorded,null,404
skillnet:alfworld-object-heater,all_alfworld,late,False,,,,,,,,,,,,,-0.0,,,0.0,0.0,legacy_recorded,null,404
skillnet:alfworld-object-picker,all_alfworld,all,True,-5.560080936566062e-05,0.14712012280176714,0.27240182170303956,-0.017441391998659607,2.9555700492858885,6.4068866539001466,41.86294692993164,0.6063738918304443,259.3338864356103,425.26455699575826,0.06509554579761549,0.013662703741314886,-0.0,1597.6692600221588,1540.6624095376478,0.0,0.0,legacy_recorded,null,404
skillnet:alfworld-object-picker,all_alfworld,initial,False,,,,,,,,,,,,,,,,0.0,,legacy_recorded,null,404
skillnet:alfworld-object-picker,all_alfworld,early,True,-7.399475387382334e-05,0.147950280534856,0.27326002601872734,-0.007568650100757804,2.946037088121687,6.294979822067988,41.15639586675735,0.5982541158085778,254.70715448475806,412.90084987471994,0.06502555384662483,0.013941554134079479,-0.0,1590.7998320137378,1522.5635178180098,0.0,-0.125,legacy_recorded,null,404
skillnet:alfworld-object-picker,all_alfworld,middle,True,0.000607520294877153,0.009952793153542788,0.098670635887121,-0.4637908289806569,3.0154714584350586,6.300637245178223,38.555870056152344,0.6467043161392212,238.57965102598104,390.4842085407891,0.09424545729177505,0.01079659875828075,-0.0,1633.8977772004177,1453.361145156585,0.0,0.5,legacy_recorded,null,404
skillnet:alfworld-object-picker,all_alfworld,late,True,-0.00014741589142718096,0.18611669418241789,0.3230930330702127,0.061227985757099666,3.002333641052246,7.225650946299235,47.911163330078125,0.6497688492139181,297.19378531322036,519.7141006326052,0.05609252043242583,0.0127189189694591,-0.0,1632.0918952958557,1690.75036727606,0.0,0.0,legacy_recorded,null,404
skillnet:alfworld-object-placer,all_alfworld,all,True,-2.0957442878733445e-05,0.1924633685999432,0.41991577550110387,0.07603690617990701,3.0402103442121557,7.048111928600661,46.637429351538,0.7021491328962672,286.16178007714007,529.3977790246546,0.07154567425119833,0.015165558958181216,0.17391304347826086,1473.9365179478161,1562.0822707019615,0.0,0.08695652173913043,legacy_recorded,null,404
skillnet:alfworld-object-placer,all_alfworld,initial,True,-0.00025114307613288505,0.02507745762913847,0.2718678078983357,-0.15739094025820644,2.8576160073280334,6.7144511342048645,48.649090051651,0.7431039437651634,295.53033153079684,592.9442654694296,0.05676474349700377,0.011354840258621952,0.6666666666666666,1358.9413906311672,1714.0657834298825,0.0,0.0,legacy_recorded,null,404
skillnet:alfworld-object-placer,all_alfworld,early,True,-4.7530481819658445e-05,0.1378094609748108,0.3763036386834759,0.005901078546518701,2.865186093345521,6.673522775135343,44.64465774051727,0.7020805998454018,275.7312837371114,563.586245647571,0.05337531539796237,0.011149061076722222,0.25,1505.9246112530002,1664.648811723401,0.0,0.125,legacy_recorded,null,404
skillnet:alfworld-object-placer,all_alfworld,middle,True,-5.489725136530916e-06,0.17551060576396094,0.4083095393451913,0.03368162956325162,3.031979744748552,7.076007663741592,46.73884963989258,0.6973977418139924,286.8572743892898,546.0788037556745,0.07459092913033824,0.015645902867715285,0.1,1457.2108669079073,1565.7290974949067,0.0,0.0,legacy_recorded,null,404
skillnet:alfworld-object-placer,all_alfworld,late,True,-2.0329044596355083e-05,0.2044727938219992,0.42911455353986855,0.09829281656361491,3.060324902230121,7.075321677927678,46.72152397719134,0.702868656685415,286.5560940749452,520.5974169330581,0.0721365884241166,0.015366020417099545,-0.0,1478.7205558320554,1551.0448929758038,0.0,0.25,legacy_recorded,null,404
skillnet:alfworld-object-retriever,all_alfworld,all,False,,,,,,,,,,,,,-0.0,,,0.0,0.0,legacy_recorded,null,404
skillnet:alfworld-object-retriever,all_alfworld,initial,False,,,,,,,,,,,,,-0.0,,,0.0,0.0,legacy_recorded,null,404
skillnet:alfworld-object-retriever,all_alfworld,early,False,,,,,,,,,,,,,-0.0,,,0.0,0.0,legacy_recorded,null,404
skillnet:alfworld-object-retriever,all_alfworld,middle,False,,,,,,,,,,,,,,,,0.0,,legacy_recorded,null,404
skillnet:alfworld-object-retriever,all_alfworld,late,False,,,,,,,,,,,,,,,,0.0,,legacy_recorded,null,404
skillnet:alfworld-object-state-inspector,all_alfworld,all,True,-2.957203417729145e-05,0.18157268477047744,0.343287926312804,-0.16174261419453279,3.286219292714781,7.143562963433134,48.18019460615957,0.804200778031409,298.93272874942824,581.0696846794507,0.08896419793104762,0.01774240334391375,0.05555555555555555,1463.905784374832,1592.8713173256851,0.0,0.1388888888888889,legacy_recorded,null,404
skillnet:alfworld-object-state-inspector,all_alfworld,initial,True,-9.009404439960203e-05,0.07051461270292461,0.2422258737266907,-0.2129857927297816,3.1096162497997284,7.107507944107056,51.184510231018066,0.8187874481081963,310.94935183667735,616.7782029564919,0.03605401854430148,0.006375633090493769,-0.1,1276.7321783396826,1514.9641293026464,0.0,-0.1,legacy_recorded,null,404
skillnet:alfworld-object-state-inspector,all_alfworld,early,True,3.60770081727943e-05,0.18017848509296766,0.3264691005621107,-0.22914105720606867,3.300842598080635,7.175551891326904,48.693536043167114,0.8150212727487087,299.9315879651642,596.3194653925418,0.0663210052771534,0.01202811116184441,0.2857142857142857,1495.623294908772,1618.3112849727331,0.0,0.5,legacy_recorded,null,404
skillnet:alfworld-object-state-inspector,all_alfworld,middle,True,-5.0996144519233316e-05,0.20543482807441618,0.3701419999878782,-0.0594424354348477,3.2788976222276687,7.198763513565064,48.55931124687195,0.8159878723323345,301.751194101549,562.9995323339862,0.09865275015492937,0.018929072163716174,-0.0,1468.1359861978042,1574.7830899685036,0.0,0.0,legacy_recorded,null,404
skillnet:alfworld-object-state-inspector,all_alfworld,late,True,-2.9524344822637184e-05,0.17771580221656155,0.340090268603852,-0.18150131115142473,3.2917053579856845,7.125099703402502,47.9264642038653,0.7991616499466708,297.74772747454244,583.5491518406196,0.09006392112195209,0.018323794803556722,,1463.6221570752596,1596.918053662943,0.0,,legacy_recorded,null,404
skillnet:alfworld-object-storer,all_alfworld,all,True,3.2539762907676745e-05,0.09485632688085296,0.3053070195153233,-0.1045214046059524,3.0051535920998487,7.204071049837722,46.849450534152,0.7296697245430701,287.4662400765214,498.82840121065607,0.09490949278089425,0.022618632830433513,0.1111111111111111,1648.7722361218134,1655.6188497805458,0.0,-0.08333333333333333,legacy_recorded,null,404
skillnet:alfworld-object-storer,all_alfworld,initial,False,,,,,,,,,,,,,,,,0.0,,legacy_recorded,null,404
skillnet:alfworld-object-storer,all_alfworld,early,True,-0.000132040893357877,0.08620627600479996,0.24001848503309542,-0.22989252355901357,2.9608640330178395,7.08374057497297,47.234300885881694,0.7359471661703927,286.9989456842322,500.5279549521308,0.09785511844140776,0.02414154903816701,0.25,1522.708187323643,1676.5123401387573,0.0,0.0,legacy_recorded,null,404
skillnet:alfworld-object-storer,all_alfworld,middle,True,-5.087418613260254e-05,0.1072187169772593,0.3481270400315478,0.025544672951977362,2.992758830388387,7.310576385921902,47.0276985168457,0.7299461795224084,287.4048791976695,507.2548706983304,0.09307052799622977,0.02253178895363342,-0.0,1613.1044759824056,1634.2735155983094,0.0,-0.16666666666666666,legacy_recorded,null,404
skillnet:alfworld-object-storer,all_alfworld,late,True,6.88694472249835e-05,0.09252635677986423,0.3005021519628296,-0.1258588691265319,3.0125582118829093,7.189143511984083,46.76747253206041,0.7289903039733568,287.5249689403079,496.5381282318964,0.09510274430923348,0.022499843700211113,-0.0,1669.454553861137,1659.0911169931467,0.0,-0.125,legacy_recorded,null,404
skillnet:alfworld-object-transporter,all_alfworld,all,False,,,,,,,,,,,,,-0.0,,,0.0,0.0,legacy_recorded,null,404
skillnet:alfworld-object-transporter,all_alfworld,initial,False,,,,,,,,,,,,,,,,0.0,,legacy_recorded,null,404
skillnet:alfworld-object-transporter,all_alfworld,early,False,,,,,,,,,,,,,,,,0.0,,legacy_recorded,null,404
skillnet:alfworld-object-transporter,all_alfworld,middle,False,,,,,,,,,,,,,,,,0.0,,legacy_recorded,null,404
skillnet:alfworld-object-transporter,all_alfworld,late,False,,,,,,,,,,,,,-0.0,,,0.0,0.0,legacy_recorded,null,404
skillnet:alfworld-receptacle-closer,all_alfworld,all,True,-3.30418199990583e-05,0.48288339134693126,0.6215061037359603,0.3021463339663948,3.210500955581665,8.157561302185059,58.13300704956055,0.8150591254234314,353.23487553441163,567.0247009295427,0.0026059130789718877,0.0006183626453819325,0.2,1869.6697614307375,1808.7888067385938,0.0,-0.2,legacy_recorded,null,404
skillnet:alfworld-receptacle-closer,all_alfworld,initial,False,,,,,,,,,,,,,,,,0.0,,legacy_recorded,null,404
skillnet:alfworld-receptacle-closer,all_alfworld,early,False,,,,,,,,,,,,,,,,0.0,,legacy_recorded,null,404
skillnet:alfworld-receptacle-closer,all_alfworld,middle,True,-3.30418199990583e-05,0.48288339134693126,0.6215061037359603,0.3021463339663948,3.210500955581665,8.157561302185059,58.13300704956055,0.8150591254234314,353.23487553441163,567.0247009295427,0.0026059130789718877,0.0006183626453819325,0.25,1869.6697614307375,1808.7888067385938,0.0,-0.125,legacy_recorded,null,404
skillnet:alfworld-receptacle-closer,all_alfworld,late,False,,,,,,,,,,,,,-0.0,,,0.0,-0.5,legacy_recorded,null,404
skillnet:alfworld-receptacle-finder,all_alfworld,all,True,0.0002948146758230877,0.05540551649734168,0.19064425985735378,-0.30667273403205386,3.000163836987158,6.854283801468787,47.09060143932854,0.756663907741763,274.5915327700635,450.77460978471447,0.15534791638046955,0.02494770383014171,0.1,1539.741682180063,1518.018181875311,0.0,0.0,legacy_recorded,null,404
skillnet:alfworld-receptacle-finder,all_alfworld,initial,True,0.000414258117575514,0.07680404242185365,0.33723396697230446,-0.08588110057367715,3.0262278094887733,7.6291292905807495,56.79624342918396,0.7777866963297129,299.34483037736237,530.1842843177641,0.11818675409653498,0.02471194056857106,0.3333333333333333,1017.823102724765,1246.138234157755,0.0,0.0,legacy_recorded,null,404
skillnet:alfworld-receptacle-finder,all_alfworld,early,True,0.0001225439393106673,0.07927863253437255,0.24274216511244254,-0.11257002956819749,2.8748659801483156,6.623866577148437,45.649664306640624,0.716508412361145,276.1015781287288,443.8023386908363,0.09622034170847435,0.012508585673529991,-0.0,1736.7790169311006,1749.5652700415567,0.0,0.0,legacy_recorded,null,404
skillnet:alfworld-receptacle-finder,all_alfworld,middle,True,0.0001772356876342704,0.04988414897039502,0.17695076194245868,-0.34046148253853475,3.01627963164757,6.796297591308067,46.61416921944454,0.7571602227358982,285.2491802166478,478.289981508726,0.13575240047939333,0.01888331817787827,-0.0,1738.4944871267442,1683.835480060489,0.0,0.0,legacy_recorded,null,404
skillnet:alfworld-receptacle-finder,all_alfworld,late,True,0.0003302079520050601,0.05179351655182468,0.17229537434402856,-0.34389746875088945,3.009438351417581,6.837232254445553,46.61334219574928,0.7599823269993067,269.07857828452745,436.06281949828866,0.17084258222832624,0.027864834471694914,-0.0,1525.2272958495455,1480.6331738848633,0.0,0.0,legacy_recorded,null,404
skillnet:alfworld-receptacle-navigator,all_alfworld,all,False,,,,,,,,,,,,,-0.0,,,0.0,-0.25,legacy_recorded,null,404
skillnet:alfworld-receptacle-navigator,all_alfworld,initial,False,,,,,,,,,,,,,,,,0.0,,legacy_recorded,null,404
skillnet:alfworld-receptacle-navigator,all_alfworld,early,False,,,,,,,,,,,,,-0.0,,,0.0,-0.25,legacy_recorded,null,404
skillnet:alfworld-receptacle-navigator,all_alfworld,middle,False,,,,,,,,,,,,,,,,0.0,,legacy_recorded,null,404
skillnet:alfworld-receptacle-navigator,all_alfworld,late,False,,,,,,,,,,,,,,,,0.0,,legacy_recorded,null,404
skillnet:alfworld-receptacle-opener,all_alfworld,all,True,-2.1103690324260775e-05,0.014216937247820402,0.05332774784587224,0.030508780538757652,2.78187894821167,6.249998899606558,46.74561133751502,0.60908626134579,289.4727472109819,500.93997060814945,0.0700155004868674,0.014057662008398393,-0.0,1658.8760929780908,1737.1769412565122,0.0,0.0,legacy_recorded,null,404
skillnet:alfworld-receptacle-opener,all_alfworld,initial,False,,,,,,,,,,,,,,,,0.0,,legacy_recorded,null,404
skillnet:alfworld-receptacle-opener,all_alfworld,early,False,,,,,,,,,,,,,-0.0,,,0.0,0.0,legacy_recorded,null,404
skillnet:alfworld-receptacle-opener,all_alfworld,middle,True,0.0,0.0,0.0,-0.0,2.846848964691162,6.255877494812012,48.91943359375,0.6396254897117615,301.58483956784903,495.88817360872747,0.04540854477263984,0.006639612498983868,-0.0,1861.6710063896346,1744.5134630897528,0.0,0.0,legacy_recorded,null,404
skillnet:alfworld-receptacle-opener,all_alfworld,late,True,-2.475944770326657e-05,0.0166797137789389,0.06256562542547216,0.035793766143896774,2.7700662179426714,6.248930064114657,46.350370927290484,0.6035336743701588,287.374589479871,501.8150850489942,0.07427812273657611,0.015342678458848149,-0.0,1623.7462654579808,1735.9060477105963,0.0,0.0,legacy_recorded,null,404
skillnet:alfworld-receptacle-operator,all_alfworld,all,True,-6.137135035760918e-05,0.021465784409189073,0.06298062564677859,0.035231943490997696,2.9467035007476805,6.481529674530029,45.8459506225586,0.7023389649391174,281.7287665908954,503.9496536318509,0.039501982179101044,0.008812615745986662,-0.0,1633.7184034604736,1718.4844204535202,0.0,-0.14285714285714285,legacy_recorded,null,404
skillnet:alfworld-receptacle-operator,all_alfworld,initial,False,,,,,,,,,,,,,,,,0.0,,legacy_recorded,null,404
skillnet:alfworld-receptacle-operator,all_alfworld,early,False,,,,,,,,,,,,,-0.0,,,0.0,-0.25,legacy_recorded,null,404
skillnet:alfworld-receptacle-operator,all_alfworld,middle,True,0.0,0.0,0.0,-0.0,2.9265928268432617,6.541675488154094,46.07763989766439,0.6983487208684286,283.018877420719,548.6290996188161,0.04802434456545164,0.010198024105269167,-0.0,1509.3266265967231,1690.4190844855661,0.0,-0.16666666666666666,legacy_recorded,null,404
skillnet:alfworld-receptacle-operator,all_alfworld,late,True,-8.0976087277401e-05,0.028322909984346695,0.08309943661727733,0.04648659210617751,2.953054239875392,6.462536259701378,45.77278558831466,0.7035990420140719,281.3166478535907,489.6770528304592,0.03677956086123905,0.008370054742326972,-0.0,1673.4546655141717,1727.4497361099498,0.0,0.0,legacy_recorded,null,404
skillnet:alfworld-receptacle-searcher,all_alfworld,all,False,,,,,,,,,,,,,-0.0,,,0.0,-0.25,legacy_recorded,null,404
skillnet:alfworld-receptacle-searcher,all_alfworld,initial,False,,,,,,,,,,,,,-0.0,,,0.0,-0.25,legacy_recorded,null,404
skillnet:alfworld-receptacle-searcher,all_alfworld,early,False,,,,,,,,,,,,,,,,0.0,,legacy_recorded,null,404
skillnet:alfworld-receptacle-searcher,all_alfworld,middle,False,,,,,,,,,,,,,,,,0.0,,legacy_recorded,null,404
skillnet:alfworld-receptacle-searcher,all_alfworld,late,False,,,,,,,,,,,,,,,,0.0,,legacy_recorded,null,404
skillnet:alfworld-storage-explorer,all_alfworld,all,True,-4.18843906644092e-05,0.15453132888537613,0.3538104801761316,0.07962129191638098,2.889043673304201,6.838349744563795,47.347729093245874,0.6846391968144715,291.3855716093562,608.0379411942529,0.08419749459136958,0.020465196733085785,0.06818181818181818,1594.5614157491652,1799.1909593633654,0.0,0.045454545454545456,legacy_recorded,null,404
skillnet:alfworld-storage-explorer,all_alfworld,initial,True,0.00022727353320716598,0.12122692734267497,0.30795428169066763,-0.18113947154015822,2.7384453415870667,6.991622984409332,53.21408557891846,0.7127574048936367,320.64879953173255,554.759981411801,0.07778022253589435,0.017441402418547747,-0.043478260869565216,1502.3762696469787,1793.4441792380621,0.0,0.10869565217391304,legacy_recorded,null,404
skillnet:alfworld-storage-explorer,all_alfworld,early,True,8.735332601942063e-06,0.16526853661374274,0.320334692394232,-0.0017773550983151251,2.8381482500296373,6.833182247785421,46.583262516902046,0.6663726018025324,287.3692594638782,575.0833412861938,0.09280072659284955,0.020545464634789696,0.2222222222222222,1587.0480179583978,1730.5671014007671,0.0,-0.027777777777777776,legacy_recorded,null,404
skillnet:alfworld-storage-explorer,all_alfworld,middle,True,-2.0148710032970144e-05,0.1453858086703488,0.32526649321552326,0.03174662344347293,2.9318344137641823,6.903897644428724,47.90716490584813,0.6905273721459206,294.34982675967086,604.9540300684168,0.07848485186933292,0.01958315830740121,-0.0,1618.9861794658302,1815.84261973932,0.0,0.0,legacy_recorded,null,404
skillnet:alfworld-storage-explorer,all_alfworld,late,True,-6.756916200509997e-05,0.15660630430184558,0.3722864895081674,0.1208503269188721,2.8892197911856603,6.810516797128271,47.11425213735612,0.6854624331730311,290.3088107228301,617.339219926996,0.08470846620265755,0.02085422940702371,-0.0,1589.7520227555112,1807.2309860759221,0.0,0.0,legacy_recorded,null,404
skillnet:alfworld-temperature-regulator,all_alfworld,all,True,0.00022934087408502858,0.1522917843411899,0.2507120042161636,-0.3519144921634399,3.4949252009391785,8.401604413986206,56.4739465713501,0.8549644500017166,353.9129304096047,671.3083770878641,0.11986613347959106,0.022733926478418858,-0.0,1306.9333763772843,1399.6737488672452,0.0,0.08333333333333333,legacy_recorded,null,404
skillnet:alfworld-temperature-regulator,all_alfworld,initial,False,,,,,,,,,,,,,,,,0.0,,legacy_recorded,null,404
skillnet:alfworld-temperature-regulator,all_alfworld,early,False,,,,,,,,,,,,,,,,0.0,,legacy_recorded,null,404
skillnet:alfworld-temperature-regulator,all_alfworld,middle,True,0.000314617707765985,0.1070872291121209,0.21510389824975726,-0.7867032546641277,3.546730399131775,9.079957485198975,60.567739486694336,0.8196707963943481,378.0979258535681,827.3281900876184,0.1406406373280819,0.02516145704765434,-0.0,1201.8765496035999,1341.065047532099,0.0,-0.25,legacy_recorded,null,404
skillnet:alfworld-temperature-regulator,all_alfworld,late,True,0.00012629803338720633,0.20691395524298165,0.2937384655922379,0.1734552625248913,3.443120002746582,7.7232513427734375,52.38015365600586,0.8902581036090851,324.68939424814903,482.78443637982724,0.09476360799599798,0.019800660373925968,-0.0,1433.8770420621534,1470.4925963138805,0.0,0.25,legacy_recorded,null,404
skillnet:alfworld-tool-locator,all_alfworld,all,False,,,,,,,,,,,,,0.25,,,0.0,0.0,legacy_recorded,null,404
skillnet:alfworld-tool-locator,all_alfworld,initial,False,,,,,,,,,,,,,,,,0.0,,legacy_recorded,null,404
skillnet:alfworld-tool-locator,all_alfworld,early,False,,,,,,,,,,,,,0.25,,,0.0,0.0,legacy_recorded,null,404
skillnet:alfworld-tool-locator,all_alfworld,middle,False,,,,,,,,,,,,,,,,0.0,,legacy_recorded,null,404
skillnet:alfworld-tool-locator,all_alfworld,late,False,,,,,,,,,,,,,,,,0.0,,legacy_recorded,null,404
skillnet:alfworld-appliance-navigator,all_alfworld,all,True,-6.283073194893273e-05,0.12700703284803144,0.28484906591373843,0.02498126068072332,2.8282172298431396,6.3551471166257505,43.41620522675691,0.6278645987422378,265.45093408967335,463.20559940505836,0.097157742542708,0.01862500870998007,0.04838709677419355,1562.2992138997845,1606.4807084077927,0.0,0.008064516129032258,stable_raw,null,404
skillnet:alfworld-appliance-navigator,all_alfworld,initial,True,-8.825873345479493e-05,0.06391860625501836,0.2078011153452949,-0.11802415939474918,2.576215237379074,6.5654928882916765,48.563503662745156,0.629634348054727,296.7785552463714,518.843130741459,0.0945995173417442,0.014691135148062329,0.047619047619047616,1482.6683286107052,1626.6928840303838,0.0,0.0,stable_raw,null,404
skillnet:alfworld-appliance-navigator,all_alfworld,early,True,-4.437487309634988e-05,0.1169887410132994,0.31702964105294795,0.04209432544591269,2.8522689644294448,6.259562238862243,42.08800748028332,0.6254737418663653,261.3932822013639,455.5916100163955,0.10201955138403872,0.01678836367532973,-0.0,1640.366605080396,1681.2551830606792,0.0,0.0,stable_raw,null,404
skillnet:alfworld-appliance-navigator,all_alfworld,middle,True,-0.00016234857406931822,0.1274099791542049,0.3011234447362456,0.028713275356090025,2.894337541274442,6.4470906840025926,43.891092955611136,0.6337086380893038,272.70431518473333,476.7067596825847,0.09858812347539316,0.018412159190775216,-0.0,1627.3546794268264,1668.8391612956061,0.0,0.0,stable_raw,null,404
skillnet:alfworld-appliance-navigator,all_alfworld,late,True,-3.5348499967382817e-05,0.13416866506012445,0.2817103981266575,0.03378094978298334,2.8318964811823637,6.320159109376317,42.92615008182663,0.6262779334466234,261.2798338880342,455.6895966123409,0.09616867928900603,0.019341090499998763,0.16666666666666666,1537.8775816466318,1574.4998034635782,0.0,0.08333333333333333,stable_raw,null,404
skillnet:alfworld-appliance-preparer,all_alfworld,all,True,0.00016439154300735138,0.0651673254274212,0.15597409192221956,-0.3360509390155724,3.3617565211127785,7.540265504051657,52.82234236773323,0.7590354821261238,320.82018870652274,571.3119108765245,0.03287987824180655,0.007651534437379984,-0.0,1753.607891667758,1751.673242918331,0.0,0.0,stable_raw,null,404
skillnet:alfworld-appliance-preparer,all_alfworld,initial,False,,,,,,,,,,,,,,,,0.0,,stable_raw,null,404
skillnet:alfworld-appliance-preparer,all_alfworld,early,False,,,,,,,,,,,,,,,,0.0,,stable_raw,null,404
skillnet:alfworld-appliance-preparer,all_alfworld,middle,True,0.0001252434524115805,0.05767713896342589,0.1456673808463104,-0.41128076492343635,3.3201976163046703,7.544889381953648,52.67071315220424,0.7478114707129342,320.9109969729062,591.8818475114671,0.0389351598529605,0.00876224809112107,-0.0,1778.4536788070377,1722.740393939615,0.0,0.0,stable_raw,null,404
skillnet:alfworld-appliance-preparer,all_alfworld,late,True,0.000194267717409387,0.07088352036047023,0.16383973984857125,-0.27863870345430786,3.3908477544784548,7.537028789520264,52.92848281860351,0.7668922901153564,320.7508876611248,555.6138013393318,0.028258742275399585,0.006803884543735472,-0.0,1734.6466330614649,1773.753575033667,0.0,0.0,stable_raw,null,404
skillnet:alfworld-clean-object,all_alfworld,all,True,1.392132655980744e-06,0.12173053467214483,0.4054028591745498,-0.03449712956530355,3.7420271180924916,8.017232468339051,52.812018323106834,0.9656035304069519,324.28576869333904,628.5608022391008,0.07121514893423835,0.011852040909679073,0.10810810810810811,1570.2111976081183,1738.0835891913669,0.0,-0.12162162162162163,stable_raw,null,404
skillnet:alfworld-clean-object,all_alfworld,initial,True,-0.00019735092892427856,0.009831367914566479,0.9020725377800147,0.6632150456238023,3.680229961872101,7.974204421043396,57.483177185058594,1.0911730229854584,350.0026741683885,779.1904315259567,0.058205485851025376,0.006440151971377308,0.28,1499.025942732796,2067.427509746346,0.0,-0.14,stable_raw,null,404
skillnet:alfworld-clean-object,all_alfworld,early,True,0.00014986496418413419,0.07867526470215393,0.4205884327224908,-0.07587378657502943,3.6512969553470613,8.111274182796478,53.81162643432617,0.9190356776118278,331.19966351246893,640.9955363935925,0.10248623211532733,0.014857201107377383,-0.2222222222222222,1416.2271984867095,1630.8899918965426,0.0,-0.1111111111111111,stable_raw,null,404
skillnet:alfworld-clean-object,all_alfworld,middle,True,5.191953071808026e-05,0.0964624688310323,0.3503669712801614,-0.11401582196918279,3.8241591137575814,8.090595078755575,52.75220884759742,0.986042851425079,323.9490609485971,646.8107187451719,0.06287560389218978,0.010988774710069094,-0.0,1614.8165670800938,1766.9714500982982,0.0,0.0,stable_raw,null,404
skillnet:alfworld-clean-object,all_alfworld,late,True,-5.226415407069315e-05,0.15062873273197383,0.4082051247131985,-0.014195368339259176,3.725503364223644,7.958910131747006,52.367911520179796,0.9604605520429786,321.6165363928213,609.0316930990443,0.06863973292047995,0.011826845340841654,-0.5,1587.1821220104684,1733.7800790284516,0.0,0.0,stable_raw,null,404
skillnet:alfworld-device-operator,all_alfworld,all,True,0.0002636204999852684,0.1248612824021952,0.30653927323546964,-0.19857864951439014,3.187190896482448,6.904687204716368,48.580853239102886,0.8500641635917976,286.8285530146686,482.25647648829533,0.12827087310448557,0.021666235937800465,0.03389830508474576,1389.5356966804816,1362.8393867075256,0.0,0.0423728813559322,stable_raw,null,404
skillnet:alfworld-device-operator,all_alfworld,initial,True,0.00012811712170305485,0.30282764856887523,0.5984267545055445,0.1513088537377839,2.9476228505373,7.5915922820568085,55.51268815994263,0.8376406654715538,339.4704162479059,529.1454518842884,0.2126417937196557,0.015438155014071487,-0.09090909090909091,1500.2549077140504,1635.4978034786523,0.0,0.11363636363636363,stable_raw,null,404
skillnet:alfworld-device-operator,all_alfworld,early,True,0.0001373817674638944,0.17281535830792386,0.41751835352661026,-0.062362091378633557,3.1286049750914056,6.929452769727592,49.64509210241846,0.8353657463946974,305.2418443775877,492.19765194786,0.1337986375651269,0.017804703346267138,0.07407407407407407,1611.2893721395503,1592.1183878778813,0.0,-0.018518518518518517,stable_raw,null,404
skillnet:alfworld-device-operator,all_alfworld,middle,True,0.00043670219540433076,0.10304545403791762,0.27379398941226984,-0.2576398873554117,3.221736767485335,6.907835743878339,48.22799356821421,0.8574999105285954,285.9080734893343,505.0597073052285,0.12373617335164454,0.022640968526549506,0.2857142857142857,1211.7347729853739,1251.4394233201806,0.0,0.07142857142857142,stable_raw,null,404
skillnet:alfworld-device-operator,all_alfworld,late,True,0.00021710754090327605,0.1250695837117314,0.3029201021377656,-0.19631394926754825,3.190570271959053,6.884704062666012,48.38442780614948,0.8501274061342838,284.58604975431194,472.62390192246147,0.12789601915226562,0.021781674143546422,-0.0,1429.5340384062208,1376.2755090832195,0.0,0.0,stable_raw,null,404
skillnet:alfworld-heat-object-with-appliance,all_alfworld,all,True,-1.732853183605884e-05,0.18801065394908503,0.32741458278023905,-0.08265353382366217,3.0892044207821154,7.111077841014078,48.990718998321114,0.75308865063811,300.9801250225522,570.6877421399206,0.06817217870357982,0.014930160773896011,-0.1875,1605.8556743617642,1741.6137053450182,0.0,0.0,stable_raw,null,404
skillnet:alfworld-heat-object-with-appliance,all_alfworld,initial,False,,,,,,,,,,,,,,,,0.0,,stable_raw,null,404
skillnet:alfworld-heat-object-with-appliance,all_alfworld,early,True,-8.030620874434719e-05,0.22422036450717006,0.36507516632813836,0.020922813488150036,3.0943674511379666,7.302176793416341,51.10432857937283,0.7528518968158298,309.92881346674324,529.4193374355511,0.09614365821800049,0.02095522978467361,-0.15384615384615385,1706.2463593399557,1794.1922072060402,0.0,-0.038461538461538464,stable_raw,null,404
skillnet:alfworld-heat-object-with-appliance,all_alfworld,middle,True,-9.65251950282417e-05,0.19421182802559447,0.39629588221312023,0.04679786515759683,3.1467659598902653,7.204049587249756,49.02349251195004,0.7544407373980472,301.7233192390383,562.6954055942816,0.057503580645976375,0.012144679801778867,-0.3333333333333333,1568.3513840489625,1668.2077221453117,0.0,0.041666666666666664,stable_raw,null,404
skillnet:alfworld-heat-object-with-appliance,all_alfworld,late,True,1.9375798580274418e-05,0.1823700214372114,0.2970047820014052,-0.1427050629151282,3.0666407262436066,7.058019084159774,48.78599294026693,0.7525911909161191,299.8964300382066,577.4799692078801,0.06989208638588303,0.015492260211612839,-0.0,1611.7196099657776,1765.820416020586,0.0,0.0,stable_raw,null,404
skillnet:alfworld-inventory-management,all_alfworld,all,False,,,,,,,,,,,,,-0.0,,,0.0,0.0,stable_raw,null,404
skillnet:alfworld-inventory-management,all_alfworld,initial,False,,,,,,,,,,,,,,,,0.0,,stable_raw,null,404
skillnet:alfworld-inventory-management,all_alfworld,early,False,,,,,,,,,,,,,-0.0,,,0.0,0.0,stable_raw,null,404
skillnet:alfworld-inventory-management,all_alfworld,middle,False,,,,,,,,,,,,,,,,0.0,,stable_raw,null,404
skillnet:alfworld-inventory-management,all_alfworld,late,False,,,,,,,,,,,,,,,,0.0,,stable_raw,null,404
skillnet:alfworld-locate-target-object,all_alfworld,all,True,-0.00015302764448754417,0.027093915154594698,0.630658504719629,0.5086406116724137,2.5857245922088623,7.070978164672852,47.93950271606445,0.7596771717071533,295.77148708471935,535.1153970166018,0.18581453976250828,0.0416727950000908,-0.0,1712.0532954920563,1927.582079776875,0.0,0.0,stable_raw,null,404
skillnet:alfworld-locate-target-object,all_alfworld,initial,False,,,,,,,,,,,,,-0.0,,,0.0,0.0,stable_raw,null,404
skillnet:alfworld-locate-target-object,all_alfworld,early,True,-0.00015302764448754417,0.027093915154594698,0.630658504719629,0.5086406116724137,2.5857245922088623,7.070978164672852,47.93950271606445,0.7596771717071533,295.77148708471935,535.1153970166018,0.18581453976250828,0.0416727950000908,,1712.0532954920563,1927.582079776875,0.0,,stable_raw,null,404
skillnet:alfworld-locate-target-object,all_alfworld,middle,False,,,,,,,,,,,,,,,,0.0,,stable_raw,null,404
skillnet:alfworld-locate-target-object,all_alfworld,late,False,,,,,,,,,,,,,,,,0.0,,stable_raw,null,404
skillnet:alfworld-object-cooler,all_alfworld,all,True,-7.416817885768215e-05,0.2079217772528218,0.4134500788321707,0.11226124993307864,3.1876572284698486,7.257217311096191,48.974406683349606,0.726932414150238,303.21863731673506,531.0979744185432,0.0642068662721797,0.012738677848381607,-0.0,1482.8796524335419,1563.2271277227692,0.0,0.11904761904761904,stable_raw,null,404
skillnet:alfworld-object-cooler,all_alfworld,initial,False,,,,,,,,,,,,,,,,0.0,,stable_raw,null,404
skillnet:alfworld-object-cooler,all_alfworld,early,True,9.543023018858115e-05,0.16717221969703838,0.37321542230282956,-0.010422910947542652,3.1774503431822123,7.271636523698506,48.885812759399414,0.7245575315073917,302.1383730087146,531.8685376599016,0.04181022047614567,0.009001167040280268,-0.0,1485.033381426159,1498.0430710290243,0.0,0.2222222222222222,stable_raw,null,404
skillnet:alfworld-object-cooler,all_alfworld,middle,True,-9.188462397644155e-05,0.1860054176780671,0.4184765508205037,0.10025061043440515,3.1715175550688737,7.195220335474554,49.136953701763034,0.7244041697034296,303.159637908175,533.0093557816008,0.06039378059921137,0.011692723550453732,0.16666666666666666,1538.1389121472075,1592.767762983109,0.0,0.08333333333333333,stable_raw,null,404
skillnet:alfworld-object-cooler,all_alfworld,late,True,-8.310982492689857e-05,0.21973489534100518,0.4152672578715099,0.1278968650596975,3.1945592605064963,7.278968687369445,48.92188704125235,0.7280824992144219,303.3390471530515,530.3218270247216,0.06765961047387277,0.013466127036248289,-0.16666666666666666,1462.2779491159097,1558.2699651540738,0.0,0.0,stable_raw,null,404
skillnet:alfworld-object-disposer,all_alfworld,all,False,,,,,,,,,,,,,-0.0,,,0.0,0.0,stable_raw,null,404
skillnet:alfworld-object-disposer,all_alfworld,initial,False,,,,,,,,,,,,,,,,0.0,,stable_raw,null,404
skillnet:alfworld-object-disposer,all_alfworld,early,False,,,,,,,,,,,,,-0.0,,,0.0,0.0,stable_raw,null,404
skillnet:alfworld-object-disposer,all_alfworld,middle,False,,,,,,,,,,,,,,,,0.0,,stable_raw,null,404
skillnet:alfworld-object-disposer,all_alfworld,late,False,,,,,,,,,,,,,,,,0.0,,stable_raw,null,404
skillnet:alfworld-object-heater,all_alfworld,all,True,7.390530809930634e-05,0.06655612361764204,0.2956076577013383,-0.24326355919792644,3.3277187824249266,7.505389785766601,54.18503913879395,0.8056508362293243,331.9556450441668,722.6538340769854,0.04546601746450105,0.011840194978885301,0.1111111111111111,1615.3193743616682,1882.6510792825588,0.0,-0.05555555555555555,stable_raw,null,404
skillnet:alfworld-object-heater,all_alfworld,initial,False,,,,,,,,,,,,,,,,0.0,,stable_raw,null,404
skillnet:alfworld-object-heater,all_alfworld,early,True,8.255905434784303e-05,0.06880423373465752,0.31557414697686587,-0.16831856642585924,3.2932142151726618,7.4341553582085504,53.813442654079864,0.802139679590861,329.7708165742897,698.3895261680115,0.043059808685956553,0.011195361606378783,-0.0,1618.8332744416139,1850.4436892445242,0.0,0.0,stable_raw,null,404
skillnet:alfworld-object-heater,all_alfworld,middle,True,-5.551816546348653e-06,0.04591438527049994,0.11227898344422171,-0.9313948564687259,3.6382598876953125,8.146499633789062,57.5294075012207,0.8372512459754944,352.016342813039,945.4442976048388,0.06755938897659153,0.017760937762808796,0.25,1583.0553827185302,2178.3734787226927,0.0,-0.125,stable_raw,null,404
skillnet:alfworld-object-heater,all_alfworld,late,False,,,,,,,,,,,,,-0.0,,,0.0,0.0,stable_raw,null,404
skillnet:alfworld-object-picker,all_alfworld,all,True,-5.560875877526348e-05,0.14696611052554368,0.2721347275824724,-0.017303158928081652,2.9555700492858885,6.4068866539001466,41.86294692993164,0.6063738918304443,259.33388641498385,425.2645569396578,0.06509554579761549,0.013662703741314886,-0.0,1597.6692602445069,1540.6624091793335,0.0,0.0,stable_raw,null,404
skillnet:alfworld-object-picker,all_alfworld,initial,False,,,,,,,,,,,,,,,,0.0,,stable_raw,null,404
skillnet:alfworld-object-picker,all_alfworld,early,True,-7.367465346266668e-05,0.1477708533339636,0.27296595985066013,-0.0073976564020630025,2.946037088121687,6.294979822067988,41.15639586675735,0.5982541158085778,254.707154461732,412.900849822492,0.06502555384662483,0.013941554134079479,-0.0,1590.7998323421327,1522.5635174548727,0.0,-0.125,stable_raw,null,404
skillnet:alfworld-object-picker,all_alfworld,middle,True,0.0006069718769939152,0.009957290491790385,0.09824640668460957,-0.4644797479450779,3.0154714584350586,6.300637245178223,38.555870056152344,0.6467043161392212,238.5796509832762,390.48420843389147,0.09424545729177505,0.01079659875828075,-0.0,1633.8977767435897,1453.3611450188973,0.0,0.5,stable_raw,null,404
skillnet:alfworld-object-picker,all_alfworld,late,True,-0.0001494543236274599,0.18608208164988954,0.32305839487071586,0.061414728014966925,3.002333641052246,7.225650946299235,47.911163330078125,0.6497688492139181,297.19378531590763,519.7141005669725,0.05609252043242583,0.0127189189694591,-0.0,1632.0918950257687,1690.7503668784734,0.0,0.0,stable_raw,null,404
skillnet:alfworld-object-placer,all_alfworld,all,True,-2.233466844407133e-05,0.1921341775763184,0.4194520888359534,0.07612809398464454,3.0402103442121557,7.048111928600661,46.637429351538,0.7021491328962672,286.1617800772722,529.3977789154728,0.07154567425119833,0.015165558958181216,0.17391304347826086,1473.9365178376652,1562.0822704809373,0.0,0.08695652173913043,stable_raw,null,404
skillnet:alfworld-object-placer,all_alfworld,initial,True,-0.0002561822226000565,0.02508075170493142,0.2715634097984009,-0.1543447128101172,2.8576160073280334,6.7144511342048645,48.649090051651,0.7431039437651634,295.5303315091182,592.944265449533,0.05676474349700377,0.011354840258621952,0.6666666666666666,1358.9413903212028,1714.065782908539,0.0,0.0,stable_raw,null,404
skillnet:alfworld-object-placer,all_alfworld,early,True,-4.754375930580199e-05,0.13765499169071335,0.37586577130910126,0.005860040214393018,2.865186093345521,6.673522775135343,44.64465774051727,0.7020805998454018,275.7312837237313,563.5862455143202,0.05337531539796237,0.011149061076722222,0.25,1505.9246111274406,1664.6488114283147,0.0,0.125,stable_raw,null,404
skillnet:alfworld-object-placer,all_alfworld,middle,True,-6.40680665920501e-06,0.17526361412272917,0.40783928044468587,0.033781097851506924,3.031979744748552,7.076007663741592,46.73884963989258,0.6973977418139924,286.8572743941571,546.0788036358023,0.07459092913033824,0.015645902867715285,0.1,1457.2108667846273,1565.7290972575156,0.0,0.0,stable_raw,null,404
skillnet:alfworld-object-placer,all_alfworld,late,True,-2.189495011170573e-05,0.20409947716449295,0.42864857477474255,0.09834473669609634,3.060324902230121,7.075321677927678,46.72152397719134,0.702868656685415,286.55609407490056,520.5974168276372,0.0721365884241166,0.015366020417099545,-0.0,1478.720555730338,1551.044892770104,0.0,0.25,stable_raw,null,404
skillnet:alfworld-object-retriever,all_alfworld,all,False,,,,,,,,,,,,,-0.0,,,0.0,0.0,stable_raw,null,404
skillnet:alfworld-object-retriever,all_alfworld,initial,False,,,,,,,,,,,,,-0.0,,,0.0,0.0,stable_raw,null,404
skillnet:alfworld-object-retriever,all_alfworld,early,False,,,,,,,,,,,,,-0.0,,,0.0,0.0,stable_raw,null,404
skillnet:alfworld-object-retriever,all_alfworld,middle,False,,,,,,,,,,,,,,,,0.0,,stable_raw,null,404
skillnet:alfworld-object-retriever,all_alfworld,late,False,,,,,,,,,,,,,,,,0.0,,stable_raw,null,404
skillnet:alfworld-object-state-inspector,all_alfworld,all,True,-3.0597651859586836e-05,0.1813647173551762,0.34299952211221113,-0.16147977613032227,3.286219292714781,7.143562963433134,48.18019460615957,0.804200778031409,298.93272874742576,581.0696846021076,0.08896419793104762,0.01774240334391375,0.05555555555555555,1463.905784244779,1592.8713171070867,0.0,0.1388888888888889,stable_raw,null,404
skillnet:alfworld-object-state-inspector,all_alfworld,initial,True,-9.04962211344788e-05,0.07048737455314898,0.24236756612739346,-0.2123748874630995,3.1096162497997284,7.107507944107056,51.184510231018066,0.8187874481081963,310.9493518842553,616.7782026206455,0.03605401854430148,0.006375633090493769,-0.1,1276.7321787207588,1514.9641286827832,0.0,-0.1,stable_raw,null,404
skillnet:alfworld-object-state-inspector,all_alfworld,early,True,3.542299052842e-05,0.18010687631134545,0.32630765343980794,-0.228681411761774,3.300842598080635,7.175551891326904,48.693536043167114,0.8150212727487087,299.9315879411622,596.3194653157634,0.0663210052771534,0.01202811116184441,0.2857142857142857,1495.6232947742362,1618.3112847166092,0.0,0.5,stable_raw,null,404
skillnet:alfworld-object-state-inspector,all_alfworld,middle,True,-5.194165168491249e-05,0.20519503864200744,0.36982953456577033,-0.059337381518456925,3.2788976222276687,7.198763513565064,48.55931124687195,0.8159878723323345,301.75119410040185,562.9995323304724,0.09865275015492937,0.018929072163716174,-0.0,1468.1359861120984,1574.7830896911685,0.0,0.0,stable_raw,null,404
skillnet:alfworld-object-state-inspector,all_alfworld,late,True,-3.0628905046892396e-05,0.1774970956031868,0.3397840745917047,-0.18122483547123755,3.2917053579856845,7.125099703402502,47.9264642038653,0.7991616499466708,297.7477274735908,583.5491517487678,0.09006392112195209,0.018323794803556722,,1463.6221569211577,1596.9180534745099,0.0,,stable_raw,null,404
skillnet:alfworld-object-storer,all_alfworld,all,True,3.431415654706761e-05,0.09477408251654501,0.3046397139780313,-0.10446122609254432,3.0051535920998487,7.204071049837722,46.849450534152,0.7296697245430701,287.466240076336,498.8284011090794,0.09490949278089425,0.022618632830433513,0.1111111111111111,1648.7722361162498,1655.618849548546,0.0,-0.08333333333333333,stable_raw,null,404
skillnet:alfworld-object-storer,all_alfworld,initial,False,,,,,,,,,,,,,,,,0.0,,stable_raw,null,404
skillnet:alfworld-object-storer,all_alfworld,early,True,-0.00013095499474328502,0.08613659047106854,0.23931235228822176,-0.22997496013976496,2.9608640330178395,7.08374057497297,47.234300885881694,0.7359471661703927,286.99894571836506,500.52795486280246,0.09785511844140776,0.02414154903816701,0.25,1522.7081870380002,1676.5123398868966,0.0,0.0,stable_raw,null,404
skillnet:alfworld-object-storer,all_alfworld,middle,True,-4.766871263025882e-05,0.10710256253500083,0.3473595952228123,0.026052961453754846,2.992758830388387,7.310576385921902,47.0276985168457,0.7299461795224084,287.4048791982198,507.2548705746847,0.09307052799622977,0.02253178895363342,-0.0,1613.1044757936925,1634.2735154546888,0.0,-0.16666666666666666,stable_raw,null,404
skillnet:alfworld-object-storer,all_alfworld,late,True,7.034520359043598e-05,0.09245153589422786,0.2998637858779379,-0.12589894731366058,3.0125582118829093,7.189143511984083,46.76747253206041,0.7289903039733568,287.52496893676397,496.53812813477424,0.09510274430923348,0.022499843700211113,-0.0,1669.4545539278276,1659.09111674061,0.0,-0.125,stable_raw,null,404
skillnet:alfworld-object-transporter,all_alfworld,all,False,,,,,,,,,,,,,-0.0,,,0.0,0.0,stable_raw,null,404
skillnet:alfworld-object-transporter,all_alfworld,initial,False,,,,,,,,,,,,,,,,0.0,,stable_raw,null,404
skillnet:alfworld-object-transporter,all_alfworld,early,False,,,,,,,,,,,,,,,,0.0,,stable_raw,null,404
skillnet:alfworld-object-transporter,all_alfworld,middle,False,,,,,,,,,,,,,,,,0.0,,stable_raw,null,404
skillnet:alfworld-object-transporter,all_alfworld,late,False,,,,,,,,,,,,,-0.0,,,0.0,0.0,stable_raw,null,404
skillnet:alfworld-receptacle-closer,all_alfworld,all,True,-3.832099096311589e-05,0.481642771228619,0.6202771487186935,0.30098124157403333,3.210500955581665,8.157561302185059,58.13300704956055,0.8150591254234314,353.2348754891238,567.0247004768419,0.0026059130789718877,0.0006183626453819325,0.2,1869.6697613117306,1808.7888062561171,0.0,-0.2,stable_raw,null,404
skillnet:alfworld-receptacle-closer,all_alfworld,initial,False,,,,,,,,,,,,,,,,0.0,,stable_raw,null,404
skillnet:alfworld-receptacle-closer,all_alfworld,early,False,,,,,,,,,,,,,,,,0.0,,stable_raw,null,404
skillnet:alfworld-receptacle-closer,all_alfworld,middle,True,-3.832099096311589e-05,0.481642771228619,0.6202771487186935,0.30098124157403333,3.210500955581665,8.157561302185059,58.13300704956055,0.8150591254234314,353.2348754891238,567.0247004768419,0.0026059130789718877,0.0006183626453819325,0.25,1869.6697613117306,1808.7888062561171,0.0,-0.125,stable_raw,null,404
skillnet:alfworld-receptacle-closer,all_alfworld,late,False,,,,,,,,,,,,,-0.0,,,0.0,-0.5,stable_raw,null,404
skillnet:alfworld-receptacle-finder,all_alfworld,all,True,0.0002952237449058713,0.055399167650838556,0.19053051187349723,-0.3058870438897146,3.000163836987158,6.854283801468787,47.09060143932854,0.756663907741763,274.59153276986825,450.77460971128437,0.15534791638046955,0.02494770383014171,0.1,1539.7416820621147,1518.0181817097482,0.0,0.0,stable_raw,null,404
skillnet:alfworld-receptacle-finder,all_alfworld,initial,True,0.000413186653938658,0.07667425911368035,0.3375310632584649,-0.08423211860610438,3.0262278094887733,7.6291292905807495,56.79624342918396,0.7777866963297129,299.3448303552036,530.1842843748555,0.11818675409653498,0.02471194056857106,0.3333333333333333,1017.8231025980958,1246.1382337296654,0.0,0.0,stable_raw,null,404
skillnet:alfworld-receptacle-finder,all_alfworld,early,True,0.00012352749894894698,0.07923156011785558,0.2422769258027881,-0.11255275769131409,2.8748659801483156,6.623866577148437,45.649664306640624,0.716508412361145,276.1015781357714,443.80233865109165,0.09622034170847435,0.012508585673529991,-0.0,1736.7790168675451,1749.565269995136,0.0,0.0,stable_raw,null,404
skillnet:alfworld-receptacle-finder,all_alfworld,middle,True,0.00017848703421538157,0.0498403870882,0.17671057741303756,-0.3401859861137944,3.01627963164757,6.796297591308067,46.61416921944454,0.7571602227358982,285.2491802233926,478.28998136504026,0.13575240047939333,0.01888331817787827,-0.0,1738.4944869931837,1683.8354799721526,0.0,0.0,stable_raw,null,404
skillnet:alfworld-receptacle-finder,all_alfworld,late,True,0.00033050487420562983,0.05181443850964538,0.17220743050300508,-0.34299343746422445,3.009438351417581,6.837232254445553,46.61334219574928,0.7599823269993067,269.07857828419264,436.0628194243715,0.17084258222832624,0.027864834471694914,-0.0,1525.2272957303787,1480.6331737154287,0.0,0.0,stable_raw,null,404
skillnet:alfworld-receptacle-navigator,all_alfworld,all,False,,,,,,,,,,,,,-0.0,,,0.0,-0.25,stable_raw,null,404
skillnet:alfworld-receptacle-navigator,all_alfworld,initial,False,,,,,,,,,,,,,,,,0.0,,stable_raw,null,404
skillnet:alfworld-receptacle-navigator,all_alfworld,early,False,,,,,,,,,,,,,-0.0,,,0.0,-0.25,stable_raw,null,404
skillnet:alfworld-receptacle-navigator,all_alfworld,middle,False,,,,,,,,,,,,,,,,0.0,,stable_raw,null,404
skillnet:alfworld-receptacle-navigator,all_alfworld,late,False,,,,,,,,,,,,,,,,0.0,,stable_raw,null,404
skillnet:alfworld-receptacle-opener,all_alfworld,all,True,-2.1617824882263006e-05,0.01416891026240107,0.053279234406960564,0.030474275294559133,2.78187894821167,6.249998899606558,46.74561133751502,0.60908626134579,289.4727472399258,500.9399704651172,0.0700155004868674,0.014057662008398393,-0.0,1658.8760929503924,1737.1769409483634,0.0,0.0,stable_raw,null,404
skillnet:alfworld-receptacle-opener,all_alfworld,initial,False,,,,,,,,,,,,,,,,0.0,,stable_raw,null,404
skillnet:alfworld-receptacle-opener,all_alfworld,early,False,,,,,,,,,,,,,-0.0,,,0.0,0.0,stable_raw,null,404
skillnet:alfworld-receptacle-opener,all_alfworld,middle,True,0.0,0.0,0.0,-0.0,2.846848964691162,6.255877494812012,48.91943359375,0.6396254897117615,301.5848395918951,495.88817370532087,0.04540854477263984,0.006639612498983868,-0.0,1861.6710063059531,1744.513462539251,0.0,0.0,stable_raw,null,404
skillnet:alfworld-receptacle-opener,all_alfworld,late,True,-2.536264494060778e-05,0.016623367158250073,0.06250870808375689,0.035753283613301656,2.7700662179426714,6.248930064114657,46.350370927290484,0.6035336743701588,287.37458950966345,501.81508486445205,0.07427812273657611,0.015342678458848149,-0.0,1623.7462654399806,1735.9060474444302,0.0,0.0,stable_raw,null,404
skillnet:alfworld-receptacle-operator,all_alfworld,all,True,-6.15374572573203e-05,0.021409537352569646,0.06292581078072554,0.03517708776565882,2.9467035007476805,6.481529674530029,45.8459506225586,0.7023389649391174,281.7287665821899,503.9496535503665,0.039501982179101044,0.008812615745986662,-0.0,1633.7184033947192,1718.4844201875096,0.0,-0.14285714285714285,stable_raw,null,404
skillnet:alfworld-receptacle-operator,all_alfworld,initial,False,,,,,,,,,,,,,,,,0.0,,stable_raw,null,404
skillnet:alfworld-receptacle-operator,all_alfworld,early,False,,,,,,,,,,,,,-0.0,,,0.0,-0.25,stable_raw,null,404
skillnet:alfworld-receptacle-operator,all_alfworld,middle,True,0.0,0.0,0.0,-0.0,2.9265928268432617,6.541675488154094,46.07763989766439,0.6983487208684286,283.01887742505346,548.629099519091,0.04802434456545164,0.010198024105269167,-0.0,1509.326626694336,1690.4190842722126,0.0,-0.16666666666666666,stable_raw,null,404
skillnet:alfworld-receptacle-operator,all_alfworld,late,True,-8.119525610340869e-05,0.028248695117973836,0.08302711144679063,0.046414213024133164,2.953054239875392,6.462536259701378,45.77278558831466,0.7035990420140719,281.31664784071967,489.67705275480176,0.03677956086123905,0.008370054742326972,-0.0,1673.4546653962304,1727.4497358271183,0.0,0.0,stable_raw,null,404
skillnet:alfworld-receptacle-searcher,all_alfworld,all,False,,,,,,,,,,,,,-0.0,,,0.0,-0.25,stable_raw,null,404
skillnet:alfworld-receptacle-searcher,all_alfworld,initial,False,,,,,,,,,,,,,-0.0,,,0.0,-0.25,stable_raw,null,404
skillnet:alfworld-receptacle-searcher,all_alfworld,early,False,,,,,,,,,,,,,,,,0.0,,stable_raw,null,404
skillnet:alfworld-receptacle-searcher,all_alfworld,middle,False,,,,,,,,,,,,,,,,0.0,,stable_raw,null,404
skillnet:alfworld-receptacle-searcher,all_alfworld,late,False,,,,,,,,,,,,,,,,0.0,,stable_raw,null,404
skillnet:alfworld-storage-explorer,all_alfworld,all,True,-4.088151751365206e-05,0.15449828670766083,0.35354860480795236,0.07964618685046705,2.889043673304201,6.838349744563795,47.347729093245874,0.6846391968144715,291.385571614454,608.0379411495314,0.08419749459136958,0.020465196733085785,0.06818181818181818,1594.5614156719218,1799.1909592231452,0.0,0.045454545454545456,stable_raw,null,404
skillnet:alfworld-storage-explorer,all_alfworld,initial,True,0.00022799553311453008,0.12121244547883667,0.3072150711945238,-0.18140293248332565,2.7384453415870667,6.991622984409332,53.21408557891846,0.7127574048936367,320.64879967528617,554.7599816329385,0.07778022253589435,0.017441402418547747,-0.043478260869565216,1502.3762694519223,1793.4441792050093,0.0,0.10869565217391304,stable_raw,null,404
skillnet:alfworld-storage-explorer,all_alfworld,early,True,9.27771323086522e-06,0.16524644655975113,0.3201272217333336,-0.0017456441229626505,2.8381482500296373,6.833182247785421,46.583262516902046,0.6663726018025324,287.3692594690554,575.0833412300552,0.09280072659284955,0.020545464634789696,0.2222222222222222,1587.0480179572737,1730.5671011330317,0.0,-0.027777777777777776,stable_raw,null,404
skillnet:alfworld-storage-explorer,all_alfworld,middle,True,-1.9073593654091216e-05,0.14534628622279733,0.3250161308529286,0.0318133184248963,2.9318344137641823,6.903897644428724,47.90716490584813,0.6905273721459206,294.34982676316974,604.9540300349738,0.07848485186933292,0.01958315830740121,-0.0,1618.9861793567973,1815.8426196541557,0.0,0.0,stable_raw,null,404
skillnet:alfworld-storage-explorer,all_alfworld,late,True,-6.649121594466333e-05,0.15657288132652922,0.372022626852857,0.12086662145299516,2.8892197911856603,6.810516797128271,47.11425213735612,0.6854624331730311,290.308810724647,617.3392198730988,0.08470846620265755,0.02085422940702371,-0.0,1589.7520226776521,1807.2309859385819,0.0,0.0,stable_raw,null,404
skillnet:alfworld-temperature-regulator,all_alfworld,all,True,0.00022937684274103754,0.15216356787167942,0.25047790916755097,-0.35092832869244717,3.4949252009391785,8.401604413986206,56.4739465713501,0.8549644500017166,353.91293044706697,671.3083771774453,0.11986613347959106,0.022733926478418858,-0.0,1306.9333760820773,1399.6737483773982,0.0,0.08333333333333333,stable_raw,null,404
skillnet:alfworld-temperature-regulator,all_alfworld,initial,False,,,,,,,,,,,,,,,,0.0,,stable_raw,null,404
skillnet:alfworld-temperature-regulator,all_alfworld,early,False,,,,,,,,,,,,,,,,0.0,,stable_raw,null,404
skillnet:alfworld-temperature-regulator,all_alfworld,middle,True,0.000315327263260615,0.107187190529522,0.21501306068476697,-0.7845649107918917,3.546730399131775,9.079957485198975,60.567739486694336,0.8196707963943481,378.0979259519851,827.3281902257676,0.1406406373280819,0.02516145704765434,-0.0,1201.876549501148,1341.065046844528,0.0,-0.25,stable_raw,null,404
skillnet:alfworld-temperature-regulator,all_alfworld,late,True,0.00012552008461321471,0.20651002382678638,0.293331267750915,0.17304920801104842,3.443120002746582,7.7232513427734375,52.38015365600586,0.8902581036090851,324.68939421195773,482.7844364107227,0.09476360799599798,0.019800660373925968,-0.0,1433.8770415340325,1470.4925960629491,0.0,0.25,stable_raw,null,404
skillnet:alfworld-tool-locator,all_alfworld,all,False,,,,,,,,,,,,,0.25,,,0.0,0.0,stable_raw,null,404
skillnet:alfworld-tool-locator,all_alfworld,initial,False,,,,,,,,,,,,,,,,0.0,,stable_raw,null,404
skillnet:alfworld-tool-locator,all_alfworld,early,False,,,,,,,,,,,,,0.25,,,0.0,0.0,stable_raw,null,404
skillnet:alfworld-tool-locator,all_alfworld,middle,False,,,,,,,,,,,,,,,,0.0,,stable_raw,null,404
skillnet:alfworld-tool-locator,all_alfworld,late,False,,,,,,,,,,,,,,,,0.0,,stable_raw,null,404
skillnet:alfworld-appliance-navigator,all_alfworld,all,True,0.0006836045151610269,0.12700703284803144,0.28484906591373843,0.02498126068072332,2.8282172298431396,6.3551471166257505,43.41620522675691,0.6278645987422378,265.45093408967335,463.20559940505836,0.097157742542708,0.01862500870998007,0.04838709677419355,1562.2992138997845,1606.4807084077927,0.0,0.008064516129032258,stable_centered_gate,null,404
skillnet:alfworld-appliance-navigator,all_alfworld,initial,True,0.000342801674487194,0.06391860625501836,0.2078011153452949,-0.11802415939474918,2.576215237379074,6.5654928882916765,48.563503662745156,0.629634348054727,296.7785552463714,518.843130741459,0.0945995173417442,0.014691135148062329,0.047619047619047616,1482.6683286107052,1626.6928840303838,0.0,0.0,stable_centered_gate,null,404
skillnet:alfworld-appliance-navigator,all_alfworld,early,True,0.00026819926375086213,0.1169887410132994,0.31702964105294795,0.04209432544591269,2.8522689644294448,6.259562238862243,42.08800748028332,0.6254737418663653,261.3932822013639,455.5916100163955,0.10201955138403872,0.01678836367532973,-0.0,1640.366605080396,1681.2551830606792,0.0,0.0,stable_centered_gate,null,404
skillnet:alfworld-appliance-navigator,all_alfworld,middle,True,0.0005872635859598998,0.1274099791542049,0.3011234447362456,0.028713275356090025,2.894337541274442,6.4470906840025926,43.891092955611136,0.6337086380893038,272.70431518473333,476.7067596825847,0.09858812347539316,0.018412159190775216,-0.0,1627.3546794268264,1668.8391612956061,0.0,0.0,stable_centered_gate,null,404
skillnet:alfworld-appliance-navigator,all_alfworld,late,True,0.0008104766100977811,0.13416866506012445,0.2817103981266575,0.03378094978298334,2.8318964811823637,6.320159109376317,42.92615008182663,0.6262779334466234,261.2798338880342,455.6895966123409,0.09616867928900603,0.019341090499998763,0.16666666666666666,1537.8775816466318,1574.4998034635782,0.0,0.08333333333333333,stable_centered_gate,null,404
skillnet:alfworld-appliance-preparer,all_alfworld,all,True,-0.0018718262409909015,0.0651673254274212,0.15597409192221956,-0.3360509390155724,3.3617565211127785,7.540265504051657,52.82234236773323,0.7590354821261238,320.82018870652274,571.3119108765245,0.03287987824180655,0.007651534437379984,-0.0,1753.607891667758,1751.673242918331,0.0,0.0,stable_centered_gate,null,404
skillnet:alfworld-appliance-preparer,all_alfworld,initial,False,,,,,,,,,,,,,,,,0.0,,stable_centered_gate,null,404
skillnet:alfworld-appliance-preparer,all_alfworld,early,False,,,,,,,,,,,,,,,,0.0,,stable_centered_gate,null,404
skillnet:alfworld-appliance-preparer,all_alfworld,middle,True,-0.0020509255065619134,0.05767713896342589,0.1456673808463104,-0.41128076492343635,3.3201976163046703,7.544889381953648,52.67071315220424,0.7478114707129342,320.9109969729062,591.8818475114671,0.0389351598529605,0.00876224809112107,-0.0,1778.4536788070377,1722.740393939615,0.0,0.0,stable_centered_gate,null,404
skillnet:alfworld-appliance-preparer,all_alfworld,late,True,-0.0017351452225288137,0.07088352036047023,0.16383973984857125,-0.27863870345430786,3.3908477544784548,7.537028789520264,52.92848281860351,0.7668922901153564,320.7508876611248,555.6138013393318,0.028258742275399585,0.006803884543735472,-0.0,1734.6466330614649,1773.753575033667,0.0,0.0,stable_centered_gate,null,404
skillnet:alfworld-clean-object,all_alfworld,all,True,-0.0006208330655749738,0.12173053467214483,0.4054028591745498,-0.03449712956530355,3.7420271180924916,8.017232468339051,52.812018323106834,0.9656035304069519,324.28576869333904,628.5608022391008,0.07121514893423835,0.011852040909679073,0.10810810810810811,1570.2111976081183,1738.0835891913669,0.0,-0.12162162162162163,stable_centered_gate,null,404
skillnet:alfworld-clean-object,all_alfworld,initial,True,-0.002571047600968068,0.009831367914566479,0.9020725377800147,0.6632150456238023,3.680229961872101,7.974204421043396,57.483177185058594,1.0911730229854584,350.0026741683885,779.1904315259567,0.058205485851025376,0.006440151971377308,0.28,1499.025942732796,2067.427509746346,0.0,-0.14,stable_centered_gate,null,404
skillnet:alfworld-clean-object,all_alfworld,early,True,-0.0004771657168429492,0.07867526470215393,0.4205884327224908,-0.07587378657502943,3.6512969553470613,8.111274182796478,53.81162643432617,0.9190356776118278,331.19966351246893,640.9955363935925,0.10248623211532733,0.014857201107377383,-0.2222222222222222,1416.2271984867095,1630.8899918965426,0.0,-0.1111111111111111,stable_centered_gate,null,404
skillnet:alfworld-clean-object,all_alfworld,middle,True,-0.0014408907125743543,0.0964624688310323,0.3503669712801614,-0.11401582196918279,3.8241591137575814,8.090595078755575,52.75220884759742,0.986042851425079,323.9490609485971,646.8107187451719,0.06287560389218978,0.010988774710069094,-0.0,1614.8165670800938,1766.9714500982982,0.0,0.0,stable_centered_gate,null,404
skillnet:alfworld-clean-object,all_alfworld,late,True,-0.00013305295068652133,0.15062873273197383,0.4082051247131985,-0.014195368339259176,3.725503364223644,7.958910131747006,52.367911520179796,0.9604605520429786,321.6165363928213,609.0316930990443,0.06863973292047995,0.011826845340841654,-0.5,1587.1821220104684,1733.7800790284516,0.0,0.0,stable_centered_gate,null,404
skillnet:alfworld-device-operator,all_alfworld,all,True,-2.572452026956905e-05,0.1248612824021952,0.30653927323546964,-0.19857864951439014,3.187190896482448,6.904687204716368,48.580853239102886,0.8500641635917976,286.8285530146686,482.25647648829533,0.12827087310448557,0.021666235937800465,0.03389830508474576,1389.5356966804816,1362.8393867075256,0.0,0.0423728813559322,stable_centered_gate,null,404
skillnet:alfworld-device-operator,all_alfworld,initial,True,-0.0002966253582537208,0.30282764856887523,0.5984267545055445,0.1513088537377839,2.9476228505373,7.5915922820568085,55.51268815994263,0.8376406654715538,339.4704162479059,529.1454518842884,0.2126417937196557,0.015438155014071487,-0.09090909090909091,1500.2549077140504,1635.4978034786523,0.0,0.11363636363636363,stable_centered_gate,null,404
skillnet:alfworld-device-operator,all_alfworld,early,True,-0.0005792056773111423,0.17281535830792386,0.41751835352661026,-0.062362091378633557,3.1286049750914056,6.929452769727592,49.64509210241846,0.8353657463946974,305.2418443775877,492.19765194786,0.1337986375651269,0.017804703346267138,0.07407407407407407,1611.2893721395503,1592.1183878778813,0.0,-0.018518518518518517,stable_centered_gate,null,404
skillnet:alfworld-device-operator,all_alfworld,middle,True,0.0005056122131622347,0.10304545403791762,0.27379398941226984,-0.2576398873554117,3.221736767485335,6.907835743878339,48.22799356821421,0.8574999105285954,285.9080734893343,505.0597073052285,0.12373617335164454,0.022640968526549506,0.2857142857142857,1211.7347729853739,1251.4394233201806,0.0,0.07142857142857142,stable_centered_gate,null,404
skillnet:alfworld-device-operator,all_alfworld,late,True,-0.0001561025069043385,0.1250695837117314,0.3029201021377656,-0.19631394926754825,3.190570271959053,6.884704062666012,48.38442780614948,0.8501274061342838,284.58604975431194,472.62390192246147,0.12789601915226562,0.021781674143546422,-0.0,1429.5340384062208,1376.2755090832195,0.0,0.0,stable_centered_gate,null,404
skillnet:alfworld-heat-object-with-appliance,all_alfworld,all,True,0.0010889975870208206,0.18801065394908503,0.32741458278023905,-0.08265353382366217,3.0892044207821154,7.111077841014078,48.990718998321114,0.75308865063811,300.9801250225522,570.6877421399206,0.06817217870357982,0.014930160773896011,-0.1875,1605.8556743617642,1741.6137053450182,0.0,0.0,stable_centered_gate,null,404
skillnet:alfworld-heat-object-with-appliance,all_alfworld,initial,False,,,,,,,,,,,,,,,,0.0,,stable_centered_gate,null,404
skillnet:alfworld-heat-object-with-appliance,all_alfworld,early,True,0.0005939940560282495,0.22422036450717006,0.36507516632813836,0.020922813488150036,3.0943674511379666,7.302176793416341,51.10432857937283,0.7528518968158298,309.92881346674324,529.4193374355511,0.09614365821800049,0.02095522978467361,-0.15384615384615385,1706.2463593399557,1794.1922072060402,0.0,-0.038461538461538464,stable_centered_gate,null,404
skillnet:alfworld-heat-object-with-appliance,all_alfworld,middle,True,0.0002355543602765001,0.19421182802559447,0.39629588221312023,0.04679786515759683,3.1467659598902653,7.204049587249756,49.02349251195004,0.7544407373980472,301.7233192390383,562.6954055942816,0.057503580645976375,0.012144679801778867,-0.3333333333333333,1568.3513840489625,1668.2077221453117,0.0,0.041666666666666664,stable_centered_gate,null,404
skillnet:alfworld-heat-object-with-appliance,all_alfworld,late,True,0.0014682876199319354,0.1823700214372114,0.2970047820014052,-0.1427050629151282,3.0666407262436066,7.058019084159774,48.78599294026693,0.7525911909161191,299.8964300382066,577.4799692078801,0.06989208638588303,0.015492260211612839,-0.0,1611.7196099657776,1765.820416020586,0.0,0.0,stable_centered_gate,null,404
skillnet:alfworld-inventory-management,all_alfworld,all,False,,,,,,,,,,,,,-0.0,,,0.0,0.0,stable_centered_gate,null,404
skillnet:alfworld-inventory-management,all_alfworld,initial,False,,,,,,,,,,,,,,,,0.0,,stable_centered_gate,null,404
skillnet:alfworld-inventory-management,all_alfworld,early,False,,,,,,,,,,,,,-0.0,,,0.0,0.0,stable_centered_gate,null,404
skillnet:alfworld-inventory-management,all_alfworld,middle,False,,,,,,,,,,,,,,,,0.0,,stable_centered_gate,null,404
skillnet:alfworld-inventory-management,all_alfworld,late,False,,,,,,,,,,,,,,,,0.0,,stable_centered_gate,null,404
skillnet:alfworld-locate-target-object,all_alfworld,all,True,-0.003016370649117616,0.027093915154594698,0.630658504719629,0.5086406116724137,2.5857245922088623,7.070978164672852,47.93950271606445,0.7596771717071533,295.77148708471935,535.1153970166018,0.18581453976250828,0.0416727950000908,-0.0,1712.0532954920563,1927.582079776875,0.0,0.0,stable_centered_gate,null,404
skillnet:alfworld-locate-target-object,all_alfworld,initial,False,,,,,,,,,,,,,-0.0,,,0.0,0.0,stable_centered_gate,null,404
skillnet:alfworld-locate-target-object,all_alfworld,early,True,-0.003016370649117616,0.027093915154594698,0.630658504719629,0.5086406116724137,2.5857245922088623,7.070978164672852,47.93950271606445,0.7596771717071533,295.77148708471935,535.1153970166018,0.18581453976250828,0.0416727950000908,,1712.0532954920563,1927.582079776875,0.0,,stable_centered_gate,null,404
skillnet:alfworld-locate-target-object,all_alfworld,middle,False,,,,,,,,,,,,,,,,0.0,,stable_centered_gate,null,404
skillnet:alfworld-locate-target-object,all_alfworld,late,False,,,,,,,,,,,,,,,,0.0,,stable_centered_gate,null,404
skillnet:alfworld-object-cooler,all_alfworld,all,True,0.0006959763228490209,0.2079217772528218,0.4134500788321707,0.11226124993307864,3.1876572284698486,7.257217311096191,48.974406683349606,0.726932414150238,303.21863731673506,531.0979744185432,0.0642068662721797,0.012738677848381607,-0.0,1482.8796524335419,1563.2271277227692,0.0,0.11904761904761904,stable_centered_gate,null,404
skillnet:alfworld-object-cooler,all_alfworld,initial,False,,,,,,,,,,,,,,,,0.0,,stable_centered_gate,null,404
skillnet:alfworld-object-cooler,all_alfworld,early,True,0.0003960838387573166,0.16717221969703838,0.37321542230282956,-0.010422910947542652,3.1774503431822123,7.271636523698506,48.885812759399414,0.7245575315073917,302.1383730087146,531.8685376599016,0.04181022047614567,0.009001167040280268,-0.0,1485.033381426159,1498.0430710290243,0.0,0.2222222222222222,stable_centered_gate,null,404
skillnet:alfworld-object-cooler,all_alfworld,middle,True,0.00023289641020778692,0.1860054176780671,0.4184765508205037,0.10025061043440515,3.1715175550688737,7.195220335474554,49.136953701763034,0.7244041697034296,303.159637908175,533.0093557816008,0.06039378059921137,0.011692723550453732,0.16666666666666666,1538.1389121472075,1592.767762983109,0.0,0.08333333333333333,stable_centered_gate,null,404
skillnet:alfworld-object-cooler,all_alfworld,late,True,0.0008943525127690561,0.21973489534100518,0.4152672578715099,0.1278968650596975,3.1945592605064963,7.278968687369445,48.92188704125235,0.7280824992144219,303.3390471530515,530.3218270247216,0.06765961047387277,0.013466127036248289,-0.16666666666666666,1462.2779491159097,1558.2699651540738,0.0,0.0,stable_centered_gate,null,404
skillnet:alfworld-object-disposer,all_alfworld,all,False,,,,,,,,,,,,,-0.0,,,0.0,0.0,stable_centered_gate,null,404
skillnet:alfworld-object-disposer,all_alfworld,initial,False,,,,,,,,,,,,,,,,0.0,,stable_centered_gate,null,404
skillnet:alfworld-object-disposer,all_alfworld,early,False,,,,,,,,,,,,,-0.0,,,0.0,0.0,stable_centered_gate,null,404
skillnet:alfworld-object-disposer,all_alfworld,middle,False,,,,,,,,,,,,,,,,0.0,,stable_centered_gate,null,404
skillnet:alfworld-object-disposer,all_alfworld,late,False,,,,,,,,,,,,,,,,0.0,,stable_centered_gate,null,404
skillnet:alfworld-object-heater,all_alfworld,all,True,0.0014985865883368834,0.06655612361764204,0.2956076577013383,-0.24326355919792644,3.3277187824249266,7.505389785766601,54.18503913879395,0.8056508362293243,331.9556450441668,722.6538340769854,0.04546601746450105,0.011840194978885301,0.1111111111111111,1615.3193743616682,1882.6510792825588,0.0,-0.05555555555555555,stable_centered_gate,null,404
skillnet:alfworld-object-heater,all_alfworld,initial,False,,,,,,,,,,,,,,,,0.0,,stable_centered_gate,null,404
skillnet:alfworld-object-heater,all_alfworld,early,True,0.0013199467034767554,0.06880423373465752,0.31557414697686587,-0.16831856642585924,3.2932142151726618,7.4341553582085504,53.813442654079864,0.802139679590861,329.7708165742897,698.3895261680115,0.043059808685956553,0.011195361606378783,-0.0,1618.8332744416139,1850.4436892445242,0.0,0.0,stable_centered_gate,null,404
skillnet:alfworld-object-heater,all_alfworld,middle,True,0.003138825531143513,0.04591438527049994,0.11227898344422171,-0.9313948564687259,3.6382598876953125,8.146499633789062,57.5294075012207,0.8372512459754944,352.016342813039,945.4442976048388,0.06755938897659153,0.017760937762808796,0.25,1583.0553827185302,2178.3734787226927,0.0,-0.125,stable_centered_gate,null,404
skillnet:alfworld-object-heater,all_alfworld,late,False,,,,,,,,,,,,,-0.0,,,0.0,0.0,stable_centered_gate,null,404
skillnet:alfworld-object-picker,all_alfworld,all,True,0.0002893448282970004,0.14696611052554368,0.2721347275824724,-0.017303158928081652,2.9555700492858885,6.4068866539001466,41.86294692993164,0.6063738918304443,259.33388641498385,425.2645569396578,0.06509554579761549,0.013662703741314886,-0.0,1597.6692602445069,1540.6624091793335,0.0,0.0,stable_centered_gate,null,404
skillnet:alfworld-object-picker,all_alfworld,initial,False,,,,,,,,,,,,,,,,0.0,,stable_centered_gate,null,404
skillnet:alfworld-object-picker,all_alfworld,early,True,0.00011090719848580592,0.1477708533339636,0.27296595985066013,-0.0073976564020630025,2.946037088121687,6.294979822067988,41.15639586675735,0.5982541158085778,254.707154461732,412.900849822492,0.06502555384662483,0.013941554134079479,-0.0,1590.7998323421327,1522.5635174548727,0.0,-0.125,stable_centered_gate,null,404
skillnet:alfworld-object-picker,all_alfworld,middle,True,-0.0004192286349977655,0.009957290491790385,0.09824640668460957,-0.4644797479450779,3.0154714584350586,6.300637245178223,38.555870056152344,0.6467043161392212,238.5796509832762,390.48420843389147,0.09424545729177505,0.01079659875828075,-0.0,1633.8977767435897,1453.3611450188973,0.0,0.5,stable_centered_gate,null,404
skillnet:alfworld-object-picker,all_alfworld,late,True,0.0017196242643480824,0.18608208164988954,0.32305839487071586,0.061414728014966925,3.002333641052246,7.225650946299235,47.911163330078125,0.6497688492139181,297.19378531590763,519.7141005669725,0.05609252043242583,0.0127189189694591,-0.0,1632.0918950257687,1690.7503668784734,0.0,0.0,stable_centered_gate,null,404
skillnet:alfworld-object-placer,all_alfworld,all,True,0.0011768952334176607,0.1921341775763184,0.4194520888359534,0.07612809398464454,3.0402103442121557,7.048111928600661,46.637429351538,0.7021491328962672,286.1617800772722,529.3977789154728,0.07154567425119833,0.015165558958181216,0.17391304347826086,1473.9365178376652,1562.0822704809373,0.0,0.08695652173913043,stable_centered_gate,null,404
skillnet:alfworld-object-placer,all_alfworld,initial,True,0.0006792482291760416,0.02508075170493142,0.2715634097984009,-0.1543447128101172,2.8576160073280334,6.7144511342048645,48.649090051651,0.7431039437651634,295.5303315091182,592.944265449533,0.05676474349700377,0.011354840258621952,0.6666666666666666,1358.9413903212028,1714.065782908539,0.0,0.0,stable_centered_gate,null,404
skillnet:alfworld-object-placer,all_alfworld,early,True,0.0006538969428794875,0.13765499169071335,0.37586577130910126,0.005860040214393018,2.865186093345521,6.673522775135343,44.64465774051727,0.7020805998454018,275.7312837237313,563.5862455143202,0.05337531539796237,0.011149061076722222,0.25,1505.9246111274406,1664.6488114283147,0.0,0.125,stable_centered_gate,null,404
skillnet:alfworld-object-placer,all_alfworld,middle,True,0.0008292989282516482,0.17526361412272917,0.40783928044468587,0.033781097851506924,3.031979744748552,7.076007663741592,46.73884963989258,0.6973977418139924,286.8572743941571,546.0788036358023,0.07459092913033824,0.015645902867715285,0.1,1457.2108667846273,1565.7290972575156,0.0,0.0,stable_centered_gate,null,404
skillnet:alfworld-object-placer,all_alfworld,late,True,0.0013334826269409236,0.20409947716449295,0.42864857477474255,0.09834473669609634,3.060324902230121,7.075321677927678,46.72152397719134,0.702868656685415,286.55609407490056,520.5974168276372,0.0721365884241166,0.015366020417099545,-0.0,1478.720555730338,1551.044892770104,0.0,0.25,stable_centered_gate,null,404
skillnet:alfworld-object-retriever,all_alfworld,all,False,,,,,,,,,,,,,-0.0,,,0.0,0.0,stable_centered_gate,null,404
skillnet:alfworld-object-retriever,all_alfworld,initial,False,,,,,,,,,,,,,-0.0,,,0.0,0.0,stable_centered_gate,null,404
skillnet:alfworld-object-retriever,all_alfworld,early,False,,,,,,,,,,,,,-0.0,,,0.0,0.0,stable_centered_gate,null,404
skillnet:alfworld-object-retriever,all_alfworld,middle,False,,,,,,,,,,,,,,,,0.0,,stable_centered_gate,null,404
skillnet:alfworld-object-retriever,all_alfworld,late,False,,,,,,,,,,,,,,,,0.0,,stable_centered_gate,null,404
skillnet:alfworld-object-state-inspector,all_alfworld,all,True,0.001008035326843201,0.1813647173551762,0.34299952211221113,-0.16147977613032227,3.286219292714781,7.143562963433134,48.18019460615957,0.804200778031409,298.93272874742576,581.0696846021076,0.08896419793104762,0.01774240334391375,0.05555555555555555,1463.905784244779,1592.8713171070867,0.0,0.1388888888888889,stable_centered_gate,null,404
skillnet:alfworld-object-state-inspector,all_alfworld,initial,True,0.00041895357788576524,0.07048737455314898,0.24236756612739346,-0.2123748874630995,3.1096162497997284,7.107507944107056,51.184510231018066,0.8187874481081963,310.9493518842553,616.7782026206455,0.03605401854430148,0.006375633090493769,-0.1,1276.7321787207588,1514.9641286827832,0.0,-0.1,stable_centered_gate,null,404
skillnet:alfworld-object-state-inspector,all_alfworld,early,True,0.0008786790182694273,0.18010687631134545,0.32630765343980794,-0.228681411761774,3.300842598080635,7.175551891326904,48.693536043167114,0.8150212727487087,299.9315879411622,596.3194653157634,0.0663210052771534,0.01202811116184441,0.2857142857142857,1495.6232947742362,1618.3112847166092,0.0,0.5,stable_centered_gate,null,404
skillnet:alfworld-object-state-inspector,all_alfworld,middle,True,0.0009842276065551788,0.20519503864200744,0.36982953456577033,-0.059337381518456925,3.2788976222276687,7.198763513565064,48.55931124687195,0.8159878723323345,301.75119410040185,562.9995323304724,0.09865275015492937,0.018929072163716174,-0.0,1468.1359861120984,1574.7830896911685,0.0,0.0,stable_centered_gate,null,404
skillnet:alfworld-object-state-inspector,all_alfworld,late,True,0.0010432408747362957,0.1774970956031868,0.3397840745917047,-0.18122483547123755,3.2917053579856845,7.125099703402502,47.9264642038653,0.7991616499466708,297.7477274735908,583.5491517487678,0.09006392112195209,0.018323794803556722,,1463.6221569211577,1596.9180534745099,0.0,,stable_centered_gate,null,404
skillnet:alfworld-object-storer,all_alfworld,all,True,-0.0013450883687672476,0.09477408251654501,0.3046397139780313,-0.10446122609254432,3.0051535920998487,7.204071049837722,46.849450534152,0.7296697245430701,287.466240076336,498.8284011090794,0.09490949278089425,0.022618632830433513,0.1111111111111111,1648.7722361162498,1655.618849548546,0.0,-0.08333333333333333,stable_centered_gate,null,404
skillnet:alfworld-object-storer,all_alfworld,initial,False,,,,,,,,,,,,,,,,0.0,,stable_centered_gate,null,404
skillnet:alfworld-object-storer,all_alfworld,early,True,-0.0006989003780800578,0.08613659047106854,0.23931235228822176,-0.22997496013976496,2.9608640330178395,7.08374057497297,47.234300885881694,0.7359471661703927,286.99894571836506,500.52795486280246,0.09785511844140776,0.02414154903816701,0.25,1522.7081870380002,1676.5123398868966,0.0,0.0,stable_centered_gate,null,404
skillnet:alfworld-object-storer,all_alfworld,middle,True,-0.0012507015506402364,0.10710256253500083,0.3473595952228123,0.026052961453754846,2.992758830388387,7.310576385921902,47.0276985168457,0.7299461795224084,287.4048791982198,507.2548705746847,0.09307052799622977,0.02253178895363342,-0.0,1613.1044757936925,1634.2735154546888,0.0,-0.16666666666666666,stable_centered_gate,null,404
skillnet:alfworld-object-storer,all_alfworld,late,True,-0.0014287141737557795,0.09245153589422786,0.2998637858779379,-0.12589894731366058,3.0125582118829093,7.189143511984083,46.76747253206041,0.7289903039733568,287.52496893676397,496.53812813477424,0.09510274430923348,0.022499843700211113,-0.0,1669.4545539278276,1659.09111674061,0.0,-0.125,stable_centered_gate,null,404
skillnet:alfworld-object-transporter,all_alfworld,all,False,,,,,,,,,,,,,-0.0,,,0.0,0.0,stable_centered_gate,null,404
skillnet:alfworld-object-transporter,all_alfworld,initial,False,,,,,,,,,,,,,,,,0.0,,stable_centered_gate,null,404
skillnet:alfworld-object-transporter,all_alfworld,early,False,,,,,,,,,,,,,,,,0.0,,stable_centered_gate,null,404
skillnet:alfworld-object-transporter,all_alfworld,middle,False,,,,,,,,,,,,,,,,0.0,,stable_centered_gate,null,404
skillnet:alfworld-object-transporter,all_alfworld,late,False,,,,,,,,,,,,,-0.0,,,0.0,0.0,stable_centered_gate,null,404
skillnet:alfworld-receptacle-closer,all_alfworld,all,True,0.002108697279369097,0.481642771228619,0.6202771487186935,0.30098124157403333,3.210500955581665,8.157561302185059,58.13300704956055,0.8150591254234314,353.2348754891238,567.0247004768419,0.0026059130789718877,0.0006183626453819325,0.2,1869.6697613117306,1808.7888062561171,0.0,-0.2,stable_centered_gate,null,404
skillnet:alfworld-receptacle-closer,all_alfworld,initial,False,,,,,,,,,,,,,,,,0.0,,stable_centered_gate,null,404
skillnet:alfworld-receptacle-closer,all_alfworld,early,False,,,,,,,,,,,,,,,,0.0,,stable_centered_gate,null,404
skillnet:alfworld-receptacle-closer,all_alfworld,middle,True,0.002108697279369097,0.481642771228619,0.6202771487186935,0.30098124157403333,3.210500955581665,8.157561302185059,58.13300704956055,0.8150591254234314,353.2348754891238,567.0247004768419,0.0026059130789718877,0.0006183626453819325,0.25,1869.6697613117306,1808.7888062561171,0.0,-0.125,stable_centered_gate,null,404
skillnet:alfworld-receptacle-closer,all_alfworld,late,False,,,,,,,,,,,,,-0.0,,,0.0,-0.5,stable_centered_gate,null,404
skillnet:alfworld-receptacle-finder,all_alfworld,all,True,-0.0003296911497683189,0.055399167650838556,0.19053051187349723,-0.3058870438897146,3.000163836987158,6.854283801468787,47.09060143932854,0.756663907741763,274.59153276986825,450.77460971128437,0.15534791638046955,0.02494770383014171,0.1,1539.7416820621147,1518.0181817097482,0.0,0.0,stable_centered_gate,null,404
skillnet:alfworld-receptacle-finder,all_alfworld,initial,True,0.001045736700882785,0.07667425911368035,0.3375310632584649,-0.08423211860610438,3.0262278094887733,7.6291292905807495,56.79624342918396,0.7777866963297129,299.3448303552036,530.1842843748555,0.11818675409653498,0.02471194056857106,0.3333333333333333,1017.8231025980958,1246.1382337296654,0.0,0.0,stable_centered_gate,null,404
skillnet:alfworld-receptacle-finder,all_alfworld,early,True,-0.00013923331272954978,0.07923156011785558,0.2422769258027881,-0.11255275769131409,2.8748659801483156,6.623866577148437,45.649664306640624,0.716508412361145,276.1015781357714,443.80233865109165,0.09622034170847435,0.012508585673529991,-0.0,1736.7790168675451,1749.565269995136,0.0,0.0,stable_centered_gate,null,404
skillnet:alfworld-receptacle-finder,all_alfworld,middle,True,-0.001046736113202969,0.0498403870882,0.17671057741303756,-0.3401859861137944,3.01627963164757,6.796297591308067,46.61416921944454,0.7571602227358982,285.2491802233926,478.28998136504026,0.13575240047939333,0.01888331817787827,-0.0,1738.4944869931837,1683.8354799721526,0.0,0.0,stable_centered_gate,null,404
skillnet:alfworld-receptacle-finder,all_alfworld,late,True,-0.0003223211547176296,0.05181443850964538,0.17220743050300508,-0.34299343746422445,3.009438351417581,6.837232254445553,46.61334219574928,0.7599823269993067,269.07857828419264,436.0628194243715,0.17084258222832624,0.027864834471694914,-0.0,1525.2272957303787,1480.6331737154287,0.0,0.0,stable_centered_gate,null,404
skillnet:alfworld-receptacle-navigator,all_alfworld,all,False,,,,,,,,,,,,,-0.0,,,0.0,-0.25,stable_centered_gate,null,404
skillnet:alfworld-receptacle-navigator,all_alfworld,initial,False,,,,,,,,,,,,,,,,0.0,,stable_centered_gate,null,404
skillnet:alfworld-receptacle-navigator,all_alfworld,early,False,,,,,,,,,,,,,-0.0,,,0.0,-0.25,stable_centered_gate,null,404
skillnet:alfworld-receptacle-navigator,all_alfworld,middle,False,,,,,,,,,,,,,,,,0.0,,stable_centered_gate,null,404
skillnet:alfworld-receptacle-navigator,all_alfworld,late,False,,,,,,,,,,,,,,,,0.0,,stable_centered_gate,null,404
skillnet:alfworld-receptacle-opener,all_alfworld,all,True,0.00012190786068407842,0.01416891026240107,0.053279234406960564,0.030474275294559133,2.78187894821167,6.249998899606558,46.74561133751502,0.60908626134579,289.4727472399258,500.9399704651172,0.0700155004868674,0.014057662008398393,-0.0,1658.8760929503924,1737.1769409483634,0.0,0.0,stable_centered_gate,null,404
skillnet:alfworld-receptacle-opener,all_alfworld,initial,False,,,,,,,,,,,,,,,,0.0,,stable_centered_gate,null,404
skillnet:alfworld-receptacle-opener,all_alfworld,early,False,,,,,,,,,,,,,-0.0,,,0.0,0.0,stable_centered_gate,null,404
skillnet:alfworld-receptacle-opener,all_alfworld,middle,True,0.0,0.0,0.0,-0.0,2.846848964691162,6.255877494812012,48.91943359375,0.6396254897117615,301.5848395918951,495.88817370532087,0.04540854477263984,0.006639612498983868,-0.0,1861.6710063059531,1744.513462539251,0.0,0.0,stable_centered_gate,null,404
skillnet:alfworld-receptacle-opener,all_alfworld,late,True,0.00014302575781045422,0.016623367158250073,0.06250870808375689,0.035753283613301656,2.7700662179426714,6.248930064114657,46.350370927290484,0.6035336743701588,287.37458950966345,501.81508486445205,0.07427812273657611,0.015342678458848149,-0.0,1623.7462654399806,1735.9060474444302,0.0,0.0,stable_centered_gate,null,404
skillnet:alfworld-receptacle-operator,all_alfworld,all,True,4.4115314441305906e-05,0.021409537352569646,0.06292581078072554,0.03517708776565882,2.9467035007476805,6.481529674530029,45.8459506225586,0.7023389649391174,281.7287665821899,503.9496535503665,0.039501982179101044,0.008812615745986662,-0.0,1633.7184033947192,1718.4844201875096,0.0,-0.14285714285714285,stable_centered_gate,null,404
skillnet:alfworld-receptacle-operator,all_alfworld,initial,False,,,,,,,,,,,,,,,,0.0,,stable_centered_gate,null,404
skillnet:alfworld-receptacle-operator,all_alfworld,early,False,,,,,,,,,,,,,-0.0,,,0.0,-0.25,stable_centered_gate,null,404
skillnet:alfworld-receptacle-operator,all_alfworld,middle,True,0.0,0.0,0.0,-0.0,2.9265928268432617,6.541675488154094,46.07763989766439,0.6983487208684286,283.01887742505346,548.629099519091,0.04802434456545164,0.010198024105269167,-0.0,1509.326626694336,1690.4190842722126,0.0,-0.16666666666666666,stable_centered_gate,null,404
skillnet:alfworld-receptacle-operator,all_alfworld,late,True,5.820770655450085e-05,0.028248695117973836,0.08302711144679063,0.046414213024133164,2.953054239875392,6.462536259701378,45.77278558831466,0.7035990420140719,281.31664784071967,489.67705275480176,0.03677956086123905,0.008370054742326972,-0.0,1673.4546653962304,1727.4497358271183,0.0,0.0,stable_centered_gate,null,404
skillnet:alfworld-receptacle-searcher,all_alfworld,all,False,,,,,,,,,,,,,-0.0,,,0.0,-0.25,stable_centered_gate,null,404
skillnet:alfworld-receptacle-searcher,all_alfworld,initial,False,,,,,,,,,,,,,-0.0,,,0.0,-0.25,stable_centered_gate,null,404
skillnet:alfworld-receptacle-searcher,all_alfworld,early,False,,,,,,,,,,,,,,,,0.0,,stable_centered_gate,null,404
skillnet:alfworld-receptacle-searcher,all_alfworld,middle,False,,,,,,,,,,,,,,,,0.0,,stable_centered_gate,null,404
skillnet:alfworld-receptacle-searcher,all_alfworld,late,False,,,,,,,,,,,,,,,,0.0,,stable_centered_gate,null,404
skillnet:alfworld-storage-explorer,all_alfworld,all,True,-0.0012280299741871388,0.15449828670766083,0.35354860480795236,0.07964618685046705,2.889043673304201,6.838349744563795,47.347729093245874,0.6846391968144715,291.385571614454,608.0379411495314,0.08419749459136958,0.020465196733085785,0.06818181818181818,1594.5614156719218,1799.1909592231452,0.0,0.045454545454545456,stable_centered_gate,null,404
skillnet:alfworld-storage-explorer,all_alfworld,initial,True,-6.111327703294403e-05,0.12121244547883667,0.3072150711945238,-0.18140293248332565,2.7384453415870667,6.991622984409332,53.21408557891846,0.7127574048936367,320.64879967528617,554.7599816329385,0.07778022253589435,0.017441402418547747,-0.043478260869565216,1502.3762694519223,1793.4441792050093,0.0,0.10869565217391304,stable_centered_gate,null,404
skillnet:alfworld-storage-explorer,all_alfworld,early,True,-0.000628572319328973,0.16524644655975113,0.3201272217333336,-0.0017456441229626505,2.8381482500296373,6.833182247785421,46.583262516902046,0.6663726018025324,287.3692594690554,575.0833412300552,0.09280072659284955,0.020545464634789696,0.2222222222222222,1587.0480179572737,1730.5671011330317,0.0,-0.027777777777777776,stable_centered_gate,null,404
skillnet:alfworld-storage-explorer,all_alfworld,middle,True,-0.00104315570395363,0.14534628622279733,0.3250161308529286,0.0318133184248963,2.9318344137641823,6.903897644428724,47.90716490584813,0.6905273721459206,294.34982676316974,604.9540300349738,0.07848485186933292,0.01958315830740121,-0.0,1618.9861793567973,1815.8426196541557,0.0,0.0,stable_centered_gate,null,404
skillnet:alfworld-storage-explorer,all_alfworld,late,True,-0.001449632378241849,0.15657288132652922,0.372022626852857,0.12086662145299516,2.8892197911856603,6.810516797128271,47.11425213735612,0.6854624331730311,290.308810724647,617.3392198730988,0.08470846620265755,0.02085422940702371,-0.0,1589.7520226776521,1807.2309859385819,0.0,0.0,stable_centered_gate,null,404
skillnet:alfworld-temperature-regulator,all_alfworld,all,True,0.0008029044601891616,0.15216356787167942,0.25047790916755097,-0.35092832869244717,3.4949252009391785,8.401604413986206,56.4739465713501,0.8549644500017166,353.91293044706697,671.3083771774453,0.11986613347959106,0.022733926478418858,-0.0,1306.9333760820773,1399.6737483773982,0.0,0.08333333333333333,stable_centered_gate,null,404
skillnet:alfworld-temperature-regulator,all_alfworld,initial,False,,,,,,,,,,,,,,,,0.0,,stable_centered_gate,null,404
skillnet:alfworld-temperature-regulator,all_alfworld,early,False,,,,,,,,,,,,,,,,0.0,,stable_centered_gate,null,404
skillnet:alfworld-temperature-regulator,all_alfworld,middle,True,0.0008192754762314143,0.107187190529522,0.21501306068476697,-0.7845649107918917,3.546730399131775,9.079957485198975,60.567739486694336,0.8196707963943481,378.0979259519851,827.3281902257676,0.1406406373280819,0.02516145704765434,-0.0,1201.876549501148,1341.065046844528,0.0,-0.25,stable_centered_gate,null,404
skillnet:alfworld-temperature-regulator,all_alfworld,late,True,0.000783122815804773,0.20651002382678638,0.293331267750915,0.17304920801104842,3.443120002746582,7.7232513427734375,52.38015365600586,0.8902581036090851,324.68939421195773,482.7844364107227,0.09476360799599798,0.019800660373925968,-0.0,1433.8770415340325,1470.4925960629491,0.0,0.25,stable_centered_gate,null,404
skillnet:alfworld-tool-locator,all_alfworld,all,False,,,,,,,,,,,,,0.25,,,0.0,0.0,stable_centered_gate,null,404
skillnet:alfworld-tool-locator,all_alfworld,initial,False,,,,,,,,,,,,,,,,0.0,,stable_centered_gate,null,404
skillnet:alfworld-tool-locator,all_alfworld,early,False,,,,,,,,,,,,,0.25,,,0.0,0.0,stable_centered_gate,null,404
skillnet:alfworld-tool-locator,all_alfworld,middle,False,,,,,,,,,,,,,,,,0.0,,stable_centered_gate,null,404
skillnet:alfworld-tool-locator,all_alfworld,late,False,,,,,,,,,,,,,,,,0.0,,stable_centered_gate,null,404
