context_id,phase,score,k,n_candidates,events,threshold,target,expected_hits,precision_at_k,recall_at_k,captured_change_mass,spearman,kendall
all_alfworld,all,C_upd,1,18,5,0.0,decline,0.0,0.0,0.0,0.0,0.10721729474563782,0.06882001158461118
all_alfworld,all,C_upd,2,18,5,0.0,decline,1.0,0.5,0.2,0.1550754239070246,0.10721729474563782,0.06882001158461118
all_alfworld,all,C_upd,5,18,5,0.0,decline,2.0,0.4,0.4,0.40922681308798153,0.10721729474563782,0.06882001158461118
all_alfworld,all,C_upd,9,18,5,0.0,decline,4.0,0.4444444444444444,0.8,0.5425274994742774,0.10721729474563782,0.06882001158461118
all_alfworld,all,D_contribution,1,18,5,0.0,decline,1.0,1.0,0.2,0.4574725005257226,-0.14716099278813033,-0.11011201853537787
all_alfworld,all,D_contribution,2,18,5,0.0,decline,1.0,0.5,0.2,0.4574725005257226,-0.14716099278813033,-0.11011201853537787
all_alfworld,all,D_contribution,5,18,5,0.0,decline,2.0,0.4,0.4,0.5289525787328667,-0.14716099278813033,-0.11011201853537787
all_alfworld,all,D_contribution,9,18,5,0.0,decline,2.0,0.2222222222222222,0.4,0.5289525787328667,-0.14716099278813033,-0.11011201853537787
all_alfworld,all,D_ungated_contribution,1,18,5,0.0,decline,1.0,1.0,0.2,0.4574725005257226,0.013664949330326389,0.0
all_alfworld,all,D_ungated_contribution,2,18,5,0.0,decline,1.0,0.5,0.2,0.4574725005257226,0.013664949330326389,0.0
all_alfworld,all,D_ungated_contribution,5,18,5,0.0,decline,2.0,0.4,0.4,0.5192931087048743,0.013664949330326389,0.0
all_alfworld,all,D_ungated_contribution,9,18,5,0.0,decline,4.0,0.4444444444444444,0.8,0.8449245760929754,0.013664949330326389,0.0
all_alfworld,all,P_int,1,18,5,0.0,decline,1.0,1.0,0.2,0.4574725005257226,-0.06412014685768537,-0.11011201853537787
all_alfworld,all,P_int,2,18,5,0.0,decline,1.0,0.5,0.2,0.4574725005257226,-0.06412014685768537,-0.11011201853537787
all_alfworld,all,P_int,5,18,5,0.0,decline,1.0,0.2,0.2,0.4574725005257226,-0.06412014685768537,-0.11011201853537787
all_alfworld,all,P_int,9,18,5,0.0,decline,2.0,0.2222222222222222,0.4,0.5289525787328667,-0.06412014685768537,-0.11011201853537787
all_alfworld,all,activation_l16_norm,1,18,5,0.0,decline,1.0,1.0,0.2,0.0618206081791517,0.1881558407791095,0.16516802780306683
all_alfworld,all,activation_l16_norm,2,18,5,0.0,decline,1.0,0.5,0.2,0.0618206081791517,0.1881558407791095,0.16516802780306683
all_alfworld,all,activation_l16_norm,5,18,5,0.0,decline,2.0,0.4,0.4,0.5192931087048743,0.1881558407791095,0.16516802780306683
all_alfworld,all,activation_l16_norm,9,18,5,0.0,decline,5.0,0.5555555555555556,1.0,1.0,0.1881558407791095,0.16516802780306683
all_alfworld,all,activation_l24_norm,1,18,5,0.0,decline,1.0,1.0,0.2,0.4574725005257226,0.20287194005792256,0.15140402548614457
all_alfworld,all,activation_l24_norm,2,18,5,0.0,decline,1.0,0.5,0.2,0.4574725005257226,0.20287194005792256,0.15140402548614457
all_alfworld,all,activation_l24_norm,5,18,5,0.0,decline,3.0,0.6,0.6,0.7734444978858313,0.20287194005792256,0.15140402548614457
all_alfworld,all,activation_l24_norm,9,18,5,0.0,decline,4.0,0.4444444444444444,0.8,0.8449245760929754,0.20287194005792256,0.15140402548614457
all_alfworld,all,activation_l32_norm,1,18,5,0.0,decline,1.0,1.0,0.2,0.4574725005257226,0.4025904302703851,0.2890440486553669
all_alfworld,all,activation_l32_norm,2,18,5,0.0,decline,1.0,0.5,0.2,0.4574725005257226,0.4025904302703851,0.2890440486553669
all_alfworld,all,activation_l32_norm,5,18,5,0.0,decline,3.0,0.6,0.6,0.7734444978858313,0.4025904302703851,0.2890440486553669
all_alfworld,all,activation_l32_norm,9,18,5,0.0,decline,4.0,0.4444444444444444,0.8,0.8449245760929754,0.4025904302703851,0.2890440486553669
all_alfworld,all,activation_l8_norm,1,18,5,0.0,decline,1.0,1.0,0.2,0.0618206081791517,0.3100892348035604,0.1926960324369113
all_alfworld,all,activation_l8_norm,2,18,5,0.0,decline,1.0,0.5,0.2,0.0618206081791517,0.3100892348035604,0.1926960324369113
all_alfworld,all,activation_l8_norm,5,18,5,0.0,decline,4.0,0.8,0.8,0.9285199217928558,0.3100892348035604,0.1926960324369113
all_alfworld,all,activation_l8_norm,9,18,5,0.0,decline,4.0,0.4444444444444444,0.8,0.9285199217928558,0.3100892348035604,0.1926960324369113
all_alfworld,all,delta_centered_norm,1,18,5,0.0,decline,1.0,1.0,0.2,0.4574725005257226,0.3489817828975662,0.23398803938767798
all_alfworld,all,delta_centered_norm,2,18,5,0.0,decline,1.0,0.5,0.2,0.4574725005257226,0.3489817828975662,0.23398803938767798
all_alfworld,all,delta_centered_norm,5,18,5,0.0,decline,3.0,0.6,0.6,0.7734444978858313,0.3489817828975662,0.23398803938767798
all_alfworld,all,delta_centered_norm,9,18,5,0.0,decline,4.0,0.4444444444444444,0.8,0.8449245760929754,0.3489817828975662,0.23398803938767798
all_alfworld,all,delta_norm,1,18,5,0.0,decline,0.0,0.0,0.0,0.0,0.06412014685768537,0.055056009267688936
all_alfworld,all,delta_norm,2,18,5,0.0,decline,0.0,0.0,0.0,0.0,0.06412014685768537,0.055056009267688936
all_alfworld,all,delta_norm,5,18,5,0.0,decline,2.0,0.4,0.4,0.31597199736010867,0.06412014685768537,0.055056009267688936
all_alfworld,all,delta_norm,9,18,5,0.0,decline,3.0,0.3333333333333333,0.6,0.3874520755672528,0.06412014685768537,0.055056009267688936
all_alfworld,all,forward_kl_original,1,18,5,0.0,decline,0.0,0.0,0.0,0.0,-0.42992032893103793,-0.3165720532892114
all_alfworld,all,forward_kl_original,2,18,5,0.0,decline,0.0,0.0,0.0,0.0,-0.42992032893103793,-0.3165720532892114
all_alfworld,all,forward_kl_original,5,18,5,0.0,decline,1.0,0.2,0.2,0.1550754239070246,-0.42992032893103793,-0.3165720532892114
all_alfworld,all,forward_kl_original,9,18,5,0.0,decline,1.0,0.1111111111111111,0.2,0.1550754239070246,-0.42992032893103793,-0.3165720532892114
all_alfworld,all,js_original,1,18,5,0.0,decline,0.0,0.0,0.0,0.0,-0.4604036774371507,-0.3165720532892114
all_alfworld,all,js_original,2,18,5,0.0,decline,0.0,0.0,0.0,0.0,-0.4604036774371507,-0.3165720532892114
all_alfworld,all,js_original,5,18,5,0.0,decline,1.0,0.2,0.2,0.1550754239070246,-0.4604036774371507,-0.3165720532892114
all_alfworld,all,js_original,9,18,5,0.0,decline,1.0,0.1111111111111111,0.2,0.1550754239070246,-0.4604036774371507,-0.3165720532892114
all_alfworld,all,old_margin,1,18,5,0.0,decline,0.0,0.0,0.0,0.0,-0.1017675561083567,-0.08727330428821684
all_alfworld,all,old_margin,2,18,5,0.0,decline,1.0,0.5,0.2,0.4574725005257226,-0.1017675561083567,-0.08727330428821684
all_alfworld,all,old_margin,5,18,5,0.0,decline,3.0,0.6,0.6,0.7734444978858313,-0.1017675561083567,-0.08727330428821684
all_alfworld,all,old_margin,9,18,5,0.0,decline,3.0,0.3333333333333333,0.6,0.7734444978858313,-0.1017675561083567,-0.08727330428821684
all_alfworld,all,u_control_norm,1,18,5,0.0,decline,0.0,0.0,0.0,0.0,0.5203192245008894,0.3853920648738226
all_alfworld,all,u_control_norm,2,18,5,0.0,decline,0.0,0.0,0.0,0.0,0.5203192245008894,0.3853920648738226
all_alfworld,all,u_control_norm,5,18,5,0.0,decline,2.0,0.4,0.4,0.5289525787328667,0.5203192245008894,0.3853920648738226
all_alfworld,all,u_control_norm,9,18,5,0.0,decline,3.0,0.3333333333333333,0.6,0.5907731869120184,0.5203192245008894,0.3853920648738226
all_alfworld,all,u_original_norm,1,18,5,0.0,decline,0.0,0.0,0.0,0.0,0.5077054251190496,0.39915606719074476
all_alfworld,all,u_original_norm,2,18,5,0.0,decline,1.0,0.5,0.2,0.254151389180957,0.5077054251190496,0.39915606719074476
all_alfworld,all,u_original_norm,5,18,5,0.0,decline,2.0,0.4,0.4,0.7116238897066796,0.5077054251190496,0.39915606719074476
all_alfworld,all,u_original_norm,9,18,5,0.0,decline,4.0,0.4444444444444444,0.8,0.8449245760929754,0.5077054251190496,0.39915606719074476
all_alfworld,all,random_expected,1,18,5,0.0,decline,0.2777777777777778,0.2777777777777778,0.05555555555555556,0.05555555555555556,,
all_alfworld,all,random_expected,2,18,5,0.0,decline,0.5555555555555556,0.2777777777777778,0.11111111111111112,0.11111111111111112,,
all_alfworld,all,random_expected,5,18,5,0.0,decline,1.3888888888888888,0.2777777777777778,0.2777777777777778,0.2777777777777778,,
all_alfworld,all,random_expected,9,18,5,0.0,decline,2.5,0.2777777777777778,0.5,0.5,,
all_alfworld,all,C_upd,1,18,2,0.05,decline,0.0,0.0,0.0,0.0,0.10721729474563782,0.06882001158461118
all_alfworld,all,C_upd,2,18,2,0.05,decline,0.0,0.0,0.0,0.1550754239070246,0.10721729474563782,0.06882001158461118
all_alfworld,all,C_upd,5,18,2,0.05,decline,1.0,0.2,0.5,0.40922681308798153,0.10721729474563782,0.06882001158461118
all_alfworld,all,C_upd,9,18,2,0.05,decline,1.0,0.1111111111111111,0.5,0.5425274994742774,0.10721729474563782,0.06882001158461118
all_alfworld,all,D_contribution,1,18,2,0.05,decline,1.0,1.0,0.5,0.4574725005257226,-0.14716099278813033,-0.11011201853537787
all_alfworld,all,D_contribution,2,18,2,0.05,decline,1.0,0.5,0.5,0.4574725005257226,-0.14716099278813033,-0.11011201853537787
all_alfworld,all,D_contribution,5,18,2,0.05,decline,1.0,0.2,0.5,0.5289525787328667,-0.14716099278813033,-0.11011201853537787
all_alfworld,all,D_contribution,9,18,2,0.05,decline,1.0,0.1111111111111111,0.5,0.5289525787328667,-0.14716099278813033,-0.11011201853537787
all_alfworld,all,D_ungated_contribution,1,18,2,0.05,decline,1.0,1.0,0.5,0.4574725005257226,0.013664949330326389,0.0
all_alfworld,all,D_ungated_contribution,2,18,2,0.05,decline,1.0,0.5,0.5,0.4574725005257226,0.013664949330326389,0.0
all_alfworld,all,D_ungated_contribution,5,18,2,0.05,decline,1.0,0.2,0.5,0.5192931087048743,0.013664949330326389,0.0
all_alfworld,all,D_ungated_contribution,9,18,2,0.05,decline,2.0,0.2222222222222222,1.0,0.8449245760929754,0.013664949330326389,0.0
all_alfworld,all,P_int,1,18,2,0.05,decline,1.0,1.0,0.5,0.4574725005257226,-0.06412014685768537,-0.11011201853537787
all_alfworld,all,P_int,2,18,2,0.05,decline,1.0,0.5,0.5,0.4574725005257226,-0.06412014685768537,-0.11011201853537787
all_alfworld,all,P_int,5,18,2,0.05,decline,1.0,0.2,0.5,0.4574725005257226,-0.06412014685768537,-0.11011201853537787
all_alfworld,all,P_int,9,18,2,0.05,decline,1.0,0.1111111111111111,0.5,0.5289525787328667,-0.06412014685768537,-0.11011201853537787
all_alfworld,all,activation_l16_norm,1,18,2,0.05,decline,0.0,0.0,0.0,0.0618206081791517,0.1881558407791095,0.16516802780306683
all_alfworld,all,activation_l16_norm,2,18,2,0.05,decline,0.0,0.0,0.0,0.0618206081791517,0.1881558407791095,0.16516802780306683
all_alfworld,all,activation_l16_norm,5,18,2,0.05,decline,1.0,0.2,0.5,0.5192931087048743,0.1881558407791095,0.16516802780306683
all_alfworld,all,activation_l16_norm,9,18,2,0.05,decline,2.0,0.2222222222222222,1.0,1.0,0.1881558407791095,0.16516802780306683
all_alfworld,all,activation_l24_norm,1,18,2,0.05,decline,1.0,1.0,0.5,0.4574725005257226,0.20287194005792256,0.15140402548614457
all_alfworld,all,activation_l24_norm,2,18,2,0.05,decline,1.0,0.5,0.5,0.4574725005257226,0.20287194005792256,0.15140402548614457
all_alfworld,all,activation_l24_norm,5,18,2,0.05,decline,2.0,0.4,1.0,0.7734444978858313,0.20287194005792256,0.15140402548614457
all_alfworld,all,activation_l24_norm,9,18,2,0.05,decline,2.0,0.2222222222222222,1.0,0.8449245760929754,0.20287194005792256,0.15140402548614457
all_alfworld,all,activation_l32_norm,1,18,2,0.05,decline,1.0,1.0,0.5,0.4574725005257226,0.4025904302703851,0.2890440486553669
all_alfworld,all,activation_l32_norm,2,18,2,0.05,decline,1.0,0.5,0.5,0.4574725005257226,0.4025904302703851,0.2890440486553669
all_alfworld,all,activation_l32_norm,5,18,2,0.05,decline,2.0,0.4,1.0,0.7734444978858313,0.4025904302703851,0.2890440486553669
all_alfworld,all,activation_l32_norm,9,18,2,0.05,decline,2.0,0.2222222222222222,1.0,0.8449245760929754,0.4025904302703851,0.2890440486553669
all_alfworld,all,activation_l8_norm,1,18,2,0.05,decline,0.0,0.0,0.0,0.0618206081791517,0.3100892348035604,0.1926960324369113
all_alfworld,all,activation_l8_norm,2,18,2,0.05,decline,0.0,0.0,0.0,0.0618206081791517,0.3100892348035604,0.1926960324369113
all_alfworld,all,activation_l8_norm,5,18,2,0.05,decline,2.0,0.4,1.0,0.9285199217928558,0.3100892348035604,0.1926960324369113
all_alfworld,all,activation_l8_norm,9,18,2,0.05,decline,2.0,0.2222222222222222,1.0,0.9285199217928558,0.3100892348035604,0.1926960324369113
all_alfworld,all,delta_centered_norm,1,18,2,0.05,decline,1.0,1.0,0.5,0.4574725005257226,0.3489817828975662,0.23398803938767798
all_alfworld,all,delta_centered_norm,2,18,2,0.05,decline,1.0,0.5,0.5,0.4574725005257226,0.3489817828975662,0.23398803938767798
all_alfworld,all,delta_centered_norm,5,18,2,0.05,decline,2.0,0.4,1.0,0.7734444978858313,0.3489817828975662,0.23398803938767798
all_alfworld,all,delta_centered_norm,9,18,2,0.05,decline,2.0,0.2222222222222222,1.0,0.8449245760929754,0.3489817828975662,0.23398803938767798
all_alfworld,all,delta_norm,1,18,2,0.05,decline,0.0,0.0,0.0,0.0,0.06412014685768537,0.055056009267688936
all_alfworld,all,delta_norm,2,18,2,0.05,decline,0.0,0.0,0.0,0.0,0.06412014685768537,0.055056009267688936
all_alfworld,all,delta_norm,5,18,2,0.05,decline,1.0,0.2,0.5,0.31597199736010867,0.06412014685768537,0.055056009267688936
all_alfworld,all,delta_norm,9,18,2,0.05,decline,1.0,0.1111111111111111,0.5,0.3874520755672528,0.06412014685768537,0.055056009267688936
all_alfworld,all,forward_kl_original,1,18,2,0.05,decline,0.0,0.0,0.0,0.0,-0.42992032893103793,-0.3165720532892114
all_alfworld,all,forward_kl_original,2,18,2,0.05,decline,0.0,0.0,0.0,0.0,-0.42992032893103793,-0.3165720532892114
all_alfworld,all,forward_kl_original,5,18,2,0.05,decline,0.0,0.0,0.0,0.1550754239070246,-0.42992032893103793,-0.3165720532892114
all_alfworld,all,forward_kl_original,9,18,2,0.05,decline,0.0,0.0,0.0,0.1550754239070246,-0.42992032893103793,-0.3165720532892114
all_alfworld,all,js_original,1,18,2,0.05,decline,0.0,0.0,0.0,0.0,-0.4604036774371507,-0.3165720532892114
all_alfworld,all,js_original,2,18,2,0.05,decline,0.0,0.0,0.0,0.0,-0.4604036774371507,-0.3165720532892114
all_alfworld,all,js_original,5,18,2,0.05,decline,0.0,0.0,0.0,0.1550754239070246,-0.4604036774371507,-0.3165720532892114
all_alfworld,all,js_original,9,18,2,0.05,decline,0.0,0.0,0.0,0.1550754239070246,-0.4604036774371507,-0.3165720532892114
all_alfworld,all,old_margin,1,18,2,0.05,decline,0.0,0.0,0.0,0.0,-0.1017675561083567,-0.08727330428821684
all_alfworld,all,old_margin,2,18,2,0.05,decline,1.0,0.5,0.5,0.4574725005257226,-0.1017675561083567,-0.08727330428821684
all_alfworld,all,old_margin,5,18,2,0.05,decline,2.0,0.4,1.0,0.7734444978858313,-0.1017675561083567,-0.08727330428821684
all_alfworld,all,old_margin,9,18,2,0.05,decline,2.0,0.2222222222222222,1.0,0.7734444978858313,-0.1017675561083567,-0.08727330428821684
all_alfworld,all,u_control_norm,1,18,2,0.05,decline,0.0,0.0,0.0,0.0,0.5203192245008894,0.3853920648738226
all_alfworld,all,u_control_norm,2,18,2,0.05,decline,0.0,0.0,0.0,0.0,0.5203192245008894,0.3853920648738226
all_alfworld,all,u_control_norm,5,18,2,0.05,decline,1.0,0.2,0.5,0.5289525787328667,0.5203192245008894,0.3853920648738226
all_alfworld,all,u_control_norm,9,18,2,0.05,decline,1.0,0.1111111111111111,0.5,0.5907731869120184,0.5203192245008894,0.3853920648738226
all_alfworld,all,u_original_norm,1,18,2,0.05,decline,0.0,0.0,0.0,0.0,0.5077054251190496,0.39915606719074476
all_alfworld,all,u_original_norm,2,18,2,0.05,decline,1.0,0.5,0.5,0.254151389180957,0.5077054251190496,0.39915606719074476
all_alfworld,all,u_original_norm,5,18,2,0.05,decline,2.0,0.4,1.0,0.7116238897066796,0.5077054251190496,0.39915606719074476
all_alfworld,all,u_original_norm,9,18,2,0.05,decline,2.0,0.2222222222222222,1.0,0.8449245760929754,0.5077054251190496,0.39915606719074476
all_alfworld,all,random_expected,1,18,2,0.05,decline,0.1111111111111111,0.1111111111111111,0.05555555555555555,0.05555555555555556,,
all_alfworld,all,random_expected,2,18,2,0.05,decline,0.2222222222222222,0.1111111111111111,0.1111111111111111,0.11111111111111112,,
all_alfworld,all,random_expected,5,18,2,0.05,decline,0.5555555555555556,0.11111111111111112,0.2777777777777778,0.2777777777777778,,
all_alfworld,all,random_expected,9,18,2,0.05,decline,1.0,0.1111111111111111,0.5,0.5,,
all_alfworld,all,C_upd,1,18,12,0.0,any_change,1.0,1.0,0.08333333333333333,0.1137458244450016,0.14618812296464861,0.13123437339531097
all_alfworld,all,C_upd,2,18,12,0.0,any_change,2.0,1.0,0.16666666666666666,0.15230373103652756,0.14618812296464861,0.13123437339531097
all_alfworld,all,C_upd,5,18,12,0.0,any_change,4.0,0.8,0.3333333333333333,0.31028404276569643,0.14618812296464861,0.13123437339531097
all_alfworld,all,C_upd,9,18,12,0.0,any_change,7.0,0.7777777777777778,0.5833333333333334,0.5165193571741847,0.14618812296464861,0.13123437339531097
all_alfworld,all,D_contribution,1,18,12,0.0,any_change,1.0,1.0,0.08333333333333333,0.1137458244450016,0.6205107377636164,0.46277384302557023
all_alfworld,all,D_contribution,2,18,12,0.0,any_change,2.0,1.0,0.16666666666666666,0.2868372964265258,0.6205107377636164,0.46277384302557023
all_alfworld,all,D_contribution,5,18,12,0.0,any_change,5.0,1.0,0.4166666666666667,0.5438374106859416,0.6205107377636164,0.46277384302557023
all_alfworld,all,D_contribution,9,18,12,0.0,any_change,8.0,0.8888888888888888,0.6666666666666666,0.7691330869143722,0.6205107377636164,0.46277384302557023
all_alfworld,all,D_ungated_contribution,1,18,12,0.0,any_change,1.0,1.0,0.08333333333333333,0.1137458244450016,0.567925082020937,0.4075172647538604
all_alfworld,all,D_ungated_contribution,2,18,12,0.0,any_change,2.0,1.0,0.16666666666666666,0.2868372964265258,0.567925082020937,0.4075172647538604
all_alfworld,all,D_ungated_contribution,5,18,12,0.0,any_change,5.0,1.0,0.4166666666666667,0.5414356829738427,0.567925082020937,0.4075172647538604
all_alfworld,all,D_ungated_contribution,9,18,12,0.0,any_change,9.0,1.0,0.75,0.752908081925971,0.567925082020937,0.4075172647538604
all_alfworld,all,P_int,1,18,12,0.0,any_change,1.0,1.0,0.08333333333333333,0.1137458244450016,0.19877377870732799,0.13123437339531097
all_alfworld,all,P_int,2,18,12,0.0,any_change,2.0,1.0,0.16666666666666666,0.2868372964265258,0.19877377870732799,0.13123437339531097
all_alfworld,all,P_int,5,18,12,0.0,any_change,4.0,0.8,0.3333333333333333,0.4598148174719199,0.19877377870732799,0.13123437339531097
all_alfworld,all,P_int,9,18,12,0.0,any_change,6.0,0.6666666666666666,0.5,0.5163645881477019,0.19877377870732799,0.13123437339531097
all_alfworld,all,activation_l16_norm,1,18,12,0.0,any_change,1.0,1.0,0.08333333333333333,0.01537105735743265,0.2702902705173719,0.2141192408028758
all_alfworld,all,activation_l16_norm,2,18,12,0.0,any_change,2.0,1.0,0.16666666666666666,0.11015924439493398,0.2702902705173719,0.2141192408028758
all_alfworld,all,activation_l16_norm,5,18,12,0.0,any_change,4.0,0.8,0.3333333333333333,0.3818853805691045,0.2702902705173719,0.2141192408028758
all_alfworld,all,activation_l16_norm,9,18,12,0.0,any_change,8.0,0.8888888888888888,0.6666666666666666,0.5826552143825449,0.2702902705173719,0.2141192408028758
all_alfworld,all,activation_l24_norm,1,18,12,0.0,any_change,1.0,1.0,0.08333333333333333,0.1137458244450016,0.36809959019875554,0.2555616745066582
all_alfworld,all,activation_l24_norm,2,18,12,0.0,any_change,2.0,1.0,0.16666666666666666,0.20853401148250295,0.36809959019875554,0.2555616745066582
all_alfworld,all,activation_l24_norm,5,18,12,0.0,any_change,4.0,0.8,0.3333333333333333,0.2870971935316031,0.36809959019875554,0.2555616745066582
all_alfworld,all,activation_l24_norm,9,18,12,0.0,any_change,7.0,0.7777777777777778,0.5833333333333334,0.544097307791019,0.36809959019875554,0.2555616745066582
all_alfworld,all,activation_l32_norm,1,18,12,0.0,any_change,1.0,1.0,0.08333333333333333,0.1137458244450016,0.14408469673494145,0.11742022882738348
all_alfworld,all,activation_l32_norm,2,18,12,0.0,any_change,2.0,1.0,0.16666666666666666,0.20853401148250295,0.14408469673494145,0.11742022882738348
all_alfworld,all,activation_l32_norm,5,18,12,0.0,any_change,4.0,0.8,0.3333333333333333,0.2870971935316031,0.14408469673494145,0.11742022882738348
all_alfworld,all,activation_l32_norm,9,18,12,0.0,any_change,7.0,0.7777777777777778,0.5833333333333334,0.544097307791019,0.14408469673494145,0.11742022882738348
all_alfworld,all,activation_l8_norm,1,18,12,0.0,any_change,1.0,1.0,0.08333333333333333,0.01537105735743265,0.2671351311728111,0.1588626625311659
all_alfworld,all,activation_l8_norm,2,18,12,0.0,any_change,2.0,1.0,0.16666666666666666,0.11015924439493398,0.2671351311728111,0.1588626625311659
all_alfworld,all,activation_l8_norm,5,18,12,0.0,any_change,5.0,1.0,0.4166666666666667,0.3256551001231291,0.2671351311728111,0.1588626625311659
all_alfworld,all,activation_l8_norm,9,18,12,0.0,any_change,7.0,0.7777777777777778,0.5833333333333334,0.5973812362972997,0.2671351311728111,0.1588626625311659
all_alfworld,all,delta_centered_norm,1,18,12,0.0,any_change,1.0,1.0,0.08333333333333333,0.1137458244450016,0.08518876230314057,0.08979193969152856
all_alfworld,all,delta_centered_norm,2,18,12,0.0,any_change,2.0,1.0,0.16666666666666666,0.20853401148250295,0.08518876230314057,0.08979193969152856
all_alfworld,all,delta_centered_norm,5,18,12,0.0,any_change,4.0,0.8,0.3333333333333333,0.2870971935316031,0.08518876230314057,0.08979193969152856
all_alfworld,all,delta_centered_norm,9,18,12,0.0,any_change,7.0,0.7777777777777778,0.5833333333333334,0.544097307791019,0.08518876230314057,0.08979193969152856
all_alfworld,all,delta_norm,1,18,12,0.0,any_change,1.0,1.0,0.08333333333333333,0.09478818703750133,-0.08729218853284773,-0.06216365055567362
all_alfworld,all,delta_norm,2,18,12,0.0,any_change,1.0,0.5,0.08333333333333333,0.09478818703750133,-0.08729218853284773,-0.06216365055567362
all_alfworld,all,delta_norm,5,18,12,0.0,any_change,3.0,0.6,0.25,0.1733513690866015,-0.08729218853284773,-0.06216365055567362
all_alfworld,all,delta_norm,9,18,12,0.0,any_change,6.0,0.6666666666666666,0.5,0.38788145149155245,-0.08729218853284773,-0.06216365055567362
all_alfworld,all,forward_kl_original,1,18,12,0.0,any_change,0.0,0.0,0.0,0.0,0.17353266395084188,0.13123437339531097
all_alfworld,all,forward_kl_original,2,18,12,0.0,any_change,1.0,0.5,0.08333333333333333,0.1137458244450016,0.17353266395084188,0.13123437339531097
all_alfworld,all,forward_kl_original,5,18,12,0.0,any_change,4.0,0.8,0.3333333333333333,0.3388224216587076,0.17353266395084188,0.13123437339531097
all_alfworld,all,forward_kl_original,9,18,12,0.0,any_change,7.0,0.7777777777777778,0.5833333333333334,0.7086711909756512,0.17353266395084188,0.13123437339531097
all_alfworld,all,js_original,1,18,12,0.0,any_change,0.0,0.0,0.0,0.0,0.13882613116067352,0.10360608425945603
all_alfworld,all,js_original,2,18,12,0.0,any_change,1.0,0.5,0.08333333333333333,0.1137458244450016,0.13882613116067352,0.10360608425945603
all_alfworld,all,js_original,5,18,12,0.0,any_change,3.0,0.6,0.25,0.24709191807402886,0.13882613116067352,0.10360608425945603
all_alfworld,all,js_original,9,18,12,0.0,any_change,7.0,0.7777777777777778,0.5833333333333334,0.7086711909756512,0.13882613116067352,0.10360608425945603
all_alfworld,all,old_margin,1,18,12,0.0,any_change,1.0,1.0,0.08333333333333333,0.1730914719815242,0.5798499464094319,0.4598540145985401
all_alfworld,all,old_margin,2,18,12,0.0,any_change,2.0,1.0,0.16666666666666666,0.2868372964265258,0.5798499464094319,0.4598540145985401
all_alfworld,all,old_margin,5,18,12,0.0,any_change,5.0,1.0,0.4166666666666667,0.5233807902047949,0.5798499464094319,0.4598540145985401
all_alfworld,all,old_margin,9,18,12,0.0,any_change,8.0,0.8888888888888888,0.6666666666666666,0.7676341038407257,0.5798499464094319,0.4598540145985401
all_alfworld,all,u_control_norm,1,18,12,0.0,any_change,0.0,0.0,0.0,0.0,-0.644700139405249,-0.5042162767293527
all_alfworld,all,u_control_norm,2,18,12,0.0,any_change,0.0,0.0,0.0,0.0,-0.644700139405249,-0.5042162767293527
all_alfworld,all,u_control_norm,5,18,12,0.0,any_change,2.0,0.4,0.16666666666666666,0.1315186095145331,-0.644700139405249,-0.5042162767293527
all_alfworld,all,u_control_norm,9,18,12,0.0,any_change,3.0,0.3333333333333333,0.25,0.14688966687196575,-0.644700139405249,-0.5042162767293527
all_alfworld,all,u_original_norm,1,18,12,0.0,any_change,0.0,0.0,0.0,0.0,-0.31972078691549055,-0.18649095166702084
all_alfworld,all,u_original_norm,2,18,12,0.0,any_change,1.0,0.5,0.08333333333333333,0.06319212469166754,-0.31972078691549055,-0.18649095166702084
all_alfworld,all,u_original_norm,5,18,12,0.0,any_change,3.0,0.6,0.25,0.2157149347429197,-0.31972078691549055,-0.18649095166702084
all_alfworld,all,u_original_norm,9,18,12,0.0,any_change,5.0,0.5555555555555556,0.4166666666666667,0.24885877716988383,-0.31972078691549055,-0.18649095166702084
all_alfworld,all,random_expected,1,18,12,0.0,any_change,0.6666666666666667,0.6666666666666667,0.05555555555555556,0.055555555555555546,,
all_alfworld,all,random_expected,2,18,12,0.0,any_change,1.3333333333333335,0.6666666666666667,0.11111111111111112,0.11111111111111109,,
all_alfworld,all,random_expected,5,18,12,0.0,any_change,3.333333333333333,0.6666666666666666,0.27777777777777773,0.27777777777777773,,
all_alfworld,all,random_expected,9,18,12,0.0,any_change,6.0,0.6666666666666666,0.5,0.5,,
all_alfworld,all,C_upd,1,18,8,0.05,any_change,1.0,1.0,0.125,0.1137458244450016,0.14618812296464861,0.13123437339531097
all_alfworld,all,C_upd,2,18,8,0.05,any_change,1.0,0.5,0.125,0.15230373103652756,0.14618812296464861,0.13123437339531097
all_alfworld,all,C_upd,5,18,8,0.05,any_change,3.0,0.6,0.375,0.31028404276569643,0.14618812296464861,0.13123437339531097
all_alfworld,all,C_upd,9,18,8,0.05,any_change,4.0,0.4444444444444444,0.5,0.5165193571741847,0.14618812296464861,0.13123437339531097
all_alfworld,all,D_contribution,1,18,8,0.05,any_change,1.0,1.0,0.125,0.1137458244450016,0.6205107377636164,0.46277384302557023
all_alfworld,all,D_contribution,2,18,8,0.05,any_change,2.0,1.0,0.25,0.2868372964265258,0.6205107377636164,0.46277384302557023
all_alfworld,all,D_contribution,5,18,8,0.05,any_change,4.0,0.8,0.5,0.5438374106859416,0.6205107377636164,0.46277384302557023
all_alfworld,all,D_contribution,9,18,8,0.05,any_change,6.0,0.6666666666666666,0.75,0.7691330869143722,0.6205107377636164,0.46277384302557023
all_alfworld,all,D_ungated_contribution,1,18,8,0.05,any_change,1.0,1.0,0.125,0.1137458244450016,0.567925082020937,0.4075172647538604
all_alfworld,all,D_ungated_contribution,2,18,8,0.05,any_change,2.0,1.0,0.25,0.2868372964265258,0.567925082020937,0.4075172647538604
all_alfworld,all,D_ungated_contribution,5,18,8,0.05,any_change,4.0,0.8,0.5,0.5414356829738427,0.567925082020937,0.4075172647538604
all_alfworld,all,D_ungated_contribution,9,18,8,0.05,any_change,6.0,0.6666666666666666,0.75,0.752908081925971,0.567925082020937,0.4075172647538604
all_alfworld,all,P_int,1,18,8,0.05,any_change,1.0,1.0,0.125,0.1137458244450016,0.19877377870732799,0.13123437339531097
all_alfworld,all,P_int,2,18,8,0.05,any_change,2.0,1.0,0.25,0.2868372964265258,0.19877377870732799,0.13123437339531097
all_alfworld,all,P_int,5,18,8,0.05,any_change,4.0,0.8,0.5,0.4598148174719199,0.19877377870732799,0.13123437339531097
all_alfworld,all,P_int,9,18,8,0.05,any_change,4.0,0.4444444444444444,0.5,0.5163645881477019,0.19877377870732799,0.13123437339531097
all_alfworld,all,activation_l16_norm,1,18,8,0.05,any_change,0.0,0.0,0.0,0.01537105735743265,0.2702902705173719,0.2141192408028758
all_alfworld,all,activation_l16_norm,2,18,8,0.05,any_change,1.0,0.5,0.125,0.11015924439493398,0.2702902705173719,0.2141192408028758
all_alfworld,all,activation_l16_norm,5,18,8,0.05,any_change,3.0,0.6,0.375,0.3818853805691045,0.2702902705173719,0.2141192408028758
all_alfworld,all,activation_l16_norm,9,18,8,0.05,any_change,5.0,0.5555555555555556,0.625,0.5826552143825449,0.2702902705173719,0.2141192408028758
all_alfworld,all,activation_l24_norm,1,18,8,0.05,any_change,1.0,1.0,0.125,0.1137458244450016,0.36809959019875554,0.2555616745066582
all_alfworld,all,activation_l24_norm,2,18,8,0.05,any_change,2.0,1.0,0.25,0.20853401148250295,0.36809959019875554,0.2555616745066582
all_alfworld,all,activation_l24_norm,5,18,8,0.05,any_change,3.0,0.6,0.375,0.2870971935316031,0.36809959019875554,0.2555616745066582
all_alfworld,all,activation_l24_norm,9,18,8,0.05,any_change,5.0,0.5555555555555556,0.625,0.544097307791019,0.36809959019875554,0.2555616745066582
all_alfworld,all,activation_l32_norm,1,18,8,0.05,any_change,1.0,1.0,0.125,0.1137458244450016,0.14408469673494145,0.11742022882738348
all_alfworld,all,activation_l32_norm,2,18,8,0.05,any_change,2.0,1.0,0.25,0.20853401148250295,0.14408469673494145,0.11742022882738348
all_alfworld,all,activation_l32_norm,5,18,8,0.05,any_change,3.0,0.6,0.375,0.2870971935316031,0.14408469673494145,0.11742022882738348
all_alfworld,all,activation_l32_norm,9,18,8,0.05,any_change,5.0,0.5555555555555556,0.625,0.544097307791019,0.14408469673494145,0.11742022882738348
all_alfworld,all,activation_l8_norm,1,18,8,0.05,any_change,0.0,0.0,0.0,0.01537105735743265,0.2671351311728111,0.1588626625311659
all_alfworld,all,activation_l8_norm,2,18,8,0.05,any_change,1.0,0.5,0.125,0.11015924439493398,0.2671351311728111,0.1588626625311659
all_alfworld,all,activation_l8_norm,5,18,8,0.05,any_change,3.0,0.6,0.375,0.3256551001231291,0.2671351311728111,0.1588626625311659
all_alfworld,all,activation_l8_norm,9,18,8,0.05,any_change,5.0,0.5555555555555556,0.625,0.5973812362972997,0.2671351311728111,0.1588626625311659
all_alfworld,all,delta_centered_norm,1,18,8,0.05,any_change,1.0,1.0,0.125,0.1137458244450016,0.08518876230314057,0.08979193969152856
all_alfworld,all,delta_centered_norm,2,18,8,0.05,any_change,2.0,1.0,0.25,0.20853401148250295,0.08518876230314057,0.08979193969152856
all_alfworld,all,delta_centered_norm,5,18,8,0.05,any_change,3.0,0.6,0.375,0.2870971935316031,0.08518876230314057,0.08979193969152856
all_alfworld,all,delta_centered_norm,9,18,8,0.05,any_change,5.0,0.5555555555555556,0.625,0.544097307791019,0.08518876230314057,0.08979193969152856
all_alfworld,all,delta_norm,1,18,8,0.05,any_change,1.0,1.0,0.125,0.09478818703750133,-0.08729218853284773,-0.06216365055567362
all_alfworld,all,delta_norm,2,18,8,0.05,any_change,1.0,0.5,0.125,0.09478818703750133,-0.08729218853284773,-0.06216365055567362
all_alfworld,all,delta_norm,5,18,8,0.05,any_change,2.0,0.4,0.25,0.1733513690866015,-0.08729218853284773,-0.06216365055567362
all_alfworld,all,delta_norm,9,18,8,0.05,any_change,3.0,0.3333333333333333,0.375,0.38788145149155245,-0.08729218853284773,-0.06216365055567362
all_alfworld,all,forward_kl_original,1,18,8,0.05,any_change,0.0,0.0,0.0,0.0,0.17353266395084188,0.13123437339531097
all_alfworld,all,forward_kl_original,2,18,8,0.05,any_change,1.0,0.5,0.125,0.1137458244450016,0.17353266395084188,0.13123437339531097
all_alfworld,all,forward_kl_original,5,18,8,0.05,any_change,3.0,0.6,0.375,0.3388224216587076,0.17353266395084188,0.13123437339531097
all_alfworld,all,forward_kl_original,9,18,8,0.05,any_change,5.0,0.5555555555555556,0.625,0.7086711909756512,0.17353266395084188,0.13123437339531097
all_alfworld,all,js_original,1,18,8,0.05,any_change,0.0,0.0,0.0,0.0,0.13882613116067352,0.10360608425945603
all_alfworld,all,js_original,2,18,8,0.05,any_change,1.0,0.5,0.125,0.1137458244450016,0.13882613116067352,0.10360608425945603
all_alfworld,all,js_original,5,18,8,0.05,any_change,2.0,0.4,0.25,0.24709191807402886,0.13882613116067352,0.10360608425945603
all_alfworld,all,js_original,9,18,8,0.05,any_change,5.0,0.5555555555555556,0.625,0.7086711909756512,0.13882613116067352,0.10360608425945603
all_alfworld,all,old_margin,1,18,8,0.05,any_change,1.0,1.0,0.125,0.1730914719815242,0.5798499464094319,0.4598540145985401
all_alfworld,all,old_margin,2,18,8,0.05,any_change,2.0,1.0,0.25,0.2868372964265258,0.5798499464094319,0.4598540145985401
all_alfworld,all,old_margin,5,18,8,0.05,any_change,4.0,0.8,0.5,0.5233807902047949,0.5798499464094319,0.4598540145985401
all_alfworld,all,old_margin,9,18,8,0.05,any_change,6.0,0.6666666666666666,0.75,0.7676341038407257,0.5798499464094319,0.4598540145985401
all_alfworld,all,u_control_norm,1,18,8,0.05,any_change,0.0,0.0,0.0,0.0,-0.644700139405249,-0.5042162767293527
all_alfworld,all,u_control_norm,2,18,8,0.05,any_change,0.0,0.0,0.0,0.0,-0.644700139405249,-0.5042162767293527
all_alfworld,all,u_control_norm,5,18,8,0.05,any_change,1.0,0.2,0.125,0.1315186095145331,-0.644700139405249,-0.5042162767293527
all_alfworld,all,u_control_norm,9,18,8,0.05,any_change,1.0,0.1111111111111111,0.125,0.14688966687196575,-0.644700139405249,-0.5042162767293527
all_alfworld,all,u_original_norm,1,18,8,0.05,any_change,0.0,0.0,0.0,0.0,-0.31972078691549055,-0.18649095166702084
all_alfworld,all,u_original_norm,2,18,8,0.05,any_change,1.0,0.5,0.125,0.06319212469166754,-0.31972078691549055,-0.18649095166702084
all_alfworld,all,u_original_norm,5,18,8,0.05,any_change,2.0,0.4,0.25,0.2157149347429197,-0.31972078691549055,-0.18649095166702084
all_alfworld,all,u_original_norm,9,18,8,0.05,any_change,2.0,0.2222222222222222,0.25,0.24885877716988383,-0.31972078691549055,-0.18649095166702084
all_alfworld,all,random_expected,1,18,8,0.05,any_change,0.4444444444444444,0.4444444444444444,0.05555555555555555,0.055555555555555546,,
all_alfworld,all,random_expected,2,18,8,0.05,any_change,0.8888888888888888,0.4444444444444444,0.1111111111111111,0.11111111111111109,,
all_alfworld,all,random_expected,5,18,8,0.05,any_change,2.2222222222222223,0.4444444444444445,0.2777777777777778,0.27777777777777773,,
all_alfworld,all,random_expected,9,18,8,0.05,any_change,4.0,0.4444444444444444,0.5,0.5,,
all_alfworld,early,C_upd,1,12,4,0.0,decline,1.0,1.0,0.25,0.3929471032745591,0.18310313195303968,0.13957263155977062
all_alfworld,early,C_upd,2,12,4,0.0,decline,1.0,0.5,0.25,0.3929471032745591,0.18310313195303968,0.13957263155977062
all_alfworld,early,C_upd,3,12,4,0.0,decline,1.0,0.3333333333333333,0.25,0.3929471032745591,0.18310313195303968,0.13957263155977062
all_alfworld,early,C_upd,6,12,4,0.0,decline,1.0,0.16666666666666666,0.25,0.3929471032745591,0.18310313195303968,0.13957263155977062
all_alfworld,early,D_contribution,1,12,4,0.0,decline,1.0,1.0,0.25,0.181360201511335,-0.14084856304079973,-0.07754035086653922
all_alfworld,early,D_contribution,2,12,4,0.0,decline,1.0,0.5,0.25,0.181360201511335,-0.14084856304079973,-0.07754035086653922
all_alfworld,early,D_contribution,3,12,4,0.0,decline,1.0,0.3333333333333333,0.25,0.181360201511335,-0.14084856304079973,-0.07754035086653922
all_alfworld,early,D_contribution,6,12,4,0.0,decline,3.0,0.5,0.75,0.6070528967254407,-0.14084856304079973,-0.07754035086653922
all_alfworld,early,D_ungated_contribution,1,12,4,0.0,decline,1.0,1.0,0.25,0.181360201511335,0.06338185336835989,0.015508070173307846
all_alfworld,early,D_ungated_contribution,2,12,4,0.0,decline,2.0,1.0,0.5,0.5743073047858941,0.06338185336835989,0.015508070173307846
all_alfworld,early,D_ungated_contribution,3,12,4,0.0,decline,2.0,0.6666666666666666,0.5,0.5743073047858941,0.06338185336835989,0.015508070173307846
all_alfworld,early,D_ungated_contribution,6,12,4,0.0,decline,2.0,0.3333333333333333,0.5,0.5743073047858941,0.06338185336835989,0.015508070173307846
all_alfworld,early,P_int,1,12,4,0.0,decline,1.0,1.0,0.25,0.181360201511335,0.23944255716935955,0.1705887719063863
all_alfworld,early,P_int,2,12,4,0.0,decline,1.0,0.5,0.25,0.181360201511335,0.23944255716935955,0.1705887719063863
all_alfworld,early,P_int,3,12,4,0.0,decline,1.0,0.3333333333333333,0.25,0.181360201511335,0.23944255716935955,0.1705887719063863
all_alfworld,early,P_int,6,12,4,0.0,decline,3.0,0.5,0.75,0.6070528967254407,0.23944255716935955,0.1705887719063863
all_alfworld,early,activation_l16_norm,1,12,4,0.0,decline,1.0,1.0,0.25,0.3929471032745591,0.1126788504326398,0.07754035086653922
all_alfworld,early,activation_l16_norm,2,12,4,0.0,decline,1.0,0.5,0.25,0.3929471032745591,0.1126788504326398,0.07754035086653922
all_alfworld,early,activation_l16_norm,3,12,4,0.0,decline,1.0,0.3333333333333333,0.25,0.3929471032745591,0.1126788504326398,0.07754035086653922
all_alfworld,early,activation_l16_norm,6,12,4,0.0,decline,2.0,0.3333333333333333,0.5,0.5743073047858941,0.1126788504326398,0.07754035086653922
all_alfworld,early,activation_l24_norm,1,12,4,0.0,decline,1.0,1.0,0.25,0.3929471032745591,-0.007042428152039987,0.015508070173307846
all_alfworld,early,activation_l24_norm,2,12,4,0.0,decline,1.0,0.5,0.25,0.3929471032745591,-0.007042428152039987,0.015508070173307846
all_alfworld,early,activation_l24_norm,3,12,4,0.0,decline,1.0,0.3333333333333333,0.25,0.3929471032745591,-0.007042428152039987,0.015508070173307846
all_alfworld,early,activation_l24_norm,6,12,4,0.0,decline,2.0,0.3333333333333333,0.5,0.5743073047858941,-0.007042428152039987,0.015508070173307846
all_alfworld,early,activation_l32_norm,1,12,4,0.0,decline,0.0,0.0,0.0,0.0,0.18310313195303968,0.13957263155977062
all_alfworld,early,activation_l32_norm,2,12,4,0.0,decline,1.0,0.5,0.25,0.3929471032745591,0.18310313195303968,0.13957263155977062
all_alfworld,early,activation_l32_norm,3,12,4,0.0,decline,2.0,0.6666666666666666,0.5,0.5743073047858941,0.18310313195303968,0.13957263155977062
all_alfworld,early,activation_l32_norm,6,12,4,0.0,decline,2.0,0.3333333333333333,0.5,0.5743073047858941,0.18310313195303968,0.13957263155977062
all_alfworld,early,activation_l8_norm,1,12,4,0.0,decline,1.0,1.0,0.25,0.3929471032745591,0.1126788504326398,0.07754035086653922
all_alfworld,early,activation_l8_norm,2,12,4,0.0,decline,1.0,0.5,0.25,0.3929471032745591,0.1126788504326398,0.07754035086653922
all_alfworld,early,activation_l8_norm,3,12,4,0.0,decline,1.0,0.3333333333333333,0.25,0.3929471032745591,0.1126788504326398,0.07754035086653922
all_alfworld,early,activation_l8_norm,6,12,4,0.0,decline,2.0,0.3333333333333333,0.5,0.5743073047858941,0.1126788504326398,0.07754035086653922
all_alfworld,early,delta_centered_norm,1,12,4,0.0,decline,0.0,0.0,0.0,0.0,0.18310313195303968,0.13957263155977062
all_alfworld,early,delta_centered_norm,2,12,4,0.0,decline,1.0,0.5,0.25,0.3929471032745591,0.18310313195303968,0.13957263155977062
all_alfworld,early,delta_centered_norm,3,12,4,0.0,decline,2.0,0.6666666666666666,0.5,0.5743073047858941,0.18310313195303968,0.13957263155977062
all_alfworld,early,delta_centered_norm,6,12,4,0.0,decline,2.0,0.3333333333333333,0.5,0.5743073047858941,0.18310313195303968,0.13957263155977062
all_alfworld,early,delta_norm,1,12,4,0.0,decline,0.0,0.0,0.0,0.0,0.2183152727132396,0.13957263155977062
all_alfworld,early,delta_norm,2,12,4,0.0,decline,1.0,0.5,0.25,0.3929471032745591,0.2183152727132396,0.13957263155977062
all_alfworld,early,delta_norm,3,12,4,0.0,decline,2.0,0.6666666666666666,0.5,0.5743073047858941,0.2183152727132396,0.13957263155977062
all_alfworld,early,delta_norm,6,12,4,0.0,decline,3.0,0.5,0.75,0.7052896725440805,0.2183152727132396,0.13957263155977062
all_alfworld,early,forward_kl_original,1,12,4,0.0,decline,0.0,0.0,0.0,0.0,0.2746546979295595,0.1705887719063863
all_alfworld,early,forward_kl_original,2,12,4,0.0,decline,1.0,0.5,0.25,0.3929471032745591,0.2746546979295595,0.1705887719063863
all_alfworld,early,forward_kl_original,3,12,4,0.0,decline,1.0,0.3333333333333333,0.25,0.3929471032745591,0.2746546979295595,0.1705887719063863
all_alfworld,early,forward_kl_original,6,12,4,0.0,decline,2.0,0.3333333333333333,0.5,0.5743073047858941,0.2746546979295595,0.1705887719063863
all_alfworld,early,js_original,1,12,4,0.0,decline,0.0,0.0,0.0,0.0,0.3521214076019994,0.2636371929462334
all_alfworld,early,js_original,2,12,4,0.0,decline,1.0,0.5,0.25,0.181360201511335,0.3521214076019994,0.2636371929462334
all_alfworld,early,js_original,3,12,4,0.0,decline,2.0,0.6666666666666666,0.5,0.31234256926952136,0.3521214076019994,0.2636371929462334
all_alfworld,early,js_original,6,12,4,0.0,decline,3.0,0.5,0.75,0.7052896725440805,0.3521214076019994,0.2636371929462334
all_alfworld,early,old_margin,1,12,4,0.0,decline,0.0,0.0,0.0,0.0,-0.6291887601655328,-0.526635431152213
all_alfworld,early,old_margin,2,12,4,0.0,decline,0.0,0.0,0.0,0.0,-0.6291887601655328,-0.526635431152213
all_alfworld,early,old_margin,3,12,4,0.0,decline,0.0,0.0,0.0,0.0,-0.6291887601655328,-0.526635431152213
all_alfworld,early,old_margin,6,12,4,0.0,decline,1.4,0.2333333333333333,0.35,0.24886649874055414,-0.6291887601655328,-0.526635431152213
all_alfworld,early,u_control_norm,1,12,4,0.0,decline,1.0,1.0,0.25,0.181360201511335,0.3873335483621993,0.2946533332928491
all_alfworld,early,u_control_norm,2,12,4,0.0,decline,1.0,0.5,0.25,0.181360201511335,0.3873335483621993,0.2946533332928491
all_alfworld,early,u_control_norm,3,12,4,0.0,decline,1.0,0.3333333333333333,0.25,0.181360201511335,0.3873335483621993,0.2946533332928491
all_alfworld,early,u_control_norm,6,12,4,0.0,decline,3.0,0.5,0.75,0.6070528967254407,0.3873335483621993,0.2946533332928491
all_alfworld,early,u_original_norm,1,12,4,0.0,decline,0.0,0.0,0.0,0.0,0.15493341934487972,0.1705887719063863
all_alfworld,early,u_original_norm,2,12,4,0.0,decline,1.0,0.5,0.25,0.181360201511335,0.15493341934487972,0.1705887719063863
all_alfworld,early,u_original_norm,3,12,4,0.0,decline,1.0,0.3333333333333333,0.25,0.181360201511335,0.15493341934487972,0.1705887719063863
all_alfworld,early,u_original_norm,6,12,4,0.0,decline,2.0,0.3333333333333333,0.5,0.31234256926952136,0.15493341934487972,0.1705887719063863
all_alfworld,early,random_expected,1,12,4,0.0,decline,0.3333333333333333,0.3333333333333333,0.08333333333333333,0.08333333333333333,,
all_alfworld,early,random_expected,2,12,4,0.0,decline,0.6666666666666666,0.3333333333333333,0.16666666666666666,0.16666666666666666,,
all_alfworld,early,random_expected,3,12,4,0.0,decline,1.0,0.3333333333333333,0.25,0.25,,
all_alfworld,early,random_expected,6,12,4,0.0,decline,2.0,0.3333333333333333,0.5,0.5,,
all_alfworld,early,C_upd,1,12,4,0.05,decline,1.0,1.0,0.25,0.3929471032745591,0.18310313195303968,0.13957263155977062
all_alfworld,early,C_upd,2,12,4,0.05,decline,1.0,0.5,0.25,0.3929471032745591,0.18310313195303968,0.13957263155977062
all_alfworld,early,C_upd,3,12,4,0.05,decline,1.0,0.3333333333333333,0.25,0.3929471032745591,0.18310313195303968,0.13957263155977062
all_alfworld,early,C_upd,6,12,4,0.05,decline,1.0,0.16666666666666666,0.25,0.3929471032745591,0.18310313195303968,0.13957263155977062
all_alfworld,early,D_contribution,1,12,4,0.05,decline,1.0,1.0,0.25,0.181360201511335,-0.14084856304079973,-0.07754035086653922
all_alfworld,early,D_contribution,2,12,4,0.05,decline,1.0,0.5,0.25,0.181360201511335,-0.14084856304079973,-0.07754035086653922
all_alfworld,early,D_contribution,3,12,4,0.05,decline,1.0,0.3333333333333333,0.25,0.181360201511335,-0.14084856304079973,-0.07754035086653922
all_alfworld,early,D_contribution,6,12,4,0.05,decline,3.0,0.5,0.75,0.6070528967254407,-0.14084856304079973,-0.07754035086653922
all_alfworld,early,D_ungated_contribution,1,12,4,0.05,decline,1.0,1.0,0.25,0.181360201511335,0.06338185336835989,0.015508070173307846
all_alfworld,early,D_ungated_contribution,2,12,4,0.05,decline,2.0,1.0,0.5,0.5743073047858941,0.06338185336835989,0.015508070173307846
all_alfworld,early,D_ungated_contribution,3,12,4,0.05,decline,2.0,0.6666666666666666,0.5,0.5743073047858941,0.06338185336835989,0.015508070173307846
all_alfworld,early,D_ungated_contribution,6,12,4,0.05,decline,2.0,0.3333333333333333,0.5,0.5743073047858941,0.06338185336835989,0.015508070173307846
all_alfworld,early,P_int,1,12,4,0.05,decline,1.0,1.0,0.25,0.181360201511335,0.23944255716935955,0.1705887719063863
all_alfworld,early,P_int,2,12,4,0.05,decline,1.0,0.5,0.25,0.181360201511335,0.23944255716935955,0.1705887719063863
all_alfworld,early,P_int,3,12,4,0.05,decline,1.0,0.3333333333333333,0.25,0.181360201511335,0.23944255716935955,0.1705887719063863
all_alfworld,early,P_int,6,12,4,0.05,decline,3.0,0.5,0.75,0.6070528967254407,0.23944255716935955,0.1705887719063863
all_alfworld,early,activation_l16_norm,1,12,4,0.05,decline,1.0,1.0,0.25,0.3929471032745591,0.1126788504326398,0.07754035086653922
all_alfworld,early,activation_l16_norm,2,12,4,0.05,decline,1.0,0.5,0.25,0.3929471032745591,0.1126788504326398,0.07754035086653922
all_alfworld,early,activation_l16_norm,3,12,4,0.05,decline,1.0,0.3333333333333333,0.25,0.3929471032745591,0.1126788504326398,0.07754035086653922
all_alfworld,early,activation_l16_norm,6,12,4,0.05,decline,2.0,0.3333333333333333,0.5,0.5743073047858941,0.1126788504326398,0.07754035086653922
all_alfworld,early,activation_l24_norm,1,12,4,0.05,decline,1.0,1.0,0.25,0.3929471032745591,-0.007042428152039987,0.015508070173307846
all_alfworld,early,activation_l24_norm,2,12,4,0.05,decline,1.0,0.5,0.25,0.3929471032745591,-0.007042428152039987,0.015508070173307846
all_alfworld,early,activation_l24_norm,3,12,4,0.05,decline,1.0,0.3333333333333333,0.25,0.3929471032745591,-0.007042428152039987,0.015508070173307846
all_alfworld,early,activation_l24_norm,6,12,4,0.05,decline,2.0,0.3333333333333333,0.5,0.5743073047858941,-0.007042428152039987,0.015508070173307846
all_alfworld,early,activation_l32_norm,1,12,4,0.05,decline,0.0,0.0,0.0,0.0,0.18310313195303968,0.13957263155977062
all_alfworld,early,activation_l32_norm,2,12,4,0.05,decline,1.0,0.5,0.25,0.3929471032745591,0.18310313195303968,0.13957263155977062
all_alfworld,early,activation_l32_norm,3,12,4,0.05,decline,2.0,0.6666666666666666,0.5,0.5743073047858941,0.18310313195303968,0.13957263155977062
all_alfworld,early,activation_l32_norm,6,12,4,0.05,decline,2.0,0.3333333333333333,0.5,0.5743073047858941,0.18310313195303968,0.13957263155977062
all_alfworld,early,activation_l8_norm,1,12,4,0.05,decline,1.0,1.0,0.25,0.3929471032745591,0.1126788504326398,0.07754035086653922
all_alfworld,early,activation_l8_norm,2,12,4,0.05,decline,1.0,0.5,0.25,0.3929471032745591,0.1126788504326398,0.07754035086653922
all_alfworld,early,activation_l8_norm,3,12,4,0.05,decline,1.0,0.3333333333333333,0.25,0.3929471032745591,0.1126788504326398,0.07754035086653922
all_alfworld,early,activation_l8_norm,6,12,4,0.05,decline,2.0,0.3333333333333333,0.5,0.5743073047858941,0.1126788504326398,0.07754035086653922
all_alfworld,early,delta_centered_norm,1,12,4,0.05,decline,0.0,0.0,0.0,0.0,0.18310313195303968,0.13957263155977062
all_alfworld,early,delta_centered_norm,2,12,4,0.05,decline,1.0,0.5,0.25,0.3929471032745591,0.18310313195303968,0.13957263155977062
all_alfworld,early,delta_centered_norm,3,12,4,0.05,decline,2.0,0.6666666666666666,0.5,0.5743073047858941,0.18310313195303968,0.13957263155977062
all_alfworld,early,delta_centered_norm,6,12,4,0.05,decline,2.0,0.3333333333333333,0.5,0.5743073047858941,0.18310313195303968,0.13957263155977062
all_alfworld,early,delta_norm,1,12,4,0.05,decline,0.0,0.0,0.0,0.0,0.2183152727132396,0.13957263155977062
all_alfworld,early,delta_norm,2,12,4,0.05,decline,1.0,0.5,0.25,0.3929471032745591,0.2183152727132396,0.13957263155977062
all_alfworld,early,delta_norm,3,12,4,0.05,decline,2.0,0.6666666666666666,0.5,0.5743073047858941,0.2183152727132396,0.13957263155977062
all_alfworld,early,delta_norm,6,12,4,0.05,decline,3.0,0.5,0.75,0.7052896725440805,0.2183152727132396,0.13957263155977062
all_alfworld,early,forward_kl_original,1,12,4,0.05,decline,0.0,0.0,0.0,0.0,0.2746546979295595,0.1705887719063863
all_alfworld,early,forward_kl_original,2,12,4,0.05,decline,1.0,0.5,0.25,0.3929471032745591,0.2746546979295595,0.1705887719063863
all_alfworld,early,forward_kl_original,3,12,4,0.05,decline,1.0,0.3333333333333333,0.25,0.3929471032745591,0.2746546979295595,0.1705887719063863
all_alfworld,early,forward_kl_original,6,12,4,0.05,decline,2.0,0.3333333333333333,0.5,0.5743073047858941,0.2746546979295595,0.1705887719063863
all_alfworld,early,js_original,1,12,4,0.05,decline,0.0,0.0,0.0,0.0,0.3521214076019994,0.2636371929462334
all_alfworld,early,js_original,2,12,4,0.05,decline,1.0,0.5,0.25,0.181360201511335,0.3521214076019994,0.2636371929462334
all_alfworld,early,js_original,3,12,4,0.05,decline,2.0,0.6666666666666666,0.5,0.31234256926952136,0.3521214076019994,0.2636371929462334
all_alfworld,early,js_original,6,12,4,0.05,decline,3.0,0.5,0.75,0.7052896725440805,0.3521214076019994,0.2636371929462334
all_alfworld,early,old_margin,1,12,4,0.05,decline,0.0,0.0,0.0,0.0,-0.6291887601655328,-0.526635431152213
all_alfworld,early,old_margin,2,12,4,0.05,decline,0.0,0.0,0.0,0.0,-0.6291887601655328,-0.526635431152213
all_alfworld,early,old_margin,3,12,4,0.05,decline,0.0,0.0,0.0,0.0,-0.6291887601655328,-0.526635431152213
all_alfworld,early,old_margin,6,12,4,0.05,decline,1.4,0.2333333333333333,0.35,0.24886649874055414,-0.6291887601655328,-0.526635431152213
all_alfworld,early,u_control_norm,1,12,4,0.05,decline,1.0,1.0,0.25,0.181360201511335,0.3873335483621993,0.2946533332928491
all_alfworld,early,u_control_norm,2,12,4,0.05,decline,1.0,0.5,0.25,0.181360201511335,0.3873335483621993,0.2946533332928491
all_alfworld,early,u_control_norm,3,12,4,0.05,decline,1.0,0.3333333333333333,0.25,0.181360201511335,0.3873335483621993,0.2946533332928491
all_alfworld,early,u_control_norm,6,12,4,0.05,decline,3.0,0.5,0.75,0.6070528967254407,0.3873335483621993,0.2946533332928491
all_alfworld,early,u_original_norm,1,12,4,0.05,decline,0.0,0.0,0.0,0.0,0.15493341934487972,0.1705887719063863
all_alfworld,early,u_original_norm,2,12,4,0.05,decline,1.0,0.5,0.25,0.181360201511335,0.15493341934487972,0.1705887719063863
all_alfworld,early,u_original_norm,3,12,4,0.05,decline,1.0,0.3333333333333333,0.25,0.181360201511335,0.15493341934487972,0.1705887719063863
all_alfworld,early,u_original_norm,6,12,4,0.05,decline,2.0,0.3333333333333333,0.5,0.31234256926952136,0.15493341934487972,0.1705887719063863
all_alfworld,early,random_expected,1,12,4,0.05,decline,0.3333333333333333,0.3333333333333333,0.08333333333333333,0.08333333333333333,,
all_alfworld,early,random_expected,2,12,4,0.05,decline,0.6666666666666666,0.3333333333333333,0.16666666666666666,0.16666666666666666,,
all_alfworld,early,random_expected,3,12,4,0.05,decline,1.0,0.3333333333333333,0.25,0.25,,
all_alfworld,early,random_expected,6,12,4,0.05,decline,2.0,0.3333333333333333,0.5,0.5,,
all_alfworld,early,C_upd,1,12,9,0.0,any_change,1.0,1.0,0.1111111111111111,0.10489913544668586,-0.3873335483621993,-0.2946533332928491
all_alfworld,early,C_upd,2,12,9,0.0,any_change,1.0,0.5,0.1111111111111111,0.10489913544668586,-0.3873335483621993,-0.2946533332928491
all_alfworld,early,C_upd,3,12,9,0.0,any_change,1.0,0.3333333333333333,0.1111111111111111,0.10489913544668586,-0.3873335483621993,-0.2946533332928491
all_alfworld,early,C_upd,6,12,9,0.0,any_change,3.0,0.5,0.3333333333333333,0.44457252641690675,-0.3873335483621993,-0.2946533332928491
all_alfworld,early,D_contribution,1,12,9,0.0,any_change,1.0,1.0,0.1111111111111111,0.048414985590778094,0.28169712608159947,0.1705887719063863
all_alfworld,early,D_contribution,2,12,9,0.0,any_change,2.0,1.0,0.2222222222222222,0.11834774255523534,0.28169712608159947,0.1705887719063863
all_alfworld,early,D_contribution,3,12,9,0.0,any_change,3.0,1.0,0.3333333333333333,0.38808837656099904,0.28169712608159947,0.1705887719063863
all_alfworld,early,D_contribution,6,12,9,0.0,any_change,6.0,1.0,0.6666666666666666,0.7377521613832853,0.28169712608159947,0.1705887719063863
all_alfworld,early,D_ungated_contribution,1,12,9,0.0,any_change,1.0,1.0,0.1111111111111111,0.048414985590778094,0.19718798825711964,0.07754035086653922
all_alfworld,early,D_ungated_contribution,2,12,9,0.0,any_change,2.0,1.0,0.2222222222222222,0.15331412103746397,0.19718798825711964,0.07754035086653922
all_alfworld,early,D_ungated_contribution,3,12,9,0.0,any_change,3.0,1.0,0.3333333333333333,0.2232468780019212,0.19718798825711964,0.07754035086653922
all_alfworld,early,D_ungated_contribution,6,12,9,0.0,any_change,5.0,0.8333333333333334,0.5555555555555556,0.729010566762728,0.19718798825711964,0.07754035086653922
all_alfworld,early,P_int,1,12,9,0.0,any_change,1.0,1.0,0.1111111111111111,0.048414985590778094,0.007042428152039987,0.04652421051992354
all_alfworld,early,P_int,2,12,9,0.0,any_change,2.0,1.0,0.2222222222222222,0.11834774255523534,0.007042428152039987,0.04652421051992354
all_alfworld,early,P_int,3,12,9,0.0,any_change,3.0,1.0,0.3333333333333333,0.35437079731027854,0.007042428152039987,0.04652421051992354
all_alfworld,early,P_int,6,12,9,0.0,any_change,6.0,1.0,0.6666666666666666,0.5073487031700288,0.007042428152039987,0.04652421051992354
all_alfworld,early,activation_l16_norm,1,12,9,0.0,any_change,1.0,1.0,0.1111111111111111,0.10489913544668586,0.1126788504326398,0.07754035086653922
all_alfworld,early,activation_l16_norm,2,12,9,0.0,any_change,2.0,1.0,0.2222222222222222,0.37463976945244953,0.1126788504326398,0.07754035086653922
all_alfworld,early,activation_l16_norm,3,12,9,0.0,any_change,2.0,0.6666666666666666,0.2222222222222222,0.37463976945244953,0.1126788504326398,0.07754035086653922
all_alfworld,early,activation_l16_norm,6,12,9,0.0,any_change,4.0,0.6666666666666666,0.4444444444444444,0.4929875120076848,0.1126788504326398,0.07754035086653922
all_alfworld,early,activation_l24_norm,1,12,9,0.0,any_change,1.0,1.0,0.1111111111111111,0.10489913544668586,0.15493341934487972,0.13957263155977062
all_alfworld,early,activation_l24_norm,2,12,9,0.0,any_change,1.0,0.5,0.1111111111111111,0.10489913544668586,0.15493341934487972,0.13957263155977062
all_alfworld,early,activation_l24_norm,3,12,9,0.0,any_change,2.0,0.6666666666666666,0.2222222222222222,0.22291066282420746,0.15493341934487972,0.13957263155977062
all_alfworld,early,activation_l24_norm,6,12,9,0.0,any_change,5.0,0.8333333333333334,0.5555555555555556,0.6109990393852064,0.15493341934487972,0.13957263155977062
all_alfworld,early,activation_l32_norm,1,12,9,0.0,any_change,0.0,0.0,0.0,0.0,-0.15493341934487972,-0.10855649121315493
all_alfworld,early,activation_l32_norm,2,12,9,0.0,any_change,1.0,0.5,0.1111111111111111,0.10489913544668586,-0.15493341934487972,-0.10855649121315493
all_alfworld,early,activation_l32_norm,3,12,9,0.0,any_change,2.0,0.6666666666666666,0.2222222222222222,0.15331412103746397,-0.15493341934487972,-0.10855649121315493
all_alfworld,early,activation_l32_norm,6,12,9,0.0,any_change,4.0,0.6666666666666666,0.4444444444444444,0.4929875120076848,-0.15493341934487972,-0.10855649121315493
all_alfworld,early,activation_l8_norm,1,12,9,0.0,any_change,1.0,1.0,0.1111111111111111,0.10489913544668586,-0.12676370673671977,-0.10855649121315493
all_alfworld,early,activation_l8_norm,2,12,9,0.0,any_change,1.0,0.5,0.1111111111111111,0.10489913544668586,-0.12676370673671977,-0.10855649121315493
all_alfworld,early,activation_l8_norm,3,12,9,0.0,any_change,1.0,0.3333333333333333,0.1111111111111111,0.10489913544668586,-0.12676370673671977,-0.10855649121315493
all_alfworld,early,activation_l8_norm,6,12,9,0.0,any_change,3.0,0.5,0.3333333333333333,0.4230547550432276,-0.12676370673671977,-0.10855649121315493
all_alfworld,early,delta_centered_norm,1,12,9,0.0,any_change,0.0,0.0,0.0,0.0,-0.15493341934487972,-0.10855649121315493
all_alfworld,early,delta_centered_norm,2,12,9,0.0,any_change,1.0,0.5,0.1111111111111111,0.10489913544668586,-0.15493341934487972,-0.10855649121315493
all_alfworld,early,delta_centered_norm,3,12,9,0.0,any_change,2.0,0.6666666666666666,0.2222222222222222,0.15331412103746397,-0.15493341934487972,-0.10855649121315493
all_alfworld,early,delta_centered_norm,6,12,9,0.0,any_change,4.0,0.6666666666666666,0.4444444444444444,0.4929875120076848,-0.15493341934487972,-0.10855649121315493
all_alfworld,early,delta_norm,1,12,9,0.0,any_change,0.0,0.0,0.0,0.0,-0.08450913782447984,-0.04652421051992354
all_alfworld,early,delta_norm,2,12,9,0.0,any_change,1.0,0.5,0.1111111111111111,0.10489913544668586,-0.08450913782447984,-0.04652421051992354
all_alfworld,early,delta_norm,3,12,9,0.0,any_change,2.0,0.6666666666666666,0.2222222222222222,0.15331412103746397,-0.08450913782447984,-0.04652421051992354
all_alfworld,early,delta_norm,6,12,9,0.0,any_change,5.0,0.8333333333333334,0.5555555555555556,0.6940441882804995,-0.08450913782447984,-0.04652421051992354
all_alfworld,early,forward_kl_original,1,12,9,0.0,any_change,0.0,0.0,0.0,0.0,-0.18310313195303968,-0.13957263155977062
all_alfworld,early,forward_kl_original,2,12,9,0.0,any_change,1.0,0.5,0.1111111111111111,0.10489913544668586,-0.18310313195303968,-0.13957263155977062
all_alfworld,early,forward_kl_original,3,12,9,0.0,any_change,2.0,0.6666666666666666,0.2222222222222222,0.14423631123919306,-0.18310313195303968,-0.13957263155977062
all_alfworld,early,forward_kl_original,6,12,9,0.0,any_change,4.0,0.6666666666666666,0.4444444444444444,0.3106628242074928,-0.18310313195303968,-0.13957263155977062
all_alfworld,early,js_original,1,12,9,0.0,any_change,1.0,1.0,0.1111111111111111,0.1180115273775216,-0.13380613488875975,-0.04652421051992354
all_alfworld,early,js_original,2,12,9,0.0,any_change,2.0,1.0,0.2222222222222222,0.1664265129682997,-0.13380613488875975,-0.04652421051992354
all_alfworld,early,js_original,3,12,9,0.0,any_change,3.0,1.0,0.3333333333333333,0.2013928914505283,-0.13380613488875975,-0.04652421051992354
all_alfworld,early,js_original,6,12,9,0.0,any_change,5.0,0.8333333333333334,0.5555555555555556,0.3456292026897214,-0.13380613488875975,-0.04652421051992354
all_alfworld,early,old_margin,1,12,9,0.0,any_change,1.0,1.0,0.1111111111111111,0.26974063400576365,0.3658074187008913,0.25482359571881275
all_alfworld,early,old_margin,2,12,9,0.0,any_change,2.0,1.0,0.2222222222222222,0.5057636887608069,0.3658074187008913,0.25482359571881275
all_alfworld,early,old_margin,3,12,9,0.0,any_change,3.0,1.0,0.3333333333333333,0.6237752161383285,0.3658074187008913,0.25482359571881275
all_alfworld,early,old_margin,6,12,9,0.0,any_change,4.8,0.7999999999999999,0.5333333333333333,0.7059462055715657,0.3658074187008913,0.25482359571881275
all_alfworld,early,u_control_norm,1,12,9,0.0,any_change,1.0,1.0,0.1111111111111111,0.048414985590778094,-0.6690306744437988,-0.44973403502592757
all_alfworld,early,u_control_norm,2,12,9,0.0,any_change,1.0,0.5,0.1111111111111111,0.048414985590778094,-0.6690306744437988,-0.44973403502592757
all_alfworld,early,u_control_norm,3,12,9,0.0,any_change,2.0,0.6666666666666666,0.2222222222222222,0.0877521613832853,-0.6690306744437988,-0.44973403502592757
all_alfworld,early,u_control_norm,6,12,9,0.0,any_change,4.0,0.6666666666666666,0.4444444444444444,0.2013928914505283,-0.6690306744437988,-0.44973403502592757
all_alfworld,early,u_original_norm,1,12,9,0.0,any_change,0.0,0.0,0.0,0.0,-0.4436729735785192,-0.32566947363946475
all_alfworld,early,u_original_norm,2,12,9,0.0,any_change,1.0,0.5,0.1111111111111111,0.048414985590778094,-0.4436729735785192,-0.32566947363946475
all_alfworld,early,u_original_norm,3,12,9,0.0,any_change,1.0,0.3333333333333333,0.1111111111111111,0.048414985590778094,-0.4436729735785192,-0.32566947363946475
all_alfworld,early,u_original_norm,6,12,9,0.0,any_change,4.0,0.6666666666666666,0.4444444444444444,0.2407300672430355,-0.4436729735785192,-0.32566947363946475
all_alfworld,early,random_expected,1,12,9,0.0,any_change,0.75,0.75,0.08333333333333333,0.08333333333333331,,
all_alfworld,early,random_expected,2,12,9,0.0,any_change,1.5,0.75,0.16666666666666666,0.16666666666666663,,
all_alfworld,early,random_expected,3,12,9,0.0,any_change,2.25,0.75,0.25,0.25,,
all_alfworld,early,random_expected,6,12,9,0.0,any_change,4.5,0.75,0.5,0.5,,
all_alfworld,early,C_upd,1,12,9,0.05,any_change,1.0,1.0,0.1111111111111111,0.10489913544668586,-0.3873335483621993,-0.2946533332928491
all_alfworld,early,C_upd,2,12,9,0.05,any_change,1.0,0.5,0.1111111111111111,0.10489913544668586,-0.3873335483621993,-0.2946533332928491
all_alfworld,early,C_upd,3,12,9,0.05,any_change,1.0,0.3333333333333333,0.1111111111111111,0.10489913544668586,-0.3873335483621993,-0.2946533332928491
all_alfworld,early,C_upd,6,12,9,0.05,any_change,3.0,0.5,0.3333333333333333,0.44457252641690675,-0.3873335483621993,-0.2946533332928491
all_alfworld,early,D_contribution,1,12,9,0.05,any_change,1.0,1.0,0.1111111111111111,0.048414985590778094,0.28169712608159947,0.1705887719063863
all_alfworld,early,D_contribution,2,12,9,0.05,any_change,2.0,1.0,0.2222222222222222,0.11834774255523534,0.28169712608159947,0.1705887719063863
all_alfworld,early,D_contribution,3,12,9,0.05,any_change,3.0,1.0,0.3333333333333333,0.38808837656099904,0.28169712608159947,0.1705887719063863
all_alfworld,early,D_contribution,6,12,9,0.05,any_change,6.0,1.0,0.6666666666666666,0.7377521613832853,0.28169712608159947,0.1705887719063863
all_alfworld,early,D_ungated_contribution,1,12,9,0.05,any_change,1.0,1.0,0.1111111111111111,0.048414985590778094,0.19718798825711964,0.07754035086653922
all_alfworld,early,D_ungated_contribution,2,12,9,0.05,any_change,2.0,1.0,0.2222222222222222,0.15331412103746397,0.19718798825711964,0.07754035086653922
all_alfworld,early,D_ungated_contribution,3,12,9,0.05,any_change,3.0,1.0,0.3333333333333333,0.2232468780019212,0.19718798825711964,0.07754035086653922
all_alfworld,early,D_ungated_contribution,6,12,9,0.05,any_change,5.0,0.8333333333333334,0.5555555555555556,0.729010566762728,0.19718798825711964,0.07754035086653922
all_alfworld,early,P_int,1,12,9,0.05,any_change,1.0,1.0,0.1111111111111111,0.048414985590778094,0.007042428152039987,0.04652421051992354
all_alfworld,early,P_int,2,12,9,0.05,any_change,2.0,1.0,0.2222222222222222,0.11834774255523534,0.007042428152039987,0.04652421051992354
all_alfworld,early,P_int,3,12,9,0.05,any_change,3.0,1.0,0.3333333333333333,0.35437079731027854,0.007042428152039987,0.04652421051992354
all_alfworld,early,P_int,6,12,9,0.05,any_change,6.0,1.0,0.6666666666666666,0.5073487031700288,0.007042428152039987,0.04652421051992354
all_alfworld,early,activation_l16_norm,1,12,9,0.05,any_change,1.0,1.0,0.1111111111111111,0.10489913544668586,0.1126788504326398,0.07754035086653922
all_alfworld,early,activation_l16_norm,2,12,9,0.05,any_change,2.0,1.0,0.2222222222222222,0.37463976945244953,0.1126788504326398,0.07754035086653922
all_alfworld,early,activation_l16_norm,3,12,9,0.05,any_change,2.0,0.6666666666666666,0.2222222222222222,0.37463976945244953,0.1126788504326398,0.07754035086653922
all_alfworld,early,activation_l16_norm,6,12,9,0.05,any_change,4.0,0.6666666666666666,0.4444444444444444,0.4929875120076848,0.1126788504326398,0.07754035086653922
all_alfworld,early,activation_l24_norm,1,12,9,0.05,any_change,1.0,1.0,0.1111111111111111,0.10489913544668586,0.15493341934487972,0.13957263155977062
all_alfworld,early,activation_l24_norm,2,12,9,0.05,any_change,1.0,0.5,0.1111111111111111,0.10489913544668586,0.15493341934487972,0.13957263155977062
all_alfworld,early,activation_l24_norm,3,12,9,0.05,any_change,2.0,0.6666666666666666,0.2222222222222222,0.22291066282420746,0.15493341934487972,0.13957263155977062
all_alfworld,early,activation_l24_norm,6,12,9,0.05,any_change,5.0,0.8333333333333334,0.5555555555555556,0.6109990393852064,0.15493341934487972,0.13957263155977062
all_alfworld,early,activation_l32_norm,1,12,9,0.05,any_change,0.0,0.0,0.0,0.0,-0.15493341934487972,-0.10855649121315493
all_alfworld,early,activation_l32_norm,2,12,9,0.05,any_change,1.0,0.5,0.1111111111111111,0.10489913544668586,-0.15493341934487972,-0.10855649121315493
all_alfworld,early,activation_l32_norm,3,12,9,0.05,any_change,2.0,0.6666666666666666,0.2222222222222222,0.15331412103746397,-0.15493341934487972,-0.10855649121315493
all_alfworld,early,activation_l32_norm,6,12,9,0.05,any_change,4.0,0.6666666666666666,0.4444444444444444,0.4929875120076848,-0.15493341934487972,-0.10855649121315493
all_alfworld,early,activation_l8_norm,1,12,9,0.05,any_change,1.0,1.0,0.1111111111111111,0.10489913544668586,-0.12676370673671977,-0.10855649121315493
all_alfworld,early,activation_l8_norm,2,12,9,0.05,any_change,1.0,0.5,0.1111111111111111,0.10489913544668586,-0.12676370673671977,-0.10855649121315493
all_alfworld,early,activation_l8_norm,3,12,9,0.05,any_change,1.0,0.3333333333333333,0.1111111111111111,0.10489913544668586,-0.12676370673671977,-0.10855649121315493
all_alfworld,early,activation_l8_norm,6,12,9,0.05,any_change,3.0,0.5,0.3333333333333333,0.4230547550432276,-0.12676370673671977,-0.10855649121315493
all_alfworld,early,delta_centered_norm,1,12,9,0.05,any_change,0.0,0.0,0.0,0.0,-0.15493341934487972,-0.10855649121315493
all_alfworld,early,delta_centered_norm,2,12,9,0.05,any_change,1.0,0.5,0.1111111111111111,0.10489913544668586,-0.15493341934487972,-0.10855649121315493
all_alfworld,early,delta_centered_norm,3,12,9,0.05,any_change,2.0,0.6666666666666666,0.2222222222222222,0.15331412103746397,-0.15493341934487972,-0.10855649121315493
all_alfworld,early,delta_centered_norm,6,12,9,0.05,any_change,4.0,0.6666666666666666,0.4444444444444444,0.4929875120076848,-0.15493341934487972,-0.10855649121315493
all_alfworld,early,delta_norm,1,12,9,0.05,any_change,0.0,0.0,0.0,0.0,-0.08450913782447984,-0.04652421051992354
all_alfworld,early,delta_norm,2,12,9,0.05,any_change,1.0,0.5,0.1111111111111111,0.10489913544668586,-0.08450913782447984,-0.04652421051992354
all_alfworld,early,delta_norm,3,12,9,0.05,any_change,2.0,0.6666666666666666,0.2222222222222222,0.15331412103746397,-0.08450913782447984,-0.04652421051992354
all_alfworld,early,delta_norm,6,12,9,0.05,any_change,5.0,0.8333333333333334,0.5555555555555556,0.6940441882804995,-0.08450913782447984,-0.04652421051992354
all_alfworld,early,forward_kl_original,1,12,9,0.05,any_change,0.0,0.0,0.0,0.0,-0.18310313195303968,-0.13957263155977062
all_alfworld,early,forward_kl_original,2,12,9,0.05,any_change,1.0,0.5,0.1111111111111111,0.10489913544668586,-0.18310313195303968,-0.13957263155977062
all_alfworld,early,forward_kl_original,3,12,9,0.05,any_change,2.0,0.6666666666666666,0.2222222222222222,0.14423631123919306,-0.18310313195303968,-0.13957263155977062
all_alfworld,early,forward_kl_original,6,12,9,0.05,any_change,4.0,0.6666666666666666,0.4444444444444444,0.3106628242074928,-0.18310313195303968,-0.13957263155977062
all_alfworld,early,js_original,1,12,9,0.05,any_change,1.0,1.0,0.1111111111111111,0.1180115273775216,-0.13380613488875975,-0.04652421051992354
all_alfworld,early,js_original,2,12,9,0.05,any_change,2.0,1.0,0.2222222222222222,0.1664265129682997,-0.13380613488875975,-0.04652421051992354
all_alfworld,early,js_original,3,12,9,0.05,any_change,3.0,1.0,0.3333333333333333,0.2013928914505283,-0.13380613488875975,-0.04652421051992354
all_alfworld,early,js_original,6,12,9,0.05,any_change,5.0,0.8333333333333334,0.5555555555555556,0.3456292026897214,-0.13380613488875975,-0.04652421051992354
all_alfworld,early,old_margin,1,12,9,0.05,any_change,1.0,1.0,0.1111111111111111,0.26974063400576365,0.3658074187008913,0.25482359571881275
all_alfworld,early,old_margin,2,12,9,0.05,any_change,2.0,1.0,0.2222222222222222,0.5057636887608069,0.3658074187008913,0.25482359571881275
all_alfworld,early,old_margin,3,12,9,0.05,any_change,3.0,1.0,0.3333333333333333,0.6237752161383285,0.3658074187008913,0.25482359571881275
all_alfworld,early,old_margin,6,12,9,0.05,any_change,4.8,0.7999999999999999,0.5333333333333333,0.7059462055715657,0.3658074187008913,0.25482359571881275
all_alfworld,early,u_control_norm,1,12,9,0.05,any_change,1.0,1.0,0.1111111111111111,0.048414985590778094,-0.6690306744437988,-0.44973403502592757
all_alfworld,early,u_control_norm,2,12,9,0.05,any_change,1.0,0.5,0.1111111111111111,0.048414985590778094,-0.6690306744437988,-0.44973403502592757
all_alfworld,early,u_control_norm,3,12,9,0.05,any_change,2.0,0.6666666666666666,0.2222222222222222,0.0877521613832853,-0.6690306744437988,-0.44973403502592757
all_alfworld,early,u_control_norm,6,12,9,0.05,any_change,4.0,0.6666666666666666,0.4444444444444444,0.2013928914505283,-0.6690306744437988,-0.44973403502592757
all_alfworld,early,u_original_norm,1,12,9,0.05,any_change,0.0,0.0,0.0,0.0,-0.4436729735785192,-0.32566947363946475
all_alfworld,early,u_original_norm,2,12,9,0.05,any_change,1.0,0.5,0.1111111111111111,0.048414985590778094,-0.4436729735785192,-0.32566947363946475
all_alfworld,early,u_original_norm,3,12,9,0.05,any_change,1.0,0.3333333333333333,0.1111111111111111,0.048414985590778094,-0.4436729735785192,-0.32566947363946475
all_alfworld,early,u_original_norm,6,12,9,0.05,any_change,4.0,0.6666666666666666,0.4444444444444444,0.2407300672430355,-0.4436729735785192,-0.32566947363946475
all_alfworld,early,random_expected,1,12,9,0.05,any_change,0.75,0.75,0.08333333333333333,0.08333333333333331,,
all_alfworld,early,random_expected,2,12,9,0.05,any_change,1.5,0.75,0.16666666666666666,0.16666666666666663,,
all_alfworld,early,random_expected,3,12,9,0.05,any_change,2.25,0.75,0.25,0.25,,
all_alfworld,early,random_expected,6,12,9,0.05,any_change,4.5,0.75,0.5,0.5,,
all_alfworld,initial,C_upd,1,7,3,0.0,decline,0.0,0.0,0.0,0.0,-0.8214285714285715,-0.7142857142857143
all_alfworld,initial,C_upd,2,7,3,0.0,decline,0.0,0.0,0.0,0.0,-0.8214285714285715,-0.7142857142857143
all_alfworld,initial,C_upd,4,7,3,0.0,decline,1.0,0.25,0.3333333333333333,0.17341040462427748,-0.8214285714285715,-0.7142857142857143
all_alfworld,initial,D_contribution,1,7,3,0.0,decline,1.0,1.0,0.3333333333333333,0.17341040462427748,0.14285714285714288,0.04761904761904762
all_alfworld,initial,D_contribution,2,7,3,0.0,decline,2.0,1.0,0.6666666666666666,0.8092485549132948,0.14285714285714288,0.04761904761904762
all_alfworld,initial,D_contribution,4,7,3,0.0,decline,2.0,0.5,0.6666666666666666,0.8092485549132948,0.14285714285714288,0.04761904761904762
all_alfworld,initial,D_ungated_contribution,1,7,3,0.0,decline,0.0,0.0,0.0,0.0,0.3214285714285715,0.23809523809523814
all_alfworld,initial,D_ungated_contribution,2,7,3,0.0,decline,1.0,0.5,0.3333333333333333,0.6358381502890174,0.3214285714285715,0.23809523809523814
all_alfworld,initial,D_ungated_contribution,4,7,3,0.0,decline,2.0,0.5,0.6666666666666666,0.8092485549132948,0.3214285714285715,0.23809523809523814
all_alfworld,initial,P_int,1,7,3,0.0,decline,0.0,0.0,0.0,0.0,0.21428571428571433,0.14285714285714288
all_alfworld,initial,P_int,2,7,3,0.0,decline,1.0,0.5,0.3333333333333333,0.6358381502890174,0.21428571428571433,0.14285714285714288
all_alfworld,initial,P_int,4,7,3,0.0,decline,2.0,0.5,0.6666666666666666,0.8092485549132948,0.21428571428571433,0.14285714285714288
all_alfworld,initial,activation_l16_norm,1,7,3,0.0,decline,0.0,0.0,0.0,0.0,0.1785714285714286,0.04761904761904762
all_alfworld,initial,activation_l16_norm,2,7,3,0.0,decline,1.0,0.5,0.3333333333333333,0.19075144508670525,0.1785714285714286,0.04761904761904762
all_alfworld,initial,activation_l16_norm,4,7,3,0.0,decline,2.0,0.5,0.6666666666666666,0.3641618497109827,0.1785714285714286,0.04761904761904762
all_alfworld,initial,activation_l24_norm,1,7,3,0.0,decline,0.0,0.0,0.0,0.0,-0.21428571428571433,-0.23809523809523814
all_alfworld,initial,activation_l24_norm,2,7,3,0.0,decline,0.0,0.0,0.0,0.0,-0.21428571428571433,-0.23809523809523814
all_alfworld,initial,activation_l24_norm,4,7,3,0.0,decline,2.0,0.5,0.6666666666666666,0.3641618497109827,-0.21428571428571433,-0.23809523809523814
all_alfworld,initial,activation_l32_norm,1,7,3,0.0,decline,0.0,0.0,0.0,0.0,-0.21428571428571433,-0.23809523809523814
all_alfworld,initial,activation_l32_norm,2,7,3,0.0,decline,1.0,0.5,0.3333333333333333,0.17341040462427748,-0.21428571428571433,-0.23809523809523814
all_alfworld,initial,activation_l32_norm,4,7,3,0.0,decline,1.0,0.25,0.3333333333333333,0.17341040462427748,-0.21428571428571433,-0.23809523809523814
all_alfworld,initial,activation_l8_norm,1,7,3,0.0,decline,0.0,0.0,0.0,0.0,0.28571428571428575,0.04761904761904762
all_alfworld,initial,activation_l8_norm,2,7,3,0.0,decline,1.0,0.5,0.3333333333333333,0.17341040462427748,0.28571428571428575,0.04761904761904762
all_alfworld,initial,activation_l8_norm,4,7,3,0.0,decline,2.0,0.5,0.6666666666666666,0.3641618497109827,0.28571428571428575,0.04761904761904762
all_alfworld,initial,delta_centered_norm,1,7,3,0.0,decline,0.0,0.0,0.0,0.0,0.21428571428571433,0.04761904761904762
all_alfworld,initial,delta_centered_norm,2,7,3,0.0,decline,1.0,0.5,0.3333333333333333,0.17341040462427748,0.21428571428571433,0.04761904761904762
all_alfworld,initial,delta_centered_norm,4,7,3,0.0,decline,2.0,0.5,0.6666666666666666,0.3641618497109827,0.21428571428571433,0.04761904761904762
all_alfworld,initial,delta_norm,1,7,3,0.0,decline,0.0,0.0,0.0,0.0,0.42857142857142866,0.33333333333333337
all_alfworld,initial,delta_norm,2,7,3,0.0,decline,1.0,0.5,0.3333333333333333,0.19075144508670525,0.42857142857142866,0.33333333333333337
all_alfworld,initial,delta_norm,4,7,3,0.0,decline,2.0,0.5,0.6666666666666666,0.8265895953757226,0.42857142857142866,0.33333333333333337
all_alfworld,initial,forward_kl_original,1,7,3,0.0,decline,1.0,1.0,0.3333333333333333,0.17341040462427748,-0.5714285714285715,-0.4285714285714286
all_alfworld,initial,forward_kl_original,2,7,3,0.0,decline,1.0,0.5,0.3333333333333333,0.17341040462427748,-0.5714285714285715,-0.4285714285714286
all_alfworld,initial,forward_kl_original,4,7,3,0.0,decline,1.0,0.25,0.3333333333333333,0.17341040462427748,-0.5714285714285715,-0.4285714285714286
all_alfworld,initial,js_original,1,7,3,0.0,decline,0.0,0.0,0.0,0.0,-0.7500000000000002,-0.6190476190476191
all_alfworld,initial,js_original,2,7,3,0.0,decline,0.0,0.0,0.0,0.0,-0.7500000000000002,-0.6190476190476191
all_alfworld,initial,js_original,4,7,3,0.0,decline,1.0,0.25,0.3333333333333333,0.17341040462427748,-0.7500000000000002,-0.6190476190476191
all_alfworld,initial,old_margin,1,7,3,0.0,decline,1.0,1.0,0.3333333333333333,0.6358381502890174,0.0,0.0
all_alfworld,initial,old_margin,2,7,3,0.0,decline,1.0,0.5,0.3333333333333333,0.6358381502890174,0.0,0.0
all_alfworld,initial,old_margin,4,7,3,0.0,decline,1.0,0.25,0.3333333333333333,0.6358381502890174,0.0,0.0
all_alfworld,initial,u_control_norm,1,7,3,0.0,decline,0.0,0.0,0.0,0.0,0.42857142857142866,0.33333333333333337
all_alfworld,initial,u_control_norm,2,7,3,0.0,decline,1.0,0.5,0.3333333333333333,0.6358381502890174,0.42857142857142866,0.33333333333333337
all_alfworld,initial,u_control_norm,4,7,3,0.0,decline,2.0,0.5,0.6666666666666666,0.8092485549132948,0.42857142857142866,0.33333333333333337
all_alfworld,initial,u_original_norm,1,7,3,0.0,decline,0.0,0.0,0.0,0.0,0.1785714285714286,0.14285714285714288
all_alfworld,initial,u_original_norm,2,7,3,0.0,decline,0.0,0.0,0.0,0.0,0.1785714285714286,0.14285714285714288
all_alfworld,initial,u_original_norm,4,7,3,0.0,decline,2.0,0.5,0.6666666666666666,0.8092485549132948,0.1785714285714286,0.14285714285714288
all_alfworld,initial,random_expected,1,7,3,0.0,decline,0.42857142857142855,0.42857142857142855,0.14285714285714285,0.14285714285714285,,
all_alfworld,initial,random_expected,2,7,3,0.0,decline,0.8571428571428571,0.42857142857142855,0.2857142857142857,0.2857142857142857,,
all_alfworld,initial,random_expected,4,7,3,0.0,decline,1.7142857142857142,0.42857142857142855,0.5714285714285714,0.5714285714285714,,
all_alfworld,initial,C_upd,1,7,1,0.05,decline,0.0,0.0,0.0,0.0,-0.8214285714285715,-0.7142857142857143
all_alfworld,initial,C_upd,2,7,1,0.05,decline,0.0,0.0,0.0,0.0,-0.8214285714285715,-0.7142857142857143
all_alfworld,initial,C_upd,4,7,1,0.05,decline,0.0,0.0,0.0,0.17341040462427748,-0.8214285714285715,-0.7142857142857143
all_alfworld,initial,D_contribution,1,7,1,0.05,decline,0.0,0.0,0.0,0.17341040462427748,0.14285714285714288,0.04761904761904762
all_alfworld,initial,D_contribution,2,7,1,0.05,decline,1.0,0.5,1.0,0.8092485549132948,0.14285714285714288,0.04761904761904762
all_alfworld,initial,D_contribution,4,7,1,0.05,decline,1.0,0.25,1.0,0.8092485549132948,0.14285714285714288,0.04761904761904762
all_alfworld,initial,D_ungated_contribution,1,7,1,0.05,decline,0.0,0.0,0.0,0.0,0.3214285714285715,0.23809523809523814
all_alfworld,initial,D_ungated_contribution,2,7,1,0.05,decline,1.0,0.5,1.0,0.6358381502890174,0.3214285714285715,0.23809523809523814
all_alfworld,initial,D_ungated_contribution,4,7,1,0.05,decline,1.0,0.25,1.0,0.8092485549132948,0.3214285714285715,0.23809523809523814
all_alfworld,initial,P_int,1,7,1,0.05,decline,0.0,0.0,0.0,0.0,0.21428571428571433,0.14285714285714288
all_alfworld,initial,P_int,2,7,1,0.05,decline,1.0,0.5,1.0,0.6358381502890174,0.21428571428571433,0.14285714285714288
all_alfworld,initial,P_int,4,7,1,0.05,decline,1.0,0.25,1.0,0.8092485549132948,0.21428571428571433,0.14285714285714288
all_alfworld,initial,activation_l16_norm,1,7,1,0.05,decline,0.0,0.0,0.0,0.0,0.1785714285714286,0.04761904761904762
all_alfworld,initial,activation_l16_norm,2,7,1,0.05,decline,0.0,0.0,0.0,0.19075144508670525,0.1785714285714286,0.04761904761904762
all_alfworld,initial,activation_l16_norm,4,7,1,0.05,decline,0.0,0.0,0.0,0.3641618497109827,0.1785714285714286,0.04761904761904762
all_alfworld,initial,activation_l24_norm,1,7,1,0.05,decline,0.0,0.0,0.0,0.0,-0.21428571428571433,-0.23809523809523814
all_alfworld,initial,activation_l24_norm,2,7,1,0.05,decline,0.0,0.0,0.0,0.0,-0.21428571428571433,-0.23809523809523814
all_alfworld,initial,activation_l24_norm,4,7,1,0.05,decline,0.0,0.0,0.0,0.3641618497109827,-0.21428571428571433,-0.23809523809523814
all_alfworld,initial,activation_l32_norm,1,7,1,0.05,decline,0.0,0.0,0.0,0.0,-0.21428571428571433,-0.23809523809523814
all_alfworld,initial,activation_l32_norm,2,7,1,0.05,decline,0.0,0.0,0.0,0.17341040462427748,-0.21428571428571433,-0.23809523809523814
all_alfworld,initial,activation_l32_norm,4,7,1,0.05,decline,0.0,0.0,0.0,0.17341040462427748,-0.21428571428571433,-0.23809523809523814
all_alfworld,initial,activation_l8_norm,1,7,1,0.05,decline,0.0,0.0,0.0,0.0,0.28571428571428575,0.04761904761904762
all_alfworld,initial,activation_l8_norm,2,7,1,0.05,decline,0.0,0.0,0.0,0.17341040462427748,0.28571428571428575,0.04761904761904762
all_alfworld,initial,activation_l8_norm,4,7,1,0.05,decline,0.0,0.0,0.0,0.3641618497109827,0.28571428571428575,0.04761904761904762
all_alfworld,initial,delta_centered_norm,1,7,1,0.05,decline,0.0,0.0,0.0,0.0,0.21428571428571433,0.04761904761904762
all_alfworld,initial,delta_centered_norm,2,7,1,0.05,decline,0.0,0.0,0.0,0.17341040462427748,0.21428571428571433,0.04761904761904762
all_alfworld,initial,delta_centered_norm,4,7,1,0.05,decline,0.0,0.0,0.0,0.3641618497109827,0.21428571428571433,0.04761904761904762
all_alfworld,initial,delta_norm,1,7,1,0.05,decline,0.0,0.0,0.0,0.0,0.42857142857142866,0.33333333333333337
all_alfworld,initial,delta_norm,2,7,1,0.05,decline,0.0,0.0,0.0,0.19075144508670525,0.42857142857142866,0.33333333333333337
all_alfworld,initial,delta_norm,4,7,1,0.05,decline,1.0,0.25,1.0,0.8265895953757226,0.42857142857142866,0.33333333333333337
all_alfworld,initial,forward_kl_original,1,7,1,0.05,decline,0.0,0.0,0.0,0.17341040462427748,-0.5714285714285715,-0.4285714285714286
all_alfworld,initial,forward_kl_original,2,7,1,0.05,decline,0.0,0.0,0.0,0.17341040462427748,-0.5714285714285715,-0.4285714285714286
all_alfworld,initial,forward_kl_original,4,7,1,0.05,decline,0.0,0.0,0.0,0.17341040462427748,-0.5714285714285715,-0.4285714285714286
all_alfworld,initial,js_original,1,7,1,0.05,decline,0.0,0.0,0.0,0.0,-0.7500000000000002,-0.6190476190476191
all_alfworld,initial,js_original,2,7,1,0.05,decline,0.0,0.0,0.0,0.0,-0.7500000000000002,-0.6190476190476191
all_alfworld,initial,js_original,4,7,1,0.05,decline,0.0,0.0,0.0,0.17341040462427748,-0.7500000000000002,-0.6190476190476191
all_alfworld,initial,old_margin,1,7,1,0.05,decline,1.0,1.0,1.0,0.6358381502890174,0.0,0.0
all_alfworld,initial,old_margin,2,7,1,0.05,decline,1.0,0.5,1.0,0.6358381502890174,0.0,0.0
all_alfworld,initial,old_margin,4,7,1,0.05,decline,1.0,0.25,1.0,0.6358381502890174,0.0,0.0
all_alfworld,initial,u_control_norm,1,7,1,0.05,decline,0.0,0.0,0.0,0.0,0.42857142857142866,0.33333333333333337
all_alfworld,initial,u_control_norm,2,7,1,0.05,decline,1.0,0.5,1.0,0.6358381502890174,0.42857142857142866,0.33333333333333337
all_alfworld,initial,u_control_norm,4,7,1,0.05,decline,1.0,0.25,1.0,0.8092485549132948,0.42857142857142866,0.33333333333333337
all_alfworld,initial,u_original_norm,1,7,1,0.05,decline,0.0,0.0,0.0,0.0,0.1785714285714286,0.14285714285714288
all_alfworld,initial,u_original_norm,2,7,1,0.05,decline,0.0,0.0,0.0,0.0,0.1785714285714286,0.14285714285714288
all_alfworld,initial,u_original_norm,4,7,1,0.05,decline,1.0,0.25,1.0,0.8092485549132948,0.1785714285714286,0.14285714285714288
all_alfworld,initial,random_expected,1,7,1,0.05,decline,0.14285714285714285,0.14285714285714285,0.14285714285714285,0.14285714285714285,,
all_alfworld,initial,random_expected,2,7,1,0.05,decline,0.2857142857142857,0.14285714285714285,0.2857142857142857,0.2857142857142857,,
all_alfworld,initial,random_expected,4,7,1,0.05,decline,0.5714285714285714,0.14285714285714285,0.5714285714285714,0.5714285714285714,,
all_alfworld,initial,C_upd,1,7,7,0.0,any_change,1.0,1.0,0.14285714285714285,0.24344178016286266,0.25226248955475655,0.29277002188455997
all_alfworld,initial,C_upd,2,7,7,0.0,any_change,2.0,1.0,0.2857142857142857,0.402208158529947,0.25226248955475655,0.29277002188455997
all_alfworld,initial,C_upd,4,7,7,0.0,any_change,4.0,1.0,0.5714285714285714,0.6250996585491914,0.25226248955475655,0.29277002188455997
all_alfworld,initial,D_contribution,1,7,7,0.0,any_change,1.0,1.0,0.14285714285714285,0.06639321277168982,0.396412483586046,0.39036002917941326
all_alfworld,initial,D_contribution,2,7,7,0.0,any_change,2.0,1.0,0.2857142857142857,0.30983499293455247,0.396412483586046,0.39036002917941326
all_alfworld,initial,D_contribution,4,7,7,0.0,any_change,4.0,1.0,0.5714285714285714,0.7120431514644995,0.396412483586046,0.39036002917941326
all_alfworld,initial,D_ungated_contribution,1,7,7,0.0,any_change,1.0,1.0,0.14285714285714285,0.05842602723908704,-0.23424374030084535,-0.19518001458970663
all_alfworld,initial,D_ungated_contribution,2,7,7,0.0,any_change,2.0,1.0,0.2857142857142857,0.3018678074019497,-0.23424374030084535,-0.19518001458970663
all_alfworld,initial,D_ungated_contribution,4,7,7,0.0,any_change,4.0,1.0,0.5714285714285714,0.5270273985407238,-0.23424374030084535,-0.19518001458970663
all_alfworld,initial,P_int,1,7,7,0.0,any_change,1.0,1.0,0.14285714285714285,0.05842602723908704,-0.198206241793023,-0.09759000729485331
all_alfworld,initial,P_int,2,7,7,0.0,any_change,2.0,1.0,0.2857142857142857,0.3018678074019497,-0.198206241793023,-0.09759000729485331
all_alfworld,initial,P_int,4,7,7,0.0,any_change,4.0,1.0,0.5714285714285714,0.5270273985407238,-0.198206241793023,-0.09759000729485331
all_alfworld,initial,activation_l16_norm,1,7,7,0.0,any_change,1.0,1.0,0.14285714285714285,0.05842602723908704,-0.4684874806016907,-0.29277002188455997
all_alfworld,initial,activation_l16_norm,2,7,7,0.0,any_change,2.0,1.0,0.2857142857142857,0.13145856128794584,-0.4684874806016907,-0.29277002188455997
all_alfworld,initial,activation_l16_norm,4,7,7,0.0,any_change,4.0,1.0,0.5714285714285714,0.44129355422249833,-0.4684874806016907,-0.29277002188455997
all_alfworld,initial,activation_l24_norm,1,7,7,0.0,any_change,1.0,1.0,0.14285714285714285,0.05842602723908704,-0.43244998209386837,-0.39036002917941326
all_alfworld,initial,activation_l24_norm,2,7,7,0.0,any_change,2.0,1.0,0.2857142857142857,0.3018678074019497,-0.43244998209386837,-0.39036002917941326
all_alfworld,initial,activation_l24_norm,4,7,7,0.0,any_change,4.0,1.0,0.5714285714285714,0.44129355422249833,-0.43244998209386837,-0.39036002917941326
all_alfworld,initial,activation_l32_norm,1,7,7,0.0,any_change,1.0,1.0,0.14285714285714285,0.05842602723908704,-0.5225437283634242,-0.39036002917941326
all_alfworld,initial,activation_l32_norm,2,7,7,0.0,any_change,2.0,1.0,0.2857142857142857,0.12481924001077685,-0.5225437283634242,-0.39036002917941326
all_alfworld,initial,activation_l32_norm,4,7,7,0.0,any_change,4.0,1.0,0.5714285714285714,0.5270273985407238,-0.5225437283634242,-0.39036002917941326
all_alfworld,initial,activation_l8_norm,1,7,7,0.0,any_change,1.0,1.0,0.14285714285714285,0.05842602723908704,-0.6666937223947137,-0.4879500364742666
all_alfworld,initial,activation_l8_norm,2,7,7,0.0,any_change,2.0,1.0,0.2857142857142857,0.12481924001077685,-0.6666937223947137,-0.4879500364742666
all_alfworld,initial,activation_l8_norm,4,7,7,0.0,any_change,4.0,1.0,0.5714285714285714,0.44129355422249833,-0.6666937223947137,-0.4879500364742666
all_alfworld,initial,delta_centered_norm,1,7,7,0.0,any_change,1.0,1.0,0.14285714285714285,0.05842602723908704,-0.702731220902536,-0.5855400437691199
all_alfworld,initial,delta_centered_norm,2,7,7,0.0,any_change,2.0,1.0,0.2857142857142857,0.12481924001077685,-0.702731220902536,-0.5855400437691199
all_alfworld,initial,delta_centered_norm,4,7,7,0.0,any_change,4.0,1.0,0.5714285714285714,0.35661815242671996,-0.702731220902536,-0.5855400437691199
all_alfworld,initial,delta_norm,1,7,7,0.0,any_change,1.0,1.0,0.14285714285714285,0.05842602723908704,-0.5585812268712466,-0.4879500364742666
all_alfworld,initial,delta_norm,2,7,7,0.0,any_change,2.0,1.0,0.2857142857142857,0.13145856128794584,-0.5585812268712466,-0.4879500364742666
all_alfworld,initial,delta_norm,4,7,7,0.0,any_change,4.0,1.0,0.5714285714285714,0.5336667198178928,-0.5585812268712466,-0.4879500364742666
all_alfworld,initial,forward_kl_original,1,7,7,0.0,any_change,1.0,1.0,0.14285714285714285,0.06639321277168982,0.0,0.0
all_alfworld,initial,forward_kl_original,2,7,7,0.0,any_change,2.0,1.0,0.2857142857142857,0.30983499293455247,0.0,0.0
all_alfworld,initial,forward_kl_original,4,7,7,0.0,any_change,4.0,1.0,0.5714285714285714,0.6250996585491914,0.0,0.0
all_alfworld,initial,js_original,1,7,7,0.0,any_change,1.0,1.0,0.14285714285714285,0.24344178016286266,0.5045249791095131,0.39036002917941326
all_alfworld,initial,js_original,2,7,7,0.0,any_change,2.0,1.0,0.2857142857142857,0.402208158529947,0.5045249791095131,0.39036002917941326
all_alfworld,initial,js_original,4,7,7,0.0,any_change,4.0,1.0,0.5714285714285714,0.6250996585491914,0.5045249791095131,0.39036002917941326
all_alfworld,initial,old_margin,1,7,7,0.0,any_change,1.0,1.0,0.14285714285714285,0.24344178016286266,0.5636363636363636,0.44999999999999996
all_alfworld,initial,old_margin,2,7,7,0.0,any_change,2.0,1.0,0.2857142857142857,0.48688356032572533,0.5636363636363636,0.44999999999999996
all_alfworld,initial,old_margin,4,7,7,0.0,any_change,4.0,1.0,0.5714285714285714,0.7018078748123668,0.5636363636363636,0.44999999999999996
all_alfworld,initial,u_control_norm,1,7,7,0.0,any_change,1.0,1.0,0.14285714285714285,0.05842602723908704,-0.3783937343321348,-0.29277002188455997
all_alfworld,initial,u_control_norm,2,7,7,0.0,any_change,2.0,1.0,0.2857142857142857,0.3018678074019497,-0.3783937343321348,-0.29277002188455997
all_alfworld,initial,u_control_norm,4,7,7,0.0,any_change,4.0,1.0,0.5714285714285714,0.5247593074211941,-0.3783937343321348,-0.29277002188455997
all_alfworld,initial,u_original_norm,1,7,7,0.0,any_change,1.0,1.0,0.14285714285714285,0.05842602723908704,-0.36037498507822363,-0.29277002188455997
all_alfworld,initial,u_original_norm,2,7,7,0.0,any_change,2.0,1.0,0.2857142857142857,0.21719240560617137,-0.36037498507822363,-0.29277002188455997
all_alfworld,initial,u_original_norm,4,7,7,0.0,any_change,4.0,1.0,0.5714285714285714,0.5270273985407238,-0.36037498507822363,-0.29277002188455997
all_alfworld,initial,random_expected,1,7,7,0.0,any_change,0.9999999999999998,0.9999999999999998,0.14285714285714282,0.14285714285714282,,
all_alfworld,initial,random_expected,2,7,7,0.0,any_change,1.9999999999999996,0.9999999999999998,0.28571428571428564,0.28571428571428564,,
all_alfworld,initial,random_expected,4,7,7,0.0,any_change,3.999999999999999,0.9999999999999998,0.5714285714285713,0.5714285714285713,,
all_alfworld,initial,C_upd,1,7,4,0.05,any_change,1.0,1.0,0.25,0.24344178016286266,0.25226248955475655,0.29277002188455997
all_alfworld,initial,C_upd,2,7,4,0.05,any_change,2.0,1.0,0.5,0.402208158529947,0.25226248955475655,0.29277002188455997
all_alfworld,initial,C_upd,4,7,4,0.05,any_change,3.0,0.75,0.75,0.6250996585491914,0.25226248955475655,0.29277002188455997
all_alfworld,initial,D_contribution,1,7,4,0.05,any_change,0.0,0.0,0.0,0.06639321277168982,0.396412483586046,0.39036002917941326
all_alfworld,initial,D_contribution,2,7,4,0.05,any_change,1.0,0.5,0.25,0.30983499293455247,0.396412483586046,0.39036002917941326
all_alfworld,initial,D_contribution,4,7,4,0.05,any_change,3.0,0.75,0.75,0.7120431514644995,0.396412483586046,0.39036002917941326
all_alfworld,initial,D_ungated_contribution,1,7,4,0.05,any_change,0.0,0.0,0.0,0.05842602723908704,-0.23424374030084535,-0.19518001458970663
all_alfworld,initial,D_ungated_contribution,2,7,4,0.05,any_change,1.0,0.5,0.25,0.3018678074019497,-0.23424374030084535,-0.19518001458970663
all_alfworld,initial,D_ungated_contribution,4,7,4,0.05,any_change,2.0,0.5,0.5,0.5270273985407238,-0.23424374030084535,-0.19518001458970663
all_alfworld,initial,P_int,1,7,4,0.05,any_change,0.0,0.0,0.0,0.05842602723908704,-0.198206241793023,-0.09759000729485331
all_alfworld,initial,P_int,2,7,4,0.05,any_change,1.0,0.5,0.25,0.3018678074019497,-0.198206241793023,-0.09759000729485331
all_alfworld,initial,P_int,4,7,4,0.05,any_change,2.0,0.5,0.5,0.5270273985407238,-0.198206241793023,-0.09759000729485331
all_alfworld,initial,activation_l16_norm,1,7,4,0.05,any_change,0.0,0.0,0.0,0.05842602723908704,-0.4684874806016907,-0.29277002188455997
all_alfworld,initial,activation_l16_norm,2,7,4,0.05,any_change,0.0,0.0,0.0,0.13145856128794584,-0.4684874806016907,-0.29277002188455997
all_alfworld,initial,activation_l16_norm,4,7,4,0.05,any_change,1.0,0.25,0.25,0.44129355422249833,-0.4684874806016907,-0.29277002188455997
all_alfworld,initial,activation_l24_norm,1,7,4,0.05,any_change,0.0,0.0,0.0,0.05842602723908704,-0.43244998209386837,-0.39036002917941326
all_alfworld,initial,activation_l24_norm,2,7,4,0.05,any_change,1.0,0.5,0.25,0.3018678074019497,-0.43244998209386837,-0.39036002917941326
all_alfworld,initial,activation_l24_norm,4,7,4,0.05,any_change,1.0,0.25,0.25,0.44129355422249833,-0.43244998209386837,-0.39036002917941326
all_alfworld,initial,activation_l32_norm,1,7,4,0.05,any_change,0.0,0.0,0.0,0.05842602723908704,-0.5225437283634242,-0.39036002917941326
all_alfworld,initial,activation_l32_norm,2,7,4,0.05,any_change,0.0,0.0,0.0,0.12481924001077685,-0.5225437283634242,-0.39036002917941326
all_alfworld,initial,activation_l32_norm,4,7,4,0.05,any_change,2.0,0.5,0.5,0.5270273985407238,-0.5225437283634242,-0.39036002917941326
all_alfworld,initial,activation_l8_norm,1,7,4,0.05,any_change,0.0,0.0,0.0,0.05842602723908704,-0.6666937223947137,-0.4879500364742666
all_alfworld,initial,activation_l8_norm,2,7,4,0.05,any_change,0.0,0.0,0.0,0.12481924001077685,-0.6666937223947137,-0.4879500364742666
all_alfworld,initial,activation_l8_norm,4,7,4,0.05,any_change,1.0,0.25,0.25,0.44129355422249833,-0.6666937223947137,-0.4879500364742666
all_alfworld,initial,delta_centered_norm,1,7,4,0.05,any_change,0.0,0.0,0.0,0.05842602723908704,-0.702731220902536,-0.5855400437691199
all_alfworld,initial,delta_centered_norm,2,7,4,0.05,any_change,0.0,0.0,0.0,0.12481924001077685,-0.702731220902536,-0.5855400437691199
all_alfworld,initial,delta_centered_norm,4,7,4,0.05,any_change,1.0,0.25,0.25,0.35661815242671996,-0.702731220902536,-0.5855400437691199
all_alfworld,initial,delta_norm,1,7,4,0.05,any_change,0.0,0.0,0.0,0.05842602723908704,-0.5585812268712466,-0.4879500364742666
all_alfworld,initial,delta_norm,2,7,4,0.05,any_change,0.0,0.0,0.0,0.13145856128794584,-0.5585812268712466,-0.4879500364742666
all_alfworld,initial,delta_norm,4,7,4,0.05,any_change,2.0,0.5,0.5,0.5336667198178928,-0.5585812268712466,-0.4879500364742666
all_alfworld,initial,forward_kl_original,1,7,4,0.05,any_change,0.0,0.0,0.0,0.06639321277168982,0.0,0.0
all_alfworld,initial,forward_kl_original,2,7,4,0.05,any_change,1.0,0.5,0.25,0.30983499293455247,0.0,0.0
all_alfworld,initial,forward_kl_original,4,7,4,0.05,any_change,3.0,0.75,0.75,0.6250996585491914,0.0,0.0
all_alfworld,initial,js_original,1,7,4,0.05,any_change,1.0,1.0,0.25,0.24344178016286266,0.5045249791095131,0.39036002917941326
all_alfworld,initial,js_original,2,7,4,0.05,any_change,2.0,1.0,0.5,0.402208158529947,0.5045249791095131,0.39036002917941326
all_alfworld,initial,js_original,4,7,4,0.05,any_change,3.0,0.75,0.75,0.6250996585491914,0.5045249791095131,0.39036002917941326
all_alfworld,initial,old_margin,1,7,4,0.05,any_change,1.0,1.0,0.25,0.24344178016286266,0.5636363636363636,0.44999999999999996
all_alfworld,initial,old_margin,2,7,4,0.05,any_change,2.0,1.0,0.5,0.48688356032572533,0.5636363636363636,0.44999999999999996
all_alfworld,initial,old_margin,4,7,4,0.05,any_change,3.0,0.75,0.75,0.7018078748123668,0.5636363636363636,0.44999999999999996
all_alfworld,initial,u_control_norm,1,7,4,0.05,any_change,0.0,0.0,0.0,0.05842602723908704,-0.3783937343321348,-0.29277002188455997
all_alfworld,initial,u_control_norm,2,7,4,0.05,any_change,1.0,0.5,0.25,0.3018678074019497,-0.3783937343321348,-0.29277002188455997
all_alfworld,initial,u_control_norm,4,7,4,0.05,any_change,2.0,0.5,0.5,0.5247593074211941,-0.3783937343321348,-0.29277002188455997
all_alfworld,initial,u_original_norm,1,7,4,0.05,any_change,0.0,0.0,0.0,0.05842602723908704,-0.36037498507822363,-0.29277002188455997
all_alfworld,initial,u_original_norm,2,7,4,0.05,any_change,1.0,0.5,0.25,0.21719240560617137,-0.36037498507822363,-0.29277002188455997
all_alfworld,initial,u_original_norm,4,7,4,0.05,any_change,2.0,0.5,0.5,0.5270273985407238,-0.36037498507822363,-0.29277002188455997
all_alfworld,initial,random_expected,1,7,4,0.05,any_change,0.5714285714285714,0.5714285714285714,0.14285714285714285,0.14285714285714282,,
all_alfworld,initial,random_expected,2,7,4,0.05,any_change,1.1428571428571428,0.5714285714285714,0.2857142857142857,0.28571428571428564,,
all_alfworld,initial,random_expected,4,7,4,0.05,any_change,2.2857142857142856,0.5714285714285714,0.5714285714285714,0.5714285714285713,,
all_alfworld,late,C_upd,1,14,1,0.0,decline,0.0,0.0,0.0,0.0,-0.33553914519717704,-0.26856632724128343
all_alfworld,late,C_upd,2,14,1,0.0,decline,0.0,0.0,0.0,0.0,-0.33553914519717704,-0.26856632724128343
all_alfworld,late,C_upd,4,14,1,0.0,decline,0.0,0.0,0.0,0.0,-0.33553914519717704,-0.26856632724128343
all_alfworld,late,C_upd,7,14,1,0.0,decline,1.0,0.14285714285714285,1.0,1.0,-0.33553914519717704,-0.26856632724128343
all_alfworld,late,D_contribution,1,14,1,0.0,decline,0.0,0.0,0.0,0.0,-0.3662755554442467,-0.29683646695089216
all_alfworld,late,D_contribution,2,14,1,0.0,decline,0.0,0.0,0.0,0.0,-0.3662755554442467,-0.29683646695089216
all_alfworld,late,D_contribution,4,14,1,0.0,decline,0.0,0.0,0.0,0.0,-0.3662755554442467,-0.29683646695089216
all_alfworld,late,D_contribution,7,14,1,0.0,decline,0.0,0.0,0.0,0.0,-0.3662755554442467,-0.29683646695089216
all_alfworld,late,D_ungated_contribution,1,14,1,0.0,decline,0.0,0.0,0.0,0.0,-0.23308444437361153,-0.18375590811245707
all_alfworld,late,D_ungated_contribution,2,14,1,0.0,decline,0.0,0.0,0.0,0.0,-0.23308444437361153,-0.18375590811245707
all_alfworld,late,D_ungated_contribution,4,14,1,0.0,decline,0.0,0.0,0.0,0.0,-0.23308444437361153,-0.18375590811245707
all_alfworld,late,D_ungated_contribution,7,14,1,0.0,decline,0.0,0.0,0.0,0.0,-0.23308444437361153,-0.18375590811245707
all_alfworld,late,P_int,1,14,1,0.0,decline,0.0,0.0,0.0,0.0,-0.30480273495010746,-0.24029618753167464
all_alfworld,late,P_int,2,14,1,0.0,decline,0.0,0.0,0.0,0.0,-0.30480273495010746,-0.24029618753167464
all_alfworld,late,P_int,4,14,1,0.0,decline,0.0,0.0,0.0,0.0,-0.30480273495010746,-0.24029618753167464
all_alfworld,late,P_int,7,14,1,0.0,decline,0.0,0.0,0.0,0.0,-0.30480273495010746,-0.24029618753167464
all_alfworld,late,activation_l16_norm,1,14,1,0.0,decline,0.0,0.0,0.0,0.0,-0.007684102561767414,-0.01413506985480439
all_alfworld,late,activation_l16_norm,2,14,1,0.0,decline,0.0,0.0,0.0,0.0,-0.007684102561767414,-0.01413506985480439
all_alfworld,late,activation_l16_norm,4,14,1,0.0,decline,0.0,0.0,0.0,0.0,-0.007684102561767414,-0.01413506985480439
all_alfworld,late,activation_l16_norm,7,14,1,0.0,decline,1.0,0.14285714285714285,1.0,1.0,-0.007684102561767414,-0.01413506985480439
all_alfworld,late,activation_l24_norm,1,14,1,0.0,decline,0.0,0.0,0.0,0.0,-0.08964786322061982,-0.07067534927402196
all_alfworld,late,activation_l24_norm,2,14,1,0.0,decline,0.0,0.0,0.0,0.0,-0.08964786322061982,-0.07067534927402196
all_alfworld,late,activation_l24_norm,4,14,1,0.0,decline,0.0,0.0,0.0,0.0,-0.08964786322061982,-0.07067534927402196
all_alfworld,late,activation_l24_norm,7,14,1,0.0,decline,1.0,0.14285714285714285,1.0,1.0,-0.08964786322061982,-0.07067534927402196
all_alfworld,late,activation_l32_norm,1,14,1,0.0,decline,0.0,0.0,0.0,0.0,0.04354324785001534,0.04240520956441317
all_alfworld,late,activation_l32_norm,2,14,1,0.0,decline,0.0,0.0,0.0,0.0,0.04354324785001534,0.04240520956441317
all_alfworld,late,activation_l32_norm,4,14,1,0.0,decline,0.0,0.0,0.0,0.0,0.04354324785001534,0.04240520956441317
all_alfworld,late,activation_l32_norm,7,14,1,0.0,decline,0.0,0.0,0.0,0.0,0.04354324785001534,0.04240520956441317
all_alfworld,late,activation_l8_norm,1,14,1,0.0,decline,0.0,0.0,0.0,0.0,-0.26382085462068117,-0.21202604782206586
all_alfworld,late,activation_l8_norm,2,14,1,0.0,decline,0.0,0.0,0.0,0.0,-0.26382085462068117,-0.21202604782206586
all_alfworld,late,activation_l8_norm,4,14,1,0.0,decline,0.0,0.0,0.0,0.0,-0.26382085462068117,-0.21202604782206586
all_alfworld,late,activation_l8_norm,7,14,1,0.0,decline,0.0,0.0,0.0,0.0,-0.26382085462068117,-0.21202604782206586
all_alfworld,late,delta_centered_norm,1,14,1,0.0,decline,0.0,0.0,0.0,0.0,0.058911452973550174,0.04240520956441317
all_alfworld,late,delta_centered_norm,2,14,1,0.0,decline,0.0,0.0,0.0,0.0,0.058911452973550174,0.04240520956441317
all_alfworld,late,delta_centered_norm,4,14,1,0.0,decline,0.0,0.0,0.0,0.0,0.058911452973550174,0.04240520956441317
all_alfworld,late,delta_centered_norm,7,14,1,0.0,decline,0.0,0.0,0.0,0.0,0.058911452973550174,0.04240520956441317
all_alfworld,late,delta_norm,1,14,1,0.0,decline,0.0,0.0,0.0,0.0,0.3304164101559988,0.26856632724128343
all_alfworld,late,delta_norm,2,14,1,0.0,decline,0.0,0.0,0.0,0.0,0.3304164101559988,0.26856632724128343
all_alfworld,late,delta_norm,4,14,1,0.0,decline,0.0,0.0,0.0,0.0,0.3304164101559988,0.26856632724128343
all_alfworld,late,delta_norm,7,14,1,0.0,decline,0.0,0.0,0.0,0.0,0.3304164101559988,0.26856632724128343
all_alfworld,late,forward_kl_original,1,14,1,0.0,decline,0.0,0.0,0.0,0.0,-0.15624341875593742,-0.1554857684028483
all_alfworld,late,forward_kl_original,2,14,1,0.0,decline,0.0,0.0,0.0,0.0,-0.15624341875593742,-0.1554857684028483
all_alfworld,late,forward_kl_original,4,14,1,0.0,decline,1.0,0.25,1.0,1.0,-0.15624341875593742,-0.1554857684028483
all_alfworld,late,forward_kl_original,7,14,1,0.0,decline,1.0,0.14285714285714285,1.0,1.0,-0.15624341875593742,-0.1554857684028483
all_alfworld,late,js_original,1,14,1,0.0,decline,0.0,0.0,0.0,0.0,-0.15624341875593742,-0.12721562869323952
all_alfworld,late,js_original,2,14,1,0.0,decline,1.0,0.5,1.0,1.0,-0.15624341875593742,-0.12721562869323952
all_alfworld,late,js_original,4,14,1,0.0,decline,1.0,0.25,1.0,1.0,-0.15624341875593742,-0.12721562869323952
all_alfworld,late,js_original,7,14,1,0.0,decline,1.0,0.14285714285714285,1.0,1.0,-0.15624341875593742,-0.12721562869323952
all_alfworld,late,old_margin,1,14,1,0.0,decline,0.08333333333333333,0.08333333333333333,0.08333333333333333,0.08333333333333333,-0.17651577936724944,-0.16180796699117808
all_alfworld,late,old_margin,2,14,1,0.0,decline,0.16666666666666666,0.08333333333333333,0.16666666666666666,0.16666666666666666,-0.17651577936724944,-0.16180796699117808
all_alfworld,late,old_margin,4,14,1,0.0,decline,0.3333333333333333,0.08333333333333333,0.3333333333333333,0.3333333333333333,-0.17651577936724944,-0.16180796699117808
all_alfworld,late,old_margin,7,14,1,0.0,decline,0.5833333333333334,0.08333333333333334,0.5833333333333334,0.5833333333333334,-0.17651577936724944,-0.16180796699117808
all_alfworld,late,u_control_norm,1,14,1,0.0,decline,0.0,0.0,0.0,0.0,0.3970119656913164,0.29683646695089216
all_alfworld,late,u_control_norm,2,14,1,0.0,decline,0.0,0.0,0.0,0.0,0.3970119656913164,0.29683646695089216
all_alfworld,late,u_control_norm,4,14,1,0.0,decline,1.0,0.25,1.0,1.0,0.3970119656913164,0.29683646695089216
all_alfworld,late,u_control_norm,7,14,1,0.0,decline,1.0,0.14285714285714285,1.0,1.0,0.3970119656913164,0.29683646695089216
all_alfworld,late,u_original_norm,1,14,1,0.0,decline,0.0,0.0,0.0,0.0,0.3611528204030685,0.26856632724128343
all_alfworld,late,u_original_norm,2,14,1,0.0,decline,0.0,0.0,0.0,0.0,0.3611528204030685,0.26856632724128343
all_alfworld,late,u_original_norm,4,14,1,0.0,decline,0.0,0.0,0.0,0.0,0.3611528204030685,0.26856632724128343
all_alfworld,late,u_original_norm,7,14,1,0.0,decline,0.0,0.0,0.0,0.0,0.3611528204030685,0.26856632724128343
all_alfworld,late,random_expected,1,14,1,0.0,decline,0.07142857142857142,0.07142857142857142,0.07142857142857142,0.07142857142857142,,
all_alfworld,late,random_expected,2,14,1,0.0,decline,0.14285714285714285,0.07142857142857142,0.14285714285714285,0.14285714285714285,,
all_alfworld,late,random_expected,4,14,1,0.0,decline,0.2857142857142857,0.07142857142857142,0.2857142857142857,0.2857142857142857,,
all_alfworld,late,random_expected,7,14,1,0.0,decline,0.5,0.07142857142857142,0.5,0.5,,
all_alfworld,late,C_upd,1,14,1,0.05,decline,0.0,0.0,0.0,0.0,-0.33553914519717704,-0.26856632724128343
all_alfworld,late,C_upd,2,14,1,0.05,decline,0.0,0.0,0.0,0.0,-0.33553914519717704,-0.26856632724128343
all_alfworld,late,C_upd,4,14,1,0.05,decline,0.0,0.0,0.0,0.0,-0.33553914519717704,-0.26856632724128343
all_alfworld,late,C_upd,7,14,1,0.05,decline,1.0,0.14285714285714285,1.0,1.0,-0.33553914519717704,-0.26856632724128343
all_alfworld,late,D_contribution,1,14,1,0.05,decline,0.0,0.0,0.0,0.0,-0.3662755554442467,-0.29683646695089216
all_alfworld,late,D_contribution,2,14,1,0.05,decline,0.0,0.0,0.0,0.0,-0.3662755554442467,-0.29683646695089216
all_alfworld,late,D_contribution,4,14,1,0.05,decline,0.0,0.0,0.0,0.0,-0.3662755554442467,-0.29683646695089216
all_alfworld,late,D_contribution,7,14,1,0.05,decline,0.0,0.0,0.0,0.0,-0.3662755554442467,-0.29683646695089216
all_alfworld,late,D_ungated_contribution,1,14,1,0.05,decline,0.0,0.0,0.0,0.0,-0.23308444437361153,-0.18375590811245707
all_alfworld,late,D_ungated_contribution,2,14,1,0.05,decline,0.0,0.0,0.0,0.0,-0.23308444437361153,-0.18375590811245707
all_alfworld,late,D_ungated_contribution,4,14,1,0.05,decline,0.0,0.0,0.0,0.0,-0.23308444437361153,-0.18375590811245707
all_alfworld,late,D_ungated_contribution,7,14,1,0.05,decline,0.0,0.0,0.0,0.0,-0.23308444437361153,-0.18375590811245707
all_alfworld,late,P_int,1,14,1,0.05,decline,0.0,0.0,0.0,0.0,-0.30480273495010746,-0.24029618753167464
all_alfworld,late,P_int,2,14,1,0.05,decline,0.0,0.0,0.0,0.0,-0.30480273495010746,-0.24029618753167464
all_alfworld,late,P_int,4,14,1,0.05,decline,0.0,0.0,0.0,0.0,-0.30480273495010746,-0.24029618753167464
all_alfworld,late,P_int,7,14,1,0.05,decline,0.0,0.0,0.0,0.0,-0.30480273495010746,-0.24029618753167464
all_alfworld,late,activation_l16_norm,1,14,1,0.05,decline,0.0,0.0,0.0,0.0,-0.007684102561767414,-0.01413506985480439
all_alfworld,late,activation_l16_norm,2,14,1,0.05,decline,0.0,0.0,0.0,0.0,-0.007684102561767414,-0.01413506985480439
all_alfworld,late,activation_l16_norm,4,14,1,0.05,decline,0.0,0.0,0.0,0.0,-0.007684102561767414,-0.01413506985480439
all_alfworld,late,activation_l16_norm,7,14,1,0.05,decline,1.0,0.14285714285714285,1.0,1.0,-0.007684102561767414,-0.01413506985480439
all_alfworld,late,activation_l24_norm,1,14,1,0.05,decline,0.0,0.0,0.0,0.0,-0.08964786322061982,-0.07067534927402196
all_alfworld,late,activation_l24_norm,2,14,1,0.05,decline,0.0,0.0,0.0,0.0,-0.08964786322061982,-0.07067534927402196
all_alfworld,late,activation_l24_norm,4,14,1,0.05,decline,0.0,0.0,0.0,0.0,-0.08964786322061982,-0.07067534927402196
all_alfworld,late,activation_l24_norm,7,14,1,0.05,decline,1.0,0.14285714285714285,1.0,1.0,-0.08964786322061982,-0.07067534927402196
all_alfworld,late,activation_l32_norm,1,14,1,0.05,decline,0.0,0.0,0.0,0.0,0.04354324785001534,0.04240520956441317
all_alfworld,late,activation_l32_norm,2,14,1,0.05,decline,0.0,0.0,0.0,0.0,0.04354324785001534,0.04240520956441317
all_alfworld,late,activation_l32_norm,4,14,1,0.05,decline,0.0,0.0,0.0,0.0,0.04354324785001534,0.04240520956441317
all_alfworld,late,activation_l32_norm,7,14,1,0.05,decline,0.0,0.0,0.0,0.0,0.04354324785001534,0.04240520956441317
all_alfworld,late,activation_l8_norm,1,14,1,0.05,decline,0.0,0.0,0.0,0.0,-0.26382085462068117,-0.21202604782206586
all_alfworld,late,activation_l8_norm,2,14,1,0.05,decline,0.0,0.0,0.0,0.0,-0.26382085462068117,-0.21202604782206586
all_alfworld,late,activation_l8_norm,4,14,1,0.05,decline,0.0,0.0,0.0,0.0,-0.26382085462068117,-0.21202604782206586
all_alfworld,late,activation_l8_norm,7,14,1,0.05,decline,0.0,0.0,0.0,0.0,-0.26382085462068117,-0.21202604782206586
all_alfworld,late,delta_centered_norm,1,14,1,0.05,decline,0.0,0.0,0.0,0.0,0.058911452973550174,0.04240520956441317
all_alfworld,late,delta_centered_norm,2,14,1,0.05,decline,0.0,0.0,0.0,0.0,0.058911452973550174,0.04240520956441317
all_alfworld,late,delta_centered_norm,4,14,1,0.05,decline,0.0,0.0,0.0,0.0,0.058911452973550174,0.04240520956441317
all_alfworld,late,delta_centered_norm,7,14,1,0.05,decline,0.0,0.0,0.0,0.0,0.058911452973550174,0.04240520956441317
all_alfworld,late,delta_norm,1,14,1,0.05,decline,0.0,0.0,0.0,0.0,0.3304164101559988,0.26856632724128343
all_alfworld,late,delta_norm,2,14,1,0.05,decline,0.0,0.0,0.0,0.0,0.3304164101559988,0.26856632724128343
all_alfworld,late,delta_norm,4,14,1,0.05,decline,0.0,0.0,0.0,0.0,0.3304164101559988,0.26856632724128343
all_alfworld,late,delta_norm,7,14,1,0.05,decline,0.0,0.0,0.0,0.0,0.3304164101559988,0.26856632724128343
all_alfworld,late,forward_kl_original,1,14,1,0.05,decline,0.0,0.0,0.0,0.0,-0.15624341875593742,-0.1554857684028483
all_alfworld,late,forward_kl_original,2,14,1,0.05,decline,0.0,0.0,0.0,0.0,-0.15624341875593742,-0.1554857684028483
all_alfworld,late,forward_kl_original,4,14,1,0.05,decline,1.0,0.25,1.0,1.0,-0.15624341875593742,-0.1554857684028483
all_alfworld,late,forward_kl_original,7,14,1,0.05,decline,1.0,0.14285714285714285,1.0,1.0,-0.15624341875593742,-0.1554857684028483
all_alfworld,late,js_original,1,14,1,0.05,decline,0.0,0.0,0.0,0.0,-0.15624341875593742,-0.12721562869323952
all_alfworld,late,js_original,2,14,1,0.05,decline,1.0,0.5,1.0,1.0,-0.15624341875593742,-0.12721562869323952
all_alfworld,late,js_original,4,14,1,0.05,decline,1.0,0.25,1.0,1.0,-0.15624341875593742,-0.12721562869323952
all_alfworld,late,js_original,7,14,1,0.05,decline,1.0,0.14285714285714285,1.0,1.0,-0.15624341875593742,-0.12721562869323952
all_alfworld,late,old_margin,1,14,1,0.05,decline,0.08333333333333333,0.08333333333333333,0.08333333333333333,0.08333333333333333,-0.17651577936724944,-0.16180796699117808
all_alfworld,late,old_margin,2,14,1,0.05,decline,0.16666666666666666,0.08333333333333333,0.16666666666666666,0.16666666666666666,-0.17651577936724944,-0.16180796699117808
all_alfworld,late,old_margin,4,14,1,0.05,decline,0.3333333333333333,0.08333333333333333,0.3333333333333333,0.3333333333333333,-0.17651577936724944,-0.16180796699117808
all_alfworld,late,old_margin,7,14,1,0.05,decline,0.5833333333333334,0.08333333333333334,0.5833333333333334,0.5833333333333334,-0.17651577936724944,-0.16180796699117808
all_alfworld,late,u_control_norm,1,14,1,0.05,decline,0.0,0.0,0.0,0.0,0.3970119656913164,0.29683646695089216
all_alfworld,late,u_control_norm,2,14,1,0.05,decline,0.0,0.0,0.0,0.0,0.3970119656913164,0.29683646695089216
all_alfworld,late,u_control_norm,4,14,1,0.05,decline,1.0,0.25,1.0,1.0,0.3970119656913164,0.29683646695089216
all_alfworld,late,u_control_norm,7,14,1,0.05,decline,1.0,0.14285714285714285,1.0,1.0,0.3970119656913164,0.29683646695089216
all_alfworld,late,u_original_norm,1,14,1,0.05,decline,0.0,0.0,0.0,0.0,0.3611528204030685,0.26856632724128343
all_alfworld,late,u_original_norm,2,14,1,0.05,decline,0.0,0.0,0.0,0.0,0.3611528204030685,0.26856632724128343
all_alfworld,late,u_original_norm,4,14,1,0.05,decline,0.0,0.0,0.0,0.0,0.3611528204030685,0.26856632724128343
all_alfworld,late,u_original_norm,7,14,1,0.05,decline,0.0,0.0,0.0,0.0,0.3611528204030685,0.26856632724128343
all_alfworld,late,random_expected,1,14,1,0.05,decline,0.07142857142857142,0.07142857142857142,0.07142857142857142,0.07142857142857142,,
all_alfworld,late,random_expected,2,14,1,0.05,decline,0.14285714285714285,0.07142857142857142,0.14285714285714285,0.14285714285714285,,
all_alfworld,late,random_expected,4,14,1,0.05,decline,0.2857142857142857,0.07142857142857142,0.2857142857142857,0.2857142857142857,,
all_alfworld,late,random_expected,7,14,1,0.05,decline,0.5,0.07142857142857142,0.5,0.5,,
all_alfworld,late,C_upd,1,14,5,0.0,any_change,1.0,1.0,0.2,0.14023372287145242,0.5097121365972385,0.4099170257893273
all_alfworld,late,C_upd,2,14,5,0.0,any_change,1.0,0.5,0.2,0.14023372287145242,0.5097121365972385,0.4099170257893273
all_alfworld,late,C_upd,4,14,5,0.0,any_change,2.0,0.5,0.4,0.49081803005008345,0.5097121365972385,0.4099170257893273
all_alfworld,late,C_upd,7,14,5,0.0,any_change,5.0,0.7142857142857143,1.0,1.0,0.5097121365972385,0.4099170257893273
all_alfworld,late,D_contribution,1,14,5,0.0,any_change,0.0,0.0,0.0,0.0,0.2023480341265419,0.1554857684028483
all_alfworld,late,D_contribution,2,14,5,0.0,any_change,1.0,0.5,0.2,0.23372287145242068,0.2023480341265419,0.1554857684028483
all_alfworld,late,D_contribution,4,14,5,0.0,any_change,2.0,0.5,0.4,0.5843071786310516,0.2023480341265419,0.1554857684028483
all_alfworld,late,D_contribution,7,14,5,0.0,any_change,3.0,0.42857142857142855,0.6,0.684474123539232,0.2023480341265419,0.1554857684028483
all_alfworld,late,D_ungated_contribution,1,14,5,0.0,any_change,1.0,1.0,0.2,0.23372287145242068,0.1203842734676895,0.09894548898363074
all_alfworld,late,D_ungated_contribution,2,14,5,0.0,any_change,1.0,0.5,0.2,0.23372287145242068,0.1203842734676895,0.09894548898363074
all_alfworld,late,D_ungated_contribution,4,14,5,0.0,any_change,1.0,0.25,0.2,0.23372287145242068,0.1203842734676895,0.09894548898363074
all_alfworld,late,D_ungated_contribution,7,14,5,0.0,any_change,3.0,0.42857142857142855,0.6,0.684474123539232,0.1203842734676895,0.09894548898363074
all_alfworld,late,P_int,1,14,5,0.0,any_change,1.0,1.0,0.2,0.35058430717863104,0.08452512817944156,0.04240520956441317
all_alfworld,late,P_int,2,14,5,0.0,any_change,1.0,0.5,0.2,0.35058430717863104,0.08452512817944156,0.04240520956441317
all_alfworld,late,P_int,4,14,5,0.0,any_change,2.0,0.5,0.4,0.5843071786310516,0.08452512817944156,0.04240520956441317
all_alfworld,late,P_int,7,14,5,0.0,any_change,2.0,0.2857142857142857,0.4,0.5843071786310516,0.08452512817944156,0.04240520956441317
all_alfworld,late,activation_l16_norm,1,14,5,0.0,any_change,0.0,0.0,0.0,0.0,0.04866598289119362,0.04240520956441317
all_alfworld,late,activation_l16_norm,2,14,5,0.0,any_change,1.0,0.5,0.2,0.35058430717863104,0.04866598289119362,0.04240520956441317
all_alfworld,late,activation_l16_norm,4,14,5,0.0,any_change,1.0,0.25,0.2,0.35058430717863104,0.04866598289119362,0.04240520956441317
all_alfworld,late,activation_l16_norm,7,14,5,0.0,any_change,2.0,0.2857142857142857,0.4,0.5258764607679466,0.04866598289119362,0.04240520956441317
all_alfworld,late,activation_l24_norm,1,14,5,0.0,any_change,0.0,0.0,0.0,0.0,0.19722529908536363,0.1554857684028483
all_alfworld,late,activation_l24_norm,2,14,5,0.0,any_change,0.0,0.0,0.0,0.0,0.19722529908536363,0.1554857684028483
all_alfworld,late,activation_l24_norm,4,14,5,0.0,any_change,1.0,0.25,0.2,0.35058430717863104,0.19722529908536363,0.1554857684028483
all_alfworld,late,activation_l24_norm,7,14,5,0.0,any_change,3.0,0.42857142857142855,0.6,0.6260434056761268,0.19722529908536363,0.1554857684028483
all_alfworld,late,activation_l32_norm,1,14,5,0.0,any_change,0.0,0.0,0.0,0.0,-0.2023480341265419,-0.18375590811245707
all_alfworld,late,activation_l32_norm,2,14,5,0.0,any_change,0.0,0.0,0.0,0.0,-0.2023480341265419,-0.18375590811245707
all_alfworld,late,activation_l32_norm,4,14,5,0.0,any_change,1.0,0.25,0.2,0.35058430717863104,-0.2023480341265419,-0.18375590811245707
all_alfworld,late,activation_l32_norm,7,14,5,0.0,any_change,2.0,0.2857142857142857,0.4,0.45075125208681127,-0.2023480341265419,-0.18375590811245707
all_alfworld,late,activation_l8_norm,1,14,5,0.0,any_change,0.0,0.0,0.0,0.0,0.2484526494971464,0.18375590811245707
all_alfworld,late,activation_l8_norm,2,14,5,0.0,any_change,1.0,0.5,0.2,0.35058430717863104,0.2484526494971464,0.18375590811245707
all_alfworld,late,activation_l8_norm,4,14,5,0.0,any_change,1.0,0.25,0.2,0.35058430717863104,0.2484526494971464,0.18375590811245707
all_alfworld,late,activation_l8_norm,7,14,5,0.0,any_change,3.0,0.42857142857142855,0.6,0.5909849749582637,0.2484526494971464,0.18375590811245707
all_alfworld,late,delta_centered_norm,1,14,5,0.0,any_change,0.0,0.0,0.0,0.0,-0.14599794867358087,-0.12721562869323952
all_alfworld,late,delta_centered_norm,2,14,5,0.0,any_change,0.0,0.0,0.0,0.0,-0.14599794867358087,-0.12721562869323952
all_alfworld,late,delta_centered_norm,4,14,5,0.0,any_change,1.0,0.25,0.2,0.35058430717863104,-0.14599794867358087,-0.12721562869323952
all_alfworld,late,delta_centered_norm,7,14,5,0.0,any_change,2.0,0.2857142857142857,0.4,0.45075125208681127,-0.14599794867358087,-0.12721562869323952
all_alfworld,late,delta_norm,1,14,5,0.0,any_change,0.0,0.0,0.0,0.0,-0.38676649560895987,-0.29683646695089216
all_alfworld,late,delta_norm,2,14,5,0.0,any_change,0.0,0.0,0.0,0.0,-0.38676649560895987,-0.29683646695089216
all_alfworld,late,delta_norm,4,14,5,0.0,any_change,0.0,0.0,0.0,0.0,-0.38676649560895987,-0.29683646695089216
all_alfworld,late,delta_norm,7,14,5,0.0,any_change,2.0,0.2857142857142857,0.4,0.333889816360601,-0.38676649560895987,-0.29683646695089216
all_alfworld,late,forward_kl_original,1,14,5,0.0,any_change,1.0,1.0,0.2,0.14023372287145242,0.38164376056778154,0.29683646695089216
all_alfworld,late,forward_kl_original,2,14,5,0.0,any_change,1.0,0.5,0.2,0.14023372287145242,0.38164376056778154,0.29683646695089216
all_alfworld,late,forward_kl_original,4,14,5,0.0,any_change,2.0,0.5,0.4,0.31552587646076796,0.38164376056778154,0.29683646695089216
all_alfworld,late,forward_kl_original,7,14,5,0.0,any_change,3.0,0.42857142857142855,0.6,0.666110183639399,0.38164376056778154,0.29683646695089216
all_alfworld,late,js_original,1,14,5,0.0,any_change,1.0,1.0,0.2,0.14023372287145242,0.5045894015560602,0.38164688607971853
all_alfworld,late,js_original,2,14,5,0.0,any_change,2.0,1.0,0.4,0.31552587646076796,0.5045894015560602,0.38164688607971853
all_alfworld,late,js_original,4,14,5,0.0,any_change,2.0,0.5,0.4,0.31552587646076796,0.5045894015560602,0.38164688607971853
all_alfworld,late,js_original,7,14,5,0.0,any_change,4.0,0.5714285714285714,0.8,0.7662771285475793,0.5045894015560602,0.38164688607971853
all_alfworld,late,old_margin,1,14,5,0.0,any_change,0.41666666666666663,0.41666666666666663,0.08333333333333333,0.08333333333333333,0.2941929656120824,0.26967994498529685
all_alfworld,late,old_margin,2,14,5,0.0,any_change,0.8333333333333333,0.41666666666666663,0.16666666666666666,0.16666666666666666,0.2941929656120824,0.26967994498529685
all_alfworld,late,old_margin,4,14,5,0.0,any_change,1.6666666666666665,0.41666666666666663,0.3333333333333333,0.3333333333333333,0.2941929656120824,0.26967994498529685
all_alfworld,late,old_margin,7,14,5,0.0,any_change,2.916666666666667,0.4166666666666667,0.5833333333333334,0.5833333333333334,0.2941929656120824,0.26967994498529685
all_alfworld,late,u_control_norm,1,14,5,0.0,any_change,0.0,0.0,0.0,0.0,-0.21259350420889847,-0.1554857684028483
all_alfworld,late,u_control_norm,2,14,5,0.0,any_change,0.0,0.0,0.0,0.0,-0.21259350420889847,-0.1554857684028483
all_alfworld,late,u_control_norm,4,14,5,0.0,any_change,1.0,0.25,0.2,0.17529215358931552,-0.21259350420889847,-0.1554857684028483
all_alfworld,late,u_control_norm,7,14,5,0.0,any_change,2.0,0.2857142857142857,0.4,0.27545909849749584,-0.21259350420889847,-0.1554857684028483
all_alfworld,late,u_original_norm,1,14,5,0.0,any_change,0.0,0.0,0.0,0.0,-0.4379938460207426,-0.3533767463701098
all_alfworld,late,u_original_norm,2,14,5,0.0,any_change,0.0,0.0,0.0,0.0,-0.4379938460207426,-0.3533767463701098
all_alfworld,late,u_original_norm,4,14,5,0.0,any_change,1.0,0.25,0.2,0.10016694490818029,-0.4379938460207426,-0.3533767463701098
all_alfworld,late,u_original_norm,7,14,5,0.0,any_change,1.0,0.14285714285714285,0.2,0.10016694490818029,-0.4379938460207426,-0.3533767463701098
all_alfworld,late,random_expected,1,14,5,0.0,any_change,0.3571428571428571,0.3571428571428571,0.07142857142857142,0.07142857142857142,,
all_alfworld,late,random_expected,2,14,5,0.0,any_change,0.7142857142857142,0.3571428571428571,0.14285714285714285,0.14285714285714285,,
all_alfworld,late,random_expected,4,14,5,0.0,any_change,1.4285714285714284,0.3571428571428571,0.2857142857142857,0.2857142857142857,,
all_alfworld,late,random_expected,7,14,5,0.0,any_change,2.5,0.35714285714285715,0.5,0.5,,
all_alfworld,late,C_upd,1,14,5,0.05,any_change,1.0,1.0,0.2,0.14023372287145242,0.5097121365972385,0.4099170257893273
all_alfworld,late,C_upd,2,14,5,0.05,any_change,1.0,0.5,0.2,0.14023372287145242,0.5097121365972385,0.4099170257893273
all_alfworld,late,C_upd,4,14,5,0.05,any_change,2.0,0.5,0.4,0.49081803005008345,0.5097121365972385,0.4099170257893273
all_alfworld,late,C_upd,7,14,5,0.05,any_change,5.0,0.7142857142857143,1.0,1.0,0.5097121365972385,0.4099170257893273
all_alfworld,late,D_contribution,1,14,5,0.05,any_change,0.0,0.0,0.0,0.0,0.2023480341265419,0.1554857684028483
all_alfworld,late,D_contribution,2,14,5,0.05,any_change,1.0,0.5,0.2,0.23372287145242068,0.2023480341265419,0.1554857684028483
all_alfworld,late,D_contribution,4,14,5,0.05,any_change,2.0,0.5,0.4,0.5843071786310516,0.2023480341265419,0.1554857684028483
all_alfworld,late,D_contribution,7,14,5,0.05,any_change,3.0,0.42857142857142855,0.6,0.684474123539232,0.2023480341265419,0.1554857684028483
all_alfworld,late,D_ungated_contribution,1,14,5,0.05,any_change,1.0,1.0,0.2,0.23372287145242068,0.1203842734676895,0.09894548898363074
all_alfworld,late,D_ungated_contribution,2,14,5,0.05,any_change,1.0,0.5,0.2,0.23372287145242068,0.1203842734676895,0.09894548898363074
all_alfworld,late,D_ungated_contribution,4,14,5,0.05,any_change,1.0,0.25,0.2,0.23372287145242068,0.1203842734676895,0.09894548898363074
all_alfworld,late,D_ungated_contribution,7,14,5,0.05,any_change,3.0,0.42857142857142855,0.6,0.684474123539232,0.1203842734676895,0.09894548898363074
all_alfworld,late,P_int,1,14,5,0.05,any_change,1.0,1.0,0.2,0.35058430717863104,0.08452512817944156,0.04240520956441317
all_alfworld,late,P_int,2,14,5,0.05,any_change,1.0,0.5,0.2,0.35058430717863104,0.08452512817944156,0.04240520956441317
all_alfworld,late,P_int,4,14,5,0.05,any_change,2.0,0.5,0.4,0.5843071786310516,0.08452512817944156,0.04240520956441317
all_alfworld,late,P_int,7,14,5,0.05,any_change,2.0,0.2857142857142857,0.4,0.5843071786310516,0.08452512817944156,0.04240520956441317
all_alfworld,late,activation_l16_norm,1,14,5,0.05,any_change,0.0,0.0,0.0,0.0,0.04866598289119362,0.04240520956441317
all_alfworld,late,activation_l16_norm,2,14,5,0.05,any_change,1.0,0.5,0.2,0.35058430717863104,0.04866598289119362,0.04240520956441317
all_alfworld,late,activation_l16_norm,4,14,5,0.05,any_change,1.0,0.25,0.2,0.35058430717863104,0.04866598289119362,0.04240520956441317
all_alfworld,late,activation_l16_norm,7,14,5,0.05,any_change,2.0,0.2857142857142857,0.4,0.5258764607679466,0.04866598289119362,0.04240520956441317
all_alfworld,late,activation_l24_norm,1,14,5,0.05,any_change,0.0,0.0,0.0,0.0,0.19722529908536363,0.1554857684028483
all_alfworld,late,activation_l24_norm,2,14,5,0.05,any_change,0.0,0.0,0.0,0.0,0.19722529908536363,0.1554857684028483
all_alfworld,late,activation_l24_norm,4,14,5,0.05,any_change,1.0,0.25,0.2,0.35058430717863104,0.19722529908536363,0.1554857684028483
all_alfworld,late,activation_l24_norm,7,14,5,0.05,any_change,3.0,0.42857142857142855,0.6,0.6260434056761268,0.19722529908536363,0.1554857684028483
all_alfworld,late,activation_l32_norm,1,14,5,0.05,any_change,0.0,0.0,0.0,0.0,-0.2023480341265419,-0.18375590811245707
all_alfworld,late,activation_l32_norm,2,14,5,0.05,any_change,0.0,0.0,0.0,0.0,-0.2023480341265419,-0.18375590811245707
all_alfworld,late,activation_l32_norm,4,14,5,0.05,any_change,1.0,0.25,0.2,0.35058430717863104,-0.2023480341265419,-0.18375590811245707
all_alfworld,late,activation_l32_norm,7,14,5,0.05,any_change,2.0,0.2857142857142857,0.4,0.45075125208681127,-0.2023480341265419,-0.18375590811245707
all_alfworld,late,activation_l8_norm,1,14,5,0.05,any_change,0.0,0.0,0.0,0.0,0.2484526494971464,0.18375590811245707
all_alfworld,late,activation_l8_norm,2,14,5,0.05,any_change,1.0,0.5,0.2,0.35058430717863104,0.2484526494971464,0.18375590811245707
all_alfworld,late,activation_l8_norm,4,14,5,0.05,any_change,1.0,0.25,0.2,0.35058430717863104,0.2484526494971464,0.18375590811245707
all_alfworld,late,activation_l8_norm,7,14,5,0.05,any_change,3.0,0.42857142857142855,0.6,0.5909849749582637,0.2484526494971464,0.18375590811245707
all_alfworld,late,delta_centered_norm,1,14,5,0.05,any_change,0.0,0.0,0.0,0.0,-0.14599794867358087,-0.12721562869323952
all_alfworld,late,delta_centered_norm,2,14,5,0.05,any_change,0.0,0.0,0.0,0.0,-0.14599794867358087,-0.12721562869323952
all_alfworld,late,delta_centered_norm,4,14,5,0.05,any_change,1.0,0.25,0.2,0.35058430717863104,-0.14599794867358087,-0.12721562869323952
all_alfworld,late,delta_centered_norm,7,14,5,0.05,any_change,2.0,0.2857142857142857,0.4,0.45075125208681127,-0.14599794867358087,-0.12721562869323952
all_alfworld,late,delta_norm,1,14,5,0.05,any_change,0.0,0.0,0.0,0.0,-0.38676649560895987,-0.29683646695089216
all_alfworld,late,delta_norm,2,14,5,0.05,any_change,0.0,0.0,0.0,0.0,-0.38676649560895987,-0.29683646695089216
all_alfworld,late,delta_norm,4,14,5,0.05,any_change,0.0,0.0,0.0,0.0,-0.38676649560895987,-0.29683646695089216
all_alfworld,late,delta_norm,7,14,5,0.05,any_change,2.0,0.2857142857142857,0.4,0.333889816360601,-0.38676649560895987,-0.29683646695089216
all_alfworld,late,forward_kl_original,1,14,5,0.05,any_change,1.0,1.0,0.2,0.14023372287145242,0.38164376056778154,0.29683646695089216
all_alfworld,late,forward_kl_original,2,14,5,0.05,any_change,1.0,0.5,0.2,0.14023372287145242,0.38164376056778154,0.29683646695089216
all_alfworld,late,forward_kl_original,4,14,5,0.05,any_change,2.0,0.5,0.4,0.31552587646076796,0.38164376056778154,0.29683646695089216
all_alfworld,late,forward_kl_original,7,14,5,0.05,any_change,3.0,0.42857142857142855,0.6,0.666110183639399,0.38164376056778154,0.29683646695089216
all_alfworld,late,js_original,1,14,5,0.05,any_change,1.0,1.0,0.2,0.14023372287145242,0.5045894015560602,0.38164688607971853
all_alfworld,late,js_original,2,14,5,0.05,any_change,2.0,1.0,0.4,0.31552587646076796,0.5045894015560602,0.38164688607971853
all_alfworld,late,js_original,4,14,5,0.05,any_change,2.0,0.5,0.4,0.31552587646076796,0.5045894015560602,0.38164688607971853
all_alfworld,late,js_original,7,14,5,0.05,any_change,4.0,0.5714285714285714,0.8,0.7662771285475793,0.5045894015560602,0.38164688607971853
all_alfworld,late,old_margin,1,14,5,0.05,any_change,0.41666666666666663,0.41666666666666663,0.08333333333333333,0.08333333333333333,0.2941929656120824,0.26967994498529685
all_alfworld,late,old_margin,2,14,5,0.05,any_change,0.8333333333333333,0.41666666666666663,0.16666666666666666,0.16666666666666666,0.2941929656120824,0.26967994498529685
all_alfworld,late,old_margin,4,14,5,0.05,any_change,1.6666666666666665,0.41666666666666663,0.3333333333333333,0.3333333333333333,0.2941929656120824,0.26967994498529685
all_alfworld,late,old_margin,7,14,5,0.05,any_change,2.916666666666667,0.4166666666666667,0.5833333333333334,0.5833333333333334,0.2941929656120824,0.26967994498529685
all_alfworld,late,u_control_norm,1,14,5,0.05,any_change,0.0,0.0,0.0,0.0,-0.21259350420889847,-0.1554857684028483
all_alfworld,late,u_control_norm,2,14,5,0.05,any_change,0.0,0.0,0.0,0.0,-0.21259350420889847,-0.1554857684028483
all_alfworld,late,u_control_norm,4,14,5,0.05,any_change,1.0,0.25,0.2,0.17529215358931552,-0.21259350420889847,-0.1554857684028483
all_alfworld,late,u_control_norm,7,14,5,0.05,any_change,2.0,0.2857142857142857,0.4,0.27545909849749584,-0.21259350420889847,-0.1554857684028483
all_alfworld,late,u_original_norm,1,14,5,0.05,any_change,0.0,0.0,0.0,0.0,-0.4379938460207426,-0.3533767463701098
all_alfworld,late,u_original_norm,2,14,5,0.05,any_change,0.0,0.0,0.0,0.0,-0.4379938460207426,-0.3533767463701098
all_alfworld,late,u_original_norm,4,14,5,0.05,any_change,1.0,0.25,0.2,0.10016694490818029,-0.4379938460207426,-0.3533767463701098
all_alfworld,late,u_original_norm,7,14,5,0.05,any_change,1.0,0.14285714285714285,0.2,0.10016694490818029,-0.4379938460207426,-0.3533767463701098
all_alfworld,late,random_expected,1,14,5,0.05,any_change,0.3571428571428571,0.3571428571428571,0.07142857142857142,0.07142857142857142,,
all_alfworld,late,random_expected,2,14,5,0.05,any_change,0.7142857142857142,0.3571428571428571,0.14285714285714285,0.14285714285714285,,
all_alfworld,late,random_expected,4,14,5,0.05,any_change,1.4285714285714284,0.3571428571428571,0.2857142857142857,0.2857142857142857,,
all_alfworld,late,random_expected,7,14,5,0.05,any_change,2.5,0.35714285714285715,0.5,0.5,,
all_alfworld,middle,C_upd,1,17,6,0.0,decline,0.0,0.0,0.0,0.0,0.12446034445811983,0.09195447480551185
all_alfworld,middle,C_upd,2,17,6,0.0,decline,1.0,0.5,0.16666666666666666,0.14634146341463414,0.12446034445811983,0.09195447480551185
all_alfworld,middle,C_upd,5,17,6,0.0,decline,2.0,0.4,0.3333333333333333,0.4024390243902439,0.12446034445811983,0.09195447480551185
all_alfworld,middle,C_upd,9,17,6,0.0,decline,4.0,0.4444444444444444,0.6666666666666666,0.701219512195122,0.12446034445811983,0.09195447480551185
all_alfworld,middle,D_contribution,1,17,6,0.0,decline,1.0,1.0,0.16666666666666666,0.12804878048780488,-0.1724294355513535,-0.14211146106306374
all_alfworld,middle,D_contribution,2,17,6,0.0,decline,1.0,0.5,0.16666666666666666,0.12804878048780488,-0.1724294355513535,-0.14211146106306374
all_alfworld,middle,D_contribution,5,17,6,0.0,decline,1.0,0.2,0.16666666666666666,0.12804878048780488,-0.1724294355513535,-0.14211146106306374
all_alfworld,middle,D_contribution,9,17,6,0.0,decline,3.0,0.3333333333333333,0.5,0.4268292682926829,-0.1724294355513535,-0.14211146106306374
all_alfworld,middle,D_ungated_contribution,1,17,6,0.0,decline,1.0,1.0,0.16666666666666666,0.12804878048780488,-0.19706221205868973,-0.15883045648224772
all_alfworld,middle,D_ungated_contribution,2,17,6,0.0,decline,1.0,0.5,0.16666666666666666,0.12804878048780488,-0.19706221205868973,-0.15883045648224772
all_alfworld,middle,D_ungated_contribution,5,17,6,0.0,decline,1.0,0.2,0.16666666666666666,0.12804878048780488,-0.19706221205868973,-0.15883045648224772
all_alfworld,middle,D_ungated_contribution,9,17,6,0.0,decline,2.0,0.2222222222222222,0.3333333333333333,0.29878048780487804,-0.19706221205868973,-0.15883045648224772
all_alfworld,middle,P_int,1,17,6,0.0,decline,1.0,1.0,0.16666666666666666,0.12804878048780488,-0.23854899354472966,-0.1755494519014317
all_alfworld,middle,P_int,2,17,6,0.0,decline,1.0,0.5,0.16666666666666666,0.12804878048780488,-0.23854899354472966,-0.1755494519014317
all_alfworld,middle,P_int,5,17,6,0.0,decline,1.0,0.2,0.16666666666666666,0.12804878048780488,-0.23854899354472966,-0.1755494519014317
all_alfworld,middle,P_int,9,17,6,0.0,decline,2.5,0.2777777777777778,0.4166666666666667,0.38414634146341464,-0.23854899354472966,-0.1755494519014317
all_alfworld,middle,activation_l16_norm,1,17,6,0.0,decline,0.0,0.0,0.0,0.0,0.22544610623624223,0.1332593209305539
all_alfworld,middle,activation_l16_norm,2,17,6,0.0,decline,1.0,0.5,0.16666666666666666,0.12804878048780488,0.22544610623624223,0.1332593209305539
all_alfworld,middle,activation_l16_norm,5,17,6,0.0,decline,2.0,0.4,0.3333333333333333,0.38414634146341464,0.22544610623624223,0.1332593209305539
all_alfworld,middle,activation_l16_norm,9,17,6,0.0,decline,4.0,0.4444444444444444,0.6666666666666666,0.6585365853658536,0.22544610623624223,0.1332593209305539
all_alfworld,middle,activation_l24_norm,1,17,6,0.0,decline,1.0,1.0,0.16666666666666666,0.12804878048780488,0.36149117034431943,0.28317605697742704
all_alfworld,middle,activation_l24_norm,2,17,6,0.0,decline,2.0,1.0,0.3333333333333333,0.38414634146341464,0.36149117034431943,0.28317605697742704
all_alfworld,middle,activation_l24_norm,5,17,6,0.0,decline,3.0,0.6,0.5,0.5121951219512195,0.36149117034431943,0.28317605697742704
all_alfworld,middle,activation_l24_norm,9,17,6,0.0,decline,4.0,0.4444444444444444,0.6666666666666666,0.6829268292682926,0.36149117034431943,0.28317605697742704
all_alfworld,middle,activation_l32_norm,1,17,6,0.0,decline,1.0,1.0,0.16666666666666666,0.12804878048780488,0.40165685593813266,0.3164908872100655
all_alfworld,middle,activation_l32_norm,2,17,6,0.0,decline,2.0,1.0,0.3333333333333333,0.38414634146341464,0.40165685593813266,0.3164908872100655
all_alfworld,middle,activation_l32_norm,5,17,6,0.0,decline,3.0,0.6,0.5,0.5121951219512195,0.40165685593813266,0.3164908872100655
all_alfworld,middle,activation_l32_norm,9,17,6,0.0,decline,3.0,0.3333333333333333,0.5,0.5121951219512195,0.40165685593813266,0.3164908872100655
all_alfworld,middle,activation_l8_norm,1,17,6,0.0,decline,0.0,0.0,0.0,0.0,0.45607488158136356,0.34980571744270395
all_alfworld,middle,activation_l8_norm,2,17,6,0.0,decline,1.0,0.5,0.16666666666666666,0.14634146341463414,0.45607488158136356,0.34980571744270395
all_alfworld,middle,activation_l8_norm,5,17,6,0.0,decline,3.0,0.6,0.5,0.5304878048780487,0.45607488158136356,0.34980571744270395
all_alfworld,middle,activation_l8_norm,9,17,6,0.0,decline,4.0,0.4444444444444444,0.6666666666666666,0.6585365853658536,0.45607488158136356,0.34980571744270395
all_alfworld,middle,delta_centered_norm,1,17,6,0.0,decline,1.0,1.0,0.16666666666666666,0.25609756097560976,0.38351751405705575,0.3164908872100655
all_alfworld,middle,delta_centered_norm,2,17,6,0.0,decline,2.0,1.0,0.3333333333333333,0.38414634146341464,0.38351751405705575,0.3164908872100655
all_alfworld,middle,delta_centered_norm,5,17,6,0.0,decline,3.0,0.6,0.5,0.5121951219512195,0.38351751405705575,0.3164908872100655
all_alfworld,middle,delta_centered_norm,9,17,6,0.0,decline,3.0,0.3333333333333333,0.5,0.5121951219512195,0.38351751405705575,0.3164908872100655
all_alfworld,middle,delta_norm,1,17,6,0.0,decline,1.0,1.0,0.16666666666666666,0.12804878048780488,0.22933310806790155,0.18323156627951162
all_alfworld,middle,delta_norm,2,17,6,0.0,decline,2.0,1.0,0.3333333333333333,0.38414634146341464,0.22933310806790155,0.18323156627951162
all_alfworld,middle,delta_norm,5,17,6,0.0,decline,2.0,0.4,0.3333333333333333,0.38414634146341464,0.22933310806790155,0.18323156627951162
all_alfworld,middle,delta_norm,9,17,6,0.0,decline,3.0,0.3333333333333333,0.5,0.5548780487804877,0.22933310806790155,0.18323156627951162
all_alfworld,middle,forward_kl_original,1,17,6,0.0,decline,1.0,1.0,0.16666666666666666,0.25609756097560976,0.10365338217758263,0.06662966046527695
all_alfworld,middle,forward_kl_original,2,17,6,0.0,decline,1.0,0.5,0.16666666666666666,0.25609756097560976,0.10365338217758263,0.06662966046527695
all_alfworld,middle,forward_kl_original,5,17,6,0.0,decline,2.0,0.4,0.3333333333333333,0.4024390243902439,0.10365338217758263,0.06662966046527695
all_alfworld,middle,forward_kl_original,9,17,6,0.0,decline,3.0,0.3333333333333333,0.5,0.5731707317073171,0.10365338217758263,0.06662966046527695
all_alfworld,middle,js_original,1,17,6,0.0,decline,1.0,1.0,0.16666666666666666,0.25609756097560976,0.33557782479992376,0.2665186418611078
all_alfworld,middle,js_original,2,17,6,0.0,decline,2.0,1.0,0.3333333333333333,0.4024390243902439,0.33557782479992376,0.2665186418611078
all_alfworld,middle,js_original,5,17,6,0.0,decline,3.0,0.6,0.5,0.5731707317073171,0.33557782479992376,0.2665186418611078
all_alfworld,middle,js_original,9,17,6,0.0,decline,4.0,0.4444444444444444,0.6666666666666666,0.701219512195122,0.33557782479992376,0.2665186418611078
all_alfworld,middle,old_margin,1,17,6,0.0,decline,0.0,0.0,0.0,0.0,-0.1219442080793037,-0.08190601557786015
all_alfworld,middle,old_margin,2,17,6,0.0,decline,1.0,0.5,0.16666666666666666,0.14634146341463414,-0.1219442080793037,-0.08190601557786015
all_alfworld,middle,old_margin,5,17,6,0.0,decline,3.0,0.6,0.5,0.4024390243902439,-0.1219442080793037,-0.08190601557786015
all_alfworld,middle,old_margin,9,17,6,0.0,decline,3.8,0.4222222222222222,0.6333333333333333,0.5731707317073171,-0.1219442080793037,-0.08190601557786015
all_alfworld,middle,u_control_norm,1,17,6,0.0,decline,0.0,0.0,0.0,0.0,-0.32262115202772595,-0.23320381162846932
all_alfworld,middle,u_control_norm,2,17,6,0.0,decline,0.0,0.0,0.0,0.0,-0.32262115202772595,-0.23320381162846932
all_alfworld,middle,u_control_norm,5,17,6,0.0,decline,1.0,0.2,0.16666666666666666,0.12804878048780488,-0.32262115202772595,-0.23320381162846932
all_alfworld,middle,u_control_norm,9,17,6,0.0,decline,2.0,0.2222222222222222,0.3333333333333333,0.29878048780487804,-0.32262115202772595,-0.23320381162846932
all_alfworld,middle,u_original_norm,1,17,6,0.0,decline,1.0,1.0,0.16666666666666666,0.12804878048780488,0.08162703846484631,0.1332593209305539
all_alfworld,middle,u_original_norm,2,17,6,0.0,decline,1.0,0.5,0.16666666666666666,0.12804878048780488,0.08162703846484631,0.1332593209305539
all_alfworld,middle,u_original_norm,5,17,6,0.0,decline,2.0,0.4,0.3333333333333333,0.25609756097560976,0.08162703846484631,0.1332593209305539
all_alfworld,middle,u_original_norm,9,17,6,0.0,decline,3.0,0.3333333333333333,0.5,0.4268292682926829,0.08162703846484631,0.1332593209305539
all_alfworld,middle,random_expected,1,17,6,0.0,decline,0.3529411764705882,0.3529411764705882,0.0588235294117647,0.05882352941176471,,
all_alfworld,middle,random_expected,2,17,6,0.0,decline,0.7058823529411764,0.3529411764705882,0.1176470588235294,0.11764705882352942,,
all_alfworld,middle,random_expected,5,17,6,0.0,decline,1.7647058823529413,0.35294117647058826,0.29411764705882354,0.29411764705882354,,
all_alfworld,middle,random_expected,9,17,6,0.0,decline,3.1764705882352944,0.35294117647058826,0.5294117647058824,0.5294117647058824,,
all_alfworld,middle,C_upd,1,17,6,0.05,decline,0.0,0.0,0.0,0.0,0.12446034445811983,0.09195447480551185
all_alfworld,middle,C_upd,2,17,6,0.05,decline,1.0,0.5,0.16666666666666666,0.14634146341463414,0.12446034445811983,0.09195447480551185
all_alfworld,middle,C_upd,5,17,6,0.05,decline,2.0,0.4,0.3333333333333333,0.4024390243902439,0.12446034445811983,0.09195447480551185
all_alfworld,middle,C_upd,9,17,6,0.05,decline,4.0,0.4444444444444444,0.6666666666666666,0.701219512195122,0.12446034445811983,0.09195447480551185
all_alfworld,middle,D_contribution,1,17,6,0.05,decline,1.0,1.0,0.16666666666666666,0.12804878048780488,-0.1724294355513535,-0.14211146106306374
all_alfworld,middle,D_contribution,2,17,6,0.05,decline,1.0,0.5,0.16666666666666666,0.12804878048780488,-0.1724294355513535,-0.14211146106306374
all_alfworld,middle,D_contribution,5,17,6,0.05,decline,1.0,0.2,0.16666666666666666,0.12804878048780488,-0.1724294355513535,-0.14211146106306374
all_alfworld,middle,D_contribution,9,17,6,0.05,decline,3.0,0.3333333333333333,0.5,0.4268292682926829,-0.1724294355513535,-0.14211146106306374
all_alfworld,middle,D_ungated_contribution,1,17,6,0.05,decline,1.0,1.0,0.16666666666666666,0.12804878048780488,-0.19706221205868973,-0.15883045648224772
all_alfworld,middle,D_ungated_contribution,2,17,6,0.05,decline,1.0,0.5,0.16666666666666666,0.12804878048780488,-0.19706221205868973,-0.15883045648224772
all_alfworld,middle,D_ungated_contribution,5,17,6,0.05,decline,1.0,0.2,0.16666666666666666,0.12804878048780488,-0.19706221205868973,-0.15883045648224772
all_alfworld,middle,D_ungated_contribution,9,17,6,0.05,decline,2.0,0.2222222222222222,0.3333333333333333,0.29878048780487804,-0.19706221205868973,-0.15883045648224772
all_alfworld,middle,P_int,1,17,6,0.05,decline,1.0,1.0,0.16666666666666666,0.12804878048780488,-0.23854899354472966,-0.1755494519014317
all_alfworld,middle,P_int,2,17,6,0.05,decline,1.0,0.5,0.16666666666666666,0.12804878048780488,-0.23854899354472966,-0.1755494519014317
all_alfworld,middle,P_int,5,17,6,0.05,decline,1.0,0.2,0.16666666666666666,0.12804878048780488,-0.23854899354472966,-0.1755494519014317
all_alfworld,middle,P_int,9,17,6,0.05,decline,2.5,0.2777777777777778,0.4166666666666667,0.38414634146341464,-0.23854899354472966,-0.1755494519014317
all_alfworld,middle,activation_l16_norm,1,17,6,0.05,decline,0.0,0.0,0.0,0.0,0.22544610623624223,0.1332593209305539
all_alfworld,middle,activation_l16_norm,2,17,6,0.05,decline,1.0,0.5,0.16666666666666666,0.12804878048780488,0.22544610623624223,0.1332593209305539
all_alfworld,middle,activation_l16_norm,5,17,6,0.05,decline,2.0,0.4,0.3333333333333333,0.38414634146341464,0.22544610623624223,0.1332593209305539
all_alfworld,middle,activation_l16_norm,9,17,6,0.05,decline,4.0,0.4444444444444444,0.6666666666666666,0.6585365853658536,0.22544610623624223,0.1332593209305539
all_alfworld,middle,activation_l24_norm,1,17,6,0.05,decline,1.0,1.0,0.16666666666666666,0.12804878048780488,0.36149117034431943,0.28317605697742704
all_alfworld,middle,activation_l24_norm,2,17,6,0.05,decline,2.0,1.0,0.3333333333333333,0.38414634146341464,0.36149117034431943,0.28317605697742704
all_alfworld,middle,activation_l24_norm,5,17,6,0.05,decline,3.0,0.6,0.5,0.5121951219512195,0.36149117034431943,0.28317605697742704
all_alfworld,middle,activation_l24_norm,9,17,6,0.05,decline,4.0,0.4444444444444444,0.6666666666666666,0.6829268292682926,0.36149117034431943,0.28317605697742704
all_alfworld,middle,activation_l32_norm,1,17,6,0.05,decline,1.0,1.0,0.16666666666666666,0.12804878048780488,0.40165685593813266,0.3164908872100655
all_alfworld,middle,activation_l32_norm,2,17,6,0.05,decline,2.0,1.0,0.3333333333333333,0.38414634146341464,0.40165685593813266,0.3164908872100655
all_alfworld,middle,activation_l32_norm,5,17,6,0.05,decline,3.0,0.6,0.5,0.5121951219512195,0.40165685593813266,0.3164908872100655
all_alfworld,middle,activation_l32_norm,9,17,6,0.05,decline,3.0,0.3333333333333333,0.5,0.5121951219512195,0.40165685593813266,0.3164908872100655
all_alfworld,middle,activation_l8_norm,1,17,6,0.05,decline,0.0,0.0,0.0,0.0,0.45607488158136356,0.34980571744270395
all_alfworld,middle,activation_l8_norm,2,17,6,0.05,decline,1.0,0.5,0.16666666666666666,0.14634146341463414,0.45607488158136356,0.34980571744270395
all_alfworld,middle,activation_l8_norm,5,17,6,0.05,decline,3.0,0.6,0.5,0.5304878048780487,0.45607488158136356,0.34980571744270395
all_alfworld,middle,activation_l8_norm,9,17,6,0.05,decline,4.0,0.4444444444444444,0.6666666666666666,0.6585365853658536,0.45607488158136356,0.34980571744270395
all_alfworld,middle,delta_centered_norm,1,17,6,0.05,decline,1.0,1.0,0.16666666666666666,0.25609756097560976,0.38351751405705575,0.3164908872100655
all_alfworld,middle,delta_centered_norm,2,17,6,0.05,decline,2.0,1.0,0.3333333333333333,0.38414634146341464,0.38351751405705575,0.3164908872100655
all_alfworld,middle,delta_centered_norm,5,17,6,0.05,decline,3.0,0.6,0.5,0.5121951219512195,0.38351751405705575,0.3164908872100655
all_alfworld,middle,delta_centered_norm,9,17,6,0.05,decline,3.0,0.3333333333333333,0.5,0.5121951219512195,0.38351751405705575,0.3164908872100655
all_alfworld,middle,delta_norm,1,17,6,0.05,decline,1.0,1.0,0.16666666666666666,0.12804878048780488,0.22933310806790155,0.18323156627951162
all_alfworld,middle,delta_norm,2,17,6,0.05,decline,2.0,1.0,0.3333333333333333,0.38414634146341464,0.22933310806790155,0.18323156627951162
all_alfworld,middle,delta_norm,5,17,6,0.05,decline,2.0,0.4,0.3333333333333333,0.38414634146341464,0.22933310806790155,0.18323156627951162
all_alfworld,middle,delta_norm,9,17,6,0.05,decline,3.0,0.3333333333333333,0.5,0.5548780487804877,0.22933310806790155,0.18323156627951162
all_alfworld,middle,forward_kl_original,1,17,6,0.05,decline,1.0,1.0,0.16666666666666666,0.25609756097560976,0.10365338217758263,0.06662966046527695
all_alfworld,middle,forward_kl_original,2,17,6,0.05,decline,1.0,0.5,0.16666666666666666,0.25609756097560976,0.10365338217758263,0.06662966046527695
all_alfworld,middle,forward_kl_original,5,17,6,0.05,decline,2.0,0.4,0.3333333333333333,0.4024390243902439,0.10365338217758263,0.06662966046527695
all_alfworld,middle,forward_kl_original,9,17,6,0.05,decline,3.0,0.3333333333333333,0.5,0.5731707317073171,0.10365338217758263,0.06662966046527695
all_alfworld,middle,js_original,1,17,6,0.05,decline,1.0,1.0,0.16666666666666666,0.25609756097560976,0.33557782479992376,0.2665186418611078
all_alfworld,middle,js_original,2,17,6,0.05,decline,2.0,1.0,0.3333333333333333,0.4024390243902439,0.33557782479992376,0.2665186418611078
all_alfworld,middle,js_original,5,17,6,0.05,decline,3.0,0.6,0.5,0.5731707317073171,0.33557782479992376,0.2665186418611078
all_alfworld,middle,js_original,9,17,6,0.05,decline,4.0,0.4444444444444444,0.6666666666666666,0.701219512195122,0.33557782479992376,0.2665186418611078
all_alfworld,middle,old_margin,1,17,6,0.05,decline,0.0,0.0,0.0,0.0,-0.1219442080793037,-0.08190601557786015
all_alfworld,middle,old_margin,2,17,6,0.05,decline,1.0,0.5,0.16666666666666666,0.14634146341463414,-0.1219442080793037,-0.08190601557786015
all_alfworld,middle,old_margin,5,17,6,0.05,decline,3.0,0.6,0.5,0.4024390243902439,-0.1219442080793037,-0.08190601557786015
all_alfworld,middle,old_margin,9,17,6,0.05,decline,3.8,0.4222222222222222,0.6333333333333333,0.5731707317073171,-0.1219442080793037,-0.08190601557786015
all_alfworld,middle,u_control_norm,1,17,6,0.05,decline,0.0,0.0,0.0,0.0,-0.32262115202772595,-0.23320381162846932
all_alfworld,middle,u_control_norm,2,17,6,0.05,decline,0.0,0.0,0.0,0.0,-0.32262115202772595,-0.23320381162846932
all_alfworld,middle,u_control_norm,5,17,6,0.05,decline,1.0,0.2,0.16666666666666666,0.12804878048780488,-0.32262115202772595,-0.23320381162846932
all_alfworld,middle,u_control_norm,9,17,6,0.05,decline,2.0,0.2222222222222222,0.3333333333333333,0.29878048780487804,-0.32262115202772595,-0.23320381162846932
all_alfworld,middle,u_original_norm,1,17,6,0.05,decline,1.0,1.0,0.16666666666666666,0.12804878048780488,0.08162703846484631,0.1332593209305539
all_alfworld,middle,u_original_norm,2,17,6,0.05,decline,1.0,0.5,0.16666666666666666,0.12804878048780488,0.08162703846484631,0.1332593209305539
all_alfworld,middle,u_original_norm,5,17,6,0.05,decline,2.0,0.4,0.3333333333333333,0.25609756097560976,0.08162703846484631,0.1332593209305539
all_alfworld,middle,u_original_norm,9,17,6,0.05,decline,3.0,0.3333333333333333,0.5,0.4268292682926829,0.08162703846484631,0.1332593209305539
all_alfworld,middle,random_expected,1,17,6,0.05,decline,0.3529411764705882,0.3529411764705882,0.0588235294117647,0.05882352941176471,,
all_alfworld,middle,random_expected,2,17,6,0.05,decline,0.7058823529411764,0.3529411764705882,0.1176470588235294,0.11764705882352942,,
all_alfworld,middle,random_expected,5,17,6,0.05,decline,1.7647058823529413,0.35294117647058826,0.29411764705882354,0.29411764705882354,,
all_alfworld,middle,random_expected,9,17,6,0.05,decline,3.1764705882352944,0.35294117647058826,0.5294117647058824,0.5294117647058824,,
all_alfworld,middle,C_upd,1,17,9,0.0,any_change,1.0,1.0,0.1111111111111111,0.29247910863509746,0.37078810953148195,0.29258241983571953
all_alfworld,middle,C_upd,2,17,9,0.0,any_change,2.0,1.0,0.2222222222222222,0.3760445682451253,0.37078810953148195,0.29258241983571953
all_alfworld,middle,C_upd,5,17,9,0.0,any_change,3.0,0.6,0.3333333333333333,0.522284122562674,0.37078810953148195,0.29258241983571953
all_alfworld,middle,C_upd,9,17,9,0.0,any_change,5.0,0.5555555555555556,0.5555555555555556,0.6928969359331475,0.37078810953148195,0.29258241983571953
all_alfworld,middle,D_contribution,1,17,9,0.0,any_change,1.0,1.0,0.1111111111111111,0.07311977715877437,-0.1931728262943735,-0.14211146106306374
all_alfworld,middle,D_contribution,2,17,9,0.0,any_change,1.0,0.5,0.1111111111111111,0.07311977715877437,-0.1931728262943735,-0.14211146106306374
all_alfworld,middle,D_contribution,5,17,9,0.0,any_change,3.0,0.6,0.3333333333333333,0.20961002785515315,-0.1931728262943735,-0.14211146106306374
all_alfworld,middle,D_contribution,9,17,9,0.0,any_change,5.0,0.5555555555555556,0.5555555555555556,0.38022284122562666,-0.1931728262943735,-0.14211146106306374
all_alfworld,middle,D_ungated_contribution,1,17,9,0.0,any_change,1.0,1.0,0.1111111111111111,0.07311977715877437,-0.18150466900142476,-0.12539246564387976
all_alfworld,middle,D_ungated_contribution,2,17,9,0.0,any_change,2.0,1.0,0.2222222222222222,0.1608635097493036,-0.18150466900142476,-0.12539246564387976
all_alfworld,middle,D_ungated_contribution,5,17,9,0.0,any_change,3.0,0.6,0.3333333333333333,0.20961002785515315,-0.18150466900142476,-0.12539246564387976
all_alfworld,middle,D_ungated_contribution,9,17,9,0.0,any_change,4.0,0.4444444444444444,0.4444444444444444,0.3071030640668523,-0.18150466900142476,-0.12539246564387976
all_alfworld,middle,P_int,1,17,9,0.0,any_change,1.0,1.0,0.1111111111111111,0.07311977715877437,-0.2644782319735046,-0.1755494519014317
all_alfworld,middle,P_int,2,17,9,0.0,any_change,1.0,0.5,0.1111111111111111,0.07311977715877437,-0.2644782319735046,-0.1755494519014317
all_alfworld,middle,P_int,5,17,9,0.0,any_change,3.0,0.6,0.3333333333333333,0.20961002785515315,-0.2644782319735046,-0.1755494519014317
all_alfworld,middle,P_int,9,17,9,0.0,any_change,4.5,0.5,0.5,0.35584958217270196,-0.2644782319735046,-0.1755494519014317
all_alfworld,middle,activation_l16_norm,1,17,9,0.0,any_change,0.0,0.0,0.0,0.0,0.09328804395982436,0.06662966046527695
all_alfworld,middle,activation_l16_norm,2,17,9,0.0,any_change,1.0,0.5,0.1111111111111111,0.07311977715877437,0.09328804395982436,0.06662966046527695
all_alfworld,middle,activation_l16_norm,5,17,9,0.0,any_change,2.0,0.4,0.2222222222222222,0.2193593314763231,0.09328804395982436,0.06662966046527695
all_alfworld,middle,activation_l16_norm,9,17,9,0.0,any_change,6.0,0.6666666666666666,0.6666666666666666,0.7172701949860724,0.09328804395982436,0.06662966046527695
all_alfworld,middle,activation_l24_norm,1,17,9,0.0,any_change,1.0,1.0,0.1111111111111111,0.07311977715877437,0.0012956672772197828,0.016657415116319237
all_alfworld,middle,activation_l24_norm,2,17,9,0.0,any_change,2.0,1.0,0.2222222222222222,0.2193593314763231,0.0012956672772197828,0.016657415116319237
all_alfworld,middle,activation_l24_norm,5,17,9,0.0,any_change,3.0,0.6,0.3333333333333333,0.29247910863509746,0.0012956672772197828,0.016657415116319237
all_alfworld,middle,activation_l24_norm,9,17,9,0.0,any_change,5.0,0.5555555555555556,0.5555555555555556,0.4387186629526462,0.0012956672772197828,0.016657415116319237
all_alfworld,middle,activation_l32_norm,1,17,9,0.0,any_change,1.0,1.0,0.1111111111111111,0.07311977715877437,-0.0984707130687035,-0.04997224534895771
all_alfworld,middle,activation_l32_norm,2,17,9,0.0,any_change,2.0,1.0,0.2222222222222222,0.2193593314763231,-0.0984707130687035,-0.04997224534895771
all_alfworld,middle,activation_l32_norm,5,17,9,0.0,any_change,3.0,0.6,0.3333333333333333,0.29247910863509746,-0.0984707130687035,-0.04997224534895771
all_alfworld,middle,activation_l32_norm,9,17,9,0.0,any_change,4.0,0.4444444444444444,0.4444444444444444,0.34122562674094703,-0.0984707130687035,-0.04997224534895771
all_alfworld,middle,activation_l8_norm,1,17,9,0.0,any_change,0.0,0.0,0.0,0.0,0.015548007326637395,0.016657415116319237
all_alfworld,middle,activation_l8_norm,2,17,9,0.0,any_change,1.0,0.5,0.1111111111111111,0.08356545961002784,0.015548007326637395,0.016657415116319237
all_alfworld,middle,activation_l8_norm,5,17,9,0.0,any_change,3.0,0.6,0.3333333333333333,0.3029247910863509,0.015548007326637395,0.016657415116319237
all_alfworld,middle,activation_l8_norm,9,17,9,0.0,any_change,4.0,0.4444444444444444,0.4444444444444444,0.3760445682451253,0.015548007326637395,0.016657415116319237
all_alfworld,middle,delta_centered_norm,1,17,9,0.0,any_change,1.0,1.0,0.1111111111111111,0.14623955431754873,-0.11661005494978045,-0.04997224534895771
all_alfworld,middle,delta_centered_norm,2,17,9,0.0,any_change,2.0,1.0,0.2222222222222222,0.2193593314763231,-0.11661005494978045,-0.04997224534895771
all_alfworld,middle,delta_centered_norm,5,17,9,0.0,any_change,3.0,0.6,0.3333333333333333,0.29247910863509746,-0.11661005494978045,-0.04997224534895771
all_alfworld,middle,delta_centered_norm,9,17,9,0.0,any_change,4.0,0.4444444444444444,0.4444444444444444,0.34122562674094703,-0.11661005494978045,-0.04997224534895771
all_alfworld,middle,delta_norm,1,17,9,0.0,any_change,1.0,1.0,0.1111111111111111,0.07311977715877437,-0.29929914103776983,-0.24986122674478856
all_alfworld,middle,delta_norm,2,17,9,0.0,any_change,2.0,1.0,0.2222222222222222,0.2193593314763231,-0.29929914103776983,-0.24986122674478856
all_alfworld,middle,delta_norm,5,17,9,0.0,any_change,2.0,0.4,0.2222222222222222,0.2193593314763231,-0.29929914103776983,-0.24986122674478856
all_alfworld,middle,delta_norm,9,17,9,0.0,any_change,3.0,0.3333333333333333,0.3333333333333333,0.3168523676880222,-0.29929914103776983,-0.24986122674478856
all_alfworld,middle,forward_kl_original,1,17,9,0.0,any_change,1.0,1.0,0.1111111111111111,0.14623955431754873,0.19953276069184656,0.16657415116319235
all_alfworld,middle,forward_kl_original,2,17,9,0.0,any_change,1.0,0.5,0.1111111111111111,0.14623955431754873,0.19953276069184656,0.16657415116319235
all_alfworld,middle,forward_kl_original,5,17,9,0.0,any_change,2.0,0.4,0.2222222222222222,0.22980501392757657,0.19953276069184656,0.16657415116319235
all_alfworld,middle,forward_kl_original,9,17,9,0.0,any_change,5.0,0.5555555555555556,0.5555555555555556,0.7075208913649024,0.19953276069184656,0.16657415116319235
all_alfworld,middle,js_original,1,17,9,0.0,any_change,1.0,1.0,0.1111111111111111,0.14623955431754873,0.13863639866251679,0.09994449069791542
all_alfworld,middle,js_original,2,17,9,0.0,any_change,2.0,1.0,0.2222222222222222,0.22980501392757657,0.13863639866251679,0.09994449069791542
all_alfworld,middle,js_original,5,17,9,0.0,any_change,3.0,0.6,0.3333333333333333,0.32729805013927576,0.13863639866251679,0.09994449069791542
all_alfworld,middle,js_original,9,17,9,0.0,any_change,5.0,0.5555555555555556,0.5555555555555556,0.4881615598885793,0.13863639866251679,0.09994449069791542
all_alfworld,middle,old_margin,1,17,9,0.0,any_change,1.0,1.0,0.1111111111111111,0.08774373259052924,0.21340236413878147,0.2661945506280455
all_alfworld,middle,old_margin,2,17,9,0.0,any_change,2.0,1.0,0.2222222222222222,0.17130919220055707,0.21340236413878147,0.2661945506280455
all_alfworld,middle,old_margin,5,17,9,0.0,any_change,5.0,1.0,0.5555555555555556,0.3662952646239554,0.21340236413878147,0.2661945506280455
all_alfworld,middle,old_margin,9,17,9,0.0,any_change,6.2,0.6888888888888889,0.6888888888888889,0.5807799442896936,0.21340236413878147,0.2661945506280455
all_alfworld,middle,u_control_norm,1,17,9,0.0,any_change,0.0,0.0,0.0,0.0,-0.6102592875705177,-0.46640762325693863
all_alfworld,middle,u_control_norm,2,17,9,0.0,any_change,0.0,0.0,0.0,0.0,-0.6102592875705177,-0.46640762325693863
all_alfworld,middle,u_control_norm,5,17,9,0.0,any_change,1.0,0.2,0.1111111111111111,0.07311977715877437,-0.6102592875705177,-0.46640762325693863
all_alfworld,middle,u_control_norm,9,17,9,0.0,any_change,2.0,0.2222222222222222,0.2222222222222222,0.17061281337047352,-0.6102592875705177,-0.46640762325693863
all_alfworld,middle,u_original_norm,1,17,9,0.0,any_change,1.0,1.0,0.1111111111111111,0.07311977715877437,-0.4858752289574185,-0.3331483023263847
all_alfworld,middle,u_original_norm,2,17,9,0.0,any_change,1.0,0.5,0.1111111111111111,0.07311977715877437,-0.4858752289574185,-0.3331483023263847
all_alfworld,middle,u_original_norm,5,17,9,0.0,any_change,2.0,0.4,0.2222222222222222,0.14623955431754873,-0.4858752289574185,-0.3331483023263847
all_alfworld,middle,u_original_norm,9,17,9,0.0,any_change,3.0,0.3333333333333333,0.3333333333333333,0.24373259052924787,-0.4858752289574185,-0.3331483023263847
all_alfworld,middle,random_expected,1,17,9,0.0,any_change,0.5294117647058824,0.5294117647058824,0.058823529411764705,0.058823529411764705,,
all_alfworld,middle,random_expected,2,17,9,0.0,any_change,1.0588235294117647,0.5294117647058824,0.11764705882352941,0.11764705882352941,,
all_alfworld,middle,random_expected,5,17,9,0.0,any_change,2.6470588235294117,0.5294117647058824,0.29411764705882354,0.2941176470588235,,
all_alfworld,middle,random_expected,9,17,9,0.0,any_change,4.764705882352941,0.5294117647058824,0.5294117647058824,0.5294117647058822,,
all_alfworld,middle,C_upd,1,17,9,0.05,any_change,1.0,1.0,0.1111111111111111,0.29247910863509746,0.37078810953148195,0.29258241983571953
all_alfworld,middle,C_upd,2,17,9,0.05,any_change,2.0,1.0,0.2222222222222222,0.3760445682451253,0.37078810953148195,0.29258241983571953
all_alfworld,middle,C_upd,5,17,9,0.05,any_change,3.0,0.6,0.3333333333333333,0.522284122562674,0.37078810953148195,0.29258241983571953
all_alfworld,middle,C_upd,9,17,9,0.05,any_change,5.0,0.5555555555555556,0.5555555555555556,0.6928969359331475,0.37078810953148195,0.29258241983571953
all_alfworld,middle,D_contribution,1,17,9,0.05,any_change,1.0,1.0,0.1111111111111111,0.07311977715877437,-0.1931728262943735,-0.14211146106306374
all_alfworld,middle,D_contribution,2,17,9,0.05,any_change,1.0,0.5,0.1111111111111111,0.07311977715877437,-0.1931728262943735,-0.14211146106306374
all_alfworld,middle,D_contribution,5,17,9,0.05,any_change,3.0,0.6,0.3333333333333333,0.20961002785515315,-0.1931728262943735,-0.14211146106306374
all_alfworld,middle,D_contribution,9,17,9,0.05,any_change,5.0,0.5555555555555556,0.5555555555555556,0.38022284122562666,-0.1931728262943735,-0.14211146106306374
all_alfworld,middle,D_ungated_contribution,1,17,9,0.05,any_change,1.0,1.0,0.1111111111111111,0.07311977715877437,-0.18150466900142476,-0.12539246564387976
all_alfworld,middle,D_ungated_contribution,2,17,9,0.05,any_change,2.0,1.0,0.2222222222222222,0.1608635097493036,-0.18150466900142476,-0.12539246564387976
all_alfworld,middle,D_ungated_contribution,5,17,9,0.05,any_change,3.0,0.6,0.3333333333333333,0.20961002785515315,-0.18150466900142476,-0.12539246564387976
all_alfworld,middle,D_ungated_contribution,9,17,9,0.05,any_change,4.0,0.4444444444444444,0.4444444444444444,0.3071030640668523,-0.18150466900142476,-0.12539246564387976
all_alfworld,middle,P_int,1,17,9,0.05,any_change,1.0,1.0,0.1111111111111111,0.07311977715877437,-0.2644782319735046,-0.1755494519014317
all_alfworld,middle,P_int,2,17,9,0.05,any_change,1.0,0.5,0.1111111111111111,0.07311977715877437,-0.2644782319735046,-0.1755494519014317
all_alfworld,middle,P_int,5,17,9,0.05,any_change,3.0,0.6,0.3333333333333333,0.20961002785515315,-0.2644782319735046,-0.1755494519014317
all_alfworld,middle,P_int,9,17,9,0.05,any_change,4.5,0.5,0.5,0.35584958217270196,-0.2644782319735046,-0.1755494519014317
all_alfworld,middle,activation_l16_norm,1,17,9,0.05,any_change,0.0,0.0,0.0,0.0,0.09328804395982436,0.06662966046527695
all_alfworld,middle,activation_l16_norm,2,17,9,0.05,any_change,1.0,0.5,0.1111111111111111,0.07311977715877437,0.09328804395982436,0.06662966046527695
all_alfworld,middle,activation_l16_norm,5,17,9,0.05,any_change,2.0,0.4,0.2222222222222222,0.2193593314763231,0.09328804395982436,0.06662966046527695
all_alfworld,middle,activation_l16_norm,9,17,9,0.05,any_change,6.0,0.6666666666666666,0.6666666666666666,0.7172701949860724,0.09328804395982436,0.06662966046527695
all_alfworld,middle,activation_l24_norm,1,17,9,0.05,any_change,1.0,1.0,0.1111111111111111,0.07311977715877437,0.0012956672772197828,0.016657415116319237
all_alfworld,middle,activation_l24_norm,2,17,9,0.05,any_change,2.0,1.0,0.2222222222222222,0.2193593314763231,0.0012956672772197828,0.016657415116319237
all_alfworld,middle,activation_l24_norm,5,17,9,0.05,any_change,3.0,0.6,0.3333333333333333,0.29247910863509746,0.0012956672772197828,0.016657415116319237
all_alfworld,middle,activation_l24_norm,9,17,9,0.05,any_change,5.0,0.5555555555555556,0.5555555555555556,0.4387186629526462,0.0012956672772197828,0.016657415116319237
all_alfworld,middle,activation_l32_norm,1,17,9,0.05,any_change,1.0,1.0,0.1111111111111111,0.07311977715877437,-0.0984707130687035,-0.04997224534895771
all_alfworld,middle,activation_l32_norm,2,17,9,0.05,any_change,2.0,1.0,0.2222222222222222,0.2193593314763231,-0.0984707130687035,-0.04997224534895771
all_alfworld,middle,activation_l32_norm,5,17,9,0.05,any_change,3.0,0.6,0.3333333333333333,0.29247910863509746,-0.0984707130687035,-0.04997224534895771
all_alfworld,middle,activation_l32_norm,9,17,9,0.05,any_change,4.0,0.4444444444444444,0.4444444444444444,0.34122562674094703,-0.0984707130687035,-0.04997224534895771
all_alfworld,middle,activation_l8_norm,1,17,9,0.05,any_change,0.0,0.0,0.0,0.0,0.015548007326637395,0.016657415116319237
all_alfworld,middle,activation_l8_norm,2,17,9,0.05,any_change,1.0,0.5,0.1111111111111111,0.08356545961002784,0.015548007326637395,0.016657415116319237
all_alfworld,middle,activation_l8_norm,5,17,9,0.05,any_change,3.0,0.6,0.3333333333333333,0.3029247910863509,0.015548007326637395,0.016657415116319237
all_alfworld,middle,activation_l8_norm,9,17,9,0.05,any_change,4.0,0.4444444444444444,0.4444444444444444,0.3760445682451253,0.015548007326637395,0.016657415116319237
all_alfworld,middle,delta_centered_norm,1,17,9,0.05,any_change,1.0,1.0,0.1111111111111111,0.14623955431754873,-0.11661005494978045,-0.04997224534895771
all_alfworld,middle,delta_centered_norm,2,17,9,0.05,any_change,2.0,1.0,0.2222222222222222,0.2193593314763231,-0.11661005494978045,-0.04997224534895771
all_alfworld,middle,delta_centered_norm,5,17,9,0.05,any_change,3.0,0.6,0.3333333333333333,0.29247910863509746,-0.11661005494978045,-0.04997224534895771
all_alfworld,middle,delta_centered_norm,9,17,9,0.05,any_change,4.0,0.4444444444444444,0.4444444444444444,0.34122562674094703,-0.11661005494978045,-0.04997224534895771
all_alfworld,middle,delta_norm,1,17,9,0.05,any_change,1.0,1.0,0.1111111111111111,0.07311977715877437,-0.29929914103776983,-0.24986122674478856
all_alfworld,middle,delta_norm,2,17,9,0.05,any_change,2.0,1.0,0.2222222222222222,0.2193593314763231,-0.29929914103776983,-0.24986122674478856
all_alfworld,middle,delta_norm,5,17,9,0.05,any_change,2.0,0.4,0.2222222222222222,0.2193593314763231,-0.29929914103776983,-0.24986122674478856
all_alfworld,middle,delta_norm,9,17,9,0.05,any_change,3.0,0.3333333333333333,0.3333333333333333,0.3168523676880222,-0.29929914103776983,-0.24986122674478856
all_alfworld,middle,forward_kl_original,1,17,9,0.05,any_change,1.0,1.0,0.1111111111111111,0.14623955431754873,0.19953276069184656,0.16657415116319235
all_alfworld,middle,forward_kl_original,2,17,9,0.05,any_change,1.0,0.5,0.1111111111111111,0.14623955431754873,0.19953276069184656,0.16657415116319235
all_alfworld,middle,forward_kl_original,5,17,9,0.05,any_change,2.0,0.4,0.2222222222222222,0.22980501392757657,0.19953276069184656,0.16657415116319235
all_alfworld,middle,forward_kl_original,9,17,9,0.05,any_change,5.0,0.5555555555555556,0.5555555555555556,0.7075208913649024,0.19953276069184656,0.16657415116319235
all_alfworld,middle,js_original,1,17,9,0.05,any_change,1.0,1.0,0.1111111111111111,0.14623955431754873,0.13863639866251679,0.09994449069791542
all_alfworld,middle,js_original,2,17,9,0.05,any_change,2.0,1.0,0.2222222222222222,0.22980501392757657,0.13863639866251679,0.09994449069791542
all_alfworld,middle,js_original,5,17,9,0.05,any_change,3.0,0.6,0.3333333333333333,0.32729805013927576,0.13863639866251679,0.09994449069791542
all_alfworld,middle,js_original,9,17,9,0.05,any_change,5.0,0.5555555555555556,0.5555555555555556,0.4881615598885793,0.13863639866251679,0.09994449069791542
all_alfworld,middle,old_margin,1,17,9,0.05,any_change,1.0,1.0,0.1111111111111111,0.08774373259052924,0.21340236413878147,0.2661945506280455
all_alfworld,middle,old_margin,2,17,9,0.05,any_change,2.0,1.0,0.2222222222222222,0.17130919220055707,0.21340236413878147,0.2661945506280455
all_alfworld,middle,old_margin,5,17,9,0.05,any_change,5.0,1.0,0.5555555555555556,0.3662952646239554,0.21340236413878147,0.2661945506280455
all_alfworld,middle,old_margin,9,17,9,0.05,any_change,6.2,0.6888888888888889,0.6888888888888889,0.5807799442896936,0.21340236413878147,0.2661945506280455
all_alfworld,middle,u_control_norm,1,17,9,0.05,any_change,0.0,0.0,0.0,0.0,-0.6102592875705177,-0.46640762325693863
all_alfworld,middle,u_control_norm,2,17,9,0.05,any_change,0.0,0.0,0.0,0.0,-0.6102592875705177,-0.46640762325693863
all_alfworld,middle,u_control_norm,5,17,9,0.05,any_change,1.0,0.2,0.1111111111111111,0.07311977715877437,-0.6102592875705177,-0.46640762325693863
all_alfworld,middle,u_control_norm,9,17,9,0.05,any_change,2.0,0.2222222222222222,0.2222222222222222,0.17061281337047352,-0.6102592875705177,-0.46640762325693863
all_alfworld,middle,u_original_norm,1,17,9,0.05,any_change,1.0,1.0,0.1111111111111111,0.07311977715877437,-0.4858752289574185,-0.3331483023263847
all_alfworld,middle,u_original_norm,2,17,9,0.05,any_change,1.0,0.5,0.1111111111111111,0.07311977715877437,-0.4858752289574185,-0.3331483023263847
all_alfworld,middle,u_original_norm,5,17,9,0.05,any_change,2.0,0.4,0.2222222222222222,0.14623955431754873,-0.4858752289574185,-0.3331483023263847
all_alfworld,middle,u_original_norm,9,17,9,0.05,any_change,3.0,0.3333333333333333,0.3333333333333333,0.24373259052924787,-0.4858752289574185,-0.3331483023263847
all_alfworld,middle,random_expected,1,17,9,0.05,any_change,0.5294117647058824,0.5294117647058824,0.058823529411764705,0.058823529411764705,,
all_alfworld,middle,random_expected,2,17,9,0.05,any_change,1.0588235294117647,0.5294117647058824,0.11764705882352941,0.11764705882352941,,
all_alfworld,middle,random_expected,5,17,9,0.05,any_change,2.6470588235294117,0.5294117647058824,0.29411764705882354,0.2941176470588235,,
all_alfworld,middle,random_expected,9,17,9,0.05,any_change,4.764705882352941,0.5294117647058824,0.5294117647058824,0.5294117647058822,,
