global_update_stable,control,skill_id,phase,token_count_stable,decision_count_stable,nonzero_advantage_decisions_stable,training_games_stable,nonzero_advantage_games_stable,nonzero_advantage_trajectories_stable,supported_stable,unsupported_reason_stable,direction_coverage_stable,gate_coverage_stable,tau_delta_stable,P_int_stable,D_contribution_stable,D_ungated_contribution_stable,C_upd_stable,C_upd_centered_stable,delta_norm_stable,delta_centered_norm_stable,u_control_norm_stable,u_original_norm_stable,forward_kl_original_stable,js_original_stable,advantage_stable,P_int_matched_backend_stable,D_matched_backend_stable,D_decision_equal_stable,old_live_offline_max_abs_stable,new_live_offline_max_abs_stable,new_chosen_max_abs_stable,old_chosen_max_abs_stable,activation_l8_norm_stable,activation_l16_norm_stable,activation_l24_norm_stable,activation_l32_norm_stable,context_id,P_int_centered,D_centered_contribution,P_centering_abs_error,C_numerator_centering_abs_error,P_direct_dot_abs_error,old_probability_mass_error,normalized_probability_mass_error,direction_sum_residual,gate_centered_coverage,raw_centered_gate_changes,legacy_direction_valid_changes,legacy_gate_changes,start_update_stable,window_horizon_stable,direction_batch_update_stable,global_update_legacy,token_count_legacy,decision_count_legacy,nonzero_advantage_decisions_legacy,training_games_legacy,nonzero_advantage_games_legacy,nonzero_advantage_trajectories_legacy,supported_legacy,unsupported_reason_legacy,direction_coverage_legacy,gate_coverage_legacy,tau_delta_legacy,P_int_legacy,D_contribution_legacy,D_ungated_contribution_legacy,C_upd_legacy,C_upd_centered_legacy,delta_norm_legacy,delta_centered_norm_legacy,u_control_norm_legacy,u_original_norm_legacy,forward_kl_original_legacy,js_original_legacy,advantage_legacy,P_int_matched_backend_legacy,D_matched_backend_legacy,D_decision_equal_legacy,old_live_offline_max_abs_legacy,new_live_offline_max_abs_legacy,old_chosen_max_abs_legacy,new_chosen_max_abs_legacy,activation_l8_norm_legacy,activation_l16_norm_legacy,activation_l24_norm_legacy,activation_l32_norm_legacy,start_update_legacy,window_horizon_legacy,direction_batch_update_legacy
5,placebo,skillnet:alfworld-appliance-navigator,all,9060,675,561,8,7,44,True,,0.8519867549668875,0.49944812362030905,1e-08,-0.07313846570993408,0.16675697366885495,0.31120229531736177,-6.283073194893273e-05,0.0006836045151610269,495.30998405696675,260.55708684599074,1694.0999504767153,1606.4807084077927,0.097157742542708,0.01862500870998007,-0.034842937329483875,-0.0685749934101721,0.16289817198563508,0.1690492553512332,1.2109905179341633,,,0.08261196584337288,0.595750957859887,2.718395915384646,6.278978604210748,42.58581498887804,all_alfworld,-0.07313846570993407,0.16675697366885495,6.067870291031622e-18,1.3960174729314894e-18,1.1757746089800417e-16,1.0271156341135412e-07,-1.9216906702176273e-16,-4.378592597645844e-19,0.49944812362030905,0.0,0.0,0.0,0,5,1,5,9060,675,561,8,7,44,True,,0.8519867549668875,0.49944812362030905,1e-08,-0.07318017578472405,0.16707732600363337,0.3115911048507583,-6.215087175749392e-05,0.0006810037642109728,495.3099841747971,260.55708684586176,1694.0999506949372,1606.480708629744,0.097157742542708,0.01862500870998007,-0.034842937329483875,-0.0686948850281788,0.16320014420273776,0.1693816159444185,1.2109905179341633,,0.08261196584337288,,0.595750957859887,2.718395915384646,6.278978604210748,42.58581498887804,0,5,1
5,placebo,skillnet:alfworld-appliance-navigator,initial,523,48,40,6,5,40,True,,0.8260038240917782,0.45315487571701724,1e-08,0.07458009833309977,0.09706952150053387,0.25598598179783144,-8.825873345479493e-05,0.000342801674487194,528.2396691840651,279.9763405491358,1549.2471623068434,1626.6928840303838,0.0945995173417442,0.014691135148062329,0.34995917266459126,0.07158378569463542,0.09307374578719013,0.09429663666331634,1.178486665089925,,,0.057705983985215425,0.5954777325193087,2.4332920660575232,6.3009451031684875,45.66288057963053,all_alfworld,0.07458009833309978,0.09706952150053387,1.162231560195551e-17,3.5890943540565127e-19,1.5830761388417026e-16,8.536552563811715e-08,-1.95509637797279e-16,-1.4472805058520973e-19,0.45315487571701724,0.0,0.0,0.0,0,5,1,5,523,48,40,6,5,40,True,,0.8260038240917782,0.45315487571701724,1e-08,0.07485735787921723,0.09720778279025447,0.25630484672665615,-8.758542079578817e-05,0.00034193422802993197,528.2396694514587,279.9763405378871,1549.2471622257417,1626.6928848017294,0.0945995173417442,0.014691135148062329,0.34995917266459126,0.07072851277686641,0.09302447826205236,0.09441720353523321,1.178486665089925,,0.057705983985215425,,0.5954777325193087,2.4332920660575232,6.3009451031684875,45.66288057963053,0,5,1
5,placebo,skillnet:alfworld-appliance-navigator,early,980,79,75,5,4,31,True,,0.9510204081632653,0.49387755102040815,1e-08,-0.03932783069841162,0.13685666758339987,0.31978039430726496,-4.437487309634988e-05,0.00026819926375086213,482.1390174945459,260.48848754822603,1772.395445783709,1681.2551830606792,0.10201955138403872,0.01678836367532973,0.21811450137471666,-0.04493463690914197,0.1387830162733947,0.137804901093431,1.1786445907399625,,,0.08650067126189795,0.5933595601516434,2.739885843252834,6.223794846595088,41.81015893477428,all_alfworld,-0.03932783069841163,0.13685666758339987,7.274996577377734e-18,1.3579056931586768e-18,1.1832711459963674e-16,8.692980235760529e-08,-2.3847137416693415e-16,6.957598759735747e-19,0.49387755102040815,0.0,0.0,0.0,0,5,1,5,980,79,75,5,4,31,True,,0.9510204081632653,0.49387755102040815,1e-08,-0.03942088355232927,0.13715412590762474,0.32023566124553465,-4.4006032198095934e-05,0.00026719946642637444,482.1390176945663,260.4884875599268,1772.395445955762,1681.2551831919639,0.10201955138403872,0.01678836367532973,0.21811450137471666,-0.044891450869361194,0.13905293372292196,0.13809513686351038,1.1786445907399625,,0.08650067126189795,,0.5933595601516434,2.739885843252834,6.223794846595088,41.81015893477428,0,5,1
5,placebo,skillnet:alfworld-appliance-navigator,middle,1673,131,116,6,5,28,True,,0.8942020322773461,0.5128511655708309,1e-08,-0.11726203043934509,0.1936979181507866,0.35041309781908714,-0.00016234857406931822,0.0005872635859598998,524.224633619729,267.0374931227322,1787.1580852907662,1668.8391612956061,0.09858812347539316,0.018412159190775216,0.1550281922473782,-0.1081201927931253,0.18469592846998273,0.1923701715888102,1.1847565192302674,,,0.08316063323548732,0.6019375715546935,2.7785461804338993,6.33829533962803,42.88419141114213,all_alfworld,-0.11726203043934509,0.1936979181507866,5.9595476259274945e-18,8.895084393270167e-19,1.273536728376575e-16,1.0087662620184954e-07,-1.915184488385058e-16,-1.720406324638163e-18,0.5128511655708309,0.0,0.0,0.0,0,5,1,5,1673,131,116,6,5,28,True,,0.8942020322773461,0.5128511655708309,1e-08,-0.11739307734411744,0.1940286663652213,0.35081877900308994,-0.00016178376692568987,0.000585027683433392,524.2246336823601,267.0374931258773,1787.158085471948,1668.8391615092348,0.09858812347539316,0.018412159190775216,0.1550281922473782,-0.10827486015683507,0.18503548226202327,0.19269899016371625,1.1847565192302674,,0.08316063323548732,,0.6019375715546935,2.7785461804338993,6.33829533962803,42.88419141114213,0,5,1
5,placebo,skillnet:alfworld-appliance-navigator,late,5884,417,330,7,6,33,True,,0.8257987763426241,0.5006798096532971,1e-08,-0.07935405162317236,0.17027101808243525,0.303532669616346,-3.5348499967382817e-05,0.0008104766100977811,486.3553805884418,256.99985331847137,1667.4755730579666,1574.4998034635782,0.09616867928900603,0.019341090499998763,-0.16516316051763957,-0.07372650127474435,0.16692321972551755,0.17624683246457562,1.229101230200532,,,0.08456976913536589,0.5942919382946097,2.7282462648922303,6.268270289011711,42.28483265938519,all_alfworld,-0.07935405162317236,0.17027101808243525,5.403911276838356e-18,1.6385644921401319e-18,1.1105262520554924e-16,1.0740360174234968e-07,-1.8434532546886096e-16,-2.880552379921016e-19,0.5006798096532971,0.0,0.0,0.0,0,5,1,5,5884,417,330,7,6,33,True,,0.8257987763426241,0.5006798096532971,1e-08,-0.0793901608603738,0.17060841281018488,0.30391183035639624,-3.458354341024548e-05,0.0008073514124761807,486.3553806949838,256.9998533164295,1667.4755733210152,1574.4998036541638,0.09616867928900603,0.019341090499998763,-0.16516316051763957,-0.07379830177485419,0.1672510651721486,0.17661266539359027,1.229101230200532,,0.08456976913536589,,0.5942919382946097,2.7282462648922303,6.268270289011711,42.28483265938519,0,5,1
5,placebo,skillnet:alfworld-appliance-preparer,all,201,17,17,1,1,8,True,,1.0,0.2935323383084577,1e-08,0.3791460056830438,0.1071925295393428,0.2037341621808759,0.00016439154300735138,-0.0018718262409909015,673.2433902234062,330.393828757409,1899.118526783571,1751.673242918331,0.03287987824180655,0.007651534437379984,0.07078943401575089,0.3898228326952828,0.10703938961729606,0.10861230000835974,0.9102183510275448,,,0.02081150287652717,0.7323826411191154,3.2911821954390583,7.669396091909969,54.30135053746841,all_alfworld,0.3791460056830438,0.1071925295393428,6.213934839319906e-18,6.403974687815512e-20,1.5417462773557056e-16,7.259590954469916e-08,-6.241552327494661e-17,1.5046333498785184e-19,0.2935323383084577,0.0,0.0,0.0,0,5,1,5,201,17,17,1,1,8,True,,1.0,0.2935323383084577,1e-08,0.38017266720596266,0.10720050059385383,0.20466217252057906,0.00016039114691830593,-0.0018537179411559149,673.2433905185105,330.39382876861816,1899.1185272059743,1751.673243286972,0.03287987824180655,0.007651534437379984,0.07078943401575089,0.39160128103023256,0.1070424040072425,0.10862074106628236,0.9102183510275448,,0.02081150287652717,,0.7323826411191154,3.2911821954390583,7.669396091909969,54.30135053746841,0,5,1
5,placebo,skillnet:alfworld-appliance-preparer,initial,0,0,0,0,0,0,False,no_on_batch_decision,,,1e-08,,,,,,,,,,,,,,,,,,,,,,,,all_alfworld,,,,,,,,,,0.0,0.0,0.0,0,5,1,5,0,0,0,0,0,0,False,no_on_batch_decision,,,1e-08,,,,,,,,,,,,,,,,,,,,,,,,0,5,1
5,placebo,skillnet:alfworld-appliance-preparer,early,0,0,0,0,0,0,False,no_on_batch_decision,,,1e-08,,,,,,,,,,,,,,,,,,,,,,,,all_alfworld,,,,,,,,,,0.0,0.0,0.0,0,5,1,5,0,0,0,0,0,0,False,no_on_batch_decision,,,1e-08,,,,,,,,,,,,,,,,,,,,,,,,0,5,1
5,placebo,skillnet:alfworld-appliance-preparer,middle,87,7,7,1,1,3,True,,1.0,0.3218390804597701,1e-08,0.5085715935140878,0.0967009759757519,0.1837103182792804,0.0001252434524115805,-0.0020509255065619134,700.2255610604813,329.6291165064825,1948.6771616878898,1722.740393939615,0.0389351598529605,0.00876224809112107,0.07078943401575089,0.5157916700630106,0.10281861648145738,0.0965690365542802,0.8300698144095284,,,0.02029630435364587,0.7226742250578744,3.249025276729039,7.585177557809012,54.08465249197824,all_alfworld,0.5085715935140878,0.0967009759757519,5.104473676437501e-18,1.6612068577616665e-22,1.72595016184543e-16,7.816666241991542e-08,-9.570888143320314e-17,6.721228732308119e-20,0.3218390804597701,0.0,0.0,0.0,0,5,1,5,87,7,7,1,1,3,True,,1.0,0.3218390804597701,1e-08,0.5094082875166679,0.09670429157694696,0.18481196316660983,0.00012199667044149261,-0.0020347856025845434,700.2255612957915,329.6291164940203,1948.6771620074414,1722.7403945252524,0.0389351598529605,0.00876224809112107,0.07078943401575089,0.5187368246245966,0.10281995777332334,0.09657253905784866,0.8300698144095284,,0.02029630435364587,,0.7226742250578744,3.249025276729039,7.585177557809012,54.08465249197824,0,5,1
5,placebo,skillnet:alfworld-appliance-preparer,late,114,10,10,1,1,7,True,,1.0,0.2719298245614035,1e-08,0.28037384654882597,0.11519924146945165,0.21901551673735667,0.000194267717409387,-0.0017351452225288137,652.6517335319544,330.9774249489056,1861.2974633039596,1773.753575033667,0.028258742275399585,0.006803884543735472,0.07078943401575089,0.29368871996727985,0.11026050595780452,0.11704258442621537,0.9663223266601563,,,0.021172141842544078,0.7391785323619843,3.320692038536072,7.728349065780639,54.45303916931152,all_alfworld,0.28037384654882597,0.11519924146945165,7.060628884677531e-18,1.1278540897233906e-19,1.4011696286661788e-16,6.83445455083499e-08,-3.700743415417188e-17,2.139970292583347e-19,0.2719298245614035,0.0,0.0,0.0,0,5,1,5,114,10,10,1,1,7,True,,1.0,0.2719298245614035,1e-08,0.2815454832846349,0.11521076536991437,0.21981101650123983,0.00018969219475587396,-0.001715534725855119,652.6517338726909,330.9774249781797,1861.2974638048543,1773.7535752367057,0.028258742275399585,0.006803884543735472,0.07078943401575089,0.29457678723453357,0.11026479718575975,0.11705448247218593,0.9663223266601563,,0.021172141842544078,,0.7391785323619843,3.320692038536072,7.728349065780639,54.45303916931152,0,5,1
5,placebo,skillnet:alfworld-clean-object,all,3988,294,294,3,3,17,True,,1.0,0.43781344032096287,1e-08,0.10660152929029637,0.13308952953776745,0.3861865733660364,1.392132655980744e-06,-0.0006208330655749738,608.7968825837497,322.42835984570956,1702.2678488835418,1738.0835891913669,0.07121514893423835,0.011852040909679073,0.06688965023415856,0.11051255444073654,0.13176310160284374,0.13199457119029986,1.1200731530481456,,,0.06585104097485492,0.9155140391417912,3.6711786604251992,8.018924080595678,52.20239469307621,all_alfworld,0.10660152929029636,0.13308952953776745,8.268672762051248e-18,1.8482160543458517e-18,1.9238913865661947e-16,8.601687431070811e-08,-1.8059219560540096e-16,2.0481273346931623e-18,0.43781344032096287,0.0,0.0,0.0,0,5,1,5,3988,294,294,3,3,17,True,,1.0,0.43781344032096287,1e-08,0.10676582665971551,0.1333257930255979,0.3871207530862052,1.3512271670810574e-07,-0.000609365164988514,608.7968827262906,322.4283598464729,1702.2678491404731,1738.083589513849,0.07121514893423835,0.011852040909679073,0.06688965023415856,0.11091930838914277,0.13199144029505716,0.1322223667808188,1.1200731530481456,,0.06585104097485492,,0.9155140391417912,3.6711786604251992,8.018924080595678,52.20239469307621,0,5,1
5,placebo,skillnet:alfworld-clean-object,initial,100,8,8,1,1,8,True,,1.0,0.14,1e-08,-0.6173866879355824,0.024472010166380828,0.8905882573218287,-0.00019735092892427856,-0.002571047600968068,717.9555981250372,336.36516761870314,1612.4417722295025,2067.427509746346,0.058205485851025376,0.006440151971377308,0.3341359281539917,-0.641414213357119,0.02452966990725564,0.03823751588497004,0.8697223663330078,,,0.0348012363538146,1.0481933504343033,3.6202134490013123,7.711020350456238,54.707900047302246,all_alfworld,-0.6173866879355824,0.024472010166380828,1.0547118733938987e-17,6.776263578034403e-22,2.473021787352536e-16,8.490873457445147e-08,-2.7755575615628914e-16,2.5618477244428953e-18,0.14,0.0,0.0,0.0,0,5,1,5,100,8,8,1,1,8,True,,1.0,0.14,1e-08,-0.625798741545742,0.02450028487091206,0.9000307502960913,-0.00021358897205962042,-0.0023593752562718604,717.9555982785539,336.3651674261141,1612.4417730094785,2067.4275107834064,0.058205485851025376,0.006440151971377308,0.3341359281539917,-0.6471722247433876,0.02456205062369583,0.03828169511080009,0.8697223663330078,,0.0348012363538146,,1.0481933504343033,3.6202134490013123,7.711020350456238,54.707900047302246,0,5,1
5,placebo,skillnet:alfworld-clean-object,early,532,40,40,3,3,16,True,,1.0,0.43796992481203006,1e-08,0.07029920012793507,0.13221300936872515,0.46517472860762976,0.00014986496418413419,-0.0004771657168429492,604.2037027013758,326.82655198674115,1613.6292679714104,1630.8899918965426,0.10248623211532733,0.014857201107377383,0.2981479819723986,0.0686627359025126,0.13205846726714057,0.1288361011380552,1.0317428350448608,,,0.08616530441213399,0.8672680556774139,3.5408251166343687,8.005582559108735,52.819896125793456,all_alfworld,0.07029920012793507,0.13221300936872515,9.642062628690637e-18,1.6970703140038429e-18,2.020739881229099e-16,9.172609964354362e-08,-2.255923100789087e-16,-7.511995253515138e-20,0.43796992481203006,0.0,0.0,0.0,0,5,1,5,532,40,40,3,3,16,True,,1.0,0.43796992481203006,1e-08,0.07016175740539755,0.1323091569702433,0.46565875673764895,0.00014925167285004146,-0.0004729062728601557,604.203702714673,326.8265520014591,1613.6292680940526,1630.8899921833508,0.10248623211532733,0.014857201107377383,0.2981479819723986,0.06851247953225528,0.132115145064903,0.12892489067087604,1.0317428350448608,,0.08616530441213399,,0.8672680556774139,3.5408251166343687,8.005582559108735,52.819896125793456,0,5,1
5,placebo,skillnet:alfworld-clean-object,middle,1161,83,83,2,2,11,True,,1.0,0.3462532299741602,1e-08,0.2562695777748871,0.09212964291776349,0.3112671174834355,5.191953071808026e-05,-0.0014408907125743543,629.9940330276323,323.22127471033104,1759.5574105620838,1766.9714500982982,0.06287560389218978,0.010988774710069094,0.362437685484726,0.2668396210683427,0.09078497575325811,0.09050187313321006,1.1345528866871293,,,0.06626478136595652,0.9324673083891352,3.7632883629166938,8.118556459266019,52.33927099388766,all_alfworld,0.2562695777748871,0.09212964291776349,9.351593932187632e-18,1.6585161369360409e-18,1.9914375231877632e-16,8.446619442755798e-08,-1.5042039773775808e-16,1.125216313861609e-18,0.3462532299741602,0.0,0.0,0.0,0,5,1,5,1161,83,83,2,2,11,True,,1.0,0.3462532299741602,1e-08,0.2565446130117496,0.09227525504936518,0.3122398037446798,4.987605151820365e-05,-0.0014256853117824936,629.9940332090272,323.2212747089155,1759.557410872039,1766.9714504545434,0.06287560389218978,0.010988774710069094,0.362437685484726,0.26798311376425527,0.09086883789469122,0.09064695865799693,1.1345528866871293,,0.06626478136595652,,0.9324673083891352,3.7632883629166938,8.118556459266019,52.33927099388766,0,5,1
5,placebo,skillnet:alfworld-clean-object,late,2195,163,163,2,2,13,True,,1.0,0.4997722095671982,1e-08,0.06921977828635746,0.15991526486027033,0.38368981769204685,-5.226415407069315e-05,-0.00013305295068652133,593.7252691340668,320.3080440579402,1697.5412664698156,1733.7800790284516,0.06863973292047995,0.011826845340841654,-0.15765947468731561,0.0722260195375338,0.15825139898212473,0.15849941280545862,1.146663343979537,,,0.06217918482157716,0.9122090299436652,3.6587661336536055,7.986576861399083,51.85819326295443,all_alfworld,0.06921977828635748,0.15991526486027033,7.259215138010577e-18,2.0693572756549835e-18,1.8396738449457205e-16,8.550381984186732e-08,-1.81226838142685e-16,3.027487340622968e-18,0.4997722095671982,0.0,0.0,0.0,0,5,1,5,2195,163,163,2,2,13,True,,1.0,0.4997722095671982,1e-08,0.06978935773449063,0.16024291183531245,0.38432511049939616,-5.257868754836562e-05,-0.0001309357486131798,593.7252692868816,320.30804406528273,1697.5412667074195,1733.7800793091667,0.06863973292047995,0.011826845340841654,-0.15765947468731561,0.07265894767142594,0.15860668832075328,0.15881244832653704,1.146663343979537,,0.06217918482157716,,0.9122090299436652,3.6587661336536055,7.986576861399083,51.85819326295443,0,5,1
5,placebo,skillnet:alfworld-device-operator,all,16449,966,953,8,7,54,True,,0.9912456684296918,0.4625205179646179,1e-08,0.17155225667264754,0.12364077351950221,0.2754176115906233,0.0002636204999852684,-2.572452026956905e-05,498.9822419352669,277.6748045372093,1469.668832153424,1362.8393867075256,0.12827087310448557,0.021666235937800465,-2.084562902964044,0.16974252743621712,0.12131502519057444,0.12997479142285423,1.0102961808751583,,,0.07069424291451772,0.8044025987756919,3.033315625249969,6.742650468897375,46.815169861598044,all_alfworld,0.17155225667264754,0.12364077351950221,8.627976573151576e-18,1.5121277024177934e-17,1.5217666203425514e-16,1.3372359697660914e-07,-1.1231145437268287e-16,6.179380662752637e-19,0.4625205179646179,0.0,0.0,0.0,0,5,1,5,16449,966,953,8,7,54,True,,0.9912456684296918,0.4625205179646179,1e-08,0.17197406116975625,0.12375216001683916,0.2756067145156541,0.00026340333261835484,-2.2732738771303486e-05,498.9822420607902,277.67480453383047,1469.668832410384,1362.8393869706342,0.12827087310448557,0.021666235937800465,-2.084562902964044,0.17007115518451768,0.12148822807763593,0.1301154799446244,1.0102961808751583,,0.07069424291451772,,0.8044025987756919,3.033315625249969,6.742650468897375,46.815169861598044,0,5,1
5,placebo,skillnet:alfworld-device-operator,initial,195,16,16,2,2,16,True,,1.0,0.49230769230769234,1e-08,-0.07506015151728422,0.24692295903539485,0.5158656066135434,0.00012811712170305485,-0.0002966253582537208,535.4526645851229,331.0591316110536,1545.835792652812,1635.4978034786523,0.2126417937196557,0.015438155014071487,0.2741188889512649,-0.08516807428392967,0.25888632206354584,0.2452866363973162,1.016653060913086,,,0.06901404075324535,0.798004861921072,2.8622719794511795,7.10386461019516,53.90188384056091,all_alfworld,-0.07506015151728421,0.24692295903539485,2.1492779066461364e-17,3.781111638956158e-19,1.9590810455364742e-16,1.0591241306600024e-07,-3.956948728792225e-16,1.2429456275633658e-18,0.49230769230769234,0.0,0.0,0.0,0,5,1,5,195,16,16,2,2,16,True,,1.0,0.49230769230769234,1e-08,-0.06983936854489221,0.24721393701663955,0.5108678541569686,0.00013041666686946197,-0.0003053148028437048,535.4526646203861,331.05913148931603,1545.835792896669,1635.4978037025946,0.2126417937196557,0.015438155014071487,0.2741188889512649,-0.08412522948120246,0.2591845617520014,0.24556823960859497,1.016653060913086,,0.06901404075324535,,0.798004861921072,2.8622719794511795,7.10386461019516,53.90188384056091,0,5,1
5,placebo,skillnet:alfworld-device-operator,early,1016,83,83,7,7,43,True,,1.0,0.42322834645669294,1e-08,0.07349692778352938,0.16374958069806064,0.3656907999041508,0.0001373817674638944,-0.0005792056773111423,513.7825520626251,295.8944735029389,1742.8519963228284,1592.1183878778813,0.1337986375651269,0.017804703346267138,0.33368948273595395,0.07169567255269498,0.15057880350557276,0.17379224335282747,1.0539612712630306,,,0.06538271145468735,0.7827007389930357,2.9531469316367644,6.718546183712511,47.83147981942418,all_alfworld,0.07349692778352938,0.16374958069806064,8.71118028979692e-18,6.591823795104537e-19,1.5830546901785593e-16,1.0984252766956506e-07,-1.71997149681102e-16,-1.3843872182180949e-18,0.42322834645669294,0.0,0.0,0.0,0,5,1,5,1016,83,83,7,7,43,True,,1.0,0.42322834645669294,1e-08,0.07398253833898992,0.163979289584911,0.3660965196330514,0.0001364993652207944,-0.0005691442107721064,513.7825521497539,295.89447348604426,1742.851996623318,1592.1183881055247,0.1337986375651269,0.017804703346267138,0.33368948273595395,0.07218285497277159,0.1507600070957717,0.17404394896570524,1.0539612712630306,,0.06538271145468735,,0.7827007389930357,2.9531469316367644,6.718546183712511,47.83147981942418,0,5,1
5,placebo,skillnet:alfworld-device-operator,middle,3932,185,183,8,7,36,True,,0.9933875890132248,0.5165310274669379,1e-08,0.2244689114987063,0.10203520366097327,0.25125595151737995,0.00043670219540433076,0.0005056122131622347,515.1636001780092,277.78409397915726,1288.964395900587,1251.4394233201806,0.12373617335164454,0.022640968526549506,-3.08964052627532,0.2182858539892669,0.10374047630012714,0.10779099042937984,1.0085002950719886,,,0.07361954170707109,0.8098275067032994,3.0641231801058795,6.721195164242307,46.45241064123205,all_alfworld,0.2244689114987063,0.10203520366097327,9.154091002863688e-18,1.3354366211776739e-17,1.5610429461206762e-16,1.3366889626966268e-07,-1.1906944290041417e-16,-6.35821699712221e-18,0.5165310274669379,0.0,0.0,0.0,0,5,1,5,3932,185,183,8,7,36,True,,0.9933875890132248,0.5165310274669379,1e-08,0.22470987061055347,0.10213147457496255,0.2515139381811839,0.0004365279549807873,0.0005080087863947534,515.1636003222516,277.7840939764915,1288.9643961565414,1251.4394236563255,0.12373617335164454,0.022640968526549506,-3.08964052627532,0.21860532798764987,0.10384477730595193,0.10790340041662887,1.0085002950719886,,0.07361954170707109,,0.8098275067032994,3.0641231801058795,6.721195164242307,46.45241064123205,0,5,1
5,placebo,skillnet:alfworld-device-operator,late,11306,682,671,8,7,47,True,,0.9895630638598975,0.4467539359632054,1e-08,0.16621397142342748,0.12542412098232916,0.2715611397218792,0.00021710754090327605,-0.0001561025069043385,491.39565533376503,275.0787622999618,1506.6512477957965,1376.2755090832195,0.12789601915226562,0.021781674143546422,-1.9930117052314018,0.1660675594449289,0.12242458865943795,0.12795450572492692,1.005320119717953,,,0.07058655973141494,0.8057222618035906,3.0387280918985518,6.742929736889702,46.623629253980354,all_alfworld,0.16621397142342748,0.12542412098232916,8.215642113578333e-18,1.728967423062572e-17,1.495056952482496e-16,1.3636833697822236e-07,-9.970992917073977e-17,3.213261586872552e-18,0.4467539359632054,0.0,0.0,0.0,0,5,1,5,11306,682,671,8,7,47,True,,0.9895630638598975,0.4467539359632054,1e-08,0.16661016618206834,0.1255270339776862,0.27179628043797904,0.0002168918179861128,-0.00015333756089283202,491.39565545778527,275.078762299591,1506.65124804942,1376.2755093247895,0.12789601915226562,0.021781674143546422,-1.9930117052314018,0.16637280391643292,0.12261887869547905,0.12808604831604073,1.005320119717953,,0.07058655973141494,,0.8057222618035906,3.0387280918985518,6.742929736889702,46.623629253980354,0,5,1
5,placebo,skillnet:alfworld-heat-object-with-appliance,all,1809,146,146,3,3,18,True,,1.0,0.6108347153123272,1e-08,-0.013559184313473045,0.23038584988148406,0.3714949468511293,-1.732853183605884e-05,0.0010889975870208206,547.7051825801962,294.144771423962,1747.2347069771229,1741.6137053450182,0.06817217870357982,0.014930160773896011,0.07477443633140814,-0.017305577447739768,0.2276575437660103,0.23032881807348737,0.975771087489716,,,0.06423227559641156,0.6988809312859626,2.921028867159804,6.888789222665029,47.512492088422384,all_alfworld,-0.013559184313473045,0.23038584988148406,5.759397013110395e-18,1.035335345169649e-18,1.5355970710042953e-16,8.129063179582734e-08,-2.235175376276849e-16,1.4028610420916545e-18,0.6108347153123272,0.0,0.0,0.0,0,5,1,5,1809,146,146,3,3,18,True,,1.0,0.6108347153123272,1e-08,-0.01377081802153609,0.23099763096521225,0.37217976131179076,-1.6075953560311154e-05,0.0010833989714851922,547.7051827541817,294.1447714304502,1747.2347072311175,1741.6137055570402,0.06817217870357982,0.014930160773896011,0.07477443633140814,-0.017570280800442727,0.22832617426921673,0.23095438061476442,0.975771087489716,,0.06423227559641156,,0.6988809312859626,2.921028867159804,6.888789222665029,47.512492088422384,0,5,1
5,placebo,skillnet:alfworld-heat-object-with-appliance,initial,0,0,0,0,0,0,False,no_on_batch_decision,,,1e-08,,,,,,,,,,,,,,,,,,,,,,,,all_alfworld,,,,,,,,,,0.0,0.0,0.0,0,5,1,5,0,0,0,0,0,0,False,no_on_batch_decision,,,1e-08,,,,,,,,,,,,,,,,,,,,,,,,0,5,1
5,placebo,skillnet:alfworld-heat-object-with-appliance,early,108,9,9,1,1,6,True,,1.0,0.5833333333333334,1e-08,-0.3139681576925655,0.42496357785498623,0.5895185146991767,-8.030620874434719e-05,0.0005939940560282495,575.4844738874558,301.2835447361623,1996.3955884618088,1794.1922072060402,0.09614365821800049,0.02095522978467361,0.5052663220299615,-0.3076112110237977,0.405335571245486,0.4381785056940166,1.0980684492323134,,,0.05234435456804931,0.6943680114216275,2.8940375910864935,7.061058521270752,49.27049891153971,all_alfworld,-0.3139681576925655,0.42496357785498623,3.630069496025541e-18,3.726552823035934e-18,1.5629376650918817e-16,7.314419328141175e-08,-3.17647143156642e-16,-3.842284162293181e-18,0.5833333333333334,0.0,0.0,0.0,0,5,1,5,108,9,9,1,1,6,True,,1.0,0.5833333333333334,1e-08,-0.3144978141151853,0.4260789614231707,0.5902857058141341,-7.767680502759695e-05,0.0005809712012746694,575.4844741010145,301.2835447794038,1996.3955888973985,1794.1922075097948,0.09614365821800049,0.02095522978467361,0.5052663220299615,-0.30868169899144,0.4068638021501034,0.4394036850780029,1.0980684492323134,,0.05234435456804931,,0.6943680114216275,2.8940375910864935,7.061058521270752,49.27049891153971,0,5,1
5,placebo,skillnet:alfworld-heat-object-with-appliance,middle,480,38,38,3,3,12,True,,1.0,0.525,1e-08,-0.1029824988227583,0.23414668755093102,0.42018370615764356,-9.65251950282417e-05,0.0002355543602765001,550.0775978643176,296.19429228180417,1723.5392180063543,1668.2077221453117,0.057503580645976375,0.012144679801778867,0.46907159054341413,-0.10396491123508261,0.23461590665950371,0.2295007484377533,0.9667593554446572,,,0.04981745250130955,0.6991747005989677,2.9835086119802376,6.976863723052175,47.77097541407535,all_alfworld,-0.1029824988227583,0.23414668755093102,4.948479415585923e-18,1.0696402644006243e-18,1.526931612110908e-16,7.724791768193296e-08,-3.120189292123617e-16,5.543960677310745e-19,0.525,0.0,0.0,0.0,0,5,1,5,480,38,38,3,3,12,True,,1.0,0.525,1e-08,-0.10317562747952419,0.23476582920332764,0.4209928979113117,-9.621680002260082e-05,0.00023479752626985104,550.0775980042715,296.1942922936321,1723.53921825448,1668.2077223183883,0.057503580645976375,0.012144679801778867,0.46907159054341413,-0.10411367465344744,0.2352394656621672,0.2301316209280059,0.9667593554446572,,0.04981745250130955,,0.6991747005989677,2.9835086119802376,6.976863723052175,47.77097541407535,0,5,1
5,placebo,skillnet:alfworld-heat-object-with-appliance,late,1221,99,99,3,3,14,True,,1.0,0.647010647010647,1e-08,0.0481667453256743,0.21169658149289053,0.3330697627440729,1.9375798580274418e-05,0.0014682876199319354,544.3154014192114,292.70762357016866,1734.5110865886072,1765.820416020586,0.06989208638588303,0.015492260211612839,-0.11830972229038272,0.042440113497500875,0.20920607680723863,0.21175123683685235,0.9681121941768762,,,0.07084595809003921,0.6991784367898498,2.8995004952555954,6.839322003451261,47.253457464353005,all_alfworld,0.0481667453256743,0.21169658149289053,6.266528723722115e-18,7.838055754395696e-19,1.5365853069644643e-16,8.360047465760146e-08,-1.803998755820074e-16,2.200353973923465e-18,0.647010647010647,0.0,0.0,0.0,0,5,1,5,1221,99,99,3,3,14,True,,1.0,0.647010647010647,1e-08,0.047975966677848335,0.21226092429547028,0.3336983955673001,2.087777146865357e-05,0.0014614422908022276,544.3154016030753,292.70762357130667,1734.5110868288473,1765.8204162398047,0.06989208638588303,0.015492260211612839,-0.11830972229038272,0.042201105124266496,0.2098163923857179,0.2123202505938319,0.9681121941768762,,0.07084595809003921,,0.6991784367898498,2.8995004952555954,6.839322003451261,47.253457464353005,0,5,1
5,placebo,skillnet:alfworld-inventory-management,all,0,0,0,0,0,0,False,no_on_batch_decision,,,1e-08,,,,,,,,,,,,,,,,,,,,,,,,all_alfworld,,,,,,,,,,0.0,0.0,0.0,0,5,1,5,0,0,0,0,0,0,False,no_on_batch_decision,,,1e-08,,,,,,,,,,,,,,,,,,,,,,,,0,5,1
5,placebo,skillnet:alfworld-inventory-management,initial,0,0,0,0,0,0,False,no_on_batch_decision,,,1e-08,,,,,,,,,,,,,,,,,,,,,,,,all_alfworld,,,,,,,,,,0.0,0.0,0.0,0,5,1,5,0,0,0,0,0,0,False,no_on_batch_decision,,,1e-08,,,,,,,,,,,,,,,,,,,,,,,,0,5,1
5,placebo,skillnet:alfworld-inventory-management,early,0,0,0,0,0,0,False,no_on_batch_decision,,,1e-08,,,,,,,,,,,,,,,,,,,,,,,,all_alfworld,,,,,,,,,,0.0,0.0,0.0,0,5,1,5,0,0,0,0,0,0,False,no_on_batch_decision,,,1e-08,,,,,,,,,,,,,,,,,,,,,,,,0,5,1
5,placebo,skillnet:alfworld-inventory-management,middle,0,0,0,0,0,0,False,no_on_batch_decision,,,1e-08,,,,,,,,,,,,,,,,,,,,,,,,all_alfworld,,,,,,,,,,0.0,0.0,0.0,0,5,1,5,0,0,0,0,0,0,False,no_on_batch_decision,,,1e-08,,,,,,,,,,,,,,,,,,,,,,,,0,5,1
5,placebo,skillnet:alfworld-inventory-management,late,0,0,0,0,0,0,False,no_on_batch_decision,,,1e-08,,,,,,,,,,,,,,,,,,,,,,,,all_alfworld,,,,,,,,,,0.0,0.0,0.0,0,5,1,5,0,0,0,0,0,0,False,no_on_batch_decision,,,1e-08,,,,,,,,,,,,,,,,,,,,,,,,0,5,1
5,placebo,skillnet:alfworld-locate-target-object,all,12,1,1,1,1,1,True,,1.0,0.25,1e-08,-0.002419284694120329,0.0,0.28974623528039783,-0.00015302764448754417,-0.003016370649117616,551.3643651395764,282.1330415283274,2042.1679246632912,1927.582079776875,0.18581453976250828,0.0416727950000908,0.07078943401575089,-0.06731720954390262,0.0,0.0,1.2761726379394531,,,0.018582358956336975,0.7029407620429993,2.4534151554107666,6.581350803375244,45.669437408447266,all_alfworld,-0.002419284694120329,0.0,2.3129646346357427e-18,2.117582368135751e-22,1.0292692624129056e-16,1.174938191831713e-07,-1.5728159515523052e-16,-1.0261892388584521e-19,0.25,0.0,0.0,0.0,0,5,1,5,12,1,1,1,1,1,True,,1.0,0.25,1e-08,-0.0018210737336178302,0.0,0.2901691559314728,-0.0001571164915468322,-0.0030036098075061483,551.3643653469798,282.13304150566177,2042.1679247926193,1927.582079593907,0.18581453976250828,0.0416727950000908,0.07078943401575089,-0.0670790138015127,0.0,0.0,1.2761726379394531,,0.018582358956336975,,0.7029407620429993,2.4534151554107666,6.581350803375244,45.669437408447266,0,5,1
5,placebo,skillnet:alfworld-locate-target-object,initial,0,0,0,0,0,0,False,no_on_batch_decision,,,1e-08,,,,,,,,,,,,,,,,,,,,,,,,all_alfworld,,,,,,,,,,0.0,0.0,0.0,0,5,1,5,0,0,0,0,0,0,False,no_on_batch_decision,,,1e-08,,,,,,,,,,,,,,,,,,,,,,,,0,5,1
5,placebo,skillnet:alfworld-locate-target-object,early,12,1,1,1,1,1,True,,1.0,0.25,1e-08,-0.002419284694120329,0.0,0.28974623528039783,-0.00015302764448754417,-0.003016370649117616,551.3643651395764,282.1330415283274,2042.1679246632912,1927.582079776875,0.18581453976250828,0.0416727950000908,0.07078943401575089,-0.06731720954390262,0.0,0.0,1.2761726379394531,,,0.018582358956336975,0.7029407620429993,2.4534151554107666,6.581350803375244,45.669437408447266,all_alfworld,-0.002419284694120329,0.0,2.3129646346357427e-18,2.117582368135751e-22,1.0292692624129056e-16,1.174938191831713e-07,-1.5728159515523052e-16,-1.0261892388584521e-19,0.25,0.0,0.0,0.0,0,5,1,5,12,1,1,1,1,1,True,,1.0,0.25,1e-08,-0.0018210737336178302,0.0,0.2901691559314728,-0.0001571164915468322,-0.0030036098075061483,551.3643653469798,282.13304150566177,2042.1679247926193,1927.582079593907,0.18581453976250828,0.0416727950000908,0.07078943401575089,-0.0670790138015127,0.0,0.0,1.2761726379394531,,0.018582358956336975,,0.7029407620429993,2.4534151554107666,6.581350803375244,45.669437408447266,0,5,1
5,placebo,skillnet:alfworld-locate-target-object,middle,0,0,0,0,0,0,False,no_on_batch_decision,,,1e-08,,,,,,,,,,,,,,,,,,,,,,,,all_alfworld,,,,,,,,,,0.0,0.0,0.0,0,5,1,5,0,0,0,0,0,0,False,no_on_batch_decision,,,1e-08,,,,,,,,,,,,,,,,,,,,,,,,0,5,1
5,placebo,skillnet:alfworld-locate-target-object,late,0,0,0,0,0,0,False,no_on_batch_decision,,,1e-08,,,,,,,,,,,,,,,,,,,,,,,,all_alfworld,,,,,,,,,,0.0,0.0,0.0,0,5,1,5,0,0,0,0,0,0,False,no_on_batch_decision,,,1e-08,,,,,,,,,,,,,,,,,,,,,,,,0,5,1
5,placebo,skillnet:alfworld-object-cooler,all,8239,625,625,4,4,32,True,,1.0,0.5989804587935429,1e-08,-0.10414887423095796,0.22155890641629802,0.40251562743386826,-7.416817885768215e-05,0.0006959763228490209,510.61146120581174,301.0779782462498,1569.5983153106863,1563.2271277227692,0.0642068662721797,0.012738677848381607,-0.022606246709635514,-0.1165859039199957,0.22618494091567842,0.22732459154044846,1.0661644775390624,,,0.0695326991468668,0.680766838645935,3.0632247379302977,7.142370904541016,48.388478161621094,all_alfworld,-0.10414887423095796,0.22155890641629802,7.281676283928938e-18,1.1277637914162936e-18,1.5024192280172347e-16,1.0260511835034158e-07,-2.0323320375526897e-16,-7.757289399083464e-19,0.5989804587935429,0.0,0.0,0.0,0,5,1,5,8239,625,625,4,4,32,True,,1.0,0.5989804587935429,1e-08,-0.10438864650504043,0.22215805108035508,0.4032055456719201,-7.293014688933112e-05,0.0006897952711043302,510.61146133139835,301.077978242567,1569.5983154939236,1563.2271279759084,0.0642068662721797,0.012738677848381607,-0.022606246709635514,-0.11696229825605202,0.2268417506792703,0.22794931810620556,1.0661644775390624,,0.0695326991468668,,0.680766838645935,3.0632247379302977,7.142370904541016,48.388478161621094,0,5,1
5,placebo,skillnet:alfworld-object-cooler,initial,0,0,0,0,0,0,False,no_on_batch_decision,,,1e-08,,,,,,,,,,,,,,,,,,,,,,,,all_alfworld,,,,,,,,,,0.0,0.0,0.0,0,5,1,5,0,0,0,0,0,0,False,no_on_batch_decision,,,1e-08,,,,,,,,,,,,,,,,,,,,,,,,0,5,1
5,placebo,skillnet:alfworld-object-cooler,early,515,38,38,4,4,18,True,,1.0,0.537864077669903,1e-08,-0.10053742041049343,0.23796420781983543,0.4249173176205614,9.543023018858115e-05,0.0003960838387573166,528.7512679258753,297.32487939176247,1657.076789888347,1498.0430710290243,0.04181022047614567,0.009001167040280268,0.4468959869111626,-0.11157734859297436,0.25205371190464715,0.24152960515192995,1.0495846396998356,,,0.059161114212321605,0.6799931369329754,3.053253280489068,7.085617943813927,47.950484125237715,all_alfworld,-0.10053742041049343,0.23796420781983543,8.880773678471556e-18,1.3161066356503765e-18,1.520021972367561e-16,9.280564521512998e-08,-2.977122324286099e-16,7.713987232360862e-19,0.537864077669903,0.0,0.0,0.0,0,5,1,5,515,38,38,4,4,18,True,,1.0,0.537864077669903,1e-08,-0.10105162809675236,0.23871194231566037,0.4258018298514163,9.623797919408456e-05,0.000390357824119317,528.7512680748187,297.32487937263824,1657.0767901573747,1498.0430712352738,0.04181022047614567,0.009001167040280268,0.4468959869111626,-0.11181516779237873,0.2528749360430464,0.24229055352208057,1.0495846396998356,,0.059161114212321605,,0.6799931369329754,3.053253280489068,7.085617943813927,47.950484125237715,0,5,1
5,placebo,skillnet:alfworld-object-cooler,middle,2083,159,159,4,4,26,True,,1.0,0.5458473355736918,1e-08,-0.07150803882671193,0.19911928565330825,0.395340251794265,-9.188462397644155e-05,0.00023289641020778692,526.7904301442586,301.56973140115315,1623.0551065410668,1592.767762983109,0.06039378059921137,0.011692723550453732,0.3816381118658696,-0.08251379815063387,0.20459353154548685,0.2058700928489108,1.09860800497187,,,0.054774388231618225,0.6774475083411114,3.0533879343068824,7.094482487852469,48.56911353345187,all_alfworld,-0.07150803882671193,0.19911928565330825,7.294942149749144e-18,1.4492213227198235e-18,1.604550509235931e-16,9.307221667451536e-08,-2.1719437471663528e-16,-3.2628173042336034e-18,0.5458473355736918,0.0,0.0,0.0,0,5,1,5,2083,159,159,4,4,26,True,,1.0,0.5458473355736918,1e-08,-0.07157133470189984,0.19961480716179694,0.3960226980429229,-9.131032281582184e-05,0.00023046101597416657,526.7904302728881,301.5697313966158,1623.055106723981,1592.767763228871,0.06039378059921137,0.011692723550453732,0.3816381118658696,-0.08272184515005526,0.20507545740158906,0.20639348893829101,1.09860800497187,,0.054774388231618225,,0.6774475083411114,3.0533879343068824,7.094482487852469,48.56911353345187,0,5,1
5,placebo,skillnet:alfworld-object-cooler,late,5641,428,428,4,4,26,True,,1.0,0.6241801099095905,1e-08,-0.11653156504191058,0.22834724178706312,0.4031200303785848,-8.310982492689857e-05,0.0008943525127690561,502.9811132604799,301.23903552127155,1541.872396051623,1558.2699651540738,0.06765961047387277,0.013466127036248289,-0.21474144423267896,-0.1296246563240015,0.23179608941041166,0.23403364475240687,1.0555839003803573,,,0.07593618434087904,0.6820686474860271,3.0677643808249,7.165200041833325,48.36026028606379,all_alfworld,-0.11653156504191058,0.22834724178706312,7.130786733017232e-18,9.91867212354814e-19,1.463099094686449e-16,1.0701989637824089e-07,-1.8945234595004e-16,1.4088577108925736e-21,0.6241801099095905,0.0,0.0,0.0,0,5,1,5,5641,428,428,4,4,26,True,,1.0,0.6241801099095905,1e-08,-0.11681144830724044,0.22897108477937556,0.4037949421014114,-8.158742015259634e-05,0.0008867467936417194,502.9811133828103,301.2390355193139,1541.8723962271474,1558.2699654142186,0.06765961047387277,0.013466127036248289,-0.21474144423267896,-0.1300758660646999,0.23250246658692236,0.23468392065736246,1.0555839003803573,,0.07593618434087904,,0.6820686474860271,3.0677643808249,7.165200041833325,48.36026028606379,0,5,1
5,placebo,skillnet:alfworld-object-disposer,all,0,0,0,0,0,0,False,no_on_batch_decision,,,1e-08,,,,,,,,,,,,,,,,,,,,,,,,all_alfworld,,,,,,,,,,0.0,0.0,0.0,0,5,1,5,0,0,0,0,0,0,False,no_on_batch_decision,,,1e-08,,,,,,,,,,,,,,,,,,,,,,,,0,5,1
5,placebo,skillnet:alfworld-object-disposer,initial,0,0,0,0,0,0,False,no_on_batch_decision,,,1e-08,,,,,,,,,,,,,,,,,,,,,,,,all_alfworld,,,,,,,,,,0.0,0.0,0.0,0,5,1,5,0,0,0,0,0,0,False,no_on_batch_decision,,,1e-08,,,,,,,,,,,,,,,,,,,,,,,,0,5,1
5,placebo,skillnet:alfworld-object-disposer,early,0,0,0,0,0,0,False,no_on_batch_decision,,,1e-08,,,,,,,,,,,,,,,,,,,,,,,,all_alfworld,,,,,,,,,,0.0,0.0,0.0,0,5,1,5,0,0,0,0,0,0,False,no_on_batch_decision,,,1e-08,,,,,,,,,,,,,,,,,,,,,,,,0,5,1
5,placebo,skillnet:alfworld-object-disposer,middle,0,0,0,0,0,0,False,no_on_batch_decision,,,1e-08,,,,,,,,,,,,,,,,,,,,,,,,all_alfworld,,,,,,,,,,0.0,0.0,0.0,0,5,1,5,0,0,0,0,0,0,False,no_on_batch_decision,,,1e-08,,,,,,,,,,,,,,,,,,,,,,,,0,5,1
5,placebo,skillnet:alfworld-object-disposer,late,0,0,0,0,0,0,False,no_on_batch_decision,,,1e-08,,,,,,,,,,,,,,,,,,,,,,,,all_alfworld,,,,,,,,,,0.0,0.0,0.0,0,5,1,5,0,0,0,0,0,0,False,no_on_batch_decision,,,1e-08,,,,,,,,,,,,,,,,,,,,,,,,0,5,1
5,placebo,skillnet:alfworld-object-heater,all,112,10,10,1,1,7,True,,1.0,0.6517857142857143,1e-08,0.1736964590830802,0.10583445218507456,0.3106395014022831,7.390530809930634e-05,0.0014985865883368834,669.0050935916141,336.75486236277186,1696.5654714443735,1882.6510792825588,0.04546601746450105,0.011840194978885301,0.7665031797119549,0.15403978110403976,0.11562331652939392,0.10557568921335916,0.7546363830566406,,,0.04139695996418595,0.7720212996006012,3.1679961681365967,7.688256788253784,54.90476913452149,all_alfworld,0.1736964590830802,0.10583445218507456,8.874969211917058e-18,7.931495513382518e-18,1.3292318634672284e-16,6.60671453864281e-08,-4.55984456542475e-17,9.173890875533024e-18,0.6517857142857143,0.0,0.0,0.0,0,5,1,5,112,10,10,1,1,7,True,,1.0,0.6517857142857143,1e-08,0.17401373518242574,0.10597108594327784,0.3117603189565895,7.688575734752784e-05,0.0014943448475476834,669.0050938485064,336.75486231582545,1696.565471483114,1882.6510794150206,0.04546601746450105,0.011840194978885301,0.7665031797119549,0.15550842484722868,0.11558713119928957,0.1056990810834264,0.7546363830566406,,0.04139695996418595,,0.7720212996006012,3.1679961681365967,7.688256788253784,54.90476913452149,0,5,1
5,placebo,skillnet:alfworld-object-heater,initial,0,0,0,0,0,0,False,no_on_batch_decision,,,1e-08,,,,,,,,,,,,,,,,,,,,,,,,all_alfworld,,,,,,,,,,0.0,0.0,0.0,0,5,1,5,0,0,0,0,0,0,False,no_on_batch_decision,,,1e-08,,,,,,,,,,,,,,,,,,,,,,,,0,5,1
5,placebo,skillnet:alfworld-object-heater,early,101,9,9,1,1,7,True,,1.0,0.6237623762376238,1e-08,0.10367946524161357,0.09879274604893755,0.32006882653452834,8.255905434784303e-05,0.0013199467034767554,640.5256486123872,334.10648632266566,1707.34000863956,1850.4436892445242,0.043059808685956553,0.011195361606378783,0.8871282994157017,0.08503366061194043,0.12309502851350407,0.09836297494630147,0.7562372419569228,,,0.04481360823329952,0.7692696253458658,3.122577879163954,7.59540499581231,54.4348021613227,all_alfworld,0.10367946524161356,0.09879274604893755,9.84155001717535e-18,8.795321757414277e-18,1.2871304682148705e-16,7.004288626877297e-08,1.648846076175975e-17,1.0241441990356757e-17,0.6237623762376238,0.0,0.0,0.0,0,5,1,5,101,9,9,1,1,7,True,,1.0,0.6237623762376238,1e-08,0.10385459800001243,0.09894224690466893,0.321309735886564,8.546187755732679e-05,0.0013171390586474885,640.5256489068729,334.10648625934954,1707.3400086854979,1850.4436893409656,0.043059808685956553,0.011195361606378783,0.8871282994157017,0.0865989006641669,0.12305457722551784,0.09849802253435709,0.7562372419569228,,0.04481360823329952,,0.7692696253458658,3.122577879163954,7.59540499581231,54.4348021613227,0,5,1
5,placebo,skillnet:alfworld-object-heater,middle,11,1,1,1,1,1,True,,1.0,0.9090909090909091,1e-08,0.8165797661729104,0.17049011761687802,0.22406115246075853,-5.551816546348653e-06,0.003138825531143513,930.4981793099713,361.07176964011035,1597.6356299249312,2178.3734787226927,0.06755938897659153,0.017760937762808796,-0.3410547375679016,0.7876414328951339,0.047019415584382475,0.17049011761687802,0.7402286529541016,,,0.010647125542163849,0.796786367893219,3.576760768890381,8.52392292022705,59.13447189331055,all_alfworld,0.8165797661729104,0.17049011761687802,0.0,0.0,1.715799219875242e-16,2.9562615466716125e-08,-6.156691318375869e-16,-6.281693605758104e-19,0.9090909090909091,0.0,0.0,0.0,0,5,1,5,11,1,1,1,1,1,True,,1.0,0.9090909090909091,1e-08,0.8182021765845839,0.1705086080250505,0.2240793089631876,-1.8586191242626251e-06,0.003121416181994926,930.4981792216845,361.07176974346726,1597.6356298975893,2178.3734791858933,0.06755938897659153,0.017760937762808796,-0.3410547375679016,0.7882231468917051,0.04702239950392104,0.1705086080250505,0.7402286529541016,,0.010647125542163849,,0.796786367893219,3.576760768890381,8.52392292022705,59.13447189331055,0,5,1
5,placebo,skillnet:alfworld-object-heater,late,0,0,0,0,0,0,False,no_on_batch_decision,,,1e-08,,,,,,,,,,,,,,,,,,,,,,,,all_alfworld,,,,,,,,,,0.0,0.0,0.0,0,5,1,5,0,0,0,0,0,0,False,no_on_batch_decision,,,1e-08,,,,,,,,,,,,,,,,,,,,,,,,0,5,1
5,placebo,skillnet:alfworld-object-picker,all,322,25,25,5,5,20,True,,1.0,0.5372670807453416,1e-08,0.018621892990351125,0.1762016750796734,0.2728464708612116,-5.560875877526348e-05,0.0002893448282970004,456.4016573477693,254.53468995118905,1743.6003521408052,1540.6624091793335,0.06509554579761549,0.013662703741314886,0.6540654075812109,0.027474360271385796,0.17986518911972582,0.17987887679578768,1.121870002746582,,,0.054838064424693585,0.5667145490646363,2.833518409729004,6.28835428237915,40.723801879882814,all_alfworld,0.018621892990351132,0.1762016750796734,6.96044326385725e-18,7.211453060057332e-19,1.2226972152143048e-16,9.683480308602565e-08,-2.5617879108586686e-16,-7.718080002229505e-18,0.5372670807453416,0.0,0.0,0.0,0,5,1,5,322,25,25,5,5,20,True,,1.0,0.5372670807453416,1e-08,0.018633822864497294,0.17652316536716658,0.2731982342418848,-5.560080936566062e-05,0.0002885835037123351,456.4016574627202,254.53468994797723,1743.6003523933678,1540.6624095376478,0.06509554579761549,0.013662703741314886,0.6540654075812109,0.027075557752947392,0.18045167142148535,0.18020547149238836,1.121870002746582,,0.054838064424693585,,0.5667145490646363,2.833518409729004,6.28835428237915,40.723801879882814,0,5,1
5,placebo,skillnet:alfworld-object-picker,initial,0,0,0,0,0,0,False,no_on_batch_decision,,,1e-08,,,,,,,,,,,,,,,,,,,,,,,,all_alfworld,,,,,,,,,,0.0,0.0,0.0,0,5,1,5,0,0,0,0,0,0,False,no_on_batch_decision,,,1e-08,,,,,,,,,,,,,,,,,,,,,,,,0,5,1
5,placebo,skillnet:alfworld-object-picker,early,269,21,21,4,4,19,True,,1.0,0.516728624535316,1e-08,0.03127156720119666,0.1652253251141248,0.25525652339723326,-7.367465346266668e-05,0.00011090719848580592,447.40257092611995,248.9846952713318,1738.8492020821645,1522.5635174548727,0.06502555384662483,0.013941554134079479,0.7556336324897397,0.040587695769678814,0.1699104928109175,0.16801998336692892,1.0970127014886766,,,0.05451212960871912,0.5580608589308602,2.794641767229353,6.139897573561895,39.92709659394764,all_alfworld,0.03127156720119666,0.1652253251141248,7.815928821129703e-18,6.536441470802969e-19,1.1823043318843787e-16,9.911437266788034e-08,-2.1791738178516085e-16,-8.411596927658274e-18,0.516728624535316,0.0,0.0,0.0,0,5,1,5,269,21,21,4,4,19,True,,1.0,0.516728624535316,1e-08,0.03142828382910867,0.16549109153629474,0.25554970215782574,-7.399475387382334e-05,0.00011120178092641394,447.40257105592747,248.98469526924492,1738.8492023545032,1522.5635178180098,0.06502555384662483,0.013941554134079479,0.7556336324897397,0.04021743856877865,0.17050500854347767,0.1682788726421103,1.0970127014886766,,0.05451212960871912,,0.5580608589308602,2.794641767229353,6.139897573561895,39.92709659394764,0,5,1
5,placebo,skillnet:alfworld-object-picker,middle,13,1,1,1,1,1,True,,1.0,0.46153846153846156,1e-08,0.5662307591927912,0.001931834725272008,0.030431967301110474,0.0006069718769939152,-0.0004192286349977655,418.87836535616947,237.60974319965337,1677.6302422251922,1453.3611450188973,0.09424545729177505,0.01079659875828075,2.2909343242645264,0.4940332672001776,0.03409510366871598,0.001931834725272008,1.625,,,0.13053786754608154,0.6223112344741821,3.0382440090179443,6.133498191833496,37.20693588256836,all_alfworld,0.5662307591927912,0.001931834725272008,9.607699251563854e-18,4.270088556250602e-18,1.5665887390744396e-16,1.1607715920082849e-07,-2.7328566760003855e-16,-1.766276267716787e-17,0.46153846153846156,0.0,0.0,0.0,0,5,1,5,13,1,1,1,1,1,True,,1.0,0.46153846153846156,1e-08,0.565629847705831,0.0019318339412878391,0.03061299926407107,0.000607520294877153,-0.0004207160223750756,418.87836531348063,237.60974315425372,1677.6302422086935,1453.361145156585,0.09424545729177505,0.01079659875828075,2.2909343242645264,0.49383173139777536,0.03409509923305983,0.0019318339412878391,1.625,,0.13053786754608154,,0.6223112344741821,3.0382440090179443,6.133498191833496,37.20693588256836,0,5,1
5,placebo,skillnet:alfworld-object-picker,late,40,3,3,2,2,3,True,,1.0,0.7,1e-08,-0.24442004759337807,0.3066553267131682,0.46992358121349864,-0.0001494543236274599,0.0017196242643480824,529.1155834306304,297.35901186747833,1796.9921220077358,1690.7503668784734,0.05609252043242583,0.0127189189694591,-0.5609633028507233,-0.21234446570649207,0.2941857995680401,0.3222068114879711,1.128161112467448,,,0.031886340429385505,0.6087581515312195,3.0374130407969155,7.379169940948486,47.47302754720052,all_alfworld,-0.24442004759337807,0.3066553267131682,3.4694469519536144e-19,2.168404344971009e-20,1.3825746103535153e-16,7.525093191074195e-08,-5.079270337660091e-16,1.7784319063392623e-19,0.7,0.0,0.0,0.0,0,5,1,5,40,3,3,2,2,3,True,,1.0,0.7,1e-08,-0.24518263519594768,0.30745604459319015,0.4707248138749712,-0.00014741589142718096,0.0017119979354260641,529.1155834969038,297.35901187041196,1796.9921222147518,1690.75036727606,0.05609252043242583,0.0127189189694591,-0.5609633028507233,-0.21299934716808702,0.2949088652373256,0.32311620929470175,1.128161112467448,,0.031886340429385505,,0.6087581515312195,3.0374130407969155,7.379169940948486,47.47302754720052,0,5,1
5,placebo,skillnet:alfworld-object-placer,all,16612,1136,1136,7,7,46,True,,1.0,0.6273176017336864,1e-08,-0.1889403479220858,0.2765854028521355,0.49453903935683097,-2.233466844407133e-05,0.0011768952334176607,522.1876455653161,275.79726945601584,1626.6312902542313,1562.0822704809373,0.07154567425119833,0.015165558958181216,-0.04697110018493998,-0.1778784518135919,0.2715237384324572,0.2776718687686647,1.1066064029722147,,,0.07013018978644871,0.6457673608469712,2.8657114467990232,6.773574245647645,44.50003891259852,all_alfworld,-0.1889403479220858,0.2765854028521355,5.9124784279976126e-18,1.2439884843031665e-18,1.6687006742711196e-16,8.932685251232561e-08,-1.8466513600660788e-16,-5.4065783312321306e-20,0.6273176017336864,0.0,0.0,0.0,0,5,1,5,16612,1136,1136,7,7,46,True,,1.0,0.6273176017336864,1e-08,-0.18927435533053577,0.27719667848634855,0.49522310556373134,-2.0957442878733445e-05,0.0011704063367295502,522.1876456874885,275.7972694599598,1626.6312904227295,1562.0822707019615,0.07154567425119833,0.015165558958181216,-0.04697110018493998,-0.17823205453207072,0.272103585406579,0.27830796898441396,1.1066064029722147,,0.07013018978644871,,0.6457673608469712,2.8657114467990232,6.773574245647645,44.50003891259852,0,5,1
5,placebo,skillnet:alfworld-object-placer,initial,185,16,16,2,2,16,True,,1.0,0.5351351351351351,1e-08,-0.17672417393992437,0.15190386313762194,0.6662935621285756,-0.0002561822226000565,0.0006792482291760416,544.9696829454756,288.47039550441417,1577.7121048096724,1714.065782908539,0.05676474349700377,0.011354840258621952,0.5491495214604043,-0.10144119468564744,0.12175421241590861,0.14074107268315247,1.1649134159088135,,,0.0719308068510145,0.667751844972372,2.7431280612945557,6.756764709949493,47.68264842033386,all_alfworld,-0.17672417393992437,0.15190386313762194,3.00060276925718e-19,7.480416947395436e-18,2.500252257483545e-16,9.499204595772656e-08,-3.006603974795694e-16,-1.0632732549791636e-17,0.5351351351351351,0.0,0.0,0.0,0,5,1,5,185,16,16,2,2,16,True,,1.0,0.5351351351351351,1e-08,-0.17422569813728445,0.15194601705862032,0.6669537462939483,-0.00025114307613288505,0.0006530339355466579,544.9696833340113,288.47039556175156,1577.712104966046,1714.0657834298825,0.05676474349700377,0.011354840258621952,0.5491495214604043,-0.10218292400728196,0.12182905438131372,0.1407736779913799,1.1649134159088135,,0.0719308068510145,,0.667751844972372,2.7431280612945557,6.756764709949493,47.68264842033386,0,5,1
5,placebo,skillnet:alfworld-object-placer,early,863,63,63,4,4,30,True,,1.0,0.5770567786790266,1e-08,-0.03967122284341615,0.20847086478089052,0.39225787451882355,-4.754375930580199e-05,0.0006538969428794875,538.3092442860909,268.3131377811298,1695.5545949411103,1664.6488114283147,0.05337531539796237,0.011149061076722222,0.5138344861057653,-0.03174019021514789,0.212398093719111,0.21445021525061542,1.0728304121229384,,,0.05267240478849364,0.6509590442218478,2.705492560825651,6.517259567502945,43.28134282430013,all_alfworld,-0.03967122284341616,0.20847086478089052,5.2564332441243925e-18,1.6092711364195875e-18,1.593607060655572e-16,6.553275801168669e-08,-2.1368255433399593e-16,4.390301833779773e-18,0.5770567786790266,0.0,0.0,0.0,0,5,1,5,863,63,63,4,4,30,True,,1.0,0.5770567786790266,1e-08,-0.03966340350298936,0.2088231050887053,0.3926947906589387,-4.7530481819658445e-05,0.0006523556336629387,538.3092444625411,268.3131377859812,1695.5545951317956,1664.648811723401,0.05337531539796237,0.011149061076722222,0.5138344861057653,-0.03192643251540534,0.21284264700084451,0.21480044462187345,1.0728304121229384,,0.05267240478849364,,0.6509590442218478,2.705492560825651,6.517259567502945,43.28134282430013,0,5,1
5,placebo,skillnet:alfworld-object-placer,middle,3756,258,258,7,7,37,True,,1.0,0.5942492012779552,1e-08,-0.1037586197931428,0.25195509600531407,0.45894434096697906,-6.40680665920501e-06,0.0008292989282516482,539.731960119421,275.63364815983954,1621.2202744802314,1565.7290972575156,0.07459092913033824,0.015645902867715285,0.17245455622807923,-0.09678043036398792,0.2443068666028396,0.25415244509830165,1.1096120952635773,,,0.07267064646305155,0.6437643388676089,2.8539960227271384,6.768559378246929,44.54991206087807,all_alfworld,-0.1037586197931428,0.25195509600531407,7.151433323396333e-18,1.35809524558264e-18,1.655356271197462e-16,9.615750805784811e-08,-1.8216998138351544e-16,-1.3738844883162795e-18,0.5942492012779552,0.0,0.0,0.0,0,5,1,5,3756,258,258,7,7,37,True,,1.0,0.5942492012779552,1e-08,-0.10390472212913551,0.25247606155995095,0.4595552950149799,-5.489725136530916e-06,0.0008252295227233193,539.7319602426705,275.633648168589,1621.2202746841924,1565.7290974949067,0.07459092913033824,0.015645902867715285,0.17245455622807923,-0.09700882585150027,0.24484182008997754,0.2546968921601943,1.1096120952635773,,0.07267064646305155,,0.6437643388676089,2.8539960227271384,6.768559378246929,44.54991206087807,0,5,1
5,placebo,skillnet:alfworld-object-placer,late,11808,799,799,7,7,37,True,,1.0,0.6429539295392954,1e-08,-0.2271366400953499,0.29135169381752596,0.5106457251372098,-2.189495011170573e-05,0.0013334826269409236,515.0717866496168,276.19774700555104,1624.081579262498,1551.044892770104,0.0721365884241166,0.015366020417099545,-0.16709477070158696,-0.21555311144205058,0.2868488878474914,0.29299335589752445,1.1071314425283438,,,0.0706503309119488,0.6455645471699396,2.8845821644397494,6.795740219469512,44.516295269523305,all_alfworld,-0.2271366400953499,0.29135169381752596,5.6542594039895925e-18,1.0832869946508762e-18,1.665405478099082e-16,8.880435086409304e-08,-1.8152071234259208e-16,2.066729662001332e-19,0.6429539295392954,0.0,0.0,0.0,0,5,1,5,11808,799,799,7,7,37,True,,1.0,0.6429539295392954,1e-08,-0.2275997783752837,0.29201954462641,0.5113714849377876,-2.0329044596355083e-05,0.001326171560677105,515.0717867633064,276.1977470070636,1624.0815794182845,1551.0448929758038,0.0721365884241166,0.015366020417099545,-0.16709477070158696,-0.21595269205507986,0.2874608151332878,0.29369367675835295,1.1071314425283438,,0.0706503309119488,,0.6455645471699396,2.8845821644397494,6.795740219469512,44.516295269523305,0,5,1
5,placebo,skillnet:alfworld-object-retriever,all,0,0,0,0,0,0,False,no_on_batch_decision,,,1e-08,,,,,,,,,,,,,,,,,,,,,,,,all_alfworld,,,,,,,,,,0.0,0.0,0.0,0,5,1,5,0,0,0,0,0,0,False,no_on_batch_decision,,,1e-08,,,,,,,,,,,,,,,,,,,,,,,,0,5,1
5,placebo,skillnet:alfworld-object-retriever,initial,0,0,0,0,0,0,False,no_on_batch_decision,,,1e-08,,,,,,,,,,,,,,,,,,,,,,,,all_alfworld,,,,,,,,,,0.0,0.0,0.0,0,5,1,5,0,0,0,0,0,0,False,no_on_batch_decision,,,1e-08,,,,,,,,,,,,,,,,,,,,,,,,0,5,1
5,placebo,skillnet:alfworld-object-retriever,early,0,0,0,0,0,0,False,no_on_batch_decision,,,1e-08,,,,,,,,,,,,,,,,,,,,,,,,all_alfworld,,,,,,,,,,0.0,0.0,0.0,0,5,1,5,0,0,0,0,0,0,False,no_on_batch_decision,,,1e-08,,,,,,,,,,,,,,,,,,,,,,,,0,5,1
5,placebo,skillnet:alfworld-object-retriever,middle,0,0,0,0,0,0,False,no_on_batch_decision,,,1e-08,,,,,,,,,,,,,,,,,,,,,,,,all_alfworld,,,,,,,,,,0.0,0.0,0.0,0,5,1,5,0,0,0,0,0,0,False,no_on_batch_decision,,,1e-08,,,,,,,,,,,,,,,,,,,,,,,,0,5,1
5,placebo,skillnet:alfworld-object-retriever,late,0,0,0,0,0,0,False,no_on_batch_decision,,,1e-08,,,,,,,,,,,,,,,,,,,,,,,,all_alfworld,,,,,,,,,,0.0,0.0,0.0,0,5,1,5,0,0,0,0,0,0,False,no_on_batch_decision,,,1e-08,,,,,,,,,,,,,,,,,,,,,,,,0,5,1
5,placebo,skillnet:alfworld-object-state-inspector,all,4990,399,399,1,1,8,True,,1.0,0.633066132264529,1e-08,0.07217009639497242,0.23375379006026706,0.40376208960400417,-3.0597651859586836e-05,0.001008035326843201,551.0921974328419,295.0402113006213,1568.0217031643147,1592.8713171070867,0.08896419793104762,0.01774240334391375,-0.012678784824803262,0.0705328929229482,0.23453771628603476,0.22880100365236494,1.1345582068115847,,,0.10622764581214533,0.7652043444769723,3.251103425683234,7.100248185016756,47.37698718001669,all_alfworld,0.07217009639497242,0.23375379006026706,5.546150389730734e-18,1.692102908384295e-18,1.8020089758912638e-16,1.0525373700445266e-07,-1.1046607850228262e-16,6.415951861668793e-19,0.633066132264529,0.0,0.0,0.0,0,5,1,5,4990,399,399,1,1,8,True,,1.0,0.633066132264529,1e-08,0.07216030610634183,0.23405413687335308,0.4041337429408119,-2.957203417729145e-05,0.0010008690329423196,551.0921975167956,295.0402112981616,1568.0217033989,1592.8713173256851,0.08896419793104762,0.01774240334391375,-0.012678784824803262,0.0704729489175348,0.23485336774621568,0.2290876507683871,1.1345582068115847,,0.10622764581214533,,0.7652043444769723,3.251103425683234,7.100248185016756,47.37698718001669,0,5,1
5,placebo,skillnet:alfworld-object-state-inspector,initial,84,8,8,1,1,8,True,,1.0,0.5357142857142857,1e-08,0.3711682848635099,0.07032819403964385,0.258960570086082,-9.04962211344788e-05,0.00041895357788576524,601.5881669553876,310.80770028217984,1301.9115586247742,1514.9641286827832,0.03605401854430148,0.006375633090493769,0.06108611822128296,0.3337940029079448,0.07115347097234956,0.059787561795968024,1.1562271118164062,,,0.21845686435699463,0.7813202887773514,3.0561098754405975,7.090212523937225,51.29889106750488,all_alfworld,0.3711682848635099,0.07032819403964385,0.0,1.1234399653945037e-17,1.4562384036726732e-16,1.1347836447633554e-07,-3.5685740077237176e-16,6.7025402787600016e-18,0.5357142857142857,0.0,0.0,0.0,0,5,1,5,84,8,8,1,1,8,True,,1.0,0.5357142857142857,1e-08,0.3720028164286487,0.07035070518855369,0.2587702397678787,-9.009404439960203e-05,0.0004148289245463607,601.5881667556864,310.80770021468743,1301.9115587105002,1514.9641293026464,0.03605401854430148,0.006375633090493769,0.06108611822128296,0.33410564240675233,0.07118588216926372,0.05980733743973528,1.1562271118164062,,0.21845686435699463,,0.7813202887773514,3.0561098754405975,7.090212523937225,51.29889106750488,0,5,1
5,placebo,skillnet:alfworld-object-state-inspector,early,396,32,32,1,1,8,True,,1.0,0.6338383838383839,1e-08,0.12827936132127885,0.23354495999092884,0.3751639354897543,3.542299052842e-05,0.0008786790182694273,558.4473724334338,291.9947000077762,1604.6000597874333,1618.3112847166092,0.0663210052771534,0.01202811116184441,0.01827522593014168,0.1126176372471737,0.24417654400603958,0.22923465353121084,1.1201190948486328,,,0.09350920962606324,0.7679481953382492,3.2639463618397713,7.085951015353203,47.126047134399414,all_alfworld,0.12827936132127882,0.23354495999092884,7.830349023506422e-18,1.4472456272117111e-18,1.8629221692203961e-16,1.058961247389115e-07,-1.525154862111326e-16,-3.2807500677839522e-18,0.6338383838383839,0.0,0.0,0.0,0,5,1,5,396,32,32,1,1,8,True,,1.0,0.6338383838383839,1e-08,0.12841378086427613,0.2337753424171923,0.3754705037651627,3.60770081727943e-05,0.0008725290945259157,558.4473724442167,291.99470001040174,1604.6000600066525,1618.3112849727331,0.0663210052771534,0.01202811116184441,0.01827522593014168,0.11253270823282487,0.24453430911077306,0.2294521897080216,1.1201190948486328,,0.09350920962606324,,0.7679481953382492,3.2639463618397713,7.085951015353203,47.126047134399414,0,5,1
5,placebo,skillnet:alfworld-object-state-inspector,middle,984,80,80,1,1,8,True,,1.0,0.6280487804878049,1e-08,-0.03078271379590258,0.2652886795483685,0.4439387931708345,-5.194165168491249e-05,0.0009842276065551788,544.5301667348039,299.9852122952937,1577.3994083990867,1574.7830896911685,0.09865275015492937,0.018929072163716174,-0.009052661194549344,-0.029587765418593433,0.2602283799576186,0.2576181891863573,1.0728595077991485,,,0.12812306838459336,0.7750907100737094,3.242024156451225,7.202458214759827,48.01627960205078,all_alfworld,-0.03078271379590258,0.2652886795483685,5.057406475313481e-18,1.3056850404822606e-18,1.8163008748045325e-16,1.0884068873871901e-07,-9.646754939578342e-17,-9.233596838114094e-19,0.6280487804878049,0.0,0.0,0.0,0,5,1,5,984,80,80,1,1,8,True,,1.0,0.6280487804878049,1e-08,-0.030810315985575994,0.26560614044423586,0.44431427110568766,-5.0996144519233316e-05,0.000978283585122418,544.5301668526533,299.9852122929838,1577.399408598105,1574.7830899685036,0.09865275015492937,0.018929072163716174,-0.009052661194549344,-0.029588036790814943,0.2604784345112973,0.257926470791,1.0728595077991485,,0.12812306838459336,,0.7750907100737094,3.242024156451225,7.202458214759827,48.01627960205078,0,5,1
5,placebo,skillnet:alfworld-object-state-inspector,late,3526,279,279,1,1,8,True,,1.0,0.6366988088485536,1e-08,0.08747651967507637,0.2288701018914918,0.39921141471999605,-3.0628905046892396e-05,0.0010432408747362957,550.8944457217644,293.6266186797359,1567.6361560762687,1596.9180534745099,0.09006392112195209,0.018323794803556722,-0.01892443024936347,0.0874753874824899,0.23017801344326372,0.22533453732981557,1.153284358294634,,,0.09819009170390158,0.7615927314672846,3.2578249883480823,7.072868229240499,47.11000315348307,all_alfworld,0.08747651967507636,0.2288701018914918,5.558135070827951e-18,1.600113611371488e-18,1.7994167680005571e-16,1.0398464603536533e-07,-1.0378034852990686e-16,1.3744496742115031e-18,0.6366988088485536,0.0,0.0,0.0,0,5,1,5,3526,279,279,1,1,8,True,,1.0,0.6366988088485536,1e-08,0.08743538984633938,0.22918014916842228,0.39960269848983226,-2.9524344822637184e-05,0.001035546873377073,550.8944458112343,293.62661867821254,1567.636156326052,1596.918053662943,0.09006392112195209,0.018323794803556722,-0.01892443024936347,0.08739274443513745,0.23051398893488803,0.2256305599395408,1.153284358294634,,0.09819009170390158,,0.7615927314672846,3.2578249883480823,7.072868229240499,47.11000315348307,0,5,1
5,placebo,skillnet:alfworld-object-storer,all,1281,97,92,4,3,17,True,,0.9516003122560499,0.336455893832943,1e-08,0.1643000112896825,0.09374823385462139,0.2773761630595995,3.431415654706761e-05,-0.0013450883687672476,499.75966061563065,282.6803436526532,1744.2813480970258,1655.618849548546,0.09490949278089425,0.022618632830433513,0.09183414564827845,0.17010033444402087,0.09344147453205126,0.09651567803102751,1.0215050510524475,,,0.08190322680802074,0.6787891295767322,2.9152832252463114,7.046464457954328,45.57186779533465,all_alfworld,0.1643000112896825,0.09374823385462139,4.9407795488691495e-18,6.269758573333528e-19,1.3885314168328765e-16,7.505610604441439e-08,-1.842571545943078e-16,-1.6454487727215877e-19,0.336455893832943,0.0,0.0,0.0,0,5,1,5,1281,97,92,4,3,17,True,,0.9516003122560499,0.336455893832943,1e-08,0.16473118877418413,0.09384722665245915,0.27780085224341367,3.2539762907676745e-05,-0.0013378268604064079,499.75966074284514,282.6803436454475,1744.2813482745216,1655.6188497805458,0.09490949278089425,0.022618632830433513,0.09183414564827845,0.17093184675581094,0.09347517691636723,0.09661592626908416,1.0215050510524475,,0.08190322680802074,,0.6787891295767322,2.9152832252463114,7.046464457954328,45.57186779533465,0,5,1
5,placebo,skillnet:alfworld-object-storer,initial,0,0,0,0,0,0,False,no_on_batch_decision,,,1e-08,,,,,,,,,,,,,,,,,,,,,,,,all_alfworld,,,,,,,,,,0.0,0.0,0.0,0,5,1,5,0,0,0,0,0,0,False,no_on_batch_decision,,,1e-08,,,,,,,,,,,,,,,,,,,,,,,,0,5,1
5,placebo,skillnet:alfworld-object-storer,early,88,7,7,2,2,6,True,,1.0,0.4659090909090909,1e-08,0.2309486264751282,0.1082108461562811,0.22151055621708615,-0.00013095499474328502,-0.0006989003780800578,476.4488356607563,285.7775618203549,1690.747202668456,1676.5123398868966,0.09785511844140776,0.02414154903816701,-0.02076140841977163,0.23692233335529603,0.11487438294827092,0.11369094332593109,0.9836668287004743,,,0.09416450347219195,0.680793992110661,2.849617140633719,7.182104519435337,46.33236585344587,all_alfworld,0.2309486264751282,0.1082108461562811,3.1737554503666585e-18,1.4909283836425783e-19,1.4417917617379962e-16,8.995773936239869e-08,-2.813406073766022e-16,-2.4646061135983335e-19,0.4659090909090909,0.0,0.0,0.0,0,5,1,5,88,7,7,2,2,6,True,,1.0,0.4659090909090909,1e-08,0.23126286223327408,0.10837197849910513,0.22187598655713278,-0.000132040893357877,-0.0006934745233032416,476.44883579777144,285.7775617359042,1690.7472026996852,1676.5123401387573,0.09785511844140776,0.02414154903816701,-0.02076140841977163,0.23821614005843436,0.1146840761557201,0.11383002193106219,0.9836668287004743,,0.09416450347219195,,0.680793992110661,2.849617140633719,7.182104519435337,46.33236585344587,0,5,1
5,placebo,skillnet:alfworld-object-storer,middle,241,18,16,3,2,10,True,,0.8962655601659751,0.3236514522821577,1e-08,-0.028303495274054985,0.12211817434940825,0.3436717580477506,-4.766871263025882e-05,-0.0012507015506402364,488.49401701715277,280.82816329648887,1709.3175860636854,1634.2735154546888,0.09307052799622977,0.02253178895363342,0.0066492467562192705,-0.01268028351130819,0.12262499598813065,0.12615421179216058,1.0412563747829862,,,0.09753710533388787,0.6805130011505551,2.900621109538608,7.120239999559191,45.41089757283529,all_alfworld,-0.028303495274054992,0.12211817434940825,6.039141063670295e-18,4.466508413328125e-19,1.318965683560125e-16,8.435937733933195e-08,-2.8930292923842254e-16,7.720028647875175e-20,0.3236514522821577,0.0,0.0,0.0,0,5,1,5,241,18,16,3,2,10,True,,0.8962655601659751,0.3236514522821577,1e-08,-0.027823898942099894,0.12233567980433405,0.3442925767624471,-5.087418613260254e-05,-0.0012433091022648706,488.4940170501376,280.828163274126,1709.3175862350581,1634.2735155983094,0.09307052799622977,0.02253178895363342,0.0066492467562192705,-0.012268685632282946,0.12272209145966803,0.12639511747268647,1.0412563747829862,,0.09753710533388787,,0.6805130011505551,2.900621109538608,7.120239999559191,45.41089757283529,0,5,1
5,placebo,skillnet:alfworld-object-storer,late,952,72,69,3,2,11,True,,0.9611344537815126,0.3277310924369748,1e-08,0.20689703539214208,0.08522946752921207,0.2657573973137978,7.034520359043598e-05,-0.0014287141737557795,504.7663546316623,282.8629279668106,1758.081002979115,1659.09111674061,0.09510274430923348,0.022499843700211113,0.12380680257157117,0.210194654846376,0.08407243607454869,0.0874362271315175,1.0202459361818101,,,0.07680268861198176,0.6781632444924779,2.925332956843906,7.01483334435357,45.538173039754234,all_alfworld,0.20689703539214208,0.08522946752921207,4.826066308954384e-18,7.167994230113051e-19,1.4012188447394757e-16,7.132350928595037e-08,-1.4869058365515488e-16,-2.181709275497366e-19,0.3277310924369748,0.0,0.0,0.0,0,5,1,5,952,72,69,3,2,11,True,,0.9611344537815126,0.3277310924369748,1e-08,0.20732676532378974,0.08529271470696893,0.2661379137678944,6.88694472249835e-05,-0.0014213161307605985,504.76635478182516,282.8629279705823,1758.0810031716817,1659.0911169931467,0.09510274430923348,0.022499843700211113,0.12380680257157117,0.2110897359311258,0.08411079714956203,0.08749753583438015,1.0202459361818101,,0.07680268861198176,,0.6781632444924779,2.925332956843906,7.01483334435357,45.538173039754234,0,5,1
5,placebo,skillnet:alfworld-object-transporter,all,0,0,0,0,0,0,False,no_on_batch_decision,,,1e-08,,,,,,,,,,,,,,,,,,,,,,,,all_alfworld,,,,,,,,,,0.0,0.0,0.0,0,5,1,5,0,0,0,0,0,0,False,no_on_batch_decision,,,1e-08,,,,,,,,,,,,,,,,,,,,,,,,0,5,1
5,placebo,skillnet:alfworld-object-transporter,initial,0,0,0,0,0,0,False,no_on_batch_decision,,,1e-08,,,,,,,,,,,,,,,,,,,,,,,,all_alfworld,,,,,,,,,,0.0,0.0,0.0,0,5,1,5,0,0,0,0,0,0,False,no_on_batch_decision,,,1e-08,,,,,,,,,,,,,,,,,,,,,,,,0,5,1
5,placebo,skillnet:alfworld-object-transporter,early,0,0,0,0,0,0,False,no_on_batch_decision,,,1e-08,,,,,,,,,,,,,,,,,,,,,,,,all_alfworld,,,,,,,,,,0.0,0.0,0.0,0,5,1,5,0,0,0,0,0,0,False,no_on_batch_decision,,,1e-08,,,,,,,,,,,,,,,,,,,,,,,,0,5,1
5,placebo,skillnet:alfworld-object-transporter,middle,0,0,0,0,0,0,False,no_on_batch_decision,,,1e-08,,,,,,,,,,,,,,,,,,,,,,,,all_alfworld,,,,,,,,,,0.0,0.0,0.0,0,5,1,5,0,0,0,0,0,0,False,no_on_batch_decision,,,1e-08,,,,,,,,,,,,,,,,,,,,,,,,0,5,1
5,placebo,skillnet:alfworld-object-transporter,late,0,0,0,0,0,0,False,no_on_batch_decision,,,1e-08,,,,,,,,,,,,,,,,,,,,,,,,all_alfworld,,,,,,,,,,0.0,0.0,0.0,0,5,1,5,0,0,0,0,0,0,False,no_on_batch_decision,,,1e-08,,,,,,,,,,,,,,,,,,,,,,,,0,5,1
5,placebo,skillnet:alfworld-receptacle-closer,all,11,1,1,1,1,1,True,,1.0,0.6363636363636364,1e-08,-0.2598779493979451,0.39526059072289765,0.5515127125452732,-3.832099096311589e-05,0.002108697279369097,499.2318181264061,360.0922842047994,1826.229117987729,1808.7888062561171,0.0026059130789718877,0.0006183626453819325,-0.3202976882457733,-0.22750428385098617,0.396973331760441,0.39526059072289765,0.9296932220458984,,,0.00322139635682106,0.7699556946754456,3.240159034729004,8.477548599243164,58.82536315917969,all_alfworld,-0.2598779493979451,0.39526059072289765,0.0,2.4640958465579647e-21,1.084990683156403e-16,2.819263273339862e-08,-6.964126245375982e-16,4.759756664893631e-19,0.6363636363636364,0.0,0.0,0.0,0,5,1,5,11,1,1,1,1,1,True,,1.0,0.6363636363636364,1e-08,-0.26122362576178615,0.39665681368343364,0.5528957633034135,-3.30418199990583e-05,0.0020974043013838135,499.231818158204,360.09228416782486,1826.229118414434,1808.7888067385938,0.0026059130789718877,0.0006183626453819325,-0.3202976882457733,-0.22744021927743854,0.3969862019677706,0.39665681368343364,0.9296932220458984,,0.00322139635682106,,0.7699556946754456,3.240159034729004,8.477548599243164,58.82536315917969,0,5,1
5,placebo,skillnet:alfworld-receptacle-closer,initial,0,0,0,0,0,0,False,no_on_batch_decision,,,1e-08,,,,,,,,,,,,,,,,,,,,,,,,all_alfworld,,,,,,,,,,0.0,0.0,0.0,0,5,1,5,0,0,0,0,0,0,False,no_on_batch_decision,,,1e-08,,,,,,,,,,,,,,,,,,,,,,,,0,5,1
5,placebo,skillnet:alfworld-receptacle-closer,early,0,0,0,0,0,0,False,no_on_batch_decision,,,1e-08,,,,,,,,,,,,,,,,,,,,,,,,all_alfworld,,,,,,,,,,0.0,0.0,0.0,0,5,1,5,0,0,0,0,0,0,False,no_on_batch_decision,,,1e-08,,,,,,,,,,,,,,,,,,,,,,,,0,5,1
5,placebo,skillnet:alfworld-receptacle-closer,middle,11,1,1,1,1,1,True,,1.0,0.6363636363636364,1e-08,-0.2598779493979451,0.39526059072289765,0.5515127125452732,-3.832099096311589e-05,0.002108697279369097,499.2318181264061,360.0922842047994,1826.229117987729,1808.7888062561171,0.0026059130789718877,0.0006183626453819325,-0.3202976882457733,-0.22750428385098617,0.396973331760441,0.39526059072289765,0.9296932220458984,,,0.00322139635682106,0.7699556946754456,3.240159034729004,8.477548599243164,58.82536315917969,all_alfworld,-0.2598779493979451,0.39526059072289765,0.0,2.4640958465579647e-21,1.084990683156403e-16,2.819263273339862e-08,-6.964126245375982e-16,4.759756664893631e-19,0.6363636363636364,0.0,0.0,0.0,0,5,1,5,11,1,1,1,1,1,True,,1.0,0.6363636363636364,1e-08,-0.26122362576178615,0.39665681368343364,0.5528957633034135,-3.30418199990583e-05,0.0020974043013838135,499.231818158204,360.09228416782486,1826.229118414434,1808.7888067385938,0.0026059130789718877,0.0006183626453819325,-0.3202976882457733,-0.22744021927743854,0.3969862019677706,0.39665681368343364,0.9296932220458984,,0.00322139635682106,,0.7699556946754456,3.240159034729004,8.477548599243164,58.82536315917969,0,5,1
5,placebo,skillnet:alfworld-receptacle-closer,late,0,0,0,0,0,0,False,no_on_batch_decision,,,1e-08,,,,,,,,,,,,,,,,,,,,,,,,all_alfworld,,,,,,,,,,0.0,0.0,0.0,0,5,1,5,0,0,0,0,0,0,False,no_on_batch_decision,,,1e-08,,,,,,,,,,,,,,,,,,,,,,,,0,5,1
5,placebo,skillnet:alfworld-receptacle-finder,all,4371,291,260,5,4,19,True,,0.9180965454129489,0.4044840997483413,1e-08,0.3346226711667632,0.06590566488164235,0.1726709600764198,0.0002952237449058713,-0.0003296911497683189,475.3107806330968,267.9156229702614,1628.5238180830152,1518.0181817097482,0.15534791638046955,0.02494770383014171,-2.0539879361314566,0.3380443153759895,0.06567122857981166,0.052847400867352214,1.0229973514465123,,,0.06711708089573584,0.7105699137518906,2.9018454551696777,6.798250791543128,45.57755661010742,all_alfworld,0.33462267116676325,0.06590566488164235,6.4130707329171326e-18,2.1372507900430527e-17,1.365948925968013e-16,1.1636468040258311e-07,-1.6283779022813725e-16,1.2981715467442577e-17,0.4044840997483413,0.0,0.0,0.0,0,5,1,5,4371,291,260,5,4,19,True,,0.9180965454129489,0.4044840997483413,1e-08,0.3356402840419591,0.06596277731422154,0.1727686585790601,0.0002948146758230877,-0.0003288500028801736,475.3107807334803,267.91562297908996,1628.5238182494058,1518.018181875311,0.15534791638046955,0.02494770383014171,-2.0539879361314566,0.33877679768459446,0.06581024232570205,0.052910087003523475,1.0229973514465123,,0.06711708089573584,,0.7105699137518906,2.9018454551696777,6.798250791543128,45.57755661010742,0,5,1
5,placebo,skillnet:alfworld-receptacle-finder,initial,324,16,16,2,2,16,True,,1.0,0.6419753086419753,1e-08,0.010979452986444342,0.1459367831248314,0.36096639878783293,0.000413186653938658,0.001045736700882785,488.46424043107595,288.17061427786916,1167.4774145081699,1246.1382337296654,0.11818675409653498,0.02471194056857106,-5.382911761578771,0.022922153504847918,0.13045134458193827,0.13798428508517407,1.0360556244850159,,,0.057022395078092813,0.7413292434066534,2.9235552474856377,7.321061998605728,53.37484264373779,all_alfworld,0.010979452986444347,0.1459367831248314,5.391563396014335e-18,7.99260447521048e-17,1.4478114566283283e-16,1.6841403718688743e-07,5.722445836802504e-17,-3.013241512695389e-17,0.6419753086419753,0.0,0.0,0.0,0,5,1,5,324,16,16,2,2,16,True,,1.0,0.6419753086419753,1e-08,0.013157664938940964,0.1460681414001001,0.36047088793913773,0.000414258117575514,0.0010429311808277707,488.46424061389285,288.1706142998837,1167.4774146375964,1246.138234157755,0.11818675409653498,0.02471194056857106,-5.382911761578771,0.021852601906526974,0.13082797004486496,0.13815017245199973,1.0360556244850159,,0.057022395078092813,,0.7413292434066534,2.9235552474856377,7.321061998605728,53.37484264373779,0,5,1
5,placebo,skillnet:alfworld-receptacle-finder,early,331,25,21,4,3,14,True,,0.8821752265861027,0.3867069486404834,1e-08,0.07631387967635109,0.16299719994622408,0.2773878640952085,0.00012352749894894698,-0.00013923331272954978,513.4586503151296,275.30627037831067,1942.3370677739335,1749.565269995136,0.09622034170847435,0.012508585673529991,0.05631779012723272,0.09758410023218513,0.1699186385302355,0.14055676977468706,1.0023855590820312,,,0.06852148689329624,0.6808065485954284,2.7870430374145507,6.5834965133667,44.99175735473633,all_alfworld,0.07631387967635109,0.16299719994622408,5.2578892062650505e-18,5.465776827584157e-20,1.1667718654281466e-16,8.720954317610495e-08,-3.4245852209736704e-16,1.5611927614155293e-20,0.3867069486404834,0.0,0.0,0.0,0,5,1,5,331,25,21,4,3,14,True,,0.8821752265861027,0.3867069486404834,1e-08,0.0762967914080081,0.16338229632393753,0.2780687378519115,0.0001225439393106673,-0.00013683056026781877,513.4586503680152,275.3062703909495,1942.3370680725975,1749.5652700415567,0.09622034170847435,0.012508585673529991,0.05631779012723272,0.09681536344276838,0.17107832597275008,0.14087852762264105,1.0023855590820312,,0.06852148689329624,,0.6808065485954284,2.7870430374145507,6.5834965133667,44.99175735473633,0,5,1
5,placebo,skillnet:alfworld-receptacle-finder,middle,740,58,50,3,2,12,True,,0.8594594594594595,0.3054054054054054,1e-08,0.44111991795848177,0.054242588271151956,0.15081582593003004,0.00017848703421538157,-0.001046736113202969,545.4989877214421,279.0040516688298,1876.0979385491914,1683.8354799721526,0.13575240047939333,0.01888331817787827,0.1208716754675717,0.4392910714421516,0.053505317888659996,0.04833703369858281,0.9703460068538271,,,0.06516074589935356,0.7084552779279906,2.9274678929098723,6.742406055845064,45.272509081610316,all_alfworld,0.44111991795848177,0.054242588271151956,7.579012727094954e-18,4.994534065881674e-19,1.6049155852389561e-16,8.799983381210571e-08,-2.5805183815611744e-16,8.662332853419249e-19,0.3054054054054054,0.0,0.0,0.0,0,5,1,5,740,58,50,3,2,12,True,,0.8594594594594595,0.3054054054054054,1e-08,0.44155413021131296,0.05436931823152345,0.1511020255737506,0.0001772356876342704,-0.001041546897531725,545.4989878401583,279.00405167953465,1876.0979387555763,1683.835480060489,0.13575240047939333,0.01888331817787827,0.1208716754675717,0.4398101081126863,0.05361425736998973,0.04844472575065893,0.9703460068538271,,0.06516074589935356,,0.7084552779279906,2.9274678929098723,6.742406055845064,45.272509081610316,0,5,1
5,placebo,skillnet:alfworld-receptacle-finder,late,2976,192,173,5,4,11,True,,0.927755376344086,0.40524193548387094,1e-08,0.3721067605645717,0.049293869274986774,0.14595852119725702,0.00033050487420562983,-0.0003223211547176296,452.1831129299134,262.13122824154163,1582.2543288241393,1480.6331737154287,0.17084258222832624,0.027864834471694914,-2.467071265610616,0.3739211003793125,0.050048958295259544,0.03569467652162361,1.040498082836469,,,0.0683664155464309,0.7125208706905445,2.9072444258878627,6.799515751500924,45.09620849291483,all_alfworld,0.3721067605645717,0.049293869274986774,6.362847744606231e-18,2.2558973888079748e-17,1.3197690937248192e-16,1.2099382868914324e-07,-1.4314266617898944e-16,2.21303093515226e-17,0.40524193548387094,0.0,0.0,0.0,0,5,1,5,2976,192,173,5,4,11,True,,0.927755376344086,0.40524193548387094,1e-08,0.373258166597703,0.04928910828369596,0.14600906848226908,0.0003302079520050601,-0.00032233785132906986,452.1831130220466,262.13122824804435,1582.2543289698979,1480.6331738848633,0.17084258222832624,0.027864834471694914,-2.467071265610616,0.37506981665279016,0.05005605865602646,0.03570143372233903,1.040498082836469,,0.0683664155464309,,0.7125208706905445,2.9072444258878627,6.799515751500924,45.09620849291483,0,5,1
5,placebo,skillnet:alfworld-receptacle-navigator,all,0,0,0,0,0,0,False,no_on_batch_decision,,,1e-08,,,,,,,,,,,,,,,,,,,,,,,,all_alfworld,,,,,,,,,,0.0,0.0,0.0,0,5,1,5,0,0,0,0,0,0,False,no_on_batch_decision,,,1e-08,,,,,,,,,,,,,,,,,,,,,,,,0,5,1
5,placebo,skillnet:alfworld-receptacle-navigator,initial,0,0,0,0,0,0,False,no_on_batch_decision,,,1e-08,,,,,,,,,,,,,,,,,,,,,,,,all_alfworld,,,,,,,,,,0.0,0.0,0.0,0,5,1,5,0,0,0,0,0,0,False,no_on_batch_decision,,,1e-08,,,,,,,,,,,,,,,,,,,,,,,,0,5,1
5,placebo,skillnet:alfworld-receptacle-navigator,early,0,0,0,0,0,0,False,no_on_batch_decision,,,1e-08,,,,,,,,,,,,,,,,,,,,,,,,all_alfworld,,,,,,,,,,0.0,0.0,0.0,0,5,1,5,0,0,0,0,0,0,False,no_on_batch_decision,,,1e-08,,,,,,,,,,,,,,,,,,,,,,,,0,5,1
5,placebo,skillnet:alfworld-receptacle-navigator,middle,0,0,0,0,0,0,False,no_on_batch_decision,,,1e-08,,,,,,,,,,,,,,,,,,,,,,,,all_alfworld,,,,,,,,,,0.0,0.0,0.0,0,5,1,5,0,0,0,0,0,0,False,no_on_batch_decision,,,1e-08,,,,,,,,,,,,,,,,,,,,,,,,0,5,1
5,placebo,skillnet:alfworld-receptacle-navigator,late,0,0,0,0,0,0,False,no_on_batch_decision,,,1e-08,,,,,,,,,,,,,,,,,,,,,,,,all_alfworld,,,,,,,,,,0.0,0.0,0.0,0,5,1,5,0,0,0,0,0,0,False,no_on_batch_decision,,,1e-08,,,,,,,,,,,,,,,,,,,,,,,,0,5,1
5,placebo,skillnet:alfworld-receptacle-opener,all,149,13,1,2,1,1,True,,0.0738255033557047,0.04697986577181208,1e-08,-0.038595113521761745,0.018618294950780934,0.05825516530148165,-2.1617824882263006e-05,0.00012190786068407842,499.007102560659,281.63055760363073,1757.4769078563288,1737.1769409483634,0.0700155004868674,0.014057662008398393,-0.047466512094408074,-0.03702378288561905,0.01802744108695196,0.019399482151513,1.496236801147461,,,0.030760227017498646,0.5642546644577613,2.6703023543724647,6.112462483919584,45.543138650747444,all_alfworld,-0.038595113521761745,0.018618294950780934,5.12267335187782e-19,1.8191311618884302e-22,1.9000461159692277e-17,1.1087308942312677e-07,-3.2934132676799945e-16,2.7745136662917066e-21,0.04697986577181208,0.0,0.0,0.0,0,5,1,5,149,13,1,2,1,1,True,,0.0738255033557047,0.04697986577181208,1e-08,-0.03863089154017158,0.018666250169437928,0.058303590357781106,-2.1103690324260775e-05,0.00012122330913118311,499.0071026074816,281.6305575982731,1757.476907980198,1737.1769412565122,0.0700155004868674,0.014057662008398393,-0.047466512094408074,-0.0369260012568015,0.018010266732792997,0.01944944947724651,1.496236801147461,,0.030760227017498646,,0.5642546644577613,2.6703023543724647,6.112462483919584,45.543138650747444,0,5,1
5,placebo,skillnet:alfworld-receptacle-opener,initial,0,0,0,0,0,0,False,no_on_batch_decision,,,1e-08,,,,,,,,,,,,,,,,,,,,,,,,all_alfworld,,,,,,,,,,0.0,0.0,0.0,0,5,1,5,0,0,0,0,0,0,False,no_on_batch_decision,,,1e-08,,,,,,,,,,,,,,,,,,,,,,,,0,5,1
5,placebo,skillnet:alfworld-receptacle-opener,early,0,0,0,0,0,0,False,no_on_batch_decision,,,1e-08,,,,,,,,,,,,,,,,,,,,,,,,all_alfworld,,,,,,,,,,0.0,0.0,0.0,0,5,1,5,0,0,0,0,0,0,False,no_on_batch_decision,,,1e-08,,,,,,,,,,,,,,,,,,,,,,,,0,5,1
5,placebo,skillnet:alfworld-receptacle-opener,middle,22,2,0,1,0,0,True,,0.0,0.0,1e-08,0.0,0.0,0.0,0.0,0.0,569.7446613603314,298.2361405068572,2002.6794043445552,1744.513462539251,0.04540854477263984,0.006639612498983868,0.0,0.0,0.0,0.0,1.3774442672729492,,,0.020691828802227974,0.5966669321060181,2.8032593727111816,6.1570212841033936,48.31453323364258,all_alfworld,0.0,0.0,0.0,0.0,0.0,8.250055475142207e-08,-7.014590928313489e-16,0.0,0.0,0.0,0.0,0.0,0,5,1,5,22,2,0,1,0,0,True,,0.0,0.0,1e-08,0.0,0.0,0.0,0.0,0.0,569.7446615467917,298.2361404558961,2002.6794048072295,1744.5134630897528,0.04540854477263984,0.006639612498983868,0.0,0.0,0.0,0.0,1.3774442672729492,,0.020691828802227974,,0.5966669321060181,2.8032593727111816,6.1570212841033936,48.31453323364258,0,5,1
5,placebo,skillnet:alfworld-receptacle-opener,late,127,11,1,2,1,1,True,,0.08661417322834646,0.05511811023622047,1e-08,-0.04528088121844488,0.02184351139894771,0.06834661125921865,-2.536264494060778e-05,0.00014302575781045422,486.75335221740863,278.7539999353552,1715.0008848426203,1735.9060474444302,0.07427812273657611,0.015342678458848149,-0.055689057496589,-0.043437351574466446,0.021150304897290098,0.022926660724515366,1.5178354436700994,,,0.032590844874820585,0.558361524885351,2.6461283510381524,6.104360883886164,45.039248726584695,all_alfworld,-0.04528088121844488,0.02184351139894771,6.010065586061379e-19,2.1342562450502055e-22,2.2291879628300388e-17,1.1578801668909137e-07,-2.64879981465687e-16,3.2551380809249157e-21,0.05511811023622047,0.0,0.0,0.0,0,5,1,5,127,11,1,2,1,1,True,,0.08661417322834646,0.05511811023622047,1e-08,-0.04532285700382335,0.021899773820836625,0.06840342490794789,-2.475944770326657e-05,0.0001422226225239865,486.75335224004203,278.75399993789756,1715.0008849077988,1735.9060477105963,0.07427812273657611,0.015342678458848149,-0.055689057496589,-0.04332263139577498,0.021130155458158714,0.022985713018564058,1.5178354436700994,,0.032590844874820585,,0.558361524885351,2.6461283510381524,6.104360883886164,45.039248726584695,0,5,1
5,placebo,skillnet:alfworld-receptacle-operator,all,285,25,3,2,1,1,True,,0.12280701754385964,0.06666666666666667,1e-08,-0.07227714993723791,0.04704826046124616,0.09654083751326678,-6.15374572573203e-05,4.4115314441305906e-05,591.8865298109179,296.283759971403,1726.621212117739,1718.4844201875096,0.039501982179101044,0.008812615745986662,-0.027795806788561635,-0.08086698354995062,0.04978675166098761,0.046625443317858506,1.0522669601440429,,,0.032109250705689193,0.6573175692558288,2.893816614151001,6.672295989990235,48.25846893310547,all_alfworld,-0.07227714993723793,0.04704826046124616,3.895519384649672e-19,7.132909029509897e-23,2.647431494302148e-17,8.97672909732512e-08,-2.532087600022287e-16,6.011335852785087e-20,0.06666666666666667,0.0,0.0,0.0,0,5,1,5,285,25,3,2,1,1,True,,0.12280701754385964,0.06666666666666667,1e-08,-0.07242454416332023,0.04718486294826565,0.09667565535682732,-6.137135035760918e-05,4.355720325768082e-05,591.8865299058034,296.28375997870756,1726.621212284631,1718.4844204535202,0.039501982179101044,0.008812615745986662,-0.027795806788561635,-0.08095694249337128,0.04991503738855439,0.0467621521884279,1.0522669601440429,,0.032109250705689193,,0.6573175692558288,2.893816614151001,6.672295989990235,48.25846893310547,0,5,1
5,placebo,skillnet:alfworld-receptacle-operator,initial,0,0,0,0,0,0,False,no_on_batch_decision,,,1e-08,,,,,,,,,,,,,,,,,,,,,,,,all_alfworld,,,,,,,,,,0.0,0.0,0.0,0,5,1,5,0,0,0,0,0,0,False,no_on_batch_decision,,,1e-08,,,,,,,,,,,,,,,,,,,,,,,,0,5,1
5,placebo,skillnet:alfworld-receptacle-operator,early,0,0,0,0,0,0,False,no_on_batch_decision,,,1e-08,,,,,,,,,,,,,,,,,,,,,,,,all_alfworld,,,,,,,,,,0.0,0.0,0.0,0,5,1,5,0,0,0,0,0,0,False,no_on_batch_decision,,,1e-08,,,,,,,,,,,,,,,,,,,,,,,,0,5,1
5,placebo,skillnet:alfworld-receptacle-operator,middle,69,6,0,1,0,0,True,,0.0,0.0,1e-08,0.0,0.0,0.0,0.0,0.0,576.9380096831551,292.5875076523305,1579.6412850737574,1690.4190842722126,0.04802434456545164,0.010198024105269167,0.0,0.0,0.0,0.0,1.0053749084472656,,,0.07242794086535771,0.6481095552444458,2.8712453842163086,6.694422245025635,47.566664377848305,all_alfworld,0.0,0.0,0.0,0.0,0.0,9.957013865748375e-08,-3.008865298621801e-16,0.0,0.0,0.0,0.0,0.0,0,5,1,5,69,6,0,1,0,0,True,,0.0,0.0,1e-08,0.0,0.0,0.0,0.0,0.0,576.9380097138283,292.58750760874545,1579.6412851122427,1690.4190844855661,0.04802434456545164,0.010198024105269167,0.0,0.0,0.0,0.0,1.0053749084472656,,0.07242794086535771,,0.6481095552444458,2.8712453842163086,6.694422245025635,47.566664377848305,0,5,1
5,placebo,skillnet:alfworld-receptacle-operator,late,216,19,3,2,1,1,True,,0.16203703703703703,0.08796296296296297,1e-08,-0.09536568394496668,0.06207756588636647,0.12738027171889368,-8.119525610340869e-05,5.820770655450085e-05,596.6617515183976,297.4645072399957,1773.5731332567887,1727.4497358271183,0.03677956086123905,0.008370054742326972,-0.036675022846018826,-0.10669949218396262,0.06569085288602532,0.061349267523498036,1.067074976469341,,,0.01937703276053071,0.6602253631541604,2.900944370972483,6.665308751558003,48.47693352950247,all_alfworld,-0.0953656839449667,0.06207756588636647,5.13992141030165e-19,9.411477191714448e-23,3.493138777204223e-17,8.663582574078801e-08,-2.3797836129696643e-16,7.93162369464699e-20,0.08796296296296297,0.0,0.0,0.0,0,5,1,5,216,19,3,2,1,1,True,,0.16203703703703703,0.08796296296296297,1e-08,-0.0955601624377142,0.06225780527896162,0.1275581563735916,-8.0976087277401e-05,5.7471309853884405e-05,596.6617516337955,297.4645072635566,1773.5731334646994,1727.4497361099498,0.03677956086123905,0.008370054742326972,-0.036675022846018826,-0.10681818801208712,0.06586011877656482,0.0615291476163525,1.067074976469341,,0.01937703276053071,,0.6602253631541604,2.900944370972483,6.665308751558003,48.47693352950247,0,5,1
5,placebo,skillnet:alfworld-receptacle-searcher,all,0,0,0,0,0,0,False,no_on_batch_decision,,,1e-08,,,,,,,,,,,,,,,,,,,,,,,,all_alfworld,,,,,,,,,,0.0,0.0,0.0,0,5,1,5,0,0,0,0,0,0,False,no_on_batch_decision,,,1e-08,,,,,,,,,,,,,,,,,,,,,,,,0,5,1
5,placebo,skillnet:alfworld-receptacle-searcher,initial,0,0,0,0,0,0,False,no_on_batch_decision,,,1e-08,,,,,,,,,,,,,,,,,,,,,,,,all_alfworld,,,,,,,,,,0.0,0.0,0.0,0,5,1,5,0,0,0,0,0,0,False,no_on_batch_decision,,,1e-08,,,,,,,,,,,,,,,,,,,,,,,,0,5,1
5,placebo,skillnet:alfworld-receptacle-searcher,early,0,0,0,0,0,0,False,no_on_batch_decision,,,1e-08,,,,,,,,,,,,,,,,,,,,,,,,all_alfworld,,,,,,,,,,0.0,0.0,0.0,0,5,1,5,0,0,0,0,0,0,False,no_on_batch_decision,,,1e-08,,,,,,,,,,,,,,,,,,,,,,,,0,5,1
5,placebo,skillnet:alfworld-receptacle-searcher,middle,0,0,0,0,0,0,False,no_on_batch_decision,,,1e-08,,,,,,,,,,,,,,,,,,,,,,,,all_alfworld,,,,,,,,,,0.0,0.0,0.0,0,5,1,5,0,0,0,0,0,0,False,no_on_batch_decision,,,1e-08,,,,,,,,,,,,,,,,,,,,,,,,0,5,1
5,placebo,skillnet:alfworld-receptacle-searcher,late,0,0,0,0,0,0,False,no_on_batch_decision,,,1e-08,,,,,,,,,,,,,,,,,,,,,,,,all_alfworld,,,,,,,,,,0.0,0.0,0.0,0,5,1,5,0,0,0,0,0,0,False,no_on_batch_decision,,,1e-08,,,,,,,,,,,,,,,,,,,,,,,,0,5,1
5,placebo,skillnet:alfworld-storage-explorer,all,9875,786,584,9,8,42,True,,0.7399493670886076,0.253873417721519,1e-08,-0.0666858614464701,0.1709950388608466,0.3533885083155374,-4.088151751365206e-05,-0.0012280299741871388,589.4991064954401,285.68289144358954,1674.7081523302381,1799.1909592231452,0.08419749459136958,0.020465196733085785,0.02765817254781723,-0.06878530950582973,0.1698584352369744,0.17633550684511065,0.969030274386321,,,0.06555683888678182,0.6307889509367882,2.7561340231931846,6.704238343784827,45.94196540405429,all_alfworld,-0.0666858614464701,0.1709950388608466,5.574188043282525e-18,1.6960666848378028e-18,1.2464157255535955e-16,8.09475046333871e-08,-2.073165830287381e-16,-1.158841366545562e-18,0.253873417721519,0.0,0.0,0.0,0,5,1,5,9875,786,584,9,8,42,True,,0.7399493670886076,0.253873417721519,1e-08,-0.06668266337915234,0.1710428832906386,0.35367682118794874,-4.18843906644092e-05,-0.001224470648289088,589.4991065501141,285.6828914438974,1674.7081524130688,1799.1909593633654,0.08419749459136958,0.020465196733085785,0.02765817254781723,-0.06872319018861438,0.1699102823373034,0.17638564039456214,0.969030274386321,,0.06555683888678182,,0.6307889509367882,2.7561340231931846,6.704238343784827,45.94196540405429,0,5,1
5,placebo,skillnet:alfworld-storage-explorer,initial,172,16,16,2,2,16,True,,1.0,0.38953488372093026,1e-08,-0.0636666646840685,0.14765855970048503,0.38321662268813445,0.00022799553311453008,-6.111327703294403e-05,593.9336976966408,316.00797576713035,1502.7850916956806,1793.4441792050093,0.07778022253589435,0.017441402418547747,0.4444685488246208,-0.0753214385797789,0.1481486667767409,0.13232711907338407,1.0685445070266724,,,0.048796501592732966,0.6404672563076019,2.4492636024951935,7.01558244228363,51.64298367500305,all_alfworld,-0.0636666646840685,0.14765855970048503,5.637851296924623e-18,5.480303168735323e-19,1.4642276409436795e-16,4.443464703743156e-08,-9.165794738184432e-17,-6.130535494034576e-18,0.38953488372093026,0.0,0.0,0.0,0,5,1,5,172,16,16,2,2,16,True,,1.0,0.38953488372093026,1e-08,-0.06446846281796881,0.14765848449841645,0.3844966429991634,0.00022727353320716598,-5.4332204181415395e-05,593.933697677135,316.00797570763984,1502.785091206031,1793.4441792380621,0.07778022253589435,0.017441402418547747,0.4444685488246208,-0.07469325107806533,0.14815917526678557,0.13232705155524266,1.0685445070266724,,0.048796501592732966,,0.6404672563076019,2.4492636024951935,7.01558244228363,51.64298367500305,0,5,1
5,placebo,skillnet:alfworld-storage-explorer,early,1258,104,80,7,6,35,True,,0.7591414944356121,0.31319554848966613,1e-08,0.05976741256320962,0.17640991524542016,0.2968866612962747,9.27771323086522e-06,-0.000628572319328973,568.1277478170707,285.3529654855455,1719.786883536385,1730.5671011330317,0.09280072659284955,0.020545464634789696,-0.11347882298009385,0.058018702293838695,0.1738141917511051,0.18418666573721781,0.9679223665824304,,,0.0849736752257181,0.6111849875977406,2.7059094607830048,6.7586546173462505,45.985938182243935,all_alfworld,0.05976741256320962,0.17640991524542016,5.4738851098694825e-18,1.1553808253785235e-17,1.3030399349116477e-16,1.0317050377548554e-07,-2.257512318752902e-16,-9.225156201983303e-18,0.31319554848966613,0.0,0.0,0.0,0,5,1,5,1258,104,80,7,6,35,True,,0.7591414944356121,0.31319554848966613,1e-08,0.05991887316925212,0.1764396963460026,0.29703399307236283,8.735332601942063e-06,-0.0006265800304557545,568.1277478995842,285.35296551415166,1719.786883746367,1730.5671014007671,0.09280072659284955,0.020545464634789696,-0.11347882298009385,0.05816022203695358,0.17387207655822315,0.1842156596010119,0.9679223665824304,,0.0849736752257181,,0.6111849875977406,2.7059094607830048,6.7586546173462505,45.985938182243935,0,5,1
5,placebo,skillnet:alfworld-storage-explorer,middle,2255,178,133,6,5,25,True,,0.7348115299334812,0.2709534368070953,1e-08,-0.029561902878471658,0.1701616100684693,0.3335521650130045,-1.9073593654091216e-05,-0.00104315570395363,585.9433648697194,287.2032191573479,1709.940684815156,1815.8426196541557,0.07848485186933292,0.01958315830740121,0.03115200692758856,-0.030327389974266573,0.16708779973053933,0.1791581420750217,0.9651246499479487,,,0.061354510326872405,0.6372189910224314,2.7878887479224903,6.728412692466478,46.20581620462825,all_alfworld,-0.029561902878471658,0.1701616100684693,6.5342533059631924e-18,2.2685871198544653e-19,1.240458783901765e-16,8.279170298406984e-08,-2.102284840421028e-16,-2.158495313418744e-19,0.2709534368070953,0.0,0.0,0.0,0,5,1,5,2255,178,133,6,5,25,True,,0.7348115299334812,0.2709534368070953,1e-08,-0.029547159453289045,0.1702399927726013,0.33385748876850696,-2.0148710032970144e-05,-0.0010393969745269374,585.9433649198019,287.2032191575895,1709.9406849441186,1815.84261973932,0.07848485186933292,0.01958315830740121,0.03115200692758856,-0.030354245536818175,0.16717518153156088,0.1792414573266161,0.9651246499479487,,0.061354510326872405,,0.6372189910224314,2.7878887479224903,6.728412692466478,46.20581620462825,0,5,1
5,placebo,skillnet:alfworld-storage-explorer,late,6190,488,355,7,6,25,True,,0.7306946688206785,0.23182552504038773,1e-08,-0.10599313884843241,0.17084662882055568,0.37126893513708153,-6.649121594466333e-05,-0.001449632378241849,595.0145534900736,284.3534557985241,1657.488824675686,1807.2309859385819,0.08470846620265755,0.02085422940702371,0.04348698662344204,-0.10838431454410737,0.17066708169051154,0.17507563923987357,0.9674282166801516,,,0.06350116040546888,0.6323041398017133,2.765316277742386,6.673615737039535,45.6494348635439,all_alfworld,-0.10599313884843241,0.17084662882055568,5.2430545769274784e-18,2.5979646518288302e-19,1.2310257414833778e-16,7.677383925454299e-08,-2.0572307096042884e-16,2.751019072063723e-19,0.23182552504038773,0.0,0.0,0.0,0,5,1,5,6190,488,355,7,6,25,True,,0.7306946688206785,0.23182552504038773,1e-08,-0.10600191003944927,0.17088835080062054,0.37155214639371925,-6.756916200509997e-05,-0.0014459167458584748,595.0145535428236,284.3534557947667,1657.4888247317765,1807.2309860759221,0.08470846620265755,0.02085422940702371,0.04348698662344204,-0.10832164774864335,0.17070590521341988,0.17511982074303087,0.9674282166801516,,0.06350116040546888,,0.6323041398017133,2.765316277742386,6.673615737039535,45.6494348635439,0,5,1
5,placebo,skillnet:alfworld-temperature-regulator,all,53,4,3,2,1,3,True,,0.7735849056603774,0.49056603773584906,1e-08,0.33159260808468616,0.14969502668104281,0.25224042089304344,0.00022937684274103754,0.0008029044601891616,686.1945754484929,345.83925778597734,1373.342267821902,1399.6737483773982,0.11986613347959106,0.022733926478418858,-0.25973904245304613,0.3524794656382836,0.13841597014145465,0.1554870904631832,1.1169652938842773,,,0.08903264999389648,0.8169478178024292,3.386264443397522,8.084832549095154,54.97857666015625,all_alfworld,0.33159260808468616,0.14969502668104281,7.331661483373675e-18,1.150686267968106e-21,2.0283274699503582e-16,1.4270708305420272e-07,-7.331661483373675e-17,3.7749415454966e-18,0.49056603773584906,0.0,0.0,0.0,0,5,1,5,53,4,3,2,1,3,True,,0.7735849056603774,0.49056603773584906,1e-08,0.33296458376921606,0.14996664584914252,0.2525143044853641,0.00022934087408502858,0.0007989754262142934,686.1945754720311,345.8392578290242,1373.3422681224804,1399.6737488672452,0.11986613347959106,0.022733926478418858,-0.25973904245304613,0.35283801046930363,0.13889545541582035,0.1557994245974007,1.1169652938842773,,0.08903264999389648,,0.8169478178024292,3.386264443397522,8.084832549095154,54.97857666015625,0,5,1
5,placebo,skillnet:alfworld-temperature-regulator,initial,0,0,0,0,0,0,False,no_on_batch_decision,,,1e-08,,,,,,,,,,,,,,,,,,,,,,,,all_alfworld,,,,,,,,,,0.0,0.0,0.0,0,5,1,5,0,0,0,0,0,0,False,no_on_batch_decision,,,1e-08,,,,,,,,,,,,,,,,,,,,,,,,0,5,1
5,placebo,skillnet:alfworld-temperature-regulator,early,0,0,0,0,0,0,False,no_on_batch_decision,,,1e-08,,,,,,,,,,,,,,,,,,,,,,,,all_alfworld,,,,,,,,,,0.0,0.0,0.0,0,5,1,5,0,0,0,0,0,0,False,no_on_batch_decision,,,1e-08,,,,,,,,,,,,,,,,,,,,,,,,0,5,1
5,placebo,skillnet:alfworld-temperature-regulator,middle,29,2,2,1,1,2,True,,1.0,0.5862068965517241,1e-08,0.8353889511869951,0.05609539742316885,0.159992918524768,0.000315327263260615,0.0008192754762314143,871.557652037427,368.5048525221118,1181.3943460832656,1341.065046844528,0.1406406373280819,0.02516145704765434,-0.09319408803150572,0.853080877608815,0.05955469491081039,0.04817960222539254,1.3437519073486328,,,0.10987904667854309,0.7866685390472412,3.380232095718384,8.52327585220337,58.90944480895996,all_alfworld,0.8353889511869951,0.05609539742316885,1.3399243400648442e-17,2.1029783518037802e-21,3.106949563525357e-16,1.2292951155097167e-07,-2.220446049250313e-16,7.882004164544257e-18,0.5862068965517241,0.0,0.0,0.0,0,5,1,5,29,2,2,1,1,2,True,,1.0,0.5862068965517241,1e-08,0.8384453025300235,0.05602551533427627,0.1599231325738884,0.000314617707765985,0.0008158126343867857,871.5576520426378,368.50485256427066,1181.3943463392068,1341.065047532099,0.1406406373280819,0.02516145704765434,-0.09319408803150572,0.8543339451309031,0.05983771925193638,0.04812000397352885,1.3437519073486328,,0.10987904667854309,,0.7866685390472412,3.380232095718384,8.52327585220337,58.90944480895996,0,5,1
5,placebo,skillnet:alfworld-temperature-regulator,late,24,2,1,2,1,1,True,,0.5,0.375,1e-08,-0.2771613064972705,0.26279457870097384,0.36370615292137626,0.00012552008461321471,0.000783122815804773,462.2141912368638,318.4516641464817,1605.2793399227546,1470.4925960629491,0.09476360799599798,0.019800660373925968,-0.4609808623790741,-0.25241390715944173,0.23370667771181644,0.26279457870097384,0.8901786804199219,,,0.06818625330924988,0.8472270965576172,3.39229679107666,7.6463892459869385,51.04770851135254,all_alfworld,-0.2771613064972705,0.26279457870097384,0.0,0.0,7.249924402139007e-17,1.6660498195394022e-07,1.0639637319324417e-16,-1.1877591191859848e-18,0.375,0.0,0.0,0.0,0,5,1,5,24,2,1,2,1,1,True,,0.5,0.375,1e-08,-0.2778246180667597,0.2634788452212726,0.3643953038783972,0.00012629803338720633,0.0007786304663391984,462.2141912825482,318.45166419060143,1605.2793402772688,1470.4925963138805,0.09476360799599798,0.019800660373925968,-0.4609808623790741,-0.2531362439134625,0.23442355328051354,0.2634788452212726,0.8901786804199219,,0.06818625330924988,,0.8472270965576172,3.39229679107666,7.6463892459869385,51.04770851135254,0,5,1
5,placebo,skillnet:alfworld-tool-locator,all,0,0,0,0,0,0,False,no_on_batch_decision,,,1e-08,,,,,,,,,,,,,,,,,,,,,,,,all_alfworld,,,,,,,,,,0.0,0.0,0.0,0,5,1,5,0,0,0,0,0,0,False,no_on_batch_decision,,,1e-08,,,,,,,,,,,,,,,,,,,,,,,,0,5,1
5,placebo,skillnet:alfworld-tool-locator,initial,0,0,0,0,0,0,False,no_on_batch_decision,,,1e-08,,,,,,,,,,,,,,,,,,,,,,,,all_alfworld,,,,,,,,,,0.0,0.0,0.0,0,5,1,5,0,0,0,0,0,0,False,no_on_batch_decision,,,1e-08,,,,,,,,,,,,,,,,,,,,,,,,0,5,1
5,placebo,skillnet:alfworld-tool-locator,early,0,0,0,0,0,0,False,no_on_batch_decision,,,1e-08,,,,,,,,,,,,,,,,,,,,,,,,all_alfworld,,,,,,,,,,0.0,0.0,0.0,0,5,1,5,0,0,0,0,0,0,False,no_on_batch_decision,,,1e-08,,,,,,,,,,,,,,,,,,,,,,,,0,5,1
5,placebo,skillnet:alfworld-tool-locator,middle,0,0,0,0,0,0,False,no_on_batch_decision,,,1e-08,,,,,,,,,,,,,,,,,,,,,,,,all_alfworld,,,,,,,,,,0.0,0.0,0.0,0,5,1,5,0,0,0,0,0,0,False,no_on_batch_decision,,,1e-08,,,,,,,,,,,,,,,,,,,,,,,,0,5,1
5,placebo,skillnet:alfworld-tool-locator,late,0,0,0,0,0,0,False,no_on_batch_decision,,,1e-08,,,,,,,,,,,,,,,,,,,,,,,,all_alfworld,,,,,,,,,,0.0,0.0,0.0,0,5,1,5,0,0,0,0,0,0,False,no_on_batch_decision,,,1e-08,,,,,,,,,,,,,,,,,,,,,,,,0,5,1
5,null,skillnet:alfworld-appliance-navigator,all,9060,675,561,8,7,44,True,,0.8519867549668875,0.49944812362030905,1e-08,-0.02498126068072332,0.12700703284803144,0.28484906591373843,-6.283073194893273e-05,0.0006836045151610269,463.20559940505836,265.45093408967335,1562.2992138997845,1606.4807084077927,0.097157742542708,0.01862500870998007,-0.034842937329483875,-0.01866253455621737,0.12232106730693512,0.1269131817371074,1.2109905179341633,,,0.08261196584337288,0.6278645987422378,2.8282172298431396,6.3551471166257505,43.41620522675691,all_alfworld,-0.02498126068072332,0.12700703284803144,5.87198391838907e-18,1.3960174729314894e-18,1.165782492261176e-16,1.0271156341135412e-07,-1.9216906702176273e-16,-4.378592597645844e-19,0.49944812362030905,0.0,0.0,0.0,0,5,1,5,9060,675,561,8,7,44,True,,0.8519867549668875,0.49944812362030905,1e-08,-0.024886347326668178,0.1272116660168508,0.28513407051862466,-6.215087175749392e-05,0.0006810037642109728,463.205599505053,265.4509340860809,1562.2992140845397,1606.480708629744,0.097157742542708,0.01862500870998007,-0.034842937329483875,-0.018681292850955145,0.12251738386052827,0.12712739553003202,1.2109905179341633,,0.08261196584337288,,0.6278645987422378,2.8282172298431396,6.3551471166257505,43.41620522675691,0,5,1
5,null,skillnet:alfworld-appliance-navigator,initial,523,48,40,6,5,40,True,,0.8260038240917782,0.45315487571701724,1e-08,0.11802415939474918,0.06391860625501836,0.2078011153452949,-8.825873345479493e-05,0.000342801674487194,518.843130741459,296.7785552463714,1482.6683286107052,1626.6928840303838,0.0945995173417442,0.014691135148062329,0.34995917266459126,0.1119576422848832,0.06104652458336154,0.06056446536251686,1.178486665089925,,,0.057705983985215425,0.629634348054727,2.576215237379074,6.5654928882916765,48.563503662745156,all_alfworld,0.11802415939474917,0.06391860625501836,5.650911476057814e-18,3.5890943540565127e-19,1.0653125927614357e-16,8.536552563811715e-08,-1.95509637797279e-16,-1.4472805058520973e-19,0.45315487571701724,0.0,0.0,0.0,0,5,1,5,523,48,40,6,5,40,True,,0.8260038240917782,0.45315487571701724,1e-08,0.11843352327328383,0.06417933940612361,0.20818033678926232,-8.758542079578817e-05,0.00034193422802993197,518.843130924435,296.77855523599544,1482.6683285475963,1626.6928848017294,0.0945995173417442,0.014691135148062329,0.34995917266459126,0.1115394290218984,0.0610427900388341,0.06077592093818016,1.178486665089925,,0.057705983985215425,,0.629634348054727,2.576215237379074,6.5654928882916765,48.563503662745156,0,5,1
5,null,skillnet:alfworld-appliance-navigator,early,980,79,75,5,4,31,True,,0.9510204081632653,0.49387755102040815,1e-08,-0.04209432544591269,0.1169887410132994,0.31702964105294795,-4.437487309634988e-05,0.00026819926375086213,455.5916100163955,261.3932822013639,1640.366605080396,1681.2551830606792,0.10201955138403872,0.01678836367532973,0.21811450137471666,-0.04558804217874959,0.11814065562514692,0.1196485251586012,1.1786445907399625,,,0.08650067126189795,0.6254737418663653,2.8522689644294448,6.259562238862243,42.08800748028332,all_alfworld,-0.04209432544591269,0.1169887410132994,4.981134552447689e-18,1.3579056931586768e-18,1.270386237391204e-16,8.692980235760529e-08,-2.3847137416693415e-16,6.957598759735747e-19,0.49387755102040815,0.0,0.0,0.0,0,5,1,5,980,79,75,5,4,31,True,,0.9510204081632653,0.49387755102040815,1e-08,-0.04219600345989612,0.11716230316341489,0.31736369671496156,-4.4006032198095934e-05,0.00026719946642637444,455.59161015578746,261.3932822080883,1640.3666051957396,1681.2551831919639,0.10201955138403872,0.01678836367532973,0.21811450137471666,-0.04562229440949634,0.11829720271978851,0.11982202961673029,1.1786445907399625,,0.08650067126189795,,0.6254737418663653,2.8522689644294448,6.259562238862243,42.08800748028332,0,5,1
5,null,skillnet:alfworld-appliance-navigator,middle,1673,131,116,6,5,28,True,,0.8942020322773461,0.5128511655708309,1e-08,-0.028713275356090025,0.1274099791542049,0.3011234447362456,-0.00016234857406931822,0.0005872635859598998,476.7067596825847,272.70431518473333,1627.3546794268264,1668.8391612956061,0.09858812347539316,0.018412159190775216,0.1550281922473782,-0.016713646169837372,0.11994463211938856,0.12648233529134428,1.1847565192302674,,,0.08316063323548732,0.6337086380893038,2.894337541274442,6.4470906840025926,43.891092955611136,all_alfworld,-0.028713275356090032,0.1274099791542049,7.710148539576684e-18,8.895084393270167e-19,1.2231811107692757e-16,1.0087662620184954e-07,-1.915184488385058e-16,-1.720406324638163e-18,0.5128511655708309,0.0,0.0,0.0,0,5,1,5,1673,131,116,6,5,28,True,,0.8942020322773461,0.5128511655708309,1e-08,-0.028642332670754854,0.12758408256231274,0.3013813346448163,-0.00016178376692568987,0.000585027683433392,476.70675979832026,272.70431518196074,1627.3546796564788,1668.8391615092348,0.09858812347539316,0.018412159190775216,0.1550281922473782,-0.016711904025083733,0.12013774228765482,0.12665899169289632,1.1847565192302674,,0.08316063323548732,,0.6337086380893038,2.894337541274442,6.4470906840025926,43.891092955611136,0,5,1
5,null,skillnet:alfworld-appliance-navigator,late,5884,417,330,7,6,33,True,,0.8257987763426241,0.5006798096532971,1e-08,-0.03378094978298334,0.13416866506012445,0.2817103981266575,-3.5348499967382817e-05,0.0008104766100977811,455.6895966123409,261.2798338880342,1537.8775816466318,1574.4998034635782,0.09616867928900603,0.019341090499998763,-0.16516316051763957,-0.026342317915875383,0.1291394162806514,0.13606207176127355,1.229101230200532,,,0.08456976913536589,0.6262779334466234,2.8318964811823637,6.320159109376317,42.92615008182663,all_alfworld,-0.03378094978298335,0.13416866506012445,5.5173618678647534e-18,1.6385644921401319e-18,1.14097049335684e-16,1.0740360174234968e-07,-1.8434532546886096e-16,-2.880552379921016e-19,0.5006798096532971,0.0,0.0,0.0,0,5,1,5,5884,417,330,7,6,33,True,,0.8257987763426241,0.5006798096532971,1e-08,-0.033674427855654325,0.13438216729713967,0.28198656817071976,-3.458354341024548e-05,0.0008073514124761807,455.6895966939224,261.27983388309326,1537.8775818522136,1574.4998036541638,0.09616867928900603,0.019341090499998763,-0.16516316051763957,-0.02632881894167828,0.12936104980853783,0.13629611397181743,1.229101230200532,,0.08456976913536589,,0.6262779334466234,2.8318964811823637,6.320159109376317,42.92615008182663,0,5,1
5,null,skillnet:alfworld-appliance-preparer,all,201,17,17,1,1,8,True,,1.0,0.2935323383084577,1e-08,0.3360509390155724,0.0651673254274212,0.15597409192221956,0.00016439154300735138,-0.0018718262409909015,571.3119108765245,320.82018870652274,1753.607891667758,1751.673242918331,0.03287987824180655,0.007651534437379984,0.07078943401575089,0.34559189513348726,0.05982882857971178,0.06808304407506985,0.9102183510275448,,,0.02081150287652717,0.7590354821261238,3.3617565211127785,7.540265504051657,52.82234236773323,all_alfworld,0.3360509390155725,0.0651673254274212,7.681113898603772e-18,6.403974687815512e-20,1.432916113017061e-16,7.259590954469916e-08,-6.241552327494661e-17,1.5046333498785184e-19,0.2935323383084577,0.0,0.0,0.0,0,5,1,5,201,17,17,1,1,8,True,,1.0,0.2935323383084577,1e-08,0.3367058371730285,0.0651776821797669,0.1567202799903342,0.00016039114691830593,-0.0018537179411559149,571.3119110011789,320.82018873862853,1753.6078918900564,1751.673243286972,0.03287987824180655,0.007651534437379984,0.07078943401575089,0.3469721701421979,0.05983480285639964,0.0680941457435521,0.9102183510275448,,0.02081150287652717,,0.7590354821261238,3.3617565211127785,7.540265504051657,52.82234236773323,0,5,1
5,null,skillnet:alfworld-appliance-preparer,initial,0,0,0,0,0,0,False,no_on_batch_decision,,,1e-08,,,,,,,,,,,,,,,,,,,,,,,,all_alfworld,,,,,,,,,,0.0,0.0,0.0,0,5,1,5,0,0,0,0,0,0,False,no_on_batch_decision,,,1e-08,,,,,,,,,,,,,,,,,,,,,,,,0,5,1
5,null,skillnet:alfworld-appliance-preparer,early,0,0,0,0,0,0,False,no_on_batch_decision,,,1e-08,,,,,,,,,,,,,,,,,,,,,,,,all_alfworld,,,,,,,,,,0.0,0.0,0.0,0,5,1,5,0,0,0,0,0,0,False,no_on_batch_decision,,,1e-08,,,,,,,,,,,,,,,,,,,,,,,,0,5,1
5,null,skillnet:alfworld-appliance-preparer,middle,87,7,7,1,1,3,True,,1.0,0.3218390804597701,1e-08,0.41128076492343635,0.05767713896342589,0.1456673808463104,0.0001252434524115805,-0.0020509255065619134,591.8818475114671,320.9109969729062,1778.4536788070377,1722.740393939615,0.0389351598529605,0.00876224809112107,0.07078943401575089,0.416650686706242,0.05777834007472179,0.06071174078914938,0.8300698144095284,,,0.02029630435364587,0.7478114707129342,3.3201976163046703,7.544889381953648,52.67071315220424,all_alfworld,0.41128076492343635,0.05767713896342589,6.8591365027128925e-18,1.6612068577616665e-22,1.3459061451544194e-16,7.816666241991542e-08,-9.570888143320314e-17,6.721228732308119e-20,0.3218390804597701,0.0,0.0,0.0,0,5,1,5,87,7,7,1,1,3,True,,1.0,0.3218390804597701,1e-08,0.41164406701200457,0.057682680026456566,0.1464876756878944,0.00012199667044149261,-0.0020347856025845434,591.8818476830099,320.91099704487505,1778.4536790592815,1722.7403945252524,0.0389351598529605,0.00876224809112107,0.07078943401575089,0.4189295160039796,0.05778010732323103,0.06071793001306852,0.8300698144095284,,0.02029630435364587,,0.7478114707129342,3.3201976163046703,7.544889381953648,52.67071315220424,0,5,1
5,null,skillnet:alfworld-appliance-preparer,late,114,10,10,1,1,7,True,,1.0,0.2719298245614035,1e-08,0.27863870345430786,0.07088352036047023,0.16383973984857125,0.000194267717409387,-0.0017351452225288137,555.6138013393318,320.7508876611248,1734.6466330614649,1773.753575033667,0.028258742275399585,0.006803884543735472,0.07078943401575089,0.29136281735427966,0.06139367507036206,0.07324295637521419,0.9663223266601563,,,0.021172141842544078,0.7668922901153564,3.3908477544784548,7.537028789520264,52.92848281860351,all_alfworld,0.27863870345430786,0.07088352036047023,8.308412437573129e-18,1.1278540897233906e-19,1.499318456912235e-16,6.83445455083499e-08,-3.700743415417188e-17,2.139970292583347e-19,0.2719298245614035,0.0,0.0,0.0,0,5,1,5,114,10,10,1,1,7,True,,1.0,0.2719298245614035,1e-08,0.2795161354538099,0.0708975522441353,0.16452937274745927,0.00018969219475587396,-0.001715534725855119,555.6138014282026,320.7508876628089,1734.6466332609111,1773.7535752367057,0.028258742275399585,0.006803884543735472,0.07078943401575089,0.2920573535634697,0.061402859973817774,0.07325749675489061,0.9663223266601563,,0.021172141842544078,,0.7668922901153564,3.3908477544784548,7.537028789520264,52.92848281860351,0,5,1
5,null,skillnet:alfworld-clean-object,all,3988,294,294,3,3,17,True,,1.0,0.43781344032096287,1e-08,0.03449712956530355,0.12173053467214483,0.4054028591745498,1.392132655980744e-06,-0.0006208330655749738,628.5608022391008,324.28576869333904,1570.2111976081183,1738.0835891913669,0.07121514893423835,0.011852040909679073,0.06688965023415856,0.03880703214061612,0.1212792593004031,0.12076719316554807,1.1200731530481456,,,0.06585104097485492,0.9656035304069519,3.7420271180924916,8.017232468339051,52.812018323106834,all_alfworld,0.03449712956530355,0.12173053467214483,8.430569049341899e-18,1.8482160543458517e-18,1.8013413174183685e-16,8.601687431070811e-08,-1.8059219560540096e-16,2.0481273346931623e-18,0.43781344032096287,0.0,0.0,0.0,0,5,1,5,3988,294,294,3,3,17,True,,1.0,0.43781344032096287,1e-08,0.0347104676684089,0.12194250290464716,0.4061050357861932,1.3512271670810574e-07,-0.000609365164988514,628.5608023632759,324.28576869298524,1570.2111977761,1738.083589513849,0.07121514893423835,0.011852040909679073,0.06688965023415856,0.039031758631698825,0.12146796772632004,0.12097022630096481,1.1200731530481456,,0.06585104097485492,,0.9656035304069519,3.7420271180924916,8.017232468339051,52.812018323106834,0,5,1
5,null,skillnet:alfworld-clean-object,initial,100,8,8,1,1,8,True,,1.0,0.14,1e-08,-0.6632150456238023,0.009831367914566479,0.9020725377800147,-0.00019735092892427856,-0.002571047600968068,779.1904315259567,350.0026741683885,1499.025942732796,2067.427509746346,0.058205485851025376,0.006440151971377308,0.3341359281539917,-0.6700698968478237,0.010906370644439427,0.015361512366510122,0.8697223663330078,,,0.0348012363538146,1.0911730229854584,3.680229961872101,7.974204421043396,57.483177185058594,all_alfworld,-0.6632150456238023,0.009831367914566479,0.0,6.776263578034403e-22,2.100403184712718e-16,8.490873457445147e-08,-2.7755575615628914e-16,2.5618477244428953e-18,0.14,0.0,0.0,0.0,0,5,1,5,100,8,8,1,1,8,True,,1.0,0.14,1e-08,-0.6587738775372087,0.009842086795433733,0.8991733896914694,-0.00021358897205962042,-0.0023593752562718604,779.1904322177649,350.0026740988153,1499.0259434329353,2067.4275107834064,0.058205485851025376,0.006440151971377308,0.3341359281539917,-0.6718901614014103,0.01091732425607725,0.015378260617865208,0.8697223663330078,,0.0348012363538146,,1.0911730229854584,3.680229961872101,7.974204421043396,57.483177185058594,0,5,1
5,null,skillnet:alfworld-clean-object,early,532,40,40,3,3,16,True,,1.0,0.43796992481203006,1e-08,0.07587378657502943,0.07867526470215393,0.4205884327224908,0.00014986496418413419,-0.0004771657168429492,640.9955363935925,331.19966351246893,1416.2271984867095,1630.8899918965426,0.10248623211532733,0.014857201107377383,0.2981479819723986,0.07387900512432435,0.07593975116785981,0.07593224662908453,1.0317428350448608,,,0.08616530441213399,0.9190356776118278,3.6512969553470613,8.111274182796478,53.81162643432617,all_alfworld,0.07587378657502943,0.07867526470215393,4.082877128491465e-18,1.6970703140038429e-18,2.1611985783706976e-16,9.172609964354362e-08,-2.255923100789087e-16,-7.511995253515138e-20,0.43796992481203006,0.0,0.0,0.0,0,5,1,5,532,40,40,3,3,16,True,,1.0,0.43796992481203006,1e-08,0.07567211045305652,0.07870899707621792,0.4210962918326068,0.00014925167285004146,-0.0004729062728601557,640.9955364612498,331.19966351923046,1416.2271985287964,1630.8899921833508,0.10248623211532733,0.014857201107377383,0.2981479819723986,0.07357081409392441,0.07595140039974349,0.07596811405352863,1.0317428350448608,,0.08616530441213399,,0.9190356776118278,3.6512969553470613,8.111274182796478,53.81162643432617,0,5,1
5,null,skillnet:alfworld-clean-object,middle,1161,83,83,2,2,11,True,,1.0,0.3462532299741602,1e-08,0.11401582196918279,0.0964624688310323,0.3503669712801614,5.191953071808026e-05,-0.0014408907125743543,646.8107187451719,323.9490609485971,1614.8165670800938,1766.9714500982982,0.06287560389218978,0.010988774710069094,0.362437685484726,0.12488502372366134,0.09753276412637162,0.09703352475444425,1.1345528866871293,,,0.06626478136595652,0.986042851425079,3.8241591137575814,8.090595078755575,52.75220884759742,all_alfworld,0.11401582196918279,0.0964624688310323,1.1151687048193712e-17,1.6585161369360409e-18,1.7192948401518983e-16,8.446619442755798e-08,-1.5042039773775808e-16,1.125216313861609e-18,0.3462532299741602,0.0,0.0,0.0,0,5,1,5,1161,83,83,2,2,11,True,,1.0,0.3462532299741602,1e-08,0.11387706818146792,0.09671041986084669,0.35149083610072057,4.987605151820365e-05,-0.0014256853117824936,646.8107189189477,323.9490609330901,1614.8165672517962,1766.9714504545434,0.06287560389218978,0.010988774710069094,0.362437685484726,0.12513700806201253,0.09769585791066417,0.09727971043238677,1.1345528866871293,,0.06626478136595652,,0.986042851425079,3.8241591137575814,8.090595078755575,52.75220884759742,0,5,1
5,null,skillnet:alfworld-clean-object,late,2195,163,163,2,2,13,True,,1.0,0.4997722095671982,1e-08,0.014195368339259176,0.15062873273197383,0.4082051247131985,-5.226415407069315e-05,-0.00013305295068652133,609.0316930990443,321.6165363928213,1587.1821220104684,1733.7800790284516,0.06863973292047995,0.011826845340841654,-0.15765947468731561,0.017072569745898897,0.1498567481792915,0.14902816117764908,1.146663343979537,,,0.06217918482157716,0.9604605520429786,3.725503364223644,7.958910131747006,52.367911520179796,all_alfworld,0.01419536833925918,0.15062873273197383,8.429116206590038e-18,2.0693572756549835e-18,1.7438951718831967e-16,8.550381984186732e-08,-1.81226838142685e-16,3.027487340622968e-18,0.4997722095671982,0.0,0.0,0.0,0,5,1,5,2195,163,163,2,2,13,True,,1.0,0.4997722095671982,1e-08,0.014502912936503552,0.15087403599143442,0.4088954240447875,-5.257868754836562e-05,-0.0001309357486131798,609.0316931848221,321.61653640191145,1587.182122182751,1733.7800793091667,0.06863973292047995,0.011826845340841654,-0.15765947468731561,0.017505207337308263,0.15011001677449295,0.1492593860092729,1.146663343979537,,0.06217918482157716,,0.9604605520429786,3.725503364223644,7.958910131747006,52.367911520179796,0,5,1
5,null,skillnet:alfworld-device-operator,all,16449,966,953,8,7,54,True,,0.9912456684296918,0.4625205179646179,1e-08,0.19857864951439014,0.1248612824021952,0.30653927323546964,0.0002636204999852684,-2.572452026956905e-05,482.25647648829533,286.8285530146686,1389.5356966804816,1362.8393867075256,0.12827087310448557,0.021666235937800465,-2.084562902964044,0.19656239757403532,0.12252024306973433,0.13363484476434168,1.0102961808751583,,,0.07069424291451772,0.8500641635917976,3.187190896482448,6.904687204716368,48.580853239102886,all_alfworld,0.19857864951439014,0.1248612824021952,7.915201308970541e-18,1.5121277024177934e-17,1.7673563340395917e-16,1.3372359697660914e-07,-1.1231145437268287e-16,6.179380662752637e-19,0.4625205179646179,0.0,0.0,0.0,0,5,1,5,16449,966,953,8,7,54,True,,0.9912456684296918,0.4625205179646179,1e-08,0.19887244527656825,0.1249780173129274,0.3068123547983564,0.00026340333261835484,-2.2732738771303486e-05,482.25647659905303,286.82855301624954,1389.5356968794993,1362.8393869706342,0.12827087310448557,0.021666235937800465,-2.084562902964044,0.19678742801122723,0.12267233827798048,0.13377068074759904,1.0102961808751583,,0.07069424291451772,,0.8500641635917976,3.187190896482448,6.904687204716368,48.580853239102886,0,5,1
5,null,skillnet:alfworld-device-operator,initial,195,16,16,2,2,16,True,,1.0,0.49230769230769234,1e-08,-0.1513088537377839,0.30282764856887523,0.5984267545055445,0.00012811712170305485,-0.0002966253582537208,529.1454518842884,339.4704162479059,1500.2549077140504,1635.4978034786523,0.2126417937196557,0.015438155014071487,0.2741188889512649,-0.15782300254737458,0.3062088759386731,0.293942473289561,1.016653060913086,,,0.06901404075324535,0.8376406654715538,2.9476228505373,7.5915922820568085,55.51268815994263,all_alfworld,-0.1513088537377839,0.30282764856887523,1.2739097526147629e-17,3.781111638956158e-19,1.8914601900402244e-16,1.0591241306600024e-07,-3.956948728792225e-16,1.2429456275633658e-18,0.49230769230769234,0.0,0.0,0.0,0,5,1,5,195,16,16,2,2,16,True,,1.0,0.49230769230769234,1e-08,-0.1475262587491532,0.3032991124391628,0.5949172512506085,0.00013041666686946197,-0.0003053148028437048,529.1454519433253,339.47041623151506,1500.2549076079963,1635.4978037025946,0.2126417937196557,0.015438155014071487,0.2741188889512649,-0.15677434010161756,0.3062986202320851,0.2944091899637283,1.016653060913086,,0.06901404075324535,,0.8376406654715538,2.9476228505373,7.5915922820568085,55.51268815994263,0,5,1
5,null,skillnet:alfworld-device-operator,early,1016,83,83,7,7,43,True,,1.0,0.42322834645669294,1e-08,0.062362091378633557,0.17281535830792386,0.41751835352661026,0.0001373817674638944,-0.0005792056773111423,492.19765194786,305.2418443775877,1611.2893721395503,1592.1183878778813,0.1337986375651269,0.017804703346267138,0.33368948273595395,0.06136132049807559,0.15475035076867352,0.18196343108171953,1.0539612712630306,,,0.06538271145468735,0.8353657463946974,3.1286049750914056,6.929452769727592,49.64509210241846,all_alfworld,0.062362091378633557,0.17281535830792386,7.662833622228258e-18,6.591823795104537e-19,1.9070796075583265e-16,1.0984252766956506e-07,-1.71997149681102e-16,-1.3843872182180949e-18,0.42322834645669294,0.0,0.0,0.0,0,5,1,5,1016,83,83,7,7,43,True,,1.0,0.42322834645669294,1e-08,0.06248503072272661,0.173025786946102,0.4180483305699072,0.0001364993652207944,-0.0005691442107721064,492.19765206124526,305.24184436632476,1611.2893722781096,1592.1183881055247,0.1337986375651269,0.017804703346267138,0.33368948273595395,0.061570481215132186,0.1549035826507422,0.1821923309155616,1.0539612712630306,,0.06538271145468735,,0.8353657463946974,3.1286049750914056,6.929452769727592,49.64509210241846,0,5,1
5,null,skillnet:alfworld-device-operator,middle,3932,185,183,8,7,36,True,,0.9933875890132248,0.5165310274669379,1e-08,0.2576398873554117,0.10304545403791762,0.27379398941226984,0.00043670219540433076,0.0005056122131622347,505.0597073052285,285.9080734893343,1211.7347729853739,1251.4394233201806,0.12373617335164454,0.022640968526549506,-3.08964052627532,0.2507452675682871,0.1056379755343518,0.11169146636476542,1.0085002950719886,,,0.07361954170707109,0.8574999105285954,3.221736767485335,6.907835743878339,48.22799356821421,all_alfworld,0.2576398873554117,0.10304545403791762,7.503633087393384e-18,1.3354366211776739e-17,1.732481772692204e-16,1.3366889626966268e-07,-1.1906944290041417e-16,-6.35821699712221e-18,0.5165310274669379,0.0,0.0,0.0,0,5,1,5,3932,185,183,8,7,36,True,,0.9933875890132248,0.5165310274669379,1e-08,0.25776223902032896,0.10313476351569006,0.27413022480215515,0.0004365279549807873,0.0005080087863947534,505.05970742820693,285.9080734920194,1211.734773185482,1251.4394236563255,0.12373617335164454,0.022640968526549506,-3.08964052627532,0.25092694319645836,0.10574119373015815,0.11178825027688001,1.0085002950719886,,0.07361954170707109,,0.8574999105285954,3.221736767485335,6.907835743878339,48.22799356821421,0,5,1
5,null,skillnet:alfworld-device-operator,late,11306,682,671,8,7,47,True,,0.9895630638598975,0.4467539359632054,1e-08,0.19631394926754825,0.1250695837117314,0.3029201021377656,0.00021710754090327605,-0.0001561025069043385,472.62390192246147,284.58604975431194,1429.5340384062208,1376.2755090832195,0.12789601915226562,0.021781674143546422,-1.9930117052314018,0.1959806182104631,0.12232707157827484,0.129944713214746,1.005320119717953,,,0.07058655973141494,0.8501274061342838,3.190570271959053,6.884704062666012,48.38442780614948,all_alfworld,0.19631394926754825,0.1250695837117314,7.997815147164599e-18,1.728967423062572e-17,1.764788465421404e-16,1.3636833697822236e-07,-9.970992917073977e-17,3.213261586872552e-18,0.4467539359632054,0.0,0.0,0.0,0,5,1,5,11306,682,671,8,7,47,True,,0.9895630638598975,0.4467539359632054,1e-08,0.1966225506605459,0.1251813187841653,0.3032133745182377,0.0002168918179861128,-0.00015333756089283202,472.6239020296249,284.586049756973,1429.5340386155535,1376.2755093247895,0.12789601915226562,0.021781674143546422,-1.9930117052314018,0.19620794711776438,0.1224971384812585,0.1300720539524144,1.005320119717953,,0.07058655973141494,,0.8501274061342838,3.190570271959053,6.884704062666012,48.38442780614948,0,5,1
5,null,skillnet:alfworld-heat-object-with-appliance,all,1809,146,146,3,3,18,True,,1.0,0.6108347153123272,1e-08,0.08265353382366217,0.18801065394908503,0.32741458278023905,-1.732853183605884e-05,0.0010889975870208206,570.6877421399206,300.9801250225522,1605.8556743617642,1741.6137053450182,0.06817217870357982,0.014930160773896011,0.07477443633140814,0.07874982039824448,0.18353792454104134,0.18527642943054998,0.975771087489716,,,0.06423227559641156,0.75308865063811,3.0892044207821154,7.111077841014078,48.990718998321114,all_alfworld,0.08265353382366218,0.18801065394908503,5.95801757693665e-18,1.035335345169649e-18,1.5621393470743302e-16,8.129063179582734e-08,-2.235175376276849e-16,1.4028610420916545e-18,0.6108347153123272,0.0,0.0,0.0,0,5,1,5,1809,146,146,3,3,18,True,,1.0,0.6108347153123272,1e-08,0.08270566118481665,0.18848218910249667,0.3279798477649209,-1.6075953560311154e-05,0.0010833989714851922,570.6877422604884,300.98012502441645,1605.8556745357744,1741.6137055570402,0.06817217870357982,0.014930160773896011,0.07477443633140814,0.07886684779209754,0.18398164961134228,0.1857357294407705,0.975771087489716,,0.06423227559641156,,0.75308865063811,3.0892044207821154,7.111077841014078,48.990718998321114,0,5,1
5,null,skillnet:alfworld-heat-object-with-appliance,initial,0,0,0,0,0,0,False,no_on_batch_decision,,,1e-08,,,,,,,,,,,,,,,,,,,,,,,,all_alfworld,,,,,,,,,,0.0,0.0,0.0,0,5,1,5,0,0,0,0,0,0,False,no_on_batch_decision,,,1e-08,,,,,,,,,,,,,,,,,,,,,,,,0,5,1
5,null,skillnet:alfworld-heat-object-with-appliance,early,108,9,9,1,1,6,True,,1.0,0.5833333333333334,1e-08,-0.020922813488150036,0.22422036450717006,0.36507516632813836,-8.030620874434719e-05,0.0005939940560282495,529.4193374355511,309.92881346674324,1706.2463593399557,1794.1922072060402,0.09614365821800049,0.02095522978467361,0.5052663220299615,-0.018762977983256806,0.21244326259346386,0.22232939424894183,1.0980684492323134,,,0.05234435456804931,0.7528518968158298,3.0943674511379666,7.302176793416341,51.10432857937283,all_alfworld,-0.020922813488150036,0.22422036450717006,4.497431234013944e-18,3.726552823035934e-18,1.4541158914831514e-16,7.314419328141175e-08,-3.17647143156642e-16,-3.842284162293181e-18,0.5833333333333334,0.0,0.0,0.0,0,5,1,5,108,9,9,1,1,6,True,,1.0,0.5833333333333334,1e-08,-0.021649790915054066,0.22457945481170394,0.36544561632989736,-7.767680502759695e-05,0.0005809712012746694,529.4193375751821,309.9288134512296,1706.246359374224,1794.1922075097948,0.09614365821800049,0.02095522978467361,0.5052663220299615,-0.019341888747546228,0.2129606025334785,0.2227223852952238,1.0980684492323134,,0.05234435456804931,,0.7528518968158298,3.0943674511379666,7.302176793416341,51.10432857937283,0,5,1
5,null,skillnet:alfworld-heat-object-with-appliance,middle,480,38,38,3,3,12,True,,1.0,0.525,1e-08,-0.04679786515759683,0.19421182802559447,0.39629588221312023,-9.65251950282417e-05,0.0002355543602765001,562.6954055942816,301.7233192390383,1568.3513840489625,1668.2077221453117,0.057503580645976375,0.012144679801778867,0.46907159054341413,-0.04835037002989507,0.19318550218769692,0.190718580003263,0.9667593554446572,,,0.04981745250130955,0.7544407373980472,3.1467659598902653,7.204049587249756,49.02349251195004,all_alfworld,-0.04679786515759683,0.19421182802559447,6.230548484550032e-18,1.0696402644006243e-18,1.5730824845863744e-16,7.724791768193296e-08,-3.120189292123617e-16,5.543960677310745e-19,0.525,0.0,0.0,0.0,0,5,1,5,480,38,38,3,3,12,True,,1.0,0.525,1e-08,-0.0467479314115823,0.1945738718809641,0.3968608437085431,-9.621680002260082e-05,0.00023479752626985104,562.6954057577233,301.72331924437697,1568.351384137585,1668.2077223183883,0.057503580645976375,0.012144679801778867,0.46907159054341413,-0.048282007516017966,0.19353703388905463,0.19108350019485135,0.9667593554446572,,0.04981745250130955,,0.7544407373980472,3.1467659598902653,7.204049587249756,49.02349251195004,0,5,1
5,null,skillnet:alfworld-heat-object-with-appliance,late,1221,99,99,3,3,14,True,,1.0,0.647010647010647,1e-08,0.1427050629151282,0.1823700214372114,0.2970047820014052,1.9375798580274418e-05,0.0014682876199319354,577.4799692078801,299.8964300382066,1611.7196099657776,1765.820416020586,0.06989208638588303,0.015492260211612839,-0.11830972229038272,0.1373407078926827,0.1771885275057782,0.17981907180298817,0.9681121941768762,,,0.07084595809003921,0.7525911909161191,3.0666407262436066,7.058019084159774,48.78599294026693,all_alfworld,0.1427050629151282,0.1823700214372114,5.980072031794331e-18,7.838055754395696e-19,1.567392276802476e-16,8.360047465760146e-08,-1.803998755820074e-16,2.200353973923465e-18,0.647010647010647,0.0,0.0,0.0,0,5,1,5,1221,99,99,3,3,14,True,,1.0,0.647010647010647,1e-08,0.14282696607675566,0.18289454583447148,0.2975873980860052,2.087777146865357e-05,0.0014614422908022276,577.4799693099072,299.89643004024214,1611.7196101857155,1765.8204162398047,0.06989208638588303,0.015492260211612839,-0.11830972229038272,0.13753842362680432,0.1776619842805539,0.18032062649789019,0.9681121941768762,,0.07084595809003921,,0.7525911909161191,3.0666407262436066,7.058019084159774,48.78599294026693,0,5,1
5,null,skillnet:alfworld-inventory-management,all,0,0,0,0,0,0,False,no_on_batch_decision,,,1e-08,,,,,,,,,,,,,,,,,,,,,,,,all_alfworld,,,,,,,,,,0.0,0.0,0.0,0,5,1,5,0,0,0,0,0,0,False,no_on_batch_decision,,,1e-08,,,,,,,,,,,,,,,,,,,,,,,,0,5,1
5,null,skillnet:alfworld-inventory-management,initial,0,0,0,0,0,0,False,no_on_batch_decision,,,1e-08,,,,,,,,,,,,,,,,,,,,,,,,all_alfworld,,,,,,,,,,0.0,0.0,0.0,0,5,1,5,0,0,0,0,0,0,False,no_on_batch_decision,,,1e-08,,,,,,,,,,,,,,,,,,,,,,,,0,5,1
5,null,skillnet:alfworld-inventory-management,early,0,0,0,0,0,0,False,no_on_batch_decision,,,1e-08,,,,,,,,,,,,,,,,,,,,,,,,all_alfworld,,,,,,,,,,0.0,0.0,0.0,0,5,1,5,0,0,0,0,0,0,False,no_on_batch_decision,,,1e-08,,,,,,,,,,,,,,,,,,,,,,,,0,5,1
5,null,skillnet:alfworld-inventory-management,middle,0,0,0,0,0,0,False,no_on_batch_decision,,,1e-08,,,,,,,,,,,,,,,,,,,,,,,,all_alfworld,,,,,,,,,,0.0,0.0,0.0,0,5,1,5,0,0,0,0,0,0,False,no_on_batch_decision,,,1e-08,,,,,,,,,,,,,,,,,,,,,,,,0,5,1
5,null,skillnet:alfworld-inventory-management,late,0,0,0,0,0,0,False,no_on_batch_decision,,,1e-08,,,,,,,,,,,,,,,,,,,,,,,,all_alfworld,,,,,,,,,,0.0,0.0,0.0,0,5,1,5,0,0,0,0,0,0,False,no_on_batch_decision,,,1e-08,,,,,,,,,,,,,,,,,,,,,,,,0,5,1
5,null,skillnet:alfworld-locate-target-object,all,12,1,1,1,1,1,True,,1.0,0.25,1e-08,-0.5086406116724137,0.027093915154594698,0.630658504719629,-0.00015302764448754417,-0.003016370649117616,535.1153970166018,295.77148708471935,1712.0532954920563,1927.582079776875,0.18581453976250828,0.0416727950000908,0.07078943401575089,-0.5671674397754185,0.03514580576085273,0.027093915154594698,1.2761726379394531,,,0.018582358956336975,0.7596771717071533,2.5857245922088623,7.070978164672852,47.93950271606445,all_alfworld,-0.5086406116724137,0.027093915154594698,0.0,2.117582368135751e-22,1.503427012513233e-16,1.174938191831713e-07,-1.5728159515523052e-16,-1.0261892388584521e-19,0.25,0.0,0.0,0.0,0,5,1,5,12,1,1,1,1,1,True,,1.0,0.25,1e-08,-0.5094137640289697,0.02711329214005539,0.6318206505828379,-0.0001571164915468322,-0.0030036098075061483,535.1153970184337,295.7714871508212,1712.0532948590262,1927.582079593907,0.18581453976250828,0.0416727950000908,0.07078943401575089,-0.5681711296357377,0.03518934356863728,0.02711329214005539,1.2761726379394531,,0.018582358956336975,,0.7596771717071533,2.5857245922088623,7.070978164672852,47.93950271606445,0,5,1
5,null,skillnet:alfworld-locate-target-object,initial,0,0,0,0,0,0,False,no_on_batch_decision,,,1e-08,,,,,,,,,,,,,,,,,,,,,,,,all_alfworld,,,,,,,,,,0.0,0.0,0.0,0,5,1,5,0,0,0,0,0,0,False,no_on_batch_decision,,,1e-08,,,,,,,,,,,,,,,,,,,,,,,,0,5,1
5,null,skillnet:alfworld-locate-target-object,early,12,1,1,1,1,1,True,,1.0,0.25,1e-08,-0.5086406116724137,0.027093915154594698,0.630658504719629,-0.00015302764448754417,-0.003016370649117616,535.1153970166018,295.77148708471935,1712.0532954920563,1927.582079776875,0.18581453976250828,0.0416727950000908,0.07078943401575089,-0.5671674397754185,0.03514580576085273,0.027093915154594698,1.2761726379394531,,,0.018582358956336975,0.7596771717071533,2.5857245922088623,7.070978164672852,47.93950271606445,all_alfworld,-0.5086406116724137,0.027093915154594698,0.0,2.117582368135751e-22,1.503427012513233e-16,1.174938191831713e-07,-1.5728159515523052e-16,-1.0261892388584521e-19,0.25,0.0,0.0,0.0,0,5,1,5,12,1,1,1,1,1,True,,1.0,0.25,1e-08,-0.5094137640289697,0.02711329214005539,0.6318206505828379,-0.0001571164915468322,-0.0030036098075061483,535.1153970184337,295.7714871508212,1712.0532948590262,1927.582079593907,0.18581453976250828,0.0416727950000908,0.07078943401575089,-0.5681711296357377,0.03518934356863728,0.02711329214005539,1.2761726379394531,,0.018582358956336975,,0.7596771717071533,2.5857245922088623,7.070978164672852,47.93950271606445,0,5,1
5,null,skillnet:alfworld-locate-target-object,middle,0,0,0,0,0,0,False,no_on_batch_decision,,,1e-08,,,,,,,,,,,,,,,,,,,,,,,,all_alfworld,,,,,,,,,,0.0,0.0,0.0,0,5,1,5,0,0,0,0,0,0,False,no_on_batch_decision,,,1e-08,,,,,,,,,,,,,,,,,,,,,,,,0,5,1
5,null,skillnet:alfworld-locate-target-object,late,0,0,0,0,0,0,False,no_on_batch_decision,,,1e-08,,,,,,,,,,,,,,,,,,,,,,,,all_alfworld,,,,,,,,,,0.0,0.0,0.0,0,5,1,5,0,0,0,0,0,0,False,no_on_batch_decision,,,1e-08,,,,,,,,,,,,,,,,,,,,,,,,0,5,1
5,null,skillnet:alfworld-object-cooler,all,8239,625,625,4,4,32,True,,1.0,0.5989804587935429,1e-08,-0.11226124993307864,0.2079217772528218,0.4134500788321707,-7.416817885768215e-05,0.0006959763228490209,531.0979744185432,303.21863731673506,1482.8796524335419,1563.2271277227692,0.0642068662721797,0.012738677848381607,-0.022606246709635514,-0.12422734158429868,0.211041018257846,0.2117223256532905,1.0661644775390624,,,0.0695326991468668,0.726932414150238,3.1876572284698486,7.257217311096191,48.974406683349606,all_alfworld,-0.11226124993307864,0.2079217772528218,6.782362955470342e-18,1.1277637914162936e-18,1.4416165609044737e-16,1.0260511835034158e-07,-2.0323320375526897e-16,-7.757289399083464e-19,0.5989804587935429,0.0,0.0,0.0,0,5,1,5,8239,625,625,4,4,32,True,,1.0,0.5989804587935429,1e-08,-0.11228007947403904,0.2084319314183034,0.4140349569796929,-7.293014688933112e-05,0.0006897952711043302,531.0979745360846,303.2186373134031,1482.8796525926564,1563.2271279759084,0.0642068662721797,0.012738677848381607,-0.022606246709635514,-0.1243842134635826,0.21159546776288776,0.2122533176500148,1.0661644775390624,,0.0695326991468668,,0.726932414150238,3.1876572284698486,7.257217311096191,48.974406683349606,0,5,1
5,null,skillnet:alfworld-object-cooler,initial,0,0,0,0,0,0,False,no_on_batch_decision,,,1e-08,,,,,,,,,,,,,,,,,,,,,,,,all_alfworld,,,,,,,,,,0.0,0.0,0.0,0,5,1,5,0,0,0,0,0,0,False,no_on_batch_decision,,,1e-08,,,,,,,,,,,,,,,,,,,,,,,,0,5,1
5,null,skillnet:alfworld-object-cooler,early,515,38,38,4,4,18,True,,1.0,0.537864077669903,1e-08,0.010422910947542652,0.16717221969703838,0.37321542230282956,9.543023018858115e-05,0.0003960838387573166,531.8685376599016,302.1383730087146,1485.033381426159,1498.0430710290243,0.04181022047614567,0.009001167040280268,0.4468959869111626,-0.00029593004253990397,0.17916572475951195,0.16918929506053001,1.0495846396998356,,,0.059161114212321605,0.7245575315073917,3.1774503431822123,7.271636523698506,48.885812759399414,all_alfworld,0.010422910947542652,0.16717221969703838,5.1469077112476914e-18,1.3161066356503765e-18,1.5307503107578256e-16,9.280564521512998e-08,-2.977122324286099e-16,7.713987232360862e-19,0.537864077669903,0.0,0.0,0.0,0,5,1,5,515,38,38,4,4,18,True,,1.0,0.537864077669903,1e-08,0.010255071966870016,0.1676194667648483,0.373843891333302,9.623797919408456e-05,0.000390357824119317,531.8685377360872,302.1383729869028,1485.0333817226262,1498.0430712352738,0.04181022047614567,0.009001167040280268,0.4468959869111626,-0.0002462666386101927,0.1796624541278433,0.16964181267221473,1.0495846396998356,,0.059161114212321605,,0.7245575315073917,3.1774503431822123,7.271636523698506,48.885812759399414,0,5,1
5,null,skillnet:alfworld-object-cooler,middle,2083,159,159,4,4,26,True,,1.0,0.5458473355736918,1e-08,-0.10025061043440515,0.1860054176780671,0.4184765508205037,-9.188462397644155e-05,0.00023289641020778692,533.0093557816008,303.159637908175,1538.1389121472075,1592.767762983109,0.06039378059921137,0.011692723550453732,0.3816381118658696,-0.11127164524622038,0.18909204157072043,0.19102748422405244,1.09860800497187,,,0.054774388231618225,0.7244041697034296,3.1715175550688737,7.195220335474554,49.136953701763034,all_alfworld,-0.10025061043440515,0.1860054176780671,7.116280413932701e-18,1.4492213227198235e-18,1.466705693049026e-16,9.307221667451536e-08,-2.1719437471663528e-16,-3.2628173042336034e-18,0.5458473355736918,0.0,0.0,0.0,0,5,1,5,2083,159,159,4,4,26,True,,1.0,0.5458473355736918,1e-08,-0.10004896441428417,0.18639502599182545,0.41901068516741613,-9.131032281582184e-05,0.00023046101597416657,533.0093559323664,303.1596379028952,1538.1389123397446,1592.767763228871,0.06039378059921137,0.011692723550453732,0.3816381118658696,-0.11124222938845048,0.18945344049355323,0.19143609350307278,1.09860800497187,,0.054774388231618225,,0.7244041697034296,3.1715175550688737,7.195220335474554,49.136953701763034,0,5,1
5,null,skillnet:alfworld-object-cooler,late,5641,428,428,4,4,26,True,,1.0,0.6241801099095905,1e-08,-0.1278968650596975,0.21973489534100518,0.4152672578715099,-8.310982492689857e-05,0.0008943525127690561,530.3218270247216,303.3390471530515,1462.2779491159097,1558.2699651540738,0.06765961047387277,0.013466127036248289,-0.21474144423267896,-0.14032579796015807,0.22205599691250374,0.223186659648089,1.0555839003803573,,,0.07593618434087904,0.7280824992144219,3.1945592605064963,7.278968687369445,48.92188704125235,all_alfworld,-0.12789686505969747,0.21973489534100518,6.808370646446688e-18,9.91867212354814e-19,1.4242145854689873e-16,1.0701989637824089e-07,-1.8945234595004e-16,1.4088577108925736e-21,0.6241801099095905,0.0,0.0,0.0,0,5,1,5,5641,428,428,4,4,26,True,,1.0,0.6241801099095905,1e-08,-0.12798350362960323,0.22029530551861948,0.41586689404632354,-8.158742015259634e-05,0.0008867467936417194,530.3218271337703,303.33904715212594,1462.2779492501425,1558.2699654142186,0.06765961047387277,0.013466127036248289,-0.21474144423267896,-0.1405703144108191,0.22268700203412894,0.2237700836045012,1.0555839003803573,,0.07593618434087904,,0.7280824992144219,3.1945592605064963,7.278968687369445,48.92188704125235,0,5,1
5,null,skillnet:alfworld-object-disposer,all,0,0,0,0,0,0,False,no_on_batch_decision,,,1e-08,,,,,,,,,,,,,,,,,,,,,,,,all_alfworld,,,,,,,,,,0.0,0.0,0.0,0,5,1,5,0,0,0,0,0,0,False,no_on_batch_decision,,,1e-08,,,,,,,,,,,,,,,,,,,,,,,,0,5,1
5,null,skillnet:alfworld-object-disposer,initial,0,0,0,0,0,0,False,no_on_batch_decision,,,1e-08,,,,,,,,,,,,,,,,,,,,,,,,all_alfworld,,,,,,,,,,0.0,0.0,0.0,0,5,1,5,0,0,0,0,0,0,False,no_on_batch_decision,,,1e-08,,,,,,,,,,,,,,,,,,,,,,,,0,5,1
5,null,skillnet:alfworld-object-disposer,early,0,0,0,0,0,0,False,no_on_batch_decision,,,1e-08,,,,,,,,,,,,,,,,,,,,,,,,all_alfworld,,,,,,,,,,0.0,0.0,0.0,0,5,1,5,0,0,0,0,0,0,False,no_on_batch_decision,,,1e-08,,,,,,,,,,,,,,,,,,,,,,,,0,5,1
5,null,skillnet:alfworld-object-disposer,middle,0,0,0,0,0,0,False,no_on_batch_decision,,,1e-08,,,,,,,,,,,,,,,,,,,,,,,,all_alfworld,,,,,,,,,,0.0,0.0,0.0,0,5,1,5,0,0,0,0,0,0,False,no_on_batch_decision,,,1e-08,,,,,,,,,,,,,,,,,,,,,,,,0,5,1
5,null,skillnet:alfworld-object-disposer,late,0,0,0,0,0,0,False,no_on_batch_decision,,,1e-08,,,,,,,,,,,,,,,,,,,,,,,,all_alfworld,,,,,,,,,,0.0,0.0,0.0,0,5,1,5,0,0,0,0,0,0,False,no_on_batch_decision,,,1e-08,,,,,,,,,,,,,,,,,,,,,,,,0,5,1
5,null,skillnet:alfworld-object-heater,all,112,10,10,1,1,7,True,,1.0,0.6517857142857143,1e-08,0.24326355919792644,0.06655612361764204,0.2956076577013383,7.390530809930634e-05,0.0014985865883368834,722.6538340769854,331.9556450441668,1615.3193743616682,1882.6510792825588,0.04546601746450105,0.011840194978885301,0.7665031797119549,0.2223163329119541,0.07801367758129123,0.06296868464347706,0.7546363830566406,,,0.04139695996418595,0.8056508362293243,3.3277187824249266,7.505389785766601,54.18503913879395,all_alfworld,0.24326355919792644,0.06655612361764204,1.438503953851303e-17,7.931495513382518e-18,1.6396234568473642e-16,6.60671453864281e-08,-4.55984456542475e-17,9.173890875533024e-18,0.6517857142857143,0.0,0.0,0.0,0,5,1,5,112,10,10,1,1,7,True,,1.0,0.6517857142857143,1e-08,0.24401608637023658,0.06663612765095141,0.29659531173104464,7.688575734752784e-05,0.0014943448475476834,722.6538342821059,331.95564501342324,1615.3193747514395,1882.6510794150206,0.04546601746450105,0.011840194978885301,0.7665031797119549,0.2236494247408978,0.07794092622394858,0.06304848324006071,0.7546363830566406,,0.04139695996418595,,0.8056508362293243,3.3277187824249266,7.505389785766601,54.18503913879395,0,5,1
5,null,skillnet:alfworld-object-heater,initial,0,0,0,0,0,0,False,no_on_batch_decision,,,1e-08,,,,,,,,,,,,,,,,,,,,,,,,all_alfworld,,,,,,,,,,0.0,0.0,0.0,0,5,1,5,0,0,0,0,0,0,False,no_on_batch_decision,,,1e-08,,,,,,,,,,,,,,,,,,,,,,,,0,5,1
5,null,skillnet:alfworld-object-heater,early,101,9,9,1,1,7,True,,1.0,0.6237623762376238,1e-08,0.16831856642585924,0.06880423373465752,0.31557414697686587,8.255905434784303e-05,0.0013199467034767554,698.3895261680115,329.7708165742897,1618.8332744416139,1850.4436892445242,0.043059808685956553,0.011195361606378783,0.8871282994157017,0.148087239944626,0.08197205775318481,0.06486360679603005,0.7562372419569228,,,0.04481360823329952,0.802139679590861,3.2932142151726618,7.4341553582085504,53.813442654079864,all_alfworld,0.1683185664258592,0.06880423373465752,1.5801441563353093e-17,8.795321757414277e-18,1.603846318680339e-16,7.004288626877297e-08,1.648846076175975e-17,1.0241441990356757e-17,0.6237623762376238,0.0,0.0,0.0,0,5,1,5,101,9,9,1,1,7,True,,1.0,0.6237623762376238,1e-08,0.1689631481862718,0.06888072484696356,0.3166571861338582,8.546187755732679e-05,0.0013171390586474885,698.3895263310009,329.770816541426,1618.8332748779892,1850.4436893409656,0.043059808685956553,0.011195361606378783,0.8871282994157017,0.14951668512369137,0.08187941655374174,0.06493979867720646,0.7562372419569228,,0.04481360823329952,,0.802139679590861,3.2932142151726618,7.4341553582085504,53.813442654079864,0,5,1
5,null,skillnet:alfworld-object-heater,middle,11,1,1,1,1,1,True,,1.0,0.9090909090909091,1e-08,0.9313948564687259,0.04591438527049994,0.11227898344422171,-5.551816546348653e-06,0.003138825531143513,945.4442976048388,352.016342813039,1583.0553827185302,2178.3734787226927,0.06755938897659153,0.017760937762808796,-0.3410547375679016,0.9038743683392393,0.041668550548450284,0.04591438527049994,0.7402286529541016,,,0.010647125542163849,0.8372512459754944,3.6382598876953125,8.146499633789062,57.5294075012207,all_alfworld,0.9313948564687259,0.04591438527049994,1.3798936740724601e-18,0.0,1.9681226345627775e-16,2.9562615466716125e-08,-6.156691318375869e-16,-6.281693605758104e-19,0.9090909090909091,0.0,0.0,0.0,0,5,1,5,11,1,1,1,1,1,True,,1.0,0.9090909090909091,1e-08,0.93313851878664,0.046026644305748855,0.11239082857793913,-1.8586191242626251e-06,0.003121416181994926,945.4442981967973,352.01634280176097,1583.0553826803887,2178.3734791858933,0.06755938897659153,0.017760937762808796,-0.3410547375679016,0.9043227612261571,0.041778424104938594,0.046026644305748855,0.7402286529541016,,0.010647125542163849,,0.8372512459754944,3.6382598876953125,8.146499633789062,57.5294075012207,0,5,1
5,null,skillnet:alfworld-object-heater,late,0,0,0,0,0,0,False,no_on_batch_decision,,,1e-08,,,,,,,,,,,,,,,,,,,,,,,,all_alfworld,,,,,,,,,,0.0,0.0,0.0,0,5,1,5,0,0,0,0,0,0,False,no_on_batch_decision,,,1e-08,,,,,,,,,,,,,,,,,,,,,,,,0,5,1
5,null,skillnet:alfworld-object-picker,all,322,25,25,5,5,20,True,,1.0,0.5372670807453416,1e-08,0.017303158928081652,0.14696611052554368,0.2721347275824724,-5.560875877526348e-05,0.0002893448282970004,425.2645569396578,259.33388641498385,1597.6692602445069,1540.6624091793335,0.06509554579761549,0.013662703741314886,0.6540654075812109,0.02690812644679234,0.14999456104832135,0.15100054784062442,1.121870002746582,,,0.054838064424693585,0.6063738918304443,2.9555700492858885,6.4068866539001466,41.86294692993164,all_alfworld,0.017303158928081652,0.14696611052554368,1.7697411858955934e-18,7.211453060057332e-19,1.1238529947935458e-16,9.683480308602565e-08,-2.5617879108586686e-16,-7.718080002229505e-18,0.5372670807453416,0.0,0.0,0.0,0,5,1,5,322,25,25,5,5,20,True,,1.0,0.5372670807453416,1e-08,0.017441391998659607,0.14712012280176714,0.27240182170303956,-5.560080936566062e-05,0.0002885835037123351,425.26455699575826,259.3338864356103,1597.6692600221588,1540.6624095376478,0.06509554579761549,0.013662703741314886,0.6540654075812109,0.026766066144919557,0.15028521328563144,0.15116135642216819,1.121870002746582,,0.054838064424693585,,0.6063738918304443,2.9555700492858885,6.4068866539001466,41.86294692993164,0,5,1
5,null,skillnet:alfworld-object-picker,initial,0,0,0,0,0,0,False,no_on_batch_decision,,,1e-08,,,,,,,,,,,,,,,,,,,,,,,,all_alfworld,,,,,,,,,,0.0,0.0,0.0,0,5,1,5,0,0,0,0,0,0,False,no_on_batch_decision,,,1e-08,,,,,,,,,,,,,,,,,,,,,,,,0,5,1
5,null,skillnet:alfworld-object-picker,early,269,21,21,4,4,19,True,,1.0,0.516728624535316,1e-08,0.0073976564020630025,0.1477708533339636,0.27296595985066013,-7.367465346266668e-05,0.00011090719848580592,412.900849822492,254.707154461732,1590.7998323421327,1522.5635174548727,0.06502555384662483,0.013941554134079479,0.7556336324897397,0.018193546424735665,0.1510466567706607,0.15162575305135478,1.0970127014886766,,,0.05451212960871912,0.5982541158085778,2.946037088121687,6.294979822067988,41.15639586675735,all_alfworld,0.0073976564020630025,0.1477708533339636,1.0221326057335461e-18,6.536441470802969e-19,1.0877167609405504e-16,9.911437266788034e-08,-2.1791738178516085e-16,-8.411596927658274e-18,0.516728624535316,0.0,0.0,0.0,0,5,1,5,269,21,21,4,4,19,True,,1.0,0.516728624535316,1e-08,0.007568650100757804,0.147950280534856,0.27326002601872734,-7.399475387382334e-05,0.00011120178092641394,412.90084987471994,254.70715448475806,1590.7998320137378,1522.5635178180098,0.06502555384662483,0.013941554134079479,0.7556336324897397,0.018045634666704034,0.15136679295407832,0.15180575708344074,1.0970127014886766,,0.05451212960871912,,0.5982541158085778,2.946037088121687,6.294979822067988,41.15639586675735,0,5,1
5,null,skillnet:alfworld-object-picker,middle,13,1,1,1,1,1,True,,1.0,0.46153846153846156,1e-08,0.4644797479450779,0.009957290491790385,0.09824640668460957,0.0006069718769939152,-0.0004192286349977655,390.48420843389147,238.5796509832762,1633.8977767435897,1453.3611450188973,0.09424545729177505,0.01079659875828075,2.2909343242645264,0.394632462709207,0.022467763089609773,0.009957290491790385,1.625,,,0.13053786754608154,0.6467043161392212,3.0154714584350586,6.300637245178223,38.555870056152344,all_alfworld,0.4644797479450779,0.009957290491790385,0.0,4.270088556250602e-18,1.120898246015783e-16,1.1607715920082849e-07,-2.7328566760003855e-16,-1.766276267716787e-17,0.46153846153846156,0.0,0.0,0.0,0,5,1,5,13,1,1,1,1,1,True,,1.0,0.46153846153846156,1e-08,0.4637908289806569,0.009952793153542788,0.098670635887121,0.000607520294877153,-0.0004207160223750756,390.4842085407891,238.57965102598104,1633.8977772004177,1453.361145156585,0.09424545729177505,0.01079659875828075,2.2909343242645264,0.3941580970187418,0.022467747409407025,0.009952793153542788,1.625,,0.13053786754608154,,0.6467043161392212,3.0154714584350586,6.300637245178223,38.555870056152344,0,5,1
5,null,skillnet:alfworld-object-picker,late,40,3,3,2,2,3,True,,1.0,0.7,1e-08,-0.061414728014966925,0.18608208164988954,0.32305839487071586,-0.0001494543236274599,0.0017196242643480824,519.7141005669725,297.19378531590763,1632.0918950257687,1690.7503668784734,0.05609252043242583,0.0127189189694591,-0.5609633028507233,-0.033996732190161284,0.18436542665217023,0.19363853048178967,1.128161112467448,,,0.031886340429385505,0.6497688492139181,3.002333641052246,7.225650946299235,47.911163330078125,all_alfworld,-0.061414728014966925,0.18608208164988954,7.37257477290143e-18,2.168404344971009e-20,1.3678294608077123e-16,7.525093191074195e-08,-5.079270337660091e-16,1.7784319063392623e-19,0.7,0.0,0.0,0.0,0,5,1,5,40,3,3,2,2,3,True,,1.0,0.7,1e-08,-0.061227985757099666,0.18611669418241789,0.3230930330702127,-0.00014741589142718096,0.0017119979354260641,519.7141006326052,297.19378531322036,1632.0918952958557,1690.75036727606,0.05609252043242583,0.0127189189694591,-0.5609633028507233,-0.03399144219807325,0.1845522664250993,0.1937200728828021,1.128161112467448,,0.031886340429385505,,0.6497688492139181,3.002333641052246,7.225650946299235,47.911163330078125,0,5,1
5,null,skillnet:alfworld-object-placer,all,16612,1136,1136,7,7,46,True,,1.0,0.6273176017336864,1e-08,-0.07612809398464454,0.1921341775763184,0.4194520888359534,-2.233466844407133e-05,0.0011768952334176607,529.3977789154728,286.1617800772722,1473.9365178376652,1562.0822704809373,0.07154567425119833,0.015165558958181216,-0.04697110018493998,-0.06622849923006338,0.19107120409701484,0.19405613192748145,1.1066064029722147,,,0.07013018978644871,0.7021491328962672,3.0402103442121557,7.048111928600661,46.637429351538,all_alfworld,-0.07612809398464454,0.1921341775763184,6.4518607689509594e-18,1.2439884843031665e-18,1.627113512385218e-16,8.932685251232561e-08,-1.8466513600660788e-16,-5.4065783312321306e-20,0.6273176017336864,0.0,0.0,0.0,0,5,1,5,16612,1136,1136,7,7,46,True,,1.0,0.6273176017336864,1e-08,-0.07603690617990701,0.1924633685999432,0.41991577550110387,-2.0957442878733445e-05,0.0011704063367295502,529.3977790246546,286.16178007714007,1473.9365179478161,1562.0822707019615,0.07154567425119833,0.015165558958181216,-0.04697110018493998,-0.06612097721558266,0.19138161485463864,0.19440135269730827,1.1066064029722147,,0.07013018978644871,,0.7021491328962672,3.0402103442121557,7.048111928600661,46.637429351538,0,5,1
5,null,skillnet:alfworld-object-placer,initial,185,16,16,2,2,16,True,,1.0,0.5351351351351351,1e-08,0.1543447128101172,0.02508075170493142,0.2715634097984009,-0.0002561822226000565,0.0006792482291760416,592.944265449533,295.5303315091182,1358.9413903212028,1714.065782908539,0.05676474349700377,0.011354840258621952,0.5491495214604043,0.21891699214715782,0.017249254675993256,0.029269877728087187,1.1649134159088135,,,0.0719308068510145,0.7431039437651634,2.8576160073280334,6.7144511342048645,48.649090051651,all_alfworld,0.1543447128101172,0.02508075170493142,4.950994569274347e-18,7.480416947395436e-18,1.5409970596866403e-16,9.499204595772656e-08,-3.006603974795694e-16,-1.0632732549791636e-17,0.5351351351351351,0.0,0.0,0.0,0,5,1,5,185,16,16,2,2,16,True,,1.0,0.5351351351351351,1e-08,0.15739094025820644,0.02507745762913847,0.2718678078983357,-0.00025114307613288505,0.0006530339355466579,592.9442654694296,295.53033153079684,1358.9413906311672,1714.0657834298825,0.05676474349700377,0.011354840258621952,0.5491495214604043,0.21914932075815358,0.017283078744690757,0.029258750988232853,1.1649134159088135,,0.0719308068510145,,0.7431039437651634,2.8576160073280334,6.7144511342048645,48.649090051651,0,5,1
5,null,skillnet:alfworld-object-placer,early,863,63,63,4,4,30,True,,1.0,0.5770567786790266,1e-08,-0.005860040214393018,0.13765499169071335,0.37586577130910126,-4.754375930580199e-05,0.0006538969428794875,563.5862455143202,275.7312837237313,1505.9246111274406,1664.6488114283147,0.05337531539796237,0.011149061076722222,0.5138344861057653,0.0014370296532421791,0.14569250319462795,0.1443219185462019,1.0728304121229384,,,0.05267240478849364,0.7020805998454018,2.865186093345521,6.673522775135343,44.64465774051727,all_alfworld,-0.0058600402143930115,0.13765499169071335,7.162015926889181e-18,1.6092711364195875e-18,1.618292977092373e-16,6.553275801168669e-08,-2.1368255433399593e-16,4.390301833779773e-18,0.5770567786790266,0.0,0.0,0.0,0,5,1,5,863,63,63,4,4,30,True,,1.0,0.5770567786790266,1e-08,-0.005901078546518701,0.1378094609748108,0.3763036386834759,-4.7530481819658445e-05,0.0006523556336629387,563.586245647571,275.7312837371114,1505.9246112530002,1664.648811723401,0.05337531539796237,0.011149061076722222,0.5138344861057653,0.0013256875599342716,0.1458838639661364,0.14447764984436245,1.0728304121229384,,0.05267240478849364,,0.7020805998454018,2.865186093345521,6.673522775135343,44.64465774051727,0,5,1
5,null,skillnet:alfworld-object-placer,middle,3756,258,258,7,7,37,True,,1.0,0.5942492012779552,1e-08,-0.033781097851506924,0.17526361412272917,0.40783928044468587,-6.40680665920501e-06,0.0008292989282516482,546.0788036358023,286.8572743941571,1457.2108667846273,1565.7290972575156,0.07459092913033824,0.015645902867715285,0.17245455622807923,-0.027637700324101518,0.1711176017841715,0.1783911023665957,1.1096120952635773,,,0.07267064646305155,0.6973977418139924,3.031979744748552,7.076007663741592,46.73884963989258,all_alfworld,-0.033781097851506924,0.17526361412272917,6.2884465692143015e-18,1.35809524558264e-18,1.6331212255990947e-16,9.615750805784811e-08,-1.8216998138351544e-16,-1.3738844883162795e-18,0.5942492012779552,0.0,0.0,0.0,0,5,1,5,3756,258,258,7,7,37,True,,1.0,0.5942492012779552,1e-08,-0.03368162956325162,0.17551060576396094,0.4083095393451913,-5.489725136530916e-06,0.0008252295227233193,546.0788037556745,286.8572743892898,1457.2108669079073,1565.7290974949067,0.07459092913033824,0.015645902867715285,0.17245455622807923,-0.027513215670481532,0.171361921302623,0.178652704889266,1.1096120952635773,,0.07267064646305155,,0.6973977418139924,3.031979744748552,7.076007663741592,46.73884963989258,0,5,1
5,null,skillnet:alfworld-object-placer,late,11808,799,799,7,7,37,True,,1.0,0.6429539295392954,1e-08,-0.09834473669609634,0.20409947716449295,0.42864857477474255,-2.189495011170573e-05,0.0013334826269409236,520.5974168276372,286.55609407490056,1478.720555730338,1551.044892770104,0.0721365884241166,0.015366020417099545,-0.16709477070158696,-0.0879167028227015,0.20345811210926826,0.20633574786855713,1.1071314425283438,,,0.0706503309119488,0.702868656685415,3.060324902230121,7.075321677927678,46.72152397719134,all_alfworld,-0.09834473669609634,0.20409947716449295,6.475453255388153e-18,1.0832869946508762e-18,1.627196396436339e-16,8.880435086409304e-08,-1.8152071234259208e-16,2.066729662001332e-19,0.6429539295392954,0.0,0.0,0.0,0,5,1,5,11808,799,799,7,7,37,True,,1.0,0.6429539295392954,1e-08,-0.09829281656361491,0.2044727938219992,0.42911455353986855,-2.0329044596355083e-05,0.001326171560677105,520.5974169330581,286.5560940749452,1478.7205558320554,1551.0448929758038,0.0721365884241166,0.015366020417099545,-0.16709477070158696,-0.08780053592068193,0.203802580062844,0.20673004611602627,1.1071314425283438,,0.0706503309119488,,0.702868656685415,3.060324902230121,7.075321677927678,46.72152397719134,0,5,1
5,null,skillnet:alfworld-object-retriever,all,0,0,0,0,0,0,False,no_on_batch_decision,,,1e-08,,,,,,,,,,,,,,,,,,,,,,,,all_alfworld,,,,,,,,,,0.0,0.0,0.0,0,5,1,5,0,0,0,0,0,0,False,no_on_batch_decision,,,1e-08,,,,,,,,,,,,,,,,,,,,,,,,0,5,1
5,null,skillnet:alfworld-object-retriever,initial,0,0,0,0,0,0,False,no_on_batch_decision,,,1e-08,,,,,,,,,,,,,,,,,,,,,,,,all_alfworld,,,,,,,,,,0.0,0.0,0.0,0,5,1,5,0,0,0,0,0,0,False,no_on_batch_decision,,,1e-08,,,,,,,,,,,,,,,,,,,,,,,,0,5,1
5,null,skillnet:alfworld-object-retriever,early,0,0,0,0,0,0,False,no_on_batch_decision,,,1e-08,,,,,,,,,,,,,,,,,,,,,,,,all_alfworld,,,,,,,,,,0.0,0.0,0.0,0,5,1,5,0,0,0,0,0,0,False,no_on_batch_decision,,,1e-08,,,,,,,,,,,,,,,,,,,,,,,,0,5,1
5,null,skillnet:alfworld-object-retriever,middle,0,0,0,0,0,0,False,no_on_batch_decision,,,1e-08,,,,,,,,,,,,,,,,,,,,,,,,all_alfworld,,,,,,,,,,0.0,0.0,0.0,0,5,1,5,0,0,0,0,0,0,False,no_on_batch_decision,,,1e-08,,,,,,,,,,,,,,,,,,,,,,,,0,5,1
5,null,skillnet:alfworld-object-retriever,late,0,0,0,0,0,0,False,no_on_batch_decision,,,1e-08,,,,,,,,,,,,,,,,,,,,,,,,all_alfworld,,,,,,,,,,0.0,0.0,0.0,0,5,1,5,0,0,0,0,0,0,False,no_on_batch_decision,,,1e-08,,,,,,,,,,,,,,,,,,,,,,,,0,5,1
5,null,skillnet:alfworld-object-state-inspector,all,4990,399,399,1,1,8,True,,1.0,0.633066132264529,1e-08,0.16147977613032227,0.1813647173551762,0.34299952211221113,-3.0597651859586836e-05,0.001008035326843201,581.0696846021076,298.93272874742576,1463.905784244779,1592.8713171070867,0.08896419793104762,0.01774240334391375,-0.012678784824803262,0.159257878735623,0.18334871932992844,0.1775218760299835,1.1345582068115847,,,0.10622764581214533,0.804200778031409,3.286219292714781,7.143562963433134,48.18019460615957,all_alfworld,0.16147977613032227,0.1813647173551762,6.287916322948547e-18,1.692102908384295e-18,1.7854104707279656e-16,1.0525373700445266e-07,-1.1046607850228262e-16,6.415951861668793e-19,0.633066132264529,0.0,0.0,0.0,0,5,1,5,4990,399,399,1,1,8,True,,1.0,0.633066132264529,1e-08,0.16174261419453279,0.18157268477047744,0.343287926312804,-2.957203417729145e-05,0.0010008690329423196,581.0696846794507,298.93272874942824,1463.905784374832,1592.8713173256851,0.08896419793104762,0.01774240334391375,-0.012678784824803262,0.15946216643006259,0.1835738848852818,0.17772316748152953,1.1345582068115847,,0.10622764581214533,,0.804200778031409,3.286219292714781,7.143562963433134,48.18019460615957,0,5,1
5,null,skillnet:alfworld-object-state-inspector,initial,84,8,8,1,1,8,True,,1.0,0.5357142857142857,1e-08,0.2123748874630995,0.07048737455314898,0.24236756612739346,-9.04962211344788e-05,0.00041895357788576524,616.7782026206455,310.9493518842553,1276.7321787207588,1514.9641286827832,0.03605401854430148,0.006375633090493769,0.06108611822128296,0.18831045021637202,0.06487126662282272,0.05941433626609386,1.1562271118164062,,,0.21845686435699463,0.8187874481081963,3.1096162497997284,7.107507944107056,51.184510231018066,all_alfworld,0.2123748874630995,0.07048737455314898,5.28677630773884e-18,1.1234399653945037e-17,1.397691486358456e-16,1.1347836447633554e-07,-3.5685740077237176e-16,6.7025402787600016e-18,0.5357142857142857,0.0,0.0,0.0,0,5,1,5,84,8,8,1,1,8,True,,1.0,0.5357142857142857,1e-08,0.2129857927297816,0.07051461270292461,0.2422258737266907,-9.009404439960203e-05,0.0004148289245463607,616.7782029564919,310.94935183667735,1276.7321783396826,1514.9641293026464,0.03605401854430148,0.006375633090493769,0.06108611822128296,0.18846186545385615,0.06489328274497123,0.05943802432086667,1.1562271118164062,,0.21845686435699463,,0.8187874481081963,3.1096162497997284,7.107507944107056,51.184510231018066,0,5,1
5,null,skillnet:alfworld-object-state-inspector,early,396,32,32,1,1,8,True,,1.0,0.6338383838383839,1e-08,0.228681411761774,0.18010687631134545,0.32630765343980794,3.542299052842e-05,0.0008786790182694273,596.3194653157634,299.9315879411622,1495.6232947742362,1618.3112847166092,0.0663210052771534,0.01202811116184441,0.01827522593014168,0.2128151020720006,0.18623827414786515,0.17761920144252918,1.1201190948486328,,,0.09350920962606324,0.8150212727487087,3.300842598080635,7.175551891326904,48.693536043167114,all_alfworld,0.228681411761774,0.18010687631134545,6.279611370739275e-18,1.4472456272117111e-18,2.1804975798090606e-16,1.058961247389115e-07,-1.525154862111326e-16,-3.2807500677839522e-18,0.6338383838383839,0.0,0.0,0.0,0,5,1,5,396,32,32,1,1,8,True,,1.0,0.6338383838383839,1e-08,0.22914105720606867,0.18017848509296766,0.3264691005621107,3.60770081727943e-05,0.0008725290945259157,596.3194653925418,299.9315879651642,1495.623294908772,1618.3112849727331,0.0663210052771534,0.01202811116184441,0.01827522593014168,0.2129059546098048,0.18644146033850914,0.1777017611855012,1.1201190948486328,,0.09350920962606324,,0.8150212727487087,3.300842598080635,7.175551891326904,48.693536043167114,0,5,1
5,null,skillnet:alfworld-object-state-inspector,middle,984,80,80,1,1,8,True,,1.0,0.6280487804878049,1e-08,0.059337381518456925,0.20519503864200744,0.36982953456577033,-5.194165168491249e-05,0.0009842276065551788,562.9995323304724,301.75119410040185,1468.1359861120984,1574.7830896911685,0.09865275015492937,0.018929072163716174,-0.009052661194549344,0.0592348727975707,0.20561153615064073,0.20027007177882838,1.0728595077991485,,,0.12812306838459336,0.8159878723323345,3.2788976222276687,7.198763513565064,48.55931124687195,all_alfworld,0.059337381518456925,0.20519503864200744,6.574297868464695e-18,1.3056850404822606e-18,1.6554533122600418e-16,1.0884068873871901e-07,-9.646754939578342e-17,-9.233596838114094e-19,0.6280487804878049,0.0,0.0,0.0,0,5,1,5,984,80,80,1,1,8,True,,1.0,0.6280487804878049,1e-08,0.0594424354348477,0.20543482807441618,0.3701419999878782,-5.0996144519233316e-05,0.000978283585122418,562.9995323339862,301.751194101549,1468.1359861978042,1574.7830899685036,0.09865275015492937,0.018929072163716174,-0.009052661194549344,0.05941232382986175,0.20581127771246607,0.20051295258521046,1.0728595077991485,,0.12812306838459336,,0.8159878723323345,3.2788976222276687,7.198763513565064,48.55931124687195,0,5,1
5,null,skillnet:alfworld-object-state-inspector,late,3526,279,279,1,1,8,True,,1.0,0.6366988088485536,1e-08,0.18122483547123755,0.1774970956031868,0.3397840745917047,-3.0628905046892396e-05,0.0010432408747362957,583.5491517487678,297.7477274735908,1463.6221569211577,1596.9180534745099,0.09006392112195209,0.018323794803556722,-0.01892443024936347,0.18046422059536632,0.17963381024538874,0.17437452923787616,1.153284358294634,,,0.09819009170390158,0.7991616499466708,3.2917053579856845,7.125099703402502,47.9264642038653,all_alfworld,0.18122483547123755,0.1774970956031868,6.232778796449567e-18,1.600113611371488e-18,1.786542559049963e-16,1.0398464603536533e-07,-1.0378034852990686e-16,1.3744496742115031e-18,0.6366988088485536,0.0,0.0,0.0,0,5,1,5,3526,279,279,1,1,8,True,,1.0,0.6366988088485536,1e-08,0.18150131115142473,0.17771580221656155,0.340090268603852,-2.9524344822637184e-05,0.001035546873377073,583.5491518406196,297.74772747454244,1463.6221570752596,1596.918053662943,0.09006392112195209,0.018323794803556722,-0.01892443024936347,0.18068999691259835,0.17987337897443634,0.17458260597064684,1.153284358294634,,0.09819009170390158,,0.7991616499466708,3.2917053579856845,7.125099703402502,47.9264642038653,0,5,1
5,null,skillnet:alfworld-object-storer,all,1281,97,92,4,3,17,True,,0.9516003122560499,0.336455893832943,1e-08,0.10446122609254432,0.09477408251654501,0.3046397139780313,3.431415654706761e-05,-0.0013450883687672476,498.8284011090794,287.466240076336,1648.7722361162498,1655.618849548546,0.09490949278089425,0.022618632830433513,0.09183414564827845,0.11172179760873031,0.09518784200769974,0.0955639238144279,1.0215050510524475,,,0.08190322680802074,0.7296697245430701,3.0051535920998487,7.204071049837722,46.849450534152,all_alfworld,0.10446122609254432,0.09477408251654501,5.0653654659572576e-18,6.269758573333528e-19,1.4442097687972916e-16,7.505610604441439e-08,-1.842571545943078e-16,-1.6454487727215877e-19,0.336455893832943,0.0,0.0,0.0,0,5,1,5,1281,97,92,4,3,17,True,,0.9516003122560499,0.336455893832943,1e-08,0.1045214046059524,0.09485632688085296,0.3053070195153233,3.2539762907676745e-05,-0.0013378268604064079,498.82840121065607,287.4662400765214,1648.7722361218134,1655.6188497805458,0.09490949278089425,0.022618632830433513,0.09183414564827845,0.11228807245621772,0.09521644586846124,0.0956479879775006,1.0215050510524475,,0.08190322680802074,,0.7296697245430701,3.0051535920998487,7.204071049837722,46.849450534152,0,5,1
5,null,skillnet:alfworld-object-storer,initial,0,0,0,0,0,0,False,no_on_batch_decision,,,1e-08,,,,,,,,,,,,,,,,,,,,,,,,all_alfworld,,,,,,,,,,0.0,0.0,0.0,0,5,1,5,0,0,0,0,0,0,False,no_on_batch_decision,,,1e-08,,,,,,,,,,,,,,,,,,,,,,,,0,5,1
5,null,skillnet:alfworld-object-storer,early,88,7,7,2,2,6,True,,1.0,0.4659090909090909,1e-08,0.22997496013976496,0.08613659047106854,0.23931235228822176,-0.00013095499474328502,-0.0006989003780800578,500.52795486280246,286.99894571836506,1522.7081870380002,1676.5123398868966,0.09785511844140776,0.02414154903816701,-0.02076140841977163,0.23776561418883538,0.0944637631594803,0.08472500262990437,0.9836668287004743,,,0.09416450347219195,0.7359471661703927,2.9608640330178395,7.08374057497297,47.234300885881694,all_alfworld,0.22997496013976496,0.08613659047106854,2.0501277443362267e-18,1.4909283836425783e-19,1.5562490138106138e-16,8.995773936239869e-08,-2.813406073766022e-16,-2.4646061135983335e-19,0.4659090909090909,0.0,0.0,0.0,0,5,1,5,88,7,7,2,2,6,True,,1.0,0.4659090909090909,1e-08,0.22989252355901357,0.08620627600479996,0.24001848503309542,-0.000132040893357877,-0.0006934745233032416,500.5279549521308,286.9989456842322,1522.708187323643,1676.5123401387573,0.09785511844140776,0.02414154903816701,-0.02076140841977163,0.23818970781757695,0.0943299740520271,0.08479575387432906,0.9836668287004743,,0.09416450347219195,,0.7359471661703927,2.9608640330178395,7.08374057497297,47.234300885881694,0,5,1
5,null,skillnet:alfworld-object-storer,middle,241,18,16,3,2,10,True,,0.8962655601659751,0.3236514522821577,1e-08,-0.026052961453754846,0.10710256253500083,0.3473595952228123,-4.766871263025882e-05,-0.0012507015506402364,507.2548705746847,287.4048791982198,1613.1044757936925,1634.2735154546888,0.09307052799622977,0.02253178895363342,0.0066492467562192705,-0.007833042223082478,0.10723584394328606,0.10696385631575117,1.0412563747829862,,,0.09753710533388787,0.7299461795224084,2.992758830388387,7.310576385921902,47.0276985168457,all_alfworld,-0.02605296145375484,0.10710256253500083,6.65097299503141e-18,4.466508413328125e-19,1.4987363010394642e-16,8.435937733933195e-08,-2.8930292923842254e-16,7.720028647875175e-20,0.3236514522821577,0.0,0.0,0.0,0,5,1,5,241,18,16,3,2,10,True,,0.8962655601659751,0.3236514522821577,1e-08,-0.025544672951977362,0.1072187169772593,0.3481270400315478,-5.087418613260254e-05,-0.0012433091022648706,507.2548706983304,287.4048791976695,1613.1044759824056,1634.2735155983094,0.09307052799622977,0.02253178895363342,0.0066492467562192705,-0.00746082012541754,0.1072519159295483,0.10709247200662415,1.0412563747829862,,0.09753710533388787,,0.7299461795224084,2.992758830388387,7.310576385921902,47.0276985168457,0,5,1
5,null,skillnet:alfworld-object-storer,late,952,72,69,3,2,11,True,,0.9611344537815126,0.3277310924369748,1e-08,0.12589894731366058,0.09245153589422786,0.2998637858779379,7.034520359043598e-05,-0.0014287141737557795,496.53812813477424,287.52496893676397,1669.4545539278276,1659.09111674061,0.09510274430923348,0.022499843700211113,0.12380680257157117,0.1303361469158917,0.09220480678938779,0.09376772469314794,1.0202459361818101,,,0.07680268861198176,0.7289903039733568,3.0125582118829093,7.189143511984083,46.76747253206041,all_alfworld,0.12589894731366058,0.09245153589422786,4.94268637456627e-18,7.167994230113051e-19,1.4200497395624848e-16,7.132350928595037e-08,-1.4869058365515488e-16,-2.181709275497366e-19,0.3277310924369748,0.0,0.0,0.0,0,5,1,5,952,72,69,3,2,11,True,,0.9611344537815126,0.3277310924369748,1e-08,0.1258588691265319,0.09252635677986423,0.3005021519628296,6.88694472249835e-05,-0.0014213161307605985,496.5381282318964,287.5249689403079,1669.454553861137,1659.0911169931467,0.09510274430923348,0.022499843700211113,0.12380680257157117,0.1309646892633338,0.09225159422468414,0.09384194528580585,1.0202459361818101,,0.07680268861198176,,0.7289903039733568,3.0125582118829093,7.189143511984083,46.76747253206041,0,5,1
5,null,skillnet:alfworld-object-transporter,all,0,0,0,0,0,0,False,no_on_batch_decision,,,1e-08,,,,,,,,,,,,,,,,,,,,,,,,all_alfworld,,,,,,,,,,0.0,0.0,0.0,0,5,1,5,0,0,0,0,0,0,False,no_on_batch_decision,,,1e-08,,,,,,,,,,,,,,,,,,,,,,,,0,5,1
5,null,skillnet:alfworld-object-transporter,initial,0,0,0,0,0,0,False,no_on_batch_decision,,,1e-08,,,,,,,,,,,,,,,,,,,,,,,,all_alfworld,,,,,,,,,,0.0,0.0,0.0,0,5,1,5,0,0,0,0,0,0,False,no_on_batch_decision,,,1e-08,,,,,,,,,,,,,,,,,,,,,,,,0,5,1
5,null,skillnet:alfworld-object-transporter,early,0,0,0,0,0,0,False,no_on_batch_decision,,,1e-08,,,,,,,,,,,,,,,,,,,,,,,,all_alfworld,,,,,,,,,,0.0,0.0,0.0,0,5,1,5,0,0,0,0,0,0,False,no_on_batch_decision,,,1e-08,,,,,,,,,,,,,,,,,,,,,,,,0,5,1
5,null,skillnet:alfworld-object-transporter,middle,0,0,0,0,0,0,False,no_on_batch_decision,,,1e-08,,,,,,,,,,,,,,,,,,,,,,,,all_alfworld,,,,,,,,,,0.0,0.0,0.0,0,5,1,5,0,0,0,0,0,0,False,no_on_batch_decision,,,1e-08,,,,,,,,,,,,,,,,,,,,,,,,0,5,1
5,null,skillnet:alfworld-object-transporter,late,0,0,0,0,0,0,False,no_on_batch_decision,,,1e-08,,,,,,,,,,,,,,,,,,,,,,,,all_alfworld,,,,,,,,,,0.0,0.0,0.0,0,5,1,5,0,0,0,0,0,0,False,no_on_batch_decision,,,1e-08,,,,,,,,,,,,,,,,,,,,,,,,0,5,1
5,null,skillnet:alfworld-receptacle-closer,all,11,1,1,1,1,1,True,,1.0,0.6363636363636364,1e-08,-0.30098124157403333,0.481642771228619,0.6202771487186935,-3.832099096311589e-05,0.002108697279369097,567.0247004768419,353.2348754891238,1869.6697613117306,1808.7888062561171,0.0026059130789718877,0.0006183626453819325,-0.3202976882457733,-0.27582459310344026,0.48777221481094274,0.481642771228619,0.9296932220458984,,,0.00322139635682106,0.8150591254234314,3.210500955581665,8.157561302185059,58.13300704956055,all_alfworld,-0.30098124157403333,0.481642771228619,1.2616170734376778e-17,2.4640958465579647e-21,8.074349270001139e-17,2.819263273339862e-08,-6.964126245375982e-16,4.759756664893631e-19,0.6363636363636364,0.0,0.0,0.0,0,5,1,5,11,1,1,1,1,1,True,,1.0,0.6363636363636364,1e-08,-0.3021463339663948,0.48288339134693126,0.6215061037359603,-3.30418199990583e-05,0.0020974043013838135,567.0247009295427,353.23487553441163,1869.6697614307375,1808.7888067385938,0.0026059130789718877,0.0006183626453819325,-0.3202976882457733,-0.2758035560032614,0.4878857015951917,0.48288339134693126,0.9296932220458984,,0.00322139635682106,,0.8150591254234314,3.210500955581665,8.157561302185059,58.13300704956055,0,5,1
5,null,skillnet:alfworld-receptacle-closer,initial,0,0,0,0,0,0,False,no_on_batch_decision,,,1e-08,,,,,,,,,,,,,,,,,,,,,,,,all_alfworld,,,,,,,,,,0.0,0.0,0.0,0,5,1,5,0,0,0,0,0,0,False,no_on_batch_decision,,,1e-08,,,,,,,,,,,,,,,,,,,,,,,,0,5,1
5,null,skillnet:alfworld-receptacle-closer,early,0,0,0,0,0,0,False,no_on_batch_decision,,,1e-08,,,,,,,,,,,,,,,,,,,,,,,,all_alfworld,,,,,,,,,,0.0,0.0,0.0,0,5,1,5,0,0,0,0,0,0,False,no_on_batch_decision,,,1e-08,,,,,,,,,,,,,,,,,,,,,,,,0,5,1
5,null,skillnet:alfworld-receptacle-closer,middle,11,1,1,1,1,1,True,,1.0,0.6363636363636364,1e-08,-0.30098124157403333,0.481642771228619,0.6202771487186935,-3.832099096311589e-05,0.002108697279369097,567.0247004768419,353.2348754891238,1869.6697613117306,1808.7888062561171,0.0026059130789718877,0.0006183626453819325,-0.3202976882457733,-0.27582459310344026,0.48777221481094274,0.481642771228619,0.9296932220458984,,,0.00322139635682106,0.8150591254234314,3.210500955581665,8.157561302185059,58.13300704956055,all_alfworld,-0.30098124157403333,0.481642771228619,1.2616170734376778e-17,2.4640958465579647e-21,8.074349270001139e-17,2.819263273339862e-08,-6.964126245375982e-16,4.759756664893631e-19,0.6363636363636364,0.0,0.0,0.0,0,5,1,5,11,1,1,1,1,1,True,,1.0,0.6363636363636364,1e-08,-0.3021463339663948,0.48288339134693126,0.6215061037359603,-3.30418199990583e-05,0.0020974043013838135,567.0247009295427,353.23487553441163,1869.6697614307375,1808.7888067385938,0.0026059130789718877,0.0006183626453819325,-0.3202976882457733,-0.2758035560032614,0.4878857015951917,0.48288339134693126,0.9296932220458984,,0.00322139635682106,,0.8150591254234314,3.210500955581665,8.157561302185059,58.13300704956055,0,5,1
5,null,skillnet:alfworld-receptacle-closer,late,0,0,0,0,0,0,False,no_on_batch_decision,,,1e-08,,,,,,,,,,,,,,,,,,,,,,,,all_alfworld,,,,,,,,,,0.0,0.0,0.0,0,5,1,5,0,0,0,0,0,0,False,no_on_batch_decision,,,1e-08,,,,,,,,,,,,,,,,,,,,,,,,0,5,1
5,null,skillnet:alfworld-receptacle-finder,all,4371,291,260,5,4,19,True,,0.9180965454129489,0.4044840997483413,1e-08,0.3058870438897146,0.055399167650838556,0.19053051187349723,0.0002952237449058713,-0.0003296911497683189,450.77460971128437,274.59153276986825,1539.7416820621147,1518.0181817097482,0.15534791638046955,0.02494770383014171,-2.0539879361314566,0.3077590942346563,0.054437955775558294,0.04464874678774015,1.0229973514465123,,,0.06711708089573584,0.756663907741763,3.000163836987158,6.854283801468787,47.09060143932854,all_alfworld,0.3058870438897146,0.055399167650838556,6.067575857373608e-18,2.1372507900430527e-17,1.5444351427620992e-16,1.1636468040258311e-07,-1.6283779022813725e-16,1.2981715467442577e-17,0.4044840997483413,0.0,0.0,0.0,0,5,1,5,4371,291,260,5,4,19,True,,0.9180965454129489,0.4044840997483413,1e-08,0.30667273403205386,0.05540551649734168,0.19064425985735378,0.0002948146758230877,-0.0003288500028801736,450.77460978471447,274.5915327700635,1539.741682180063,1518.018181875311,0.15534791638046955,0.02494770383014171,-2.0539879361314566,0.3082409210366811,0.054503510544788344,0.04467397663679075,1.0229973514465123,,0.06711708089573584,,0.756663907741763,3.000163836987158,6.854283801468787,47.09060143932854,0,5,1
5,null,skillnet:alfworld-receptacle-finder,initial,324,16,16,2,2,16,True,,1.0,0.6419753086419753,1e-08,0.08423211860610438,0.07667425911368035,0.3375310632584649,0.000413186653938658,0.001045736700882785,530.1842843748555,299.3448303552036,1017.8231025980958,1246.1382337296654,0.11818675409653498,0.02471194056857106,-5.382911761578771,0.08984742403335728,0.06942573959698192,0.05729715379578819,1.0360556244850159,,,0.057022395078092813,0.7777866963297129,3.0262278094887733,7.6291292905807495,56.79624342918396,all_alfworld,0.08423211860610438,0.07667425911368035,6.3606527452482924e-18,7.99260447521048e-17,1.7832047138625168e-16,1.6841403718688743e-07,5.722445836802504e-17,-3.013241512695389e-17,0.6419753086419753,0.0,0.0,0.0,0,5,1,5,324,16,16,2,2,16,True,,1.0,0.6419753086419753,1e-08,0.08588110057367715,0.07680404242185365,0.33723396697230446,0.000414258117575514,0.0010429311808277707,530.1842843177641,299.34483037736237,1017.823102724765,1246.138234157755,0.11818675409653498,0.02471194056857106,-5.382911761578771,0.0888919635946334,0.06986413094520554,0.05747933117283599,1.0360556244850159,,0.057022395078092813,,0.7777866963297129,3.0262278094887733,7.6291292905807495,56.79624342918396,0,5,1
5,null,skillnet:alfworld-receptacle-finder,early,331,25,21,4,3,14,True,,0.8821752265861027,0.3867069486404834,1e-08,0.11255275769131409,0.07923156011785558,0.2422769258027881,0.00012352749894894698,-0.00013923331272954978,443.80233865109165,276.1015781357714,1736.7790168675451,1749.565269995136,0.09622034170847435,0.012508585673529991,0.05631779012723272,0.13396142799273958,0.08464017713495406,0.07380101637808237,1.0023855590820312,,,0.06852148689329624,0.716508412361145,2.8748659801483156,6.623866577148437,45.649664306640624,all_alfworld,0.11255275769131409,0.07923156011785558,4.538581662223308e-18,5.465776827584157e-20,1.2549230704611675e-16,8.720954317610495e-08,-3.4245852209736704e-16,1.5611927614155293e-20,0.3867069486404834,0.0,0.0,0.0,0,5,1,5,331,25,21,4,3,14,True,,0.8821752265861027,0.3867069486404834,1e-08,0.11257002956819749,0.07927863253437255,0.24274216511244254,0.0001225439393106673,-0.00013683056026781877,443.8023386908363,276.1015781287288,1736.7790169311006,1749.5652700415567,0.09622034170847435,0.012508585673529991,0.05631779012723272,0.13342996040632324,0.0851751953529981,0.07384529301585177,1.0023855590820312,,0.06852148689329624,,0.716508412361145,2.8748659801483156,6.623866577148437,45.649664306640624,0,5,1
5,null,skillnet:alfworld-receptacle-finder,middle,740,58,50,3,2,12,True,,0.8594594594594595,0.3054054054054054,1e-08,0.3401859861137944,0.0498403870882,0.17671057741303756,0.00017848703421538157,-0.001046736113202969,478.28998136504026,285.2491802233926,1738.4944869931837,1683.8354799721526,0.13575240047939333,0.01888331817787827,0.1208716754675717,0.337017839429157,0.048667403738286236,0.044984261807009034,0.9703460068538271,,,0.06516074589935356,0.7571602227358982,3.01627963164757,6.796297591308067,46.61416921944454,all_alfworld,0.3401859861137944,0.0498403870882,8.234955041448684e-18,4.994534065881674e-19,1.677846816063446e-16,8.799983381210571e-08,-2.5805183815611744e-16,8.662332853419249e-19,0.3054054054054054,0.0,0.0,0.0,0,5,1,5,740,58,50,3,2,12,True,,0.8594594594594595,0.3054054054054054,1e-08,0.34046148253853475,0.04988414897039502,0.17695076194245868,0.0001772356876342704,-0.001041546897531725,478.289981508726,285.2491802166478,1738.4944871267442,1683.835480060489,0.13575240047939333,0.01888331817787827,0.1208716754675717,0.33728229882241617,0.048703376826184974,0.045020267522716574,0.9703460068538271,,0.06516074589935356,,0.7571602227358982,3.01627963164757,6.796297591308067,46.61416921944454,0,5,1
5,null,skillnet:alfworld-receptacle-finder,late,2976,192,173,5,4,11,True,,0.927755376344086,0.40524193548387094,1e-08,0.34299343746422445,0.05181443850964538,0.17220743050300508,0.00033050487420562983,-0.0003223211547176296,436.0628194243715,269.07857828419264,1525.2272957303787,1480.6331737154287,0.17084258222832624,0.027864834471694914,-2.467071265610616,0.34353830701266874,0.05088191789903951,0.039697490938756186,1.040498082836469,,,0.0683664155464309,0.7599823269993067,3.009438351417581,6.837232254445553,46.61334219574928,all_alfworld,0.34299343746422445,0.05181443850964538,5.6667961432297215e-18,2.2558973888079748e-17,1.5174669023898132e-16,1.2099382868914324e-07,-1.4314266617898944e-16,2.21303093515226e-17,0.40524193548387094,0.0,0.0,0.0,0,5,1,5,2976,192,173,5,4,11,True,,0.927755376344086,0.40524193548387094,1e-08,0.34389746875088945,0.05179351655182468,0.17229537434402856,0.0003302079520050601,-0.00032233785132906986,436.06281949828866,269.07857828452745,1525.2272958495455,1480.6331738848633,0.17084258222832624,0.027864834471694914,-2.467071265610616,0.3443433641208303,0.05086202206041802,0.03970390656680666,1.040498082836469,,0.0683664155464309,,0.7599823269993067,3.009438351417581,6.837232254445553,46.61334219574928,0,5,1
5,null,skillnet:alfworld-receptacle-navigator,all,0,0,0,0,0,0,False,no_on_batch_decision,,,1e-08,,,,,,,,,,,,,,,,,,,,,,,,all_alfworld,,,,,,,,,,0.0,0.0,0.0,0,5,1,5,0,0,0,0,0,0,False,no_on_batch_decision,,,1e-08,,,,,,,,,,,,,,,,,,,,,,,,0,5,1
5,null,skillnet:alfworld-receptacle-navigator,initial,0,0,0,0,0,0,False,no_on_batch_decision,,,1e-08,,,,,,,,,,,,,,,,,,,,,,,,all_alfworld,,,,,,,,,,0.0,0.0,0.0,0,5,1,5,0,0,0,0,0,0,False,no_on_batch_decision,,,1e-08,,,,,,,,,,,,,,,,,,,,,,,,0,5,1
5,null,skillnet:alfworld-receptacle-navigator,early,0,0,0,0,0,0,False,no_on_batch_decision,,,1e-08,,,,,,,,,,,,,,,,,,,,,,,,all_alfworld,,,,,,,,,,0.0,0.0,0.0,0,5,1,5,0,0,0,0,0,0,False,no_on_batch_decision,,,1e-08,,,,,,,,,,,,,,,,,,,,,,,,0,5,1
5,null,skillnet:alfworld-receptacle-navigator,middle,0,0,0,0,0,0,False,no_on_batch_decision,,,1e-08,,,,,,,,,,,,,,,,,,,,,,,,all_alfworld,,,,,,,,,,0.0,0.0,0.0,0,5,1,5,0,0,0,0,0,0,False,no_on_batch_decision,,,1e-08,,,,,,,,,,,,,,,,,,,,,,,,0,5,1
5,null,skillnet:alfworld-receptacle-navigator,late,0,0,0,0,0,0,False,no_on_batch_decision,,,1e-08,,,,,,,,,,,,,,,,,,,,,,,,all_alfworld,,,,,,,,,,0.0,0.0,0.0,0,5,1,5,0,0,0,0,0,0,False,no_on_batch_decision,,,1e-08,,,,,,,,,,,,,,,,,,,,,,,,0,5,1
5,null,skillnet:alfworld-receptacle-opener,all,149,13,1,2,1,1,True,,0.0738255033557047,0.04697986577181208,1e-08,-0.030474275294559133,0.01416891026240107,0.053279234406960564,-2.1617824882263006e-05,0.00012190786068407842,500.9399704651172,289.4727472399258,1658.8760929503924,1737.1769409483634,0.0700155004868674,0.014057662008398393,-0.047466512094408074,-0.029103947607030712,0.013832351894098188,0.014763409993690624,1.496236801147461,,,0.030760227017498646,0.60908626134579,2.78187894821167,6.249998899606558,46.74561133751502,all_alfworld,-0.030474275294559133,0.01416891026240107,0.0,1.8191311618884302e-22,1.769650794285065e-17,1.1087308942312677e-07,-3.2934132676799945e-16,2.7745136662917066e-21,0.04697986577181208,0.0,0.0,0.0,0,5,1,5,149,13,1,2,1,1,True,,0.0738255033557047,0.04697986577181208,1e-08,-0.030508780538757652,0.014216937247820402,0.05332774784587224,-2.1103690324260775e-05,0.00012122330913118311,500.93997060814945,289.4727472109819,1658.8760929780908,1737.1769412565122,0.0700155004868674,0.014057662008398393,-0.047466512094408074,-0.02898440395670948,0.013815847930107993,0.014813452097379297,1.496236801147461,,0.030760227017498646,,0.60908626134579,2.78187894821167,6.249998899606558,46.74561133751502,0,5,1
5,null,skillnet:alfworld-receptacle-opener,initial,0,0,0,0,0,0,False,no_on_batch_decision,,,1e-08,,,,,,,,,,,,,,,,,,,,,,,,all_alfworld,,,,,,,,,,0.0,0.0,0.0,0,5,1,5,0,0,0,0,0,0,False,no_on_batch_decision,,,1e-08,,,,,,,,,,,,,,,,,,,,,,,,0,5,1
5,null,skillnet:alfworld-receptacle-opener,early,0,0,0,0,0,0,False,no_on_batch_decision,,,1e-08,,,,,,,,,,,,,,,,,,,,,,,,all_alfworld,,,,,,,,,,0.0,0.0,0.0,0,5,1,5,0,0,0,0,0,0,False,no_on_batch_decision,,,1e-08,,,,,,,,,,,,,,,,,,,,,,,,0,5,1
5,null,skillnet:alfworld-receptacle-opener,middle,22,2,0,1,0,0,True,,0.0,0.0,1e-08,0.0,0.0,0.0,0.0,0.0,495.88817370532087,301.5848395918951,1861.6710063059531,1744.513462539251,0.04540854477263984,0.006639612498983868,0.0,0.0,0.0,0.0,1.3774442672729492,,,0.020691828802227974,0.6396254897117615,2.846848964691162,6.255877494812012,48.91943359375,all_alfworld,0.0,0.0,0.0,0.0,0.0,8.250055475142207e-08,-7.014590928313489e-16,0.0,0.0,0.0,0.0,0.0,0,5,1,5,22,2,0,1,0,0,True,,0.0,0.0,1e-08,0.0,0.0,0.0,0.0,0.0,495.88817360872747,301.58483956784903,1861.6710063896346,1744.5134630897528,0.04540854477263984,0.006639612498983868,0.0,0.0,0.0,0.0,1.3774442672729492,,0.020691828802227974,,0.6396254897117615,2.846848964691162,6.255877494812012,48.91943359375,0,5,1
5,null,skillnet:alfworld-receptacle-opener,late,127,11,1,2,1,1,True,,0.08661417322834646,0.05511811023622047,1e-08,-0.035753283613301656,0.016623367158250073,0.06250870808375689,-2.536264494060778e-05,0.00014302575781045422,501.81508486445205,287.37458950966345,1623.7462654399806,1735.9060474444302,0.07427812273657611,0.015342678458848149,-0.055689057496589,-0.034145576326358874,0.01622850734031992,0.01744766635617983,1.5178354436700994,,,0.032590844874820585,0.6035336743701588,2.7700662179426714,6.248930064114657,46.350370927290484,all_alfworld,-0.035753283613301656,0.016623367158250073,0.0,2.1342562450502055e-22,2.07620447518484e-17,1.1578801668909137e-07,-2.64879981465687e-16,3.2551380809249157e-21,0.05511811023622047,0.0,0.0,0.0,0,5,1,5,127,11,1,2,1,1,True,,0.08661417322834646,0.05511811023622047,1e-08,-0.035793766143896774,0.0166797137789389,0.06256562542547216,-2.475944770326657e-05,0.0001422226225239865,501.8150850489942,287.374589479871,1623.7462654579808,1735.9060477105963,0.07427812273657611,0.015342678458848149,-0.055689057496589,-0.03400532432716309,0.016209144421937726,0.017506807024175532,1.5178354436700994,,0.032590844874820585,,0.6035336743701588,2.7700662179426714,6.248930064114657,46.350370927290484,0,5,1
5,null,skillnet:alfworld-receptacle-operator,all,285,25,3,2,1,1,True,,0.12280701754385964,0.06666666666666667,1e-08,-0.03517708776565882,0.021409537352569646,0.06292581078072554,-6.15374572573203e-05,4.4115314441305906e-05,503.9496535503665,281.7287665821899,1633.7184033947192,1718.4844201875096,0.039501982179101044,0.008812615745986662,-0.027795806788561635,-0.04322152377305915,0.025318831168690388,0.021079160142917684,1.0522669601440429,,,0.032109250705689193,0.7023389649391174,2.9467035007476805,6.481529674530029,45.8459506225586,all_alfworld,-0.03517708776565882,0.021409537352569646,2.434699615406045e-19,7.132909029509897e-23,1.3390847884733248e-17,8.97672909732512e-08,-2.532087600022287e-16,6.011335852785087e-20,0.06666666666666667,0.0,0.0,0.0,0,5,1,5,285,25,3,2,1,1,True,,0.12280701754385964,0.06666666666666667,1e-08,-0.035231943490997696,0.021465784409189073,0.06298062564677859,-6.137135035760918e-05,4.355720325768082e-05,503.9496536318509,281.7287665908954,1633.7184034604736,1718.4844204535202,0.039501982179101044,0.008812615745986662,-0.027795806788561635,-0.04324895013427652,0.02536686449197001,0.02113499389001456,1.0522669601440429,,0.032109250705689193,,0.7023389649391174,2.9467035007476805,6.481529674530029,45.8459506225586,0,5,1
5,null,skillnet:alfworld-receptacle-operator,initial,0,0,0,0,0,0,False,no_on_batch_decision,,,1e-08,,,,,,,,,,,,,,,,,,,,,,,,all_alfworld,,,,,,,,,,0.0,0.0,0.0,0,5,1,5,0,0,0,0,0,0,False,no_on_batch_decision,,,1e-08,,,,,,,,,,,,,,,,,,,,,,,,0,5,1
5,null,skillnet:alfworld-receptacle-operator,early,0,0,0,0,0,0,False,no_on_batch_decision,,,1e-08,,,,,,,,,,,,,,,,,,,,,,,,all_alfworld,,,,,,,,,,0.0,0.0,0.0,0,5,1,5,0,0,0,0,0,0,False,no_on_batch_decision,,,1e-08,,,,,,,,,,,,,,,,,,,,,,,,0,5,1
5,null,skillnet:alfworld-receptacle-operator,middle,69,6,0,1,0,0,True,,0.0,0.0,1e-08,0.0,0.0,0.0,0.0,0.0,548.629099519091,283.01887742505346,1509.326626694336,1690.4190842722126,0.04802434456545164,0.010198024105269167,0.0,0.0,0.0,0.0,1.0053749084472656,,,0.07242794086535771,0.6983487208684286,2.9265928268432617,6.541675488154094,46.07763989766439,all_alfworld,0.0,0.0,0.0,0.0,0.0,9.957013865748375e-08,-3.008865298621801e-16,0.0,0.0,0.0,0.0,0.0,0,5,1,5,69,6,0,1,0,0,True,,0.0,0.0,1e-08,0.0,0.0,0.0,0.0,0.0,548.6290996188161,283.018877420719,1509.3266265967231,1690.4190844855661,0.04802434456545164,0.010198024105269167,0.0,0.0,0.0,0.0,1.0053749084472656,,0.07242794086535771,,0.6983487208684286,2.9265928268432617,6.541675488154094,46.07763989766439,0,5,1
5,null,skillnet:alfworld-receptacle-operator,late,216,19,3,2,1,1,True,,0.16203703703703703,0.08796296296296297,1e-08,-0.046414213024133164,0.028248695117973836,0.08302711144679063,-8.119525610340869e-05,5.820770655450085e-05,489.67705275480176,281.31664784071967,1673.4546653962304,1727.4497358271183,0.03677956086123905,0.008370054742326972,-0.036675022846018826,-0.05702839942278638,0.03340679112535537,0.02773573703015485,1.067074976469341,,,0.01937703276053071,0.7035990420140719,2.953054239875392,6.462536259701378,45.77278558831466,all_alfworld,-0.046414213024133164,0.028248695117973836,3.2124508814385315e-19,9.411477191714448e-23,1.7668479847911924e-17,8.663582574078801e-08,-2.3797836129696643e-16,7.93162369464699e-20,0.08796296296296297,0.0,0.0,0.0,0,5,1,5,216,19,3,2,1,1,True,,0.16203703703703703,0.08796296296296297,1e-08,-0.04648659210617751,0.028322909984346695,0.08309943661727733,-8.0976087277401e-05,5.7471309853884405e-05,489.6770528304592,281.3166478535907,1673.4546655141717,1727.4497361099498,0.03677956086123905,0.008370054742326972,-0.036675022846018826,-0.05706458698272597,0.033470168426904874,0.02780920248686126,1.067074976469341,,0.01937703276053071,,0.7035990420140719,2.953054239875392,6.462536259701378,45.77278558831466,0,5,1
5,null,skillnet:alfworld-receptacle-searcher,all,0,0,0,0,0,0,False,no_on_batch_decision,,,1e-08,,,,,,,,,,,,,,,,,,,,,,,,all_alfworld,,,,,,,,,,0.0,0.0,0.0,0,5,1,5,0,0,0,0,0,0,False,no_on_batch_decision,,,1e-08,,,,,,,,,,,,,,,,,,,,,,,,0,5,1
5,null,skillnet:alfworld-receptacle-searcher,initial,0,0,0,0,0,0,False,no_on_batch_decision,,,1e-08,,,,,,,,,,,,,,,,,,,,,,,,all_alfworld,,,,,,,,,,0.0,0.0,0.0,0,5,1,5,0,0,0,0,0,0,False,no_on_batch_decision,,,1e-08,,,,,,,,,,,,,,,,,,,,,,,,0,5,1
5,null,skillnet:alfworld-receptacle-searcher,early,0,0,0,0,0,0,False,no_on_batch_decision,,,1e-08,,,,,,,,,,,,,,,,,,,,,,,,all_alfworld,,,,,,,,,,0.0,0.0,0.0,0,5,1,5,0,0,0,0,0,0,False,no_on_batch_decision,,,1e-08,,,,,,,,,,,,,,,,,,,,,,,,0,5,1
5,null,skillnet:alfworld-receptacle-searcher,middle,0,0,0,0,0,0,False,no_on_batch_decision,,,1e-08,,,,,,,,,,,,,,,,,,,,,,,,all_alfworld,,,,,,,,,,0.0,0.0,0.0,0,5,1,5,0,0,0,0,0,0,False,no_on_batch_decision,,,1e-08,,,,,,,,,,,,,,,,,,,,,,,,0,5,1
5,null,skillnet:alfworld-receptacle-searcher,late,0,0,0,0,0,0,False,no_on_batch_decision,,,1e-08,,,,,,,,,,,,,,,,,,,,,,,,all_alfworld,,,,,,,,,,0.0,0.0,0.0,0,5,1,5,0,0,0,0,0,0,False,no_on_batch_decision,,,1e-08,,,,,,,,,,,,,,,,,,,,,,,,0,5,1
5,null,skillnet:alfworld-storage-explorer,all,9875,786,584,9,8,42,True,,0.7399493670886076,0.253873417721519,1e-08,-0.07964618685046705,0.15449828670766083,0.35354860480795236,-4.088151751365206e-05,-0.0012280299741871388,608.0379411495314,291.385571614454,1594.5614156719218,1799.1909592231452,0.08419749459136958,0.020465196733085785,0.02765817254781723,-0.08169734141662435,0.1542341909582358,0.15939222802291772,0.969030274386321,,,0.06555683888678182,0.6846391968144715,2.889043673304201,6.838349744563795,47.347729093245874,all_alfworld,-0.07964618685046705,0.15449828670766083,6.602198350261388e-18,1.6960666848378028e-18,1.243026756595812e-16,8.09475046333871e-08,-2.073165830287381e-16,-1.158841366545562e-18,0.253873417721519,0.0,0.0,0.0,0,5,1,5,9875,786,584,9,8,42,True,,0.7399493670886076,0.253873417721519,1e-08,-0.07962129191638098,0.15453132888537613,0.3538104801761316,-4.18843906644092e-05,-0.001224470648289088,608.0379411942529,291.3855716093562,1594.5614157491652,1799.1909593633654,0.08419749459136958,0.020465196733085785,0.02765817254781723,-0.08162028437657554,0.15427563787700627,0.15942645701752906,0.969030274386321,,0.06555683888678182,,0.6846391968144715,2.889043673304201,6.838349744563795,47.347729093245874,0,5,1
5,null,skillnet:alfworld-storage-explorer,initial,172,16,16,2,2,16,True,,1.0,0.38953488372093026,1e-08,0.18140293248332565,0.12121244547883667,0.3072150711945238,0.00022799553311453008,-6.111327703294403e-05,554.7599816329385,320.64879967528617,1502.3762694519223,1793.4441792050093,0.07778022253589435,0.017441402418547747,0.4444685488246208,0.166454506095918,0.11449003222612081,0.10923685015239129,1.0685445070266724,,,0.048796501592732966,0.7127574048936367,2.7384453415870667,6.991622984409332,53.21408557891846,all_alfworld,0.18140293248332565,0.12121244547883667,2.03325728347049e-17,5.480303168735323e-19,1.63144691554656e-16,4.443464703743156e-08,-9.165794738184432e-17,-6.130535494034576e-18,0.38953488372093026,0.0,0.0,0.0,0,5,1,5,172,16,16,2,2,16,True,,1.0,0.38953488372093026,1e-08,0.18113947154015822,0.12122692734267497,0.30795428169066763,0.00022727353320716598,-5.4332204181415395e-05,554.759981411801,320.64879953173255,1502.3762696469787,1793.4441792380621,0.07778022253589435,0.017441402418547747,0.4444685488246208,0.16734683319058297,0.11452357139159122,0.1092498286520246,1.0685445070266724,,0.048796501592732966,,0.7127574048936367,2.7384453415870667,6.991622984409332,53.21408557891846,0,5,1
5,null,skillnet:alfworld-storage-explorer,early,1258,104,80,7,6,35,True,,0.7591414944356121,0.31319554848966613,1e-08,0.0017456441229626505,0.16524644655975113,0.3201272217333336,9.27771323086522e-06,-0.000628572319328973,575.0833412300552,287.3692594690554,1587.0480179572737,1730.5671011330317,0.09280072659284955,0.020545464634789696,-0.11347882298009385,0.000390677490497068,0.16521185640751682,0.17633995181647644,0.9679223665824304,,,0.0849736752257181,0.6663726018025324,2.8381482500296373,6.833182247785421,46.583262516902046,all_alfworld,0.0017456441229626505,0.16524644655975113,6.519692046437475e-18,1.1553808253785235e-17,1.256616173288422e-16,1.0317050377548554e-07,-2.257512318752902e-16,-9.225156201983303e-18,0.31319554848966613,0.0,0.0,0.0,0,5,1,5,1258,104,80,7,6,35,True,,0.7591414944356121,0.31319554848966613,1e-08,0.0017773550983151251,0.16526853661374274,0.320334692394232,8.735332601942063e-06,-0.0006265800304557545,575.0833412861938,287.3692594638782,1587.0480179583978,1730.5671014007671,0.09280072659284955,0.020545464634789696,-0.11347882298009385,0.00046257295293337616,0.16524085588364296,0.17636171090835642,0.9679223665824304,,0.0849736752257181,,0.6663726018025324,2.8381482500296373,6.833182247785421,46.583262516902046,0,5,1
5,null,skillnet:alfworld-storage-explorer,middle,2255,178,133,6,5,25,True,,0.7348115299334812,0.2709534368070953,1e-08,-0.0318133184248963,0.14534628622279733,0.3250161308529286,-1.9073593654091216e-05,-0.00104315570395363,604.9540300349738,294.34982676316974,1618.9861793567973,1815.8426196541557,0.07848485186933292,0.01958315830740121,0.03115200692758856,-0.03233351443227352,0.1438920226274708,0.15269760306365607,0.9651246499479487,,,0.061354510326872405,0.6905273721459206,2.9318344137641823,6.903897644428724,47.90716490584813,all_alfworld,-0.0318133184248963,0.14534628622279733,6.383162160640102e-18,2.2685871198544653e-19,1.2781074038418307e-16,8.279170298406984e-08,-2.102284840421028e-16,-2.158495313418744e-19,0.2709534368070953,0.0,0.0,0.0,0,5,1,5,2255,178,133,6,5,25,True,,0.7348115299334812,0.2709534368070953,1e-08,-0.03174662344347293,0.1453858086703488,0.32526649321552326,-2.0148710032970144e-05,-0.0010393969745269374,604.9540300684168,294.34982675967086,1618.9861794658302,1815.84261973932,0.07848485186933292,0.01958315830740121,0.03115200692758856,-0.03227397309955574,0.14395043459299953,0.15273887992260773,0.9651246499479487,,0.061354510326872405,,0.6905273721459206,2.9318344137641823,6.903897644428724,47.90716490584813,0,5,1
5,null,skillnet:alfworld-storage-explorer,late,6190,488,355,7,6,25,True,,0.7306946688206785,0.23182552504038773,1e-08,-0.12086662145299516,0.15657288132652922,0.372022626852857,-6.649121594466333e-05,-0.001449632378241849,617.3392198730988,290.308810724647,1589.7520226776521,1807.2309859385819,0.08470846620265755,0.02085422940702371,0.04348698662344204,-0.12325861369562713,0.15687517347077265,0.1598667485437105,0.9674282166801516,,,0.06350116040546888,0.6854624331730311,2.8892197911856603,6.810516797128271,47.11425213735612,all_alfworld,-0.12086662145299518,0.15657288132652922,6.317237950662389e-18,2.5979646518288302e-19,1.216692247213162e-16,7.677383925454299e-08,-2.0572307096042884e-16,2.751019072063723e-19,0.23182552504038773,0.0,0.0,0.0,0,5,1,5,6190,488,355,7,6,25,True,,0.7306946688206785,0.23182552504038773,1e-08,-0.1208503269188721,0.15660630430184558,0.3722864895081674,-6.756916200509997e-05,-0.0014459167458584748,617.339219926996,290.3088107228301,1589.7520227555112,1807.2309860759221,0.08470846620265755,0.02085422940702371,0.04348698662344204,-0.12319678044632562,0.15691318950682492,0.15990176105871357,0.9674282166801516,,0.06350116040546888,,0.6854624331730311,2.8892197911856603,6.810516797128271,47.11425213735612,0,5,1
5,null,skillnet:alfworld-temperature-regulator,all,53,4,3,2,1,3,True,,0.7735849056603774,0.49056603773584906,1e-08,0.35092832869244717,0.15216356787167942,0.25047790916755097,0.00022937684274103754,0.0008029044601891616,671.3083771774453,353.91293044706697,1306.9333760820773,1399.6737483773982,0.11986613347959106,0.022733926478418858,-0.25973904245304613,0.37410964490188287,0.13985492407542097,0.148967196109807,1.1169652938842773,,,0.08903264999389648,0.8549644500017166,3.4949252009391785,8.401604413986206,56.4739465713501,all_alfworld,0.3509283286924471,0.15216356787167942,1.9638378973322343e-17,1.150686267968106e-21,2.2839434745973886e-16,1.4270708305420272e-07,-7.331661483373675e-17,3.7749415454966e-18,0.49056603773584906,0.0,0.0,0.0,0,5,1,5,53,4,3,2,1,3,True,,0.7735849056603774,0.49056603773584906,1e-08,0.3519144921634399,0.1522917843411899,0.2507120042161636,0.00022934087408502858,0.0007989754262142934,671.3083770878641,353.9129304096047,1306.9333763772843,1399.6737488672452,0.11986613347959106,0.022733926478418858,-0.25973904245304613,0.37425809278067107,0.1402630203142679,0.14912653121342473,1.1169652938842773,,0.08903264999389648,,0.8549644500017166,3.4949252009391785,8.401604413986206,56.4739465713501,0,5,1
5,null,skillnet:alfworld-temperature-regulator,initial,0,0,0,0,0,0,False,no_on_batch_decision,,,1e-08,,,,,,,,,,,,,,,,,,,,,,,,all_alfworld,,,,,,,,,,0.0,0.0,0.0,0,5,1,5,0,0,0,0,0,0,False,no_on_batch_decision,,,1e-08,,,,,,,,,,,,,,,,,,,,,,,,0,5,1
5,null,skillnet:alfworld-temperature-regulator,early,0,0,0,0,0,0,False,no_on_batch_decision,,,1e-08,,,,,,,,,,,,,,,,,,,,,,,,all_alfworld,,,,,,,,,,0.0,0.0,0.0,0,5,1,5,0,0,0,0,0,0,False,no_on_batch_decision,,,1e-08,,,,,,,,,,,,,,,,,,,,,,,,0,5,1
5,null,skillnet:alfworld-temperature-regulator,middle,29,2,2,1,1,2,True,,1.0,0.5862068965517241,1e-08,0.7845649107918917,0.107187190529522,0.21501306068476697,0.000315327263260615,0.0008192754762314143,827.3281902257676,378.0979259519851,1201.876549501148,1341.065046844528,0.1406406373280819,0.02516145704765434,-0.09319408803150572,0.8056390062771505,0.10366767975306541,0.0914243683928276,1.3437519073486328,,,0.10987904667854309,0.8196707963943481,3.546730399131775,9.079957485198975,60.567739486694336,all_alfworld,0.7845649107918917,0.107187190529522,3.301956409445509e-17,2.1029783518037802e-21,3.035167902450455e-16,1.2292951155097167e-07,-2.220446049250313e-16,7.882004164544257e-18,0.5862068965517241,0.0,0.0,0.0,0,5,1,5,29,2,2,1,1,2,True,,1.0,0.5862068965517241,1e-08,0.7867032546641277,0.1070872291121209,0.21510389824975726,0.000314617707765985,0.0008158126343867857,827.3281900876184,378.0979258535681,1201.8765496035999,1341.065047532099,0.1406406373280819,0.02516145704765434,-0.09319408803150572,0.8062970765731411,0.10400676790056682,0.09133910718386781,1.3437519073486328,,0.10987904667854309,,0.8196707963943481,3.546730399131775,9.079957485198975,60.567739486694336,0,5,1
5,null,skillnet:alfworld-temperature-regulator,late,24,2,1,2,1,1,True,,0.5,0.375,1e-08,-0.17304920801104842,0.20651002382678638,0.293331267750915,0.00012552008461321471,0.000783122815804773,482.7844364107227,324.68939421195773,1433.8770415340325,1470.4925960629491,0.09476360799599798,0.019800660373925968,-0.4609808623790741,-0.14732166675989875,0.18358117763160062,0.20651002382678638,0.8901786804199219,,,0.06818625330924988,0.8902581036090851,3.443120002746582,7.7232513427734375,52.38015365600586,all_alfworld,-0.17304920801104842,0.20651002382678638,3.469446951953614e-18,0.0,1.376213957608267e-16,1.6660498195394022e-07,1.0639637319324417e-16,-1.1877591191859848e-18,0.375,0.0,0.0,0.0,0,5,1,5,24,2,1,2,1,1,True,,0.5,0.375,1e-08,-0.1734552625248913,0.20691395524298165,0.2937384655922379,0.00012629803338720633,0.0007786304663391984,482.78443637982724,324.68939424814903,1433.8770420621534,1470.4925963138805,0.09476360799599798,0.019800660373925968,-0.4609808623790741,-0.14778901263523037,0.1840726586474901,0.20691395524298165,0.8901786804199219,,0.06818625330924988,,0.8902581036090851,3.443120002746582,7.7232513427734375,52.38015365600586,0,5,1
5,null,skillnet:alfworld-tool-locator,all,0,0,0,0,0,0,False,no_on_batch_decision,,,1e-08,,,,,,,,,,,,,,,,,,,,,,,,all_alfworld,,,,,,,,,,0.0,0.0,0.0,0,5,1,5,0,0,0,0,0,0,False,no_on_batch_decision,,,1e-08,,,,,,,,,,,,,,,,,,,,,,,,0,5,1
5,null,skillnet:alfworld-tool-locator,initial,0,0,0,0,0,0,False,no_on_batch_decision,,,1e-08,,,,,,,,,,,,,,,,,,,,,,,,all_alfworld,,,,,,,,,,0.0,0.0,0.0,0,5,1,5,0,0,0,0,0,0,False,no_on_batch_decision,,,1e-08,,,,,,,,,,,,,,,,,,,,,,,,0,5,1
5,null,skillnet:alfworld-tool-locator,early,0,0,0,0,0,0,False,no_on_batch_decision,,,1e-08,,,,,,,,,,,,,,,,,,,,,,,,all_alfworld,,,,,,,,,,0.0,0.0,0.0,0,5,1,5,0,0,0,0,0,0,False,no_on_batch_decision,,,1e-08,,,,,,,,,,,,,,,,,,,,,,,,0,5,1
5,null,skillnet:alfworld-tool-locator,middle,0,0,0,0,0,0,False,no_on_batch_decision,,,1e-08,,,,,,,,,,,,,,,,,,,,,,,,all_alfworld,,,,,,,,,,0.0,0.0,0.0,0,5,1,5,0,0,0,0,0,0,False,no_on_batch_decision,,,1e-08,,,,,,,,,,,,,,,,,,,,,,,,0,5,1
5,null,skillnet:alfworld-tool-locator,late,0,0,0,0,0,0,False,no_on_batch_decision,,,1e-08,,,,,,,,,,,,,,,,,,,,,,,,all_alfworld,,,,,,,,,,0.0,0.0,0.0,0,5,1,5,0,0,0,0,0,0,False,no_on_batch_decision,,,1e-08,,,,,,,,,,,,,,,,,,,,,,,,0,5,1
