context_id,phase,score,threshold,candidates,declines,average_precision,auroc_decline_vs_rest,spearman,kendall,P_sign_scored_units,P_sign_agreement_on_nonzero_point_delta,tie_handling_ap,zero_event_is_undefined,variant,control,seed
all_alfworld,all,C_upd,0.0,19,1,0.1,0.5,-0.062969605609847,-0.04995124328435701,,,threshold-grouped standard AP,False,legacy_recorded,placebo,505
all_alfworld,all,D_contribution,0.0,19,1,0.0625,0.16666666666666663,-0.05217481607673037,-0.012487810821089252,,,threshold-grouped standard AP,False,legacy_recorded,placebo,505
all_alfworld,all,D_ungated_contribution,0.0,19,1,0.0625,0.16666666666666663,-0.10614876374231351,-0.062439054105446264,,,threshold-grouped standard AP,False,legacy_recorded,placebo,505
all_alfworld,all,P_int,0.0,19,1,0.07692307692307693,0.33333333333333337,-0.021589579066233256,-0.012487810821089252,11.0,0.18181818181818182,threshold-grouped standard AP,False,legacy_recorded,placebo,505
all_alfworld,all,activation_l16_norm,0.0,19,1,0.07692307692307693,0.33333333333333337,-0.17991315888527712,-0.13736591903198178,,,threshold-grouped standard AP,False,legacy_recorded,placebo,505
all_alfworld,all,activation_l24_norm,0.0,19,1,0.2,0.7777777777777778,-0.003598263177705543,-0.024975621642178505,,,threshold-grouped standard AP,False,legacy_recorded,placebo,505
all_alfworld,all,activation_l32_norm,0.0,19,1,0.14285714285714285,0.6666666666666667,-0.017991315888527717,-0.012487810821089252,,,threshold-grouped standard AP,False,legacy_recorded,placebo,505
all_alfworld,all,activation_l8_norm,0.0,19,1,0.0625,0.16666666666666663,-0.29865584374956006,-0.2122927839585173,,,threshold-grouped standard AP,False,legacy_recorded,placebo,505
all_alfworld,all,delta_centered_norm,0.0,19,1,0.16666666666666666,0.7222222222222222,0.1997036063626576,0.13736591903198178,,,threshold-grouped standard AP,False,legacy_recorded,placebo,505
all_alfworld,all,delta_norm,0.0,19,1,0.3333333333333333,0.8888888888888888,0.11514442168657738,0.062439054105446264,,,threshold-grouped standard AP,False,legacy_recorded,placebo,505
all_alfworld,all,forward_kl_original,0.0,19,1,0.09090909090909091,0.4444444444444444,-0.3274419491712044,-0.23726840560069581,,,threshold-grouped standard AP,False,legacy_recorded,placebo,505
all_alfworld,all,js_original,0.0,19,1,0.1,0.5,-0.22129318542889087,-0.13736591903198178,,,threshold-grouped standard AP,False,legacy_recorded,placebo,505
all_alfworld,all,old_margin,0.0,19,1,0.1111111111111111,0.5555555555555556,-0.2741117043132535,-0.19398101800628886,,,threshold-grouped standard AP,False,legacy_recorded,placebo,505
all_alfworld,all,u_control_norm,0.0,19,1,0.2,0.7777777777777778,0.5847177663771507,0.4495611895592131,,,threshold-grouped standard AP,False,legacy_recorded,placebo,505
all_alfworld,all,u_original_norm,0.0,19,1,0.3333333333333333,0.8888888888888888,0.45697942356860394,0.3746343246326776,,,threshold-grouped standard AP,False,legacy_recorded,placebo,505
all_alfworld,all,random_expected,0.0,19,1,0.05263157894736842,0.5,,,,,threshold-grouped standard AP,False,legacy_recorded,placebo,505
all_alfworld,all,C_upd,0.05,19,0,,,-0.062969605609847,-0.04995124328435701,,,threshold-grouped standard AP,True,legacy_recorded,placebo,505
all_alfworld,all,D_contribution,0.05,19,0,,,-0.05217481607673037,-0.012487810821089252,,,threshold-grouped standard AP,True,legacy_recorded,placebo,505
all_alfworld,all,D_ungated_contribution,0.05,19,0,,,-0.10614876374231351,-0.062439054105446264,,,threshold-grouped standard AP,True,legacy_recorded,placebo,505
all_alfworld,all,P_int,0.05,19,0,,,-0.021589579066233256,-0.012487810821089252,11.0,0.18181818181818182,threshold-grouped standard AP,True,legacy_recorded,placebo,505
all_alfworld,all,activation_l16_norm,0.05,19,0,,,-0.17991315888527712,-0.13736591903198178,,,threshold-grouped standard AP,True,legacy_recorded,placebo,505
all_alfworld,all,activation_l24_norm,0.05,19,0,,,-0.003598263177705543,-0.024975621642178505,,,threshold-grouped standard AP,True,legacy_recorded,placebo,505
all_alfworld,all,activation_l32_norm,0.05,19,0,,,-0.017991315888527717,-0.012487810821089252,,,threshold-grouped standard AP,True,legacy_recorded,placebo,505
all_alfworld,all,activation_l8_norm,0.05,19,0,,,-0.29865584374956006,-0.2122927839585173,,,threshold-grouped standard AP,True,legacy_recorded,placebo,505
all_alfworld,all,delta_centered_norm,0.05,19,0,,,0.1997036063626576,0.13736591903198178,,,threshold-grouped standard AP,True,legacy_recorded,placebo,505
all_alfworld,all,delta_norm,0.05,19,0,,,0.11514442168657738,0.062439054105446264,,,threshold-grouped standard AP,True,legacy_recorded,placebo,505
all_alfworld,all,forward_kl_original,0.05,19,0,,,-0.3274419491712044,-0.23726840560069581,,,threshold-grouped standard AP,True,legacy_recorded,placebo,505
all_alfworld,all,js_original,0.05,19,0,,,-0.22129318542889087,-0.13736591903198178,,,threshold-grouped standard AP,True,legacy_recorded,placebo,505
all_alfworld,all,old_margin,0.05,19,0,,,-0.2741117043132535,-0.19398101800628886,,,threshold-grouped standard AP,True,legacy_recorded,placebo,505
all_alfworld,all,u_control_norm,0.05,19,0,,,0.5847177663771507,0.4495611895592131,,,threshold-grouped standard AP,True,legacy_recorded,placebo,505
all_alfworld,all,u_original_norm,0.05,19,0,,,0.45697942356860394,0.3746343246326776,,,threshold-grouped standard AP,True,legacy_recorded,placebo,505
all_alfworld,all,random_expected,0.05,19,0,,,,,,,threshold-grouped standard AP,True,legacy_recorded,placebo,505
all_alfworld,early,C_upd,0.0,14,4,0.2571789321789322,0.3375,-0.2798699963913215,-0.18081693429888276,,,threshold-grouped standard AP,False,legacy_recorded,placebo,505
all_alfworld,early,D_contribution,0.0,14,4,0.3214285714285714,0.46249999999999997,0.014380671751332725,0.04520423357472069,,,threshold-grouped standard AP,False,legacy_recorded,placebo,505
all_alfworld,early,D_ungated_contribution,0.0,14,4,0.3214285714285714,0.46249999999999997,0.10508952433666223,0.13561270072416207,,,threshold-grouped standard AP,False,legacy_recorded,placebo,505
all_alfworld,early,P_int,0.0,14,4,0.40158730158730155,0.6625,0.46792493467798024,0.3390317518104051,10.0,0.7,threshold-grouped standard AP,False,legacy_recorded,placebo,505
all_alfworld,early,activation_l16_norm,0.0,14,4,0.5562770562770563,0.525,0.13038873034591986,0.10114913821769637,,,threshold-grouped standard AP,False,legacy_recorded,placebo,505
all_alfworld,early,activation_l24_norm,0.0,14,4,0.49851190476190477,0.525,0.0022099784804393194,0.011238793135299597,,,threshold-grouped standard AP,False,legacy_recorded,placebo,505
all_alfworld,early,activation_l32_norm,0.0,14,4,0.37976190476190474,0.5000000000000001,0.22762778348524987,0.16858189702949394,,,threshold-grouped standard AP,False,legacy_recorded,placebo,505
all_alfworld,early,activation_l8_norm,0.0,14,4,0.43127705627705626,0.5,0.12154881642416256,0.07867155194709718,,,threshold-grouped standard AP,False,legacy_recorded,placebo,505
all_alfworld,early,delta_centered_norm,0.0,14,4,0.39017857142857143,0.525,0.3535965568702911,0.25849224211189076,,,threshold-grouped standard AP,False,legacy_recorded,placebo,505
all_alfworld,early,delta_norm,0.0,14,4,0.39567307692307696,0.55,0.15027853666987373,0.12362672448829556,,,threshold-grouped standard AP,False,legacy_recorded,placebo,505
all_alfworld,early,forward_kl_original,0.0,14,4,0.8041666666666667,0.925,0.28950718093755085,0.19105948330009315,,,threshold-grouped standard AP,False,legacy_recorded,placebo,505
all_alfworld,early,js_original,0.0,14,4,0.7470238095238095,0.875,0.2607774606918397,0.21353706957069232,,,threshold-grouped standard AP,False,legacy_recorded,placebo,505
all_alfworld,early,old_margin,0.0,14,4,0.27164502164502163,0.3,-0.46431718928046,-0.36138810990910425,,,threshold-grouped standard AP,False,legacy_recorded,placebo,505
all_alfworld,early,u_control_norm,0.0,14,4,0.4131944444444444,0.65,0.2828772454962329,0.23601465584129153,,,threshold-grouped standard AP,False,legacy_recorded,placebo,505
all_alfworld,early,u_original_norm,0.0,14,4,0.475,0.65,0.44641565304874253,0.3484025871942875,,,threshold-grouped standard AP,False,legacy_recorded,placebo,505
all_alfworld,early,random_expected,0.0,14,4,0.2857142857142857,0.5,,,,,threshold-grouped standard AP,False,legacy_recorded,placebo,505
all_alfworld,early,C_upd,0.05,14,4,0.2571789321789322,0.3375,-0.2798699963913215,-0.18081693429888276,,,threshold-grouped standard AP,False,legacy_recorded,placebo,505
all_alfworld,early,D_contribution,0.05,14,4,0.3214285714285714,0.46249999999999997,0.014380671751332725,0.04520423357472069,,,threshold-grouped standard AP,False,legacy_recorded,placebo,505
all_alfworld,early,D_ungated_contribution,0.05,14,4,0.3214285714285714,0.46249999999999997,0.10508952433666223,0.13561270072416207,,,threshold-grouped standard AP,False,legacy_recorded,placebo,505
all_alfworld,early,P_int,0.05,14,4,0.40158730158730155,0.6625,0.46792493467798024,0.3390317518104051,10.0,0.7,threshold-grouped standard AP,False,legacy_recorded,placebo,505
all_alfworld,early,activation_l16_norm,0.05,14,4,0.5562770562770563,0.525,0.13038873034591986,0.10114913821769637,,,threshold-grouped standard AP,False,legacy_recorded,placebo,505
all_alfworld,early,activation_l24_norm,0.05,14,4,0.49851190476190477,0.525,0.0022099784804393194,0.011238793135299597,,,threshold-grouped standard AP,False,legacy_recorded,placebo,505
all_alfworld,early,activation_l32_norm,0.05,14,4,0.37976190476190474,0.5000000000000001,0.22762778348524987,0.16858189702949394,,,threshold-grouped standard AP,False,legacy_recorded,placebo,505
all_alfworld,early,activation_l8_norm,0.05,14,4,0.43127705627705626,0.5,0.12154881642416256,0.07867155194709718,,,threshold-grouped standard AP,False,legacy_recorded,placebo,505
all_alfworld,early,delta_centered_norm,0.05,14,4,0.39017857142857143,0.525,0.3535965568702911,0.25849224211189076,,,threshold-grouped standard AP,False,legacy_recorded,placebo,505
all_alfworld,early,delta_norm,0.05,14,4,0.39567307692307696,0.55,0.15027853666987373,0.12362672448829556,,,threshold-grouped standard AP,False,legacy_recorded,placebo,505
all_alfworld,early,forward_kl_original,0.05,14,4,0.8041666666666667,0.925,0.28950718093755085,0.19105948330009315,,,threshold-grouped standard AP,False,legacy_recorded,placebo,505
all_alfworld,early,js_original,0.05,14,4,0.7470238095238095,0.875,0.2607774606918397,0.21353706957069232,,,threshold-grouped standard AP,False,legacy_recorded,placebo,505
all_alfworld,early,old_margin,0.05,14,4,0.27164502164502163,0.3,-0.46431718928046,-0.36138810990910425,,,threshold-grouped standard AP,False,legacy_recorded,placebo,505
all_alfworld,early,u_control_norm,0.05,14,4,0.4131944444444444,0.65,0.2828772454962329,0.23601465584129153,,,threshold-grouped standard AP,False,legacy_recorded,placebo,505
all_alfworld,early,u_original_norm,0.05,14,4,0.475,0.65,0.44641565304874253,0.3484025871942875,,,threshold-grouped standard AP,False,legacy_recorded,placebo,505
all_alfworld,early,random_expected,0.05,14,4,0.2857142857142857,0.5,,,,,threshold-grouped standard AP,False,legacy_recorded,placebo,505
all_alfworld,initial,C_upd,0.0,7,2,0.26666666666666666,0.24999999999999997,0.23424374030084538,0.29277002188455997,,,threshold-grouped standard AP,False,legacy_recorded,placebo,505
all_alfworld,initial,D_contribution,0.0,7,2,0.24285714285714285,0.14999999999999997,-0.4504687313477795,-0.39036002917941326,,,threshold-grouped standard AP,False,legacy_recorded,placebo,505
all_alfworld,initial,D_ungated_contribution,0.0,7,2,0.24285714285714285,0.14999999999999997,-0.4504687313477795,-0.39036002917941326,,,threshold-grouped standard AP,False,legacy_recorded,placebo,505
all_alfworld,initial,P_int,0.0,7,2,0.41666666666666663,0.65,-0.34235623582431246,-0.29277002188455997,4.0,0.5,threshold-grouped standard AP,False,legacy_recorded,placebo,505
all_alfworld,initial,activation_l16_norm,0.0,7,2,0.3666666666666667,0.5,-0.07142857142857144,0.04761904761904762,,,threshold-grouped standard AP,False,legacy_recorded,placebo,505
all_alfworld,initial,activation_l24_norm,0.0,7,2,0.5833333333333333,0.8,0.39285714285714296,0.23809523809523814,,,threshold-grouped standard AP,False,legacy_recorded,placebo,505
all_alfworld,initial,activation_l32_norm,0.0,7,2,0.8333333333333333,0.9,0.4642857142857144,0.33333333333333337,,,threshold-grouped standard AP,False,legacy_recorded,placebo,505
all_alfworld,initial,activation_l8_norm,0.0,7,2,0.3333333333333333,0.39999999999999997,-0.10714285714285716,-0.04761904761904762,,,threshold-grouped standard AP,False,legacy_recorded,placebo,505
all_alfworld,initial,delta_centered_norm,0.0,7,2,0.5833333333333333,0.8,0.39285714285714296,0.23809523809523814,,,threshold-grouped standard AP,False,legacy_recorded,placebo,505
all_alfworld,initial,delta_norm,0.0,7,2,0.5833333333333333,0.8,0.42857142857142866,0.33333333333333337,,,threshold-grouped standard AP,False,legacy_recorded,placebo,505
all_alfworld,initial,forward_kl_original,0.0,7,2,0.45,0.6,0.0,-0.04761904761904762,,,threshold-grouped standard AP,False,legacy_recorded,placebo,505
all_alfworld,initial,js_original,0.0,7,2,0.45,0.6,0.03571428571428572,0.04761904761904762,,,threshold-grouped standard AP,False,legacy_recorded,placebo,505
all_alfworld,initial,old_margin,0.0,7,2,0.3333333333333333,0.3,-0.37062465833055064,-0.3086066999241839,,,threshold-grouped standard AP,False,legacy_recorded,placebo,505
all_alfworld,initial,u_control_norm,0.0,7,2,0.6428571428571428,0.5,-0.3571428571428572,-0.33333333333333337,,,threshold-grouped standard AP,False,legacy_recorded,placebo,505
all_alfworld,initial,u_original_norm,0.0,7,2,0.6428571428571428,0.5,-0.25,-0.23809523809523814,,,threshold-grouped standard AP,False,legacy_recorded,placebo,505
all_alfworld,initial,random_expected,0.0,7,2,0.2857142857142857,0.5,,,,,threshold-grouped standard AP,False,legacy_recorded,placebo,505
all_alfworld,initial,C_upd,0.05,7,0,,,0.23424374030084538,0.29277002188455997,,,threshold-grouped standard AP,True,legacy_recorded,placebo,505
all_alfworld,initial,D_contribution,0.05,7,0,,,-0.4504687313477795,-0.39036002917941326,,,threshold-grouped standard AP,True,legacy_recorded,placebo,505
all_alfworld,initial,D_ungated_contribution,0.05,7,0,,,-0.4504687313477795,-0.39036002917941326,,,threshold-grouped standard AP,True,legacy_recorded,placebo,505
all_alfworld,initial,P_int,0.05,7,0,,,-0.34235623582431246,-0.29277002188455997,4.0,0.5,threshold-grouped standard AP,True,legacy_recorded,placebo,505
all_alfworld,initial,activation_l16_norm,0.05,7,0,,,-0.07142857142857144,0.04761904761904762,,,threshold-grouped standard AP,True,legacy_recorded,placebo,505
all_alfworld,initial,activation_l24_norm,0.05,7,0,,,0.39285714285714296,0.23809523809523814,,,threshold-grouped standard AP,True,legacy_recorded,placebo,505
all_alfworld,initial,activation_l32_norm,0.05,7,0,,,0.4642857142857144,0.33333333333333337,,,threshold-grouped standard AP,True,legacy_recorded,placebo,505
all_alfworld,initial,activation_l8_norm,0.05,7,0,,,-0.10714285714285716,-0.04761904761904762,,,threshold-grouped standard AP,True,legacy_recorded,placebo,505
all_alfworld,initial,delta_centered_norm,0.05,7,0,,,0.39285714285714296,0.23809523809523814,,,threshold-grouped standard AP,True,legacy_recorded,placebo,505
all_alfworld,initial,delta_norm,0.05,7,0,,,0.42857142857142866,0.33333333333333337,,,threshold-grouped standard AP,True,legacy_recorded,placebo,505
all_alfworld,initial,forward_kl_original,0.05,7,0,,,0.0,-0.04761904761904762,,,threshold-grouped standard AP,True,legacy_recorded,placebo,505
all_alfworld,initial,js_original,0.05,7,0,,,0.03571428571428572,0.04761904761904762,,,threshold-grouped standard AP,True,legacy_recorded,placebo,505
all_alfworld,initial,old_margin,0.05,7,0,,,-0.37062465833055064,-0.3086066999241839,,,threshold-grouped standard AP,True,legacy_recorded,placebo,505
all_alfworld,initial,u_control_norm,0.05,7,0,,,-0.3571428571428572,-0.33333333333333337,,,threshold-grouped standard AP,True,legacy_recorded,placebo,505
all_alfworld,initial,u_original_norm,0.05,7,0,,,-0.25,-0.23809523809523814,,,threshold-grouped standard AP,True,legacy_recorded,placebo,505
all_alfworld,initial,random_expected,0.05,7,0,,,,,,,threshold-grouped standard AP,True,legacy_recorded,placebo,505
all_alfworld,late,C_upd,0.0,13,1,0.08333333333333333,0.08333333333333337,-0.37274965820548744,-0.3202563076101742,,,threshold-grouped standard AP,False,legacy_recorded,placebo,505
all_alfworld,late,D_contribution,0.0,13,1,0.1111111111111111,0.33333333333333337,0.14095575310291542,0.09607689228305227,,,threshold-grouped standard AP,False,legacy_recorded,placebo,505
all_alfworld,late,D_ungated_contribution,0.0,13,1,0.1111111111111111,0.33333333333333337,0.053249951172212484,0.03202563076101742,,,threshold-grouped standard AP,False,legacy_recorded,placebo,505
all_alfworld,late,P_int,0.0,13,1,0.25,0.75,0.25685270565420143,0.22417941532712196,4.0,0.25,threshold-grouped standard AP,False,legacy_recorded,placebo,505
all_alfworld,late,activation_l16_norm,0.0,13,1,0.3333333333333333,0.8333333333333334,-0.05951465131011984,-0.03202563076101742,,,threshold-grouped standard AP,False,legacy_recorded,placebo,505
all_alfworld,late,activation_l24_norm,0.0,13,1,0.16666666666666666,0.5833333333333333,-0.07517640165488823,-0.06405126152203484,,,threshold-grouped standard AP,False,legacy_recorded,placebo,505
all_alfworld,late,activation_l32_norm,0.0,13,1,0.3333333333333333,0.8333333333333334,0.17227925379245218,0.09607689228305227,,,threshold-grouped standard AP,False,legacy_recorded,placebo,505
all_alfworld,late,activation_l8_norm,0.0,13,1,0.5,0.9166666666666666,0.27564680606792347,0.22417941532712196,,,threshold-grouped standard AP,False,legacy_recorded,placebo,505
all_alfworld,late,delta_centered_norm,0.0,13,1,0.3333333333333333,0.8333333333333334,0.20360275448198892,0.1601281538050871,,,threshold-grouped standard AP,False,legacy_recorded,placebo,505
all_alfworld,late,delta_norm,0.0,13,1,0.3333333333333333,0.8333333333333334,0.4917789608257271,0.4483588306542439,,,threshold-grouped standard AP,False,legacy_recorded,placebo,505
all_alfworld,late,forward_kl_original,0.0,13,1,0.1,0.25,-0.6483964642734109,-0.5444357229372961,,,threshold-grouped standard AP,False,legacy_recorded,placebo,505
all_alfworld,late,js_original,0.0,13,1,0.1,0.25,-0.463587810205144,-0.3522819383711916,,,threshold-grouped standard AP,False,legacy_recorded,placebo,505
all_alfworld,late,old_margin,0.0,13,1,0.09090909090909091,0.5833333333333333,0.1344632185501193,0.1179535649239177,,,threshold-grouped standard AP,False,legacy_recorded,placebo,505
all_alfworld,late,u_control_norm,0.0,13,1,1.0,1.0,0.7642934168246969,0.6405126152203484,,,threshold-grouped standard AP,False,legacy_recorded,placebo,505
all_alfworld,late,u_original_norm,0.0,13,1,1.0,1.0,0.5262348115842176,0.4483588306542439,,,threshold-grouped standard AP,False,legacy_recorded,placebo,505
all_alfworld,late,random_expected,0.0,13,1,0.07692307692307693,0.5,,,,,threshold-grouped standard AP,False,legacy_recorded,placebo,505
all_alfworld,late,C_upd,0.05,13,1,0.08333333333333333,0.08333333333333337,-0.37274965820548744,-0.3202563076101742,,,threshold-grouped standard AP,False,legacy_recorded,placebo,505
all_alfworld,late,D_contribution,0.05,13,1,0.1111111111111111,0.33333333333333337,0.14095575310291542,0.09607689228305227,,,threshold-grouped standard AP,False,legacy_recorded,placebo,505
all_alfworld,late,D_ungated_contribution,0.05,13,1,0.1111111111111111,0.33333333333333337,0.053249951172212484,0.03202563076101742,,,threshold-grouped standard AP,False,legacy_recorded,placebo,505
all_alfworld,late,P_int,0.05,13,1,0.25,0.75,0.25685270565420143,0.22417941532712196,4.0,0.25,threshold-grouped standard AP,False,legacy_recorded,placebo,505
all_alfworld,late,activation_l16_norm,0.05,13,1,0.3333333333333333,0.8333333333333334,-0.05951465131011984,-0.03202563076101742,,,threshold-grouped standard AP,False,legacy_recorded,placebo,505
all_alfworld,late,activation_l24_norm,0.05,13,1,0.16666666666666666,0.5833333333333333,-0.07517640165488823,-0.06405126152203484,,,threshold-grouped standard AP,False,legacy_recorded,placebo,505
all_alfworld,late,activation_l32_norm,0.05,13,1,0.3333333333333333,0.8333333333333334,0.17227925379245218,0.09607689228305227,,,threshold-grouped standard AP,False,legacy_recorded,placebo,505
all_alfworld,late,activation_l8_norm,0.05,13,1,0.5,0.9166666666666666,0.27564680606792347,0.22417941532712196,,,threshold-grouped standard AP,False,legacy_recorded,placebo,505
all_alfworld,late,delta_centered_norm,0.05,13,1,0.3333333333333333,0.8333333333333334,0.20360275448198892,0.1601281538050871,,,threshold-grouped standard AP,False,legacy_recorded,placebo,505
all_alfworld,late,delta_norm,0.05,13,1,0.3333333333333333,0.8333333333333334,0.4917789608257271,0.4483588306542439,,,threshold-grouped standard AP,False,legacy_recorded,placebo,505
all_alfworld,late,forward_kl_original,0.05,13,1,0.1,0.25,-0.6483964642734109,-0.5444357229372961,,,threshold-grouped standard AP,False,legacy_recorded,placebo,505
all_alfworld,late,js_original,0.05,13,1,0.1,0.25,-0.463587810205144,-0.3522819383711916,,,threshold-grouped standard AP,False,legacy_recorded,placebo,505
all_alfworld,late,old_margin,0.05,13,1,0.09090909090909091,0.5833333333333333,0.1344632185501193,0.1179535649239177,,,threshold-grouped standard AP,False,legacy_recorded,placebo,505
all_alfworld,late,u_control_norm,0.05,13,1,1.0,1.0,0.7642934168246969,0.6405126152203484,,,threshold-grouped standard AP,False,legacy_recorded,placebo,505
all_alfworld,late,u_original_norm,0.05,13,1,1.0,1.0,0.5262348115842176,0.4483588306542439,,,threshold-grouped standard AP,False,legacy_recorded,placebo,505
all_alfworld,late,random_expected,0.05,13,1,0.07692307692307693,0.5,,,,,threshold-grouped standard AP,False,legacy_recorded,placebo,505
all_alfworld,middle,C_upd,0.0,12,0,,,0.32328388246773465,0.21576949235051995,,,threshold-grouped standard AP,True,legacy_recorded,placebo,505
all_alfworld,middle,D_contribution,0.0,12,0,,,0.3056566993783645,0.30104712360255265,,,threshold-grouped standard AP,True,legacy_recorded,placebo,505
all_alfworld,middle,D_ungated_contribution,0.0,12,0,,,0.2869598507297869,0.24896479886598458,,,threshold-grouped standard AP,True,legacy_recorded,placebo,505
all_alfworld,middle,P_int,0.0,12,0,,,0.04722124125933203,0.016597653257732305,6.0,0.5,threshold-grouped standard AP,True,legacy_recorded,placebo,505
all_alfworld,middle,activation_l16_norm,0.0,12,0,,,-0.21431178725389152,-0.18257418583505536,,,threshold-grouped standard AP,True,legacy_recorded,placebo,505
all_alfworld,middle,activation_l24_norm,0.0,12,0,,,-0.24700341581804441,-0.21576949235051995,,,threshold-grouped standard AP,True,legacy_recorded,placebo,505
all_alfworld,middle,activation_l32_norm,0.0,12,0,,,-0.15982573964696994,-0.11618357280412614,,,threshold-grouped standard AP,True,legacy_recorded,placebo,505
all_alfworld,middle,activation_l8_norm,0.0,12,0,,,-0.10170728886625359,-0.08298826628866152,,,threshold-grouped standard AP,True,legacy_recorded,placebo,505
all_alfworld,middle,delta_centered_norm,0.0,12,0,,,0.13439891743040655,0.11618357280412614,,,threshold-grouped standard AP,True,legacy_recorded,placebo,505
all_alfworld,middle,delta_norm,0.0,12,0,,,0.33781349516291376,0.31535541189691385,,,threshold-grouped standard AP,True,legacy_recorded,placebo,505
all_alfworld,middle,forward_kl_original,0.0,12,0,,,-0.4104615586388092,-0.3485507184123784,,,threshold-grouped standard AP,True,legacy_recorded,placebo,505
all_alfworld,middle,js_original,0.0,12,0,,,-0.44315318720296215,-0.38174602492784304,,,threshold-grouped standard AP,True,legacy_recorded,placebo,505
all_alfworld,middle,old_margin,0.0,12,0,,,-0.01620216819770764,0.06030226891555272,,,threshold-grouped standard AP,True,legacy_recorded,placebo,505
all_alfworld,middle,u_control_norm,0.0,12,0,,,0.6138761363713163,0.4813319444742369,,,threshold-grouped standard AP,True,legacy_recorded,placebo,505
all_alfworld,middle,u_original_norm,0.0,12,0,,,0.5339632665478313,0.41494133144330764,,,threshold-grouped standard AP,True,legacy_recorded,placebo,505
all_alfworld,middle,random_expected,0.0,12,0,,,,,,,threshold-grouped standard AP,True,legacy_recorded,placebo,505
all_alfworld,middle,C_upd,0.05,12,0,,,0.32328388246773465,0.21576949235051995,,,threshold-grouped standard AP,True,legacy_recorded,placebo,505
all_alfworld,middle,D_contribution,0.05,12,0,,,0.3056566993783645,0.30104712360255265,,,threshold-grouped standard AP,True,legacy_recorded,placebo,505
all_alfworld,middle,D_ungated_contribution,0.05,12,0,,,0.2869598507297869,0.24896479886598458,,,threshold-grouped standard AP,True,legacy_recorded,placebo,505
all_alfworld,middle,P_int,0.05,12,0,,,0.04722124125933203,0.016597653257732305,6.0,0.5,threshold-grouped standard AP,True,legacy_recorded,placebo,505
all_alfworld,middle,activation_l16_norm,0.05,12,0,,,-0.21431178725389152,-0.18257418583505536,,,threshold-grouped standard AP,True,legacy_recorded,placebo,505
all_alfworld,middle,activation_l24_norm,0.05,12,0,,,-0.24700341581804441,-0.21576949235051995,,,threshold-grouped standard AP,True,legacy_recorded,placebo,505
all_alfworld,middle,activation_l32_norm,0.05,12,0,,,-0.15982573964696994,-0.11618357280412614,,,threshold-grouped standard AP,True,legacy_recorded,placebo,505
all_alfworld,middle,activation_l8_norm,0.05,12,0,,,-0.10170728886625359,-0.08298826628866152,,,threshold-grouped standard AP,True,legacy_recorded,placebo,505
all_alfworld,middle,delta_centered_norm,0.05,12,0,,,0.13439891743040655,0.11618357280412614,,,threshold-grouped standard AP,True,legacy_recorded,placebo,505
all_alfworld,middle,delta_norm,0.05,12,0,,,0.33781349516291376,0.31535541189691385,,,threshold-grouped standard AP,True,legacy_recorded,placebo,505
all_alfworld,middle,forward_kl_original,0.05,12,0,,,-0.4104615586388092,-0.3485507184123784,,,threshold-grouped standard AP,True,legacy_recorded,placebo,505
all_alfworld,middle,js_original,0.05,12,0,,,-0.44315318720296215,-0.38174602492784304,,,threshold-grouped standard AP,True,legacy_recorded,placebo,505
all_alfworld,middle,old_margin,0.05,12,0,,,-0.01620216819770764,0.06030226891555272,,,threshold-grouped standard AP,True,legacy_recorded,placebo,505
all_alfworld,middle,u_control_norm,0.05,12,0,,,0.6138761363713163,0.4813319444742369,,,threshold-grouped standard AP,True,legacy_recorded,placebo,505
all_alfworld,middle,u_original_norm,0.05,12,0,,,0.5339632665478313,0.41494133144330764,,,threshold-grouped standard AP,True,legacy_recorded,placebo,505
all_alfworld,middle,random_expected,0.05,12,0,,,,,,,threshold-grouped standard AP,True,legacy_recorded,placebo,505
all_alfworld,all,C_upd,0.0,19,1,0.1,0.5,-0.062969605609847,-0.04995124328435701,,,threshold-grouped standard AP,False,stable_raw,placebo,505
all_alfworld,all,D_contribution,0.0,19,1,0.0625,0.16666666666666663,-0.05217481607673037,-0.012487810821089252,,,threshold-grouped standard AP,False,stable_raw,placebo,505
all_alfworld,all,D_ungated_contribution,0.0,19,1,0.0625,0.16666666666666663,-0.12234094804198846,-0.07492686492653552,,,threshold-grouped standard AP,False,stable_raw,placebo,505
all_alfworld,all,P_int,0.0,19,1,0.07692307692307693,0.33333333333333337,-0.021589579066233256,-0.012487810821089252,11.0,0.18181818181818182,threshold-grouped standard AP,False,stable_raw,placebo,505
all_alfworld,all,activation_l16_norm,0.0,19,1,0.07692307692307693,0.33333333333333337,-0.17991315888527712,-0.13736591903198178,,,threshold-grouped standard AP,False,stable_raw,placebo,505
all_alfworld,all,activation_l24_norm,0.0,19,1,0.2,0.7777777777777778,-0.003598263177705543,-0.024975621642178505,,,threshold-grouped standard AP,False,stable_raw,placebo,505
all_alfworld,all,activation_l32_norm,0.0,19,1,0.14285714285714285,0.6666666666666667,-0.017991315888527717,-0.012487810821089252,,,threshold-grouped standard AP,False,stable_raw,placebo,505
all_alfworld,all,activation_l8_norm,0.0,19,1,0.0625,0.16666666666666663,-0.29865584374956006,-0.2122927839585173,,,threshold-grouped standard AP,False,stable_raw,placebo,505
all_alfworld,all,delta_centered_norm,0.0,19,1,0.16666666666666666,0.7222222222222222,0.1997036063626576,0.13736591903198178,,,threshold-grouped standard AP,False,stable_raw,placebo,505
all_alfworld,all,delta_norm,0.0,19,1,0.3333333333333333,0.8888888888888888,0.11514442168657738,0.062439054105446264,,,threshold-grouped standard AP,False,stable_raw,placebo,505
all_alfworld,all,forward_kl_original,0.0,19,1,0.09090909090909091,0.4444444444444444,-0.3274419491712044,-0.23726840560069581,,,threshold-grouped standard AP,False,stable_raw,placebo,505
all_alfworld,all,js_original,0.0,19,1,0.1,0.5,-0.22129318542889087,-0.13736591903198178,,,threshold-grouped standard AP,False,stable_raw,placebo,505
all_alfworld,all,old_margin,0.0,19,1,0.1111111111111111,0.5555555555555556,-0.2741117043132535,-0.19398101800628886,,,threshold-grouped standard AP,False,stable_raw,placebo,505
all_alfworld,all,u_control_norm,0.0,19,1,0.2,0.7777777777777778,0.5847177663771507,0.4495611895592131,,,threshold-grouped standard AP,False,stable_raw,placebo,505
all_alfworld,all,u_original_norm,0.0,19,1,0.3333333333333333,0.8888888888888888,0.45697942356860394,0.3746343246326776,,,threshold-grouped standard AP,False,stable_raw,placebo,505
all_alfworld,all,random_expected,0.0,19,1,0.05263157894736842,0.5,,,,,threshold-grouped standard AP,False,stable_raw,placebo,505
all_alfworld,all,C_upd,0.05,19,0,,,-0.062969605609847,-0.04995124328435701,,,threshold-grouped standard AP,True,stable_raw,placebo,505
all_alfworld,all,D_contribution,0.05,19,0,,,-0.05217481607673037,-0.012487810821089252,,,threshold-grouped standard AP,True,stable_raw,placebo,505
all_alfworld,all,D_ungated_contribution,0.05,19,0,,,-0.12234094804198846,-0.07492686492653552,,,threshold-grouped standard AP,True,stable_raw,placebo,505
all_alfworld,all,P_int,0.05,19,0,,,-0.021589579066233256,-0.012487810821089252,11.0,0.18181818181818182,threshold-grouped standard AP,True,stable_raw,placebo,505
all_alfworld,all,activation_l16_norm,0.05,19,0,,,-0.17991315888527712,-0.13736591903198178,,,threshold-grouped standard AP,True,stable_raw,placebo,505
all_alfworld,all,activation_l24_norm,0.05,19,0,,,-0.003598263177705543,-0.024975621642178505,,,threshold-grouped standard AP,True,stable_raw,placebo,505
all_alfworld,all,activation_l32_norm,0.05,19,0,,,-0.017991315888527717,-0.012487810821089252,,,threshold-grouped standard AP,True,stable_raw,placebo,505
all_alfworld,all,activation_l8_norm,0.05,19,0,,,-0.29865584374956006,-0.2122927839585173,,,threshold-grouped standard AP,True,stable_raw,placebo,505
all_alfworld,all,delta_centered_norm,0.05,19,0,,,0.1997036063626576,0.13736591903198178,,,threshold-grouped standard AP,True,stable_raw,placebo,505
all_alfworld,all,delta_norm,0.05,19,0,,,0.11514442168657738,0.062439054105446264,,,threshold-grouped standard AP,True,stable_raw,placebo,505
all_alfworld,all,forward_kl_original,0.05,19,0,,,-0.3274419491712044,-0.23726840560069581,,,threshold-grouped standard AP,True,stable_raw,placebo,505
all_alfworld,all,js_original,0.05,19,0,,,-0.22129318542889087,-0.13736591903198178,,,threshold-grouped standard AP,True,stable_raw,placebo,505
all_alfworld,all,old_margin,0.05,19,0,,,-0.2741117043132535,-0.19398101800628886,,,threshold-grouped standard AP,True,stable_raw,placebo,505
all_alfworld,all,u_control_norm,0.05,19,0,,,0.5847177663771507,0.4495611895592131,,,threshold-grouped standard AP,True,stable_raw,placebo,505
all_alfworld,all,u_original_norm,0.05,19,0,,,0.45697942356860394,0.3746343246326776,,,threshold-grouped standard AP,True,stable_raw,placebo,505
all_alfworld,all,random_expected,0.05,19,0,,,,,,,threshold-grouped standard AP,True,stable_raw,placebo,505
all_alfworld,early,C_upd,0.0,14,4,0.2571789321789322,0.3375,-0.2798699963913215,-0.18081693429888276,,,threshold-grouped standard AP,False,stable_raw,placebo,505
all_alfworld,early,D_contribution,0.0,14,4,0.3214285714285714,0.46249999999999997,0.014380671751332725,0.04520423357472069,,,threshold-grouped standard AP,False,stable_raw,placebo,505
all_alfworld,early,D_ungated_contribution,0.0,14,4,0.3214285714285714,0.46249999999999997,0.10508952433666223,0.13561270072416207,,,threshold-grouped standard AP,False,stable_raw,placebo,505
all_alfworld,early,P_int,0.0,14,4,0.40158730158730155,0.6625,0.46792493467798024,0.3390317518104051,10.0,0.7,threshold-grouped standard AP,False,stable_raw,placebo,505
all_alfworld,early,activation_l16_norm,0.0,14,4,0.5562770562770563,0.525,0.13038873034591986,0.10114913821769637,,,threshold-grouped standard AP,False,stable_raw,placebo,505
all_alfworld,early,activation_l24_norm,0.0,14,4,0.49851190476190477,0.525,0.0022099784804393194,0.011238793135299597,,,threshold-grouped standard AP,False,stable_raw,placebo,505
all_alfworld,early,activation_l32_norm,0.0,14,4,0.37976190476190474,0.5000000000000001,0.22762778348524987,0.16858189702949394,,,threshold-grouped standard AP,False,stable_raw,placebo,505
all_alfworld,early,activation_l8_norm,0.0,14,4,0.43127705627705626,0.5,0.12154881642416256,0.07867155194709718,,,threshold-grouped standard AP,False,stable_raw,placebo,505
all_alfworld,early,delta_centered_norm,0.0,14,4,0.39017857142857143,0.525,0.3535965568702911,0.25849224211189076,,,threshold-grouped standard AP,False,stable_raw,placebo,505
all_alfworld,early,delta_norm,0.0,14,4,0.39567307692307696,0.55,0.15027853666987373,0.12362672448829556,,,threshold-grouped standard AP,False,stable_raw,placebo,505
all_alfworld,early,forward_kl_original,0.0,14,4,0.8041666666666667,0.925,0.28950718093755085,0.19105948330009315,,,threshold-grouped standard AP,False,stable_raw,placebo,505
all_alfworld,early,js_original,0.0,14,4,0.7470238095238095,0.875,0.2607774606918397,0.21353706957069232,,,threshold-grouped standard AP,False,stable_raw,placebo,505
all_alfworld,early,old_margin,0.0,14,4,0.27164502164502163,0.3,-0.46431718928046,-0.36138810990910425,,,threshold-grouped standard AP,False,stable_raw,placebo,505
all_alfworld,early,u_control_norm,0.0,14,4,0.4131944444444444,0.65,0.2828772454962329,0.23601465584129153,,,threshold-grouped standard AP,False,stable_raw,placebo,505
all_alfworld,early,u_original_norm,0.0,14,4,0.475,0.65,0.44641565304874253,0.3484025871942875,,,threshold-grouped standard AP,False,stable_raw,placebo,505
all_alfworld,early,random_expected,0.0,14,4,0.2857142857142857,0.5,,,,,threshold-grouped standard AP,False,stable_raw,placebo,505
all_alfworld,early,C_upd,0.05,14,4,0.2571789321789322,0.3375,-0.2798699963913215,-0.18081693429888276,,,threshold-grouped standard AP,False,stable_raw,placebo,505
all_alfworld,early,D_contribution,0.05,14,4,0.3214285714285714,0.46249999999999997,0.014380671751332725,0.04520423357472069,,,threshold-grouped standard AP,False,stable_raw,placebo,505
all_alfworld,early,D_ungated_contribution,0.05,14,4,0.3214285714285714,0.46249999999999997,0.10508952433666223,0.13561270072416207,,,threshold-grouped standard AP,False,stable_raw,placebo,505
all_alfworld,early,P_int,0.05,14,4,0.40158730158730155,0.6625,0.46792493467798024,0.3390317518104051,10.0,0.7,threshold-grouped standard AP,False,stable_raw,placebo,505
all_alfworld,early,activation_l16_norm,0.05,14,4,0.5562770562770563,0.525,0.13038873034591986,0.10114913821769637,,,threshold-grouped standard AP,False,stable_raw,placebo,505
all_alfworld,early,activation_l24_norm,0.05,14,4,0.49851190476190477,0.525,0.0022099784804393194,0.011238793135299597,,,threshold-grouped standard AP,False,stable_raw,placebo,505
all_alfworld,early,activation_l32_norm,0.05,14,4,0.37976190476190474,0.5000000000000001,0.22762778348524987,0.16858189702949394,,,threshold-grouped standard AP,False,stable_raw,placebo,505
all_alfworld,early,activation_l8_norm,0.05,14,4,0.43127705627705626,0.5,0.12154881642416256,0.07867155194709718,,,threshold-grouped standard AP,False,stable_raw,placebo,505
all_alfworld,early,delta_centered_norm,0.05,14,4,0.39017857142857143,0.525,0.3535965568702911,0.25849224211189076,,,threshold-grouped standard AP,False,stable_raw,placebo,505
all_alfworld,early,delta_norm,0.05,14,4,0.39567307692307696,0.55,0.15027853666987373,0.12362672448829556,,,threshold-grouped standard AP,False,stable_raw,placebo,505
all_alfworld,early,forward_kl_original,0.05,14,4,0.8041666666666667,0.925,0.28950718093755085,0.19105948330009315,,,threshold-grouped standard AP,False,stable_raw,placebo,505
all_alfworld,early,js_original,0.05,14,4,0.7470238095238095,0.875,0.2607774606918397,0.21353706957069232,,,threshold-grouped standard AP,False,stable_raw,placebo,505
all_alfworld,early,old_margin,0.05,14,4,0.27164502164502163,0.3,-0.46431718928046,-0.36138810990910425,,,threshold-grouped standard AP,False,stable_raw,placebo,505
all_alfworld,early,u_control_norm,0.05,14,4,0.4131944444444444,0.65,0.2828772454962329,0.23601465584129153,,,threshold-grouped standard AP,False,stable_raw,placebo,505
all_alfworld,early,u_original_norm,0.05,14,4,0.475,0.65,0.44641565304874253,0.3484025871942875,,,threshold-grouped standard AP,False,stable_raw,placebo,505
all_alfworld,early,random_expected,0.05,14,4,0.2857142857142857,0.5,,,,,threshold-grouped standard AP,False,stable_raw,placebo,505
all_alfworld,initial,C_upd,0.0,7,2,0.26666666666666666,0.24999999999999997,0.23424374030084538,0.29277002188455997,,,threshold-grouped standard AP,False,stable_raw,placebo,505
all_alfworld,initial,D_contribution,0.0,7,2,0.24285714285714285,0.14999999999999997,-0.4504687313477795,-0.39036002917941326,,,threshold-grouped standard AP,False,stable_raw,placebo,505
all_alfworld,initial,D_ungated_contribution,0.0,7,2,0.24285714285714285,0.14999999999999997,-0.4504687313477795,-0.39036002917941326,,,threshold-grouped standard AP,False,stable_raw,placebo,505
all_alfworld,initial,P_int,0.0,7,2,0.41666666666666663,0.65,-0.34235623582431246,-0.29277002188455997,4.0,0.5,threshold-grouped standard AP,False,stable_raw,placebo,505
all_alfworld,initial,activation_l16_norm,0.0,7,2,0.3666666666666667,0.5,-0.07142857142857144,0.04761904761904762,,,threshold-grouped standard AP,False,stable_raw,placebo,505
all_alfworld,initial,activation_l24_norm,0.0,7,2,0.5833333333333333,0.8,0.39285714285714296,0.23809523809523814,,,threshold-grouped standard AP,False,stable_raw,placebo,505
all_alfworld,initial,activation_l32_norm,0.0,7,2,0.8333333333333333,0.9,0.4642857142857144,0.33333333333333337,,,threshold-grouped standard AP,False,stable_raw,placebo,505
all_alfworld,initial,activation_l8_norm,0.0,7,2,0.3333333333333333,0.39999999999999997,-0.10714285714285716,-0.04761904761904762,,,threshold-grouped standard AP,False,stable_raw,placebo,505
all_alfworld,initial,delta_centered_norm,0.0,7,2,0.5833333333333333,0.8,0.39285714285714296,0.23809523809523814,,,threshold-grouped standard AP,False,stable_raw,placebo,505
all_alfworld,initial,delta_norm,0.0,7,2,0.5833333333333333,0.8,0.42857142857142866,0.33333333333333337,,,threshold-grouped standard AP,False,stable_raw,placebo,505
all_alfworld,initial,forward_kl_original,0.0,7,2,0.45,0.6,0.0,-0.04761904761904762,,,threshold-grouped standard AP,False,stable_raw,placebo,505
all_alfworld,initial,js_original,0.0,7,2,0.45,0.6,0.03571428571428572,0.04761904761904762,,,threshold-grouped standard AP,False,stable_raw,placebo,505
all_alfworld,initial,old_margin,0.0,7,2,0.3333333333333333,0.3,-0.37062465833055064,-0.3086066999241839,,,threshold-grouped standard AP,False,stable_raw,placebo,505
all_alfworld,initial,u_control_norm,0.0,7,2,0.6428571428571428,0.5,-0.3571428571428572,-0.33333333333333337,,,threshold-grouped standard AP,False,stable_raw,placebo,505
all_alfworld,initial,u_original_norm,0.0,7,2,0.6428571428571428,0.5,-0.25,-0.23809523809523814,,,threshold-grouped standard AP,False,stable_raw,placebo,505
all_alfworld,initial,random_expected,0.0,7,2,0.2857142857142857,0.5,,,,,threshold-grouped standard AP,False,stable_raw,placebo,505
all_alfworld,initial,C_upd,0.05,7,0,,,0.23424374030084538,0.29277002188455997,,,threshold-grouped standard AP,True,stable_raw,placebo,505
all_alfworld,initial,D_contribution,0.05,7,0,,,-0.4504687313477795,-0.39036002917941326,,,threshold-grouped standard AP,True,stable_raw,placebo,505
all_alfworld,initial,D_ungated_contribution,0.05,7,0,,,-0.4504687313477795,-0.39036002917941326,,,threshold-grouped standard AP,True,stable_raw,placebo,505
all_alfworld,initial,P_int,0.05,7,0,,,-0.34235623582431246,-0.29277002188455997,4.0,0.5,threshold-grouped standard AP,True,stable_raw,placebo,505
all_alfworld,initial,activation_l16_norm,0.05,7,0,,,-0.07142857142857144,0.04761904761904762,,,threshold-grouped standard AP,True,stable_raw,placebo,505
all_alfworld,initial,activation_l24_norm,0.05,7,0,,,0.39285714285714296,0.23809523809523814,,,threshold-grouped standard AP,True,stable_raw,placebo,505
all_alfworld,initial,activation_l32_norm,0.05,7,0,,,0.4642857142857144,0.33333333333333337,,,threshold-grouped standard AP,True,stable_raw,placebo,505
all_alfworld,initial,activation_l8_norm,0.05,7,0,,,-0.10714285714285716,-0.04761904761904762,,,threshold-grouped standard AP,True,stable_raw,placebo,505
all_alfworld,initial,delta_centered_norm,0.05,7,0,,,0.39285714285714296,0.23809523809523814,,,threshold-grouped standard AP,True,stable_raw,placebo,505
all_alfworld,initial,delta_norm,0.05,7,0,,,0.42857142857142866,0.33333333333333337,,,threshold-grouped standard AP,True,stable_raw,placebo,505
all_alfworld,initial,forward_kl_original,0.05,7,0,,,0.0,-0.04761904761904762,,,threshold-grouped standard AP,True,stable_raw,placebo,505
all_alfworld,initial,js_original,0.05,7,0,,,0.03571428571428572,0.04761904761904762,,,threshold-grouped standard AP,True,stable_raw,placebo,505
all_alfworld,initial,old_margin,0.05,7,0,,,-0.37062465833055064,-0.3086066999241839,,,threshold-grouped standard AP,True,stable_raw,placebo,505
all_alfworld,initial,u_control_norm,0.05,7,0,,,-0.3571428571428572,-0.33333333333333337,,,threshold-grouped standard AP,True,stable_raw,placebo,505
all_alfworld,initial,u_original_norm,0.05,7,0,,,-0.25,-0.23809523809523814,,,threshold-grouped standard AP,True,stable_raw,placebo,505
all_alfworld,initial,random_expected,0.05,7,0,,,,,,,threshold-grouped standard AP,True,stable_raw,placebo,505
all_alfworld,late,C_upd,0.0,13,1,0.08333333333333333,0.08333333333333337,-0.37274965820548744,-0.3202563076101742,,,threshold-grouped standard AP,False,stable_raw,placebo,505
all_alfworld,late,D_contribution,0.0,13,1,0.1111111111111111,0.33333333333333337,0.14095575310291542,0.09607689228305227,,,threshold-grouped standard AP,False,stable_raw,placebo,505
all_alfworld,late,D_ungated_contribution,0.0,13,1,0.1111111111111111,0.33333333333333337,0.053249951172212484,0.03202563076101742,,,threshold-grouped standard AP,False,stable_raw,placebo,505
all_alfworld,late,P_int,0.0,13,1,0.25,0.75,0.25685270565420143,0.22417941532712196,4.0,0.25,threshold-grouped standard AP,False,stable_raw,placebo,505
all_alfworld,late,activation_l16_norm,0.0,13,1,0.3333333333333333,0.8333333333333334,-0.05951465131011984,-0.03202563076101742,,,threshold-grouped standard AP,False,stable_raw,placebo,505
all_alfworld,late,activation_l24_norm,0.0,13,1,0.16666666666666666,0.5833333333333333,-0.07517640165488823,-0.06405126152203484,,,threshold-grouped standard AP,False,stable_raw,placebo,505
all_alfworld,late,activation_l32_norm,0.0,13,1,0.3333333333333333,0.8333333333333334,0.17227925379245218,0.09607689228305227,,,threshold-grouped standard AP,False,stable_raw,placebo,505
all_alfworld,late,activation_l8_norm,0.0,13,1,0.5,0.9166666666666666,0.27564680606792347,0.22417941532712196,,,threshold-grouped standard AP,False,stable_raw,placebo,505
all_alfworld,late,delta_centered_norm,0.0,13,1,0.3333333333333333,0.8333333333333334,0.20360275448198892,0.1601281538050871,,,threshold-grouped standard AP,False,stable_raw,placebo,505
all_alfworld,late,delta_norm,0.0,13,1,0.3333333333333333,0.8333333333333334,0.4917789608257271,0.4483588306542439,,,threshold-grouped standard AP,False,stable_raw,placebo,505
all_alfworld,late,forward_kl_original,0.0,13,1,0.1,0.25,-0.6483964642734109,-0.5444357229372961,,,threshold-grouped standard AP,False,stable_raw,placebo,505
all_alfworld,late,js_original,0.0,13,1,0.1,0.25,-0.463587810205144,-0.3522819383711916,,,threshold-grouped standard AP,False,stable_raw,placebo,505
all_alfworld,late,old_margin,0.0,13,1,0.09090909090909091,0.5833333333333333,0.1344632185501193,0.1179535649239177,,,threshold-grouped standard AP,False,stable_raw,placebo,505
all_alfworld,late,u_control_norm,0.0,13,1,1.0,1.0,0.7642934168246969,0.6405126152203484,,,threshold-grouped standard AP,False,stable_raw,placebo,505
all_alfworld,late,u_original_norm,0.0,13,1,1.0,1.0,0.5262348115842176,0.4483588306542439,,,threshold-grouped standard AP,False,stable_raw,placebo,505
all_alfworld,late,random_expected,0.0,13,1,0.07692307692307693,0.5,,,,,threshold-grouped standard AP,False,stable_raw,placebo,505
all_alfworld,late,C_upd,0.05,13,1,0.08333333333333333,0.08333333333333337,-0.37274965820548744,-0.3202563076101742,,,threshold-grouped standard AP,False,stable_raw,placebo,505
all_alfworld,late,D_contribution,0.05,13,1,0.1111111111111111,0.33333333333333337,0.14095575310291542,0.09607689228305227,,,threshold-grouped standard AP,False,stable_raw,placebo,505
all_alfworld,late,D_ungated_contribution,0.05,13,1,0.1111111111111111,0.33333333333333337,0.053249951172212484,0.03202563076101742,,,threshold-grouped standard AP,False,stable_raw,placebo,505
all_alfworld,late,P_int,0.05,13,1,0.25,0.75,0.25685270565420143,0.22417941532712196,4.0,0.25,threshold-grouped standard AP,False,stable_raw,placebo,505
all_alfworld,late,activation_l16_norm,0.05,13,1,0.3333333333333333,0.8333333333333334,-0.05951465131011984,-0.03202563076101742,,,threshold-grouped standard AP,False,stable_raw,placebo,505
all_alfworld,late,activation_l24_norm,0.05,13,1,0.16666666666666666,0.5833333333333333,-0.07517640165488823,-0.06405126152203484,,,threshold-grouped standard AP,False,stable_raw,placebo,505
all_alfworld,late,activation_l32_norm,0.05,13,1,0.3333333333333333,0.8333333333333334,0.17227925379245218,0.09607689228305227,,,threshold-grouped standard AP,False,stable_raw,placebo,505
all_alfworld,late,activation_l8_norm,0.05,13,1,0.5,0.9166666666666666,0.27564680606792347,0.22417941532712196,,,threshold-grouped standard AP,False,stable_raw,placebo,505
all_alfworld,late,delta_centered_norm,0.05,13,1,0.3333333333333333,0.8333333333333334,0.20360275448198892,0.1601281538050871,,,threshold-grouped standard AP,False,stable_raw,placebo,505
all_alfworld,late,delta_norm,0.05,13,1,0.3333333333333333,0.8333333333333334,0.4917789608257271,0.4483588306542439,,,threshold-grouped standard AP,False,stable_raw,placebo,505
all_alfworld,late,forward_kl_original,0.05,13,1,0.1,0.25,-0.6483964642734109,-0.5444357229372961,,,threshold-grouped standard AP,False,stable_raw,placebo,505
all_alfworld,late,js_original,0.05,13,1,0.1,0.25,-0.463587810205144,-0.3522819383711916,,,threshold-grouped standard AP,False,stable_raw,placebo,505
all_alfworld,late,old_margin,0.05,13,1,0.09090909090909091,0.5833333333333333,0.1344632185501193,0.1179535649239177,,,threshold-grouped standard AP,False,stable_raw,placebo,505
all_alfworld,late,u_control_norm,0.05,13,1,1.0,1.0,0.7642934168246969,0.6405126152203484,,,threshold-grouped standard AP,False,stable_raw,placebo,505
all_alfworld,late,u_original_norm,0.05,13,1,1.0,1.0,0.5262348115842176,0.4483588306542439,,,threshold-grouped standard AP,False,stable_raw,placebo,505
all_alfworld,late,random_expected,0.05,13,1,0.07692307692307693,0.5,,,,,threshold-grouped standard AP,False,stable_raw,placebo,505
all_alfworld,middle,C_upd,0.0,12,0,,,0.32328388246773465,0.21576949235051995,,,threshold-grouped standard AP,True,stable_raw,placebo,505
all_alfworld,middle,D_contribution,0.0,12,0,,,0.3056566993783645,0.30104712360255265,,,threshold-grouped standard AP,True,stable_raw,placebo,505
all_alfworld,middle,D_ungated_contribution,0.0,12,0,,,0.2869598507297869,0.24896479886598458,,,threshold-grouped standard AP,True,stable_raw,placebo,505
all_alfworld,middle,P_int,0.0,12,0,,,0.04722124125933203,0.016597653257732305,6.0,0.5,threshold-grouped standard AP,True,stable_raw,placebo,505
all_alfworld,middle,activation_l16_norm,0.0,12,0,,,-0.21431178725389152,-0.18257418583505536,,,threshold-grouped standard AP,True,stable_raw,placebo,505
all_alfworld,middle,activation_l24_norm,0.0,12,0,,,-0.24700341581804441,-0.21576949235051995,,,threshold-grouped standard AP,True,stable_raw,placebo,505
all_alfworld,middle,activation_l32_norm,0.0,12,0,,,-0.15982573964696994,-0.11618357280412614,,,threshold-grouped standard AP,True,stable_raw,placebo,505
all_alfworld,middle,activation_l8_norm,0.0,12,0,,,-0.10170728886625359,-0.08298826628866152,,,threshold-grouped standard AP,True,stable_raw,placebo,505
all_alfworld,middle,delta_centered_norm,0.0,12,0,,,0.13439891743040655,0.11618357280412614,,,threshold-grouped standard AP,True,stable_raw,placebo,505
all_alfworld,middle,delta_norm,0.0,12,0,,,0.33781349516291376,0.31535541189691385,,,threshold-grouped standard AP,True,stable_raw,placebo,505
all_alfworld,middle,forward_kl_original,0.0,12,0,,,-0.4104615586388092,-0.3485507184123784,,,threshold-grouped standard AP,True,stable_raw,placebo,505
all_alfworld,middle,js_original,0.0,12,0,,,-0.44315318720296215,-0.38174602492784304,,,threshold-grouped standard AP,True,stable_raw,placebo,505
all_alfworld,middle,old_margin,0.0,12,0,,,-0.01620216819770764,0.06030226891555272,,,threshold-grouped standard AP,True,stable_raw,placebo,505
all_alfworld,middle,u_control_norm,0.0,12,0,,,0.6138761363713163,0.4813319444742369,,,threshold-grouped standard AP,True,stable_raw,placebo,505
all_alfworld,middle,u_original_norm,0.0,12,0,,,0.5339632665478313,0.41494133144330764,,,threshold-grouped standard AP,True,stable_raw,placebo,505
all_alfworld,middle,random_expected,0.0,12,0,,,,,,,threshold-grouped standard AP,True,stable_raw,placebo,505
all_alfworld,middle,C_upd,0.05,12,0,,,0.32328388246773465,0.21576949235051995,,,threshold-grouped standard AP,True,stable_raw,placebo,505
all_alfworld,middle,D_contribution,0.05,12,0,,,0.3056566993783645,0.30104712360255265,,,threshold-grouped standard AP,True,stable_raw,placebo,505
all_alfworld,middle,D_ungated_contribution,0.05,12,0,,,0.2869598507297869,0.24896479886598458,,,threshold-grouped standard AP,True,stable_raw,placebo,505
all_alfworld,middle,P_int,0.05,12,0,,,0.04722124125933203,0.016597653257732305,6.0,0.5,threshold-grouped standard AP,True,stable_raw,placebo,505
all_alfworld,middle,activation_l16_norm,0.05,12,0,,,-0.21431178725389152,-0.18257418583505536,,,threshold-grouped standard AP,True,stable_raw,placebo,505
all_alfworld,middle,activation_l24_norm,0.05,12,0,,,-0.24700341581804441,-0.21576949235051995,,,threshold-grouped standard AP,True,stable_raw,placebo,505
all_alfworld,middle,activation_l32_norm,0.05,12,0,,,-0.15982573964696994,-0.11618357280412614,,,threshold-grouped standard AP,True,stable_raw,placebo,505
all_alfworld,middle,activation_l8_norm,0.05,12,0,,,-0.10170728886625359,-0.08298826628866152,,,threshold-grouped standard AP,True,stable_raw,placebo,505
all_alfworld,middle,delta_centered_norm,0.05,12,0,,,0.13439891743040655,0.11618357280412614,,,threshold-grouped standard AP,True,stable_raw,placebo,505
all_alfworld,middle,delta_norm,0.05,12,0,,,0.33781349516291376,0.31535541189691385,,,threshold-grouped standard AP,True,stable_raw,placebo,505
all_alfworld,middle,forward_kl_original,0.05,12,0,,,-0.4104615586388092,-0.3485507184123784,,,threshold-grouped standard AP,True,stable_raw,placebo,505
all_alfworld,middle,js_original,0.05,12,0,,,-0.44315318720296215,-0.38174602492784304,,,threshold-grouped standard AP,True,stable_raw,placebo,505
all_alfworld,middle,old_margin,0.05,12,0,,,-0.01620216819770764,0.06030226891555272,,,threshold-grouped standard AP,True,stable_raw,placebo,505
all_alfworld,middle,u_control_norm,0.05,12,0,,,0.6138761363713163,0.4813319444742369,,,threshold-grouped standard AP,True,stable_raw,placebo,505
all_alfworld,middle,u_original_norm,0.05,12,0,,,0.5339632665478313,0.41494133144330764,,,threshold-grouped standard AP,True,stable_raw,placebo,505
all_alfworld,middle,random_expected,0.05,12,0,,,,,,,threshold-grouped standard AP,True,stable_raw,placebo,505
all_alfworld,all,C_upd,0.0,19,1,0.08333333333333333,0.38888888888888884,-0.14752879028592725,-0.07492686492653552,,,threshold-grouped standard AP,False,stable_centered_gate,placebo,505
all_alfworld,all,D_contribution,0.0,19,1,0.0625,0.16666666666666663,-0.05217481607673037,-0.012487810821089252,,,threshold-grouped standard AP,False,stable_centered_gate,placebo,505
all_alfworld,all,D_ungated_contribution,0.0,19,1,0.0625,0.16666666666666663,-0.12234094804198846,-0.07492686492653552,,,threshold-grouped standard AP,False,stable_centered_gate,placebo,505
all_alfworld,all,P_int,0.0,19,1,0.07692307692307693,0.33333333333333337,-0.021589579066233256,-0.012487810821089252,11.0,0.18181818181818182,threshold-grouped standard AP,False,stable_centered_gate,placebo,505
all_alfworld,all,activation_l16_norm,0.0,19,1,0.07692307692307693,0.33333333333333337,-0.17991315888527712,-0.13736591903198178,,,threshold-grouped standard AP,False,stable_centered_gate,placebo,505
all_alfworld,all,activation_l24_norm,0.0,19,1,0.2,0.7777777777777778,-0.003598263177705543,-0.024975621642178505,,,threshold-grouped standard AP,False,stable_centered_gate,placebo,505
all_alfworld,all,activation_l32_norm,0.0,19,1,0.14285714285714285,0.6666666666666667,-0.017991315888527717,-0.012487810821089252,,,threshold-grouped standard AP,False,stable_centered_gate,placebo,505
all_alfworld,all,activation_l8_norm,0.0,19,1,0.0625,0.16666666666666663,-0.29865584374956006,-0.2122927839585173,,,threshold-grouped standard AP,False,stable_centered_gate,placebo,505
all_alfworld,all,delta_centered_norm,0.0,19,1,0.16666666666666666,0.7222222222222222,0.1997036063626576,0.13736591903198178,,,threshold-grouped standard AP,False,stable_centered_gate,placebo,505
all_alfworld,all,delta_norm,0.0,19,1,0.3333333333333333,0.8888888888888888,0.11514442168657738,0.062439054105446264,,,threshold-grouped standard AP,False,stable_centered_gate,placebo,505
all_alfworld,all,forward_kl_original,0.0,19,1,0.09090909090909091,0.4444444444444444,-0.3274419491712044,-0.23726840560069581,,,threshold-grouped standard AP,False,stable_centered_gate,placebo,505
all_alfworld,all,js_original,0.0,19,1,0.1,0.5,-0.22129318542889087,-0.13736591903198178,,,threshold-grouped standard AP,False,stable_centered_gate,placebo,505
all_alfworld,all,old_margin,0.0,19,1,0.1111111111111111,0.5555555555555556,-0.2741117043132535,-0.19398101800628886,,,threshold-grouped standard AP,False,stable_centered_gate,placebo,505
all_alfworld,all,u_control_norm,0.0,19,1,0.2,0.7777777777777778,0.5847177663771507,0.4495611895592131,,,threshold-grouped standard AP,False,stable_centered_gate,placebo,505
all_alfworld,all,u_original_norm,0.0,19,1,0.3333333333333333,0.8888888888888888,0.45697942356860394,0.3746343246326776,,,threshold-grouped standard AP,False,stable_centered_gate,placebo,505
all_alfworld,all,random_expected,0.0,19,1,0.05263157894736842,0.5,,,,,threshold-grouped standard AP,False,stable_centered_gate,placebo,505
all_alfworld,all,C_upd,0.05,19,0,,,-0.14752879028592725,-0.07492686492653552,,,threshold-grouped standard AP,True,stable_centered_gate,placebo,505
all_alfworld,all,D_contribution,0.05,19,0,,,-0.05217481607673037,-0.012487810821089252,,,threshold-grouped standard AP,True,stable_centered_gate,placebo,505
all_alfworld,all,D_ungated_contribution,0.05,19,0,,,-0.12234094804198846,-0.07492686492653552,,,threshold-grouped standard AP,True,stable_centered_gate,placebo,505
all_alfworld,all,P_int,0.05,19,0,,,-0.021589579066233256,-0.012487810821089252,11.0,0.18181818181818182,threshold-grouped standard AP,True,stable_centered_gate,placebo,505
all_alfworld,all,activation_l16_norm,0.05,19,0,,,-0.17991315888527712,-0.13736591903198178,,,threshold-grouped standard AP,True,stable_centered_gate,placebo,505
all_alfworld,all,activation_l24_norm,0.05,19,0,,,-0.003598263177705543,-0.024975621642178505,,,threshold-grouped standard AP,True,stable_centered_gate,placebo,505
all_alfworld,all,activation_l32_norm,0.05,19,0,,,-0.017991315888527717,-0.012487810821089252,,,threshold-grouped standard AP,True,stable_centered_gate,placebo,505
all_alfworld,all,activation_l8_norm,0.05,19,0,,,-0.29865584374956006,-0.2122927839585173,,,threshold-grouped standard AP,True,stable_centered_gate,placebo,505
all_alfworld,all,delta_centered_norm,0.05,19,0,,,0.1997036063626576,0.13736591903198178,,,threshold-grouped standard AP,True,stable_centered_gate,placebo,505
all_alfworld,all,delta_norm,0.05,19,0,,,0.11514442168657738,0.062439054105446264,,,threshold-grouped standard AP,True,stable_centered_gate,placebo,505
all_alfworld,all,forward_kl_original,0.05,19,0,,,-0.3274419491712044,-0.23726840560069581,,,threshold-grouped standard AP,True,stable_centered_gate,placebo,505
all_alfworld,all,js_original,0.05,19,0,,,-0.22129318542889087,-0.13736591903198178,,,threshold-grouped standard AP,True,stable_centered_gate,placebo,505
all_alfworld,all,old_margin,0.05,19,0,,,-0.2741117043132535,-0.19398101800628886,,,threshold-grouped standard AP,True,stable_centered_gate,placebo,505
all_alfworld,all,u_control_norm,0.05,19,0,,,0.5847177663771507,0.4495611895592131,,,threshold-grouped standard AP,True,stable_centered_gate,placebo,505
all_alfworld,all,u_original_norm,0.05,19,0,,,0.45697942356860394,0.3746343246326776,,,threshold-grouped standard AP,True,stable_centered_gate,placebo,505
all_alfworld,all,random_expected,0.05,19,0,,,,,,,threshold-grouped standard AP,True,stable_centered_gate,placebo,505
all_alfworld,early,C_upd,0.0,14,4,0.47632575757575757,0.6625000000000001,0.056416481485997615,0.06780635036208103,,,threshold-grouped standard AP,False,stable_centered_gate,placebo,505
all_alfworld,early,D_contribution,0.0,14,4,0.3214285714285714,0.46249999999999997,0.014380671751332725,0.04520423357472069,,,threshold-grouped standard AP,False,stable_centered_gate,placebo,505
all_alfworld,early,D_ungated_contribution,0.0,14,4,0.3214285714285714,0.46249999999999997,0.10508952433666223,0.13561270072416207,,,threshold-grouped standard AP,False,stable_centered_gate,placebo,505
all_alfworld,early,P_int,0.0,14,4,0.40158730158730155,0.6625,0.46792493467798024,0.3390317518104051,10.0,0.7,threshold-grouped standard AP,False,stable_centered_gate,placebo,505
all_alfworld,early,activation_l16_norm,0.0,14,4,0.5562770562770563,0.525,0.13038873034591986,0.10114913821769637,,,threshold-grouped standard AP,False,stable_centered_gate,placebo,505
all_alfworld,early,activation_l24_norm,0.0,14,4,0.49851190476190477,0.525,0.0022099784804393194,0.011238793135299597,,,threshold-grouped standard AP,False,stable_centered_gate,placebo,505
all_alfworld,early,activation_l32_norm,0.0,14,4,0.37976190476190474,0.5000000000000001,0.22762778348524987,0.16858189702949394,,,threshold-grouped standard AP,False,stable_centered_gate,placebo,505
all_alfworld,early,activation_l8_norm,0.0,14,4,0.43127705627705626,0.5,0.12154881642416256,0.07867155194709718,,,threshold-grouped standard AP,False,stable_centered_gate,placebo,505
all_alfworld,early,delta_centered_norm,0.0,14,4,0.39017857142857143,0.525,0.3535965568702911,0.25849224211189076,,,threshold-grouped standard AP,False,stable_centered_gate,placebo,505
all_alfworld,early,delta_norm,0.0,14,4,0.39567307692307696,0.55,0.15027853666987373,0.12362672448829556,,,threshold-grouped standard AP,False,stable_centered_gate,placebo,505
all_alfworld,early,forward_kl_original,0.0,14,4,0.8041666666666667,0.925,0.28950718093755085,0.19105948330009315,,,threshold-grouped standard AP,False,stable_centered_gate,placebo,505
all_alfworld,early,js_original,0.0,14,4,0.7470238095238095,0.875,0.2607774606918397,0.21353706957069232,,,threshold-grouped standard AP,False,stable_centered_gate,placebo,505
all_alfworld,early,old_margin,0.0,14,4,0.27164502164502163,0.3,-0.46431718928046,-0.36138810990910425,,,threshold-grouped standard AP,False,stable_centered_gate,placebo,505
all_alfworld,early,u_control_norm,0.0,14,4,0.4131944444444444,0.65,0.2828772454962329,0.23601465584129153,,,threshold-grouped standard AP,False,stable_centered_gate,placebo,505
all_alfworld,early,u_original_norm,0.0,14,4,0.475,0.65,0.44641565304874253,0.3484025871942875,,,threshold-grouped standard AP,False,stable_centered_gate,placebo,505
all_alfworld,early,random_expected,0.0,14,4,0.2857142857142857,0.5,,,,,threshold-grouped standard AP,False,stable_centered_gate,placebo,505
all_alfworld,early,C_upd,0.05,14,4,0.47632575757575757,0.6625000000000001,0.056416481485997615,0.06780635036208103,,,threshold-grouped standard AP,False,stable_centered_gate,placebo,505
all_alfworld,early,D_contribution,0.05,14,4,0.3214285714285714,0.46249999999999997,0.014380671751332725,0.04520423357472069,,,threshold-grouped standard AP,False,stable_centered_gate,placebo,505
all_alfworld,early,D_ungated_contribution,0.05,14,4,0.3214285714285714,0.46249999999999997,0.10508952433666223,0.13561270072416207,,,threshold-grouped standard AP,False,stable_centered_gate,placebo,505
all_alfworld,early,P_int,0.05,14,4,0.40158730158730155,0.6625,0.46792493467798024,0.3390317518104051,10.0,0.7,threshold-grouped standard AP,False,stable_centered_gate,placebo,505
all_alfworld,early,activation_l16_norm,0.05,14,4,0.5562770562770563,0.525,0.13038873034591986,0.10114913821769637,,,threshold-grouped standard AP,False,stable_centered_gate,placebo,505
all_alfworld,early,activation_l24_norm,0.05,14,4,0.49851190476190477,0.525,0.0022099784804393194,0.011238793135299597,,,threshold-grouped standard AP,False,stable_centered_gate,placebo,505
all_alfworld,early,activation_l32_norm,0.05,14,4,0.37976190476190474,0.5000000000000001,0.22762778348524987,0.16858189702949394,,,threshold-grouped standard AP,False,stable_centered_gate,placebo,505
all_alfworld,early,activation_l8_norm,0.05,14,4,0.43127705627705626,0.5,0.12154881642416256,0.07867155194709718,,,threshold-grouped standard AP,False,stable_centered_gate,placebo,505
all_alfworld,early,delta_centered_norm,0.05,14,4,0.39017857142857143,0.525,0.3535965568702911,0.25849224211189076,,,threshold-grouped standard AP,False,stable_centered_gate,placebo,505
all_alfworld,early,delta_norm,0.05,14,4,0.39567307692307696,0.55,0.15027853666987373,0.12362672448829556,,,threshold-grouped standard AP,False,stable_centered_gate,placebo,505
all_alfworld,early,forward_kl_original,0.05,14,4,0.8041666666666667,0.925,0.28950718093755085,0.19105948330009315,,,threshold-grouped standard AP,False,stable_centered_gate,placebo,505
all_alfworld,early,js_original,0.05,14,4,0.7470238095238095,0.875,0.2607774606918397,0.21353706957069232,,,threshold-grouped standard AP,False,stable_centered_gate,placebo,505
all_alfworld,early,old_margin,0.05,14,4,0.27164502164502163,0.3,-0.46431718928046,-0.36138810990910425,,,threshold-grouped standard AP,False,stable_centered_gate,placebo,505
all_alfworld,early,u_control_norm,0.05,14,4,0.4131944444444444,0.65,0.2828772454962329,0.23601465584129153,,,threshold-grouped standard AP,False,stable_centered_gate,placebo,505
all_alfworld,early,u_original_norm,0.05,14,4,0.475,0.65,0.44641565304874253,0.3484025871942875,,,threshold-grouped standard AP,False,stable_centered_gate,placebo,505
all_alfworld,early,random_expected,0.05,14,4,0.2857142857142857,0.5,,,,,threshold-grouped standard AP,False,stable_centered_gate,placebo,505
all_alfworld,initial,C_upd,0.0,7,2,0.24285714285714285,0.14999999999999997,-0.16216874328520064,-0.09759000729485331,,,threshold-grouped standard AP,False,stable_centered_gate,placebo,505
all_alfworld,initial,D_contribution,0.0,7,2,0.24285714285714285,0.14999999999999997,-0.4504687313477795,-0.39036002917941326,,,threshold-grouped standard AP,False,stable_centered_gate,placebo,505
all_alfworld,initial,D_ungated_contribution,0.0,7,2,0.24285714285714285,0.14999999999999997,-0.4504687313477795,-0.39036002917941326,,,threshold-grouped standard AP,False,stable_centered_gate,placebo,505
all_alfworld,initial,P_int,0.0,7,2,0.41666666666666663,0.65,-0.34235623582431246,-0.29277002188455997,4.0,0.5,threshold-grouped standard AP,False,stable_centered_gate,placebo,505
all_alfworld,initial,activation_l16_norm,0.0,7,2,0.3666666666666667,0.5,-0.07142857142857144,0.04761904761904762,,,threshold-grouped standard AP,False,stable_centered_gate,placebo,505
all_alfworld,initial,activation_l24_norm,0.0,7,2,0.5833333333333333,0.8,0.39285714285714296,0.23809523809523814,,,threshold-grouped standard AP,False,stable_centered_gate,placebo,505
all_alfworld,initial,activation_l32_norm,0.0,7,2,0.8333333333333333,0.9,0.4642857142857144,0.33333333333333337,,,threshold-grouped standard AP,False,stable_centered_gate,placebo,505
all_alfworld,initial,activation_l8_norm,0.0,7,2,0.3333333333333333,0.39999999999999997,-0.10714285714285716,-0.04761904761904762,,,threshold-grouped standard AP,False,stable_centered_gate,placebo,505
all_alfworld,initial,delta_centered_norm,0.0,7,2,0.5833333333333333,0.8,0.39285714285714296,0.23809523809523814,,,threshold-grouped standard AP,False,stable_centered_gate,placebo,505
all_alfworld,initial,delta_norm,0.0,7,2,0.5833333333333333,0.8,0.42857142857142866,0.33333333333333337,,,threshold-grouped standard AP,False,stable_centered_gate,placebo,505
all_alfworld,initial,forward_kl_original,0.0,7,2,0.45,0.6,0.0,-0.04761904761904762,,,threshold-grouped standard AP,False,stable_centered_gate,placebo,505
all_alfworld,initial,js_original,0.0,7,2,0.45,0.6,0.03571428571428572,0.04761904761904762,,,threshold-grouped standard AP,False,stable_centered_gate,placebo,505
all_alfworld,initial,old_margin,0.0,7,2,0.3333333333333333,0.3,-0.37062465833055064,-0.3086066999241839,,,threshold-grouped standard AP,False,stable_centered_gate,placebo,505
all_alfworld,initial,u_control_norm,0.0,7,2,0.6428571428571428,0.5,-0.3571428571428572,-0.33333333333333337,,,threshold-grouped standard AP,False,stable_centered_gate,placebo,505
all_alfworld,initial,u_original_norm,0.0,7,2,0.6428571428571428,0.5,-0.25,-0.23809523809523814,,,threshold-grouped standard AP,False,stable_centered_gate,placebo,505
all_alfworld,initial,random_expected,0.0,7,2,0.2857142857142857,0.5,,,,,threshold-grouped standard AP,False,stable_centered_gate,placebo,505
all_alfworld,initial,C_upd,0.05,7,0,,,-0.16216874328520064,-0.09759000729485331,,,threshold-grouped standard AP,True,stable_centered_gate,placebo,505
all_alfworld,initial,D_contribution,0.05,7,0,,,-0.4504687313477795,-0.39036002917941326,,,threshold-grouped standard AP,True,stable_centered_gate,placebo,505
all_alfworld,initial,D_ungated_contribution,0.05,7,0,,,-0.4504687313477795,-0.39036002917941326,,,threshold-grouped standard AP,True,stable_centered_gate,placebo,505
all_alfworld,initial,P_int,0.05,7,0,,,-0.34235623582431246,-0.29277002188455997,4.0,0.5,threshold-grouped standard AP,True,stable_centered_gate,placebo,505
all_alfworld,initial,activation_l16_norm,0.05,7,0,,,-0.07142857142857144,0.04761904761904762,,,threshold-grouped standard AP,True,stable_centered_gate,placebo,505
all_alfworld,initial,activation_l24_norm,0.05,7,0,,,0.39285714285714296,0.23809523809523814,,,threshold-grouped standard AP,True,stable_centered_gate,placebo,505
all_alfworld,initial,activation_l32_norm,0.05,7,0,,,0.4642857142857144,0.33333333333333337,,,threshold-grouped standard AP,True,stable_centered_gate,placebo,505
all_alfworld,initial,activation_l8_norm,0.05,7,0,,,-0.10714285714285716,-0.04761904761904762,,,threshold-grouped standard AP,True,stable_centered_gate,placebo,505
all_alfworld,initial,delta_centered_norm,0.05,7,0,,,0.39285714285714296,0.23809523809523814,,,threshold-grouped standard AP,True,stable_centered_gate,placebo,505
all_alfworld,initial,delta_norm,0.05,7,0,,,0.42857142857142866,0.33333333333333337,,,threshold-grouped standard AP,True,stable_centered_gate,placebo,505
all_alfworld,initial,forward_kl_original,0.05,7,0,,,0.0,-0.04761904761904762,,,threshold-grouped standard AP,True,stable_centered_gate,placebo,505
all_alfworld,initial,js_original,0.05,7,0,,,0.03571428571428572,0.04761904761904762,,,threshold-grouped standard AP,True,stable_centered_gate,placebo,505
all_alfworld,initial,old_margin,0.05,7,0,,,-0.37062465833055064,-0.3086066999241839,,,threshold-grouped standard AP,True,stable_centered_gate,placebo,505
all_alfworld,initial,u_control_norm,0.05,7,0,,,-0.3571428571428572,-0.33333333333333337,,,threshold-grouped standard AP,True,stable_centered_gate,placebo,505
all_alfworld,initial,u_original_norm,0.05,7,0,,,-0.25,-0.23809523809523814,,,threshold-grouped standard AP,True,stable_centered_gate,placebo,505
all_alfworld,initial,random_expected,0.05,7,0,,,,,,,threshold-grouped standard AP,True,stable_centered_gate,placebo,505
all_alfworld,late,C_upd,0.0,13,1,0.14285714285714285,0.5,0.2693821059300161,0.19215378456610455,,,threshold-grouped standard AP,False,stable_centered_gate,placebo,505
all_alfworld,late,D_contribution,0.0,13,1,0.1111111111111111,0.33333333333333337,0.14095575310291542,0.09607689228305227,,,threshold-grouped standard AP,False,stable_centered_gate,placebo,505
all_alfworld,late,D_ungated_contribution,0.0,13,1,0.1111111111111111,0.33333333333333337,0.053249951172212484,0.03202563076101742,,,threshold-grouped standard AP,False,stable_centered_gate,placebo,505
all_alfworld,late,P_int,0.0,13,1,0.25,0.75,0.25685270565420143,0.22417941532712196,4.0,0.25,threshold-grouped standard AP,False,stable_centered_gate,placebo,505
all_alfworld,late,activation_l16_norm,0.0,13,1,0.3333333333333333,0.8333333333333334,-0.05951465131011984,-0.03202563076101742,,,threshold-grouped standard AP,False,stable_centered_gate,placebo,505
all_alfworld,late,activation_l24_norm,0.0,13,1,0.16666666666666666,0.5833333333333333,-0.07517640165488823,-0.06405126152203484,,,threshold-grouped standard AP,False,stable_centered_gate,placebo,505
all_alfworld,late,activation_l32_norm,0.0,13,1,0.3333333333333333,0.8333333333333334,0.17227925379245218,0.09607689228305227,,,threshold-grouped standard AP,False,stable_centered_gate,placebo,505
all_alfworld,late,activation_l8_norm,0.0,13,1,0.5,0.9166666666666666,0.27564680606792347,0.22417941532712196,,,threshold-grouped standard AP,False,stable_centered_gate,placebo,505
all_alfworld,late,delta_centered_norm,0.0,13,1,0.3333333333333333,0.8333333333333334,0.20360275448198892,0.1601281538050871,,,threshold-grouped standard AP,False,stable_centered_gate,placebo,505
all_alfworld,late,delta_norm,0.0,13,1,0.3333333333333333,0.8333333333333334,0.4917789608257271,0.4483588306542439,,,threshold-grouped standard AP,False,stable_centered_gate,placebo,505
all_alfworld,late,forward_kl_original,0.0,13,1,0.1,0.25,-0.6483964642734109,-0.5444357229372961,,,threshold-grouped standard AP,False,stable_centered_gate,placebo,505
all_alfworld,late,js_original,0.0,13,1,0.1,0.25,-0.463587810205144,-0.3522819383711916,,,threshold-grouped standard AP,False,stable_centered_gate,placebo,505
all_alfworld,late,old_margin,0.0,13,1,0.09090909090909091,0.5833333333333333,0.1344632185501193,0.1179535649239177,,,threshold-grouped standard AP,False,stable_centered_gate,placebo,505
all_alfworld,late,u_control_norm,0.0,13,1,1.0,1.0,0.7642934168246969,0.6405126152203484,,,threshold-grouped standard AP,False,stable_centered_gate,placebo,505
all_alfworld,late,u_original_norm,0.0,13,1,1.0,1.0,0.5262348115842176,0.4483588306542439,,,threshold-grouped standard AP,False,stable_centered_gate,placebo,505
all_alfworld,late,random_expected,0.0,13,1,0.07692307692307693,0.5,,,,,threshold-grouped standard AP,False,stable_centered_gate,placebo,505
all_alfworld,late,C_upd,0.05,13,1,0.14285714285714285,0.5,0.2693821059300161,0.19215378456610455,,,threshold-grouped standard AP,False,stable_centered_gate,placebo,505
all_alfworld,late,D_contribution,0.05,13,1,0.1111111111111111,0.33333333333333337,0.14095575310291542,0.09607689228305227,,,threshold-grouped standard AP,False,stable_centered_gate,placebo,505
all_alfworld,late,D_ungated_contribution,0.05,13,1,0.1111111111111111,0.33333333333333337,0.053249951172212484,0.03202563076101742,,,threshold-grouped standard AP,False,stable_centered_gate,placebo,505
all_alfworld,late,P_int,0.05,13,1,0.25,0.75,0.25685270565420143,0.22417941532712196,4.0,0.25,threshold-grouped standard AP,False,stable_centered_gate,placebo,505
all_alfworld,late,activation_l16_norm,0.05,13,1,0.3333333333333333,0.8333333333333334,-0.05951465131011984,-0.03202563076101742,,,threshold-grouped standard AP,False,stable_centered_gate,placebo,505
all_alfworld,late,activation_l24_norm,0.05,13,1,0.16666666666666666,0.5833333333333333,-0.07517640165488823,-0.06405126152203484,,,threshold-grouped standard AP,False,stable_centered_gate,placebo,505
all_alfworld,late,activation_l32_norm,0.05,13,1,0.3333333333333333,0.8333333333333334,0.17227925379245218,0.09607689228305227,,,threshold-grouped standard AP,False,stable_centered_gate,placebo,505
all_alfworld,late,activation_l8_norm,0.05,13,1,0.5,0.9166666666666666,0.27564680606792347,0.22417941532712196,,,threshold-grouped standard AP,False,stable_centered_gate,placebo,505
all_alfworld,late,delta_centered_norm,0.05,13,1,0.3333333333333333,0.8333333333333334,0.20360275448198892,0.1601281538050871,,,threshold-grouped standard AP,False,stable_centered_gate,placebo,505
all_alfworld,late,delta_norm,0.05,13,1,0.3333333333333333,0.8333333333333334,0.4917789608257271,0.4483588306542439,,,threshold-grouped standard AP,False,stable_centered_gate,placebo,505
all_alfworld,late,forward_kl_original,0.05,13,1,0.1,0.25,-0.6483964642734109,-0.5444357229372961,,,threshold-grouped standard AP,False,stable_centered_gate,placebo,505
all_alfworld,late,js_original,0.05,13,1,0.1,0.25,-0.463587810205144,-0.3522819383711916,,,threshold-grouped standard AP,False,stable_centered_gate,placebo,505
all_alfworld,late,old_margin,0.05,13,1,0.09090909090909091,0.5833333333333333,0.1344632185501193,0.1179535649239177,,,threshold-grouped standard AP,False,stable_centered_gate,placebo,505
all_alfworld,late,u_control_norm,0.05,13,1,1.0,1.0,0.7642934168246969,0.6405126152203484,,,threshold-grouped standard AP,False,stable_centered_gate,placebo,505
all_alfworld,late,u_original_norm,0.05,13,1,1.0,1.0,0.5262348115842176,0.4483588306542439,,,threshold-grouped standard AP,False,stable_centered_gate,placebo,505
all_alfworld,late,random_expected,0.05,13,1,0.07692307692307693,0.5,,,,,threshold-grouped standard AP,False,stable_centered_gate,placebo,505
all_alfworld,middle,C_upd,0.0,12,0,,,0.71558342523757,0.5477225575051661,,,threshold-grouped standard AP,True,stable_centered_gate,placebo,505
all_alfworld,middle,D_contribution,0.0,12,0,,,0.3056566993783645,0.30104712360255265,,,threshold-grouped standard AP,True,stable_centered_gate,placebo,505
all_alfworld,middle,D_ungated_contribution,0.0,12,0,,,0.2869598507297869,0.24896479886598458,,,threshold-grouped standard AP,True,stable_centered_gate,placebo,505
all_alfworld,middle,P_int,0.0,12,0,,,0.04722124125933203,0.016597653257732305,6.0,0.5,threshold-grouped standard AP,True,stable_centered_gate,placebo,505
all_alfworld,middle,activation_l16_norm,0.0,12,0,,,-0.21431178725389152,-0.18257418583505536,,,threshold-grouped standard AP,True,stable_centered_gate,placebo,505
all_alfworld,middle,activation_l24_norm,0.0,12,0,,,-0.24700341581804441,-0.21576949235051995,,,threshold-grouped standard AP,True,stable_centered_gate,placebo,505
all_alfworld,middle,activation_l32_norm,0.0,12,0,,,-0.15982573964696994,-0.11618357280412614,,,threshold-grouped standard AP,True,stable_centered_gate,placebo,505
all_alfworld,middle,activation_l8_norm,0.0,12,0,,,-0.10170728886625359,-0.08298826628866152,,,threshold-grouped standard AP,True,stable_centered_gate,placebo,505
all_alfworld,middle,delta_centered_norm,0.0,12,0,,,0.13439891743040655,0.11618357280412614,,,threshold-grouped standard AP,True,stable_centered_gate,placebo,505
all_alfworld,middle,delta_norm,0.0,12,0,,,0.33781349516291376,0.31535541189691385,,,threshold-grouped standard AP,True,stable_centered_gate,placebo,505
all_alfworld,middle,forward_kl_original,0.0,12,0,,,-0.4104615586388092,-0.3485507184123784,,,threshold-grouped standard AP,True,stable_centered_gate,placebo,505
all_alfworld,middle,js_original,0.0,12,0,,,-0.44315318720296215,-0.38174602492784304,,,threshold-grouped standard AP,True,stable_centered_gate,placebo,505
all_alfworld,middle,old_margin,0.0,12,0,,,-0.01620216819770764,0.06030226891555272,,,threshold-grouped standard AP,True,stable_centered_gate,placebo,505
all_alfworld,middle,u_control_norm,0.0,12,0,,,0.6138761363713163,0.4813319444742369,,,threshold-grouped standard AP,True,stable_centered_gate,placebo,505
all_alfworld,middle,u_original_norm,0.0,12,0,,,0.5339632665478313,0.41494133144330764,,,threshold-grouped standard AP,True,stable_centered_gate,placebo,505
all_alfworld,middle,random_expected,0.0,12,0,,,,,,,threshold-grouped standard AP,True,stable_centered_gate,placebo,505
all_alfworld,middle,C_upd,0.05,12,0,,,0.71558342523757,0.5477225575051661,,,threshold-grouped standard AP,True,stable_centered_gate,placebo,505
all_alfworld,middle,D_contribution,0.05,12,0,,,0.3056566993783645,0.30104712360255265,,,threshold-grouped standard AP,True,stable_centered_gate,placebo,505
all_alfworld,middle,D_ungated_contribution,0.05,12,0,,,0.2869598507297869,0.24896479886598458,,,threshold-grouped standard AP,True,stable_centered_gate,placebo,505
all_alfworld,middle,P_int,0.05,12,0,,,0.04722124125933203,0.016597653257732305,6.0,0.5,threshold-grouped standard AP,True,stable_centered_gate,placebo,505
all_alfworld,middle,activation_l16_norm,0.05,12,0,,,-0.21431178725389152,-0.18257418583505536,,,threshold-grouped standard AP,True,stable_centered_gate,placebo,505
all_alfworld,middle,activation_l24_norm,0.05,12,0,,,-0.24700341581804441,-0.21576949235051995,,,threshold-grouped standard AP,True,stable_centered_gate,placebo,505
all_alfworld,middle,activation_l32_norm,0.05,12,0,,,-0.15982573964696994,-0.11618357280412614,,,threshold-grouped standard AP,True,stable_centered_gate,placebo,505
all_alfworld,middle,activation_l8_norm,0.05,12,0,,,-0.10170728886625359,-0.08298826628866152,,,threshold-grouped standard AP,True,stable_centered_gate,placebo,505
all_alfworld,middle,delta_centered_norm,0.05,12,0,,,0.13439891743040655,0.11618357280412614,,,threshold-grouped standard AP,True,stable_centered_gate,placebo,505
all_alfworld,middle,delta_norm,0.05,12,0,,,0.33781349516291376,0.31535541189691385,,,threshold-grouped standard AP,True,stable_centered_gate,placebo,505
all_alfworld,middle,forward_kl_original,0.05,12,0,,,-0.4104615586388092,-0.3485507184123784,,,threshold-grouped standard AP,True,stable_centered_gate,placebo,505
all_alfworld,middle,js_original,0.05,12,0,,,-0.44315318720296215,-0.38174602492784304,,,threshold-grouped standard AP,True,stable_centered_gate,placebo,505
all_alfworld,middle,old_margin,0.05,12,0,,,-0.01620216819770764,0.06030226891555272,,,threshold-grouped standard AP,True,stable_centered_gate,placebo,505
all_alfworld,middle,u_control_norm,0.05,12,0,,,0.6138761363713163,0.4813319444742369,,,threshold-grouped standard AP,True,stable_centered_gate,placebo,505
all_alfworld,middle,u_original_norm,0.05,12,0,,,0.5339632665478313,0.41494133144330764,,,threshold-grouped standard AP,True,stable_centered_gate,placebo,505
all_alfworld,middle,random_expected,0.05,12,0,,,,,,,threshold-grouped standard AP,True,stable_centered_gate,placebo,505
all_alfworld,all,C_upd,0.0,19,3,0.22692307692307695,0.5625,0.014393052710822172,0.012487810821089252,,,threshold-grouped standard AP,False,legacy_recorded,null,505
all_alfworld,all,D_contribution,0.0,19,3,0.13357100415923945,0.22916666666666666,-0.10974702692001906,-0.07492686492653552,,,threshold-grouped standard AP,False,legacy_recorded,null,505
all_alfworld,all,D_ungated_contribution,0.0,19,3,0.12254901960784313,0.14583333333333331,-0.20330186954036317,-0.14985372985307105,,,threshold-grouped standard AP,False,legacy_recorded,null,505
all_alfworld,all,P_int,0.0,19,3,0.15925925925925927,0.375,0.04138002654361374,0.07492686492653552,11.0,0.2727272727272727,threshold-grouped standard AP,False,legacy_recorded,null,505
all_alfworld,all,activation_l16_norm,0.0,19,3,0.11189083820662768,0.041666666666666664,-0.7430413461961946,-0.5994149194122842,,,threshold-grouped standard AP,False,legacy_recorded,null,505
all_alfworld,all,activation_l24_norm,0.0,19,3,0.14239028944911297,0.25,-0.4281933181469596,-0.3121952705272313,,,threshold-grouped standard AP,False,legacy_recorded,null,505
all_alfworld,all,activation_l32_norm,0.0,19,3,0.13946631284092584,0.22916666666666666,-0.38501416001449307,-0.27473183806396356,,,threshold-grouped standard AP,False,legacy_recorded,null,505
all_alfworld,all,activation_l8_norm,0.0,19,3,0.11268059855521156,0.041666666666666664,-0.6944647932971698,-0.5619514869490163,,,threshold-grouped standard AP,False,legacy_recorded,null,505
all_alfworld,all,delta_centered_norm,0.0,19,3,0.14740282077743377,0.24999999999999997,-0.394009817958757,-0.3246830813483206,,,threshold-grouped standard AP,False,legacy_recorded,null,505
all_alfworld,all,delta_norm,0.0,19,3,0.16666666666666666,0.3333333333333333,-0.2968567121607073,-0.23726840560069581,,,threshold-grouped standard AP,False,legacy_recorded,null,505
all_alfworld,all,forward_kl_original,0.0,19,3,0.16893939393939394,0.4166666666666667,-0.4497828972131928,-0.3371708921694098,,,threshold-grouped standard AP,False,legacy_recorded,null,505
all_alfworld,all,js_original,0.0,19,3,0.18571428571428572,0.4791666666666667,-0.3094506332826767,-0.22478059477960655,,,threshold-grouped standard AP,False,legacy_recorded,null,505
all_alfworld,all,old_margin,0.0,19,3,0.17724867724867724,0.4895833333333333,-0.06171675235181148,-0.03425943549137658,,,threshold-grouped standard AP,False,legacy_recorded,null,505
all_alfworld,all,u_control_norm,0.0,19,3,0.3595238095238096,0.7916666666666666,0.5577307925443591,0.3996099462748561,,,threshold-grouped standard AP,False,legacy_recorded,null,505
all_alfworld,all,u_original_norm,0.0,19,3,0.23382173382173382,0.5,0.125939211219694,0.08741467574762476,,,threshold-grouped standard AP,False,legacy_recorded,null,505
all_alfworld,all,random_expected,0.0,19,3,0.15789473684210525,0.5,,,,,threshold-grouped standard AP,False,legacy_recorded,null,505
all_alfworld,all,C_upd,0.05,19,1,0.07692307692307693,0.33333333333333337,0.014393052710822172,0.012487810821089252,,,threshold-grouped standard AP,False,legacy_recorded,null,505
all_alfworld,all,D_contribution,0.05,19,1,0.058823529411764705,0.11111111111111116,-0.10974702692001906,-0.07492686492653552,,,threshold-grouped standard AP,False,legacy_recorded,null,505
all_alfworld,all,D_ungated_contribution,0.05,19,1,0.05555555555555555,0.05555555555555558,-0.20330186954036317,-0.14985372985307105,,,threshold-grouped standard AP,False,legacy_recorded,null,505
all_alfworld,all,P_int,0.05,19,1,0.1111111111111111,0.5555555555555556,0.04138002654361374,0.07492686492653552,11.0,0.2727272727272727,threshold-grouped standard AP,False,legacy_recorded,null,505
all_alfworld,all,activation_l16_norm,0.05,19,1,0.05263157894736842,0.0,-0.7430413461961946,-0.5994149194122842,,,threshold-grouped standard AP,False,legacy_recorded,null,505
all_alfworld,all,activation_l24_norm,0.05,19,1,0.058823529411764705,0.11111111111111116,-0.4281933181469596,-0.3121952705272313,,,threshold-grouped standard AP,False,legacy_recorded,null,505
all_alfworld,all,activation_l32_norm,0.05,19,1,0.058823529411764705,0.11111111111111116,-0.38501416001449307,-0.27473183806396356,,,threshold-grouped standard AP,False,legacy_recorded,null,505
all_alfworld,all,activation_l8_norm,0.05,19,1,0.05263157894736842,0.0,-0.6944647932971698,-0.5619514869490163,,,threshold-grouped standard AP,False,legacy_recorded,null,505
all_alfworld,all,delta_centered_norm,0.05,19,1,0.058823529411764705,0.11111111111111116,-0.394009817958757,-0.3246830813483206,,,threshold-grouped standard AP,False,legacy_recorded,null,505
all_alfworld,all,delta_norm,0.05,19,1,0.05555555555555555,0.05555555555555558,-0.2968567121607073,-0.23726840560069581,,,threshold-grouped standard AP,False,legacy_recorded,null,505
all_alfworld,all,forward_kl_original,0.05,19,1,0.125,0.6111111111111112,-0.4497828972131928,-0.3371708921694098,,,threshold-grouped standard AP,False,legacy_recorded,null,505
all_alfworld,all,js_original,0.05,19,1,0.14285714285714285,0.6666666666666667,-0.3094506332826767,-0.22478059477960655,,,threshold-grouped standard AP,False,legacy_recorded,null,505
all_alfworld,all,old_margin,0.05,19,1,0.05555555555555555,0.25,-0.06171675235181148,-0.03425943549137658,,,threshold-grouped standard AP,False,legacy_recorded,null,505
all_alfworld,all,u_control_norm,0.05,19,1,0.2,0.7777777777777778,0.5577307925443591,0.3996099462748561,,,threshold-grouped standard AP,False,legacy_recorded,null,505
all_alfworld,all,u_original_norm,0.05,19,1,0.07142857142857142,0.2777777777777778,0.125939211219694,0.08741467574762476,,,threshold-grouped standard AP,False,legacy_recorded,null,505
all_alfworld,all,random_expected,0.05,19,1,0.05263157894736842,0.5,,,,,threshold-grouped standard AP,False,legacy_recorded,null,505
all_alfworld,early,C_upd,0.0,14,2,0.14090909090909093,0.25,-0.019488750145932557,0.0,,,threshold-grouped standard AP,False,legacy_recorded,null,505
all_alfworld,early,D_contribution,0.0,14,2,0.2111111111111111,0.5416666666666666,0.271696104975648,0.19474579822405905,,,threshold-grouped standard AP,False,legacy_recorded,null,505
all_alfworld,early,D_ungated_contribution,0.0,14,2,0.1736111111111111,0.41666666666666663,0.19603389852673336,0.1460593486680443,,,threshold-grouped standard AP,False,legacy_recorded,null,505
all_alfworld,early,P_int,0.0,14,2,0.325,0.75,0.6729350785683771,0.5598941698941697,7.0,0.8571428571428571,threshold-grouped standard AP,False,legacy_recorded,null,505
all_alfworld,early,activation_l16_norm,0.0,14,2,0.11688311688311688,0.08333333333333331,-0.3389604328492828,-0.2784046650276491,,,threshold-grouped standard AP,False,legacy_recorded,null,505
all_alfworld,early,activation_l24_norm,0.0,14,2,0.16025641025641024,0.33333333333333337,-0.35270207201884834,-0.22998646241414492,,,threshold-grouped standard AP,False,legacy_recorded,null,505
all_alfworld,early,activation_l32_norm,0.0,14,2,0.13392857142857142,0.20833333333333331,-0.3412507060442104,-0.22998646241414492,,,threshold-grouped standard AP,False,legacy_recorded,null,505
all_alfworld,early,activation_l8_norm,0.0,14,2,0.11688311688311688,0.08333333333333331,-0.5931807574862448,-0.4236592728681617,,,threshold-grouped standard AP,False,legacy_recorded,null,505
all_alfworld,early,delta_centered_norm,0.0,14,2,0.13392857142857142,0.20833333333333331,-0.22902731949275862,-0.1573591584938886,,,threshold-grouped standard AP,False,legacy_recorded,null,505
all_alfworld,early,delta_norm,0.0,14,2,0.14583333333333331,0.29166666666666663,-0.3458312524340656,-0.2784046650276491,,,threshold-grouped standard AP,False,legacy_recorded,null,505
all_alfworld,early,forward_kl_original,0.0,14,2,0.3666666666666667,0.7916666666666666,-0.18780240198406212,-0.1573591584938886,,,threshold-grouped standard AP,False,legacy_recorded,null,505
all_alfworld,early,js_original,0.0,14,2,0.26785714285714285,0.6666666666666666,-0.23818841227246898,-0.1815682598006407,,,threshold-grouped standard AP,False,legacy_recorded,null,505
all_alfworld,early,old_margin,0.0,14,2,0.25,0.6458333333333333,0.10018509845973424,0.07273929674533079,,,threshold-grouped standard AP,False,legacy_recorded,null,505
all_alfworld,early,u_control_norm,0.0,14,2,0.29166666666666663,0.6666666666666667,0.11222338655145174,0.08473185457363233,,,threshold-grouped standard AP,False,legacy_recorded,null,505
all_alfworld,early,u_original_norm,0.0,14,2,0.26666666666666666,0.5833333333333334,0.0870303814072483,0.060522753266880246,,,threshold-grouped standard AP,False,legacy_recorded,null,505
all_alfworld,early,random_expected,0.0,14,2,0.14285714285714285,0.5,,,,,threshold-grouped standard AP,False,legacy_recorded,null,505
all_alfworld,early,C_upd,0.05,14,1,0.1,0.3076923076923077,-0.019488750145932557,0.0,,,threshold-grouped standard AP,False,legacy_recorded,null,505
all_alfworld,early,D_contribution,0.05,14,1,0.1111111111111111,0.3846153846153846,0.271696104975648,0.19474579822405905,,,threshold-grouped standard AP,False,legacy_recorded,null,505
all_alfworld,early,D_ungated_contribution,0.05,14,1,0.125,0.46153846153846156,0.19603389852673336,0.1460593486680443,,,threshold-grouped standard AP,False,legacy_recorded,null,505
all_alfworld,early,P_int,0.05,14,1,0.25,0.7692307692307692,0.6729350785683771,0.5598941698941697,7.0,0.8571428571428571,threshold-grouped standard AP,False,legacy_recorded,null,505
all_alfworld,early,activation_l16_norm,0.05,14,1,0.07142857142857142,0.0,-0.3389604328492828,-0.2784046650276491,,,threshold-grouped standard AP,False,legacy_recorded,null,505
all_alfworld,early,activation_l24_norm,0.05,14,1,0.07692307692307693,0.07692307692307687,-0.35270207201884834,-0.22998646241414492,,,threshold-grouped standard AP,False,legacy_recorded,null,505
all_alfworld,early,activation_l32_norm,0.05,14,1,0.07142857142857142,0.0,-0.3412507060442104,-0.22998646241414492,,,threshold-grouped standard AP,False,legacy_recorded,null,505
all_alfworld,early,activation_l8_norm,0.05,14,1,0.07142857142857142,0.0,-0.5931807574862448,-0.4236592728681617,,,threshold-grouped standard AP,False,legacy_recorded,null,505
all_alfworld,early,delta_centered_norm,0.05,14,1,0.07142857142857142,0.0,-0.22902731949275862,-0.1573591584938886,,,threshold-grouped standard AP,False,legacy_recorded,null,505
all_alfworld,early,delta_norm,0.05,14,1,0.08333333333333333,0.15384615384615385,-0.3458312524340656,-0.2784046650276491,,,threshold-grouped standard AP,False,legacy_recorded,null,505
all_alfworld,early,forward_kl_original,0.05,14,1,0.2,0.6923076923076923,-0.18780240198406212,-0.1573591584938886,,,threshold-grouped standard AP,False,legacy_recorded,null,505
all_alfworld,early,js_original,0.05,14,1,0.14285714285714285,0.5384615384615384,-0.23818841227246898,-0.1815682598006407,,,threshold-grouped standard AP,False,legacy_recorded,null,505
all_alfworld,early,old_margin,0.05,14,1,0.08333333333333333,0.4230769230769231,0.10018509845973424,0.07273929674533079,,,threshold-grouped standard AP,False,legacy_recorded,null,505
all_alfworld,early,u_control_norm,0.05,14,1,0.125,0.46153846153846156,0.11222338655145174,0.08473185457363233,,,threshold-grouped standard AP,False,legacy_recorded,null,505
all_alfworld,early,u_original_norm,0.05,14,1,0.1,0.3076923076923077,0.0870303814072483,0.060522753266880246,,,threshold-grouped standard AP,False,legacy_recorded,null,505
all_alfworld,early,random_expected,0.05,14,1,0.07142857142857142,0.5,,,,,threshold-grouped standard AP,False,legacy_recorded,null,505
all_alfworld,initial,C_upd,0.0,7,3,0.36507936507936506,0.16666666666666666,-0.48650622985560193,-0.39036002917941326,,,threshold-grouped standard AP,False,legacy_recorded,null,505
all_alfworld,initial,D_contribution,0.0,7,3,0.5888888888888889,0.6666666666666666,0.48650622985560193,0.29277002188455997,,,threshold-grouped standard AP,False,legacy_recorded,null,505
all_alfworld,initial,D_ungated_contribution,0.0,7,3,0.7555555555555555,0.75,0.6306562238868914,0.48795003647426666,,,threshold-grouped standard AP,False,legacy_recorded,null,505
all_alfworld,initial,P_int,0.0,7,3,0.4777777777777778,0.5,-0.01801874925391118,0.0,4.0,0.25,threshold-grouped standard AP,False,legacy_recorded,null,505
all_alfworld,initial,activation_l16_norm,0.0,7,3,0.33730158730158727,0.08333333333333333,-0.7857142857142859,-0.7142857142857143,,,threshold-grouped standard AP,False,legacy_recorded,null,505
all_alfworld,initial,activation_l24_norm,0.0,7,3,0.4206349206349206,0.25,-0.7500000000000002,-0.6190476190476191,,,threshold-grouped standard AP,False,legacy_recorded,null,505
all_alfworld,initial,activation_l32_norm,0.0,7,3,0.6333333333333333,0.5,-0.42857142857142866,-0.33333333333333337,,,threshold-grouped standard AP,False,legacy_recorded,null,505
all_alfworld,initial,activation_l8_norm,0.0,7,3,0.33730158730158727,0.08333333333333333,-0.7500000000000002,-0.6190476190476191,,,threshold-grouped standard AP,False,legacy_recorded,null,505
all_alfworld,initial,delta_centered_norm,0.0,7,3,0.41111111111111115,0.3333333333333333,-0.6785714285714287,-0.5238095238095238,,,threshold-grouped standard AP,False,legacy_recorded,null,505
all_alfworld,initial,delta_norm,0.0,7,3,0.4777777777777778,0.5,-0.39285714285714296,-0.23809523809523814,,,threshold-grouped standard AP,False,legacy_recorded,null,505
all_alfworld,initial,forward_kl_original,0.0,7,3,0.41111111111111115,0.3333333333333333,-0.42857142857142866,-0.23809523809523814,,,threshold-grouped standard AP,False,legacy_recorded,null,505
all_alfworld,initial,js_original,0.0,7,3,0.38333333333333336,0.25,-0.6071428571428572,-0.33333333333333337,,,threshold-grouped standard AP,False,legacy_recorded,null,505
all_alfworld,initial,old_margin,0.0,7,3,0.7555555555555555,0.75,0.42857142857142866,0.4285714285714286,,,threshold-grouped standard AP,False,legacy_recorded,null,505
all_alfworld,initial,u_control_norm,0.0,7,3,0.8055555555555556,0.8333333333333334,0.7142857142857144,0.5238095238095238,,,threshold-grouped standard AP,False,legacy_recorded,null,505
all_alfworld,initial,u_original_norm,0.0,7,3,0.7555555555555555,0.75,0.14285714285714288,0.14285714285714288,,,threshold-grouped standard AP,False,legacy_recorded,null,505
all_alfworld,initial,random_expected,0.0,7,3,0.42857142857142855,0.5,,,,,threshold-grouped standard AP,False,legacy_recorded,null,505
all_alfworld,initial,C_upd,0.05,7,2,0.30952380952380953,0.3,-0.48650622985560193,-0.39036002917941326,,,threshold-grouped standard AP,False,legacy_recorded,null,505
all_alfworld,initial,D_contribution,0.05,7,2,0.5833333333333333,0.8,0.48650622985560193,0.29277002188455997,,,threshold-grouped standard AP,False,legacy_recorded,null,505
all_alfworld,initial,D_ungated_contribution,0.05,7,2,0.8333333333333333,0.9,0.6306562238868914,0.48795003647426666,,,threshold-grouped standard AP,False,legacy_recorded,null,505
all_alfworld,initial,P_int,0.05,7,2,0.3666666666666667,0.5,-0.01801874925391118,0.0,4.0,0.25,threshold-grouped standard AP,False,legacy_recorded,null,505
all_alfworld,initial,activation_l16_norm,0.05,7,2,0.26785714285714285,0.2,-0.7857142857142859,-0.7142857142857143,,,threshold-grouped standard AP,False,legacy_recorded,null,505
all_alfworld,initial,activation_l24_norm,0.05,7,2,0.22619047619047616,0.0,-0.7500000000000002,-0.6190476190476191,,,threshold-grouped standard AP,False,legacy_recorded,null,505
all_alfworld,initial,activation_l32_norm,0.05,7,2,0.26666666666666666,0.19999999999999996,-0.42857142857142866,-0.33333333333333337,,,threshold-grouped standard AP,False,legacy_recorded,null,505
all_alfworld,initial,activation_l8_norm,0.05,7,2,0.26785714285714285,0.2,-0.7500000000000002,-0.6190476190476191,,,threshold-grouped standard AP,False,legacy_recorded,null,505
all_alfworld,initial,delta_centered_norm,0.05,7,2,0.26666666666666666,0.19999999999999996,-0.6785714285714287,-0.5238095238095238,,,threshold-grouped standard AP,False,legacy_recorded,null,505
all_alfworld,initial,delta_norm,0.05,7,2,0.325,0.4,-0.39285714285714296,-0.23809523809523814,,,threshold-grouped standard AP,False,legacy_recorded,null,505
all_alfworld,initial,forward_kl_original,0.05,7,2,0.3333333333333333,0.39999999999999997,-0.42857142857142866,-0.23809523809523814,,,threshold-grouped standard AP,False,legacy_recorded,null,505
all_alfworld,initial,js_original,0.05,7,2,0.29166666666666663,0.3,-0.6071428571428572,-0.33333333333333337,,,threshold-grouped standard AP,False,legacy_recorded,null,505
all_alfworld,initial,old_margin,0.05,7,2,0.8333333333333333,0.9,0.42857142857142866,0.4285714285714286,,,threshold-grouped standard AP,False,legacy_recorded,null,505
all_alfworld,initial,u_control_norm,0.05,7,2,0.75,0.8,0.7142857142857144,0.5238095238095238,,,threshold-grouped standard AP,False,legacy_recorded,null,505
all_alfworld,initial,u_original_norm,0.05,7,2,0.3666666666666667,0.5,0.14285714285714288,0.14285714285714288,,,threshold-grouped standard AP,False,legacy_recorded,null,505
all_alfworld,initial,random_expected,0.05,7,2,0.2857142857142857,0.5,,,,,threshold-grouped standard AP,False,legacy_recorded,null,505
all_alfworld,late,C_upd,0.0,13,1,0.08333333333333333,0.08333333333333337,-0.19444352116306018,-0.18156825980064073,,,threshold-grouped standard AP,False,legacy_recorded,null,505
all_alfworld,late,D_contribution,0.0,13,1,0.1111111111111111,0.33333333333333337,-0.08076884725234808,-0.09078412990032037,,,threshold-grouped standard AP,False,legacy_recorded,null,505
all_alfworld,late,D_ungated_contribution,0.0,13,1,0.1111111111111111,0.33333333333333337,-0.07478596967810006,-0.06052275326688024,,,threshold-grouped standard AP,False,legacy_recorded,null,505
all_alfworld,late,P_int,0.0,13,1,0.125,0.41666666666666663,0.06282021452960407,0.06052275326688024,5.0,0.2,threshold-grouped standard AP,False,legacy_recorded,null,505
all_alfworld,late,activation_l16_norm,0.0,13,1,0.5,0.9166666666666666,0.13461474542058013,0.09078412990032037,,,threshold-grouped standard AP,False,legacy_recorded,null,505
all_alfworld,late,activation_l24_norm,0.0,13,1,0.16666666666666666,0.5833333333333333,-0.050854459381108046,-0.06052275326688024,,,threshold-grouped standard AP,False,legacy_recorded,null,505
all_alfworld,late,activation_l32_norm,0.0,13,1,0.3333333333333333,0.8333333333333334,0.48162164472696445,0.36313651960128146,,,threshold-grouped standard AP,False,legacy_recorded,null,505
all_alfworld,late,activation_l8_norm,0.0,13,1,0.5,0.9166666666666666,0.26324661326691223,0.18156825980064073,,,threshold-grouped standard AP,False,legacy_recorded,null,505
all_alfworld,late,delta_centered_norm,0.0,13,1,0.3333333333333333,0.8333333333333334,0.2811952459896563,0.21182963643408084,,,threshold-grouped standard AP,False,legacy_recorded,null,505
all_alfworld,late,delta_norm,0.0,13,1,0.3333333333333333,0.8333333333333334,0.2213664702471762,0.1513068831672006,,,threshold-grouped standard AP,False,legacy_recorded,null,505
all_alfworld,late,forward_kl_original,0.0,13,1,0.1,0.25,-0.4606815732170964,-0.39339789623472154,,,threshold-grouped standard AP,False,legacy_recorded,null,505
all_alfworld,late,js_original,0.0,13,1,0.1,0.25,-0.3380325829450123,-0.3026137663344012,,,threshold-grouped standard AP,False,legacy_recorded,null,505
all_alfworld,late,old_margin,0.0,13,1,0.09090909090909091,0.5416666666666666,-0.1051907670584372,-0.09304842103984709,,,threshold-grouped standard AP,False,legacy_recorded,null,505
all_alfworld,late,u_control_norm,0.0,13,1,1.0,1.0,0.3170925114351443,0.24209101306752095,,,threshold-grouped standard AP,False,legacy_recorded,null,505
all_alfworld,late,u_original_norm,0.0,13,1,1.0,1.0,0.14358906178195216,0.09078412990032037,,,threshold-grouped standard AP,False,legacy_recorded,null,505
all_alfworld,late,random_expected,0.0,13,1,0.07692307692307693,0.5,,,,,threshold-grouped standard AP,False,legacy_recorded,null,505
all_alfworld,late,C_upd,0.05,13,1,0.08333333333333333,0.08333333333333337,-0.19444352116306018,-0.18156825980064073,,,threshold-grouped standard AP,False,legacy_recorded,null,505
all_alfworld,late,D_contribution,0.05,13,1,0.1111111111111111,0.33333333333333337,-0.08076884725234808,-0.09078412990032037,,,threshold-grouped standard AP,False,legacy_recorded,null,505
all_alfworld,late,D_ungated_contribution,0.05,13,1,0.1111111111111111,0.33333333333333337,-0.07478596967810006,-0.06052275326688024,,,threshold-grouped standard AP,False,legacy_recorded,null,505
all_alfworld,late,P_int,0.05,13,1,0.125,0.41666666666666663,0.06282021452960407,0.06052275326688024,5.0,0.2,threshold-grouped standard AP,False,legacy_recorded,null,505
all_alfworld,late,activation_l16_norm,0.05,13,1,0.5,0.9166666666666666,0.13461474542058013,0.09078412990032037,,,threshold-grouped standard AP,False,legacy_recorded,null,505
all_alfworld,late,activation_l24_norm,0.05,13,1,0.16666666666666666,0.5833333333333333,-0.050854459381108046,-0.06052275326688024,,,threshold-grouped standard AP,False,legacy_recorded,null,505
all_alfworld,late,activation_l32_norm,0.05,13,1,0.3333333333333333,0.8333333333333334,0.48162164472696445,0.36313651960128146,,,threshold-grouped standard AP,False,legacy_recorded,null,505
all_alfworld,late,activation_l8_norm,0.05,13,1,0.5,0.9166666666666666,0.26324661326691223,0.18156825980064073,,,threshold-grouped standard AP,False,legacy_recorded,null,505
all_alfworld,late,delta_centered_norm,0.05,13,1,0.3333333333333333,0.8333333333333334,0.2811952459896563,0.21182963643408084,,,threshold-grouped standard AP,False,legacy_recorded,null,505
all_alfworld,late,delta_norm,0.05,13,1,0.3333333333333333,0.8333333333333334,0.2213664702471762,0.1513068831672006,,,threshold-grouped standard AP,False,legacy_recorded,null,505
all_alfworld,late,forward_kl_original,0.05,13,1,0.1,0.25,-0.4606815732170964,-0.39339789623472154,,,threshold-grouped standard AP,False,legacy_recorded,null,505
all_alfworld,late,js_original,0.05,13,1,0.1,0.25,-0.3380325829450123,-0.3026137663344012,,,threshold-grouped standard AP,False,legacy_recorded,null,505
all_alfworld,late,old_margin,0.05,13,1,0.09090909090909091,0.5416666666666666,-0.1051907670584372,-0.09304842103984709,,,threshold-grouped standard AP,False,legacy_recorded,null,505
all_alfworld,late,u_control_norm,0.05,13,1,1.0,1.0,0.3170925114351443,0.24209101306752095,,,threshold-grouped standard AP,False,legacy_recorded,null,505
all_alfworld,late,u_original_norm,0.05,13,1,1.0,1.0,0.14358906178195216,0.09078412990032037,,,threshold-grouped standard AP,False,legacy_recorded,null,505
all_alfworld,late,random_expected,0.05,13,1,0.07692307692307693,0.5,,,,,threshold-grouped standard AP,False,legacy_recorded,null,505
all_alfworld,middle,C_upd,0.0,12,1,0.1,0.18181818181818177,0.26386534545864765,0.208326913100868,,,threshold-grouped standard AP,False,legacy_recorded,null,505
all_alfworld,middle,D_contribution,0.0,12,1,0.3333333333333333,0.8181818181818182,0.2500398692291826,0.25836715231943325,,,threshold-grouped standard AP,False,legacy_recorded,null,505
all_alfworld,middle,D_ungated_contribution,0.0,12,1,1.0,1.0,0.16045865602215056,0.17627661877765757,,,threshold-grouped standard AP,False,legacy_recorded,null,505
all_alfworld,middle,P_int,0.0,12,1,1.0,1.0,-0.06774921032046358,-0.048075441484815705,7.0,0.5714285714285714,threshold-grouped standard AP,False,legacy_recorded,null,505
all_alfworld,middle,activation_l16_norm,0.0,12,1,0.125,0.36363636363636365,-0.11410393317130708,-0.048075441484815705,,,threshold-grouped standard AP,False,legacy_recorded,null,505
all_alfworld,middle,activation_l24_norm,0.0,12,1,0.16666666666666666,0.5454545454545454,-0.16759015184535725,-0.11217603013123663,,,threshold-grouped standard AP,False,legacy_recorded,null,505
all_alfworld,middle,activation_l32_norm,0.0,12,1,0.1111111111111111,0.2727272727272727,-0.07131495823206693,-0.048075441484815705,,,threshold-grouped standard AP,False,legacy_recorded,null,505
all_alfworld,middle,activation_l8_norm,0.0,12,1,0.1111111111111111,0.2727272727272727,-0.2602995975470443,-0.17627661877765757,,,threshold-grouped standard AP,False,legacy_recorded,null,505
all_alfworld,middle,delta_centered_norm,0.0,12,1,0.125,0.36363636363636365,0.16045865602215056,0.17627661877765757,,,threshold-grouped standard AP,False,legacy_recorded,null,505
all_alfworld,middle,delta_norm,0.0,12,1,0.1111111111111111,0.2727272727272727,0.12836692481772047,0.11217603013123663,,,threshold-grouped standard AP,False,legacy_recorded,null,505
all_alfworld,middle,forward_kl_original,0.0,12,1,0.3333333333333333,0.8181818181818181,-0.2139448746962008,-0.208326913100868,,,threshold-grouped standard AP,False,legacy_recorded,null,505
all_alfworld,middle,js_original,0.0,12,1,0.25,0.7272727272727273,-0.28882558083987103,-0.24037720742407848,,,threshold-grouped standard AP,False,legacy_recorded,null,505
all_alfworld,middle,old_margin,0.0,12,1,0.25,0.7272727272727273,-0.04771456634925265,0.019407416991319402,,,threshold-grouped standard AP,False,legacy_recorded,null,505
all_alfworld,middle,u_control_norm,0.0,12,1,0.125,0.36363636363636365,0.4243240014807982,0.3365280903937099,,,threshold-grouped standard AP,False,legacy_recorded,null,505
all_alfworld,middle,u_original_norm,0.0,12,1,0.1111111111111111,0.2727272727272727,0.43858699312721156,0.3365280903937099,,,threshold-grouped standard AP,False,legacy_recorded,null,505
all_alfworld,middle,random_expected,0.0,12,1,0.08333333333333333,0.5,,,,,threshold-grouped standard AP,False,legacy_recorded,null,505
all_alfworld,middle,C_upd,0.05,12,1,0.1,0.18181818181818177,0.26386534545864765,0.208326913100868,,,threshold-grouped standard AP,False,legacy_recorded,null,505
all_alfworld,middle,D_contribution,0.05,12,1,0.3333333333333333,0.8181818181818182,0.2500398692291826,0.25836715231943325,,,threshold-grouped standard AP,False,legacy_recorded,null,505
all_alfworld,middle,D_ungated_contribution,0.05,12,1,1.0,1.0,0.16045865602215056,0.17627661877765757,,,threshold-grouped standard AP,False,legacy_recorded,null,505
all_alfworld,middle,P_int,0.05,12,1,1.0,1.0,-0.06774921032046358,-0.048075441484815705,7.0,0.5714285714285714,threshold-grouped standard AP,False,legacy_recorded,null,505
all_alfworld,middle,activation_l16_norm,0.05,12,1,0.125,0.36363636363636365,-0.11410393317130708,-0.048075441484815705,,,threshold-grouped standard AP,False,legacy_recorded,null,505
all_alfworld,middle,activation_l24_norm,0.05,12,1,0.16666666666666666,0.5454545454545454,-0.16759015184535725,-0.11217603013123663,,,threshold-grouped standard AP,False,legacy_recorded,null,505
all_alfworld,middle,activation_l32_norm,0.05,12,1,0.1111111111111111,0.2727272727272727,-0.07131495823206693,-0.048075441484815705,,,threshold-grouped standard AP,False,legacy_recorded,null,505
all_alfworld,middle,activation_l8_norm,0.05,12,1,0.1111111111111111,0.2727272727272727,-0.2602995975470443,-0.17627661877765757,,,threshold-grouped standard AP,False,legacy_recorded,null,505
all_alfworld,middle,delta_centered_norm,0.05,12,1,0.125,0.36363636363636365,0.16045865602215056,0.17627661877765757,,,threshold-grouped standard AP,False,legacy_recorded,null,505
all_alfworld,middle,delta_norm,0.05,12,1,0.1111111111111111,0.2727272727272727,0.12836692481772047,0.11217603013123663,,,threshold-grouped standard AP,False,legacy_recorded,null,505
all_alfworld,middle,forward_kl_original,0.05,12,1,0.3333333333333333,0.8181818181818181,-0.2139448746962008,-0.208326913100868,,,threshold-grouped standard AP,False,legacy_recorded,null,505
all_alfworld,middle,js_original,0.05,12,1,0.25,0.7272727272727273,-0.28882558083987103,-0.24037720742407848,,,threshold-grouped standard AP,False,legacy_recorded,null,505
all_alfworld,middle,old_margin,0.05,12,1,0.25,0.7272727272727273,-0.04771456634925265,0.019407416991319402,,,threshold-grouped standard AP,False,legacy_recorded,null,505
all_alfworld,middle,u_control_norm,0.05,12,1,0.125,0.36363636363636365,0.4243240014807982,0.3365280903937099,,,threshold-grouped standard AP,False,legacy_recorded,null,505
all_alfworld,middle,u_original_norm,0.05,12,1,0.1111111111111111,0.2727272727272727,0.43858699312721156,0.3365280903937099,,,threshold-grouped standard AP,False,legacy_recorded,null,505
all_alfworld,middle,random_expected,0.05,12,1,0.08333333333333333,0.5,,,,,threshold-grouped standard AP,False,legacy_recorded,null,505
all_alfworld,all,C_upd,0.0,19,3,0.22692307692307695,0.5625,0.014393052710822172,0.012487810821089252,,,threshold-grouped standard AP,False,stable_raw,null,505
all_alfworld,all,D_contribution,0.0,19,3,0.13357100415923945,0.22916666666666666,-0.10974702692001906,-0.07492686492653552,,,threshold-grouped standard AP,False,stable_raw,null,505
all_alfworld,all,D_ungated_contribution,0.0,19,3,0.12254901960784313,0.14583333333333331,-0.20330186954036317,-0.14985372985307105,,,threshold-grouped standard AP,False,stable_raw,null,505
all_alfworld,all,P_int,0.0,19,3,0.15925925925925927,0.375,0.04138002654361374,0.07492686492653552,11.0,0.2727272727272727,threshold-grouped standard AP,False,stable_raw,null,505
all_alfworld,all,activation_l16_norm,0.0,19,3,0.11189083820662768,0.041666666666666664,-0.7430413461961946,-0.5994149194122842,,,threshold-grouped standard AP,False,stable_raw,null,505
all_alfworld,all,activation_l24_norm,0.0,19,3,0.14239028944911297,0.25,-0.4281933181469596,-0.3121952705272313,,,threshold-grouped standard AP,False,stable_raw,null,505
all_alfworld,all,activation_l32_norm,0.0,19,3,0.13946631284092584,0.22916666666666666,-0.38501416001449307,-0.27473183806396356,,,threshold-grouped standard AP,False,stable_raw,null,505
all_alfworld,all,activation_l8_norm,0.0,19,3,0.11268059855521156,0.041666666666666664,-0.6944647932971698,-0.5619514869490163,,,threshold-grouped standard AP,False,stable_raw,null,505
all_alfworld,all,delta_centered_norm,0.0,19,3,0.14740282077743377,0.24999999999999997,-0.394009817958757,-0.3246830813483206,,,threshold-grouped standard AP,False,stable_raw,null,505
all_alfworld,all,delta_norm,0.0,19,3,0.16666666666666666,0.3333333333333333,-0.2968567121607073,-0.23726840560069581,,,threshold-grouped standard AP,False,stable_raw,null,505
all_alfworld,all,forward_kl_original,0.0,19,3,0.16893939393939394,0.4166666666666667,-0.4497828972131928,-0.3371708921694098,,,threshold-grouped standard AP,False,stable_raw,null,505
all_alfworld,all,js_original,0.0,19,3,0.18571428571428572,0.4791666666666667,-0.3094506332826767,-0.22478059477960655,,,threshold-grouped standard AP,False,stable_raw,null,505
all_alfworld,all,old_margin,0.0,19,3,0.17724867724867724,0.4895833333333333,-0.06171675235181148,-0.03425943549137658,,,threshold-grouped standard AP,False,stable_raw,null,505
all_alfworld,all,u_control_norm,0.0,19,3,0.3595238095238096,0.7916666666666666,0.5577307925443591,0.3996099462748561,,,threshold-grouped standard AP,False,stable_raw,null,505
all_alfworld,all,u_original_norm,0.0,19,3,0.23382173382173382,0.5,0.125939211219694,0.08741467574762476,,,threshold-grouped standard AP,False,stable_raw,null,505
all_alfworld,all,random_expected,0.0,19,3,0.15789473684210525,0.5,,,,,threshold-grouped standard AP,False,stable_raw,null,505
all_alfworld,all,C_upd,0.05,19,1,0.07692307692307693,0.33333333333333337,0.014393052710822172,0.012487810821089252,,,threshold-grouped standard AP,False,stable_raw,null,505
all_alfworld,all,D_contribution,0.05,19,1,0.058823529411764705,0.11111111111111116,-0.10974702692001906,-0.07492686492653552,,,threshold-grouped standard AP,False,stable_raw,null,505
all_alfworld,all,D_ungated_contribution,0.05,19,1,0.05555555555555555,0.05555555555555558,-0.20330186954036317,-0.14985372985307105,,,threshold-grouped standard AP,False,stable_raw,null,505
all_alfworld,all,P_int,0.05,19,1,0.1111111111111111,0.5555555555555556,0.04138002654361374,0.07492686492653552,11.0,0.2727272727272727,threshold-grouped standard AP,False,stable_raw,null,505
all_alfworld,all,activation_l16_norm,0.05,19,1,0.05263157894736842,0.0,-0.7430413461961946,-0.5994149194122842,,,threshold-grouped standard AP,False,stable_raw,null,505
all_alfworld,all,activation_l24_norm,0.05,19,1,0.058823529411764705,0.11111111111111116,-0.4281933181469596,-0.3121952705272313,,,threshold-grouped standard AP,False,stable_raw,null,505
all_alfworld,all,activation_l32_norm,0.05,19,1,0.058823529411764705,0.11111111111111116,-0.38501416001449307,-0.27473183806396356,,,threshold-grouped standard AP,False,stable_raw,null,505
all_alfworld,all,activation_l8_norm,0.05,19,1,0.05263157894736842,0.0,-0.6944647932971698,-0.5619514869490163,,,threshold-grouped standard AP,False,stable_raw,null,505
all_alfworld,all,delta_centered_norm,0.05,19,1,0.058823529411764705,0.11111111111111116,-0.394009817958757,-0.3246830813483206,,,threshold-grouped standard AP,False,stable_raw,null,505
all_alfworld,all,delta_norm,0.05,19,1,0.05555555555555555,0.05555555555555558,-0.2968567121607073,-0.23726840560069581,,,threshold-grouped standard AP,False,stable_raw,null,505
all_alfworld,all,forward_kl_original,0.05,19,1,0.125,0.6111111111111112,-0.4497828972131928,-0.3371708921694098,,,threshold-grouped standard AP,False,stable_raw,null,505
all_alfworld,all,js_original,0.05,19,1,0.14285714285714285,0.6666666666666667,-0.3094506332826767,-0.22478059477960655,,,threshold-grouped standard AP,False,stable_raw,null,505
all_alfworld,all,old_margin,0.05,19,1,0.05555555555555555,0.25,-0.06171675235181148,-0.03425943549137658,,,threshold-grouped standard AP,False,stable_raw,null,505
all_alfworld,all,u_control_norm,0.05,19,1,0.2,0.7777777777777778,0.5577307925443591,0.3996099462748561,,,threshold-grouped standard AP,False,stable_raw,null,505
all_alfworld,all,u_original_norm,0.05,19,1,0.07142857142857142,0.2777777777777778,0.125939211219694,0.08741467574762476,,,threshold-grouped standard AP,False,stable_raw,null,505
all_alfworld,all,random_expected,0.05,19,1,0.05263157894736842,0.5,,,,,threshold-grouped standard AP,False,stable_raw,null,505
all_alfworld,early,C_upd,0.0,14,2,0.14090909090909093,0.25,-0.019488750145932557,0.0,,,threshold-grouped standard AP,False,stable_raw,null,505
all_alfworld,early,D_contribution,0.0,14,2,0.2111111111111111,0.5416666666666666,0.271696104975648,0.19474579822405905,,,threshold-grouped standard AP,False,stable_raw,null,505
all_alfworld,early,D_ungated_contribution,0.0,14,2,0.1736111111111111,0.41666666666666663,0.19603389852673336,0.1460593486680443,,,threshold-grouped standard AP,False,stable_raw,null,505
all_alfworld,early,P_int,0.0,14,2,0.325,0.75,0.6798134609728239,0.5842373946721772,7.0,0.8571428571428571,threshold-grouped standard AP,False,stable_raw,null,505
all_alfworld,early,activation_l16_norm,0.0,14,2,0.11688311688311688,0.08333333333333331,-0.3389604328492828,-0.2784046650276491,,,threshold-grouped standard AP,False,stable_raw,null,505
all_alfworld,early,activation_l24_norm,0.0,14,2,0.16025641025641024,0.33333333333333337,-0.35270207201884834,-0.22998646241414492,,,threshold-grouped standard AP,False,stable_raw,null,505
all_alfworld,early,activation_l32_norm,0.0,14,2,0.13392857142857142,0.20833333333333331,-0.3412507060442104,-0.22998646241414492,,,threshold-grouped standard AP,False,stable_raw,null,505
all_alfworld,early,activation_l8_norm,0.0,14,2,0.11688311688311688,0.08333333333333331,-0.5931807574862448,-0.4236592728681617,,,threshold-grouped standard AP,False,stable_raw,null,505
all_alfworld,early,delta_centered_norm,0.0,14,2,0.13392857142857142,0.20833333333333331,-0.22902731949275862,-0.1573591584938886,,,threshold-grouped standard AP,False,stable_raw,null,505
all_alfworld,early,delta_norm,0.0,14,2,0.14583333333333331,0.29166666666666663,-0.3458312524340656,-0.2784046650276491,,,threshold-grouped standard AP,False,stable_raw,null,505
all_alfworld,early,forward_kl_original,0.0,14,2,0.3666666666666667,0.7916666666666666,-0.18780240198406212,-0.1573591584938886,,,threshold-grouped standard AP,False,stable_raw,null,505
all_alfworld,early,js_original,0.0,14,2,0.26785714285714285,0.6666666666666666,-0.23818841227246898,-0.1815682598006407,,,threshold-grouped standard AP,False,stable_raw,null,505
all_alfworld,early,old_margin,0.0,14,2,0.25,0.6458333333333333,0.10018509845973424,0.07273929674533079,,,threshold-grouped standard AP,False,stable_raw,null,505
all_alfworld,early,u_control_norm,0.0,14,2,0.29166666666666663,0.6666666666666667,0.11222338655145174,0.08473185457363233,,,threshold-grouped standard AP,False,stable_raw,null,505
all_alfworld,early,u_original_norm,0.0,14,2,0.26666666666666666,0.5833333333333334,0.0870303814072483,0.060522753266880246,,,threshold-grouped standard AP,False,stable_raw,null,505
all_alfworld,early,random_expected,0.0,14,2,0.14285714285714285,0.5,,,,,threshold-grouped standard AP,False,stable_raw,null,505
all_alfworld,early,C_upd,0.05,14,1,0.1,0.3076923076923077,-0.019488750145932557,0.0,,,threshold-grouped standard AP,False,stable_raw,null,505
all_alfworld,early,D_contribution,0.05,14,1,0.1111111111111111,0.3846153846153846,0.271696104975648,0.19474579822405905,,,threshold-grouped standard AP,False,stable_raw,null,505
all_alfworld,early,D_ungated_contribution,0.05,14,1,0.125,0.46153846153846156,0.19603389852673336,0.1460593486680443,,,threshold-grouped standard AP,False,stable_raw,null,505
all_alfworld,early,P_int,0.05,14,1,0.25,0.7692307692307692,0.6798134609728239,0.5842373946721772,7.0,0.8571428571428571,threshold-grouped standard AP,False,stable_raw,null,505
all_alfworld,early,activation_l16_norm,0.05,14,1,0.07142857142857142,0.0,-0.3389604328492828,-0.2784046650276491,,,threshold-grouped standard AP,False,stable_raw,null,505
all_alfworld,early,activation_l24_norm,0.05,14,1,0.07692307692307693,0.07692307692307687,-0.35270207201884834,-0.22998646241414492,,,threshold-grouped standard AP,False,stable_raw,null,505
all_alfworld,early,activation_l32_norm,0.05,14,1,0.07142857142857142,0.0,-0.3412507060442104,-0.22998646241414492,,,threshold-grouped standard AP,False,stable_raw,null,505
all_alfworld,early,activation_l8_norm,0.05,14,1,0.07142857142857142,0.0,-0.5931807574862448,-0.4236592728681617,,,threshold-grouped standard AP,False,stable_raw,null,505
all_alfworld,early,delta_centered_norm,0.05,14,1,0.07142857142857142,0.0,-0.22902731949275862,-0.1573591584938886,,,threshold-grouped standard AP,False,stable_raw,null,505
all_alfworld,early,delta_norm,0.05,14,1,0.08333333333333333,0.15384615384615385,-0.3458312524340656,-0.2784046650276491,,,threshold-grouped standard AP,False,stable_raw,null,505
all_alfworld,early,forward_kl_original,0.05,14,1,0.2,0.6923076923076923,-0.18780240198406212,-0.1573591584938886,,,threshold-grouped standard AP,False,stable_raw,null,505
all_alfworld,early,js_original,0.05,14,1,0.14285714285714285,0.5384615384615384,-0.23818841227246898,-0.1815682598006407,,,threshold-grouped standard AP,False,stable_raw,null,505
all_alfworld,early,old_margin,0.05,14,1,0.08333333333333333,0.4230769230769231,0.10018509845973424,0.07273929674533079,,,threshold-grouped standard AP,False,stable_raw,null,505
all_alfworld,early,u_control_norm,0.05,14,1,0.125,0.46153846153846156,0.11222338655145174,0.08473185457363233,,,threshold-grouped standard AP,False,stable_raw,null,505
all_alfworld,early,u_original_norm,0.05,14,1,0.1,0.3076923076923077,0.0870303814072483,0.060522753266880246,,,threshold-grouped standard AP,False,stable_raw,null,505
all_alfworld,early,random_expected,0.05,14,1,0.07142857142857142,0.5,,,,,threshold-grouped standard AP,False,stable_raw,null,505
all_alfworld,initial,C_upd,0.0,7,3,0.36507936507936506,0.16666666666666666,-0.48650622985560193,-0.39036002917941326,,,threshold-grouped standard AP,False,stable_raw,null,505
all_alfworld,initial,D_contribution,0.0,7,3,0.5888888888888889,0.6666666666666666,0.48650622985560193,0.29277002188455997,,,threshold-grouped standard AP,False,stable_raw,null,505
all_alfworld,initial,D_ungated_contribution,0.0,7,3,0.7555555555555555,0.75,0.6306562238868914,0.48795003647426666,,,threshold-grouped standard AP,False,stable_raw,null,505
all_alfworld,initial,P_int,0.0,7,3,0.4777777777777778,0.5,-0.01801874925391118,0.0,4.0,0.25,threshold-grouped standard AP,False,stable_raw,null,505
all_alfworld,initial,activation_l16_norm,0.0,7,3,0.33730158730158727,0.08333333333333333,-0.7857142857142859,-0.7142857142857143,,,threshold-grouped standard AP,False,stable_raw,null,505
all_alfworld,initial,activation_l24_norm,0.0,7,3,0.4206349206349206,0.25,-0.7500000000000002,-0.6190476190476191,,,threshold-grouped standard AP,False,stable_raw,null,505
all_alfworld,initial,activation_l32_norm,0.0,7,3,0.6333333333333333,0.5,-0.42857142857142866,-0.33333333333333337,,,threshold-grouped standard AP,False,stable_raw,null,505
all_alfworld,initial,activation_l8_norm,0.0,7,3,0.33730158730158727,0.08333333333333333,-0.7500000000000002,-0.6190476190476191,,,threshold-grouped standard AP,False,stable_raw,null,505
all_alfworld,initial,delta_centered_norm,0.0,7,3,0.41111111111111115,0.3333333333333333,-0.6785714285714287,-0.5238095238095238,,,threshold-grouped standard AP,False,stable_raw,null,505
all_alfworld,initial,delta_norm,0.0,7,3,0.4777777777777778,0.5,-0.39285714285714296,-0.23809523809523814,,,threshold-grouped standard AP,False,stable_raw,null,505
all_alfworld,initial,forward_kl_original,0.0,7,3,0.41111111111111115,0.3333333333333333,-0.42857142857142866,-0.23809523809523814,,,threshold-grouped standard AP,False,stable_raw,null,505
all_alfworld,initial,js_original,0.0,7,3,0.38333333333333336,0.25,-0.6071428571428572,-0.33333333333333337,,,threshold-grouped standard AP,False,stable_raw,null,505
all_alfworld,initial,old_margin,0.0,7,3,0.7555555555555555,0.75,0.42857142857142866,0.4285714285714286,,,threshold-grouped standard AP,False,stable_raw,null,505
all_alfworld,initial,u_control_norm,0.0,7,3,0.8055555555555556,0.8333333333333334,0.7142857142857144,0.5238095238095238,,,threshold-grouped standard AP,False,stable_raw,null,505
all_alfworld,initial,u_original_norm,0.0,7,3,0.7555555555555555,0.75,0.14285714285714288,0.14285714285714288,,,threshold-grouped standard AP,False,stable_raw,null,505
all_alfworld,initial,random_expected,0.0,7,3,0.42857142857142855,0.5,,,,,threshold-grouped standard AP,False,stable_raw,null,505
all_alfworld,initial,C_upd,0.05,7,2,0.30952380952380953,0.3,-0.48650622985560193,-0.39036002917941326,,,threshold-grouped standard AP,False,stable_raw,null,505
all_alfworld,initial,D_contribution,0.05,7,2,0.5833333333333333,0.8,0.48650622985560193,0.29277002188455997,,,threshold-grouped standard AP,False,stable_raw,null,505
all_alfworld,initial,D_ungated_contribution,0.05,7,2,0.8333333333333333,0.9,0.6306562238868914,0.48795003647426666,,,threshold-grouped standard AP,False,stable_raw,null,505
all_alfworld,initial,P_int,0.05,7,2,0.3666666666666667,0.5,-0.01801874925391118,0.0,4.0,0.25,threshold-grouped standard AP,False,stable_raw,null,505
all_alfworld,initial,activation_l16_norm,0.05,7,2,0.26785714285714285,0.2,-0.7857142857142859,-0.7142857142857143,,,threshold-grouped standard AP,False,stable_raw,null,505
all_alfworld,initial,activation_l24_norm,0.05,7,2,0.22619047619047616,0.0,-0.7500000000000002,-0.6190476190476191,,,threshold-grouped standard AP,False,stable_raw,null,505
all_alfworld,initial,activation_l32_norm,0.05,7,2,0.26666666666666666,0.19999999999999996,-0.42857142857142866,-0.33333333333333337,,,threshold-grouped standard AP,False,stable_raw,null,505
all_alfworld,initial,activation_l8_norm,0.05,7,2,0.26785714285714285,0.2,-0.7500000000000002,-0.6190476190476191,,,threshold-grouped standard AP,False,stable_raw,null,505
all_alfworld,initial,delta_centered_norm,0.05,7,2,0.26666666666666666,0.19999999999999996,-0.6785714285714287,-0.5238095238095238,,,threshold-grouped standard AP,False,stable_raw,null,505
all_alfworld,initial,delta_norm,0.05,7,2,0.325,0.4,-0.39285714285714296,-0.23809523809523814,,,threshold-grouped standard AP,False,stable_raw,null,505
all_alfworld,initial,forward_kl_original,0.05,7,2,0.3333333333333333,0.39999999999999997,-0.42857142857142866,-0.23809523809523814,,,threshold-grouped standard AP,False,stable_raw,null,505
all_alfworld,initial,js_original,0.05,7,2,0.29166666666666663,0.3,-0.6071428571428572,-0.33333333333333337,,,threshold-grouped standard AP,False,stable_raw,null,505
all_alfworld,initial,old_margin,0.05,7,2,0.8333333333333333,0.9,0.42857142857142866,0.4285714285714286,,,threshold-grouped standard AP,False,stable_raw,null,505
all_alfworld,initial,u_control_norm,0.05,7,2,0.75,0.8,0.7142857142857144,0.5238095238095238,,,threshold-grouped standard AP,False,stable_raw,null,505
all_alfworld,initial,u_original_norm,0.05,7,2,0.3666666666666667,0.5,0.14285714285714288,0.14285714285714288,,,threshold-grouped standard AP,False,stable_raw,null,505
all_alfworld,initial,random_expected,0.05,7,2,0.2857142857142857,0.5,,,,,threshold-grouped standard AP,False,stable_raw,null,505
all_alfworld,late,C_upd,0.0,13,1,0.08333333333333333,0.08333333333333337,-0.19444352116306018,-0.18156825980064073,,,threshold-grouped standard AP,False,stable_raw,null,505
all_alfworld,late,D_contribution,0.0,13,1,0.1111111111111111,0.33333333333333337,-0.08076884725234808,-0.09078412990032037,,,threshold-grouped standard AP,False,stable_raw,null,505
all_alfworld,late,D_ungated_contribution,0.0,13,1,0.1111111111111111,0.33333333333333337,-0.07478596967810006,-0.06052275326688024,,,threshold-grouped standard AP,False,stable_raw,null,505
all_alfworld,late,P_int,0.0,13,1,0.125,0.41666666666666663,0.06282021452960407,0.06052275326688024,5.0,0.2,threshold-grouped standard AP,False,stable_raw,null,505
all_alfworld,late,activation_l16_norm,0.0,13,1,0.5,0.9166666666666666,0.13461474542058013,0.09078412990032037,,,threshold-grouped standard AP,False,stable_raw,null,505
all_alfworld,late,activation_l24_norm,0.0,13,1,0.16666666666666666,0.5833333333333333,-0.050854459381108046,-0.06052275326688024,,,threshold-grouped standard AP,False,stable_raw,null,505
all_alfworld,late,activation_l32_norm,0.0,13,1,0.3333333333333333,0.8333333333333334,0.48162164472696445,0.36313651960128146,,,threshold-grouped standard AP,False,stable_raw,null,505
all_alfworld,late,activation_l8_norm,0.0,13,1,0.5,0.9166666666666666,0.26324661326691223,0.18156825980064073,,,threshold-grouped standard AP,False,stable_raw,null,505
all_alfworld,late,delta_centered_norm,0.0,13,1,0.3333333333333333,0.8333333333333334,0.2811952459896563,0.21182963643408084,,,threshold-grouped standard AP,False,stable_raw,null,505
all_alfworld,late,delta_norm,0.0,13,1,0.3333333333333333,0.8333333333333334,0.2213664702471762,0.1513068831672006,,,threshold-grouped standard AP,False,stable_raw,null,505
all_alfworld,late,forward_kl_original,0.0,13,1,0.1,0.25,-0.4606815732170964,-0.39339789623472154,,,threshold-grouped standard AP,False,stable_raw,null,505
all_alfworld,late,js_original,0.0,13,1,0.1,0.25,-0.3380325829450123,-0.3026137663344012,,,threshold-grouped standard AP,False,stable_raw,null,505
all_alfworld,late,old_margin,0.0,13,1,0.09090909090909091,0.5416666666666666,-0.1051907670584372,-0.09304842103984709,,,threshold-grouped standard AP,False,stable_raw,null,505
all_alfworld,late,u_control_norm,0.0,13,1,1.0,1.0,0.3170925114351443,0.24209101306752095,,,threshold-grouped standard AP,False,stable_raw,null,505
all_alfworld,late,u_original_norm,0.0,13,1,1.0,1.0,0.14358906178195216,0.09078412990032037,,,threshold-grouped standard AP,False,stable_raw,null,505
all_alfworld,late,random_expected,0.0,13,1,0.07692307692307693,0.5,,,,,threshold-grouped standard AP,False,stable_raw,null,505
all_alfworld,late,C_upd,0.05,13,1,0.08333333333333333,0.08333333333333337,-0.19444352116306018,-0.18156825980064073,,,threshold-grouped standard AP,False,stable_raw,null,505
all_alfworld,late,D_contribution,0.05,13,1,0.1111111111111111,0.33333333333333337,-0.08076884725234808,-0.09078412990032037,,,threshold-grouped standard AP,False,stable_raw,null,505
all_alfworld,late,D_ungated_contribution,0.05,13,1,0.1111111111111111,0.33333333333333337,-0.07478596967810006,-0.06052275326688024,,,threshold-grouped standard AP,False,stable_raw,null,505
all_alfworld,late,P_int,0.05,13,1,0.125,0.41666666666666663,0.06282021452960407,0.06052275326688024,5.0,0.2,threshold-grouped standard AP,False,stable_raw,null,505
all_alfworld,late,activation_l16_norm,0.05,13,1,0.5,0.9166666666666666,0.13461474542058013,0.09078412990032037,,,threshold-grouped standard AP,False,stable_raw,null,505
all_alfworld,late,activation_l24_norm,0.05,13,1,0.16666666666666666,0.5833333333333333,-0.050854459381108046,-0.06052275326688024,,,threshold-grouped standard AP,False,stable_raw,null,505
all_alfworld,late,activation_l32_norm,0.05,13,1,0.3333333333333333,0.8333333333333334,0.48162164472696445,0.36313651960128146,,,threshold-grouped standard AP,False,stable_raw,null,505
all_alfworld,late,activation_l8_norm,0.05,13,1,0.5,0.9166666666666666,0.26324661326691223,0.18156825980064073,,,threshold-grouped standard AP,False,stable_raw,null,505
all_alfworld,late,delta_centered_norm,0.05,13,1,0.3333333333333333,0.8333333333333334,0.2811952459896563,0.21182963643408084,,,threshold-grouped standard AP,False,stable_raw,null,505
all_alfworld,late,delta_norm,0.05,13,1,0.3333333333333333,0.8333333333333334,0.2213664702471762,0.1513068831672006,,,threshold-grouped standard AP,False,stable_raw,null,505
all_alfworld,late,forward_kl_original,0.05,13,1,0.1,0.25,-0.4606815732170964,-0.39339789623472154,,,threshold-grouped standard AP,False,stable_raw,null,505
all_alfworld,late,js_original,0.05,13,1,0.1,0.25,-0.3380325829450123,-0.3026137663344012,,,threshold-grouped standard AP,False,stable_raw,null,505
all_alfworld,late,old_margin,0.05,13,1,0.09090909090909091,0.5416666666666666,-0.1051907670584372,-0.09304842103984709,,,threshold-grouped standard AP,False,stable_raw,null,505
all_alfworld,late,u_control_norm,0.05,13,1,1.0,1.0,0.3170925114351443,0.24209101306752095,,,threshold-grouped standard AP,False,stable_raw,null,505
all_alfworld,late,u_original_norm,0.05,13,1,1.0,1.0,0.14358906178195216,0.09078412990032037,,,threshold-grouped standard AP,False,stable_raw,null,505
all_alfworld,late,random_expected,0.05,13,1,0.07692307692307693,0.5,,,,,threshold-grouped standard AP,False,stable_raw,null,505
all_alfworld,middle,C_upd,0.0,12,1,0.1,0.18181818181818177,0.26386534545864765,0.208326913100868,,,threshold-grouped standard AP,False,stable_raw,null,505
all_alfworld,middle,D_contribution,0.0,12,1,0.3333333333333333,0.8181818181818182,0.2500398692291826,0.25836715231943325,,,threshold-grouped standard AP,False,stable_raw,null,505
all_alfworld,middle,D_ungated_contribution,0.0,12,1,1.0,1.0,0.16045865602215056,0.17627661877765757,,,threshold-grouped standard AP,False,stable_raw,null,505
all_alfworld,middle,P_int,0.0,12,1,1.0,1.0,-0.06774921032046358,-0.048075441484815705,7.0,0.5714285714285714,threshold-grouped standard AP,False,stable_raw,null,505
all_alfworld,middle,activation_l16_norm,0.0,12,1,0.125,0.36363636363636365,-0.11410393317130708,-0.048075441484815705,,,threshold-grouped standard AP,False,stable_raw,null,505
all_alfworld,middle,activation_l24_norm,0.0,12,1,0.16666666666666666,0.5454545454545454,-0.16759015184535725,-0.11217603013123663,,,threshold-grouped standard AP,False,stable_raw,null,505
all_alfworld,middle,activation_l32_norm,0.0,12,1,0.1111111111111111,0.2727272727272727,-0.07131495823206693,-0.048075441484815705,,,threshold-grouped standard AP,False,stable_raw,null,505
all_alfworld,middle,activation_l8_norm,0.0,12,1,0.1111111111111111,0.2727272727272727,-0.2602995975470443,-0.17627661877765757,,,threshold-grouped standard AP,False,stable_raw,null,505
all_alfworld,middle,delta_centered_norm,0.0,12,1,0.125,0.36363636363636365,0.16045865602215056,0.17627661877765757,,,threshold-grouped standard AP,False,stable_raw,null,505
all_alfworld,middle,delta_norm,0.0,12,1,0.1111111111111111,0.2727272727272727,0.12836692481772047,0.11217603013123663,,,threshold-grouped standard AP,False,stable_raw,null,505
all_alfworld,middle,forward_kl_original,0.0,12,1,0.3333333333333333,0.8181818181818181,-0.2139448746962008,-0.208326913100868,,,threshold-grouped standard AP,False,stable_raw,null,505
all_alfworld,middle,js_original,0.0,12,1,0.25,0.7272727272727273,-0.28882558083987103,-0.24037720742407848,,,threshold-grouped standard AP,False,stable_raw,null,505
all_alfworld,middle,old_margin,0.0,12,1,0.25,0.7272727272727273,-0.04771456634925265,0.019407416991319402,,,threshold-grouped standard AP,False,stable_raw,null,505
all_alfworld,middle,u_control_norm,0.0,12,1,0.125,0.36363636363636365,0.4243240014807982,0.3365280903937099,,,threshold-grouped standard AP,False,stable_raw,null,505
all_alfworld,middle,u_original_norm,0.0,12,1,0.1111111111111111,0.2727272727272727,0.43858699312721156,0.3365280903937099,,,threshold-grouped standard AP,False,stable_raw,null,505
all_alfworld,middle,random_expected,0.0,12,1,0.08333333333333333,0.5,,,,,threshold-grouped standard AP,False,stable_raw,null,505
all_alfworld,middle,C_upd,0.05,12,1,0.1,0.18181818181818177,0.26386534545864765,0.208326913100868,,,threshold-grouped standard AP,False,stable_raw,null,505
all_alfworld,middle,D_contribution,0.05,12,1,0.3333333333333333,0.8181818181818182,0.2500398692291826,0.25836715231943325,,,threshold-grouped standard AP,False,stable_raw,null,505
all_alfworld,middle,D_ungated_contribution,0.05,12,1,1.0,1.0,0.16045865602215056,0.17627661877765757,,,threshold-grouped standard AP,False,stable_raw,null,505
all_alfworld,middle,P_int,0.05,12,1,1.0,1.0,-0.06774921032046358,-0.048075441484815705,7.0,0.5714285714285714,threshold-grouped standard AP,False,stable_raw,null,505
all_alfworld,middle,activation_l16_norm,0.05,12,1,0.125,0.36363636363636365,-0.11410393317130708,-0.048075441484815705,,,threshold-grouped standard AP,False,stable_raw,null,505
all_alfworld,middle,activation_l24_norm,0.05,12,1,0.16666666666666666,0.5454545454545454,-0.16759015184535725,-0.11217603013123663,,,threshold-grouped standard AP,False,stable_raw,null,505
all_alfworld,middle,activation_l32_norm,0.05,12,1,0.1111111111111111,0.2727272727272727,-0.07131495823206693,-0.048075441484815705,,,threshold-grouped standard AP,False,stable_raw,null,505
all_alfworld,middle,activation_l8_norm,0.05,12,1,0.1111111111111111,0.2727272727272727,-0.2602995975470443,-0.17627661877765757,,,threshold-grouped standard AP,False,stable_raw,null,505
all_alfworld,middle,delta_centered_norm,0.05,12,1,0.125,0.36363636363636365,0.16045865602215056,0.17627661877765757,,,threshold-grouped standard AP,False,stable_raw,null,505
all_alfworld,middle,delta_norm,0.05,12,1,0.1111111111111111,0.2727272727272727,0.12836692481772047,0.11217603013123663,,,threshold-grouped standard AP,False,stable_raw,null,505
all_alfworld,middle,forward_kl_original,0.05,12,1,0.3333333333333333,0.8181818181818181,-0.2139448746962008,-0.208326913100868,,,threshold-grouped standard AP,False,stable_raw,null,505
all_alfworld,middle,js_original,0.05,12,1,0.25,0.7272727272727273,-0.28882558083987103,-0.24037720742407848,,,threshold-grouped standard AP,False,stable_raw,null,505
all_alfworld,middle,old_margin,0.05,12,1,0.25,0.7272727272727273,-0.04771456634925265,0.019407416991319402,,,threshold-grouped standard AP,False,stable_raw,null,505
all_alfworld,middle,u_control_norm,0.05,12,1,0.125,0.36363636363636365,0.4243240014807982,0.3365280903937099,,,threshold-grouped standard AP,False,stable_raw,null,505
all_alfworld,middle,u_original_norm,0.05,12,1,0.1111111111111111,0.2727272727272727,0.43858699312721156,0.3365280903937099,,,threshold-grouped standard AP,False,stable_raw,null,505
all_alfworld,middle,random_expected,0.05,12,1,0.08333333333333333,0.5,,,,,threshold-grouped standard AP,False,stable_raw,null,505
all_alfworld,all,C_upd,0.0,19,3,0.18472222222222223,0.4375,-0.08635831626493302,-0.04995124328435701,,,threshold-grouped standard AP,False,stable_centered_gate,null,505
all_alfworld,all,D_contribution,0.0,19,3,0.13357100415923945,0.22916666666666666,-0.10974702692001906,-0.07492686492653552,,,threshold-grouped standard AP,False,stable_centered_gate,null,505
all_alfworld,all,D_ungated_contribution,0.0,19,3,0.12254901960784313,0.14583333333333331,-0.20330186954036317,-0.14985372985307105,,,threshold-grouped standard AP,False,stable_centered_gate,null,505
all_alfworld,all,P_int,0.0,19,3,0.15925925925925927,0.375,0.04138002654361374,0.07492686492653552,11.0,0.2727272727272727,threshold-grouped standard AP,False,stable_centered_gate,null,505
all_alfworld,all,activation_l16_norm,0.0,19,3,0.11189083820662768,0.041666666666666664,-0.7430413461961946,-0.5994149194122842,,,threshold-grouped standard AP,False,stable_centered_gate,null,505
all_alfworld,all,activation_l24_norm,0.0,19,3,0.14239028944911297,0.25,-0.4281933181469596,-0.3121952705272313,,,threshold-grouped standard AP,False,stable_centered_gate,null,505
all_alfworld,all,activation_l32_norm,0.0,19,3,0.13946631284092584,0.22916666666666666,-0.38501416001449307,-0.27473183806396356,,,threshold-grouped standard AP,False,stable_centered_gate,null,505
all_alfworld,all,activation_l8_norm,0.0,19,3,0.11268059855521156,0.041666666666666664,-0.6944647932971698,-0.5619514869490163,,,threshold-grouped standard AP,False,stable_centered_gate,null,505
all_alfworld,all,delta_centered_norm,0.0,19,3,0.14740282077743377,0.24999999999999997,-0.394009817958757,-0.3246830813483206,,,threshold-grouped standard AP,False,stable_centered_gate,null,505
all_alfworld,all,delta_norm,0.0,19,3,0.16666666666666666,0.3333333333333333,-0.2968567121607073,-0.23726840560069581,,,threshold-grouped standard AP,False,stable_centered_gate,null,505
all_alfworld,all,forward_kl_original,0.0,19,3,0.16893939393939394,0.4166666666666667,-0.4497828972131928,-0.3371708921694098,,,threshold-grouped standard AP,False,stable_centered_gate,null,505
all_alfworld,all,js_original,0.0,19,3,0.18571428571428572,0.4791666666666667,-0.3094506332826767,-0.22478059477960655,,,threshold-grouped standard AP,False,stable_centered_gate,null,505
all_alfworld,all,old_margin,0.0,19,3,0.17724867724867724,0.4895833333333333,-0.06171675235181148,-0.03425943549137658,,,threshold-grouped standard AP,False,stable_centered_gate,null,505
all_alfworld,all,u_control_norm,0.0,19,3,0.3595238095238096,0.7916666666666666,0.5577307925443591,0.3996099462748561,,,threshold-grouped standard AP,False,stable_centered_gate,null,505
all_alfworld,all,u_original_norm,0.0,19,3,0.23382173382173382,0.5,0.125939211219694,0.08741467574762476,,,threshold-grouped standard AP,False,stable_centered_gate,null,505
all_alfworld,all,random_expected,0.0,19,3,0.15789473684210525,0.5,,,,,threshold-grouped standard AP,False,stable_centered_gate,null,505
all_alfworld,all,C_upd,0.05,19,1,0.0625,0.16666666666666663,-0.08635831626493302,-0.04995124328435701,,,threshold-grouped standard AP,False,stable_centered_gate,null,505
all_alfworld,all,D_contribution,0.05,19,1,0.058823529411764705,0.11111111111111116,-0.10974702692001906,-0.07492686492653552,,,threshold-grouped standard AP,False,stable_centered_gate,null,505
all_alfworld,all,D_ungated_contribution,0.05,19,1,0.05555555555555555,0.05555555555555558,-0.20330186954036317,-0.14985372985307105,,,threshold-grouped standard AP,False,stable_centered_gate,null,505
all_alfworld,all,P_int,0.05,19,1,0.1111111111111111,0.5555555555555556,0.04138002654361374,0.07492686492653552,11.0,0.2727272727272727,threshold-grouped standard AP,False,stable_centered_gate,null,505
all_alfworld,all,activation_l16_norm,0.05,19,1,0.05263157894736842,0.0,-0.7430413461961946,-0.5994149194122842,,,threshold-grouped standard AP,False,stable_centered_gate,null,505
all_alfworld,all,activation_l24_norm,0.05,19,1,0.058823529411764705,0.11111111111111116,-0.4281933181469596,-0.3121952705272313,,,threshold-grouped standard AP,False,stable_centered_gate,null,505
all_alfworld,all,activation_l32_norm,0.05,19,1,0.058823529411764705,0.11111111111111116,-0.38501416001449307,-0.27473183806396356,,,threshold-grouped standard AP,False,stable_centered_gate,null,505
all_alfworld,all,activation_l8_norm,0.05,19,1,0.05263157894736842,0.0,-0.6944647932971698,-0.5619514869490163,,,threshold-grouped standard AP,False,stable_centered_gate,null,505
all_alfworld,all,delta_centered_norm,0.05,19,1,0.058823529411764705,0.11111111111111116,-0.394009817958757,-0.3246830813483206,,,threshold-grouped standard AP,False,stable_centered_gate,null,505
all_alfworld,all,delta_norm,0.05,19,1,0.05555555555555555,0.05555555555555558,-0.2968567121607073,-0.23726840560069581,,,threshold-grouped standard AP,False,stable_centered_gate,null,505
all_alfworld,all,forward_kl_original,0.05,19,1,0.125,0.6111111111111112,-0.4497828972131928,-0.3371708921694098,,,threshold-grouped standard AP,False,stable_centered_gate,null,505
all_alfworld,all,js_original,0.05,19,1,0.14285714285714285,0.6666666666666667,-0.3094506332826767,-0.22478059477960655,,,threshold-grouped standard AP,False,stable_centered_gate,null,505
all_alfworld,all,old_margin,0.05,19,1,0.05555555555555555,0.25,-0.06171675235181148,-0.03425943549137658,,,threshold-grouped standard AP,False,stable_centered_gate,null,505
all_alfworld,all,u_control_norm,0.05,19,1,0.2,0.7777777777777778,0.5577307925443591,0.3996099462748561,,,threshold-grouped standard AP,False,stable_centered_gate,null,505
all_alfworld,all,u_original_norm,0.05,19,1,0.07142857142857142,0.2777777777777778,0.125939211219694,0.08741467574762476,,,threshold-grouped standard AP,False,stable_centered_gate,null,505
all_alfworld,all,random_expected,0.05,19,1,0.05263157894736842,0.5,,,,,threshold-grouped standard AP,False,stable_centered_gate,null,505
all_alfworld,early,C_upd,0.0,14,2,0.5833333333333333,0.9166666666666666,0.3381871348853002,0.24343224778007383,,,threshold-grouped standard AP,False,stable_centered_gate,null,505
all_alfworld,early,D_contribution,0.0,14,2,0.2111111111111111,0.5416666666666666,0.271696104975648,0.19474579822405905,,,threshold-grouped standard AP,False,stable_centered_gate,null,505
all_alfworld,early,D_ungated_contribution,0.0,14,2,0.1736111111111111,0.41666666666666663,0.19603389852673336,0.1460593486680443,,,threshold-grouped standard AP,False,stable_centered_gate,null,505
all_alfworld,early,P_int,0.0,14,2,0.325,0.75,0.6798134609728239,0.5842373946721772,7.0,0.8571428571428571,threshold-grouped standard AP,False,stable_centered_gate,null,505
all_alfworld,early,activation_l16_norm,0.0,14,2,0.11688311688311688,0.08333333333333331,-0.3389604328492828,-0.2784046650276491,,,threshold-grouped standard AP,False,stable_centered_gate,null,505
all_alfworld,early,activation_l24_norm,0.0,14,2,0.16025641025641024,0.33333333333333337,-0.35270207201884834,-0.22998646241414492,,,threshold-grouped standard AP,False,stable_centered_gate,null,505
all_alfworld,early,activation_l32_norm,0.0,14,2,0.13392857142857142,0.20833333333333331,-0.3412507060442104,-0.22998646241414492,,,threshold-grouped standard AP,False,stable_centered_gate,null,505
all_alfworld,early,activation_l8_norm,0.0,14,2,0.11688311688311688,0.08333333333333331,-0.5931807574862448,-0.4236592728681617,,,threshold-grouped standard AP,False,stable_centered_gate,null,505
all_alfworld,early,delta_centered_norm,0.0,14,2,0.13392857142857142,0.20833333333333331,-0.22902731949275862,-0.1573591584938886,,,threshold-grouped standard AP,False,stable_centered_gate,null,505
all_alfworld,early,delta_norm,0.0,14,2,0.14583333333333331,0.29166666666666663,-0.3458312524340656,-0.2784046650276491,,,threshold-grouped standard AP,False,stable_centered_gate,null,505
all_alfworld,early,forward_kl_original,0.0,14,2,0.3666666666666667,0.7916666666666666,-0.18780240198406212,-0.1573591584938886,,,threshold-grouped standard AP,False,stable_centered_gate,null,505
all_alfworld,early,js_original,0.0,14,2,0.26785714285714285,0.6666666666666666,-0.23818841227246898,-0.1815682598006407,,,threshold-grouped standard AP,False,stable_centered_gate,null,505
all_alfworld,early,old_margin,0.0,14,2,0.25,0.6458333333333333,0.10018509845973424,0.07273929674533079,,,threshold-grouped standard AP,False,stable_centered_gate,null,505
all_alfworld,early,u_control_norm,0.0,14,2,0.29166666666666663,0.6666666666666667,0.11222338655145174,0.08473185457363233,,,threshold-grouped standard AP,False,stable_centered_gate,null,505
all_alfworld,early,u_original_norm,0.0,14,2,0.26666666666666666,0.5833333333333334,0.0870303814072483,0.060522753266880246,,,threshold-grouped standard AP,False,stable_centered_gate,null,505
all_alfworld,early,random_expected,0.0,14,2,0.14285714285714285,0.5,,,,,threshold-grouped standard AP,False,stable_centered_gate,null,505
all_alfworld,early,C_upd,0.05,14,1,0.5,0.9230769230769231,0.3381871348853002,0.24343224778007383,,,threshold-grouped standard AP,False,stable_centered_gate,null,505
all_alfworld,early,D_contribution,0.05,14,1,0.1111111111111111,0.3846153846153846,0.271696104975648,0.19474579822405905,,,threshold-grouped standard AP,False,stable_centered_gate,null,505
all_alfworld,early,D_ungated_contribution,0.05,14,1,0.125,0.46153846153846156,0.19603389852673336,0.1460593486680443,,,threshold-grouped standard AP,False,stable_centered_gate,null,505
all_alfworld,early,P_int,0.05,14,1,0.25,0.7692307692307692,0.6798134609728239,0.5842373946721772,7.0,0.8571428571428571,threshold-grouped standard AP,False,stable_centered_gate,null,505
all_alfworld,early,activation_l16_norm,0.05,14,1,0.07142857142857142,0.0,-0.3389604328492828,-0.2784046650276491,,,threshold-grouped standard AP,False,stable_centered_gate,null,505
all_alfworld,early,activation_l24_norm,0.05,14,1,0.07692307692307693,0.07692307692307687,-0.35270207201884834,-0.22998646241414492,,,threshold-grouped standard AP,False,stable_centered_gate,null,505
all_alfworld,early,activation_l32_norm,0.05,14,1,0.07142857142857142,0.0,-0.3412507060442104,-0.22998646241414492,,,threshold-grouped standard AP,False,stable_centered_gate,null,505
all_alfworld,early,activation_l8_norm,0.05,14,1,0.07142857142857142,0.0,-0.5931807574862448,-0.4236592728681617,,,threshold-grouped standard AP,False,stable_centered_gate,null,505
all_alfworld,early,delta_centered_norm,0.05,14,1,0.07142857142857142,0.0,-0.22902731949275862,-0.1573591584938886,,,threshold-grouped standard AP,False,stable_centered_gate,null,505
all_alfworld,early,delta_norm,0.05,14,1,0.08333333333333333,0.15384615384615385,-0.3458312524340656,-0.2784046650276491,,,threshold-grouped standard AP,False,stable_centered_gate,null,505
all_alfworld,early,forward_kl_original,0.05,14,1,0.2,0.6923076923076923,-0.18780240198406212,-0.1573591584938886,,,threshold-grouped standard AP,False,stable_centered_gate,null,505
all_alfworld,early,js_original,0.05,14,1,0.14285714285714285,0.5384615384615384,-0.23818841227246898,-0.1815682598006407,,,threshold-grouped standard AP,False,stable_centered_gate,null,505
all_alfworld,early,old_margin,0.05,14,1,0.08333333333333333,0.4230769230769231,0.10018509845973424,0.07273929674533079,,,threshold-grouped standard AP,False,stable_centered_gate,null,505
all_alfworld,early,u_control_norm,0.05,14,1,0.125,0.46153846153846156,0.11222338655145174,0.08473185457363233,,,threshold-grouped standard AP,False,stable_centered_gate,null,505
all_alfworld,early,u_original_norm,0.05,14,1,0.1,0.3076923076923077,0.0870303814072483,0.060522753266880246,,,threshold-grouped standard AP,False,stable_centered_gate,null,505
all_alfworld,early,random_expected,0.05,14,1,0.07142857142857142,0.5,,,,,threshold-grouped standard AP,False,stable_centered_gate,null,505
all_alfworld,initial,C_upd,0.0,7,3,0.4777777777777778,0.5,0.12613124477737825,0.19518001458970663,,,threshold-grouped standard AP,False,stable_centered_gate,null,505
all_alfworld,initial,D_contribution,0.0,7,3,0.5888888888888889,0.6666666666666666,0.48650622985560193,0.29277002188455997,,,threshold-grouped standard AP,False,stable_centered_gate,null,505
all_alfworld,initial,D_ungated_contribution,0.0,7,3,0.7555555555555555,0.75,0.6306562238868914,0.48795003647426666,,,threshold-grouped standard AP,False,stable_centered_gate,null,505
all_alfworld,initial,P_int,0.0,7,3,0.4777777777777778,0.5,-0.01801874925391118,0.0,4.0,0.25,threshold-grouped standard AP,False,stable_centered_gate,null,505
all_alfworld,initial,activation_l16_norm,0.0,7,3,0.33730158730158727,0.08333333333333333,-0.7857142857142859,-0.7142857142857143,,,threshold-grouped standard AP,False,stable_centered_gate,null,505
all_alfworld,initial,activation_l24_norm,0.0,7,3,0.4206349206349206,0.25,-0.7500000000000002,-0.6190476190476191,,,threshold-grouped standard AP,False,stable_centered_gate,null,505
all_alfworld,initial,activation_l32_norm,0.0,7,3,0.6333333333333333,0.5,-0.42857142857142866,-0.33333333333333337,,,threshold-grouped standard AP,False,stable_centered_gate,null,505
all_alfworld,initial,activation_l8_norm,0.0,7,3,0.33730158730158727,0.08333333333333333,-0.7500000000000002,-0.6190476190476191,,,threshold-grouped standard AP,False,stable_centered_gate,null,505
all_alfworld,initial,delta_centered_norm,0.0,7,3,0.41111111111111115,0.3333333333333333,-0.6785714285714287,-0.5238095238095238,,,threshold-grouped standard AP,False,stable_centered_gate,null,505
all_alfworld,initial,delta_norm,0.0,7,3,0.4777777777777778,0.5,-0.39285714285714296,-0.23809523809523814,,,threshold-grouped standard AP,False,stable_centered_gate,null,505
all_alfworld,initial,forward_kl_original,0.0,7,3,0.41111111111111115,0.3333333333333333,-0.42857142857142866,-0.23809523809523814,,,threshold-grouped standard AP,False,stable_centered_gate,null,505
all_alfworld,initial,js_original,0.0,7,3,0.38333333333333336,0.25,-0.6071428571428572,-0.33333333333333337,,,threshold-grouped standard AP,False,stable_centered_gate,null,505
all_alfworld,initial,old_margin,0.0,7,3,0.7555555555555555,0.75,0.42857142857142866,0.4285714285714286,,,threshold-grouped standard AP,False,stable_centered_gate,null,505
all_alfworld,initial,u_control_norm,0.0,7,3,0.8055555555555556,0.8333333333333334,0.7142857142857144,0.5238095238095238,,,threshold-grouped standard AP,False,stable_centered_gate,null,505
all_alfworld,initial,u_original_norm,0.0,7,3,0.7555555555555555,0.75,0.14285714285714288,0.14285714285714288,,,threshold-grouped standard AP,False,stable_centered_gate,null,505
all_alfworld,initial,random_expected,0.0,7,3,0.42857142857142855,0.5,,,,,threshold-grouped standard AP,False,stable_centered_gate,null,505
all_alfworld,initial,C_upd,0.05,7,2,0.41666666666666663,0.6,0.12613124477737825,0.19518001458970663,,,threshold-grouped standard AP,False,stable_centered_gate,null,505
all_alfworld,initial,D_contribution,0.05,7,2,0.5833333333333333,0.8,0.48650622985560193,0.29277002188455997,,,threshold-grouped standard AP,False,stable_centered_gate,null,505
all_alfworld,initial,D_ungated_contribution,0.05,7,2,0.8333333333333333,0.9,0.6306562238868914,0.48795003647426666,,,threshold-grouped standard AP,False,stable_centered_gate,null,505
all_alfworld,initial,P_int,0.05,7,2,0.3666666666666667,0.5,-0.01801874925391118,0.0,4.0,0.25,threshold-grouped standard AP,False,stable_centered_gate,null,505
all_alfworld,initial,activation_l16_norm,0.05,7,2,0.26785714285714285,0.2,-0.7857142857142859,-0.7142857142857143,,,threshold-grouped standard AP,False,stable_centered_gate,null,505
all_alfworld,initial,activation_l24_norm,0.05,7,2,0.22619047619047616,0.0,-0.7500000000000002,-0.6190476190476191,,,threshold-grouped standard AP,False,stable_centered_gate,null,505
all_alfworld,initial,activation_l32_norm,0.05,7,2,0.26666666666666666,0.19999999999999996,-0.42857142857142866,-0.33333333333333337,,,threshold-grouped standard AP,False,stable_centered_gate,null,505
all_alfworld,initial,activation_l8_norm,0.05,7,2,0.26785714285714285,0.2,-0.7500000000000002,-0.6190476190476191,,,threshold-grouped standard AP,False,stable_centered_gate,null,505
all_alfworld,initial,delta_centered_norm,0.05,7,2,0.26666666666666666,0.19999999999999996,-0.6785714285714287,-0.5238095238095238,,,threshold-grouped standard AP,False,stable_centered_gate,null,505
all_alfworld,initial,delta_norm,0.05,7,2,0.325,0.4,-0.39285714285714296,-0.23809523809523814,,,threshold-grouped standard AP,False,stable_centered_gate,null,505
all_alfworld,initial,forward_kl_original,0.05,7,2,0.3333333333333333,0.39999999999999997,-0.42857142857142866,-0.23809523809523814,,,threshold-grouped standard AP,False,stable_centered_gate,null,505
all_alfworld,initial,js_original,0.05,7,2,0.29166666666666663,0.3,-0.6071428571428572,-0.33333333333333337,,,threshold-grouped standard AP,False,stable_centered_gate,null,505
all_alfworld,initial,old_margin,0.05,7,2,0.8333333333333333,0.9,0.42857142857142866,0.4285714285714286,,,threshold-grouped standard AP,False,stable_centered_gate,null,505
all_alfworld,initial,u_control_norm,0.05,7,2,0.75,0.8,0.7142857142857144,0.5238095238095238,,,threshold-grouped standard AP,False,stable_centered_gate,null,505
all_alfworld,initial,u_original_norm,0.05,7,2,0.3666666666666667,0.5,0.14285714285714288,0.14285714285714288,,,threshold-grouped standard AP,False,stable_centered_gate,null,505
all_alfworld,initial,random_expected,0.05,7,2,0.2857142857142857,0.5,,,,,threshold-grouped standard AP,False,stable_centered_gate,null,505
all_alfworld,late,C_upd,0.0,13,1,0.14285714285714285,0.5,-0.1914520823759362,-0.1513068831672006,,,threshold-grouped standard AP,False,stable_centered_gate,null,505
all_alfworld,late,D_contribution,0.0,13,1,0.1111111111111111,0.33333333333333337,-0.08076884725234808,-0.09078412990032037,,,threshold-grouped standard AP,False,stable_centered_gate,null,505
all_alfworld,late,D_ungated_contribution,0.0,13,1,0.1111111111111111,0.33333333333333337,-0.07478596967810006,-0.06052275326688024,,,threshold-grouped standard AP,False,stable_centered_gate,null,505
all_alfworld,late,P_int,0.0,13,1,0.125,0.41666666666666663,0.06282021452960407,0.06052275326688024,5.0,0.2,threshold-grouped standard AP,False,stable_centered_gate,null,505
all_alfworld,late,activation_l16_norm,0.0,13,1,0.5,0.9166666666666666,0.13461474542058013,0.09078412990032037,,,threshold-grouped standard AP,False,stable_centered_gate,null,505
all_alfworld,late,activation_l24_norm,0.0,13,1,0.16666666666666666,0.5833333333333333,-0.050854459381108046,-0.06052275326688024,,,threshold-grouped standard AP,False,stable_centered_gate,null,505
all_alfworld,late,activation_l32_norm,0.0,13,1,0.3333333333333333,0.8333333333333334,0.48162164472696445,0.36313651960128146,,,threshold-grouped standard AP,False,stable_centered_gate,null,505
all_alfworld,late,activation_l8_norm,0.0,13,1,0.5,0.9166666666666666,0.26324661326691223,0.18156825980064073,,,threshold-grouped standard AP,False,stable_centered_gate,null,505
all_alfworld,late,delta_centered_norm,0.0,13,1,0.3333333333333333,0.8333333333333334,0.2811952459896563,0.21182963643408084,,,threshold-grouped standard AP,False,stable_centered_gate,null,505
all_alfworld,late,delta_norm,0.0,13,1,0.3333333333333333,0.8333333333333334,0.2213664702471762,0.1513068831672006,,,threshold-grouped standard AP,False,stable_centered_gate,null,505
all_alfworld,late,forward_kl_original,0.0,13,1,0.1,0.25,-0.4606815732170964,-0.39339789623472154,,,threshold-grouped standard AP,False,stable_centered_gate,null,505
all_alfworld,late,js_original,0.0,13,1,0.1,0.25,-0.3380325829450123,-0.3026137663344012,,,threshold-grouped standard AP,False,stable_centered_gate,null,505
all_alfworld,late,old_margin,0.0,13,1,0.09090909090909091,0.5416666666666666,-0.1051907670584372,-0.09304842103984709,,,threshold-grouped standard AP,False,stable_centered_gate,null,505
all_alfworld,late,u_control_norm,0.0,13,1,1.0,1.0,0.3170925114351443,0.24209101306752095,,,threshold-grouped standard AP,False,stable_centered_gate,null,505
all_alfworld,late,u_original_norm,0.0,13,1,1.0,1.0,0.14358906178195216,0.09078412990032037,,,threshold-grouped standard AP,False,stable_centered_gate,null,505
all_alfworld,late,random_expected,0.0,13,1,0.07692307692307693,0.5,,,,,threshold-grouped standard AP,False,stable_centered_gate,null,505
all_alfworld,late,C_upd,0.05,13,1,0.14285714285714285,0.5,-0.1914520823759362,-0.1513068831672006,,,threshold-grouped standard AP,False,stable_centered_gate,null,505
all_alfworld,late,D_contribution,0.05,13,1,0.1111111111111111,0.33333333333333337,-0.08076884725234808,-0.09078412990032037,,,threshold-grouped standard AP,False,stable_centered_gate,null,505
all_alfworld,late,D_ungated_contribution,0.05,13,1,0.1111111111111111,0.33333333333333337,-0.07478596967810006,-0.06052275326688024,,,threshold-grouped standard AP,False,stable_centered_gate,null,505
all_alfworld,late,P_int,0.05,13,1,0.125,0.41666666666666663,0.06282021452960407,0.06052275326688024,5.0,0.2,threshold-grouped standard AP,False,stable_centered_gate,null,505
all_alfworld,late,activation_l16_norm,0.05,13,1,0.5,0.9166666666666666,0.13461474542058013,0.09078412990032037,,,threshold-grouped standard AP,False,stable_centered_gate,null,505
all_alfworld,late,activation_l24_norm,0.05,13,1,0.16666666666666666,0.5833333333333333,-0.050854459381108046,-0.06052275326688024,,,threshold-grouped standard AP,False,stable_centered_gate,null,505
all_alfworld,late,activation_l32_norm,0.05,13,1,0.3333333333333333,0.8333333333333334,0.48162164472696445,0.36313651960128146,,,threshold-grouped standard AP,False,stable_centered_gate,null,505
all_alfworld,late,activation_l8_norm,0.05,13,1,0.5,0.9166666666666666,0.26324661326691223,0.18156825980064073,,,threshold-grouped standard AP,False,stable_centered_gate,null,505
all_alfworld,late,delta_centered_norm,0.05,13,1,0.3333333333333333,0.8333333333333334,0.2811952459896563,0.21182963643408084,,,threshold-grouped standard AP,False,stable_centered_gate,null,505
all_alfworld,late,delta_norm,0.05,13,1,0.3333333333333333,0.8333333333333334,0.2213664702471762,0.1513068831672006,,,threshold-grouped standard AP,False,stable_centered_gate,null,505
all_alfworld,late,forward_kl_original,0.05,13,1,0.1,0.25,-0.4606815732170964,-0.39339789623472154,,,threshold-grouped standard AP,False,stable_centered_gate,null,505
all_alfworld,late,js_original,0.05,13,1,0.1,0.25,-0.3380325829450123,-0.3026137663344012,,,threshold-grouped standard AP,False,stable_centered_gate,null,505
all_alfworld,late,old_margin,0.05,13,1,0.09090909090909091,0.5416666666666666,-0.1051907670584372,-0.09304842103984709,,,threshold-grouped standard AP,False,stable_centered_gate,null,505
all_alfworld,late,u_control_norm,0.05,13,1,1.0,1.0,0.3170925114351443,0.24209101306752095,,,threshold-grouped standard AP,False,stable_centered_gate,null,505
all_alfworld,late,u_original_norm,0.05,13,1,1.0,1.0,0.14358906178195216,0.09078412990032037,,,threshold-grouped standard AP,False,stable_centered_gate,null,505
all_alfworld,late,random_expected,0.05,13,1,0.07692307692307693,0.5,,,,,threshold-grouped standard AP,False,stable_centered_gate,null,505
all_alfworld,middle,C_upd,0.0,12,1,0.2,0.6363636363636364,0.6061771449725688,0.43267897336334127,,,threshold-grouped standard AP,False,stable_centered_gate,null,505
all_alfworld,middle,D_contribution,0.0,12,1,0.3333333333333333,0.8181818181818182,0.2500398692291826,0.25836715231943325,,,threshold-grouped standard AP,False,stable_centered_gate,null,505
all_alfworld,middle,D_ungated_contribution,0.0,12,1,1.0,1.0,0.16045865602215056,0.17627661877765757,,,threshold-grouped standard AP,False,stable_centered_gate,null,505
all_alfworld,middle,P_int,0.0,12,1,1.0,1.0,-0.06774921032046358,-0.048075441484815705,7.0,0.5714285714285714,threshold-grouped standard AP,False,stable_centered_gate,null,505
all_alfworld,middle,activation_l16_norm,0.0,12,1,0.125,0.36363636363636365,-0.11410393317130708,-0.048075441484815705,,,threshold-grouped standard AP,False,stable_centered_gate,null,505
all_alfworld,middle,activation_l24_norm,0.0,12,1,0.16666666666666666,0.5454545454545454,-0.16759015184535725,-0.11217603013123663,,,threshold-grouped standard AP,False,stable_centered_gate,null,505
all_alfworld,middle,activation_l32_norm,0.0,12,1,0.1111111111111111,0.2727272727272727,-0.07131495823206693,-0.048075441484815705,,,threshold-grouped standard AP,False,stable_centered_gate,null,505
all_alfworld,middle,activation_l8_norm,0.0,12,1,0.1111111111111111,0.2727272727272727,-0.2602995975470443,-0.17627661877765757,,,threshold-grouped standard AP,False,stable_centered_gate,null,505
all_alfworld,middle,delta_centered_norm,0.0,12,1,0.125,0.36363636363636365,0.16045865602215056,0.17627661877765757,,,threshold-grouped standard AP,False,stable_centered_gate,null,505
all_alfworld,middle,delta_norm,0.0,12,1,0.1111111111111111,0.2727272727272727,0.12836692481772047,0.11217603013123663,,,threshold-grouped standard AP,False,stable_centered_gate,null,505
all_alfworld,middle,forward_kl_original,0.0,12,1,0.3333333333333333,0.8181818181818181,-0.2139448746962008,-0.208326913100868,,,threshold-grouped standard AP,False,stable_centered_gate,null,505
all_alfworld,middle,js_original,0.0,12,1,0.25,0.7272727272727273,-0.28882558083987103,-0.24037720742407848,,,threshold-grouped standard AP,False,stable_centered_gate,null,505
all_alfworld,middle,old_margin,0.0,12,1,0.25,0.7272727272727273,-0.04771456634925265,0.019407416991319402,,,threshold-grouped standard AP,False,stable_centered_gate,null,505
all_alfworld,middle,u_control_norm,0.0,12,1,0.125,0.36363636363636365,0.4243240014807982,0.3365280903937099,,,threshold-grouped standard AP,False,stable_centered_gate,null,505
all_alfworld,middle,u_original_norm,0.0,12,1,0.1111111111111111,0.2727272727272727,0.43858699312721156,0.3365280903937099,,,threshold-grouped standard AP,False,stable_centered_gate,null,505
all_alfworld,middle,random_expected,0.0,12,1,0.08333333333333333,0.5,,,,,threshold-grouped standard AP,False,stable_centered_gate,null,505
all_alfworld,middle,C_upd,0.05,12,1,0.2,0.6363636363636364,0.6061771449725688,0.43267897336334127,,,threshold-grouped standard AP,False,stable_centered_gate,null,505
all_alfworld,middle,D_contribution,0.05,12,1,0.3333333333333333,0.8181818181818182,0.2500398692291826,0.25836715231943325,,,threshold-grouped standard AP,False,stable_centered_gate,null,505
all_alfworld,middle,D_ungated_contribution,0.05,12,1,1.0,1.0,0.16045865602215056,0.17627661877765757,,,threshold-grouped standard AP,False,stable_centered_gate,null,505
all_alfworld,middle,P_int,0.05,12,1,1.0,1.0,-0.06774921032046358,-0.048075441484815705,7.0,0.5714285714285714,threshold-grouped standard AP,False,stable_centered_gate,null,505
all_alfworld,middle,activation_l16_norm,0.05,12,1,0.125,0.36363636363636365,-0.11410393317130708,-0.048075441484815705,,,threshold-grouped standard AP,False,stable_centered_gate,null,505
all_alfworld,middle,activation_l24_norm,0.05,12,1,0.16666666666666666,0.5454545454545454,-0.16759015184535725,-0.11217603013123663,,,threshold-grouped standard AP,False,stable_centered_gate,null,505
all_alfworld,middle,activation_l32_norm,0.05,12,1,0.1111111111111111,0.2727272727272727,-0.07131495823206693,-0.048075441484815705,,,threshold-grouped standard AP,False,stable_centered_gate,null,505
all_alfworld,middle,activation_l8_norm,0.05,12,1,0.1111111111111111,0.2727272727272727,-0.2602995975470443,-0.17627661877765757,,,threshold-grouped standard AP,False,stable_centered_gate,null,505
all_alfworld,middle,delta_centered_norm,0.05,12,1,0.125,0.36363636363636365,0.16045865602215056,0.17627661877765757,,,threshold-grouped standard AP,False,stable_centered_gate,null,505
all_alfworld,middle,delta_norm,0.05,12,1,0.1111111111111111,0.2727272727272727,0.12836692481772047,0.11217603013123663,,,threshold-grouped standard AP,False,stable_centered_gate,null,505
all_alfworld,middle,forward_kl_original,0.05,12,1,0.3333333333333333,0.8181818181818181,-0.2139448746962008,-0.208326913100868,,,threshold-grouped standard AP,False,stable_centered_gate,null,505
all_alfworld,middle,js_original,0.05,12,1,0.25,0.7272727272727273,-0.28882558083987103,-0.24037720742407848,,,threshold-grouped standard AP,False,stable_centered_gate,null,505
all_alfworld,middle,old_margin,0.05,12,1,0.25,0.7272727272727273,-0.04771456634925265,0.019407416991319402,,,threshold-grouped standard AP,False,stable_centered_gate,null,505
all_alfworld,middle,u_control_norm,0.05,12,1,0.125,0.36363636363636365,0.4243240014807982,0.3365280903937099,,,threshold-grouped standard AP,False,stable_centered_gate,null,505
all_alfworld,middle,u_original_norm,0.05,12,1,0.1111111111111111,0.2727272727272727,0.43858699312721156,0.3365280903937099,,,threshold-grouped standard AP,False,stable_centered_gate,null,505
all_alfworld,middle,random_expected,0.05,12,1,0.08333333333333333,0.5,,,,,threshold-grouped standard AP,False,stable_centered_gate,null,505
