skill_id,context_id,phase,supported,C_upd,D_contribution,D_ungated_contribution,P_int,activation_l16_norm,activation_l24_norm,activation_l32_norm,activation_l8_norm,delta_centered_norm,delta_norm,forward_kl_original,js_original,old_margin,u_control_norm,u_original_norm,random_expected,delta_utility,variant,control,seed
skillnet:alfworld-appliance-navigator,all_alfworld,all,True,8.615035317912785e-05,0.18605004726661847,0.2817189872447807,0.009906640004822163,2.678423470150341,6.15221512187611,41.58691803672097,0.6244705362753434,258.7703085120041,513.3361051843822,0.04381169884122208,0.008939258061102462,0.016129032258064516,1640.2874664295184,1493.484689922668,0.0,0.07258064516129033,legacy_recorded,placebo,505
skillnet:alfworld-appliance-navigator,all_alfworld,initial,True,3.183787078752165e-05,0.1080911383447059,0.26656223484735264,-0.053516434233620985,2.501648461818695,5.727211105823517,41.11154975891113,0.6323306575417519,254.2457664982924,486.0003547280523,0.06486373810278956,0.008939433681832441,0.023809523809523808,1472.7045092792564,1518.359123910895,0.0,0.09523809523809523,legacy_recorded,placebo,505
skillnet:alfworld-appliance-navigator,all_alfworld,early,True,9.834742009846906e-05,0.16167776394207012,0.2645795070952568,-0.000784338640798503,2.5777538603002377,6.1011872464960275,41.95186021978205,0.5856249993497675,257.67840615707127,499.5795764683214,0.03521309589573603,0.006586158522630486,-0.0,1645.8433278182179,1451.675483845801,0.0,0.0625,legacy_recorded,placebo,505
skillnet:alfworld-appliance-navigator,all_alfworld,middle,True,4.6626060361828834e-05,0.11389753968916562,0.1643677923302397,-0.017019432266645405,2.7814011573791504,6.190935509545462,40.39808536711193,0.639127981095087,252.1417344632226,508.10005232392894,0.03944161454417703,0.008649554413570558,-0.0,1696.8880333498062,1520.2512166498661,0.0,0.0,legacy_recorded,placebo,505
skillnet:alfworld-appliance-navigator,all_alfworld,late,True,0.00010814815744187878,0.23898976148284373,0.33078882366412493,0.03897931037090988,2.7384435137112937,6.283957422643468,41.94107661039933,0.6332131956798442,262.51936104245715,527.333929131505,0.043261551023031655,0.009950122285125408,-0.0,1661.9740736252882,1494.659038455946,0.0,0.0,legacy_recorded,placebo,505
skillnet:alfworld-appliance-preparer,all_alfworld,all,True,4.951945387822048e-05,0.43053850456655807,0.5331082349345555,0.2825647477070382,2.9472233113788424,6.606919447580974,50.74432209559849,0.7612770199775696,313.5685036934518,594.708652979098,0.020736329675947053,0.004495235382222651,-0.0,1817.6965386868621,1693.811855242821,0.0,0.0,legacy_recorded,placebo,505
skillnet:alfworld-appliance-preparer,all_alfworld,initial,False,,,,,,,,,,,,,,,,0.0,,legacy_recorded,placebo,505
skillnet:alfworld-appliance-preparer,all_alfworld,early,True,0.0004719473469017705,0.6011329670425113,0.6011329670425113,0.26951071122732256,2.963517904281616,6.077518939971924,49.90621566772461,0.7868549227714539,309.12730593613543,673.3679222390958,0.0031500605998695183,0.0010243408709973768,,1953.8713487647715,1696.332062397925,0.0,,legacy_recorded,placebo,505
skillnet:alfworld-appliance-preparer,all_alfworld,middle,True,0.0002569223461482615,0.448581438115949,0.4740527701894045,0.19683446674949545,2.964020073413849,6.5414570569992065,50.75166034698486,0.781180739402771,313.82829018512064,595.5917611571384,0.006154084788269503,0.0014382986059457178,-0.0,1853.66419837427,1706.5541176828872,0.0,0.0,legacy_recorded,placebo,505
skillnet:alfworld-appliance-preparer,all_alfworld,late,True,-5.9407702839147615e-05,0.403842538577122,0.5398974267892734,0.306804814640624,2.9405715624491373,6.694962819417317,50.854112752278645,0.752558974424998,314.07152099483113,584.3563501034736,0.02683632347488972,0.005746240260464861,-0.0,1790.711798876059,1690.1343911070594,0.0,0.0,legacy_recorded,placebo,505
skillnet:alfworld-clean-object,all_alfworld,all,True,5.684774334745833e-07,0.1797785811475063,0.3859656349944679,0.039099899638106554,3.5071106903581,8.18267913103867,53.29272267963487,0.8313517170374778,329.6772310910971,647.0843288331129,0.07906419070002069,0.0169179571661953,0.10810810810810811,1560.8824798551327,1489.4937781374135,0.0,0.04054054054054054,legacy_recorded,placebo,505
skillnet:alfworld-clean-object,all_alfworld,initial,True,0.00011305937161115866,0.032598724987633575,0.1496945983289302,-0.08859475038568128,3.2462493926286697,7.438240319490433,54.62374782562256,0.8614341169595718,339.84350913724217,653.2653378693523,0.05113616042620714,0.010499279583294387,0.28,1463.2774410600998,1698.9088252140534,0.0,0.08,legacy_recorded,placebo,505
skillnet:alfworld-clean-object,all_alfworld,early,True,2.6925614916367402e-05,0.13986693868141725,0.32243218376216337,0.01064125878754722,3.424280302024182,8.068534321255154,53.70491079636562,0.8283789069564255,337.3329489194554,676.5152867609451,0.09365783339353091,0.018079447983299114,-0.2222222222222222,1602.409379769705,1485.4777148032704,0.0,-0.16666666666666666,legacy_recorded,placebo,505
skillnet:alfworld-clean-object,all_alfworld,middle,True,5.479702666992591e-06,0.1594452038045244,0.3241153735641074,0.04994825021790914,3.451587488386366,7.9378507444593644,52.21639499240452,0.8266162758403354,311.59859896945545,608.9324877474124,0.07859353136579211,0.016997284776222782,-0.0,1482.0910782320811,1378.1385548577894,0.0,1.0,legacy_recorded,placebo,505
skillnet:alfworld-clean-object,all_alfworld,late,True,-7.198542558653301e-06,0.19640210817100612,0.4247200652473243,0.040909083853595485,3.545120060540796,8.30665171243311,53.59758461432728,0.8326931048214921,336.00763874055406,659.100361490285,0.07802170565691544,0.016876351883289904,-0.5,1590.485281980213,1531.7800635722717,0.0,0.0,legacy_recorded,placebo,505
skillnet:alfworld-device-operator,all_alfworld,all,True,-6.901980993511588e-05,0.21725787087689896,0.3689837310811025,0.14204848587917676,2.8931459983777716,6.536693443208051,45.59708045079158,0.7692525181809121,280.8325620375515,531.0330899848616,0.06429421796405013,0.012939053943325106,-0.0,1577.2536302692736,1452.9436043593544,0.0,0.0847457627118644,legacy_recorded,placebo,505
skillnet:alfworld-device-operator,all_alfworld,initial,True,0.0,0.0,0.0,-0.0,2.7872252762317657,6.365357220172882,48.402498722076416,0.8104362338781357,292.9354754681036,437.8071599969157,0.23979215955811448,0.022041496074958554,-0.09090909090909091,1559.4587299051454,1565.9366088281588,0.0,0.1590909090909091,legacy_recorded,placebo,505
skillnet:alfworld-device-operator,all_alfworld,early,True,-6.551627248882994e-05,0.15497177901067533,0.2709775558384108,0.11014728598526143,2.801873165884136,6.538103427416012,45.15597581274716,0.7304530011283027,281.82825394240575,534.8849947926229,0.07984036505781947,0.01513734362272317,-0.0,1592.8671100857168,1467.1901524258958,0.0,0.05555555555555555,legacy_recorded,placebo,505
skillnet:alfworld-device-operator,all_alfworld,middle,True,-9.672960885537721e-05,0.2470020103732209,0.39225004503250194,0.17284802888190706,2.88548704294058,6.3970430410825285,44.67196749173678,0.7694521949841426,278.48942969627177,532.0927882363756,0.05511799604518133,0.011475790872119253,0.2857142857142857,1669.7173118708574,1518.9350786650423,0.0,0.0,legacy_recorded,placebo,505
skillnet:alfworld-device-operator,all_alfworld,late,True,-6.31440978495201e-05,0.22237799299556732,0.38370462372277636,0.1409417432307767,2.913356347209254,6.579168352047776,45.88931417986914,0.7753517154922109,281.129403660718,531.4274202130902,0.06179550886358454,0.012848816104188143,-0.0,1550.286702367982,1431.4466836349661,0.0,0.0,legacy_recorded,placebo,505
skillnet:alfworld-heat-object-with-appliance,all_alfworld,all,True,1.8429938162275387e-06,0.08532318893053788,0.11945580692664846,0.019947846545625796,2.9254003916701223,6.717618431457102,45.967564977358464,0.7295440719552236,287.76689912727306,535.6561756132659,0.07221593715027402,0.015603617087158544,-0.09375,1547.2982718670667,1503.079222948322,0.0,0.078125,legacy_recorded,placebo,505
skillnet:alfworld-heat-object-with-appliance,all_alfworld,initial,False,,,,,,,,,,,,,,,,0.0,,legacy_recorded,placebo,505
skillnet:alfworld-heat-object-with-appliance,all_alfworld,early,True,5.412034142676293e-05,0.02747187125667808,0.02747187125667808,-0.011700687208671168,3.049455428123474,7.121339464187622,48.96694488525391,0.7123809039592743,302.70268325076785,553.8664474398049,0.07908665592507858,0.012080703510934165,-0.07692307692307693,1585.6761899159458,1516.4316227355346,0.0,0.11538461538461539,legacy_recorded,placebo,505
skillnet:alfworld-heat-object-with-appliance,all_alfworld,middle,True,-1.6417130893558713e-05,0.07454491804738107,0.09974039649813442,-0.0020404123705285047,2.972346511661497,6.84590064562284,46.58449443588909,0.7309887872801887,291.3913552299443,548.395159664371,0.06932458878175161,0.015358246385743896,-0.16666666666666666,1498.483897612899,1471.2174371591295,0.0,0.041666666666666664,legacy_recorded,placebo,505
skillnet:alfworld-heat-object-with-appliance,all_alfworld,late,True,8.5743386003626e-06,0.09343470828870588,0.13364776833621708,0.03246656878448045,2.8971094403948103,6.637592257571821,45.53826016337932,0.7295549962700916,285.2499738226126,528.409256101642,0.07334742922468357,0.015891184002602046,-0.0,1570.0221123537299,1518.457055395902,0.0,0.07142857142857142,legacy_recorded,placebo,505
skillnet:alfworld-inventory-management,all_alfworld,all,True,0.0003637702104395242,0.011948716963398968,0.08174338550941804,-0.18314451549091465,2.763215585188432,6.475313716646329,44.86808865843261,0.7209315049505152,282.693897876965,523.9862277068146,0.07169405481555771,0.015278960520089672,-0.0,1631.8585679008772,1559.0152267391284,0.0,0.0,legacy_recorded,placebo,505
skillnet:alfworld-inventory-management,all_alfworld,initial,False,,,,,,,,,,,,,,,,0.0,,legacy_recorded,placebo,505
skillnet:alfworld-inventory-management,all_alfworld,early,True,0.0001611442808748379,0.007526530215819874,0.06808045685590175,-0.08344389760319643,2.744827283395303,6.495142910931562,45.21536151782887,0.688781150289484,284.6209748895106,517.1473643354349,0.049805013667444296,0.011078746178523944,-0.0,1733.0234607658078,1641.83476161275,0.0,0.0,legacy_recorded,placebo,505
skillnet:alfworld-inventory-management,all_alfworld,middle,True,0.000292761299860905,0.008443282567831147,0.08120382506722525,-0.12674483516307206,2.7871732598259333,6.598416251227969,45.815275973365424,0.7133831574803307,288.56851806206885,554.5234182305378,0.07279506425362724,0.015826408185111124,,1613.9676300031042,1539.59644934145,0.0,,legacy_recorded,placebo,505
skillnet:alfworld-inventory-management,all_alfworld,late,True,0.0003992214258957268,0.013202362709262812,0.08309121946450605,-0.2058545287503196,2.7590541596315346,6.4443399154680385,44.613431597512864,0.7254261525850447,281.0807962639951,517.1005542154647,0.07337105693337283,0.015518254178996651,,1627.2497397195596,1556.4133010914372,0.0,,legacy_recorded,placebo,505
skillnet:alfworld-locate-target-object,all_alfworld,all,True,0.0003801091817611452,0.07539343132277777,0.2842023479214034,-0.284062007384811,2.724100351333618,6.256645098976467,44.63860901542332,0.7220436852911244,277.92180937455805,475.1555483368582,0.058319544931250154,0.014504758600807093,-0.0,1689.2290939792206,1585.1304194360796,0.0,0.0,legacy_recorded,placebo,505
skillnet:alfworld-locate-target-object,all_alfworld,initial,True,0.0012498108861127278,0.07608835788610084,0.2853357910546498,-0.635555514020599,2.56306529045105,6.064367294311523,41.850215911865234,0.69988614320755,261.3311529217572,409.49432100161465,0.016514413644174192,0.002661645928540105,-0.0,1512.249239510241,1367.7199763401961,0.0,0.0,legacy_recorded,placebo,505
skillnet:alfworld-locate-target-object,all_alfworld,early,True,-9.159343754818761e-05,0.07501652200029746,0.28358759910337156,-0.09342146141285829,2.8099857171376548,6.359193261464437,46.12575200398763,0.7338610410690307,286.92013151845,510.7684174000411,0.08099351444288458,0.020928141745087493,,1785.218167589515,1703.0479478948637,0.0,,legacy_recorded,placebo,505
skillnet:alfworld-locate-target-object,all_alfworld,middle,False,,,,,,,,,,,,,,,,0.0,,legacy_recorded,placebo,505
skillnet:alfworld-locate-target-object,all_alfworld,late,False,,,,,,,,,,,,,,,,0.0,,legacy_recorded,placebo,505
skillnet:alfworld-object-cooler,all_alfworld,all,True,0.0,0.0,0.0,-0.0,3.127821902434031,6.7806130250295,45.92014397515191,0.730723939008183,289.7787979484497,518.1777533191062,0.08109697869961972,0.014838445678623587,-0.09523809523809523,1506.0863856165267,1546.2816818790764,0.0,0.07142857142857142,legacy_recorded,placebo,505
skillnet:alfworld-object-cooler,all_alfworld,initial,False,,,,,,,,,,,,,,,,0.0,,legacy_recorded,placebo,505
skillnet:alfworld-object-cooler,all_alfworld,early,True,0.0,0.0,0.0,-0.0,3.017455577850342,6.6154716809590655,45.9431406656901,0.756074865659078,293.22696463221047,523.3933661419399,0.14771016879420715,0.026113884557472024,-0.2222222222222222,1754.8062267477194,1794.2290965432562,0.0,-0.05555555555555555,legacy_recorded,placebo,505
skillnet:alfworld-object-cooler,all_alfworld,middle,True,0.0,0.0,0.0,-0.0,2.9054981470108032,6.024527072906494,41.22536659240723,0.7399716377258301,259.9500537296197,500.17535756286696,0.045524745495630944,0.01097718632759985,0.16666666666666666,1632.4060838548996,1570.929794552346,0.0,0.25,legacy_recorded,placebo,505
skillnet:alfworld-object-cooler,all_alfworld,late,True,0.0,0.0,0.0,-0.0,3.169904454001065,6.901984329881339,46.565320508233434,0.7268258847039322,293.2371461679744,519.9514974957433,0.07897111942366956,0.014203212357994273,-0.16666666666666666,1465.108639978015,1518.3443060468167,0.0,0.08333333333333333,legacy_recorded,placebo,505
skillnet:alfworld-object-disposer,all_alfworld,all,False,,,,,,,,,,,,,-0.0,,,0.0,0.0,legacy_recorded,placebo,505
skillnet:alfworld-object-disposer,all_alfworld,initial,False,,,,,,,,,,,,,,,,0.0,,legacy_recorded,placebo,505
skillnet:alfworld-object-disposer,all_alfworld,early,False,,,,,,,,,,,,,-0.0,,,0.0,0.0,legacy_recorded,placebo,505
skillnet:alfworld-object-disposer,all_alfworld,middle,False,,,,,,,,,,,,,,,,0.0,,legacy_recorded,placebo,505
skillnet:alfworld-object-disposer,all_alfworld,late,False,,,,,,,,,,,,,,,,0.0,,legacy_recorded,placebo,505
skillnet:alfworld-object-heater,all_alfworld,all,True,-9.638131842054027e-05,0.10185234005924271,0.16950959098043264,0.025717828052410085,3.1479113931241245,6.874884398087211,50.995417885158375,0.8260650375614995,314.287203390103,627.9084193925233,0.03597498721048432,0.008208413390668528,0.1111111111111111,1757.7559875128677,1775.9394512640868,0.0,0.0,legacy_recorded,placebo,505
skillnet:alfworld-object-heater,all_alfworld,initial,False,,,,,,,,,,,,,,,,0.0,,legacy_recorded,placebo,505
skillnet:alfworld-object-heater,all_alfworld,early,True,0.0,0.0,0.0,-0.0,2.9943044185638428,5.9966721534729,48.34312438964844,0.884621262550354,299.35593210722897,651.3608859545402,0.0013436110911142294,0.00034335338563566784,-0.0,1952.4653623560807,1897.3567795843674,0.0,0.0,legacy_recorded,placebo,505
skillnet:alfworld-object-heater,all_alfworld,middle,True,-2.0812625924248186e-05,0.0585494020761522,0.10523292487820884,-0.06401588862407982,3.1931291818618774,6.986127773920695,52.154144287109375,0.8287432640790939,321.17170433574364,651.3287340339473,0.022133392401638197,0.005141903464153523,0.25,1683.550054192839,1762.3008160303998,0.0,0.125,legacy_recorded,placebo,505
skillnet:alfworld-object-heater,all_alfworld,late,True,-0.00020078750218811205,0.16602618328070165,0.26647424140429793,0.14142308138608392,3.1090107440948485,6.829213571548462,49.87017555236817,0.8169955432415008,306.98596053596026,596.1490633437579,0.056681281819222815,0.012813715416991387,-0.0,1833.3058259993843,1781.8425532835474,0.0,-0.125,legacy_recorded,placebo,505
skillnet:alfworld-object-picker,all_alfworld,all,True,-4.990061386903429e-05,0.05585537799508738,0.10109143226885746,0.06152016191396244,2.6470463053385416,6.194955215454102,40.528455098470054,0.591656105518341,256.05302849688434,478.6117700213923,0.07327629514451718,0.015766116621276603,-0.0,1648.4846214383354,1491.2364355439443,0.0,0.0,legacy_recorded,placebo,505
skillnet:alfworld-object-picker,all_alfworld,initial,False,,,,,,,,,,,,,,,,0.0,,legacy_recorded,placebo,505
skillnet:alfworld-object-picker,all_alfworld,early,True,-1.1019660544710893e-06,0.07764990654378057,0.150653403360447,0.028398434801824333,2.5513831774393716,5.800919691721599,37.6345796585083,0.5432252536217371,238.08827495132178,469.3693679935246,0.08250381968119644,0.013993268570485995,-0.0,1623.4704092284728,1478.085128585018,0.0,-0.125,legacy_recorded,placebo,505
skillnet:alfworld-object-picker,all_alfworld,middle,True,1.1135445126751721e-05,0.0,0.005292093145166134,-0.03180850703210224,2.7089279095331826,6.3689733611212835,42.0929446750217,0.6096644103527069,267.44838800320633,490.25681339737406,0.07309650393725028,0.016517265976037986,-0.0,1604.664882556756,1479.4072121913,0.0,0.5,legacy_recorded,placebo,505
skillnet:alfworld-object-picker,all_alfworld,late,True,-8.89371995579218e-05,0.07172643059485091,0.1246731903930281,0.10881345399204036,2.6478038311004637,6.230424096849229,40.67435938517253,0.5973676774236891,256.85366054105754,476.7065668414889,0.07059163795811711,0.01599475377515045,-0.0,1673.5168127594811,1499.9055129914093,0.0,0.0,legacy_recorded,placebo,505
skillnet:alfworld-object-placer,all_alfworld,all,True,-0.00014333783044415582,0.21259192351134862,0.42366030040434655,0.21051573724506803,2.8228384118900407,6.587404409743888,41.894768193899345,0.6511358297614835,263.8798506198235,488.5514383525755,0.08092766114927451,0.016325465671086933,0.2608695652173913,1566.6460795983937,1484.6396747503104,0.0,0.06521739130434782,legacy_recorded,placebo,505
skillnet:alfworld-object-placer,all_alfworld,initial,False,,,,,,,,,,,,,0.6666666666666666,,,0.0,-0.16666666666666666,legacy_recorded,placebo,505
skillnet:alfworld-object-placer,all_alfworld,early,True,8.204816183012494e-05,0.12067117276450576,0.23727498580302847,0.01824786020099323,2.9608333612743176,6.586009176153886,41.606013649388366,0.644369944145805,262.2983739659998,489.33146268776693,0.04967907070169223,0.008227132732350732,0.25,1525.617130690071,1456.3804818952688,0.0,0.125,legacy_recorded,placebo,505
skillnet:alfworld-object-placer,all_alfworld,middle,True,-2.3564557052623403e-05,0.17727240552236456,0.3847496302389042,0.11025630251616178,2.842682224805238,6.726586146432846,42.60720412457576,0.6468047763480514,268.3071655497132,511.0724517505458,0.08871385552860132,0.016994568117600677,0.3,1542.8947800537048,1472.9249982785223,0.0,0.05,legacy_recorded,placebo,505
skillnet:alfworld-object-placer,all_alfworld,late,True,-0.00019355471245419774,0.22874158780779755,0.445936993266328,0.2527409458495615,2.809841377833455,6.543709403460788,41.68489487638178,0.6528289749757531,262.5459380948478,481.30106167664013,0.08008172295511333,0.016537988096595267,-0.0,1576.411052114667,1489.8787099582871,0.0,0.16666666666666666,legacy_recorded,placebo,505
skillnet:alfworld-object-retriever,all_alfworld,all,True,-0.000118437118861371,0.26160236871330134,0.39355030226711024,0.2922439885351953,2.7584636324927923,6.615958781469436,43.82958421253023,0.6024884269351051,272.87118127882775,437.90424703527486,0.07922646949346826,0.017800135032547314,0.06666666666666667,1731.8534950342719,1589.9225899808414,0.0,0.03333333333333333,legacy_recorded,placebo,505
skillnet:alfworld-object-retriever,all_alfworld,initial,False,,,,,,,,,,,,,-0.0,,,0.0,0.0,legacy_recorded,placebo,505
skillnet:alfworld-object-retriever,all_alfworld,early,True,3.094574931288855e-05,0.23623988057284184,0.34648318430510544,0.27220112770150173,2.791644901037216,6.674160480499268,44.45676040649414,0.5862111300230026,275.7790705328977,443.4268833499272,0.0697689399340036,0.01603899142696239,0.07692307692307693,1723.349347535386,1561.683495507593,0.0,0.038461538461538464,legacy_recorded,placebo,505
skillnet:alfworld-object-retriever,all_alfworld,middle,True,-0.0009485275145105643,0.4018320067550996,0.673819057356836,0.4187838293159351,2.693047046661377,6.252080202102661,40.55088424682617,0.6598502695560455,254.76198197214296,426.1808628162923,0.07290742821827154,0.015786517499509916,,1775.0661793994868,1661.6121663243164,0.0,,legacy_recorded,placebo,505
skillnet:alfworld-object-retriever,all_alfworld,late,True,-0.00043496352988853584,0.3157763719270473,0.4817566447706899,0.3253799311336585,2.625107924143473,6.548135439554851,42.67044448852539,0.6510594487190247,267.9100711373233,414.5317285042668,0.13549527399216274,0.028793310406886794,,1752.360967726431,1702.207066236696,0.0,,legacy_recorded,placebo,505
skillnet:alfworld-object-state-inspector,all_alfworld,all,True,0.00011350189484993316,0.08975673927482963,0.2036243398065646,-0.030295805259354516,2.977777282396952,6.6858684293073205,45.20278695092272,0.7635361915500603,281.63908476735406,536.7514175101468,0.11396860513530584,0.02469363648380925,0.1111111111111111,1470.7276983726329,1546.0532878750016,0.0,0.19444444444444445,legacy_recorded,placebo,505
skillnet:alfworld-object-state-inspector,all_alfworld,initial,True,0.0,0.0,0.0,-0.0,2.7412891685962677,6.540893614292145,52.476584911346436,0.7653114572167397,323.68045377781516,597.3191592631525,0.06605627150673675,0.014219524841199233,-0.0,1118.8309405350722,1296.2749851574474,0.0,-0.05,legacy_recorded,placebo,505
skillnet:alfworld-object-state-inspector,all_alfworld,early,True,0.0002832130211059581,0.08939767092937496,0.20606019436296547,-0.09458786168006411,2.828669238658178,6.697416515577407,45.22111590703329,0.7256797573396138,264.83256035482464,489.5479832113715,0.10666298933398695,0.023127597636243245,0.2857142857142857,1308.8600193926877,1330.9427814016967,0.0,0.5714285714285714,legacy_recorded,placebo,505
skillnet:alfworld-object-state-inspector,all_alfworld,middle,True,0.00020966188889169553,0.08803274133468963,0.21309924081550272,-0.09866312773685815,3.0050716827745023,6.770892747070478,46.03071293623551,0.7689948438302331,289.55681225359706,551.2961401014197,0.11310748088554631,0.023458981246007996,-0.0,1505.2000628763758,1561.386929479804,0.0,0.0,legacy_recorded,placebo,505
skillnet:alfworld-object-state-inspector,all_alfworld,late,True,4.751394043670232e-05,0.09169525399651388,0.20270112232010198,0.0060214271539560105,2.99557048488747,6.656598135377422,44.801142259077594,0.7676296505061063,281.65672853393903,540.2949422350011,0.11641000334552902,0.025586094279604128,,1496.1393270693993,1587.382745382126,0.0,,legacy_recorded,placebo,505
skillnet:alfworld-object-storer,all_alfworld,all,True,-0.0003482495488456695,0.3920343765365909,0.6377141325595908,0.48743174600757677,2.7241811752319336,5.748579025268555,40.43119812011719,0.7073347568511963,249.94864430741066,401.2447467783128,0.049725048807854874,0.008534962750631219,0.05555555555555555,1588.9543852187635,1485.4988557896932,0.0,0.05555555555555555,legacy_recorded,placebo,505
skillnet:alfworld-object-storer,all_alfworld,initial,False,,,,,,,,,,,,,,,,0.0,,legacy_recorded,placebo,505
skillnet:alfworld-object-storer,all_alfworld,early,False,,,,,,,,,,,,,0.125,,,0.0,0.125,legacy_recorded,placebo,505
skillnet:alfworld-object-storer,all_alfworld,middle,False,,,,,,,,,,,,,-0.0,,,0.0,0.0,legacy_recorded,placebo,505
skillnet:alfworld-object-storer,all_alfworld,late,True,-0.0003482495488456695,0.3920343765365909,0.6377141325595908,0.48743174600757677,2.7241811752319336,5.748579025268555,40.43119812011719,0.7073347568511963,249.94864430741066,401.2447467783128,0.049725048807854874,0.008534962750631219,-0.0,1588.9543852187635,1485.4988557896932,0.0,0.0,legacy_recorded,placebo,505
skillnet:alfworld-object-transporter,all_alfworld,all,True,-0.00012126263711812688,0.2558742558202689,0.42739736040568,0.0813451667643415,3.001473898839469,7.037579873595575,45.21053125400736,0.7559329205089145,282.79464213169683,546.5951529433929,0.09391797852237042,0.01859036846151531,-0.0,1612.2702595813037,1535.2458176339483,0.0,0.0,legacy_recorded,placebo,505
skillnet:alfworld-object-transporter,all_alfworld,initial,False,,,,,,,,,,,,,,,,0.0,,legacy_recorded,placebo,505
skillnet:alfworld-object-transporter,all_alfworld,early,False,,,,,,,,,,,,,,,,0.0,,legacy_recorded,placebo,505
skillnet:alfworld-object-transporter,all_alfworld,middle,True,-4.572464282842297e-05,0.17624028873653746,0.2999167130496518,-0.004136708463721904,3.009171133456023,7.101307951885721,46.4515845257303,0.7524468173151431,289.7992683775826,574.30053846452,0.082944550784808,0.017657950190672008,,1470.808832861288,1493.5027293163466,0.0,,legacy_recorded,placebo,505
skillnet:alfworld-object-transporter,all_alfworld,late,True,-0.0001449364002769619,0.2808317052980569,0.4673500581337548,0.1081353627121057,2.9991444725739327,7.0182937446393465,44.83494934282805,0.756987925422819,280.5993778237079,537.9122279965653,0.09735707340094671,0.018882590270109502,-0.0,1656.6045623884013,1548.328187580908,0.0,0.0,legacy_recorded,placebo,505
skillnet:alfworld-receptacle-closer,all_alfworld,all,False,,,,,,,,,,,,,0.2,,,0.0,-0.2,legacy_recorded,placebo,505
skillnet:alfworld-receptacle-closer,all_alfworld,initial,False,,,,,,,,,,,,,,,,0.0,,legacy_recorded,placebo,505
skillnet:alfworld-receptacle-closer,all_alfworld,early,False,,,,,,,,,,,,,,,,0.0,,legacy_recorded,placebo,505
skillnet:alfworld-receptacle-closer,all_alfworld,middle,False,,,,,,,,,,,,,0.25,,,0.0,-0.25,legacy_recorded,placebo,505
skillnet:alfworld-receptacle-closer,all_alfworld,late,False,,,,,,,,,,,,,-0.0,,,0.0,0.0,legacy_recorded,placebo,505
skillnet:alfworld-receptacle-finder,all_alfworld,all,True,-4.650775279128862e-05,0.17925907856888382,0.3858311169100245,0.08307187954200694,3.0000879623029872,7.168101227991113,47.91077982236261,0.744281317001064,273.6766567017806,491.705773694656,0.11275754042450464,0.022468229057948905,0.1,1280.6906011999129,1175.1569256214352,0.0,0.3,legacy_recorded,placebo,505
skillnet:alfworld-receptacle-finder,all_alfworld,initial,True,-0.0003176043444729868,0.08613577791041689,0.5066472251658736,0.009639358139479503,2.735624670982361,6.133511066436768,47.72462177276611,0.7407574504613876,290.19540016465646,485.67465551356605,0.03217968999068401,0.00515596694343429,0.3333333333333333,1578.1698898980164,1604.972629910032,0.0,0.3333333333333333,legacy_recorded,placebo,505
skillnet:alfworld-receptacle-finder,all_alfworld,early,True,-0.00020274740701046865,0.023574172577250033,0.027410517259209007,-0.34985477777088453,2.575862169265747,6.039948463439941,43.07173156738281,0.6760618090629578,267.44725706990175,690.3429155379436,0.03487148232747922,0.005006152702779451,-0.0,2060.622848573919,1570.794303818699,0.0,0.5,legacy_recorded,placebo,505
skillnet:alfworld-receptacle-finder,all_alfworld,middle,True,-0.00019653891198799313,0.1527620845305728,0.35131696213800606,0.08321640907551034,2.9416888215962578,7.107636767275193,47.27631613787483,0.7462744164992782,262.5576071169697,458.14536120159687,0.11526453198709863,0.024026871838239816,-0.0,1170.5329459388875,1098.285829451299,0.0,1.0,legacy_recorded,placebo,505
skillnet:alfworld-receptacle-finder,all_alfworld,late,True,5.430235466026791e-05,0.20105086261333505,0.40668280032337556,0.09315392587467479,3.05265600000109,7.280763820239476,48.333279391697474,0.7449764505028724,279.5346206163863,508.1463966622411,0.11594046806635666,0.02257289396482095,-0.0,1319.3350810255583,1195.3041844396228,0.0,0.1,legacy_recorded,placebo,505
skillnet:alfworld-receptacle-navigator,all_alfworld,all,True,-3.847759485351071e-05,0.30880140131159706,0.5117317444101613,0.23091260920482817,3.003628412882487,7.624956448872884,54.66160329182943,0.7230577270189921,340.3874639191357,605.2239842445751,0.02064369176909569,0.004166530998672867,-0.0,1453.7939481397286,1534.2576072419051,0.0,0.0,legacy_recorded,placebo,505
skillnet:alfworld-receptacle-navigator,all_alfworld,initial,False,,,,,,,,,,,,,,,,0.0,,legacy_recorded,placebo,505
skillnet:alfworld-receptacle-navigator,all_alfworld,early,True,-3.847759485351071e-05,0.30880140131159706,0.5117317444101613,0.23091260920482817,3.003628412882487,7.624956448872884,54.66160329182943,0.7230577270189921,340.3874639191357,605.2239842445751,0.02064369176909569,0.004166530998672867,-0.0,1453.7939481397286,1534.2576072419051,0.0,0.0,legacy_recorded,placebo,505
skillnet:alfworld-receptacle-navigator,all_alfworld,middle,False,,,,,,,,,,,,,,,,0.0,,legacy_recorded,placebo,505
skillnet:alfworld-receptacle-navigator,all_alfworld,late,False,,,,,,,,,,,,,,,,0.0,,legacy_recorded,placebo,505
skillnet:alfworld-receptacle-opener,all_alfworld,all,False,,,,,,,,,,,,,-0.0,,,0.0,-0.0625,legacy_recorded,placebo,505
skillnet:alfworld-receptacle-opener,all_alfworld,initial,False,,,,,,,,,,,,,,,,0.0,,legacy_recorded,placebo,505
skillnet:alfworld-receptacle-opener,all_alfworld,early,False,,,,,,,,,,,,,-0.0,,,0.0,-0.5,legacy_recorded,placebo,505
skillnet:alfworld-receptacle-opener,all_alfworld,middle,False,,,,,,,,,,,,,-0.0,,,0.0,0.0,legacy_recorded,placebo,505
skillnet:alfworld-receptacle-opener,all_alfworld,late,False,,,,,,,,,,,,,-0.0,,,0.0,0.0,legacy_recorded,placebo,505
skillnet:alfworld-receptacle-operator,all_alfworld,all,False,,,,,,,,,,,,,-0.14285714285714285,,,0.0,-0.14285714285714285,legacy_recorded,placebo,505
skillnet:alfworld-receptacle-operator,all_alfworld,initial,False,,,,,,,,,,,,,,,,0.0,,legacy_recorded,placebo,505
skillnet:alfworld-receptacle-operator,all_alfworld,early,False,,,,,,,,,,,,,-0.0,,,0.0,-0.5,legacy_recorded,placebo,505
skillnet:alfworld-receptacle-operator,all_alfworld,middle,False,,,,,,,,,,,,,-0.3333333333333333,,,0.0,0.0,legacy_recorded,placebo,505
skillnet:alfworld-receptacle-operator,all_alfworld,late,False,,,,,,,,,,,,,-0.0,,,0.0,0.0,legacy_recorded,placebo,505
skillnet:alfworld-receptacle-searcher,all_alfworld,all,False,,,,,,,,,,,,,-0.0,,,0.0,-0.25,legacy_recorded,placebo,505
skillnet:alfworld-receptacle-searcher,all_alfworld,initial,False,,,,,,,,,,,,,-0.0,,,0.0,-0.25,legacy_recorded,placebo,505
skillnet:alfworld-receptacle-searcher,all_alfworld,early,False,,,,,,,,,,,,,,,,0.0,,legacy_recorded,placebo,505
skillnet:alfworld-receptacle-searcher,all_alfworld,middle,False,,,,,,,,,,,,,,,,0.0,,legacy_recorded,placebo,505
skillnet:alfworld-receptacle-searcher,all_alfworld,late,False,,,,,,,,,,,,,,,,0.0,,legacy_recorded,placebo,505
skillnet:alfworld-storage-explorer,all_alfworld,all,True,-1.1255613060752905e-05,0.07502615463949487,0.1165347282028183,0.02300543567929162,2.780886556203161,6.98965296411143,47.15186461299094,0.636615362395434,292.5795046810836,634.531299472836,0.07033304969299961,0.014913446583216807,0.045454545454545456,1678.1885864001845,1713.6640966737216,0.0,-0.045454545454545456,legacy_recorded,placebo,505
skillnet:alfworld-storage-explorer,all_alfworld,initial,True,-8.170560610505427e-05,0.017110873869310168,0.07913413073832103,-0.007791762777588268,2.5672996193170547,7.178758814930916,55.74638593196869,0.6351141929626465,338.02657711346126,562.3348046524187,0.050093444808742796,0.008261221140270343,-0.0,1649.8321605598026,1769.8769600106457,0.0,-0.043478260869565216,legacy_recorded,placebo,505
skillnet:alfworld-storage-explorer,all_alfworld,early,True,-2.5582738268451865e-05,0.18224731454800364,0.25059336785627045,0.11301561444289315,2.6008002599080404,6.570199468400744,44.46008512708876,0.614396956231859,276.0530815538292,586.0003049517697,0.10020933952462915,0.016557293446471034,0.1111111111111111,1807.7512121501547,1662.0713843456576,0.0,-0.05555555555555555,legacy_recorded,placebo,505
skillnet:alfworld-storage-explorer,all_alfworld,middle,True,-5.287020238031118e-06,0.09097250141416201,0.13920440292452488,0.026641642441496874,2.8392804766243156,7.138809897682884,47.3562116839669,0.6410936371169307,294.77492222388497,644.4270485648274,0.0686796952620961,0.015187058386830505,-0.0,1637.7192650217435,1678.5833217421732,0.0,0.0,legacy_recorded,placebo,505
skillnet:alfworld-storage-explorer,all_alfworld,late,True,-7.66078786755057e-06,0.05728303766282602,0.09190671206322622,0.01018801435467461,2.8021265206836823,6.998717534958622,47.037505855972874,0.6387110655994066,292.22746307728005,642.0398630975708,0.06739760716469964,0.0149009880530456,-0.0,1672.6213470610037,1729.0538564187837,0.0,0.0,legacy_recorded,placebo,505
skillnet:alfworld-temperature-regulator,all_alfworld,all,False,,,,,,,,,,,,,-0.0,,,0.0,-0.08333333333333333,legacy_recorded,placebo,505
skillnet:alfworld-temperature-regulator,all_alfworld,initial,False,,,,,,,,,,,,,,,,0.0,,legacy_recorded,placebo,505
skillnet:alfworld-temperature-regulator,all_alfworld,early,False,,,,,,,,,,,,,,,,0.0,,legacy_recorded,placebo,505
skillnet:alfworld-temperature-regulator,all_alfworld,middle,False,,,,,,,,,,,,,-0.0,,,0.0,-0.25,legacy_recorded,placebo,505
skillnet:alfworld-temperature-regulator,all_alfworld,late,False,,,,,,,,,,,,,-0.0,,,0.0,0.0,legacy_recorded,placebo,505
skillnet:alfworld-tool-locator,all_alfworld,all,True,1.2144380479252438e-05,0.21226655426708485,0.5340537550387522,0.10496992651224667,3.0560204684734344,6.906029462814331,54.986557960510254,0.7868360131978989,338.5534403606468,683.7568252017034,0.03545755592934128,0.00423888402205301,0.25,1633.4510243344255,1734.5809463026994,0.0,0.125,legacy_recorded,placebo,505
skillnet:alfworld-tool-locator,all_alfworld,initial,True,1.2144380479252438e-05,0.21226655426708485,0.5340537550387522,0.10496992651224667,3.0560204684734344,6.906029462814331,54.986557960510254,0.7868360131978989,338.5534403606468,683.7568252017034,0.03545755592934128,0.00423888402205301,,1633.4510243344255,1734.5809463026994,0.0,,legacy_recorded,placebo,505
skillnet:alfworld-tool-locator,all_alfworld,early,False,,,,,,,,,,,,,0.25,,,0.0,0.125,legacy_recorded,placebo,505
skillnet:alfworld-tool-locator,all_alfworld,middle,False,,,,,,,,,,,,,,,,0.0,,legacy_recorded,placebo,505
skillnet:alfworld-tool-locator,all_alfworld,late,False,,,,,,,,,,,,,,,,0.0,,legacy_recorded,placebo,505
skillnet:alfworld-appliance-navigator,all_alfworld,all,True,8.504393224425306e-05,0.18563246810971193,0.2810779436840581,0.009876638326378296,2.678423470150341,6.15221512187611,41.58691803672097,0.6244705362753434,258.7703085118786,513.3361049041416,0.04381169884122208,0.008939258061102462,0.016129032258064516,1640.2874659366842,1493.4846894897591,0.0,0.07258064516129033,stable_raw,placebo,505
skillnet:alfworld-appliance-navigator,all_alfworld,initial,True,3.364276326740633e-05,0.1079352916572632,0.265070995382653,-0.055074984876536365,2.501648461818695,5.727211105823517,41.11154975891113,0.6323306575417519,254.2457664641353,486.0003543153993,0.06486373810278956,0.008939433681832441,0.023809523809523808,1472.704508689616,1518.3591230929392,0.0,0.09523809523809523,stable_raw,placebo,505
skillnet:alfworld-appliance-navigator,all_alfworld,early,True,9.74394092809861e-05,0.16153005415678934,0.26438243613992135,-0.0005527619395559914,2.5777538603002377,6.1011872464960275,41.95186021978205,0.5856249993497675,257.6784061727031,499.57957619487826,0.03521309589573603,0.006586158522630486,-0.0,1645.8433272808522,1451.675483367986,0.0,0.0625,stable_raw,placebo,505
skillnet:alfworld-appliance-navigator,all_alfworld,middle,True,4.505257068431689e-05,0.11362941054057565,0.16404130244746676,-0.016477394619836678,2.7814011573791504,6.190935509545462,40.39808536711193,0.639127981095087,252.14173446518362,508.1000521001519,0.03944161454417703,0.008649554413570558,-0.0,1696.8880329220742,1520.2512162367707,0.0,0.0,stable_raw,placebo,505
skillnet:alfworld-appliance-navigator,all_alfworld,late,True,0.00010638059067559468,0.2383517591618334,0.330086993889285,0.039046714216618164,2.7384435137112937,6.283957422643468,41.94107661039933,0.6332131956798442,262.51936104413403,527.3339288636049,0.043261551023031655,0.009950122285125408,-0.0,1661.9740731529118,1494.6590381315314,0.0,0.0,stable_raw,placebo,505
skillnet:alfworld-appliance-preparer,all_alfworld,all,True,4.831006358062646e-05,0.4285487209813127,0.5310724597759546,0.2808974019284394,2.9472233113788424,6.606919447580974,50.74432209559849,0.7612770199775696,313.5685037043623,594.7086527045998,0.020736329675947053,0.004495235382222651,-0.0,1817.696538130185,1693.8118549203828,0.0,0.0,stable_raw,placebo,505
skillnet:alfworld-appliance-preparer,all_alfworld,initial,False,,,,,,,,,,,,,,,,0.0,,stable_raw,placebo,505
skillnet:alfworld-appliance-preparer,all_alfworld,early,True,0.00047249575060153164,0.5980659274619314,0.5980659274619314,0.2671593997106972,2.963517904281616,6.077518939971924,49.90621566772461,0.7868549227714539,309.12730592374567,673.3679219959236,0.0031500605998695183,0.0010243408709973768,,1953.8713474531767,1696.3320617350912,0.0,,stable_raw,placebo,505
skillnet:alfworld-appliance-preparer,all_alfworld,middle,True,0.0002547962234763738,0.4452058909590673,0.47066779387146623,0.1938105133919464,2.964020073413849,6.5414570569992065,50.75166034698486,0.781180739402771,313.82829021009013,595.5917607568505,0.006154084788269503,0.0014382986059457178,-0.0,1853.6641978956031,1706.5541172947408,0.0,0.0,stable_raw,placebo,505
skillnet:alfworld-appliance-preparer,all_alfworld,late,True,-6.060199671041764e-05,0.4023560239545726,0.538349381861396,0.30558246644851267,2.9405715624491373,6.694962819417317,50.854112752278645,0.752558974424998,314.0715210050394,584.3563498580477,0.02683632347488972,0.005746240260464861,-0.0,1790.7117983959768,1690.1343908457063,0.0,0.0,stable_raw,placebo,505
skillnet:alfworld-clean-object,all_alfworld,all,True,1.432865660079502e-06,0.17915505219906178,0.3849939495397133,0.03906271035592085,3.5071106903581,8.18267913103867,53.29272267963487,0.8313517170374778,329.6772310862373,647.084328563757,0.07906419070002069,0.0169179571661953,0.10810810810810811,1560.882479412927,1489.4937776585389,0.0,0.04054054054054054,stable_raw,placebo,505
skillnet:alfworld-clean-object,all_alfworld,initial,True,0.00011187905613544923,0.03242686169068624,0.14921134410643763,-0.0887037288099455,3.2462493926286697,7.438240319490433,54.62374782562256,0.8614341169595718,339.8435090932397,653.2653375827243,0.05113616042620714,0.010499279583294387,0.28,1463.2774404673835,1698.9088245553032,0.0,0.08,stable_raw,placebo,505
skillnet:alfworld-clean-object,all_alfworld,early,True,2.671311504332776e-05,0.13943549410281136,0.32189895972120314,0.011069404116484771,3.424280302024182,8.068534321255154,53.70491079636562,0.8283789069564255,337.3329489100214,676.515286510497,0.09365783339353091,0.018079447983299114,-0.2222222222222222,1602.4093793149993,1485.477714283853,0.0,-0.16666666666666666,stable_raw,placebo,505
skillnet:alfworld-clean-object,all_alfworld,middle,True,6.402612136984671e-06,0.15897387076654254,0.3233637811119967,0.049978827815989106,3.451587488386366,7.9378507444593644,52.21639499240452,0.8266162758403354,311.5985989760894,608.9324875023458,0.07859353136579211,0.016997284776222782,-0.0,1482.0910778066857,1378.1385544566926,0.0,1.0,stable_raw,placebo,505
skillnet:alfworld-clean-object,all_alfworld,late,True,-6.1791594013052026e-06,0.1956814967374359,0.42359129696624565,0.040786722123242275,3.545120060540796,8.30665171243311,53.59758461432728,0.8326931048214921,336.0076387323329,659.1003612088283,0.07802170565691544,0.016876351883289904,-0.5,1590.4852815358204,1531.780063070036,0.0,0.0,stable_raw,placebo,505
skillnet:alfworld-device-operator,all_alfworld,all,True,-6.998587703228932e-05,0.21656725020569048,0.3679335706438219,0.14152175114604545,2.8931459983777716,6.536693443208051,45.59708045079158,0.7692525181809121,280.83256203528015,531.0330896831396,0.06429421796405013,0.012939053943325106,-0.0,1577.2536297428994,1452.9436039840396,0.0,0.0847457627118644,stable_raw,placebo,505
skillnet:alfworld-device-operator,all_alfworld,initial,True,0.0,0.0,0.0,-0.0,2.7872252762317657,6.365357220172882,48.402498722076416,0.8104362338781357,292.9354754362031,437.80715967405905,0.23979215955811448,0.022041496074958554,-0.09090909090909091,1559.458729345717,1565.936608354804,0.0,0.1590909090909091,stable_raw,placebo,505
skillnet:alfworld-device-operator,all_alfworld,early,True,-6.601504942890636e-05,0.15484440306022615,0.2704866297715157,0.1098905301411803,2.801873165884136,6.538103427416012,45.15597581274716,0.7304530011283027,281.828253924794,534.8849945344334,0.07984036505781947,0.01513734362272317,-0.0,1592.8671096911605,1467.1901519631058,0.0,0.05555555555555555,stable_raw,placebo,505
skillnet:alfworld-device-operator,all_alfworld,middle,True,-9.78868568744587e-05,0.2461797437513624,0.3910710001736303,0.1719639999991749,2.88548704294058,6.3970430410825285,44.67196749173678,0.7694521949841426,278.48942969314027,532.0927878961799,0.05511799604518133,0.011475790872119253,0.2857142857142857,1669.7173113016358,1518.9350782953925,0.0,0.0,stable_raw,placebo,505
skillnet:alfworld-device-operator,all_alfworld,late,True,-6.414787202756109e-05,0.2216221321835799,0.3825841249945394,0.14045959386883497,2.913356347209254,6.579168352047776,45.88931417986914,0.7753517154922109,281.12940366156164,531.4274199149223,0.06179550886358454,0.012848816104188143,-0.0,1550.2867018322663,1431.4466832736032,0.0,0.0,stable_raw,placebo,505
skillnet:alfworld-heat-object-with-appliance,all_alfworld,all,True,1.4516310202215144e-06,0.08508813000178389,0.11916450060858662,0.01977911576695017,2.9254003916701223,6.717618431457102,45.967564977358464,0.7295440719552236,287.7668991200679,535.6561753762812,0.07221593715027402,0.015603617087158544,-0.09375,1547.2982714115649,1503.0792225307532,0.0,0.078125,stable_raw,placebo,505
skillnet:alfworld-heat-object-with-appliance,all_alfworld,initial,False,,,,,,,,,,,,,,,,0.0,,stable_raw,placebo,505
skillnet:alfworld-heat-object-with-appliance,all_alfworld,early,True,5.389618162555055e-05,0.02730039609952953,0.02730039609952953,-0.011863666528348655,3.049455428123474,7.121339464187622,48.96694488525391,0.7123809039592743,302.7026832386555,553.866447240699,0.07908665592507858,0.012080703510934165,-0.07692307692307693,1585.6761894225347,1516.4316224775246,0.0,0.11538461538461539,stable_raw,placebo,505
skillnet:alfworld-heat-object-with-appliance,all_alfworld,middle,True,-1.6686709564639967e-05,0.07430591333232033,0.09947888426368644,-0.0021010099824572003,2.972346511661497,6.84590064562284,46.58449443588909,0.7309887872801887,291.39135522181044,548.3951593984001,0.06932458878175161,0.015358246385743896,-0.16666666666666666,1498.4838971748136,1471.217436710766,0.0,0.041666666666666664,stable_raw,placebo,505
skillnet:alfworld-heat-object-with-appliance,all_alfworld,late,True,8.114016824205171e-06,0.09319866471977246,0.13333590955945368,0.03224326613139881,2.8971094403948103,6.637592257571821,45.53826016337932,0.7295549962700916,285.24997381610274,528.4092558774469,0.07334742922468357,0.015891184002602046,-0.0,1570.0221118912502,1518.4570549863543,0.0,0.07142857142857142,stable_raw,placebo,505
skillnet:alfworld-inventory-management,all_alfworld,all,True,0.0003641487026708909,0.01194666596117678,0.0816956157584448,-0.18284987970629651,2.763215585188432,6.475313716646329,44.86808865843261,0.7209315049505152,282.69389787302566,523.9862274986631,0.07169405481555771,0.015278960520089672,-0.0,1631.8585675221898,1559.0152264360993,0.0,0.0,stable_raw,placebo,505
skillnet:alfworld-inventory-management,all_alfworld,initial,False,,,,,,,,,,,,,,,,0.0,,stable_raw,placebo,505
skillnet:alfworld-inventory-management,all_alfworld,early,True,0.00016149814493369766,0.007526816960332787,0.06803205833116573,-0.08329156308662855,2.744827283395303,6.495142910931562,45.21536151782887,0.688781150289484,284.6209749028097,517.1473641725288,0.049805013667444296,0.011078746178523944,-0.0,1733.0234603669219,1641.8347612537996,0.0,0.0,stable_raw,placebo,505
skillnet:alfworld-inventory-management,all_alfworld,middle,True,0.00029312550978713594,0.008441956751514088,0.08116733201137057,-0.12660003021129312,2.7871732598259333,6.598416251227969,45.815275973365424,0.7133831574803307,288.5685180466517,554.5234179732844,0.07279506425362724,0.015826408185111124,,1613.967629656781,1539.5964490322497,0.0,,stable_raw,placebo,505
skillnet:alfworld-inventory-management,all_alfworld,late,True,0.00039960561397017416,0.013199925780834522,0.08304073826697037,-0.2055104646326563,2.7590541596315346,6.4443399154680385,44.613431597512864,0.7254261525850447,281.08079626133895,517.1005540153383,0.07337105693337283,0.015518254178996651,,1627.2497393347264,1556.413300794897,0.0,,stable_raw,placebo,505
skillnet:alfworld-locate-target-object,all_alfworld,all,True,0.00038168963702743465,0.07492924195951887,0.28347432625350727,-0.2836636037054346,2.724100351333618,6.256645098976467,44.63860901542332,0.7220436852911244,277.92180930476655,475.15554823454386,0.058319544931250154,0.014504758600807093,-0.0,1689.229093469201,1585.1304189981695,0.0,0.0,stable_raw,placebo,505
skillnet:alfworld-locate-target-object,all_alfworld,initial,True,0.0012503257157588418,0.07529367873775351,0.28428159621572374,-0.6361659880217018,2.56306529045105,6.064367294311523,41.850215911865234,0.69988614320755,261.33115277505107,409.4943206921269,0.016514413644174192,0.002661645928540105,-0.0,1512.2492390184827,1367.7199757645856,0.0,0.0,stable_raw,placebo,505
skillnet:alfworld-locate-target-object,all_alfworld,early,True,-8.943501584383689e-05,0.07473158133403568,0.2830364849180678,-0.09247586983898462,2.8099857171376548,6.359193261464437,46.12575200398763,0.7338610410690307,286.920131490375,510.7684174100921,0.08099351444288458,0.020928141745087493,,1785.2181670695904,1703.0479475316383,0.0,,stable_raw,placebo,505
skillnet:alfworld-locate-target-object,all_alfworld,middle,False,,,,,,,,,,,,,,,,0.0,,stable_raw,placebo,505
skillnet:alfworld-locate-target-object,all_alfworld,late,False,,,,,,,,,,,,,,,,0.0,,stable_raw,placebo,505
skillnet:alfworld-object-cooler,all_alfworld,all,True,0.0,0.0,0.0,-0.0,3.127821902434031,6.7806130250295,45.92014397515191,0.730723939008183,289.7787979587328,518.1777530941212,0.08109697869961972,0.014838445678623587,-0.09523809523809523,1506.086385266941,1546.2816814973237,0.0,0.07142857142857142,stable_raw,placebo,505
skillnet:alfworld-object-cooler,all_alfworld,initial,False,,,,,,,,,,,,,,,,0.0,,stable_raw,placebo,505
skillnet:alfworld-object-cooler,all_alfworld,early,True,0.0,0.0,0.0,-0.0,3.017455577850342,6.6154716809590655,45.9431406656901,0.756074865659078,293.2269646427165,523.3933659295337,0.14771016879420715,0.026113884557472024,-0.2222222222222222,1754.8062263195782,1794.2290959936938,0.0,-0.05555555555555555,stable_raw,placebo,505
skillnet:alfworld-object-cooler,all_alfworld,middle,True,0.0,0.0,0.0,-0.0,2.9054981470108032,6.024527072906494,41.22536659240723,0.7399716377258301,259.9500537293449,500.17535741751885,0.045524745495630944,0.01097718632759985,0.16666666666666666,1632.406083375446,1570.9297938315042,0.0,0.25,stable_raw,placebo,505
skillnet:alfworld-object-cooler,all_alfworld,late,True,0.0,0.0,0.0,-0.0,3.169904454001065,6.901984329881339,46.565320508233434,0.7268258847039322,293.2371461795815,519.9514972593468,0.07897111942366956,0.014203212357994273,-0.16666666666666666,1465.108639652843,1518.3443057250784,0.0,0.08333333333333333,stable_raw,placebo,505
skillnet:alfworld-object-disposer,all_alfworld,all,False,,,,,,,,,,,,,-0.0,,,0.0,0.0,stable_raw,placebo,505
skillnet:alfworld-object-disposer,all_alfworld,initial,False,,,,,,,,,,,,,,,,0.0,,stable_raw,placebo,505
skillnet:alfworld-object-disposer,all_alfworld,early,False,,,,,,,,,,,,,-0.0,,,0.0,0.0,stable_raw,placebo,505
skillnet:alfworld-object-disposer,all_alfworld,middle,False,,,,,,,,,,,,,,,,0.0,,stable_raw,placebo,505
skillnet:alfworld-object-disposer,all_alfworld,late,False,,,,,,,,,,,,,,,,0.0,,stable_raw,placebo,505
skillnet:alfworld-object-heater,all_alfworld,all,True,-9.781513958421245e-05,0.10145057134202057,0.16911434468115455,0.02543003231336087,3.1479113931241245,6.874884398087211,50.995417885158375,0.8260650375614995,314.287203354145,627.908419095303,0.03597498721048432,0.008208413390668528,0.1111111111111111,1757.7559868824562,1775.9394506966046,0.0,0.0,stable_raw,placebo,505
skillnet:alfworld-object-heater,all_alfworld,initial,False,,,,,,,,,,,,,,,,0.0,,stable_raw,placebo,505
skillnet:alfworld-object-heater,all_alfworld,early,True,0.0,0.0,0.0,-0.0,2.9943044185638428,5.9966721534729,48.34312438964844,0.884621262550354,299.3559320381993,651.3608855384438,0.0013436110911142294,0.00034335338563566784,-0.0,1952.4653616828705,1897.3567783412973,0.0,0.0,stable_raw,placebo,505
skillnet:alfworld-object-heater,all_alfworld,middle,True,-2.1830148485804645e-05,0.058332960920833093,0.10504196722723246,-0.06406767999587011,3.1931291818618774,6.986127773920695,52.154144287109375,0.8287432640790939,321.171704302553,651.3287337605822,0.022133392401638197,0.005141903464153523,0.25,1683.5500536321033,1762.300815541777,0.0,0.125,stable_raw,placebo,505
skillnet:alfworld-object-heater,all_alfworld,late,True,-0.00020288064983073017,0.16535294623625071,0.2657841924110452,0.1408104517160929,3.1090107440948485,6.829213571548462,49.87017555236817,0.8169955432415008,306.9859604995908,596.1490630274964,0.056681281819222815,0.012813715416991387,-0.0,1833.305825284982,1781.8425526794663,0.0,-0.125,stable_raw,placebo,505
skillnet:alfworld-object-picker,all_alfworld,all,True,-5.010681613834798e-05,0.05571706951462941,0.1009496099275992,0.06147208087747562,2.6470463053385416,6.194955215454102,40.528455098470054,0.591656105518341,256.0530284968735,478.61176979414716,0.07327629514451718,0.015766116621276603,-0.0,1648.484621145977,1491.236435275697,0.0,0.0,stable_raw,placebo,505
skillnet:alfworld-object-picker,all_alfworld,initial,False,,,,,,,,,,,,,,,,0.0,,stable_raw,placebo,505
skillnet:alfworld-object-picker,all_alfworld,early,True,-1.611520697849513e-06,0.07746039874855679,0.15045012142303882,0.028670772567787953,2.5513831774393716,5.800919691721599,37.6345796585083,0.5432252536217371,238.0882749675478,469.3693677901758,0.08250381968119644,0.013993268570485995,-0.0,1623.4704088734977,1478.085128112139,0.0,-0.125,stable_raw,placebo,505
skillnet:alfworld-object-picker,all_alfworld,middle,True,1.1072699646264225e-05,0.0,0.005288997567364039,-0.0318060813612839,2.7089279095331826,6.3689733611212835,42.0929446750217,0.6096644103527069,267.4483880360707,490.2568132849801,0.07309650393725028,0.016517265976037986,-0.0,1604.6648822462928,1479.4072119687612,0.0,0.5,stable_raw,placebo,505
skillnet:alfworld-object-picker,all_alfworld,late,True,-8.911026135179411e-05,0.07154799543450618,0.12449413899549591,0.10864940973114284,2.6478038311004637,6.230424096849229,40.67435938517253,0.5973676774236891,256.85366052302237,476.7065665610822,0.07059163795811711,0.01599475377515045,-0.0,1673.5168124930847,1499.9055127659792,0.0,0.0,stable_raw,placebo,505
skillnet:alfworld-object-placer,all_alfworld,all,True,-0.00014393378471280185,0.21204660382089374,0.42299201563998867,0.21002899129206737,2.8228384118900407,6.587404409743888,41.894768193899345,0.6511358297614835,263.87985062246827,488.5514381805436,0.08092766114927451,0.016325465671086933,0.2608695652173913,1566.6460792466194,1484.6396744498002,0.0,0.06521739130434782,stable_raw,placebo,505
skillnet:alfworld-object-placer,all_alfworld,initial,False,,,,,,,,,,,,,0.6666666666666666,,,0.0,-0.16666666666666666,stable_raw,placebo,505
skillnet:alfworld-object-placer,all_alfworld,early,True,8.244365567750988e-05,0.12052967902360208,0.23698933280246276,0.018302794397165676,2.9608333612743176,6.586009176153886,41.606013649388366,0.644369944145805,262.2983739799594,489.3314625418082,0.04967907070169223,0.008227132732350732,0.25,1525.6171304737452,1456.3804811619125,0.0,0.125,stable_raw,placebo,505
skillnet:alfworld-object-placer,all_alfworld,middle,True,-2.381211081597914e-05,0.17684794355476852,0.38418973479286445,0.10994378505057052,2.842682224805238,6.726586146432846,42.60720412457576,0.6468047763480514,268.30716554800114,511.0724515793812,0.08871385552860132,0.016994568117600677,0.3,1542.8947796925888,1472.9249979637086,0.0,0.05,stable_raw,placebo,505
skillnet:alfworld-object-placer,all_alfworld,late,True,-0.00019431443497229406,0.22813630186990727,0.44521385030430305,0.25216988525108813,2.809841377833455,6.543709403460788,41.68489487638178,0.6528289749757531,262.54593809829106,481.30106150295666,0.08008172295511333,0.016537988096595267,-0.0,1576.4110517587467,1489.8787096851631,0.0,0.16666666666666666,stable_raw,placebo,505
skillnet:alfworld-object-retriever,all_alfworld,all,True,-0.0001188258756001492,0.26134786792424236,0.39326953621162763,0.2920070314492253,2.7584636324927923,6.615958781469436,43.82958421253023,0.6024884269351051,272.87118125559084,437.9042466635338,0.07922646949346826,0.017800135032547314,0.06666666666666667,1731.8534944568098,1589.9225896686132,0.0,0.03333333333333333,stable_raw,placebo,505
skillnet:alfworld-object-retriever,all_alfworld,initial,False,,,,,,,,,,,,,-0.0,,,0.0,0.0,stable_raw,placebo,505
skillnet:alfworld-object-retriever,all_alfworld,early,True,3.0613798124437e-05,0.2360613841563102,0.346282446972567,0.2720191510760284,2.791644901037216,6.674160480499268,44.45676040649414,0.5862111300230026,275.77907050674656,443.4268828916073,0.0697689399340036,0.01603899142696239,0.07692307692307693,1723.3493469595633,1561.6834952851943,0.0,0.038461538461538464,stable_raw,placebo,505
skillnet:alfworld-object-retriever,all_alfworld,middle,True,-0.0009491649777878391,0.4012514052924951,0.6732591261059945,0.4184193784656732,2.693047046661377,6.252080202102661,40.55088424682617,0.6598502695560455,254.76198198867465,426.18086255813887,0.07290742821827154,0.015786517499509916,,1775.0661788921432,1661.6121655604002,0.0,,stable_raw,placebo,505
skillnet:alfworld-object-retriever,all_alfworld,late,True,-0.00043551385180543283,0.3153016011815572,0.48120443667758434,0.32491692458296295,2.625107924143473,6.548135439554851,42.67044448852539,0.6510594487190247,267.91007110575356,414.53172854213875,0.13549527399216274,0.028793310406886794,,1752.3609670967394,1702.2070657049103,0.0,,stable_raw,placebo,505
skillnet:alfworld-object-state-inspector,all_alfworld,all,True,0.00011342855456576211,0.08958584351906496,0.2033804921095362,-0.030312400721068927,2.977777282396952,6.6858684293073205,45.20278695092272,0.7635361915500603,281.6390847619451,536.7514173578267,0.11396860513530584,0.02469363648380925,0.1111111111111111,1470.7276979420685,1546.0532875760389,0.0,0.19444444444444445,stable_raw,placebo,505
skillnet:alfworld-object-state-inspector,all_alfworld,initial,True,0.0,0.0,0.0,-0.0,2.7412891685962677,6.540893614292145,52.476584911346436,0.7653114572167397,323.68045342358874,597.319159080534,0.06605627150673675,0.014219524841199233,-0.0,1118.8309398565932,1296.2749847096597,0.0,-0.05,stable_raw,placebo,505
skillnet:alfworld-object-state-inspector,all_alfworld,early,True,0.00028397668626638245,0.08923301865777405,0.20584003899143055,-0.09468091142236283,2.828669238658178,6.697416515577407,45.22111590703329,0.7256797573396138,264.83256033149195,489.5479830496566,0.10666298933398695,0.023127597636243245,0.2857142857142857,1308.8600190477957,1330.9427810610423,0.0,0.5714285714285714,stable_raw,placebo,505
skillnet:alfworld-object-state-inspector,all_alfworld,middle,True,0.00020972114469286954,0.08787960220384654,0.21286761453738368,-0.09851553357839236,3.0050716827745023,6.770892747070478,46.03071293623551,0.7689948438302331,289.55681225705735,551.29613993325,0.11310748088554631,0.023458981246007996,-0.0,1505.2000623973556,1561.3869291492472,0.0,0.0,stable_raw,placebo,505
skillnet:alfworld-object-state-inspector,all_alfworld,late,True,4.722539324851165e-05,0.09151450349917786,0.20244482148891527,0.005962669445997729,2.99557048488747,6.656598135377422,44.801142259077594,0.7676296505061063,281.65672853394943,540.2949420905211,0.11641000334552902,0.025586094279604128,,1496.1393266420423,1587.3827451046448,0.0,,stable_raw,placebo,505
skillnet:alfworld-object-storer,all_alfworld,all,True,-0.00035205842112153606,0.3923475601489456,0.6380274720409747,0.4890725894859433,2.7241811752319336,5.748579025268555,40.43119812011719,0.7073347568511963,249.94864432300906,401.2447467308929,0.049725048807854874,0.008534962750631219,0.05555555555555555,1588.9543848108262,1485.4988552003674,0.0,0.05555555555555555,stable_raw,placebo,505
skillnet:alfworld-object-storer,all_alfworld,initial,False,,,,,,,,,,,,,,,,0.0,,stable_raw,placebo,505
skillnet:alfworld-object-storer,all_alfworld,early,False,,,,,,,,,,,,,0.125,,,0.0,0.125,stable_raw,placebo,505
skillnet:alfworld-object-storer,all_alfworld,middle,False,,,,,,,,,,,,,-0.0,,,0.0,0.0,stable_raw,placebo,505
skillnet:alfworld-object-storer,all_alfworld,late,True,-0.00035205842112153606,0.3923475601489456,0.6380274720409747,0.4890725894859433,2.7241811752319336,5.748579025268555,40.43119812011719,0.7073347568511963,249.94864432300906,401.2447467308929,0.049725048807854874,0.008534962750631219,-0.0,1588.9543848108262,1485.4988552003674,0.0,0.0,stable_raw,placebo,505
skillnet:alfworld-object-transporter,all_alfworld,all,True,-0.00012187538355040164,0.2553120889622476,0.4267737628496295,0.08091923254779916,3.001473898839469,7.037579873595575,45.21053125400736,0.7559329205089145,282.7946421286849,546.5951527736934,0.09391797852237042,0.01859036846151531,-0.0,1612.2702592282144,1535.2458173229336,0.0,0.0,stable_raw,placebo,505
skillnet:alfworld-object-transporter,all_alfworld,initial,False,,,,,,,,,,,,,,,,0.0,,stable_raw,placebo,505
skillnet:alfworld-object-transporter,all_alfworld,early,False,,,,,,,,,,,,,,,,0.0,,stable_raw,placebo,505
skillnet:alfworld-object-transporter,all_alfworld,middle,True,-4.588909494305018e-05,0.1760339683418318,0.2996371286444066,-0.004320598871753243,3.009171133456023,7.101307951885721,46.4515845257303,0.7524468173151431,289.7992683839177,574.3005383843495,0.082944550784808,0.017657950190672008,,1470.8088324879955,1493.5027289401971,0.0,,stable_raw,placebo,505
skillnet:alfworld-object-transporter,all_alfworld,late,True,-0.0001456896430727056,0.28015801542472846,0.46661864614693643,0.10763357146691661,2.9991444725739327,7.0182937446393465,44.83494934282805,0.756987925422819,280.5993778177666,537.9122277988073,0.09735707340094671,0.018882590270109502,-0.0,1656.6045620416435,1548.3281872903067,0.0,0.0,stable_raw,placebo,505
skillnet:alfworld-receptacle-closer,all_alfworld,all,False,,,,,,,,,,,,,0.2,,,0.0,-0.2,stable_raw,placebo,505
skillnet:alfworld-receptacle-closer,all_alfworld,initial,False,,,,,,,,,,,,,,,,0.0,,stable_raw,placebo,505
skillnet:alfworld-receptacle-closer,all_alfworld,early,False,,,,,,,,,,,,,,,,0.0,,stable_raw,placebo,505
skillnet:alfworld-receptacle-closer,all_alfworld,middle,False,,,,,,,,,,,,,0.25,,,0.0,-0.25,stable_raw,placebo,505
skillnet:alfworld-receptacle-closer,all_alfworld,late,False,,,,,,,,,,,,,-0.0,,,0.0,0.0,stable_raw,placebo,505
skillnet:alfworld-receptacle-finder,all_alfworld,all,True,-4.644480045923918e-05,0.1788101699814643,0.38522092877910186,0.08285786490850683,3.0000879623029872,7.168101227991113,47.91077982236261,0.744281317001064,273.67665670276705,491.7057735081761,0.11275754042450464,0.022468229057948905,0.1,1280.6906008897552,1175.156925352283,0.0,0.3,stable_raw,placebo,505
skillnet:alfworld-receptacle-finder,all_alfworld,initial,True,-0.0003218359126420395,0.08510257843546412,0.5050305966518578,0.01207156464402099,2.735624670982361,6.133511066436768,47.72462177276611,0.7407574504613876,290.1954001058791,485.6746548611881,0.03217968999068401,0.00515596694343429,0.3333333333333333,1578.1698892272118,1604.972629013349,0.0,0.3333333333333333,stable_raw,placebo,505
skillnet:alfworld-receptacle-finder,all_alfworld,early,True,-0.00020094924157124742,0.023359098559005188,0.027198721128780478,-0.3481620466407881,2.575862169265747,6.039948463439941,43.07173156738281,0.6760618090629578,267.4472570464811,690.3429154084758,0.03487148232747922,0.005006152702779451,-0.0,2060.6228479955903,1570.7943037564974,0.0,0.5,stable_raw,placebo,505
skillnet:alfworld-receptacle-finder,all_alfworld,middle,True,-0.0001960911272404458,0.15239547644162346,0.35070040783098566,0.08278906771486573,2.9416888215962578,7.107636767275193,47.27631613787483,0.7462744164992782,262.5576071124429,458.14536102899297,0.11526453198709863,0.024026871838239816,-0.0,1170.5329456251004,1098.285829172156,0.0,1.0,stable_raw,placebo,505
skillnet:alfworld-receptacle-finder,all_alfworld,late,True,5.429273543604156e-05,0.20057476440608163,0.4061116974342011,0.09292198696753474,3.05265600000109,7.280763820239476,48.333279391697474,0.7449764505028724,279.5346206234587,508.14639648619595,0.11594046806635666,0.02257289396482095,-0.0,1319.3350807369334,1195.3041841990107,0.0,0.1,stable_raw,placebo,505
skillnet:alfworld-receptacle-navigator,all_alfworld,all,True,-3.065307946752371e-05,0.30879586855242086,0.5094109372747427,0.22889471983264642,3.003628412882487,7.624956448872884,54.66160329182943,0.7230577270189921,340.3874638349526,605.2239840539513,0.02064369176909569,0.004166530998672867,-0.0,1453.793947825794,1534.2576069592214,0.0,0.0,stable_raw,placebo,505
skillnet:alfworld-receptacle-navigator,all_alfworld,initial,False,,,,,,,,,,,,,,,,0.0,,stable_raw,placebo,505
skillnet:alfworld-receptacle-navigator,all_alfworld,early,True,-3.065307946752371e-05,0.30879586855242086,0.5094109372747427,0.22889471983264642,3.003628412882487,7.624956448872884,54.66160329182943,0.7230577270189921,340.3874638349526,605.2239840539513,0.02064369176909569,0.004166530998672867,-0.0,1453.793947825794,1534.2576069592214,0.0,0.0,stable_raw,placebo,505
skillnet:alfworld-receptacle-navigator,all_alfworld,middle,False,,,,,,,,,,,,,,,,0.0,,stable_raw,placebo,505
skillnet:alfworld-receptacle-navigator,all_alfworld,late,False,,,,,,,,,,,,,,,,0.0,,stable_raw,placebo,505
skillnet:alfworld-receptacle-opener,all_alfworld,all,False,,,,,,,,,,,,,-0.0,,,0.0,-0.0625,stable_raw,placebo,505
skillnet:alfworld-receptacle-opener,all_alfworld,initial,False,,,,,,,,,,,,,,,,0.0,,stable_raw,placebo,505
skillnet:alfworld-receptacle-opener,all_alfworld,early,False,,,,,,,,,,,,,-0.0,,,0.0,-0.5,stable_raw,placebo,505
skillnet:alfworld-receptacle-opener,all_alfworld,middle,False,,,,,,,,,,,,,-0.0,,,0.0,0.0,stable_raw,placebo,505
skillnet:alfworld-receptacle-opener,all_alfworld,late,False,,,,,,,,,,,,,-0.0,,,0.0,0.0,stable_raw,placebo,505
skillnet:alfworld-receptacle-operator,all_alfworld,all,False,,,,,,,,,,,,,-0.14285714285714285,,,0.0,-0.14285714285714285,stable_raw,placebo,505
skillnet:alfworld-receptacle-operator,all_alfworld,initial,False,,,,,,,,,,,,,,,,0.0,,stable_raw,placebo,505
skillnet:alfworld-receptacle-operator,all_alfworld,early,False,,,,,,,,,,,,,-0.0,,,0.0,-0.5,stable_raw,placebo,505
skillnet:alfworld-receptacle-operator,all_alfworld,middle,False,,,,,,,,,,,,,-0.3333333333333333,,,0.0,0.0,stable_raw,placebo,505
skillnet:alfworld-receptacle-operator,all_alfworld,late,False,,,,,,,,,,,,,-0.0,,,0.0,0.0,stable_raw,placebo,505
skillnet:alfworld-receptacle-searcher,all_alfworld,all,False,,,,,,,,,,,,,-0.0,,,0.0,-0.25,stable_raw,placebo,505
skillnet:alfworld-receptacle-searcher,all_alfworld,initial,False,,,,,,,,,,,,,-0.0,,,0.0,-0.25,stable_raw,placebo,505
skillnet:alfworld-receptacle-searcher,all_alfworld,early,False,,,,,,,,,,,,,,,,0.0,,stable_raw,placebo,505
skillnet:alfworld-receptacle-searcher,all_alfworld,middle,False,,,,,,,,,,,,,,,,0.0,,stable_raw,placebo,505
skillnet:alfworld-receptacle-searcher,all_alfworld,late,False,,,,,,,,,,,,,,,,0.0,,stable_raw,placebo,505
skillnet:alfworld-storage-explorer,all_alfworld,all,True,-1.1469884923718916e-05,0.07490148125156763,0.11639250810765392,0.022928174182637272,2.780886556203161,6.98965296411143,47.15186461299094,0.636615362395434,292.5795046763051,634.5312992493567,0.07033304969299961,0.014913446583216807,0.045454545454545456,1678.1885859965398,1713.6640963705768,0.0,-0.045454545454545456,stable_raw,placebo,505
skillnet:alfworld-storage-explorer,all_alfworld,initial,True,-8.176958181174029e-05,0.01713954600979284,0.07914033532697608,-0.007665424176776168,2.5672996193170547,7.178758814930916,55.74638593196869,0.6351141929626465,338.02657700967484,562.3348042276103,0.050093444808742796,0.008261221140270343,-0.0,1649.8321599608848,1769.876959598528,0.0,-0.043478260869565216,stable_raw,placebo,505
skillnet:alfworld-storage-explorer,all_alfworld,early,True,-2.5791374743600823e-05,0.18196819278733894,0.2502964657686356,0.11285985134288096,2.6008002599080404,6.570199468400744,44.46008512708876,0.614396956231859,276.05308157019164,586.0003046993066,0.10020933952462915,0.016557293446471034,0.1111111111111111,1807.7512117458607,1662.071383994144,0.0,-0.05555555555555555,stable_raw,placebo,505
skillnet:alfworld-storage-explorer,all_alfworld,middle,True,-5.5801936164018105e-06,0.09081875052717314,0.1390223379964168,0.02651147816148018,2.8392804766243156,7.138809897682884,47.3562116839669,0.6410936371169307,294.77492221605144,644.4270483485885,0.0686796952620961,0.015187058386830505,-0.0,1637.7192646278797,1678.5833214848092,0.0,0.0,stable_raw,placebo,505
skillnet:alfworld-storage-explorer,all_alfworld,late,True,-7.859355023359056e-06,0.05718248954778223,0.09179209054324476,0.01012853323475492,2.8021265206836823,6.998717534958622,47.037505855972874,0.6387110655994066,292.22746307492736,642.0398628855418,0.06739760716469964,0.0149009880530456,-0.0,1672.6213466636248,1729.0538561141368,0.0,0.0,stable_raw,placebo,505
skillnet:alfworld-temperature-regulator,all_alfworld,all,False,,,,,,,,,,,,,-0.0,,,0.0,-0.08333333333333333,stable_raw,placebo,505
skillnet:alfworld-temperature-regulator,all_alfworld,initial,False,,,,,,,,,,,,,,,,0.0,,stable_raw,placebo,505
skillnet:alfworld-temperature-regulator,all_alfworld,early,False,,,,,,,,,,,,,,,,0.0,,stable_raw,placebo,505
skillnet:alfworld-temperature-regulator,all_alfworld,middle,False,,,,,,,,,,,,,-0.0,,,0.0,-0.25,stable_raw,placebo,505
skillnet:alfworld-temperature-regulator,all_alfworld,late,False,,,,,,,,,,,,,-0.0,,,0.0,0.0,stable_raw,placebo,505
skillnet:alfworld-tool-locator,all_alfworld,all,True,1.1092847768888642e-05,0.21204118651823664,0.5331864654784411,0.1046488887680932,3.0560204684734344,6.906029462814331,54.986557960510254,0.7868360131978989,338.5534405884664,683.7568248670517,0.03545755592934128,0.00423888402205301,0.25,1633.451023447243,1734.5809469504475,0.0,0.125,stable_raw,placebo,505
skillnet:alfworld-tool-locator,all_alfworld,initial,True,1.1092847768888642e-05,0.21204118651823664,0.5331864654784411,0.1046488887680932,3.0560204684734344,6.906029462814331,54.986557960510254,0.7868360131978989,338.5534405884664,683.7568248670517,0.03545755592934128,0.00423888402205301,,1633.451023447243,1734.5809469504475,0.0,,stable_raw,placebo,505
skillnet:alfworld-tool-locator,all_alfworld,early,False,,,,,,,,,,,,,0.25,,,0.0,0.125,stable_raw,placebo,505
skillnet:alfworld-tool-locator,all_alfworld,middle,False,,,,,,,,,,,,,,,,0.0,,stable_raw,placebo,505
skillnet:alfworld-tool-locator,all_alfworld,late,False,,,,,,,,,,,,,,,,0.0,,stable_raw,placebo,505
skillnet:alfworld-appliance-navigator,all_alfworld,all,True,0.0005720980149363599,0.18563246810971193,0.2810779436840581,0.009876638326378296,2.678423470150341,6.15221512187611,41.58691803672097,0.6244705362753434,258.7703085118786,513.3361049041416,0.04381169884122208,0.008939258061102462,0.016129032258064516,1640.2874659366842,1493.4846894897591,0.0,0.07258064516129033,stable_centered_gate,placebo,505
skillnet:alfworld-appliance-navigator,all_alfworld,initial,True,0.0002567044338591536,0.1079352916572632,0.265070995382653,-0.055074984876536365,2.501648461818695,5.727211105823517,41.11154975891113,0.6323306575417519,254.2457664641353,486.0003543153993,0.06486373810278956,0.008939433681832441,0.023809523809523808,1472.704508689616,1518.3591230929392,0.0,0.09523809523809523,stable_centered_gate,placebo,505
skillnet:alfworld-appliance-navigator,all_alfworld,early,True,0.00039678384251895656,0.16153005415678934,0.26438243613992135,-0.0005527619395559914,2.5777538603002377,6.1011872464960275,41.95186021978205,0.5856249993497675,257.6784061727031,499.57957619487826,0.03521309589573603,0.006586158522630486,-0.0,1645.8433272808522,1451.675483367986,0.0,0.0625,stable_centered_gate,placebo,505
skillnet:alfworld-appliance-navigator,all_alfworld,middle,True,0.00012771925306954732,0.11362941054057565,0.16404130244746676,-0.016477394619836678,2.7814011573791504,6.190935509545462,40.39808536711193,0.639127981095087,252.14173446518362,508.1000521001519,0.03944161454417703,0.008649554413570558,-0.0,1696.8880329220742,1520.2512162367707,0.0,0.0,stable_centered_gate,placebo,505
skillnet:alfworld-appliance-navigator,all_alfworld,late,True,0.000866228522213605,0.2383517591618334,0.330086993889285,0.039046714216618164,2.7384435137112937,6.283957422643468,41.94107661039933,0.6332131956798442,262.51936104413403,527.3339288636049,0.043261551023031655,0.009950122285125408,-0.0,1661.9740731529118,1494.6590381315314,0.0,0.0,stable_centered_gate,placebo,505
skillnet:alfworld-appliance-preparer,all_alfworld,all,True,0.0015328429441310342,0.4285487209813127,0.5310724597759546,0.2808974019284394,2.9472233113788424,6.606919447580974,50.74432209559849,0.7612770199775696,313.5685037043623,594.7086527045998,0.020736329675947053,0.004495235382222651,-0.0,1817.696538130185,1693.8118549203828,0.0,0.0,stable_centered_gate,placebo,505
skillnet:alfworld-appliance-preparer,all_alfworld,initial,False,,,,,,,,,,,,,,,,0.0,,stable_centered_gate,placebo,505
skillnet:alfworld-appliance-preparer,all_alfworld,early,True,0.002486154365971231,0.5980659274619314,0.5980659274619314,0.2671593997106972,2.963517904281616,6.077518939971924,49.90621566772461,0.7868549227714539,309.12730592374567,673.3679219959236,0.0031500605998695183,0.0010243408709973768,,1953.8713474531767,1696.3320617350912,0.0,,stable_centered_gate,placebo,505
skillnet:alfworld-appliance-preparer,all_alfworld,middle,True,0.002131471748932096,0.4452058909590673,0.47066779387146623,0.1938105133919464,2.964020073413849,6.5414570569992065,50.75166034698486,0.781180739402771,313.82829021009013,595.5917607568505,0.006154084788269503,0.0014382986059457178,-0.0,1853.6641978956031,1706.5541172947408,0.0,0.0,stable_centered_gate,placebo,505
skillnet:alfworld-appliance-preparer,all_alfworld,late,True,0.0012526607950285075,0.4023560239545726,0.538349381861396,0.30558246644851267,2.9405715624491373,6.694962819417317,50.854112752278645,0.752558974424998,314.0715210050394,584.3563498580477,0.02683632347488972,0.005746240260464861,-0.0,1790.7117983959768,1690.1343908457063,0.0,0.0,stable_centered_gate,placebo,505
skillnet:alfworld-clean-object,all_alfworld,all,True,0.00014067131390468394,0.17915505219906178,0.3849939495397133,0.03906271035592085,3.5071106903581,8.18267913103867,53.29272267963487,0.8313517170374778,329.6772310862373,647.084328563757,0.07906419070002069,0.0169179571661953,0.10810810810810811,1560.882479412927,1489.4937776585389,0.0,0.04054054054054054,stable_centered_gate,placebo,505
skillnet:alfworld-clean-object,all_alfworld,initial,True,0.0008639288639703013,0.03242686169068624,0.14921134410643763,-0.0887037288099455,3.2462493926286697,7.438240319490433,54.62374782562256,0.8614341169595718,339.8435090932397,653.2653375827243,0.05113616042620714,0.010499279583294387,0.28,1463.2774404673835,1698.9088245553032,0.0,0.08,stable_centered_gate,placebo,505
skillnet:alfworld-clean-object,all_alfworld,early,True,0.0002428751576610304,0.13943549410281136,0.32189895972120314,0.011069404116484771,3.424280302024182,8.068534321255154,53.70491079636562,0.8283789069564255,337.3329489100214,676.515286510497,0.09365783339353091,0.018079447983299114,-0.2222222222222222,1602.4093793149993,1485.477714283853,0.0,-0.16666666666666666,stable_centered_gate,placebo,505
skillnet:alfworld-clean-object,all_alfworld,middle,True,6.645234174483784e-05,0.15897387076654254,0.3233637811119967,0.049978827815989106,3.451587488386366,7.9378507444593644,52.21639499240452,0.8266162758403354,311.5985989760894,608.9324875023458,0.07859353136579211,0.016997284776222782,-0.0,1482.0910778066857,1378.1385544566926,0.0,1.0,stable_centered_gate,placebo,505
skillnet:alfworld-clean-object,all_alfworld,late,True,0.00014315394872985968,0.1956814967374359,0.42359129696624565,0.040786722123242275,3.545120060540796,8.30665171243311,53.59758461432728,0.8326931048214921,336.0076387323329,659.1003612088283,0.07802170565691544,0.016876351883289904,-0.5,1590.4852815358204,1531.780063070036,0.0,0.0,stable_centered_gate,placebo,505
skillnet:alfworld-device-operator,all_alfworld,all,True,0.0007580431453915261,0.21656725020569048,0.3679335706438219,0.14152175114604545,2.8931459983777716,6.536693443208051,45.59708045079158,0.7692525181809121,280.83256203528015,531.0330896831396,0.06429421796405013,0.012939053943325106,-0.0,1577.2536297428994,1452.9436039840396,0.0,0.0847457627118644,stable_centered_gate,placebo,505
skillnet:alfworld-device-operator,all_alfworld,initial,True,0.0,0.0,0.0,-0.0,2.7872252762317657,6.365357220172882,48.402498722076416,0.8104362338781357,292.9354754362031,437.80715967405905,0.23979215955811448,0.022041496074958554,-0.09090909090909091,1559.458729345717,1565.936608354804,0.0,0.1590909090909091,stable_centered_gate,placebo,505
skillnet:alfworld-device-operator,all_alfworld,early,True,0.00038935902793922573,0.15484440306022615,0.2704866297715157,0.1098905301411803,2.801873165884136,6.538103427416012,45.15597581274716,0.7304530011283027,281.828253924794,534.8849945344334,0.07984036505781947,0.01513734362272317,-0.0,1592.8671096911605,1467.1901519631058,0.0,0.05555555555555555,stable_centered_gate,placebo,505
skillnet:alfworld-device-operator,all_alfworld,middle,True,0.0009090438471428721,0.2461797437513624,0.3910710001736303,0.1719639999991749,2.88548704294058,6.3970430410825285,44.67196749173678,0.7694521949841426,278.48942969314027,532.0927878961799,0.05511799604518133,0.011475790872119253,0.2857142857142857,1669.7173113016358,1518.9350782953925,0.0,0.0,stable_centered_gate,placebo,505
skillnet:alfworld-device-operator,all_alfworld,late,True,0.0007876920506059306,0.2216221321835799,0.3825841249945394,0.14045959386883497,2.913356347209254,6.579168352047776,45.88931417986914,0.7753517154922109,281.12940366156164,531.4274199149223,0.06179550886358454,0.012848816104188143,-0.0,1550.2867018322663,1431.4466832736032,0.0,0.0,stable_centered_gate,placebo,505
skillnet:alfworld-heat-object-with-appliance,all_alfworld,all,True,0.00034050037866773886,0.08508813000178389,0.11916450060858662,0.01977911576695017,2.9254003916701223,6.717618431457102,45.967564977358464,0.7295440719552236,287.7668991200679,535.6561753762812,0.07221593715027402,0.015603617087158544,-0.09375,1547.2982714115649,1503.0792225307532,0.0,0.078125,stable_centered_gate,placebo,505
skillnet:alfworld-heat-object-with-appliance,all_alfworld,initial,False,,,,,,,,,,,,,,,,0.0,,stable_centered_gate,placebo,505
skillnet:alfworld-heat-object-with-appliance,all_alfworld,early,True,0.00034972670162636174,0.02730039609952953,0.02730039609952953,-0.011863666528348655,3.049455428123474,7.121339464187622,48.96694488525391,0.7123809039592743,302.7026832386555,553.866447240699,0.07908665592507858,0.012080703510934165,-0.07692307692307693,1585.6761894225347,1516.4316224775246,0.0,0.11538461538461539,stable_centered_gate,placebo,505
skillnet:alfworld-heat-object-with-appliance,all_alfworld,middle,True,0.00018841672103634685,0.07430591333232033,0.09947888426368644,-0.0021010099824572003,2.972346511661497,6.84590064562284,46.58449443588909,0.7309887872801887,291.39135522181044,548.3951593984001,0.06932458878175161,0.015358246385743896,-0.16666666666666666,1498.4838971748136,1471.217436710766,0.0,0.041666666666666664,stable_centered_gate,placebo,505
skillnet:alfworld-heat-object-with-appliance,all_alfworld,late,True,0.00041644510775976074,0.09319866471977246,0.13333590955945368,0.03224326613139881,2.8971094403948103,6.637592257571821,45.53826016337932,0.7295549962700916,285.24997381610274,528.4092558774469,0.07334742922468357,0.015891184002602046,-0.0,1570.0221118912502,1518.4570549863543,0.0,0.07142857142857142,stable_centered_gate,placebo,505
skillnet:alfworld-inventory-management,all_alfworld,all,True,0.00016015701013728377,0.01194666596117678,0.0816956157584448,-0.18284987970629651,2.763215585188432,6.475313716646329,44.86808865843261,0.7209315049505152,282.69389787302566,523.9862274986631,0.07169405481555771,0.015278960520089672,-0.0,1631.8585675221898,1559.0152264360993,0.0,0.0,stable_centered_gate,placebo,505
skillnet:alfworld-inventory-management,all_alfworld,initial,False,,,,,,,,,,,,,,,,0.0,,stable_centered_gate,placebo,505
skillnet:alfworld-inventory-management,all_alfworld,early,True,-0.00015273322096257994,0.007526816960332787,0.06803205833116573,-0.08329156308662855,2.744827283395303,6.495142910931562,45.21536151782887,0.688781150289484,284.6209749028097,517.1473641725288,0.049805013667444296,0.011078746178523944,-0.0,1733.0234603669219,1641.8347612537996,0.0,0.0,stable_centered_gate,placebo,505
skillnet:alfworld-inventory-management,all_alfworld,middle,True,9.607136052445977e-05,0.008441956751514088,0.08116733201137057,-0.12660003021129312,2.7871732598259333,6.598416251227969,45.815275973365424,0.7133831574803307,288.5685180466517,554.5234179732844,0.07279506425362724,0.015826408185111124,,1613.967629656781,1539.5964490322497,0.0,,stable_centered_gate,placebo,505
skillnet:alfworld-inventory-management,all_alfworld,late,True,0.0002037180613197651,0.013199925780834522,0.08304073826697037,-0.2055104646326563,2.7590541596315346,6.4443399154680385,44.613431597512864,0.7254261525850447,281.08079626133895,517.1005540153383,0.07337105693337283,0.015518254178996651,,1627.2497393347264,1556.413300794897,0.0,,stable_centered_gate,placebo,505
skillnet:alfworld-locate-target-object,all_alfworld,all,True,-1.6000698482431578e-05,0.07492924195951887,0.28347432625350727,-0.2836636037054346,2.724100351333618,6.256645098976467,44.63860901542332,0.7220436852911244,277.92180930476655,475.15554823454386,0.058319544931250154,0.014504758600807093,-0.0,1689.229093469201,1585.1304189981695,0.0,0.0,stable_centered_gate,placebo,505
skillnet:alfworld-locate-target-object,all_alfworld,initial,True,0.001299508377557494,0.07529367873775351,0.28428159621572374,-0.6361659880217018,2.56306529045105,6.064367294311523,41.850215911865234,0.69988614320755,261.33115277505107,409.4943206921269,0.016514413644174192,0.002661645928540105,-0.0,1512.2492390184827,1367.7199757645856,0.0,0.0,stable_centered_gate,placebo,505
skillnet:alfworld-locate-target-object,all_alfworld,early,True,-0.0007294971465040861,0.07473158133403568,0.2830364849180678,-0.09247586983898462,2.8099857171376548,6.359193261464437,46.12575200398763,0.7338610410690307,286.920131490375,510.7684174100921,0.08099351444288458,0.020928141745087493,,1785.2181670695904,1703.0479475316383,0.0,,stable_centered_gate,placebo,505
skillnet:alfworld-locate-target-object,all_alfworld,middle,False,,,,,,,,,,,,,,,,0.0,,stable_centered_gate,placebo,505
skillnet:alfworld-locate-target-object,all_alfworld,late,False,,,,,,,,,,,,,,,,0.0,,stable_centered_gate,placebo,505
skillnet:alfworld-object-cooler,all_alfworld,all,True,0.0,0.0,0.0,-0.0,3.127821902434031,6.7806130250295,45.92014397515191,0.730723939008183,289.7787979587328,518.1777530941212,0.08109697869961972,0.014838445678623587,-0.09523809523809523,1506.086385266941,1546.2816814973237,0.0,0.07142857142857142,stable_centered_gate,placebo,505
skillnet:alfworld-object-cooler,all_alfworld,initial,False,,,,,,,,,,,,,,,,0.0,,stable_centered_gate,placebo,505
skillnet:alfworld-object-cooler,all_alfworld,early,True,0.0,0.0,0.0,-0.0,3.017455577850342,6.6154716809590655,45.9431406656901,0.756074865659078,293.2269646427165,523.3933659295337,0.14771016879420715,0.026113884557472024,-0.2222222222222222,1754.8062263195782,1794.2290959936938,0.0,-0.05555555555555555,stable_centered_gate,placebo,505
skillnet:alfworld-object-cooler,all_alfworld,middle,True,0.0,0.0,0.0,-0.0,2.9054981470108032,6.024527072906494,41.22536659240723,0.7399716377258301,259.9500537293449,500.17535741751885,0.045524745495630944,0.01097718632759985,0.16666666666666666,1632.406083375446,1570.9297938315042,0.0,0.25,stable_centered_gate,placebo,505
skillnet:alfworld-object-cooler,all_alfworld,late,True,0.0,0.0,0.0,-0.0,3.169904454001065,6.901984329881339,46.565320508233434,0.7268258847039322,293.2371461795815,519.9514972593468,0.07897111942366956,0.014203212357994273,-0.16666666666666666,1465.108639652843,1518.3443057250784,0.0,0.08333333333333333,stable_centered_gate,placebo,505
skillnet:alfworld-object-disposer,all_alfworld,all,False,,,,,,,,,,,,,-0.0,,,0.0,0.0,stable_centered_gate,placebo,505
skillnet:alfworld-object-disposer,all_alfworld,initial,False,,,,,,,,,,,,,,,,0.0,,stable_centered_gate,placebo,505
skillnet:alfworld-object-disposer,all_alfworld,early,False,,,,,,,,,,,,,-0.0,,,0.0,0.0,stable_centered_gate,placebo,505
skillnet:alfworld-object-disposer,all_alfworld,middle,False,,,,,,,,,,,,,,,,0.0,,stable_centered_gate,placebo,505
skillnet:alfworld-object-disposer,all_alfworld,late,False,,,,,,,,,,,,,,,,0.0,,stable_centered_gate,placebo,505
skillnet:alfworld-object-heater,all_alfworld,all,True,0.0005438822344562718,0.10145057134202057,0.16911434468115455,0.02543003231336087,3.1479113931241245,6.874884398087211,50.995417885158375,0.8260650375614995,314.287203354145,627.908419095303,0.03597498721048432,0.008208413390668528,0.1111111111111111,1757.7559868824562,1775.9394506966046,0.0,0.0,stable_centered_gate,placebo,505
skillnet:alfworld-object-heater,all_alfworld,initial,False,,,,,,,,,,,,,,,,0.0,,stable_centered_gate,placebo,505
skillnet:alfworld-object-heater,all_alfworld,early,True,0.0,0.0,0.0,-0.0,2.9943044185638428,5.9966721534729,48.34312438964844,0.884621262550354,299.3559320381993,651.3608855384438,0.0013436110911142294,0.00034335338563566784,-0.0,1952.4653616828705,1897.3567783412973,0.0,0.0,stable_centered_gate,placebo,505
skillnet:alfworld-object-heater,all_alfworld,middle,True,0.0005101468628909355,0.058332960920833093,0.10504196722723246,-0.06406767999587011,3.1931291818618774,6.986127773920695,52.154144287109375,0.8287432640790939,321.171704302553,651.3287337605822,0.022133392401638197,0.005141903464153523,0.25,1683.5500536321033,1762.300815541777,0.0,0.125,stable_centered_gate,placebo,505
skillnet:alfworld-object-heater,all_alfworld,late,True,0.0006371811746448657,0.16535294623625071,0.2657841924110452,0.1408104517160929,3.1090107440948485,6.829213571548462,49.87017555236817,0.8169955432415008,306.9859604995908,596.1490630274964,0.056681281819222815,0.012813715416991387,-0.0,1833.305825284982,1781.8425526794663,0.0,-0.125,stable_centered_gate,placebo,505
skillnet:alfworld-object-picker,all_alfworld,all,True,0.00012445453545382096,0.05571706951462941,0.1009496099275992,0.06147208087747562,2.6470463053385416,6.194955215454102,40.528455098470054,0.591656105518341,256.0530284968735,478.61176979414716,0.07327629514451718,0.015766116621276603,-0.0,1648.484621145977,1491.236435275697,0.0,0.0,stable_centered_gate,placebo,505
skillnet:alfworld-object-picker,all_alfworld,initial,False,,,,,,,,,,,,,,,,0.0,,stable_centered_gate,placebo,505
skillnet:alfworld-object-picker,all_alfworld,early,True,0.0005908511588724619,0.07746039874855679,0.15045012142303882,0.028670772567787953,2.5513831774393716,5.800919691721599,37.6345796585083,0.5432252536217371,238.0882749675478,469.3693677901758,0.08250381968119644,0.013993268570485995,-0.0,1623.4704088734977,1478.085128112139,0.0,-0.125,stable_centered_gate,placebo,505
skillnet:alfworld-object-picker,all_alfworld,middle,True,-2.29968328730646e-05,0.0,0.005288997567364039,-0.0318060813612839,2.7089279095331826,6.3689733611212835,42.0929446750217,0.6096644103527069,267.4483880360707,490.2568132849801,0.07309650393725028,0.016517265976037986,-0.0,1604.6648822462928,1479.4072119687612,0.0,0.5,stable_centered_gate,placebo,505
skillnet:alfworld-object-picker,all_alfworld,late,True,4.4205645282639e-05,0.07154799543450618,0.12449413899549591,0.10864940973114284,2.6478038311004637,6.230424096849229,40.67435938517253,0.5973676774236891,256.85366052302237,476.7065665610822,0.07059163795811711,0.01599475377515045,-0.0,1673.5168124930847,1499.9055127659792,0.0,0.0,stable_centered_gate,placebo,505
skillnet:alfworld-object-placer,all_alfworld,all,True,0.0005651087360447588,0.21204660382089374,0.42299201563998867,0.21002899129206737,2.8228384118900407,6.587404409743888,41.894768193899345,0.6511358297614835,263.87985062246827,488.5514381805436,0.08092766114927451,0.016325465671086933,0.2608695652173913,1566.6460792466194,1484.6396744498002,0.0,0.06521739130434782,stable_centered_gate,placebo,505
skillnet:alfworld-object-placer,all_alfworld,initial,False,,,,,,,,,,,,,0.6666666666666666,,,0.0,-0.16666666666666666,stable_centered_gate,placebo,505
skillnet:alfworld-object-placer,all_alfworld,early,True,0.00019120327651134464,0.12052967902360208,0.23698933280246276,0.018302794397165676,2.9608333612743176,6.586009176153886,41.606013649388366,0.644369944145805,262.2983739799594,489.3314625418082,0.04967907070169223,0.008227132732350732,0.25,1525.6171304737452,1456.3804811619125,0.0,0.125,stable_centered_gate,placebo,505
skillnet:alfworld-object-placer,all_alfworld,middle,True,0.0003747379057419944,0.17684794355476852,0.38418973479286445,0.10994378505057052,2.842682224805238,6.726586146432846,42.60720412457576,0.6468047763480514,268.30716554800114,511.0724515793812,0.08871385552860132,0.016994568117600677,0.3,1542.8947796925888,1472.9249979637086,0.0,0.05,stable_centered_gate,placebo,505
skillnet:alfworld-object-placer,all_alfworld,late,True,0.0006457505076355065,0.22813630186990727,0.44521385030430305,0.25216988525108813,2.809841377833455,6.543709403460788,41.68489487638178,0.6528289749757531,262.54593809829106,481.30106150295666,0.08008172295511333,0.016537988096595267,-0.0,1576.4110517587467,1489.8787096851631,0.0,0.16666666666666666,stable_centered_gate,placebo,505
skillnet:alfworld-object-retriever,all_alfworld,all,True,0.0005532524108513915,0.26134786792424236,0.39326953621162763,0.2920070314492253,2.7584636324927923,6.615958781469436,43.82958421253023,0.6024884269351051,272.87118125559084,437.9042466635338,0.07922646949346826,0.017800135032547314,0.06666666666666667,1731.8534944568098,1589.9225896686132,0.0,0.03333333333333333,stable_centered_gate,placebo,505
skillnet:alfworld-object-retriever,all_alfworld,initial,False,,,,,,,,,,,,,-0.0,,,0.0,0.0,stable_centered_gate,placebo,505
skillnet:alfworld-object-retriever,all_alfworld,early,True,0.0005910326126647057,0.2360613841563102,0.346282446972567,0.2720191510760284,2.791644901037216,6.674160480499268,44.45676040649414,0.5862111300230026,275.77907050674656,443.4268828916073,0.0697689399340036,0.01603899142696239,0.07692307692307693,1723.3493469595633,1561.6834952851943,0.0,0.038461538461538464,stable_centered_gate,placebo,505
skillnet:alfworld-object-retriever,all_alfworld,middle,True,-0.000274002281110665,0.4012514052924951,0.6732591261059945,0.4184193784656732,2.693047046661377,6.252080202102661,40.55088424682617,0.6598502695560455,254.76198198867465,426.18086255813887,0.07290742821827154,0.015786517499509916,,1775.0661788921432,1661.6121655604002,0.0,,stable_centered_gate,placebo,505
skillnet:alfworld-object-retriever,all_alfworld,late,True,0.0008530880266312244,0.3153016011815572,0.48120443667758434,0.32491692458296295,2.625107924143473,6.548135439554851,42.67044448852539,0.6510594487190247,267.91007110575356,414.53172854213875,0.13549527399216274,0.028793310406886794,,1752.3609670967394,1702.2070657049103,0.0,,stable_centered_gate,placebo,505
skillnet:alfworld-object-state-inspector,all_alfworld,all,True,0.00031914957290842623,0.08958584351906496,0.2033804921095362,-0.030312400721068927,2.977777282396952,6.6858684293073205,45.20278695092272,0.7635361915500603,281.6390847619451,536.7514173578267,0.11396860513530584,0.02469363648380925,0.1111111111111111,1470.7276979420685,1546.0532875760389,0.0,0.19444444444444445,stable_centered_gate,placebo,505
skillnet:alfworld-object-state-inspector,all_alfworld,initial,True,0.0,0.0,0.0,-0.0,2.7412891685962677,6.540893614292145,52.476584911346436,0.7653114572167397,323.68045342358874,597.319159080534,0.06605627150673675,0.014219524841199233,-0.0,1118.8309398565932,1296.2749847096597,0.0,-0.05,stable_centered_gate,placebo,505
skillnet:alfworld-object-state-inspector,all_alfworld,early,True,0.0004746729690592926,0.08923301865777405,0.20584003899143055,-0.09468091142236283,2.828669238658178,6.697416515577407,45.22111590703329,0.7256797573396138,264.83256033149195,489.5479830496566,0.10666298933398695,0.023127597636243245,0.2857142857142857,1308.8600190477957,1330.9427810610423,0.0,0.5714285714285714,stable_centered_gate,placebo,505
skillnet:alfworld-object-state-inspector,all_alfworld,middle,True,0.00038083355700497395,0.08787960220384654,0.21286761453738368,-0.09851553357839236,3.0050716827745023,6.770892747070478,46.03071293623551,0.7689948438302331,289.55681225705735,551.29613993325,0.11310748088554631,0.023458981246007996,-0.0,1505.2000623973556,1561.3869291492472,0.0,0.0,stable_centered_gate,placebo,505
skillnet:alfworld-object-state-inspector,all_alfworld,late,True,0.00027093152412369434,0.09151450349917786,0.20244482148891527,0.005962669445997729,2.99557048488747,6.656598135377422,44.801142259077594,0.7676296505061063,281.65672853394943,540.2949420905211,0.11641000334552902,0.025586094279604128,,1496.1393266420423,1587.3827451046448,0.0,,stable_centered_gate,placebo,505
skillnet:alfworld-object-storer,all_alfworld,all,True,0.0007429006666547749,0.3923475601489456,0.6380274720409747,0.4890725894859433,2.7241811752319336,5.748579025268555,40.43119812011719,0.7073347568511963,249.94864432300906,401.2447467308929,0.049725048807854874,0.008534962750631219,0.05555555555555555,1588.9543848108262,1485.4988552003674,0.0,0.05555555555555555,stable_centered_gate,placebo,505
skillnet:alfworld-object-storer,all_alfworld,initial,False,,,,,,,,,,,,,,,,0.0,,stable_centered_gate,placebo,505
skillnet:alfworld-object-storer,all_alfworld,early,False,,,,,,,,,,,,,0.125,,,0.0,0.125,stable_centered_gate,placebo,505
skillnet:alfworld-object-storer,all_alfworld,middle,False,,,,,,,,,,,,,-0.0,,,0.0,0.0,stable_centered_gate,placebo,505
skillnet:alfworld-object-storer,all_alfworld,late,True,0.0007429006666547749,0.3923475601489456,0.6380274720409747,0.4890725894859433,2.7241811752319336,5.748579025268555,40.43119812011719,0.7073347568511963,249.94864432300906,401.2447467308929,0.049725048807854874,0.008534962750631219,-0.0,1588.9543848108262,1485.4988552003674,0.0,0.0,stable_centered_gate,placebo,505
skillnet:alfworld-object-transporter,all_alfworld,all,True,0.0008555320186242454,0.2553120889622476,0.4267737628496295,0.08091923254779916,3.001473898839469,7.037579873595575,45.21053125400736,0.7559329205089145,282.7946421286849,546.5951527736934,0.09391797852237042,0.01859036846151531,-0.0,1612.2702592282144,1535.2458173229336,0.0,0.0,stable_centered_gate,placebo,505
skillnet:alfworld-object-transporter,all_alfworld,initial,False,,,,,,,,,,,,,,,,0.0,,stable_centered_gate,placebo,505
skillnet:alfworld-object-transporter,all_alfworld,early,False,,,,,,,,,,,,,,,,0.0,,stable_centered_gate,placebo,505
skillnet:alfworld-object-transporter,all_alfworld,middle,True,0.0007736506172190227,0.1760339683418318,0.2996371286444066,-0.004320598871753243,3.009171133456023,7.101307951885721,46.4515845257303,0.7524468173151431,289.7992683839177,574.3005383843495,0.082944550784808,0.017657950190672008,,1470.8088324879955,1493.5027289401971,0.0,,stable_centered_gate,placebo,505
skillnet:alfworld-object-transporter,all_alfworld,late,True,0.0008811938186522741,0.28015801542472846,0.46661864614693643,0.10763357146691661,2.9991444725739327,7.0182937446393465,44.83494934282805,0.756987925422819,280.5993778177666,537.9122277988073,0.09735707340094671,0.018882590270109502,-0.0,1656.6045620416435,1548.3281872903067,0.0,0.0,stable_centered_gate,placebo,505
skillnet:alfworld-receptacle-closer,all_alfworld,all,False,,,,,,,,,,,,,0.2,,,0.0,-0.2,stable_centered_gate,placebo,505
skillnet:alfworld-receptacle-closer,all_alfworld,initial,False,,,,,,,,,,,,,,,,0.0,,stable_centered_gate,placebo,505
skillnet:alfworld-receptacle-closer,all_alfworld,early,False,,,,,,,,,,,,,,,,0.0,,stable_centered_gate,placebo,505
skillnet:alfworld-receptacle-closer,all_alfworld,middle,False,,,,,,,,,,,,,0.25,,,0.0,-0.25,stable_centered_gate,placebo,505
skillnet:alfworld-receptacle-closer,all_alfworld,late,False,,,,,,,,,,,,,-0.0,,,0.0,0.0,stable_centered_gate,placebo,505
skillnet:alfworld-receptacle-finder,all_alfworld,all,True,0.00016095050892894115,0.1788101699814643,0.38522092877910186,0.08285786490850683,3.0000879623029872,7.168101227991113,47.91077982236261,0.744281317001064,273.67665670276705,491.7057735081761,0.11275754042450464,0.022468229057948905,0.1,1280.6906008897552,1175.156925352283,0.0,0.3,stable_centered_gate,placebo,505
skillnet:alfworld-receptacle-finder,all_alfworld,initial,True,0.0008245840311352705,0.08510257843546412,0.5050305966518578,0.01207156464402099,2.735624670982361,6.133511066436768,47.72462177276611,0.7407574504613876,290.1954001058791,485.6746548611881,0.03217968999068401,0.00515596694343429,0.3333333333333333,1578.1698892272118,1604.972629013349,0.0,0.3333333333333333,stable_centered_gate,placebo,505
skillnet:alfworld-receptacle-finder,all_alfworld,early,True,-0.001123285507184266,0.023359098559005188,0.027198721128780478,-0.3481620466407881,2.575862169265747,6.039948463439941,43.07173156738281,0.6760618090629578,267.4472570464811,690.3429154084758,0.03487148232747922,0.005006152702779451,-0.0,2060.6228479955903,1570.7943037564974,0.0,0.5,stable_centered_gate,placebo,505
skillnet:alfworld-receptacle-finder,all_alfworld,middle,True,-0.0002877894470759428,0.15239547644162346,0.35070040783098566,0.08278906771486573,2.9416888215962578,7.107636767275193,47.27631613787483,0.7462744164992782,262.5576071124429,458.14536102899297,0.11526453198709863,0.024026871838239816,-0.0,1170.5329456251004,1098.285829172156,0.0,1.0,stable_centered_gate,placebo,505
skillnet:alfworld-receptacle-finder,all_alfworld,late,True,0.0004144439455235176,0.20057476440608163,0.4061116974342011,0.09292198696753474,3.05265600000109,7.280763820239476,48.333279391697474,0.7449764505028724,279.5346206234587,508.14639648619595,0.11594046806635666,0.02257289396482095,-0.0,1319.3350807369334,1195.3041841990107,0.0,0.1,stable_centered_gate,placebo,505
skillnet:alfworld-receptacle-navigator,all_alfworld,all,True,-0.0012565219075137653,0.30879586855242086,0.5094109372747427,0.22889471983264642,3.003628412882487,7.624956448872884,54.66160329182943,0.7230577270189921,340.3874638349526,605.2239840539513,0.02064369176909569,0.004166530998672867,-0.0,1453.793947825794,1534.2576069592214,0.0,0.0,stable_centered_gate,placebo,505
skillnet:alfworld-receptacle-navigator,all_alfworld,initial,False,,,,,,,,,,,,,,,,0.0,,stable_centered_gate,placebo,505
skillnet:alfworld-receptacle-navigator,all_alfworld,early,True,-0.0012565219075137653,0.30879586855242086,0.5094109372747427,0.22889471983264642,3.003628412882487,7.624956448872884,54.66160329182943,0.7230577270189921,340.3874638349526,605.2239840539513,0.02064369176909569,0.004166530998672867,-0.0,1453.793947825794,1534.2576069592214,0.0,0.0,stable_centered_gate,placebo,505
skillnet:alfworld-receptacle-navigator,all_alfworld,middle,False,,,,,,,,,,,,,,,,0.0,,stable_centered_gate,placebo,505
skillnet:alfworld-receptacle-navigator,all_alfworld,late,False,,,,,,,,,,,,,,,,0.0,,stable_centered_gate,placebo,505
skillnet:alfworld-receptacle-opener,all_alfworld,all,False,,,,,,,,,,,,,-0.0,,,0.0,-0.0625,stable_centered_gate,placebo,505
skillnet:alfworld-receptacle-opener,all_alfworld,initial,False,,,,,,,,,,,,,,,,0.0,,stable_centered_gate,placebo,505
skillnet:alfworld-receptacle-opener,all_alfworld,early,False,,,,,,,,,,,,,-0.0,,,0.0,-0.5,stable_centered_gate,placebo,505
skillnet:alfworld-receptacle-opener,all_alfworld,middle,False,,,,,,,,,,,,,-0.0,,,0.0,0.0,stable_centered_gate,placebo,505
skillnet:alfworld-receptacle-opener,all_alfworld,late,False,,,,,,,,,,,,,-0.0,,,0.0,0.0,stable_centered_gate,placebo,505
skillnet:alfworld-receptacle-operator,all_alfworld,all,False,,,,,,,,,,,,,-0.14285714285714285,,,0.0,-0.14285714285714285,stable_centered_gate,placebo,505
skillnet:alfworld-receptacle-operator,all_alfworld,initial,False,,,,,,,,,,,,,,,,0.0,,stable_centered_gate,placebo,505
skillnet:alfworld-receptacle-operator,all_alfworld,early,False,,,,,,,,,,,,,-0.0,,,0.0,-0.5,stable_centered_gate,placebo,505
skillnet:alfworld-receptacle-operator,all_alfworld,middle,False,,,,,,,,,,,,,-0.3333333333333333,,,0.0,0.0,stable_centered_gate,placebo,505
skillnet:alfworld-receptacle-operator,all_alfworld,late,False,,,,,,,,,,,,,-0.0,,,0.0,0.0,stable_centered_gate,placebo,505
skillnet:alfworld-receptacle-searcher,all_alfworld,all,False,,,,,,,,,,,,,-0.0,,,0.0,-0.25,stable_centered_gate,placebo,505
skillnet:alfworld-receptacle-searcher,all_alfworld,initial,False,,,,,,,,,,,,,-0.0,,,0.0,-0.25,stable_centered_gate,placebo,505
skillnet:alfworld-receptacle-searcher,all_alfworld,early,False,,,,,,,,,,,,,,,,0.0,,stable_centered_gate,placebo,505
skillnet:alfworld-receptacle-searcher,all_alfworld,middle,False,,,,,,,,,,,,,,,,0.0,,stable_centered_gate,placebo,505
skillnet:alfworld-receptacle-searcher,all_alfworld,late,False,,,,,,,,,,,,,,,,0.0,,stable_centered_gate,placebo,505
skillnet:alfworld-storage-explorer,all_alfworld,all,True,0.0003116223204792479,0.07490148125156763,0.11639250810765392,0.022928174182637272,2.780886556203161,6.98965296411143,47.15186461299094,0.636615362395434,292.5795046763051,634.5312992493567,0.07033304969299961,0.014913446583216807,0.045454545454545456,1678.1885859965398,1713.6640963705768,0.0,-0.045454545454545456,stable_centered_gate,placebo,505
skillnet:alfworld-storage-explorer,all_alfworld,initial,True,6.71684140542751e-05,0.01713954600979284,0.07914033532697608,-0.007665424176776168,2.5672996193170547,7.178758814930916,55.74638593196869,0.6351141929626465,338.02657700967484,562.3348042276103,0.050093444808742796,0.008261221140270343,-0.0,1649.8321599608848,1769.876959598528,0.0,-0.043478260869565216,stable_centered_gate,placebo,505
skillnet:alfworld-storage-explorer,all_alfworld,early,True,0.0005577917824403471,0.18196819278733894,0.2502964657686356,0.11285985134288096,2.6008002599080404,6.570199468400744,44.46008512708876,0.614396956231859,276.05308157019164,586.0003046993066,0.10020933952462915,0.016557293446471034,0.1111111111111111,1807.7512117458607,1662.071383994144,0.0,-0.05555555555555555,stable_centered_gate,placebo,505
skillnet:alfworld-storage-explorer,all_alfworld,middle,True,0.00034357927052105564,0.09081875052717314,0.1390223379964168,0.02651147816148018,2.8392804766243156,7.138809897682884,47.3562116839669,0.6410936371169307,294.77492221605144,644.4270483485885,0.0686796952620961,0.015187058386830505,-0.0,1637.7192646278797,1678.5833214848092,0.0,0.0,stable_centered_gate,placebo,505
skillnet:alfworld-storage-explorer,all_alfworld,late,True,0.0002774616709823855,0.05718248954778223,0.09179209054324476,0.01012853323475492,2.8021265206836823,6.998717534958622,47.037505855972874,0.6387110655994066,292.22746307492736,642.0398628855418,0.06739760716469964,0.0149009880530456,-0.0,1672.6213466636248,1729.0538561141368,0.0,0.0,stable_centered_gate,placebo,505
skillnet:alfworld-temperature-regulator,all_alfworld,all,False,,,,,,,,,,,,,-0.0,,,0.0,-0.08333333333333333,stable_centered_gate,placebo,505
skillnet:alfworld-temperature-regulator,all_alfworld,initial,False,,,,,,,,,,,,,,,,0.0,,stable_centered_gate,placebo,505
skillnet:alfworld-temperature-regulator,all_alfworld,early,False,,,,,,,,,,,,,,,,0.0,,stable_centered_gate,placebo,505
skillnet:alfworld-temperature-regulator,all_alfworld,middle,False,,,,,,,,,,,,,-0.0,,,0.0,-0.25,stable_centered_gate,placebo,505
skillnet:alfworld-temperature-regulator,all_alfworld,late,False,,,,,,,,,,,,,-0.0,,,0.0,0.0,stable_centered_gate,placebo,505
skillnet:alfworld-tool-locator,all_alfworld,all,True,0.00036594294573447545,0.21204118651823664,0.5331864654784411,0.1046488887680932,3.0560204684734344,6.906029462814331,54.986557960510254,0.7868360131978989,338.5534405884664,683.7568248670517,0.03545755592934128,0.00423888402205301,0.25,1633.451023447243,1734.5809469504475,0.0,0.125,stable_centered_gate,placebo,505
skillnet:alfworld-tool-locator,all_alfworld,initial,True,0.00036594294573447545,0.21204118651823664,0.5331864654784411,0.1046488887680932,3.0560204684734344,6.906029462814331,54.986557960510254,0.7868360131978989,338.5534405884664,683.7568248670517,0.03545755592934128,0.00423888402205301,,1633.451023447243,1734.5809469504475,0.0,,stable_centered_gate,placebo,505
skillnet:alfworld-tool-locator,all_alfworld,early,False,,,,,,,,,,,,,0.25,,,0.0,0.125,stable_centered_gate,placebo,505
skillnet:alfworld-tool-locator,all_alfworld,middle,False,,,,,,,,,,,,,,,,0.0,,stable_centered_gate,placebo,505
skillnet:alfworld-tool-locator,all_alfworld,late,False,,,,,,,,,,,,,,,,0.0,,stable_centered_gate,placebo,505
skillnet:alfworld-appliance-navigator,all_alfworld,all,True,8.615035317912785e-05,0.13407447561243024,0.2637123816150498,-0.005367793717883511,2.769281282424927,6.234568354866721,41.96636162497781,0.6705727754939687,260.47090440051045,472.955705118441,0.04381169884122208,0.008939258061102462,0.04838709677419355,1543.5000455123413,1493.484689922668,0.0,-0.04032258064516129,legacy_recorded,null,505
skillnet:alfworld-appliance-navigator,all_alfworld,initial,True,3.183787078752165e-05,0.11541296433976504,0.28668128845330904,-0.03023858388143059,2.6889652729034426,6.35944904088974,45.880203819274904,0.6800533726811409,282.8287675836852,555.6021352545629,0.06486373810278956,0.008939433681832441,0.047619047619047616,1448.8271665357045,1518.359123910895,0.0,-0.07142857142857142,legacy_recorded,null,505
skillnet:alfworld-appliance-navigator,all_alfworld,early,True,9.834742009846906e-05,0.12121539508554864,0.25823426928268045,-0.009986892808214765,2.6667990120974454,6.093536177548495,41.48218467018821,0.6320158860900186,255.99392386734152,449.6379418572612,0.03521309589573603,0.006586158522630486,-0.0,1523.2026270671176,1451.675483845801,0.0,0.0,legacy_recorded,null,505
skillnet:alfworld-appliance-navigator,all_alfworld,middle,True,4.6626060361828834e-05,0.08503003045599182,0.1581254221236438,-0.01280396960667956,2.864155877204168,6.2393209139506025,40.474497568039666,0.6854690582979293,251.6558619941518,438.61090900934227,0.03944161454417703,0.008649554413570558,-0.0,1608.4198330908785,1520.2512166498661,0.0,0.0,legacy_recorded,null,505
skillnet:alfworld-appliance-navigator,all_alfworld,late,True,0.00010814815744187878,0.15992112185210117,0.29472161992313595,0.0051727739761816115,2.8045307916143667,6.253133100012074,41.47892927086872,0.6786580012328383,259.44665104846865,472.38174352108194,0.043261551023031655,0.009950122285125408,0.16666666666666666,1554.04638546483,1494.659038455946,0.0,0.08333333333333333,legacy_recorded,null,505
skillnet:alfworld-appliance-preparer,all_alfworld,all,True,4.951945387822048e-05,0.26606835894417774,0.3974089424029801,0.1289245201881501,3.061484007608323,6.738828318459647,50.40604545956566,0.8097673257191976,311.7758722562173,576.8948654513072,0.020736329675947053,0.004495235382222651,-0.0,1662.009092635531,1693.811855242821,0.0,0.0,legacy_recorded,null,505
skillnet:alfworld-appliance-preparer,all_alfworld,initial,False,,,,,,,,,,,,,,,,0.0,,legacy_recorded,null,505
skillnet:alfworld-appliance-preparer,all_alfworld,early,True,0.0004719473469017705,0.3453280957118767,0.3464491332380042,0.12250238517258148,3.1424827575683594,6.111433506011963,48.695003509521484,0.8371415734291077,301.27394518642365,592.0454160504548,0.0031500605998695183,0.0010243408709973768,,1782.1690751824688,1696.332062397925,0.0,,legacy_recorded,null,505
skillnet:alfworld-appliance-preparer,all_alfworld,middle,True,0.0002569223461482615,0.2504528674609336,0.2996589721448161,0.01556967700091162,3.170167326927185,6.894641280174255,51.88607120513916,0.8294336497783661,320.69867258700316,595.5963028923261,0.006154084788269503,0.0014382986059457178,-0.0,1676.731547094125,1706.5541176828872,0.0,0.0,legacy_recorded,null,505
skillnet:alfworld-appliance-preparer,all_alfworld,late,True,-5.9407702839147615e-05,0.2599805396918772,0.4296888515447745,0.1595809816721749,3.021701955795288,6.780930836995442,50.23951085408529,0.800873072942098,310.778892026101,570.024240901441,0.02683632347488972,0.005746240260464861,-0.0,1642.6755834737216,1690.1343911070594,0.0,0.0,legacy_recorded,null,505
skillnet:alfworld-clean-object,all_alfworld,all,True,5.684774334745833e-07,0.13583258977936905,0.3968502439959957,0.02287094479383426,3.5912177944386907,8.25482764595219,53.544662976341286,0.8878698124129846,329.964672912759,629.242722356442,0.07906419070002069,0.0169179571661953,0.10810810810810811,1442.0708537407484,1489.4937781374135,0.0,0.14864864864864866,legacy_recorded,null,505
skillnet:alfworld-clean-object,all_alfworld,initial,True,0.00011305937161115866,0.018752762043720905,0.13816428203771886,-0.1648902820320314,3.380250006914139,7.747583657503128,57.21107769012451,0.9093624241650105,353.06823146873677,749.6083745077361,0.05113616042620714,0.010499279583294387,0.28,1317.126309012009,1698.9088252140534,0.0,0.14,legacy_recorded,null,505
skillnet:alfworld-clean-object,all_alfworld,early,True,2.6925614916367402e-05,0.09637338359372406,0.29351618268345414,-0.0309945404693235,3.4954679718724004,8.156279022310986,54.01088356677397,0.8852455100895446,337.86461677255653,655.2058787744571,0.09365783339353091,0.018079447983299114,-0.2222222222222222,1407.3617343303724,1485.4777148032704,0.0,0.1111111111111111,legacy_recorded,null,505
skillnet:alfworld-clean-object,all_alfworld,middle,True,5.479702666992591e-06,0.1280729118531167,0.33513221202922716,0.05470743618589743,3.5366152911716036,8.075003515879313,52.643844468858504,0.8833953898482853,312.4166809747543,593.8728757523044,0.07859353136579211,0.016997284776222782,-0.0,1361.9393195031112,1378.1385548577894,0.0,1.0,legacy_recorded,null,505
skillnet:alfworld-clean-object,all_alfworld,late,True,-7.198542558653301e-06,0.14653008155196945,0.44103809978519537,0.020443505834633207,3.629293865110816,8.346793128222954,53.717439660793396,0.8892932787174131,335.76671788044166,638.0930468873922,0.07802170565691544,0.016876351883289904,-0.5,1482.409059223456,1531.7800635722717,0.0,0.0,legacy_recorded,null,505
skillnet:alfworld-device-operator,all_alfworld,all,True,-6.901980993511588e-05,0.16854629252754996,0.3693129102633637,0.09608721721721544,3.046060251237373,6.733098722068516,46.97131123063127,0.8244015946984291,286.51678416853855,515.3462476554997,0.06429421796405013,0.012939053943325106,0.03389830508474576,1459.3138140582505,1452.9436043593544,0.0,0.1016949152542373,legacy_recorded,null,505
skillnet:alfworld-device-operator,all_alfworld,initial,True,0.0,0.0,0.0,-0.0,2.912476897239685,7.261175692081451,54.20633840560913,0.8637811243534088,324.81034161264796,518.6519078616366,0.23979215955811448,0.022041496074958554,-0.09090909090909091,1506.1646353446456,1565.9366088281588,0.0,0.09090909090909091,legacy_recorded,null,505
skillnet:alfworld-device-operator,all_alfworld,early,True,-6.551627248882994e-05,0.1326706410074942,0.2824450988891394,0.08377099082011263,2.9519741711793124,6.74721657788312,46.70597641556351,0.7863437032993928,289.314512278325,510.99129314162565,0.07984036505781947,0.01513734362272317,0.07407407407407407,1470.1771768986073,1467.1901524258958,0.0,0.1111111111111111,legacy_recorded,null,505
skillnet:alfworld-device-operator,all_alfworld,middle,True,-9.672960885537721e-05,0.18017605030842987,0.3841292572646934,0.09571841183833112,3.048322343826294,6.6215875515571,46.27530247614934,0.8252260872950921,285.99628516950355,512.78854486884,0.05511799604518133,0.011475790872119253,0.2857142857142857,1533.5276579152376,1518.9350786650423,0.0,0.14285714285714285,legacy_recorded,null,505
skillnet:alfworld-device-operator,all_alfworld,late,True,-6.31440978495201e-05,0.17356964172347353,0.3845001278480326,0.09950902593374795,3.064431295614013,6.7530730986229965,47.08967674639345,0.8302231897280044,285.67158966662254,516.6853582593612,0.06179550886358454,0.012848816104188143,-0.0,1437.0870175478244,1431.4466836349661,0.0,0.0,legacy_recorded,null,505
skillnet:alfworld-heat-object-with-appliance,all_alfworld,all,True,1.8429938162275387e-06,0.06404553894505229,0.10512138943848842,0.002215549692676703,3.0541291622266376,6.938990299015829,46.42299651054487,0.7834926312916899,288.88146333015516,535.6175188210349,0.07221593715027402,0.015603617087158544,-0.1875,1464.4934052045624,1503.079222948322,0.0,0.109375,legacy_recorded,null,505
skillnet:alfworld-heat-object-with-appliance,all_alfworld,initial,False,,,,,,,,,,,,,,,,0.0,,legacy_recorded,null,505
skillnet:alfworld-heat-object-with-appliance,all_alfworld,early,True,5.412034142676293e-05,0.02157347996819146,0.02157347996819146,-0.03038650871489167,3.153725743293762,7.475777053833008,49.71075439453125,0.7698373615741729,304.47398571172573,553.643179864105,0.07908665592507858,0.012080703510934165,-0.15384615384615385,1444.9232176653272,1516.4316227355346,0.0,0.15384615384615385,legacy_recorded,null,505
skillnet:alfworld-heat-object-with-appliance,all_alfworld,middle,True,-1.6417130893558713e-05,0.05175588867436735,0.0867113463529854,-0.008650909193423402,3.0904821371420836,7.062686471857576,47.00149441580487,0.7881810675319444,292.0151193713382,548.9698355156066,0.06932458878175161,0.015358246385743896,-0.3333333333333333,1416.2941036725358,1471.2174371591295,0.0,0.041666666666666664,legacy_recorded,null,505
skillnet:alfworld-heat-object-with-appliance,all_alfworld,late,True,8.5743386003626e-06,0.07219861841334624,0.11826426596329156,0.009193479171709968,3.03207343165614,6.855627610903828,46.00046779728737,0.7817615626238975,286.58037687902436,528.0712008894411,0.07334742922468357,0.015891184002602046,-0.0,1489.6116386424824,1518.457055395902,0.0,0.14285714285714285,legacy_recorded,null,505
skillnet:alfworld-inventory-management,all_alfworld,all,True,0.0003637702104395242,0.03544057118755985,0.1502975279403318,-0.02946323817811404,2.872859136522532,6.602468116819143,45.20456794359263,0.7457428935461552,283.44766668081456,545.6875952444523,0.07169405481555771,0.015278960520089672,-0.0,1472.2784190765817,1559.0152267391284,0.0,0.0,legacy_recorded,null,505
skillnet:alfworld-inventory-management,all_alfworld,initial,False,,,,,,,,,,,,,,,,0.0,,legacy_recorded,null,505
skillnet:alfworld-inventory-management,all_alfworld,early,True,0.0001611442808748379,0.02252167331951505,0.1296774585122288,0.04009956773403387,2.864451943217097,6.530255768750165,45.447770917737806,0.718038344705427,284.17315134962047,556.6482090697664,0.049805013667444296,0.011078746178523944,-0.0,1533.7332936943315,1641.83476161275,0.0,0.0,legacy_recorded,null,505
skillnet:alfworld-inventory-management,all_alfworld,middle,True,0.000292761299860905,0.029418679712145318,0.14301326928726965,0.00927270893772671,2.900604184468587,6.752076980045864,46.255269659133184,0.7409202399707976,289.94703936145225,565.0335429903904,0.07279506425362724,0.015826408185111124,,1443.8102772934724,1539.59644934145,0.0,,legacy_recorded,null,505
skillnet:alfworld-inventory-management,all_alfworld,late,True,0.0003992214258957268,0.03806762075275065,0.1539194494579615,-0.04515745740255611,2.866958538150571,6.572905591285688,44.933996083785075,0.7492155623273785,281.7881372127465,539.964932307063,0.07337105693337283,0.015518254178996651,,1473.7978214356228,1556.4133010914372,0.0,,legacy_recorded,null,505
skillnet:alfworld-locate-target-object,all_alfworld,all,True,0.0003801091817611452,0.07997697170852383,0.34332029148218474,-0.17501995140932902,2.9008186070815376,6.5310032264046045,46.260084732719086,0.7690205574035645,285.16132259461165,526.7341920021175,0.058319544931250154,0.014504758600807093,-0.0,1511.1933997720141,1585.1304194360796,0.0,0.0,legacy_recorded,null,505
skillnet:alfworld-locate-target-object,all_alfworld,initial,True,0.0012498108861127278,0.12419659223161948,0.31389509212872874,-0.48387281591432085,2.8615524768829346,6.524388790130615,44.72352600097656,0.7463579177856445,274.89858235710113,527.8919105208612,0.016514413644174192,0.002661645928540105,-0.0,1366.6641062110975,1367.7199763401961,0.0,0.0,legacy_recorded,null,505
skillnet:alfworld-locate-target-object,all_alfworld,early,True,-9.159343754818761e-05,0.055993448712946536,0.35927972163999133,-0.007506533372723312,2.9217605431874594,6.534530925750732,47.07958272298177,0.7811072985331218,290.72755458783763,526.1062768733075,0.08099351444288458,0.020928141745087493,,1589.5821691609858,1703.0479478948637,0.0,,legacy_recorded,null,505
skillnet:alfworld-locate-target-object,all_alfworld,middle,False,,,,,,,,,,,,,,,,0.0,,legacy_recorded,null,505
skillnet:alfworld-locate-target-object,all_alfworld,late,False,,,,,,,,,,,,,,,,0.0,,legacy_recorded,null,505
skillnet:alfworld-object-cooler,all_alfworld,all,True,0.0,0.0,0.0,-0.0,3.201037493016985,6.877710448371039,46.34216170840793,0.7756320784489313,290.92775742108375,539.0179530768522,0.08109697869961972,0.014838445678623587,-0.0,1413.0038215520094,1546.2816818790764,0.0,0.21428571428571427,legacy_recorded,null,505
skillnet:alfworld-object-cooler,all_alfworld,initial,False,,,,,,,,,,,,,,,,0.0,,legacy_recorded,null,505
skillnet:alfworld-object-cooler,all_alfworld,early,True,0.0,0.0,0.0,-0.0,3.2963611284891763,6.864701747894287,46.645938873291016,0.8180616100629171,294.8626221468038,557.5212810901415,0.14771016879420715,0.026113884557472024,-0.0,1598.5433248478282,1794.2290965432562,0.0,0.2222222222222222,legacy_recorded,null,505
skillnet:alfworld-object-cooler,all_alfworld,middle,True,0.0,0.0,0.0,-0.0,2.9688228964805603,6.469852089881897,43.72856616973877,0.7983847558498383,275.89985409724426,608.1589262918798,0.045524745495630944,0.01097718632759985,0.16666666666666666,1453.4823171276705,1570.929794552346,0.0,0.3333333333333333,legacy_recorded,null,505
skillnet:alfworld-object-cooler,all_alfworld,late,True,0.0,0.0,0.0,-0.0,3.2232060268007476,6.935312501315413,46.67123242082267,0.7681045162266699,292.45032862230124,528.3521461906073,0.07897111942366956,0.014203212357994273,-0.16666666666666666,1389.2888630365308,1518.3443060468167,0.0,0.08333333333333333,legacy_recorded,null,505
skillnet:alfworld-object-disposer,all_alfworld,all,False,,,,,,,,,,,,,-0.0,,,0.0,0.0,legacy_recorded,null,505
skillnet:alfworld-object-disposer,all_alfworld,initial,False,,,,,,,,,,,,,,,,0.0,,legacy_recorded,null,505
skillnet:alfworld-object-disposer,all_alfworld,early,False,,,,,,,,,,,,,-0.0,,,0.0,0.0,legacy_recorded,null,505
skillnet:alfworld-object-disposer,all_alfworld,middle,False,,,,,,,,,,,,,,,,0.0,,legacy_recorded,null,505
skillnet:alfworld-object-disposer,all_alfworld,late,False,,,,,,,,,,,,,,,,0.0,,legacy_recorded,null,505
skillnet:alfworld-object-heater,all_alfworld,all,True,-9.638131842054027e-05,0.060778215501659814,0.15888648413775686,-0.010387039247640607,3.309688723605612,7.092288162397302,51.53067762955375,0.8687810871912085,315.69300015140533,642.0608541721668,0.03597498721048432,0.008208413390668528,0.1111111111111111,1651.215449750936,1775.9394512640868,0.0,0.0,legacy_recorded,null,505
skillnet:alfworld-object-heater,all_alfworld,initial,False,,,,,,,,,,,,,,,,0.0,,legacy_recorded,null,505
skillnet:alfworld-object-heater,all_alfworld,early,True,0.0,0.0,0.0,-0.0,3.2788259983062744,6.364553451538086,50.413978576660156,0.923744261264801,309.5090660846006,639.9244884257755,0.0013436110911142294,0.00034335338563566784,-0.0,1803.420343585927,1897.3567795843674,0.0,0.0,legacy_recorded,null,505
skillnet:alfworld-object-heater,all_alfworld,middle,True,-2.0812625924248186e-05,0.04246089428963077,0.10877824463140529,-0.08104491554631398,3.365679303805033,7.285579601923625,52.98057778676351,0.8715745011965433,324.3739346436805,678.4010228601661,0.022133392401638197,0.005141903464153523,0.25,1613.060980038921,1762.3008160303998,0.0,0.125,legacy_recorded,null,505
skillnet:alfworld-object-heater,all_alfworld,late,True,-0.00020078750218811205,0.0895734801720885,0.23697020457811027,0.07786521614878554,3.24558629989624,6.933111906051636,49.90246734619141,0.8599326729774475,305.3079496038278,596.3728447543571,0.056681281819222815,0.012813715416991387,-0.0,1685.2049595382693,1781.8425532835474,0.0,-0.125,legacy_recorded,null,505
skillnet:alfworld-object-picker,all_alfworld,all,True,-4.990061386903429e-05,0.049157971170760074,0.10110303226548263,0.061603630098606525,2.6973196983337404,6.374558792114258,42.689895172119144,0.6347296237945557,264.05207343827163,461.737233797438,0.07327629514451718,0.015766116621276603,-0.0,1571.5619299370946,1491.2364355439443,0.0,-0.07142857142857142,legacy_recorded,null,505
skillnet:alfworld-object-picker,all_alfworld,initial,False,,,,,,,,,,,,,,,,0.0,,legacy_recorded,null,505
skillnet:alfworld-object-picker,all_alfworld,early,True,-1.1019660544710893e-06,0.06893639397359505,0.18266999294601896,0.06002086767285575,2.607011298338572,6.098586201667786,40.14500363667806,0.5870896279811859,250.91114645309884,487.76473879666213,0.08250381968119644,0.013993268570485995,-0.0,1520.7662587573673,1478.085128585018,0.0,-0.25,legacy_recorded,null,505
skillnet:alfworld-object-picker,all_alfworld,middle,True,1.1135445126751721e-05,0.0,0.005216610846888787,-0.028366766237657597,2.7566861973868475,6.5114494694603815,43.787662506103516,0.6518444683816698,270.89049553722936,450.90523328987535,0.07309650393725028,0.016517265976037986,-0.0,1510.1224314209717,1479.4072121913,0.0,0.5,legacy_recorded,null,505
skillnet:alfworld-object-picker,all_alfworld,late,True,-8.89371995579218e-05,0.0629475757041712,0.11515826654833677,0.09812901490079534,2.6976553387112086,6.3933952119615345,42.92942598130968,0.6405876848432753,265.23763382531513,458.3021260672478,0.07059163795811711,0.01599475377515045,-0.0,1611.3567863854423,1499.9055129914093,0.0,0.0,legacy_recorded,null,505
skillnet:alfworld-object-placer,all_alfworld,all,True,-0.00014333783044415582,0.15292372759544856,0.40447430864217543,0.17635830021788138,2.9697722654036176,6.898645254073837,43.82807321674657,0.7044274048679042,274.6916153373712,478.15955155324866,0.08092766114927451,0.016325465671086933,0.17391304347826086,1459.7602894779714,1484.6396747503104,0.0,0.0,legacy_recorded,null,505
skillnet:alfworld-object-placer,all_alfworld,initial,False,,,,,,,,,,,,,0.6666666666666666,,,0.0,-0.16666666666666666,legacy_recorded,null,505
skillnet:alfworld-object-placer,all_alfworld,early,True,8.204816183012494e-05,0.0692737702963086,0.23989637737707137,0.009159156908923816,3.0722280803479647,6.749749183654785,42.86931790803608,0.6923511028289795,268.67928733570915,493.5646878564166,0.04967907070169223,0.008227132732350732,0.25,1390.4635923371352,1456.3804818952688,0.0,0.0,legacy_recorded,null,505
skillnet:alfworld-object-placer,all_alfworld,middle,True,-2.3564557052623403e-05,0.13062572384010424,0.38557464577712236,0.11523555396280458,3.0072985047199685,7.037508898094052,44.73352610478636,0.7003938330978644,280.218917884022,507.5626759981119,0.08871385552860132,0.016994568117600677,0.1,1422.9417096404818,1472.9249982785223,0.0,-0.1,legacy_recorded,null,505
skillnet:alfworld-object-placer,all_alfworld,late,True,-0.00019355471245419774,0.16446923362977692,0.41919615403957466,0.2047344316410267,2.9529556115877997,6.8622732457426405,43.59031831603689,0.7062870582047197,273.2390490854148,467.93550453481106,0.08008172295511333,0.016537988096595267,-0.0,1475.1977344877614,1489.8787099582871,0.0,0.25,legacy_recorded,null,505
skillnet:alfworld-object-retriever,all_alfworld,all,True,-0.000118437118861371,0.21587561551962772,0.3923475286258883,0.23673540532990853,2.873094604128883,6.739164057232085,44.94200206938244,0.6352491861297971,277.7186163217816,469.06690677009925,0.07922646949346826,0.017800135032547314,-0.0,1628.6173546142654,1589.9225899808414,0.0,0.0,legacy_recorded,null,505
skillnet:alfworld-object-retriever,all_alfworld,initial,False,,,,,,,,,,,,,-0.0,,,0.0,0.0,legacy_recorded,null,505
skillnet:alfworld-object-retriever,all_alfworld,early,True,3.094574931288855e-05,0.1992133952132482,0.3579419899830101,0.2629430126013203,2.913372427225113,6.739621549844742,45.04569220542908,0.6185078881680965,278.70973725971515,444.54753404612336,0.0697689399340036,0.01603899142696239,-0.0,1628.8396196694919,1561.683495507593,0.0,0.0,legacy_recorded,null,505
skillnet:alfworld-object-retriever,all_alfworld,middle,True,-0.0009485275145105643,0.45003382421321064,0.7843768268205406,0.5033515464586186,2.853245973587036,6.857957363128662,44.60381507873535,0.6965440511703491,274.98266020423375,544.1540637917624,0.07290742821827154,0.015786517499509916,,1790.249779046793,1661.6121663243164,0.0,,legacy_recorded,null,505
skillnet:alfworld-object-retriever,all_alfworld,late,True,-0.00043496352988853584,0.16406132263583242,0.3416524822205046,-0.07248589102173189,2.671511967976888,6.657528559366862,44.61444600423177,0.6836728652318319,273.9129964301792,558.659028304942,0.13549527399216274,0.028793310406886794,,1527.9202408114556,1702.207066236696,0.0,,legacy_recorded,null,505
skillnet:alfworld-object-state-inspector,all_alfworld,all,True,0.00011350189484993316,0.0729321377479226,0.20596633875912168,-0.042946977017551125,3.0902703244294694,6.885547130262081,47.48613462400674,0.8101753533183046,294.02124816097637,590.6754888695222,0.11396860513530584,0.02469363648380925,0.05555555555555555,1358.126421710741,1546.0532878750016,0.0,0.2222222222222222,legacy_recorded,null,505
skillnet:alfworld-object-state-inspector,all_alfworld,initial,True,0.0,0.0,0.0,-0.0,2.937583863735199,7.121330142021179,57.02856731414795,0.8159089460968971,347.37726060933136,697.4549225428337,0.06605627150673675,0.014219524841199233,-0.1,995.4434149497392,1296.2749851574474,0.0,0.1,legacy_recorded,null,505
skillnet:alfworld-object-state-inspector,all_alfworld,early,True,0.0002832130211059581,0.07833991536356356,0.2521762717224498,-0.0373516578145926,2.9447240375337147,6.844496528307597,47.349912734258744,0.7729559200150626,275.6951295600003,533.2177694773427,0.10666298933398695,0.023127597636243245,0.2857142857142857,1174.7497487723588,1330.9427814016967,0.0,0.42857142857142855,legacy_recorded,null,505
skillnet:alfworld-object-state-inspector,all_alfworld,middle,True,0.00020966188889169553,0.06490290239446071,0.21244105365858587,-0.10710626374945945,3.127040279948193,6.973984884179157,48.38252567208332,0.8188349870236024,302.46762828611236,605.9927783253148,0.11310748088554631,0.023458981246007996,-0.0,1379.0338448429766,1561.386929479804,0.0,0.0,legacy_recorded,null,505
skillnet:alfworld-object-state-inspector,all_alfworld,late,True,4.751394043670232e-05,0.0756756986569025,0.19734031781647343,-0.0222970318771611,3.1029250743714245,6.857686220696478,47.050845276225694,0.8129920030407833,293.99989001983624,595.3554553366693,0.11641000334552902,0.025586094279604128,,1392.736626460478,1587.382745382126,0.0,,legacy_recorded,null,505
skillnet:alfworld-object-storer,all_alfworld,all,True,-0.0003482495488456695,0.3874651455534097,0.6735101869161692,0.4541003290093618,2.878065824508667,5.979095935821533,42.40299606323242,0.7594382166862488,262.37165185142544,450.96755382115145,0.049725048807854874,0.008534962750631219,0.1111111111111111,1553.7081109933592,1485.4988557896932,0.0,0.05555555555555555,legacy_recorded,null,505
skillnet:alfworld-object-storer,all_alfworld,initial,False,,,,,,,,,,,,,,,,0.0,,legacy_recorded,null,505
skillnet:alfworld-object-storer,all_alfworld,early,False,,,,,,,,,,,,,0.25,,,0.0,0.125,legacy_recorded,null,505
skillnet:alfworld-object-storer,all_alfworld,middle,False,,,,,,,,,,,,,-0.0,,,0.0,0.0,legacy_recorded,null,505
skillnet:alfworld-object-storer,all_alfworld,late,True,-0.0003482495488456695,0.3874651455534097,0.6735101869161692,0.4541003290093618,2.878065824508667,5.979095935821533,42.40299606323242,0.7594382166862488,262.37165185142544,450.96755382115145,0.049725048807854874,0.008534962750631219,-0.0,1553.7081109933592,1485.4988557896932,0.0,0.0,legacy_recorded,null,505
skillnet:alfworld-object-transporter,all_alfworld,all,True,-0.00012126263711812688,0.20557780627853073,0.41978159150189953,0.09788733847432772,3.0784328513675265,7.172680088967988,47.126323314628216,0.8067479819962473,292.0725558602383,552.5703603190047,0.09391797852237042,0.01859036846151531,-0.0,1529.792253672678,1535.2458176339483,0.0,0.5,legacy_recorded,null,505
skillnet:alfworld-object-transporter,all_alfworld,initial,False,,,,,,,,,,,,,,,,0.0,,legacy_recorded,null,505
skillnet:alfworld-object-transporter,all_alfworld,early,False,,,,,,,,,,,,,,,,0.0,,legacy_recorded,null,505
skillnet:alfworld-object-transporter,all_alfworld,middle,True,-4.572464282842297e-05,0.14740576404694053,0.329057835938677,0.04273781585591511,3.052693107853765,7.29536365426105,48.36838332466457,0.803718432136204,299.00558177539114,584.1351665911453,0.082944550784808,0.017657950190672008,,1405.419834808456,1493.5027293163466,0.0,,legacy_recorded,null,505
skillnet:alfworld-object-transporter,all_alfworld,late,True,-0.0001449364002769619,0.22380904425626622,0.4482146035547033,0.11517131257329413,3.0862225105887964,7.135552167892456,46.75043673264353,0.8076648194538919,289.89973124353065,542.6778849512411,0.09735707340094671,0.018882590270109502,-0.0,1568.7708261827022,1548.328187580908,0.0,0.5,legacy_recorded,null,505
skillnet:alfworld-receptacle-closer,all_alfworld,all,False,,,,,,,,,,,,,0.2,,,0.0,-0.2,legacy_recorded,null,505
skillnet:alfworld-receptacle-closer,all_alfworld,initial,False,,,,,,,,,,,,,,,,0.0,,legacy_recorded,null,505
skillnet:alfworld-receptacle-closer,all_alfworld,early,False,,,,,,,,,,,,,,,,0.0,,legacy_recorded,null,505
skillnet:alfworld-receptacle-closer,all_alfworld,middle,False,,,,,,,,,,,,,0.25,,,0.0,-0.25,legacy_recorded,null,505
skillnet:alfworld-receptacle-closer,all_alfworld,late,False,,,,,,,,,,,,,-0.0,,,0.0,0.0,legacy_recorded,null,505
skillnet:alfworld-receptacle-finder,all_alfworld,all,True,-4.650775279128862e-05,0.13508674113556707,0.38386370339250625,0.07036729470235614,3.085696912791631,7.239379950309997,48.361900590870476,0.7915321848436033,275.4968327971589,472.4890937017711,0.11275754042450464,0.022468229057948905,0.1,1185.0769624157629,1175.1569256214352,0.0,0.1,legacy_recorded,null,505
skillnet:alfworld-receptacle-finder,all_alfworld,initial,True,-0.0003176043444729868,0.10724488994142997,0.4993999661009062,-0.0074127510812249464,2.908446818590164,6.319528162479401,48.796536922454834,0.8048340305685997,295.2205146351076,589.8490424256528,0.03217968999068401,0.00515596694343429,0.3333333333333333,1559.8624557713883,1604.972629910032,0.0,-0.16666666666666666,legacy_recorded,null,505
skillnet:alfworld-receptacle-finder,all_alfworld,early,True,-0.00020274740701046865,0.02893284718171066,0.06488434638943619,-0.23496461905432603,2.65041176478068,6.283070723215739,44.289895375569664,0.7199138601620992,271.394067962698,582.7805808898933,0.03487148232747922,0.005006152702779451,-0.0,1849.1472054359,1570.794303818699,0.0,0.5,legacy_recorded,null,505
skillnet:alfworld-receptacle-finder,all_alfworld,middle,True,-0.00019653891198799313,0.1059236239188524,0.32938343171711776,0.0382847028099654,3.039030651835834,7.183337583261378,47.751382266773895,0.7924009828883058,264.3364347977546,439.2249811772949,0.11526453198709863,0.024026871838239816,-0.0,1088.5889618409597,1098.285829451299,0.0,1.0,legacy_recorded,null,505
skillnet:alfworld-receptacle-finder,all_alfworld,late,True,5.430235466026791e-05,0.15489059531899974,0.4158592585322362,0.09721321145526321,3.1278194980961938,7.339655828475952,48.7208589553833,0.7918847701379231,281.21031401423255,485.06682098384294,0.11594046806635666,0.02257289396482095,-0.0,1214.479939466062,1195.3041844396228,0.0,0.0,legacy_recorded,null,505
skillnet:alfworld-receptacle-navigator,all_alfworld,all,True,-3.847759485351071e-05,0.31908006339310335,0.6859149166767196,0.4959035451125014,3.0499913692474365,7.474459330240886,52.14030838012695,0.7560218572616577,324.90912246063186,625.4913399625405,0.02064369176909569,0.004166530998672867,-0.0,1338.2090355915232,1534.2576072419051,0.0,0.0,legacy_recorded,null,505
skillnet:alfworld-receptacle-navigator,all_alfworld,initial,False,,,,,,,,,,,,,,,,0.0,,legacy_recorded,null,505
skillnet:alfworld-receptacle-navigator,all_alfworld,early,True,-3.847759485351071e-05,0.31908006339310335,0.6859149166767196,0.4959035451125014,3.0499913692474365,7.474459330240886,52.14030838012695,0.7560218572616577,324.90912246063186,625.4913399625405,0.02064369176909569,0.004166530998672867,-0.0,1338.2090355915232,1534.2576072419051,0.0,0.0,legacy_recorded,null,505
skillnet:alfworld-receptacle-navigator,all_alfworld,middle,False,,,,,,,,,,,,,,,,0.0,,legacy_recorded,null,505
skillnet:alfworld-receptacle-navigator,all_alfworld,late,False,,,,,,,,,,,,,,,,0.0,,legacy_recorded,null,505
skillnet:alfworld-receptacle-opener,all_alfworld,all,False,,,,,,,,,,,,,-0.0,,,0.0,-0.0625,legacy_recorded,null,505
skillnet:alfworld-receptacle-opener,all_alfworld,initial,False,,,,,,,,,,,,,,,,0.0,,legacy_recorded,null,505
skillnet:alfworld-receptacle-opener,all_alfworld,early,False,,,,,,,,,,,,,-0.0,,,0.0,-0.5,legacy_recorded,null,505
skillnet:alfworld-receptacle-opener,all_alfworld,middle,False,,,,,,,,,,,,,-0.0,,,0.0,0.0,legacy_recorded,null,505
skillnet:alfworld-receptacle-opener,all_alfworld,late,False,,,,,,,,,,,,,-0.0,,,0.0,0.0,legacy_recorded,null,505
skillnet:alfworld-receptacle-operator,all_alfworld,all,False,,,,,,,,,,,,,-0.0,,,0.0,-0.21428571428571427,legacy_recorded,null,505
skillnet:alfworld-receptacle-operator,all_alfworld,initial,False,,,,,,,,,,,,,,,,0.0,,legacy_recorded,null,505
skillnet:alfworld-receptacle-operator,all_alfworld,early,False,,,,,,,,,,,,,-0.0,,,0.0,-0.5,legacy_recorded,null,505
skillnet:alfworld-receptacle-operator,all_alfworld,middle,False,,,,,,,,,,,,,-0.0,,,0.0,-0.16666666666666666,legacy_recorded,null,505
skillnet:alfworld-receptacle-operator,all_alfworld,late,False,,,,,,,,,,,,,-0.0,,,0.0,0.0,legacy_recorded,null,505
skillnet:alfworld-receptacle-searcher,all_alfworld,all,False,,,,,,,,,,,,,-0.0,,,0.0,-0.25,legacy_recorded,null,505
skillnet:alfworld-receptacle-searcher,all_alfworld,initial,False,,,,,,,,,,,,,-0.0,,,0.0,-0.25,legacy_recorded,null,505
skillnet:alfworld-receptacle-searcher,all_alfworld,early,False,,,,,,,,,,,,,,,,0.0,,legacy_recorded,null,505
skillnet:alfworld-receptacle-searcher,all_alfworld,middle,False,,,,,,,,,,,,,,,,0.0,,legacy_recorded,null,505
skillnet:alfworld-receptacle-searcher,all_alfworld,late,False,,,,,,,,,,,,,,,,0.0,,legacy_recorded,null,505
skillnet:alfworld-storage-explorer,all_alfworld,all,True,-1.1255613060752905e-05,0.0614536848535443,0.10438753343133617,0.018838830720686036,2.8757475639742127,7.083118737871045,48.13469392226986,0.6808326622933248,296.2844885717119,610.3356170442619,0.07033304969299961,0.014913446583216807,0.06818181818181818,1618.4906833773668,1713.6640966737216,0.0,-0.03409090909090909,legacy_recorded,null,505
skillnet:alfworld-storage-explorer,all_alfworld,initial,True,-8.170560610505427e-05,0.008871157998123373,0.07212040441700802,-0.012115100652265502,2.8261555284261703,7.541433021426201,57.271495938301086,0.6899825446307659,343.46517685474123,681.7836954110203,0.050093444808742796,0.008261221140270343,-0.043478260869565216,1494.2108637339957,1769.8769600106457,0.0,-0.043478260869565216,legacy_recorded,null,505
skillnet:alfworld-storage-explorer,all_alfworld,early,True,-2.5582738268451865e-05,0.10710096272837813,0.17271736269381235,0.04197953083934584,2.702747721142239,6.771719037161933,45.84775513543023,0.6637349466482798,282.46583635712597,544.2209972544238,0.10020933952462915,0.016557293446471034,0.2222222222222222,1635.092102573812,1662.0713843456576,0.0,-0.027777777777777776,legacy_recorded,null,505
skillnet:alfworld-storage-explorer,all_alfworld,middle,True,-5.287020238031118e-06,0.08137098004794106,0.13127456144738772,0.03497505852690956,2.9363066025755624,7.210784091190859,48.48727137392218,0.6850643408569422,299.2670966332516,619.8497260454526,0.0686796952620961,0.015187058386830505,-0.0,1575.4013748310424,1678.5833217421732,0.0,0.0,legacy_recorded,null,505
skillnet:alfworld-storage-explorer,all_alfworld,late,True,-7.66078786755057e-06,0.051285445188036655,0.08787798291869083,0.012083560177558319,2.8865604428403984,7.067962022073654,47.887428023454156,0.6816666435679659,295.22099169799446,613.845286475618,0.06739760716469964,0.0149009880530456,-0.0,1634.692322744199,1729.0538564187837,0.0,0.0,legacy_recorded,null,505
skillnet:alfworld-temperature-regulator,all_alfworld,all,False,,,,,,,,,,,,,-0.0,,,0.0,-0.08333333333333333,legacy_recorded,null,505
skillnet:alfworld-temperature-regulator,all_alfworld,initial,False,,,,,,,,,,,,,,,,0.0,,legacy_recorded,null,505
skillnet:alfworld-temperature-regulator,all_alfworld,early,False,,,,,,,,,,,,,,,,0.0,,legacy_recorded,null,505
skillnet:alfworld-temperature-regulator,all_alfworld,middle,False,,,,,,,,,,,,,-0.0,,,0.0,-0.25,legacy_recorded,null,505
skillnet:alfworld-temperature-regulator,all_alfworld,late,False,,,,,,,,,,,,,-0.0,,,0.0,0.0,legacy_recorded,null,505
skillnet:alfworld-tool-locator,all_alfworld,all,True,1.2144380479252438e-05,0.14389840903856158,0.45707729224277355,0.024212441670428075,3.0623855888843536,7.193921446800232,57.2906608581543,0.8397916853427887,351.6416989013303,904.109111719931,0.03545755592934128,0.00423888402205301,0.25,1398.1686121632013,1734.5809463026994,0.0,0.125,legacy_recorded,null,505
skillnet:alfworld-tool-locator,all_alfworld,initial,True,1.2144380479252438e-05,0.14389840903856158,0.45707729224277355,0.024212441670428075,3.0623855888843536,7.193921446800232,57.2906608581543,0.8397916853427887,351.6416989013303,904.109111719931,0.03545755592934128,0.00423888402205301,,1398.1686121632013,1734.5809463026994,0.0,,legacy_recorded,null,505
skillnet:alfworld-tool-locator,all_alfworld,early,False,,,,,,,,,,,,,0.25,,,0.0,0.125,legacy_recorded,null,505
skillnet:alfworld-tool-locator,all_alfworld,middle,False,,,,,,,,,,,,,,,,0.0,,legacy_recorded,null,505
skillnet:alfworld-tool-locator,all_alfworld,late,False,,,,,,,,,,,,,,,,0.0,,legacy_recorded,null,505
skillnet:alfworld-appliance-navigator,all_alfworld,all,True,8.504393224425306e-05,0.13381194130190505,0.2631868947461325,-0.0050564984028299885,2.769281282424927,6.234568354866721,41.96636162497781,0.6705727754939687,260.47090439664987,472.9557048563515,0.04381169884122208,0.008939258061102462,0.04838709677419355,1543.5000450397222,1493.4846894897591,0.0,-0.04032258064516129,stable_raw,null,505
skillnet:alfworld-appliance-navigator,all_alfworld,initial,True,3.364276326740633e-05,0.11528469147518083,0.2850916456630243,-0.031009950543935558,2.6889652729034426,6.35944904088974,45.880203819274904,0.6800533726811409,282.8287676169476,555.6021348364452,0.06486373810278956,0.008939433681832441,0.047619047619047616,1448.8271659534596,1518.3591230929392,0.0,-0.07142857142857142,stable_raw,null,505
skillnet:alfworld-appliance-navigator,all_alfworld,early,True,9.74394092809861e-05,0.12118195509655114,0.258196219658507,-0.009614763915292228,2.6667990120974454,6.093536177548495,41.48218467018821,0.6320158860900186,255.9939238607786,449.637941624647,0.03521309589573603,0.006586158522630486,-0.0,1523.2026264256885,1451.675483367986,0.0,0.0,stable_raw,null,505
skillnet:alfworld-appliance-navigator,all_alfworld,middle,True,4.505257068431689e-05,0.08482996230379945,0.15775410734439313,-0.011445404129678875,2.864155877204168,6.2393209139506025,40.474497568039666,0.6854690582979293,251.6558619865786,438.6109087420133,0.03944161454417703,0.008649554413570558,-0.0,1608.4198326158153,1520.2512162367707,0.0,0.0,stable_raw,null,505
skillnet:alfworld-appliance-navigator,all_alfworld,late,True,0.00010638059067559468,0.15951490173751792,0.29422532709864213,0.005390497841053661,2.8045307916143667,6.253133100012074,41.47892927086872,0.6786580012328383,259.4466510374767,472.381743288764,0.043261551023031655,0.009950122285125408,0.16666666666666666,1554.0463850864735,1494.6590381315314,0.0,0.08333333333333333,stable_raw,null,505
skillnet:alfworld-appliance-preparer,all_alfworld,all,True,4.831006358062646e-05,0.26460160068873584,0.39591093635203406,0.12798483841340275,3.061484007608323,6.738828318459647,50.40604545956566,0.8097673257191976,311.77587222736685,576.8948652431576,0.020736329675947053,0.004495235382222651,-0.0,1662.0090921836077,1693.8118549203828,0.0,0.0,stable_raw,null,505
skillnet:alfworld-appliance-preparer,all_alfworld,initial,False,,,,,,,,,,,,,,,,0.0,,stable_raw,null,505
skillnet:alfworld-appliance-preparer,all_alfworld,early,True,0.00047249575060153164,0.3429636255762919,0.344084557244994,0.12078086595467573,3.1424827575683594,6.111433506011963,48.695003509521484,0.8371415734291077,301.2739450756589,592.0454154931233,0.0031500605998695183,0.0010243408709973768,,1782.169074645076,1696.3320617350912,0.0,,stable_raw,null,505
skillnet:alfworld-appliance-preparer,all_alfworld,middle,True,0.0002547962234763738,0.24832023871924921,0.29752069677186854,0.013968195188086528,3.170167326927185,6.894641280174255,51.88607120513916,0.8294336497783661,320.6986725888011,595.5963027668291,0.006154084788269503,0.0014382986059457178,-0.0,1676.7315467125597,1706.5541172947408,0.0,0.0,stable_raw,null,505
skillnet:alfworld-appliance-preparer,all_alfworld,late,True,-6.060199671041764e-05,0.25880450560745316,0.42847082595122904,0.15891604507557366,3.021701955795288,6.780930836995442,50.23951085408529,0.800873072942098,310.77889199972367,570.0242407164648,0.02683632347488972,0.005746240260464861,-0.0,1642.675583014279,1690.1343908457063,0.0,0.0,stable_raw,null,505
skillnet:alfworld-clean-object,all_alfworld,all,True,1.432865660079502e-06,0.1352984415604372,0.3957967542584737,0.022671935772005342,3.5912177944386907,8.25482764595219,53.544662976341286,0.8878698124129846,329.9646729114404,629.2427221331588,0.07906419070002069,0.0169179571661953,0.10810810810810811,1442.0708533525337,1489.4937776585389,0.0,0.14864864864864866,stable_raw,null,505
skillnet:alfworld-clean-object,all_alfworld,initial,True,0.00011187905613544923,0.0187014679942201,0.13781160156870426,-0.16466507425749952,3.380250006914139,7.747583657503128,57.21107769012451,0.9093624241650105,353.06823146308597,749.6083742220419,0.05113616042620714,0.010499279583294387,0.28,1317.1263089448164,1698.9088245553032,0.0,0.14,stable_raw,null,505
skillnet:alfworld-clean-object,all_alfworld,early,True,2.671311504332776e-05,0.09606386655655763,0.2930028149887596,-0.030588101708395148,3.4954679718724004,8.156279022310986,54.01088356677397,0.8852455100895446,337.8646167820395,655.2058784874396,0.09365783339353091,0.018079447983299114,-0.2222222222222222,1407.3617338879465,1485.477714283853,0.0,0.1111111111111111,stable_raw,null,505
skillnet:alfworld-clean-object,all_alfworld,middle,True,6.402612136984671e-06,0.12765899083273408,0.33433748381009365,0.05452483939281979,3.5366152911716036,8.075003515879313,52.643844468858504,0.8833953898482853,312.4166809696501,593.8728755586986,0.07859353136579211,0.016997284776222782,-0.0,1361.9393191298811,1378.1385544566926,0.0,1.0,stable_raw,null,505
skillnet:alfworld-clean-object,all_alfworld,late,True,-6.1791594013052026e-06,0.14590737003191054,0.4397941188811299,0.020152405260226287,3.629293865110816,8.346793128222954,53.717439660793396,0.8892932787174131,335.7667178794297,638.093046661135,0.07802170565691544,0.016876351883289904,-0.5,1482.4090588289598,1531.780063070036,0.0,0.0,stable_raw,null,505
skillnet:alfworld-device-operator,all_alfworld,all,True,-6.998587703228932e-05,0.16797343259232791,0.36837920516903827,0.09572873387230621,3.046060251237373,6.733098722068516,46.97131123063127,0.8244015946984291,286.51678416215736,515.3462473907799,0.06429421796405013,0.012939053943325106,0.03389830508474576,1459.3138136095993,1452.9436039840396,0.0,0.1016949152542373,stable_raw,null,505
skillnet:alfworld-device-operator,all_alfworld,initial,True,0.0,0.0,0.0,-0.0,2.912476897239685,7.261175692081451,54.20633840560913,0.8637811243534088,324.81034166225095,518.6519077496631,0.23979215955811448,0.022041496074958554,-0.09090909090909091,1506.1646346969314,1565.936608354804,0.0,0.09090909090909091,stable_raw,null,505
skillnet:alfworld-device-operator,all_alfworld,early,True,-6.601504942890636e-05,0.13283469867619419,0.28217432471226295,0.08364800901312487,2.9519741711793124,6.74721657788312,46.70597641556351,0.7863437032993928,289.3145122605235,510.9912928354919,0.07984036505781947,0.01513734362272317,0.07407407407407407,1470.177176393942,1467.1901519631058,0.0,0.1111111111111111,stable_raw,null,505
skillnet:alfworld-device-operator,all_alfworld,middle,True,-9.78868568744587e-05,0.17944243672298185,0.3830331089840704,0.09515447951918456,3.048322343826294,6.6215875515571,46.27530247614934,0.8252260872950921,285.99628516556857,512.7885446107848,0.05511799604518133,0.011475790872119253,0.2857142857142857,1533.5276574709458,1518.9350782953925,0.0,0.14285714285714285,stable_raw,null,505
skillnet:alfworld-device-operator,all_alfworld,late,True,-6.414787202756109e-05,0.17291296306890028,0.38348995578301726,0.09916246872111578,3.064431295614013,6.7530730986229965,47.08967674639345,0.8302231897280044,285.671589660649,516.6853579974095,0.06179550886358454,0.012848816104188143,-0.0,1437.087017109809,1431.4466832736032,0.0,0.0,stable_raw,null,505
skillnet:alfworld-heat-object-with-appliance,all_alfworld,all,True,1.4516310202215144e-06,0.06386597714570766,0.10489028337512137,0.0021238548962103994,3.0541291622266376,6.938990299015829,46.42299651054487,0.7834926312916899,288.88146333235596,535.6175186252726,0.07221593715027402,0.015603617087158544,-0.1875,1464.4934048200244,1503.0792225307532,0.0,0.109375,stable_raw,null,505
skillnet:alfworld-heat-object-with-appliance,all_alfworld,initial,False,,,,,,,,,,,,,,,,0.0,,stable_raw,null,505
skillnet:alfworld-heat-object-with-appliance,all_alfworld,early,True,5.389618162555055e-05,0.021334697613997176,0.021334697613997176,-0.030620317729000437,3.153725743293762,7.475777053833008,49.71075439453125,0.7698373615741729,304.47398570122124,553.6431796188571,0.07908665592507858,0.012080703510934165,-0.15384615384615385,1444.9232171511285,1516.4316224775246,0.0,0.15384615384615385,stable_raw,null,505
skillnet:alfworld-heat-object-with-appliance,all_alfworld,middle,True,-1.6686709564639967e-05,0.05154702530029467,0.0864495779245582,-0.008754706372965743,3.0904821371420836,7.062686471857576,47.00149441580487,0.7881810675319444,292.0151193758317,548.9698353361034,0.06932458878175161,0.015358246385743896,-0.3333333333333333,1416.2941033318236,1471.217436710766,0.0,0.041666666666666664,stable_raw,null,505
skillnet:alfworld-heat-object-with-appliance,all_alfworld,late,True,8.114016824205171e-06,0.072036534255998,0.11804891638110473,0.009114491714280203,3.03207343165614,6.855627610903828,46.00046779728737,0.7817615626238975,286.58037688066645,528.0712006878222,0.07334742922468357,0.015891184002602046,-0.0,1489.611638241984,1518.4570549863543,0.0,0.14285714285714285,stable_raw,null,505
skillnet:alfworld-inventory-management,all_alfworld,all,True,0.0003641487026708909,0.03543636032610703,0.15012186096078353,-0.029493956696906617,2.872859136522532,6.602468116819143,45.20456794359263,0.7457428935461552,283.4476666898799,545.6875950731425,0.07169405481555771,0.015278960520089672,-0.0,1472.2784187166349,1559.0152264360993,0.0,0.0,stable_raw,null,505
skillnet:alfworld-inventory-management,all_alfworld,initial,False,,,,,,,,,,,,,,,,0.0,,stable_raw,null,505
skillnet:alfworld-inventory-management,all_alfworld,early,True,0.00016149814493369766,0.022521420709920633,0.1294835689610132,0.03998001054729239,2.864451943217097,6.530255768750165,45.447770917737806,0.718038344705427,284.1731513801636,556.6482087857502,0.049805013667444296,0.011078746178523944,-0.0,1533.7332932658294,1641.8347612537996,0.0,0.0,stable_raw,null,505
skillnet:alfworld-inventory-management,all_alfworld,middle,True,0.00029312550978713594,0.02941482643093374,0.14285010447705918,0.009211535094806265,2.900604184468587,6.752076980045864,46.255269659133184,0.7409202399707976,289.94703937553254,565.0335428037607,0.07279506425362724,0.015826408185111124,,1443.81027694825,1539.5964490322497,0.0,,stable_raw,null,505
skillnet:alfworld-inventory-management,all_alfworld,late,True,0.00039960561397017416,0.038062970021798516,0.15374233539469193,-0.045172799090257065,2.866958538150571,6.572905591285688,44.933996083785075,0.7492155623273785,281.7881372186705,539.9649321495388,0.07337105693337283,0.015518254178996651,,1473.7978210781614,1556.413300794897,0.0,,stable_raw,null,505
skillnet:alfworld-locate-target-object,all_alfworld,all,True,0.00038168963702743465,0.0794173321337305,0.34229571406834974,-0.1753028428632175,2.9008186070815376,6.5310032264046045,46.260084732719086,0.7690205574035645,285.16132249854206,526.7341919275536,0.058319544931250154,0.014504758600807093,-0.0,1511.193399615673,1585.1304189981695,0.0,0.0,stable_raw,null,505
skillnet:alfworld-locate-target-object,all_alfworld,initial,True,0.0012503257157588418,0.12285236598264217,0.3121349766680989,-0.48530358399519585,2.8615524768829346,6.524388790130615,44.72352600097656,0.7463579177856445,274.89858223245886,527.8919104710118,0.016514413644174192,0.002661645928540105,-0.0,1366.6641055887042,1367.7199757645856,0.0,0.0,stable_raw,null,505
skillnet:alfworld-locate-target-object,all_alfworld,early,True,-8.943501584383689e-05,0.05585934767330386,0.3586540801159434,-0.007166847672991962,2.9217605431874594,6.534530925750732,47.07958272298177,0.7811072985331218,290.72755450726515,526.1062767853391,0.08099351444288458,0.020928141745087493,,1589.5821692574182,1703.0479475316383,0.0,,stable_raw,null,505
skillnet:alfworld-locate-target-object,all_alfworld,middle,False,,,,,,,,,,,,,,,,0.0,,stable_raw,null,505
skillnet:alfworld-locate-target-object,all_alfworld,late,False,,,,,,,,,,,,,,,,0.0,,stable_raw,null,505
skillnet:alfworld-object-cooler,all_alfworld,all,True,0.0,0.0,0.0,-0.0,3.201037493016985,6.877710448371039,46.34216170840793,0.7756320784489313,290.92775741708044,539.0179528346575,0.08109697869961972,0.014838445678623587,-0.0,1413.0038211564856,1546.2816814973237,0.0,0.21428571428571427,stable_raw,null,505
skillnet:alfworld-object-cooler,all_alfworld,initial,False,,,,,,,,,,,,,,,,0.0,,stable_raw,null,505
skillnet:alfworld-object-cooler,all_alfworld,early,True,0.0,0.0,0.0,-0.0,3.2963611284891763,6.864701747894287,46.645938873291016,0.8180616100629171,294.8626220966049,557.5212809490533,0.14771016879420715,0.026113884557472024,-0.0,1598.5433243358905,1794.2290959936938,0.0,0.2222222222222222,stable_raw,null,505
skillnet:alfworld-object-cooler,all_alfworld,middle,True,0.0,0.0,0.0,-0.0,2.9688228964805603,6.469852089881897,43.72856616973877,0.7983847558498383,275.89985403200825,608.1589260959732,0.045524745495630944,0.01097718632759985,0.16666666666666666,1453.482316736407,1570.9297938315042,0.0,0.3333333333333333,stable_raw,null,505
skillnet:alfworld-object-cooler,all_alfworld,late,True,0.0,0.0,0.0,-0.0,3.2232060268007476,6.935312501315413,46.67123242082267,0.7681045162266699,292.4503286307247,528.3521459324003,0.07897111942366956,0.014203212357994273,-0.16666666666666666,1389.2888626521055,1518.3443057250784,0.0,0.08333333333333333,stable_raw,null,505
skillnet:alfworld-object-disposer,all_alfworld,all,False,,,,,,,,,,,,,-0.0,,,0.0,0.0,stable_raw,null,505
skillnet:alfworld-object-disposer,all_alfworld,initial,False,,,,,,,,,,,,,,,,0.0,,stable_raw,null,505
skillnet:alfworld-object-disposer,all_alfworld,early,False,,,,,,,,,,,,,-0.0,,,0.0,0.0,stable_raw,null,505
skillnet:alfworld-object-disposer,all_alfworld,middle,False,,,,,,,,,,,,,,,,0.0,,stable_raw,null,505
skillnet:alfworld-object-disposer,all_alfworld,late,False,,,,,,,,,,,,,,,,0.0,,stable_raw,null,505
skillnet:alfworld-object-heater,all_alfworld,all,True,-9.781513958421245e-05,0.06052100968690361,0.158638058478254,-0.010484834509246251,3.309688723605612,7.092288162397302,51.53067762955375,0.8687810871912085,315.6930001735068,642.0608538539054,0.03597498721048432,0.008208413390668528,0.1111111111111111,1651.2154490994424,1775.9394506966046,0.0,0.0,stable_raw,null,505
skillnet:alfworld-object-heater,all_alfworld,initial,False,,,,,,,,,,,,,,,,0.0,,stable_raw,null,505
skillnet:alfworld-object-heater,all_alfworld,early,True,0.0,0.0,0.0,-0.0,3.2788259983062744,6.364553451538086,50.413978576660156,0.923744261264801,309.50906592338646,639.9244877838008,0.0013436110911142294,0.00034335338563566784,-0.0,1803.4203428085116,1897.3567783412973,0.0,0.0,stable_raw,null,505
skillnet:alfworld-object-heater,all_alfworld,middle,True,-2.1830148485804645e-05,0.042275056140306175,0.10861961143161977,-0.0810109586213269,3.365679303805033,7.285579601923625,52.98057778676351,0.8715745011965433,324.37393465081567,678.4010225710729,0.022133392401638197,0.005141903464153523,0.25,1613.0609794197558,1762.300815541777,0.0,0.125,stable_raw,null,505
skillnet:alfworld-object-heater,all_alfworld,late,True,-0.00020288064983073017,0.0892021807462168,0.23658523859019714,0.07759193933056988,3.24558629989624,6.933111906051636,49.90246734619141,0.8599326729774475,305.30794966191627,596.3728444294411,0.056681281819222815,0.012813715416991387,-0.0,1685.2049588576922,1781.8425526794663,0.0,-0.125,stable_raw,null,505
skillnet:alfworld-object-picker,all_alfworld,all,True,-5.010681613834798e-05,0.04908456349116447,0.10102669658529113,0.061629282983128544,2.6973196983337404,6.374558792114258,42.689895172119144,0.6347296237945557,264.0520734427062,461.73723364974086,0.07327629514451718,0.015766116621276603,-0.0,1571.5619296468815,1491.236435275697,0.0,-0.07142857142857142,stable_raw,null,505
skillnet:alfworld-object-picker,all_alfworld,initial,False,,,,,,,,,,,,,,,,0.0,,stable_raw,null,505
skillnet:alfworld-object-picker,all_alfworld,early,True,-1.611520697849513e-06,0.06885333768157355,0.18256530378072325,0.06043035379794678,2.607011298338572,6.098586201667786,40.14500363667806,0.5870896279811859,250.91114648778895,487.76473857889886,0.08250381968119644,0.013993268570485995,-0.0,1520.7662583774897,1478.085128112139,0.0,-0.25,stable_raw,null,505
skillnet:alfworld-object-picker,all_alfworld,middle,True,1.1072699646264225e-05,0.0,0.005219413120557385,-0.028366866344886714,2.7566861973868475,6.5114494694603815,43.787662506103516,0.6518444683816698,270.89049555872094,450.90523315386145,0.07309650393725028,0.016517265976037986,-0.0,1510.122431100613,1479.4072119687612,0.0,0.5,stable_raw,null,505
skillnet:alfworld-object-picker,all_alfworld,late,True,-8.911026135179411e-05,0.06284763492626737,0.11505868959864211,0.0980503180876022,2.6976553387112086,6.3933952119615345,42.92942598130968,0.6405876848432753,265.23763381387596,458.302125935801,0.07059163795811711,0.01599475377515045,-0.0,1611.356786134095,1499.9055127659792,0.0,0.0,stable_raw,null,505
skillnet:alfworld-object-placer,all_alfworld,all,True,-0.00014393378471280185,0.15264096127962626,0.40404049509831,0.17617909526007358,2.9697722654036176,6.898645254073837,43.82807321674657,0.7044274048679042,274.6916153326748,478.15955141533834,0.08092766114927451,0.016325465671086933,0.17391304347826086,1459.7602891227712,1484.6396744498002,0.0,0.0,stable_raw,null,505
skillnet:alfworld-object-placer,all_alfworld,initial,False,,,,,,,,,,,,,0.6666666666666666,,,0.0,-0.16666666666666666,stable_raw,null,505
skillnet:alfworld-object-placer,all_alfworld,early,True,8.244365567750988e-05,0.06919365331133864,0.23937999414046623,0.008991833933450686,3.0722280803479647,6.749749183654785,42.86931790803608,0.6923511028289795,268.67928729754533,493.5646877105283,0.04967907070169223,0.008227132732350732,0.25,1390.4635918215158,1456.3804811619125,0.0,0.0,stable_raw,null,505
skillnet:alfworld-object-placer,all_alfworld,middle,True,-2.381211081597914e-05,0.13038901991205623,0.38515391087100803,0.11505970454248962,3.0072985047199685,7.037508898094052,44.73352610478636,0.7003938330978644,280.2189178839675,507.5626758494105,0.08871385552860132,0.016994568117600677,0.1,1422.9417092649717,1472.9249979637086,0.0,-0.1,stable_raw,null,505
skillnet:alfworld-object-placer,all_alfworld,late,True,-0.00019431443497229406,0.1641610442902369,0.41876250454732145,0.20455352645486727,2.9529556115877997,6.8622732457426405,43.59031831603689,0.7062870582047197,273.2390490809959,467.9355044007756,0.08008172295511333,0.016537988096595267,-0.0,1475.1977341475153,1489.8787096851631,0.0,0.25,stable_raw,null,505
skillnet:alfworld-object-retriever,all_alfworld,all,True,-0.0001188258756001492,0.21572654958093568,0.3921689121616847,0.23677791701537526,2.873094604128883,6.739164057232085,44.94200206938244,0.6352491861297971,277.7186163627138,469.06690662227174,0.07922646949346826,0.017800135032547314,-0.0,1628.6173543691343,1589.9225896686132,0.0,0.0,stable_raw,null,505
skillnet:alfworld-object-retriever,all_alfworld,initial,False,,,,,,,,,,,,,-0.0,,,0.0,0.0,stable_raw,null,505
skillnet:alfworld-object-retriever,all_alfworld,early,True,3.0613798124437e-05,0.19911004052531409,0.35781629255337993,0.2628480782026499,2.913372427225113,6.739621549844742,45.04569220542908,0.6185078881680965,278.7097372853537,444.5475339251654,0.0697689399340036,0.01603899142696239,-0.0,1628.8396195057242,1561.6834952851943,0.0,0.0,stable_raw,null,505
skillnet:alfworld-object-retriever,all_alfworld,middle,True,-0.0009491649777878391,0.4494190498099013,0.7837934250314333,0.5034624799335384,2.853245973587036,6.857957363128662,44.60381507873535,0.6965440511703491,274.9826602828022,544.1540633243208,0.07290742821827154,0.015786517499509916,,1790.2497784930617,1661.6121655604002,0.0,,stable_raw,null,505
skillnet:alfworld-object-retriever,all_alfworld,late,True,-0.00043551385180543283,0.16394567651732259,0.3414298743801431,-0.07172424520224616,2.671511967976888,6.657528559366862,44.61444600423177,0.6836728652318319,273.91299653265366,558.659028204984,0.13549527399216274,0.028793310406886794,,1527.9202403056045,1702.2070657049103,0.0,,stable_raw,null,505
skillnet:alfworld-object-state-inspector,all_alfworld,all,True,0.00011342855456576211,0.07286475718334899,0.20575655313738342,-0.04290514324209731,3.0902703244294694,6.885547130262081,47.48613462400674,0.8101753533183046,294.0212481550049,590.6754887281616,0.11396860513530584,0.02469363648380925,0.05555555555555555,1358.1264213649483,1546.0532875760389,0.0,0.2222222222222222,stable_raw,null,505
skillnet:alfworld-object-state-inspector,all_alfworld,initial,True,0.0,0.0,0.0,-0.0,2.937583863735199,7.121330142021179,57.02856731414795,0.8159089460968971,347.37726068133685,697.4549222010194,0.06605627150673675,0.014219524841199233,-0.1,995.4434149087982,1296.2749847096597,0.0,0.1,stable_raw,null,505
skillnet:alfworld-object-state-inspector,all_alfworld,early,True,0.00028397668626638245,0.07834280251839505,0.25198806557012704,-0.03736202453050176,2.9447240375337147,6.844496528307597,47.349912734258744,0.7729559200150626,275.69512955250696,533.2177693451157,0.10666298933398695,0.023127597636243245,0.2857142857142857,1174.7497483566858,1330.9427810610423,0.0,0.42857142857142855,stable_raw,null,505
skillnet:alfworld-object-state-inspector,all_alfworld,middle,True,0.00020972114469286954,0.06484407062209165,0.2122005752383589,-0.10703507244343209,3.127040279948193,6.973984884179157,48.38252567208332,0.8188349870236024,302.46762827296385,605.992778199103,0.11310748088554631,0.023458981246007996,-0.0,1379.0338444621314,1561.3869291492472,0.0,0.0,stable_raw,null,505
skillnet:alfworld-object-state-inspector,all_alfworld,late,True,4.722539324851165e-05,0.07559028906184977,0.19713395096622405,-0.022254375134026838,3.1029250743714245,6.857686220696478,47.050845276225694,0.8129920030407833,293.99989001557435,595.3554551910179,0.11641000334552902,0.025586094279604128,,1392.7366261366333,1587.3827451046448,0.0,,stable_raw,null,505
skillnet:alfworld-object-storer,all_alfworld,all,True,-0.00035205842112153606,0.3873461280367769,0.6733655372323787,0.45672533139738763,2.878065824508667,5.979095935821533,42.40299606323242,0.7594382166862488,262.3716519628545,450.9675535520522,0.049725048807854874,0.008534962750631219,0.1111111111111111,1553.7081104323277,1485.4988552003674,0.0,0.05555555555555555,stable_raw,null,505
skillnet:alfworld-object-storer,all_alfworld,initial,False,,,,,,,,,,,,,,,,0.0,,stable_raw,null,505
skillnet:alfworld-object-storer,all_alfworld,early,False,,,,,,,,,,,,,0.25,,,0.0,0.125,stable_raw,null,505
skillnet:alfworld-object-storer,all_alfworld,middle,False,,,,,,,,,,,,,-0.0,,,0.0,0.0,stable_raw,null,505
skillnet:alfworld-object-storer,all_alfworld,late,True,-0.00035205842112153606,0.3873461280367769,0.6733655372323787,0.45672533139738763,2.878065824508667,5.979095935821533,42.40299606323242,0.7594382166862488,262.3716519628545,450.9675535520522,0.049725048807854874,0.008534962750631219,-0.0,1553.7081104323277,1485.4988552003674,0.0,0.0,stable_raw,null,505
skillnet:alfworld-object-transporter,all_alfworld,all,True,-0.00012187538355040164,0.20526623970021368,0.41939182917710505,0.09781587486500015,3.0784328513675265,7.172680088967988,47.126323314628216,0.8067479819962473,292.0725558428898,552.57036012223,0.09391797852237042,0.01859036846151531,-0.0,1529.7922533550304,1535.2458173229336,0.0,0.5,stable_raw,null,505
skillnet:alfworld-object-transporter,all_alfworld,initial,False,,,,,,,,,,,,,,,,0.0,,stable_raw,null,505
skillnet:alfworld-object-transporter,all_alfworld,early,False,,,,,,,,,,,,,,,,0.0,,stable_raw,null,505
skillnet:alfworld-object-transporter,all_alfworld,middle,True,-4.588909494305018e-05,0.14728758075017154,0.328857502220859,0.04277412849171767,3.052693107853765,7.29536365426105,48.36838332466457,0.803718432136204,299.0055817628804,584.1351664121363,0.082944550784808,0.017657950190672008,,1405.419834482489,1493.5027289401971,0.0,,stable_raw,null,505
skillnet:alfworld-object-transporter,all_alfworld,late,True,-0.0001456896430727056,0.2234368709587836,0.4477654739139081,0.11506607166652373,3.0862225105887964,7.135552167892456,46.75043673264353,0.8076648194538919,289.8997312246659,542.6778847488985,0.09735707340094671,0.018882590270109502,-0.0,1568.7708258676619,1548.3281872903067,0.0,0.5,stable_raw,null,505
skillnet:alfworld-receptacle-closer,all_alfworld,all,False,,,,,,,,,,,,,0.2,,,0.0,-0.2,stable_raw,null,505
skillnet:alfworld-receptacle-closer,all_alfworld,initial,False,,,,,,,,,,,,,,,,0.0,,stable_raw,null,505
skillnet:alfworld-receptacle-closer,all_alfworld,early,False,,,,,,,,,,,,,,,,0.0,,stable_raw,null,505
skillnet:alfworld-receptacle-closer,all_alfworld,middle,False,,,,,,,,,,,,,0.25,,,0.0,-0.25,stable_raw,null,505
skillnet:alfworld-receptacle-closer,all_alfworld,late,False,,,,,,,,,,,,,-0.0,,,0.0,0.0,stable_raw,null,505
skillnet:alfworld-receptacle-finder,all_alfworld,all,True,-4.644480045923918e-05,0.1348014652327758,0.3833761096473867,0.07019991069083584,3.085696912791631,7.239379950309997,48.361900590870476,0.7915321848436033,275.4968327957478,472.48909358203116,0.11275754042450464,0.022468229057948905,0.1,1185.0769621481522,1175.156925352283,0.0,0.1,stable_raw,null,505
skillnet:alfworld-receptacle-finder,all_alfworld,initial,True,-0.0003218359126420395,0.10579928741439705,0.49722383140454995,-0.0054893893217170045,2.908446818590164,6.319528162479401,48.796536922454834,0.8048340305685997,295.2205145991801,589.8490418854818,0.03217968999068401,0.00515596694343429,0.3333333333333333,1559.8624551490304,1604.972629013349,0.0,-0.16666666666666666,stable_raw,null,505
skillnet:alfworld-receptacle-finder,all_alfworld,early,True,-0.00020094924157124742,0.028677583004903653,0.06464580902600447,-0.23391964080780098,2.65041176478068,6.283070723215739,44.289895375569664,0.7199138601620992,271.39406795107664,582.7805807503847,0.03487148232747922,0.005006152702779451,-0.0,1849.147205062549,1570.7943037564974,0.0,0.5,stable_raw,null,505
skillnet:alfworld-receptacle-finder,all_alfworld,middle,True,-0.0001960911272404458,0.10571958942600196,0.3289037868892715,0.037988426437302554,3.039030651835834,7.183337583261378,47.751382266773895,0.7924009828883058,264.3364347863802,439.22498108233907,0.11526453198709863,0.024026871838239816,-0.0,1088.588961622267,1098.285829172156,0.0,1.0,stable_raw,null,505
skillnet:alfworld-receptacle-finder,all_alfworld,late,True,5.429273543604156e-05,0.1546060906523188,0.41543332585454135,0.0970135121330938,3.1278194980961938,7.339655828475952,48.7208589553833,0.7918847701379231,281.2103140202013,485.066820867582,0.11594046806635666,0.02257289396482095,-0.0,1214.4799391866184,1195.3041841990107,0.0,0.0,stable_raw,null,505
skillnet:alfworld-receptacle-navigator,all_alfworld,all,True,-3.065307946752371e-05,0.3190736900946308,0.683093169074855,0.4932096471572288,3.0499913692474365,7.474459330240886,52.14030838012695,0.7560218572616577,324.9091224818587,625.4913395464582,0.02064369176909569,0.004166530998672867,-0.0,1338.209035519778,1534.2576069592214,0.0,0.0,stable_raw,null,505
skillnet:alfworld-receptacle-navigator,all_alfworld,initial,False,,,,,,,,,,,,,,,,0.0,,stable_raw,null,505
skillnet:alfworld-receptacle-navigator,all_alfworld,early,True,-3.065307946752371e-05,0.3190736900946308,0.683093169074855,0.4932096471572288,3.0499913692474365,7.474459330240886,52.14030838012695,0.7560218572616577,324.9091224818587,625.4913395464582,0.02064369176909569,0.004166530998672867,-0.0,1338.209035519778,1534.2576069592214,0.0,0.0,stable_raw,null,505
skillnet:alfworld-receptacle-navigator,all_alfworld,middle,False,,,,,,,,,,,,,,,,0.0,,stable_raw,null,505
skillnet:alfworld-receptacle-navigator,all_alfworld,late,False,,,,,,,,,,,,,,,,0.0,,stable_raw,null,505
skillnet:alfworld-receptacle-opener,all_alfworld,all,False,,,,,,,,,,,,,-0.0,,,0.0,-0.0625,stable_raw,null,505
skillnet:alfworld-receptacle-opener,all_alfworld,initial,False,,,,,,,,,,,,,,,,0.0,,stable_raw,null,505
skillnet:alfworld-receptacle-opener,all_alfworld,early,False,,,,,,,,,,,,,-0.0,,,0.0,-0.5,stable_raw,null,505
skillnet:alfworld-receptacle-opener,all_alfworld,middle,False,,,,,,,,,,,,,-0.0,,,0.0,0.0,stable_raw,null,505
skillnet:alfworld-receptacle-opener,all_alfworld,late,False,,,,,,,,,,,,,-0.0,,,0.0,0.0,stable_raw,null,505
skillnet:alfworld-receptacle-operator,all_alfworld,all,False,,,,,,,,,,,,,-0.0,,,0.0,-0.21428571428571427,stable_raw,null,505
skillnet:alfworld-receptacle-operator,all_alfworld,initial,False,,,,,,,,,,,,,,,,0.0,,stable_raw,null,505
skillnet:alfworld-receptacle-operator,all_alfworld,early,False,,,,,,,,,,,,,-0.0,,,0.0,-0.5,stable_raw,null,505
skillnet:alfworld-receptacle-operator,all_alfworld,middle,False,,,,,,,,,,,,,-0.0,,,0.0,-0.16666666666666666,stable_raw,null,505
skillnet:alfworld-receptacle-operator,all_alfworld,late,False,,,,,,,,,,,,,-0.0,,,0.0,0.0,stable_raw,null,505
skillnet:alfworld-receptacle-searcher,all_alfworld,all,False,,,,,,,,,,,,,-0.0,,,0.0,-0.25,stable_raw,null,505
skillnet:alfworld-receptacle-searcher,all_alfworld,initial,False,,,,,,,,,,,,,-0.0,,,0.0,-0.25,stable_raw,null,505
skillnet:alfworld-receptacle-searcher,all_alfworld,early,False,,,,,,,,,,,,,,,,0.0,,stable_raw,null,505
skillnet:alfworld-receptacle-searcher,all_alfworld,middle,False,,,,,,,,,,,,,,,,0.0,,stable_raw,null,505
skillnet:alfworld-receptacle-searcher,all_alfworld,late,False,,,,,,,,,,,,,,,,0.0,,stable_raw,null,505
skillnet:alfworld-storage-explorer,all_alfworld,all,True,-1.1469884923718916e-05,0.06136876197493056,0.10428374805219472,0.01880691028550874,2.8757475639742127,7.083118737871045,48.13469392226986,0.6808326622933248,296.2844885661724,610.3356168246288,0.07033304969299961,0.014913446583216807,0.06818181818181818,1618.4906830056282,1713.6640963705768,0.0,-0.03409090909090909,stable_raw,null,505
skillnet:alfworld-storage-explorer,all_alfworld,initial,True,-8.176958181174029e-05,0.008895760795080289,0.07209596935316148,-0.011968021629136778,2.8261555284261703,7.541433021426201,57.271495938301086,0.6899825446307659,343.46517676266774,681.7836951499119,0.050093444808742796,0.008261221140270343,-0.043478260869565216,1494.2108633503576,1769.876959598528,0.0,-0.043478260869565216,stable_raw,null,505
skillnet:alfworld-storage-explorer,all_alfworld,early,True,-2.5791374743600823e-05,0.1069549671773426,0.17255634759753927,0.04197079125245544,2.702747721142239,6.771719037161933,45.84775513543023,0.6637349466482798,282.46583638356236,544.2209970788844,0.10020933952462915,0.016557293446471034,0.2222222222222222,1635.0921022209175,1662.071383994144,0.0,-0.027777777777777776,stable_raw,null,505
skillnet:alfworld-storage-explorer,all_alfworld,middle,True,-5.5801936164018105e-06,0.08125454926395909,0.13112643111123454,0.034885152625094513,2.9363066025755624,7.210784091190859,48.48727137392218,0.6850643408569422,299.26709662747686,619.849725829723,0.0686796952620961,0.015187058386830505,-0.0,1575.4013744326119,1678.5833214848092,0.0,0.0,stable_raw,null,505
skillnet:alfworld-storage-explorer,all_alfworld,late,True,-7.859355023359056e-06,0.05121375256693687,0.087792097109409,0.012057206340660279,2.8865604428403984,7.067962022073654,47.887428023454156,0.6816666435679659,295.22099169187476,613.8452862503012,0.06739760716469964,0.0149009880530456,-0.0,1634.692322378216,1729.0538561141368,0.0,0.0,stable_raw,null,505
skillnet:alfworld-temperature-regulator,all_alfworld,all,False,,,,,,,,,,,,,-0.0,,,0.0,-0.08333333333333333,stable_raw,null,505
skillnet:alfworld-temperature-regulator,all_alfworld,initial,False,,,,,,,,,,,,,,,,0.0,,stable_raw,null,505
skillnet:alfworld-temperature-regulator,all_alfworld,early,False,,,,,,,,,,,,,,,,0.0,,stable_raw,null,505
skillnet:alfworld-temperature-regulator,all_alfworld,middle,False,,,,,,,,,,,,,-0.0,,,0.0,-0.25,stable_raw,null,505
skillnet:alfworld-temperature-regulator,all_alfworld,late,False,,,,,,,,,,,,,-0.0,,,0.0,0.0,stable_raw,null,505
skillnet:alfworld-tool-locator,all_alfworld,all,True,1.1092847768888642e-05,0.14416156698200588,0.45629504683173827,0.0241886485053281,3.0623855888843536,7.193921446800232,57.2906608581543,0.8397916853427887,351.6416990032373,904.1091112025453,0.03545755592934128,0.00423888402205301,0.25,1398.1686115435084,1734.5809469504475,0.0,0.125,stable_raw,null,505
skillnet:alfworld-tool-locator,all_alfworld,initial,True,1.1092847768888642e-05,0.14416156698200588,0.45629504683173827,0.0241886485053281,3.0623855888843536,7.193921446800232,57.2906608581543,0.8397916853427887,351.6416990032373,904.1091112025453,0.03545755592934128,0.00423888402205301,,1398.1686115435084,1734.5809469504475,0.0,,stable_raw,null,505
skillnet:alfworld-tool-locator,all_alfworld,early,False,,,,,,,,,,,,,0.25,,,0.0,0.125,stable_raw,null,505
skillnet:alfworld-tool-locator,all_alfworld,middle,False,,,,,,,,,,,,,,,,0.0,,stable_raw,null,505
skillnet:alfworld-tool-locator,all_alfworld,late,False,,,,,,,,,,,,,,,,0.0,,stable_raw,null,505
skillnet:alfworld-appliance-navigator,all_alfworld,all,True,0.0005720980149363599,0.13381194130190505,0.2631868947461325,-0.0050564984028299885,2.769281282424927,6.234568354866721,41.96636162497781,0.6705727754939687,260.47090439664987,472.9557048563515,0.04381169884122208,0.008939258061102462,0.04838709677419355,1543.5000450397222,1493.4846894897591,0.0,-0.04032258064516129,stable_centered_gate,null,505
skillnet:alfworld-appliance-navigator,all_alfworld,initial,True,0.0002567044338591536,0.11528469147518083,0.2850916456630243,-0.031009950543935558,2.6889652729034426,6.35944904088974,45.880203819274904,0.6800533726811409,282.8287676169476,555.6021348364452,0.06486373810278956,0.008939433681832441,0.047619047619047616,1448.8271659534596,1518.3591230929392,0.0,-0.07142857142857142,stable_centered_gate,null,505
skillnet:alfworld-appliance-navigator,all_alfworld,early,True,0.00039678384251895656,0.12118195509655114,0.258196219658507,-0.009614763915292228,2.6667990120974454,6.093536177548495,41.48218467018821,0.6320158860900186,255.9939238607786,449.637941624647,0.03521309589573603,0.006586158522630486,-0.0,1523.2026264256885,1451.675483367986,0.0,0.0,stable_centered_gate,null,505
skillnet:alfworld-appliance-navigator,all_alfworld,middle,True,0.00012771925306954732,0.08482996230379945,0.15775410734439313,-0.011445404129678875,2.864155877204168,6.2393209139506025,40.474497568039666,0.6854690582979293,251.6558619865786,438.6109087420133,0.03944161454417703,0.008649554413570558,-0.0,1608.4198326158153,1520.2512162367707,0.0,0.0,stable_centered_gate,null,505
skillnet:alfworld-appliance-navigator,all_alfworld,late,True,0.000866228522213605,0.15951490173751792,0.29422532709864213,0.005390497841053661,2.8045307916143667,6.253133100012074,41.47892927086872,0.6786580012328383,259.4466510374767,472.381743288764,0.043261551023031655,0.009950122285125408,0.16666666666666666,1554.0463850864735,1494.6590381315314,0.0,0.08333333333333333,stable_centered_gate,null,505
skillnet:alfworld-appliance-preparer,all_alfworld,all,True,0.0015328429441310342,0.26460160068873584,0.39591093635203406,0.12798483841340275,3.061484007608323,6.738828318459647,50.40604545956566,0.8097673257191976,311.77587222736685,576.8948652431576,0.020736329675947053,0.004495235382222651,-0.0,1662.0090921836077,1693.8118549203828,0.0,0.0,stable_centered_gate,null,505
skillnet:alfworld-appliance-preparer,all_alfworld,initial,False,,,,,,,,,,,,,,,,0.0,,stable_centered_gate,null,505
skillnet:alfworld-appliance-preparer,all_alfworld,early,True,0.002486154365971231,0.3429636255762919,0.344084557244994,0.12078086595467573,3.1424827575683594,6.111433506011963,48.695003509521484,0.8371415734291077,301.2739450756589,592.0454154931233,0.0031500605998695183,0.0010243408709973768,,1782.169074645076,1696.3320617350912,0.0,,stable_centered_gate,null,505
skillnet:alfworld-appliance-preparer,all_alfworld,middle,True,0.002131471748932096,0.24832023871924921,0.29752069677186854,0.013968195188086528,3.170167326927185,6.894641280174255,51.88607120513916,0.8294336497783661,320.6986725888011,595.5963027668291,0.006154084788269503,0.0014382986059457178,-0.0,1676.7315467125597,1706.5541172947408,0.0,0.0,stable_centered_gate,null,505
skillnet:alfworld-appliance-preparer,all_alfworld,late,True,0.0012526607950285075,0.25880450560745316,0.42847082595122904,0.15891604507557366,3.021701955795288,6.780930836995442,50.23951085408529,0.800873072942098,310.77889199972367,570.0242407164648,0.02683632347488972,0.005746240260464861,-0.0,1642.675583014279,1690.1343908457063,0.0,0.0,stable_centered_gate,null,505
skillnet:alfworld-clean-object,all_alfworld,all,True,0.00014067131390468394,0.1352984415604372,0.3957967542584737,0.022671935772005342,3.5912177944386907,8.25482764595219,53.544662976341286,0.8878698124129846,329.9646729114404,629.2427221331588,0.07906419070002069,0.0169179571661953,0.10810810810810811,1442.0708533525337,1489.4937776585389,0.0,0.14864864864864866,stable_centered_gate,null,505
skillnet:alfworld-clean-object,all_alfworld,initial,True,0.0008639288639703013,0.0187014679942201,0.13781160156870426,-0.16466507425749952,3.380250006914139,7.747583657503128,57.21107769012451,0.9093624241650105,353.06823146308597,749.6083742220419,0.05113616042620714,0.010499279583294387,0.28,1317.1263089448164,1698.9088245553032,0.0,0.14,stable_centered_gate,null,505
skillnet:alfworld-clean-object,all_alfworld,early,True,0.0002428751576610304,0.09606386655655763,0.2930028149887596,-0.030588101708395148,3.4954679718724004,8.156279022310986,54.01088356677397,0.8852455100895446,337.8646167820395,655.2058784874396,0.09365783339353091,0.018079447983299114,-0.2222222222222222,1407.3617338879465,1485.477714283853,0.0,0.1111111111111111,stable_centered_gate,null,505
skillnet:alfworld-clean-object,all_alfworld,middle,True,6.645234174483784e-05,0.12765899083273408,0.33433748381009365,0.05452483939281979,3.5366152911716036,8.075003515879313,52.643844468858504,0.8833953898482853,312.4166809696501,593.8728755586986,0.07859353136579211,0.016997284776222782,-0.0,1361.9393191298811,1378.1385544566926,0.0,1.0,stable_centered_gate,null,505
skillnet:alfworld-clean-object,all_alfworld,late,True,0.00014315394872985968,0.14590737003191054,0.4397941188811299,0.020152405260226287,3.629293865110816,8.346793128222954,53.717439660793396,0.8892932787174131,335.7667178794297,638.093046661135,0.07802170565691544,0.016876351883289904,-0.5,1482.4090588289598,1531.780063070036,0.0,0.0,stable_centered_gate,null,505
skillnet:alfworld-device-operator,all_alfworld,all,True,0.0007580431453915261,0.16797343259232791,0.36837920516903827,0.09572873387230621,3.046060251237373,6.733098722068516,46.97131123063127,0.8244015946984291,286.51678416215736,515.3462473907799,0.06429421796405013,0.012939053943325106,0.03389830508474576,1459.3138136095993,1452.9436039840396,0.0,0.1016949152542373,stable_centered_gate,null,505
skillnet:alfworld-device-operator,all_alfworld,initial,True,0.0,0.0,0.0,-0.0,2.912476897239685,7.261175692081451,54.20633840560913,0.8637811243534088,324.81034166225095,518.6519077496631,0.23979215955811448,0.022041496074958554,-0.09090909090909091,1506.1646346969314,1565.936608354804,0.0,0.09090909090909091,stable_centered_gate,null,505
skillnet:alfworld-device-operator,all_alfworld,early,True,0.00038935902793922573,0.13283469867619419,0.28217432471226295,0.08364800901312487,2.9519741711793124,6.74721657788312,46.70597641556351,0.7863437032993928,289.3145122605235,510.9912928354919,0.07984036505781947,0.01513734362272317,0.07407407407407407,1470.177176393942,1467.1901519631058,0.0,0.1111111111111111,stable_centered_gate,null,505
skillnet:alfworld-device-operator,all_alfworld,middle,True,0.0009090438471428721,0.17944243672298185,0.3830331089840704,0.09515447951918456,3.048322343826294,6.6215875515571,46.27530247614934,0.8252260872950921,285.99628516556857,512.7885446107848,0.05511799604518133,0.011475790872119253,0.2857142857142857,1533.5276574709458,1518.9350782953925,0.0,0.14285714285714285,stable_centered_gate,null,505
skillnet:alfworld-device-operator,all_alfworld,late,True,0.0007876920506059306,0.17291296306890028,0.38348995578301726,0.09916246872111578,3.064431295614013,6.7530730986229965,47.08967674639345,0.8302231897280044,285.671589660649,516.6853579974095,0.06179550886358454,0.012848816104188143,-0.0,1437.087017109809,1431.4466832736032,0.0,0.0,stable_centered_gate,null,505
skillnet:alfworld-heat-object-with-appliance,all_alfworld,all,True,0.00034050037866773886,0.06386597714570766,0.10489028337512137,0.0021238548962103994,3.0541291622266376,6.938990299015829,46.42299651054487,0.7834926312916899,288.88146333235596,535.6175186252726,0.07221593715027402,0.015603617087158544,-0.1875,1464.4934048200244,1503.0792225307532,0.0,0.109375,stable_centered_gate,null,505
skillnet:alfworld-heat-object-with-appliance,all_alfworld,initial,False,,,,,,,,,,,,,,,,0.0,,stable_centered_gate,null,505
skillnet:alfworld-heat-object-with-appliance,all_alfworld,early,True,0.00034972670162636174,0.021334697613997176,0.021334697613997176,-0.030620317729000437,3.153725743293762,7.475777053833008,49.71075439453125,0.7698373615741729,304.47398570122124,553.6431796188571,0.07908665592507858,0.012080703510934165,-0.15384615384615385,1444.9232171511285,1516.4316224775246,0.0,0.15384615384615385,stable_centered_gate,null,505
skillnet:alfworld-heat-object-with-appliance,all_alfworld,middle,True,0.00018841672103634685,0.05154702530029467,0.0864495779245582,-0.008754706372965743,3.0904821371420836,7.062686471857576,47.00149441580487,0.7881810675319444,292.0151193758317,548.9698353361034,0.06932458878175161,0.015358246385743896,-0.3333333333333333,1416.2941033318236,1471.217436710766,0.0,0.041666666666666664,stable_centered_gate,null,505
skillnet:alfworld-heat-object-with-appliance,all_alfworld,late,True,0.00041644510775976074,0.072036534255998,0.11804891638110473,0.009114491714280203,3.03207343165614,6.855627610903828,46.00046779728737,0.7817615626238975,286.58037688066645,528.0712006878222,0.07334742922468357,0.015891184002602046,-0.0,1489.611638241984,1518.4570549863543,0.0,0.14285714285714285,stable_centered_gate,null,505
skillnet:alfworld-inventory-management,all_alfworld,all,True,0.00016015701013728377,0.03543636032610703,0.15012186096078353,-0.029493956696906617,2.872859136522532,6.602468116819143,45.20456794359263,0.7457428935461552,283.4476666898799,545.6875950731425,0.07169405481555771,0.015278960520089672,-0.0,1472.2784187166349,1559.0152264360993,0.0,0.0,stable_centered_gate,null,505
skillnet:alfworld-inventory-management,all_alfworld,initial,False,,,,,,,,,,,,,,,,0.0,,stable_centered_gate,null,505
skillnet:alfworld-inventory-management,all_alfworld,early,True,-0.00015273322096257994,0.022521420709920633,0.1294835689610132,0.03998001054729239,2.864451943217097,6.530255768750165,45.447770917737806,0.718038344705427,284.1731513801636,556.6482087857502,0.049805013667444296,0.011078746178523944,-0.0,1533.7332932658294,1641.8347612537996,0.0,0.0,stable_centered_gate,null,505
skillnet:alfworld-inventory-management,all_alfworld,middle,True,9.607136052445977e-05,0.02941482643093374,0.14285010447705918,0.009211535094806265,2.900604184468587,6.752076980045864,46.255269659133184,0.7409202399707976,289.94703937553254,565.0335428037607,0.07279506425362724,0.015826408185111124,,1443.81027694825,1539.5964490322497,0.0,,stable_centered_gate,null,505
skillnet:alfworld-inventory-management,all_alfworld,late,True,0.0002037180613197651,0.038062970021798516,0.15374233539469193,-0.045172799090257065,2.866958538150571,6.572905591285688,44.933996083785075,0.7492155623273785,281.7881372186705,539.9649321495388,0.07337105693337283,0.015518254178996651,,1473.7978210781614,1556.413300794897,0.0,,stable_centered_gate,null,505
skillnet:alfworld-locate-target-object,all_alfworld,all,True,-1.6000698482431578e-05,0.0794173321337305,0.34229571406834974,-0.1753028428632175,2.9008186070815376,6.5310032264046045,46.260084732719086,0.7690205574035645,285.16132249854206,526.7341919275536,0.058319544931250154,0.014504758600807093,-0.0,1511.193399615673,1585.1304189981695,0.0,0.0,stable_centered_gate,null,505
skillnet:alfworld-locate-target-object,all_alfworld,initial,True,0.001299508377557494,0.12285236598264217,0.3121349766680989,-0.48530358399519585,2.8615524768829346,6.524388790130615,44.72352600097656,0.7463579177856445,274.89858223245886,527.8919104710118,0.016514413644174192,0.002661645928540105,-0.0,1366.6641055887042,1367.7199757645856,0.0,0.0,stable_centered_gate,null,505
skillnet:alfworld-locate-target-object,all_alfworld,early,True,-0.0007294971465040861,0.05585934767330386,0.3586540801159434,-0.007166847672991962,2.9217605431874594,6.534530925750732,47.07958272298177,0.7811072985331218,290.72755450726515,526.1062767853391,0.08099351444288458,0.020928141745087493,,1589.5821692574182,1703.0479475316383,0.0,,stable_centered_gate,null,505
skillnet:alfworld-locate-target-object,all_alfworld,middle,False,,,,,,,,,,,,,,,,0.0,,stable_centered_gate,null,505
skillnet:alfworld-locate-target-object,all_alfworld,late,False,,,,,,,,,,,,,,,,0.0,,stable_centered_gate,null,505
skillnet:alfworld-object-cooler,all_alfworld,all,True,0.0,0.0,0.0,-0.0,3.201037493016985,6.877710448371039,46.34216170840793,0.7756320784489313,290.92775741708044,539.0179528346575,0.08109697869961972,0.014838445678623587,-0.0,1413.0038211564856,1546.2816814973237,0.0,0.21428571428571427,stable_centered_gate,null,505
skillnet:alfworld-object-cooler,all_alfworld,initial,False,,,,,,,,,,,,,,,,0.0,,stable_centered_gate,null,505
skillnet:alfworld-object-cooler,all_alfworld,early,True,0.0,0.0,0.0,-0.0,3.2963611284891763,6.864701747894287,46.645938873291016,0.8180616100629171,294.8626220966049,557.5212809490533,0.14771016879420715,0.026113884557472024,-0.0,1598.5433243358905,1794.2290959936938,0.0,0.2222222222222222,stable_centered_gate,null,505
skillnet:alfworld-object-cooler,all_alfworld,middle,True,0.0,0.0,0.0,-0.0,2.9688228964805603,6.469852089881897,43.72856616973877,0.7983847558498383,275.89985403200825,608.1589260959732,0.045524745495630944,0.01097718632759985,0.16666666666666666,1453.482316736407,1570.9297938315042,0.0,0.3333333333333333,stable_centered_gate,null,505
skillnet:alfworld-object-cooler,all_alfworld,late,True,0.0,0.0,0.0,-0.0,3.2232060268007476,6.935312501315413,46.67123242082267,0.7681045162266699,292.4503286307247,528.3521459324003,0.07897111942366956,0.014203212357994273,-0.16666666666666666,1389.2888626521055,1518.3443057250784,0.0,0.08333333333333333,stable_centered_gate,null,505
skillnet:alfworld-object-disposer,all_alfworld,all,False,,,,,,,,,,,,,-0.0,,,0.0,0.0,stable_centered_gate,null,505
skillnet:alfworld-object-disposer,all_alfworld,initial,False,,,,,,,,,,,,,,,,0.0,,stable_centered_gate,null,505
skillnet:alfworld-object-disposer,all_alfworld,early,False,,,,,,,,,,,,,-0.0,,,0.0,0.0,stable_centered_gate,null,505
skillnet:alfworld-object-disposer,all_alfworld,middle,False,,,,,,,,,,,,,,,,0.0,,stable_centered_gate,null,505
skillnet:alfworld-object-disposer,all_alfworld,late,False,,,,,,,,,,,,,,,,0.0,,stable_centered_gate,null,505
skillnet:alfworld-object-heater,all_alfworld,all,True,0.0005438822344562718,0.06052100968690361,0.158638058478254,-0.010484834509246251,3.309688723605612,7.092288162397302,51.53067762955375,0.8687810871912085,315.6930001735068,642.0608538539054,0.03597498721048432,0.008208413390668528,0.1111111111111111,1651.2154490994424,1775.9394506966046,0.0,0.0,stable_centered_gate,null,505
skillnet:alfworld-object-heater,all_alfworld,initial,False,,,,,,,,,,,,,,,,0.0,,stable_centered_gate,null,505
skillnet:alfworld-object-heater,all_alfworld,early,True,0.0,0.0,0.0,-0.0,3.2788259983062744,6.364553451538086,50.413978576660156,0.923744261264801,309.50906592338646,639.9244877838008,0.0013436110911142294,0.00034335338563566784,-0.0,1803.4203428085116,1897.3567783412973,0.0,0.0,stable_centered_gate,null,505
skillnet:alfworld-object-heater,all_alfworld,middle,True,0.0005101468628909355,0.042275056140306175,0.10861961143161977,-0.0810109586213269,3.365679303805033,7.285579601923625,52.98057778676351,0.8715745011965433,324.37393465081567,678.4010225710729,0.022133392401638197,0.005141903464153523,0.25,1613.0609794197558,1762.300815541777,0.0,0.125,stable_centered_gate,null,505
skillnet:alfworld-object-heater,all_alfworld,late,True,0.0006371811746448657,0.0892021807462168,0.23658523859019714,0.07759193933056988,3.24558629989624,6.933111906051636,49.90246734619141,0.8599326729774475,305.30794966191627,596.3728444294411,0.056681281819222815,0.012813715416991387,-0.0,1685.2049588576922,1781.8425526794663,0.0,-0.125,stable_centered_gate,null,505
skillnet:alfworld-object-picker,all_alfworld,all,True,0.00012445453545382096,0.04908456349116447,0.10102669658529113,0.061629282983128544,2.6973196983337404,6.374558792114258,42.689895172119144,0.6347296237945557,264.0520734427062,461.73723364974086,0.07327629514451718,0.015766116621276603,-0.0,1571.5619296468815,1491.236435275697,0.0,-0.07142857142857142,stable_centered_gate,null,505
skillnet:alfworld-object-picker,all_alfworld,initial,False,,,,,,,,,,,,,,,,0.0,,stable_centered_gate,null,505
skillnet:alfworld-object-picker,all_alfworld,early,True,0.0005908511588724619,0.06885333768157355,0.18256530378072325,0.06043035379794678,2.607011298338572,6.098586201667786,40.14500363667806,0.5870896279811859,250.91114648778895,487.76473857889886,0.08250381968119644,0.013993268570485995,-0.0,1520.7662583774897,1478.085128112139,0.0,-0.25,stable_centered_gate,null,505
skillnet:alfworld-object-picker,all_alfworld,middle,True,-2.29968328730646e-05,0.0,0.005219413120557385,-0.028366866344886714,2.7566861973868475,6.5114494694603815,43.787662506103516,0.6518444683816698,270.89049555872094,450.90523315386145,0.07309650393725028,0.016517265976037986,-0.0,1510.122431100613,1479.4072119687612,0.0,0.5,stable_centered_gate,null,505
skillnet:alfworld-object-picker,all_alfworld,late,True,4.4205645282639e-05,0.06284763492626737,0.11505868959864211,0.0980503180876022,2.6976553387112086,6.3933952119615345,42.92942598130968,0.6405876848432753,265.23763381387596,458.302125935801,0.07059163795811711,0.01599475377515045,-0.0,1611.356786134095,1499.9055127659792,0.0,0.0,stable_centered_gate,null,505
skillnet:alfworld-object-placer,all_alfworld,all,True,0.0005651087360447588,0.15264096127962626,0.40404049509831,0.17617909526007358,2.9697722654036176,6.898645254073837,43.82807321674657,0.7044274048679042,274.6916153326748,478.15955141533834,0.08092766114927451,0.016325465671086933,0.17391304347826086,1459.7602891227712,1484.6396744498002,0.0,0.0,stable_centered_gate,null,505
skillnet:alfworld-object-placer,all_alfworld,initial,False,,,,,,,,,,,,,0.6666666666666666,,,0.0,-0.16666666666666666,stable_centered_gate,null,505
skillnet:alfworld-object-placer,all_alfworld,early,True,0.00019120327651134464,0.06919365331133864,0.23937999414046623,0.008991833933450686,3.0722280803479647,6.749749183654785,42.86931790803608,0.6923511028289795,268.67928729754533,493.5646877105283,0.04967907070169223,0.008227132732350732,0.25,1390.4635918215158,1456.3804811619125,0.0,0.0,stable_centered_gate,null,505
skillnet:alfworld-object-placer,all_alfworld,middle,True,0.0003747379057419944,0.13038901991205623,0.38515391087100803,0.11505970454248962,3.0072985047199685,7.037508898094052,44.73352610478636,0.7003938330978644,280.2189178839675,507.5626758494105,0.08871385552860132,0.016994568117600677,0.1,1422.9417092649717,1472.9249979637086,0.0,-0.1,stable_centered_gate,null,505
skillnet:alfworld-object-placer,all_alfworld,late,True,0.0006457505076355065,0.1641610442902369,0.41876250454732145,0.20455352645486727,2.9529556115877997,6.8622732457426405,43.59031831603689,0.7062870582047197,273.2390490809959,467.9355044007756,0.08008172295511333,0.016537988096595267,-0.0,1475.1977341475153,1489.8787096851631,0.0,0.25,stable_centered_gate,null,505
skillnet:alfworld-object-retriever,all_alfworld,all,True,0.0005532524108513915,0.21572654958093568,0.3921689121616847,0.23677791701537526,2.873094604128883,6.739164057232085,44.94200206938244,0.6352491861297971,277.7186163627138,469.06690662227174,0.07922646949346826,0.017800135032547314,-0.0,1628.6173543691343,1589.9225896686132,0.0,0.0,stable_centered_gate,null,505
skillnet:alfworld-object-retriever,all_alfworld,initial,False,,,,,,,,,,,,,-0.0,,,0.0,0.0,stable_centered_gate,null,505
skillnet:alfworld-object-retriever,all_alfworld,early,True,0.0005910326126647057,0.19911004052531409,0.35781629255337993,0.2628480782026499,2.913372427225113,6.739621549844742,45.04569220542908,0.6185078881680965,278.7097372853537,444.5475339251654,0.0697689399340036,0.01603899142696239,-0.0,1628.8396195057242,1561.6834952851943,0.0,0.0,stable_centered_gate,null,505
skillnet:alfworld-object-retriever,all_alfworld,middle,True,-0.000274002281110665,0.4494190498099013,0.7837934250314333,0.5034624799335384,2.853245973587036,6.857957363128662,44.60381507873535,0.6965440511703491,274.9826602828022,544.1540633243208,0.07290742821827154,0.015786517499509916,,1790.2497784930617,1661.6121655604002,0.0,,stable_centered_gate,null,505
skillnet:alfworld-object-retriever,all_alfworld,late,True,0.0008530880266312244,0.16394567651732259,0.3414298743801431,-0.07172424520224616,2.671511967976888,6.657528559366862,44.61444600423177,0.6836728652318319,273.91299653265366,558.659028204984,0.13549527399216274,0.028793310406886794,,1527.9202403056045,1702.2070657049103,0.0,,stable_centered_gate,null,505
skillnet:alfworld-object-state-inspector,all_alfworld,all,True,0.00031914957290842623,0.07286475718334899,0.20575655313738342,-0.04290514324209731,3.0902703244294694,6.885547130262081,47.48613462400674,0.8101753533183046,294.0212481550049,590.6754887281616,0.11396860513530584,0.02469363648380925,0.05555555555555555,1358.1264213649483,1546.0532875760389,0.0,0.2222222222222222,stable_centered_gate,null,505
skillnet:alfworld-object-state-inspector,all_alfworld,initial,True,0.0,0.0,0.0,-0.0,2.937583863735199,7.121330142021179,57.02856731414795,0.8159089460968971,347.37726068133685,697.4549222010194,0.06605627150673675,0.014219524841199233,-0.1,995.4434149087982,1296.2749847096597,0.0,0.1,stable_centered_gate,null,505
skillnet:alfworld-object-state-inspector,all_alfworld,early,True,0.0004746729690592926,0.07834280251839505,0.25198806557012704,-0.03736202453050176,2.9447240375337147,6.844496528307597,47.349912734258744,0.7729559200150626,275.69512955250696,533.2177693451157,0.10666298933398695,0.023127597636243245,0.2857142857142857,1174.7497483566858,1330.9427810610423,0.0,0.42857142857142855,stable_centered_gate,null,505
skillnet:alfworld-object-state-inspector,all_alfworld,middle,True,0.00038083355700497395,0.06484407062209165,0.2122005752383589,-0.10703507244343209,3.127040279948193,6.973984884179157,48.38252567208332,0.8188349870236024,302.46762827296385,605.992778199103,0.11310748088554631,0.023458981246007996,-0.0,1379.0338444621314,1561.3869291492472,0.0,0.0,stable_centered_gate,null,505
skillnet:alfworld-object-state-inspector,all_alfworld,late,True,0.00027093152412369434,0.07559028906184977,0.19713395096622405,-0.022254375134026838,3.1029250743714245,6.857686220696478,47.050845276225694,0.8129920030407833,293.99989001557435,595.3554551910179,0.11641000334552902,0.025586094279604128,,1392.7366261366333,1587.3827451046448,0.0,,stable_centered_gate,null,505
skillnet:alfworld-object-storer,all_alfworld,all,True,0.0007429006666547749,0.3873461280367769,0.6733655372323787,0.45672533139738763,2.878065824508667,5.979095935821533,42.40299606323242,0.7594382166862488,262.3716519628545,450.9675535520522,0.049725048807854874,0.008534962750631219,0.1111111111111111,1553.7081104323277,1485.4988552003674,0.0,0.05555555555555555,stable_centered_gate,null,505
skillnet:alfworld-object-storer,all_alfworld,initial,False,,,,,,,,,,,,,,,,0.0,,stable_centered_gate,null,505
skillnet:alfworld-object-storer,all_alfworld,early,False,,,,,,,,,,,,,0.25,,,0.0,0.125,stable_centered_gate,null,505
skillnet:alfworld-object-storer,all_alfworld,middle,False,,,,,,,,,,,,,-0.0,,,0.0,0.0,stable_centered_gate,null,505
skillnet:alfworld-object-storer,all_alfworld,late,True,0.0007429006666547749,0.3873461280367769,0.6733655372323787,0.45672533139738763,2.878065824508667,5.979095935821533,42.40299606323242,0.7594382166862488,262.3716519628545,450.9675535520522,0.049725048807854874,0.008534962750631219,-0.0,1553.7081104323277,1485.4988552003674,0.0,0.0,stable_centered_gate,null,505
skillnet:alfworld-object-transporter,all_alfworld,all,True,0.0008555320186242454,0.20526623970021368,0.41939182917710505,0.09781587486500015,3.0784328513675265,7.172680088967988,47.126323314628216,0.8067479819962473,292.0725558428898,552.57036012223,0.09391797852237042,0.01859036846151531,-0.0,1529.7922533550304,1535.2458173229336,0.0,0.5,stable_centered_gate,null,505
skillnet:alfworld-object-transporter,all_alfworld,initial,False,,,,,,,,,,,,,,,,0.0,,stable_centered_gate,null,505
skillnet:alfworld-object-transporter,all_alfworld,early,False,,,,,,,,,,,,,,,,0.0,,stable_centered_gate,null,505
skillnet:alfworld-object-transporter,all_alfworld,middle,True,0.0007736506172190227,0.14728758075017154,0.328857502220859,0.04277412849171767,3.052693107853765,7.29536365426105,48.36838332466457,0.803718432136204,299.0055817628804,584.1351664121363,0.082944550784808,0.017657950190672008,,1405.419834482489,1493.5027289401971,0.0,,stable_centered_gate,null,505
skillnet:alfworld-object-transporter,all_alfworld,late,True,0.0008811938186522741,0.2234368709587836,0.4477654739139081,0.11506607166652373,3.0862225105887964,7.135552167892456,46.75043673264353,0.8076648194538919,289.8997312246659,542.6778847488985,0.09735707340094671,0.018882590270109502,-0.0,1568.7708258676619,1548.3281872903067,0.0,0.5,stable_centered_gate,null,505
skillnet:alfworld-receptacle-closer,all_alfworld,all,False,,,,,,,,,,,,,0.2,,,0.0,-0.2,stable_centered_gate,null,505
skillnet:alfworld-receptacle-closer,all_alfworld,initial,False,,,,,,,,,,,,,,,,0.0,,stable_centered_gate,null,505
skillnet:alfworld-receptacle-closer,all_alfworld,early,False,,,,,,,,,,,,,,,,0.0,,stable_centered_gate,null,505
skillnet:alfworld-receptacle-closer,all_alfworld,middle,False,,,,,,,,,,,,,0.25,,,0.0,-0.25,stable_centered_gate,null,505
skillnet:alfworld-receptacle-closer,all_alfworld,late,False,,,,,,,,,,,,,-0.0,,,0.0,0.0,stable_centered_gate,null,505
skillnet:alfworld-receptacle-finder,all_alfworld,all,True,0.00016095050892894115,0.1348014652327758,0.3833761096473867,0.07019991069083584,3.085696912791631,7.239379950309997,48.361900590870476,0.7915321848436033,275.4968327957478,472.48909358203116,0.11275754042450464,0.022468229057948905,0.1,1185.0769621481522,1175.156925352283,0.0,0.1,stable_centered_gate,null,505
skillnet:alfworld-receptacle-finder,all_alfworld,initial,True,0.0008245840311352705,0.10579928741439705,0.49722383140454995,-0.0054893893217170045,2.908446818590164,6.319528162479401,48.796536922454834,0.8048340305685997,295.2205145991801,589.8490418854818,0.03217968999068401,0.00515596694343429,0.3333333333333333,1559.8624551490304,1604.972629013349,0.0,-0.16666666666666666,stable_centered_gate,null,505
skillnet:alfworld-receptacle-finder,all_alfworld,early,True,-0.001123285507184266,0.028677583004903653,0.06464580902600447,-0.23391964080780098,2.65041176478068,6.283070723215739,44.289895375569664,0.7199138601620992,271.39406795107664,582.7805807503847,0.03487148232747922,0.005006152702779451,-0.0,1849.147205062549,1570.7943037564974,0.0,0.5,stable_centered_gate,null,505
skillnet:alfworld-receptacle-finder,all_alfworld,middle,True,-0.0002877894470759428,0.10571958942600196,0.3289037868892715,0.037988426437302554,3.039030651835834,7.183337583261378,47.751382266773895,0.7924009828883058,264.3364347863802,439.22498108233907,0.11526453198709863,0.024026871838239816,-0.0,1088.588961622267,1098.285829172156,0.0,1.0,stable_centered_gate,null,505
skillnet:alfworld-receptacle-finder,all_alfworld,late,True,0.0004144439455235176,0.1546060906523188,0.41543332585454135,0.0970135121330938,3.1278194980961938,7.339655828475952,48.7208589553833,0.7918847701379231,281.2103140202013,485.066820867582,0.11594046806635666,0.02257289396482095,-0.0,1214.4799391866184,1195.3041841990107,0.0,0.0,stable_centered_gate,null,505
skillnet:alfworld-receptacle-navigator,all_alfworld,all,True,-0.0012565219075137653,0.3190736900946308,0.683093169074855,0.4932096471572288,3.0499913692474365,7.474459330240886,52.14030838012695,0.7560218572616577,324.9091224818587,625.4913395464582,0.02064369176909569,0.004166530998672867,-0.0,1338.209035519778,1534.2576069592214,0.0,0.0,stable_centered_gate,null,505
skillnet:alfworld-receptacle-navigator,all_alfworld,initial,False,,,,,,,,,,,,,,,,0.0,,stable_centered_gate,null,505
skillnet:alfworld-receptacle-navigator,all_alfworld,early,True,-0.0012565219075137653,0.3190736900946308,0.683093169074855,0.4932096471572288,3.0499913692474365,7.474459330240886,52.14030838012695,0.7560218572616577,324.9091224818587,625.4913395464582,0.02064369176909569,0.004166530998672867,-0.0,1338.209035519778,1534.2576069592214,0.0,0.0,stable_centered_gate,null,505
skillnet:alfworld-receptacle-navigator,all_alfworld,middle,False,,,,,,,,,,,,,,,,0.0,,stable_centered_gate,null,505
skillnet:alfworld-receptacle-navigator,all_alfworld,late,False,,,,,,,,,,,,,,,,0.0,,stable_centered_gate,null,505
skillnet:alfworld-receptacle-opener,all_alfworld,all,False,,,,,,,,,,,,,-0.0,,,0.0,-0.0625,stable_centered_gate,null,505
skillnet:alfworld-receptacle-opener,all_alfworld,initial,False,,,,,,,,,,,,,,,,0.0,,stable_centered_gate,null,505
skillnet:alfworld-receptacle-opener,all_alfworld,early,False,,,,,,,,,,,,,-0.0,,,0.0,-0.5,stable_centered_gate,null,505
skillnet:alfworld-receptacle-opener,all_alfworld,middle,False,,,,,,,,,,,,,-0.0,,,0.0,0.0,stable_centered_gate,null,505
skillnet:alfworld-receptacle-opener,all_alfworld,late,False,,,,,,,,,,,,,-0.0,,,0.0,0.0,stable_centered_gate,null,505
skillnet:alfworld-receptacle-operator,all_alfworld,all,False,,,,,,,,,,,,,-0.0,,,0.0,-0.21428571428571427,stable_centered_gate,null,505
skillnet:alfworld-receptacle-operator,all_alfworld,initial,False,,,,,,,,,,,,,,,,0.0,,stable_centered_gate,null,505
skillnet:alfworld-receptacle-operator,all_alfworld,early,False,,,,,,,,,,,,,-0.0,,,0.0,-0.5,stable_centered_gate,null,505
skillnet:alfworld-receptacle-operator,all_alfworld,middle,False,,,,,,,,,,,,,-0.0,,,0.0,-0.16666666666666666,stable_centered_gate,null,505
skillnet:alfworld-receptacle-operator,all_alfworld,late,False,,,,,,,,,,,,,-0.0,,,0.0,0.0,stable_centered_gate,null,505
skillnet:alfworld-receptacle-searcher,all_alfworld,all,False,,,,,,,,,,,,,-0.0,,,0.0,-0.25,stable_centered_gate,null,505
skillnet:alfworld-receptacle-searcher,all_alfworld,initial,False,,,,,,,,,,,,,-0.0,,,0.0,-0.25,stable_centered_gate,null,505
skillnet:alfworld-receptacle-searcher,all_alfworld,early,False,,,,,,,,,,,,,,,,0.0,,stable_centered_gate,null,505
skillnet:alfworld-receptacle-searcher,all_alfworld,middle,False,,,,,,,,,,,,,,,,0.0,,stable_centered_gate,null,505
skillnet:alfworld-receptacle-searcher,all_alfworld,late,False,,,,,,,,,,,,,,,,0.0,,stable_centered_gate,null,505
skillnet:alfworld-storage-explorer,all_alfworld,all,True,0.0003116223204792479,0.06136876197493056,0.10428374805219472,0.01880691028550874,2.8757475639742127,7.083118737871045,48.13469392226986,0.6808326622933248,296.2844885661724,610.3356168246288,0.07033304969299961,0.014913446583216807,0.06818181818181818,1618.4906830056282,1713.6640963705768,0.0,-0.03409090909090909,stable_centered_gate,null,505
skillnet:alfworld-storage-explorer,all_alfworld,initial,True,6.71684140542751e-05,0.008895760795080289,0.07209596935316148,-0.011968021629136778,2.8261555284261703,7.541433021426201,57.271495938301086,0.6899825446307659,343.46517676266774,681.7836951499119,0.050093444808742796,0.008261221140270343,-0.043478260869565216,1494.2108633503576,1769.876959598528,0.0,-0.043478260869565216,stable_centered_gate,null,505
skillnet:alfworld-storage-explorer,all_alfworld,early,True,0.0005577917824403471,0.1069549671773426,0.17255634759753927,0.04197079125245544,2.702747721142239,6.771719037161933,45.84775513543023,0.6637349466482798,282.46583638356236,544.2209970788844,0.10020933952462915,0.016557293446471034,0.2222222222222222,1635.0921022209175,1662.071383994144,0.0,-0.027777777777777776,stable_centered_gate,null,505
skillnet:alfworld-storage-explorer,all_alfworld,middle,True,0.00034357927052105564,0.08125454926395909,0.13112643111123454,0.034885152625094513,2.9363066025755624,7.210784091190859,48.48727137392218,0.6850643408569422,299.26709662747686,619.849725829723,0.0686796952620961,0.015187058386830505,-0.0,1575.4013744326119,1678.5833214848092,0.0,0.0,stable_centered_gate,null,505
skillnet:alfworld-storage-explorer,all_alfworld,late,True,0.0002774616709823855,0.05121375256693687,0.087792097109409,0.012057206340660279,2.8865604428403984,7.067962022073654,47.887428023454156,0.6816666435679659,295.22099169187476,613.8452862503012,0.06739760716469964,0.0149009880530456,-0.0,1634.692322378216,1729.0538561141368,0.0,0.0,stable_centered_gate,null,505
skillnet:alfworld-temperature-regulator,all_alfworld,all,False,,,,,,,,,,,,,-0.0,,,0.0,-0.08333333333333333,stable_centered_gate,null,505
skillnet:alfworld-temperature-regulator,all_alfworld,initial,False,,,,,,,,,,,,,,,,0.0,,stable_centered_gate,null,505
skillnet:alfworld-temperature-regulator,all_alfworld,early,False,,,,,,,,,,,,,,,,0.0,,stable_centered_gate,null,505
skillnet:alfworld-temperature-regulator,all_alfworld,middle,False,,,,,,,,,,,,,-0.0,,,0.0,-0.25,stable_centered_gate,null,505
skillnet:alfworld-temperature-regulator,all_alfworld,late,False,,,,,,,,,,,,,-0.0,,,0.0,0.0,stable_centered_gate,null,505
skillnet:alfworld-tool-locator,all_alfworld,all,True,0.00036594294573447545,0.14416156698200588,0.45629504683173827,0.0241886485053281,3.0623855888843536,7.193921446800232,57.2906608581543,0.8397916853427887,351.6416990032373,904.1091112025453,0.03545755592934128,0.00423888402205301,0.25,1398.1686115435084,1734.5809469504475,0.0,0.125,stable_centered_gate,null,505
skillnet:alfworld-tool-locator,all_alfworld,initial,True,0.00036594294573447545,0.14416156698200588,0.45629504683173827,0.0241886485053281,3.0623855888843536,7.193921446800232,57.2906608581543,0.8397916853427887,351.6416990032373,904.1091112025453,0.03545755592934128,0.00423888402205301,,1398.1686115435084,1734.5809469504475,0.0,,stable_centered_gate,null,505
skillnet:alfworld-tool-locator,all_alfworld,early,False,,,,,,,,,,,,,0.25,,,0.0,0.125,stable_centered_gate,null,505
skillnet:alfworld-tool-locator,all_alfworld,middle,False,,,,,,,,,,,,,,,,0.0,,stable_centered_gate,null,505
skillnet:alfworld-tool-locator,all_alfworld,late,False,,,,,,,,,,,,,,,,0.0,,stable_centered_gate,null,505
