control,context_id,phase,transform,score,metric,point,low,high,mean,valid_draws,complete_pool_draws,missing_any_skill_draws
placebo,all_alfworld,all,raw,D_original::token::reward,spearman,0.5570614350161519,-0.20655847239956418,0.5905970513270676,0.19623121896589507,1717,1717,283
placebo,all_alfworld,all,raw,D_original::token::reward,average_precision,0.5833333333333333,0.30755208333333334,0.8552037777037778,0.5585076820461837,1716,1717,283
placebo,all_alfworld,all,raw,D_original::token::reward,auroc_large_change_vs_rest,0.7692307692307693,0.35344655344655346,0.8400366512345678,0.6010751495603552,1716,1717,283
placebo,all_alfworld,all,raw,D_original::token::reward,top_quartile_mean_absolute_delta,0.05820317891649414,0.03140539969624369,0.11822606084175957,0.0704046955769519,1717,1717,283
placebo,all_alfworld,all,raw,D_original::token::reward,top_quartile_lift,1.4896727924124444,0.6103228801839754,1.985330993138452,1.2587533959138717,1717,1717,283
placebo,all_alfworld,all,raw,D_original::token::unsigned,spearman,0.1545663944458224,-0.46827596405661137,0.3555166268890325,-0.0462704838294815,1717,1717,283
placebo,all_alfworld,all,raw,D_original::token::unsigned,average_precision,0.39880952380952384,0.22177874209124207,0.7692777852934103,0.4697150242488912,1716,1717,283
placebo,all_alfworld,all,raw,D_original::token::unsigned,auroc_large_change_vs_rest,0.5692307692307692,0.23376623376623376,0.7288635361552028,0.48237526982956386,1716,1717,283
placebo,all_alfworld,all,raw,D_original::token::unsigned,top_quartile_mean_absolute_delta,0.03308554292929293,0.016766339095556634,0.08658577137876403,0.04796398773798113,1717,1717,283
placebo,all_alfworld,all,raw,D_original::token::unsigned,top_quartile_lift,0.8468031135322459,0.34745694968141316,1.469578392027673,0.853932042469586,1717,1717,283
placebo,all_alfworld,all,raw,D_centered_gate::token::reward,spearman,0.5570614350161519,-0.20655847239956418,0.5905970513270676,0.19623121896589507,1717,1717,283
placebo,all_alfworld,all,raw,D_centered_gate::token::reward,average_precision,0.5833333333333333,0.30755208333333334,0.8552037777037778,0.5585076820461837,1716,1717,283
placebo,all_alfworld,all,raw,D_centered_gate::token::reward,auroc_large_change_vs_rest,0.7692307692307693,0.35344655344655346,0.8400366512345678,0.6010751495603552,1716,1717,283
placebo,all_alfworld,all,raw,D_centered_gate::token::reward,top_quartile_mean_absolute_delta,0.05820317891649414,0.03140539969624369,0.11822606084175957,0.0704046955769519,1717,1717,283
placebo,all_alfworld,all,raw,D_centered_gate::token::reward,top_quartile_lift,1.4896727924124444,0.6103228801839754,1.985330993138452,1.2587533959138717,1717,1717,283
placebo,all_alfworld,all,raw,D_centered_gate::token::unsigned,spearman,0.1545663944458224,-0.46827596405661137,0.3555166268890325,-0.0462704838294815,1717,1717,283
placebo,all_alfworld,all,raw,D_centered_gate::token::unsigned,average_precision,0.39880952380952384,0.22177874209124207,0.7692777852934103,0.4697150242488912,1716,1717,283
placebo,all_alfworld,all,raw,D_centered_gate::token::unsigned,auroc_large_change_vs_rest,0.5692307692307692,0.23376623376623376,0.7288635361552028,0.48237526982956386,1716,1717,283
placebo,all_alfworld,all,raw,D_centered_gate::token::unsigned,top_quartile_mean_absolute_delta,0.03308554292929293,0.016766339095556634,0.08658577137876403,0.04796398773798113,1717,1717,283
placebo,all_alfworld,all,raw,D_centered_gate::token::unsigned,top_quartile_lift,0.8468031135322459,0.34745694968141316,1.469578392027673,0.853932042469586,1717,1717,283
placebo,all_alfworld,all,raw,D_ungated::token::reward,spearman,0.2624516630523025,-0.21329597342687856,0.5261260754553059,0.15816123809954477,1717,1717,283
placebo,all_alfworld,all,raw,D_ungated::token::reward,average_precision,0.4573717948717949,0.30351934917323575,0.8483367327117326,0.5427771156595281,1716,1717,283
placebo,all_alfworld,all,raw,D_ungated::token::reward,auroc_large_change_vs_rest,0.6153846153846154,0.345679012345679,0.8064236111111112,0.5773210103820363,1716,1717,283
placebo,all_alfworld,all,raw,D_ungated::token::reward,top_quartile_mean_absolute_delta,0.05412800999757521,0.02959723543047341,0.1206999506677365,0.06991784566437652,1717,1717,283
placebo,all_alfworld,all,raw,D_ungated::token::reward,top_quartile_lift,1.3853714745805072,0.5684683212384124,2.019363688087346,1.2470941244464457,1717,1717,283
placebo,all_alfworld,all,raw,D_ungated::token::unsigned,spearman,0.10684791025449468,-0.2947402026086803,0.463218341080714,0.08742214616548251,1717,1717,283
placebo,all_alfworld,all,raw,D_ungated::token::unsigned,average_precision,0.3491666666666666,0.23125263047138048,0.8260681216931217,0.5100562577736067,1716,1717,283
placebo,all_alfworld,all,raw,D_ungated::token::unsigned,auroc_large_change_vs_rest,0.49230769230769234,0.2875,0.7878279320987654,0.538581690525835,1716,1717,283
placebo,all_alfworld,all,raw,D_ungated::token::unsigned,top_quartile_mean_absolute_delta,0.03234370734370734,0.021468241713628468,0.10331889155530456,0.05680949676427312,1717,1717,283
placebo,all_alfworld,all,raw,D_ungated::token::unsigned,top_quartile_lift,0.8278163105970365,0.4531074026686574,1.6434155506412935,1.0047255440999106,1717,1717,283
placebo,all_alfworld,all,raw,D_signed::token::reward,spearman,0.029046033855590788,-0.2801166162320017,0.43353806009023454,0.06731851531911795,1717,1717,283
placebo,all_alfworld,all,raw,D_signed::token::reward,average_precision,0.34155080213903743,0.2913080655727715,0.7965019221160596,0.5078596470664846,1716,1717,283
placebo,all_alfworld,all,raw,D_signed::token::reward,auroc_large_change_vs_rest,0.49230769230769234,0.3055555555555556,0.7692307692307693,0.5287406551447555,1716,1717,283
placebo,all_alfworld,all,raw,D_signed::token::reward,top_quartile_mean_absolute_delta,0.046958859280037395,0.02675121036831814,0.10764397469968023,0.06206295459328486,1717,1717,283
placebo,all_alfworld,all,raw,D_signed::token::reward,top_quartile_lift,1.2018816898740274,0.50227329563176,1.814970366763321,1.1104471247229426,1717,1717,283
placebo,all_alfworld,all,raw,D_signed::token::unsigned,spearman,-0.26452637975627324,-0.3668580694499935,0.3570269452387315,-0.01946399462811128,1717,1717,283
placebo,all_alfworld,all,raw,D_signed::token::unsigned,average_precision,0.2683473389355743,0.21297627005347594,0.7750118116156719,0.46707514998997895,1716,1717,283
placebo,all_alfworld,all,raw,D_signed::token::unsigned,auroc_large_change_vs_rest,0.3384615384615385,0.23356331168831168,0.7127232142857143,0.4679160614768104,1716,1717,283
placebo,all_alfworld,all,raw,D_signed::token::unsigned,top_quartile_mean_absolute_delta,0.017929292929292927,0.012839275103980988,0.09663725706485962,0.046535684737876254,1717,1717,283
placebo,all_alfworld,all,raw,D_signed::token::unsigned,top_quartile_lift,0.45888867861118693,0.27580715927040744,1.5406942869951548,0.8158029696372116,1717,1717,283
placebo,all_alfworld,all,raw,D_signed_gate::token::reward,spearman,0.22199468732487246,-0.35952157983801714,0.4535182826684916,0.04409111308922527,1717,1717,283
placebo,all_alfworld,all,raw,D_signed_gate::token::reward,average_precision,0.42821428571428566,0.28739495798319326,0.8109251553185377,0.5208197876017631,1716,1717,283
placebo,all_alfworld,all,raw,D_signed_gate::token::reward,auroc_large_change_vs_rest,0.6307692307692307,0.2747159090909091,0.7916666666666666,0.5309506241418691,1716,1717,283
placebo,all_alfworld,all,raw,D_signed_gate::token::reward,top_quartile_mean_absolute_delta,0.056849237718802924,0.026073995448995455,0.12282463056561674,0.06894101280408674,1717,1717,283
placebo,all_alfworld,all,raw,D_signed_gate::token::reward,top_quartile_lift,1.4550195414685283,0.5580020067440028,1.9149507284462306,1.2215195066275923,1717,1717,283
placebo,all_alfworld,all,raw,D_signed_gate::token::unsigned,spearman,-0.2894229802039225,-0.6553726358114336,0.15426695197765963,-0.2798839403396879,1717,1717,283
placebo,all_alfworld,all,raw,D_signed_gate::token::unsigned,average_precision,0.2888522588522588,0.19664906427314516,0.7075246648776061,0.4165837699472866,1716,1717,283
placebo,all_alfworld,all,raw,D_signed_gate::token::unsigned,auroc_large_change_vs_rest,0.4,0.11232638888888889,0.6235795454545454,0.35942480206629046,1716,1717,283
placebo,all_alfworld,all,raw,D_signed_gate::token::unsigned,top_quartile_mean_absolute_delta,0.03308554292929293,0.016766339095556634,0.08658577137876403,0.04796398773798113,1717,1717,283
placebo,all_alfworld,all,raw,D_signed_gate::token::unsigned,top_quartile_lift,0.8468031135322459,0.34745694968141316,1.469578392027673,0.853932042469586,1717,1717,283
placebo,all_alfworld,all,raw,D_sign_balance::token::reward,spearman,0.15975318620574933,-0.24108954306683866,0.4999750233748933,0.12156751088106878,1717,1717,283
placebo,all_alfworld,all,raw,D_sign_balance::token::reward,average_precision,0.4009415584415585,0.2920069258764112,0.8146375254647312,0.5219945480402653,1716,1717,283
placebo,all_alfworld,all,raw,D_sign_balance::token::reward,auroc_large_change_vs_rest,0.6,0.3125,0.7917343073593073,0.5507474187049922,1716,1717,283
placebo,all_alfworld,all,raw,D_sign_balance::token::reward,top_quartile_mean_absolute_delta,0.05354368070860882,0.027914764816080608,0.10687215801439934,0.0627522751375469,1717,1717,283
placebo,all_alfworld,all,raw,D_sign_balance::token::reward,top_quartile_lift,1.370415943632072,0.5289431385301627,1.8102273317530406,1.1261848447854883,1717,1717,283
placebo,all_alfworld,all,raw,D_sign_balance::token::unsigned,spearman,-0.19294865346928167,-0.35920091212435373,0.37747642951967175,0.011523576274078635,1717,1717,283
placebo,all_alfworld,all,raw,D_sign_balance::token::unsigned,average_precision,0.3121855921855922,0.21692231379731383,0.7753491762866762,0.4756899298240748,1716,1717,283
placebo,all_alfworld,all,raw,D_sign_balance::token::unsigned,auroc_large_change_vs_rest,0.38461538461538464,0.25,0.7272727272727273,0.4824261551566416,1716,1717,283
placebo,all_alfworld,all,raw,D_sign_balance::token::unsigned,top_quartile_mean_absolute_delta,0.02626262626262626,0.015940476190476192,0.0925396876141761,0.04882178220670524,1717,1717,283
placebo,all_alfworld,all,raw,D_sign_balance::token::unsigned,top_quartile_lift,0.6721749658530062,0.33346528221193933,1.4913988559344196,0.8625343800412315,1717,1717,283
placebo,all_alfworld,all,raw,D_negative_fraction::token::reward,spearman,0.29253505525987866,-0.2070395412454965,0.537077395177177,0.16716784943036306,1717,1717,283
placebo,all_alfworld,all,raw,D_negative_fraction::token::reward,average_precision,0.48666666666666664,0.3070893608025961,0.8425218402240462,0.5441315319118057,1716,1717,283
placebo,all_alfworld,all,raw,D_negative_fraction::token::reward,auroc_large_change_vs_rest,0.7076923076923077,0.34965277777777776,0.825,0.5857420512237203,1716,1717,283
placebo,all_alfworld,all,raw,D_negative_fraction::token::reward,top_quartile_mean_absolute_delta,0.0613777820910973,0.030393472906403943,0.12025768849206349,0.07198866837879252,1717,1717,283
placebo,all_alfworld,all,raw,D_negative_fraction::token::reward,top_quartile_lift,1.5709247113617086,0.6226349736634446,1.9610167829526792,1.2818017312690124,1717,1717,283
placebo,all_alfworld,all,raw,D_negative_fraction::token::unsigned,spearman,0.060166784415152344,-0.2500001334011723,0.5317306444350468,0.14440324173871746,1717,1717,283
placebo,all_alfworld,all,raw,D_negative_fraction::token::unsigned,average_precision,0.44308608058608057,0.2525747863247863,0.8388607919857919,0.5262716790599186,1716,1717,283
placebo,all_alfworld,all,raw,D_negative_fraction::token::unsigned,auroc_large_change_vs_rest,0.6,0.3055555555555556,0.8194444444444444,0.5668600774597821,1716,1717,283
placebo,all_alfworld,all,raw,D_negative_fraction::token::unsigned,top_quartile_mean_absolute_delta,0.02734844219219219,0.019748957482679595,0.11085752990260654,0.056412005094723265,1717,1717,283
placebo,all_alfworld,all,raw,D_negative_fraction::token::unsigned,top_quartile_lift,0.6999657236424233,0.39782181557497176,1.7452226369282113,0.9965440752371415,1717,1717,283
placebo,all_alfworld,all,raw,D_adv::token::reward,spearman,-0.4937825755450434,-0.5788207488817665,0.1900678888262703,-0.23238360238599456,1717,1717,283
placebo,all_alfworld,all,raw,D_adv::token::reward,average_precision,0.24140637140637144,0.22034950343773874,0.69411742163843,0.4213694380326983,1716,1717,283
placebo,all_alfworld,all,raw,D_adv::token::reward,auroc_large_change_vs_rest,0.2923076923076923,0.15243055555555557,0.6625,0.3882836115065078,1716,1717,283
placebo,all_alfworld,all,raw,D_adv::token::reward,top_quartile_mean_absolute_delta,0.03574534161490683,0.019926948051948053,0.09813485221674874,0.05297048798220096,1717,1717,283
placebo,all_alfworld,all,raw,D_adv::token::reward,top_quartile_lift,0.914878943908077,0.3945662536223089,1.6193649216459853,0.943694359738762,1717,1717,283
placebo,all_alfworld,all,raw,D_adv::token::unsigned,spearman,-0.26452637975627324,-0.3668580694499935,0.3570269452387315,-0.01946399462811128,1717,1717,283
placebo,all_alfworld,all,raw,D_adv::token::unsigned,average_precision,0.2683473389355743,0.21297627005347594,0.7750118116156719,0.46707514998997895,1716,1717,283
placebo,all_alfworld,all,raw,D_adv::token::unsigned,auroc_large_change_vs_rest,0.3384615384615385,0.23356331168831168,0.7127232142857143,0.4679160614768104,1716,1717,283
placebo,all_alfworld,all,raw,D_adv::token::unsigned,top_quartile_mean_absolute_delta,0.017929292929292927,0.012839275103980988,0.09663725706485962,0.046535684737876254,1717,1717,283
placebo,all_alfworld,all,raw,D_adv::token::unsigned,top_quartile_lift,0.45888867861118693,0.27580715927040744,1.5406942869951548,0.8158029696372116,1717,1717,283
placebo,all_alfworld,all,raw,D_adv_gate::token::reward,spearman,-0.28423618844399556,-0.5734111267692943,0.1880948883330431,-0.22016757534276413,1717,1717,283
placebo,all_alfworld,all,raw,D_adv_gate::token::reward,average_precision,0.27336898395721926,0.21809808298319328,0.7085819080095483,0.4285891871749918,1716,1717,283
placebo,all_alfworld,all,raw,D_adv_gate::token::reward,auroc_large_change_vs_rest,0.4,0.16227678571428572,0.6875,0.40720213212136114,1716,1717,283
placebo,all_alfworld,all,raw,D_adv_gate::token::reward,top_quartile_mean_absolute_delta,0.04256352343308865,0.020067429521697818,0.10041287878787876,0.05509261194271652,1717,1717,283
placebo,all_alfworld,all,raw,D_adv_gate::token::reward,top_quartile_lift,1.0893859061968383,0.41061399004897137,1.6889759963457054,0.9806819393303164,1717,1717,283
placebo,all_alfworld,all,raw,D_adv_gate::token::unsigned,spearman,-0.2894229802039225,-0.6553726358114336,0.15426695197765963,-0.2798839403396879,1717,1717,283
placebo,all_alfworld,all,raw,D_adv_gate::token::unsigned,average_precision,0.2888522588522588,0.19664906427314516,0.7075246648776061,0.4165837699472866,1716,1717,283
placebo,all_alfworld,all,raw,D_adv_gate::token::unsigned,auroc_large_change_vs_rest,0.4,0.11232638888888889,0.6235795454545454,0.35942480206629046,1716,1717,283
placebo,all_alfworld,all,raw,D_adv_gate::token::unsigned,top_quartile_mean_absolute_delta,0.03308554292929293,0.016766339095556634,0.08658577137876403,0.04796398773798113,1717,1717,283
placebo,all_alfworld,all,raw,D_adv_gate::token::unsigned,top_quartile_lift,0.8468031135322459,0.34745694968141316,1.469578392027673,0.853932042469586,1717,1717,283
placebo,all_alfworld,all,raw,D_sqrtadv::token::reward,spearman,-0.33091731428333787,-0.4732339501897123,0.31116473454784754,-0.10086541943283077,1717,1717,283
placebo,all_alfworld,all,raw,D_sqrtadv::token::reward,average_precision,0.2988235294117647,0.26399898185284215,0.7429071637558156,0.4672464911449324,1716,1717,283
placebo,all_alfworld,all,raw,D_sqrtadv::token::reward,auroc_large_change_vs_rest,0.35384615384615387,0.19969135802469137,0.7160493827160493,0.44437806785156125,1716,1717,283
placebo,all_alfworld,all,raw,D_sqrtadv::token::reward,top_quartile_mean_absolute_delta,0.042196954518132636,0.02353328518907563,0.10162878787878787,0.05758249560232556,1717,1717,283
placebo,all_alfworld,all,raw,D_sqrtadv::token::reward,top_quartile_lift,1.0800038114501307,0.469124377097237,1.7202999178304492,1.028915040552514,1717,1717,283
placebo,all_alfworld,all,raw,D_sqrtadv::token::unsigned,spearman,-0.26452637975627324,-0.3668580694499935,0.3570269452387315,-0.01946399462811128,1717,1717,283
placebo,all_alfworld,all,raw,D_sqrtadv::token::unsigned,average_precision,0.2683473389355743,0.21297627005347594,0.7750118116156719,0.46707514998997895,1716,1717,283
placebo,all_alfworld,all,raw,D_sqrtadv::token::unsigned,auroc_large_change_vs_rest,0.3384615384615385,0.23356331168831168,0.7127232142857143,0.4679160614768104,1716,1717,283
placebo,all_alfworld,all,raw,D_sqrtadv::token::unsigned,top_quartile_mean_absolute_delta,0.017929292929292927,0.012839275103980988,0.09663725706485962,0.046535684737876254,1717,1717,283
placebo,all_alfworld,all,raw,D_sqrtadv::token::unsigned,top_quartile_lift,0.45888867861118693,0.27580715927040744,1.5406942869951548,0.8158029696372116,1717,1717,283
placebo,all_alfworld,all,raw,D_work::token::reward,spearman,-0.30602071383568863,-0.5277845822909752,0.26447878411254744,-0.1456917013427682,1717,1717,283
placebo,all_alfworld,all,raw,D_work::token::reward,average_precision,0.3088522588522588,0.2696327535481947,0.7298036924206709,0.4912224397347049,1716,1717,283
placebo,all_alfworld,all,raw,D_work::token::reward,auroc_large_change_vs_rest,0.38461538461538464,0.20987654320987653,0.6925747863247863,0.4443708205418207,1716,1717,283
placebo,all_alfworld,all,raw,D_work::token::reward,top_quartile_mean_absolute_delta,0.03772946859903382,0.018643115942028988,0.10734041693600517,0.05458251541526487,1717,1717,283
placebo,all_alfworld,all,raw,D_work::token::reward,top_quartile_lift,0.9656613932513675,0.4062642920989432,1.6490422783342975,0.9623945011760577,1717,1717,283
placebo,all_alfworld,all,raw,D_work::token::unsigned,spearman,0.05083055924728388,-0.2506902244073862,0.554166739960312,0.1303395744263609,1717,1717,283
placebo,all_alfworld,all,raw,D_work::token::unsigned,average_precision,0.5,0.2985110294117647,0.8374999999999999,0.565929229843621,1716,1717,283
placebo,all_alfworld,all,raw,D_work::token::unsigned,auroc_large_change_vs_rest,0.7076923076923077,0.325,0.8333333333333334,0.5717180295620952,1716,1717,283
placebo,all_alfworld,all,raw,D_work::token::unsigned,top_quartile_mean_absolute_delta,0.045901591614906825,0.02418831168831169,0.12113354700854687,0.06592177503943611,1717,1717,283
placebo,all_alfworld,all,raw,D_work::token::unsigned,top_quartile_lift,1.1748216064840442,0.5066508460538239,1.9251248266252474,1.166764926164387,1717,1717,283
placebo,all_alfworld,all,raw,D_work_gate::token::reward,spearman,-0.519716534344678,-0.6939093995450323,0.09159056281386431,-0.3250791945700291,1717,1717,283
placebo,all_alfworld,all,raw,D_work_gate::token::reward,average_precision,0.22385225885225885,0.19574652777777776,0.6494076236263735,0.3965788635012589,1716,1717,283
placebo,all_alfworld,all,raw,D_work_gate::token::reward,auroc_large_change_vs_rest,0.26153846153846155,0.13580246913580246,0.6233766233766234,0.3565382073011392,1716,1717,283
placebo,all_alfworld,all,raw,D_work_gate::token::reward,top_quartile_mean_absolute_delta,0.014126984126984127,0.007136904761904762,0.08862427849927837,0.03782155182227048,1717,1717,283
placebo,all_alfworld,all,raw,D_work_gate::token::reward,top_quartile_lift,0.361571039324227,0.14469987436310378,1.3825437237865024,0.6619174533809059,1717,1717,283
placebo,all_alfworld,all,raw,D_work_gate::token::unsigned,spearman,-0.19191129511729627,-0.4142149612819438,0.3771696227469751,-0.03535151083189556,1717,1717,283
placebo,all_alfworld,all,raw,D_work_gate::token::unsigned,average_precision,0.30987179487179484,0.2210313991563992,0.742859250791943,0.4711368002431109,1716,1717,283
placebo,all_alfworld,all,raw,D_work_gate::token::unsigned,auroc_large_change_vs_rest,0.5076923076923077,0.2344676928010261,0.75,0.48358536821096526,1716,1717,283
placebo,all_alfworld,all,raw,D_work_gate::token::unsigned,top_quartile_mean_absolute_delta,0.01872767857142857,0.008669642857142858,0.09280654761904755,0.04137556752056049,1717,1717,283
placebo,all_alfworld,all,raw,D_work_gate::token::unsigned,top_quartile_lift,0.4793228437389814,0.19599802805904715,1.4489951794447253,0.7281751629056763,1717,1717,283
placebo,all_alfworld,all,raw,D_cos_raw::token::reward,spearman,-0.08195130980684544,-0.3154203877365758,0.4951188450438849,0.05953465177081732,1717,1717,283
placebo,all_alfworld,all,raw,D_cos_raw::token::reward,average_precision,0.3292997198879552,0.2653096719457013,0.8032571947511786,0.5005355649093126,1716,1717,283
placebo,all_alfworld,all,raw,D_cos_raw::token::reward,auroc_large_change_vs_rest,0.5230769230769231,0.2872767857142857,0.8,0.5341710018670518,1716,1717,283
placebo,all_alfworld,all,raw,D_cos_raw::token::reward,top_quartile_mean_absolute_delta,0.04338743070860883,0.02414558624475579,0.11742686464839265,0.06321826796484407,1717,1717,283
placebo,all_alfworld,all,raw,D_cos_raw::token::reward,top_quartile_lift,1.1104732810561049,0.49044399120216675,1.9047498420922087,1.1198674545522036,1717,1717,283
placebo,all_alfworld,all,raw,D_cos_raw::token::unsigned,spearman,-0.29149769690789323,-0.4099031876390702,0.3634404048145042,-0.02851051951000274,1717,1717,283
placebo,all_alfworld,all,raw,D_cos_raw::token::unsigned,average_precision,0.25583333333333336,0.20806322150072148,0.7548048132423133,0.4580999017986012,1716,1717,283
placebo,all_alfworld,all,raw,D_cos_raw::token::unsigned,auroc_large_change_vs_rest,0.35384615384615387,0.23376623376623376,0.7,0.4650143676247474,1716,1717,283
placebo,all_alfworld,all,raw,D_cos_raw::token::unsigned,top_quartile_mean_absolute_delta,0.017929292929292927,0.012839275103980988,0.09663725706485962,0.046535684737876254,1717,1717,283
placebo,all_alfworld,all,raw,D_cos_raw::token::unsigned,top_quartile_lift,0.45888867861118693,0.27580715927040744,1.5406942869951548,0.8158029696372116,1717,1717,283
placebo,all_alfworld,all,raw,D_cos_centered::token::reward,spearman,-0.018672450335736935,-0.2741296138183141,0.46410728463542694,0.07572974080821344,1717,1717,283
placebo,all_alfworld,all,raw,D_cos_centered::token::reward,average_precision,0.34155080213903743,0.2880426681161975,0.8010780977600831,0.5133243810643401,1716,1717,283
placebo,all_alfworld,all,raw,D_cos_centered::token::reward,auroc_large_change_vs_rest,0.49230769230769234,0.3055555555555556,0.7792207792207793,0.5372085370768469,1716,1717,283
placebo,all_alfworld,all,raw,D_cos_centered::token::reward,top_quartile_mean_absolute_delta,0.04338743070860883,0.02414558624475579,0.11742686464839265,0.06321826796484407,1717,1717,283
placebo,all_alfworld,all,raw,D_cos_centered::token::reward,top_quartile_lift,1.1104732810561049,0.49044399120216675,1.9047498420922087,1.1198674545522036,1717,1717,283
placebo,all_alfworld,all,raw,D_cos_centered::token::unsigned,spearman,-0.3589259897869433,-0.41812455333341564,0.3359351169410106,-0.061657273162023324,1717,1717,283
placebo,all_alfworld,all,raw,D_cos_centered::token::unsigned,average_precision,0.2622222222222222,0.21055555555555555,0.771729347041847,0.46439746993303194,1716,1717,283
placebo,all_alfworld,all,raw,D_cos_centered::token::unsigned,auroc_large_change_vs_rest,0.3076923076923077,0.20833333333333334,0.7020979020979021,0.451988522284311,1716,1717,283
placebo,all_alfworld,all,raw,D_cos_centered::token::unsigned,top_quartile_mean_absolute_delta,0.017929292929292927,0.012839275103980988,0.09663725706485962,0.046535684737876254,1717,1717,283
placebo,all_alfworld,all,raw,D_cos_centered::token::unsigned,top_quartile_lift,0.45888867861118693,0.27580715927040744,1.5406942869951548,0.8158029696372116,1717,1717,283
placebo,all_alfworld,all,raw,D_cos_centered_gate::token::reward,spearman,0.27075052986818554,-0.28397510492597566,0.5038273444086779,0.10107098873307414,1717,1717,283
placebo,all_alfworld,all,raw,D_cos_centered_gate::token::reward,average_precision,0.4958333333333333,0.2948974044746104,0.8298356234247778,0.5365226793619057,1716,1717,283
placebo,all_alfworld,all,raw,D_cos_centered_gate::token::reward,auroc_large_change_vs_rest,0.676923076923077,0.29983766233766235,0.8125,0.5529208446271469,1716,1717,283
placebo,all_alfworld,all,raw,D_cos_centered_gate::token::reward,top_quartile_mean_absolute_delta,0.0613777820910973,0.030393472906403943,0.12025768849206349,0.07198866837879252,1717,1717,283
placebo,all_alfworld,all,raw,D_cos_centered_gate::token::reward,top_quartile_lift,1.5709247113617086,0.6226349736634446,1.9610167829526792,1.2818017312690124,1717,1717,283
placebo,all_alfworld,all,raw,D_cos_centered_gate::token::unsigned,spearman,-0.352701839675031,-0.6582353739630101,0.11783002810483238,-0.30278196081611913,1717,1717,283
placebo,all_alfworld,all,raw,D_cos_centered_gate::token::unsigned,average_precision,0.2559110823816706,0.18574191586599675,0.695859771526132,0.409492662977531,1716,1717,283
placebo,all_alfworld,all,raw,D_cos_centered_gate::token::unsigned,auroc_large_change_vs_rest,0.3230769230769231,0.10762362637362638,0.6,0.3425159338041696,1716,1717,283
placebo,all_alfworld,all,raw,D_cos_centered_gate::token::unsigned,top_quartile_mean_absolute_delta,0.022929292929292928,0.012498733535967579,0.07763911202778981,0.03948942326783786,1717,1717,283
placebo,all_alfworld,all,raw,D_cos_centered_gate::token::unsigned,top_quartile_lift,0.5868604509562786,0.24586701091927898,1.2887914563479423,0.7000816069434815,1717,1717,283
placebo,all_alfworld,all,raw,D_cos_adv::token::reward,spearman,-0.5871448272237281,-0.612448590004518,0.1625649805850659,-0.2648751760509329,1717,1717,283
placebo,all_alfworld,all,raw,D_cos_adv::token::reward,average_precision,0.22183515830574657,0.20990689865689866,0.6869754887677681,0.41503746113039935,1716,1717,283
placebo,all_alfworld,all,raw,D_cos_adv::token::reward,auroc_large_change_vs_rest,0.23076923076923078,0.14285714285714285,0.6630208333333333,0.37419693277229327,1716,1717,283
placebo,all_alfworld,all,raw,D_cos_adv::token::reward,top_quartile_mean_absolute_delta,0.03574534161490683,0.019926948051948053,0.09813485221674874,0.05297048798220096,1717,1717,283
placebo,all_alfworld,all,raw,D_cos_adv::token::reward,top_quartile_lift,0.914878943908077,0.3945662536223089,1.6193649216459853,0.943694359738762,1717,1717,283
placebo,all_alfworld,all,raw,D_cos_adv::token::unsigned,spearman,-0.3589259897869433,-0.41812455333341564,0.3359351169410106,-0.061657273162023324,1717,1717,283
placebo,all_alfworld,all,raw,D_cos_adv::token::unsigned,average_precision,0.2622222222222222,0.21055555555555555,0.771729347041847,0.46439746993303194,1716,1717,283
placebo,all_alfworld,all,raw,D_cos_adv::token::unsigned,auroc_large_change_vs_rest,0.3076923076923077,0.20833333333333334,0.7020979020979021,0.451988522284311,1716,1717,283
placebo,all_alfworld,all,raw,D_cos_adv::token::unsigned,top_quartile_mean_absolute_delta,0.017929292929292927,0.012839275103980988,0.09663725706485962,0.046535684737876254,1717,1717,283
placebo,all_alfworld,all,raw,D_cos_adv::token::unsigned,top_quartile_lift,0.45888867861118693,0.27580715927040744,1.5406942869951548,0.8158029696372116,1717,1717,283
placebo,all_alfworld,all,raw,D_cos_negative::token::reward,spearman,0.3464776895631187,-0.14723277397919626,0.6016217386378521,0.2179658800793919,1717,1717,283
placebo,all_alfworld,all,raw,D_cos_negative::token::reward,average_precision,0.5666666666666667,0.335443722943723,0.8607785270285269,0.6038159640112486,1716,1717,283
placebo,all_alfworld,all,raw,D_cos_negative::token::reward,auroc_large_change_vs_rest,0.6923076923076923,0.375,0.8333333333333334,0.6124541912491402,1716,1717,283
placebo,all_alfworld,all,raw,D_cos_negative::token::reward,top_quartile_mean_absolute_delta,0.05820317891649414,0.03140539969624369,0.11822606084175957,0.0704046955769519,1717,1717,283
placebo,all_alfworld,all,raw,D_cos_negative::token::reward,top_quartile_lift,1.4896727924124444,0.6103228801839754,1.985330993138452,1.2587533959138717,1717,1717,283
placebo,all_alfworld,all,raw,D_cos_negative::token::unsigned,spearman,0.1410807358700124,-0.2018724226653528,0.5425966194885244,0.17989451984615326,1717,1717,283
placebo,all_alfworld,all,raw,D_cos_negative::token::unsigned,average_precision,0.3708333333333333,0.25012019230769234,0.8460035624098124,0.523536783044674,1716,1717,283
placebo,all_alfworld,all,raw,D_cos_negative::token::unsigned,auroc_large_change_vs_rest,0.5538461538461539,0.33766233766233766,0.8201388888888889,0.578582653088672,1716,1717,283
placebo,all_alfworld,all,raw,D_cos_negative::token::unsigned,top_quartile_mean_absolute_delta,0.024010374010374008,0.018739222592736242,0.10818712369683628,0.05452339929544414,1717,1717,283
placebo,all_alfworld,all,raw,D_cos_negative::token::unsigned,top_quartile_lift,0.6145300233552172,0.3865134044788745,1.6891756308837347,0.9579941336958907,1717,1717,283
placebo,all_alfworld,all,raw,D_soft::token::reward,spearman,0.06846565123103543,-0.4622793534117624,0.34234666169278166,-0.06114943396398283,1717,1717,283
placebo,all_alfworld,all,raw,D_soft::token::reward,average_precision,0.36888888888888893,0.23323677956030894,0.7765320183288933,0.4801648177592635,1716,1717,283
placebo,all_alfworld,all,raw,D_soft::token::reward,auroc_large_change_vs_rest,0.5538461538461539,0.23356331168831168,0.7532467532467533,0.48305934085041613,1716,1717,283
placebo,all_alfworld,all,raw,D_soft::token::reward,top_quartile_mean_absolute_delta,0.05391024962356483,0.027929347173826474,0.11282092366415962,0.06472622618828645,1717,1717,283
placebo,all_alfworld,all,raw,D_soft::token::reward,top_quartile_lift,1.3797980383787796,0.5464465788452724,1.8325027468521913,1.15626465795659,1717,1717,283
placebo,all_alfworld,all,raw,D_soft::token::unsigned,spearman,-0.1825750699494278,-0.5764164189146054,0.22663026203172396,-0.20245794329791542,1717,1717,283
placebo,all_alfworld,all,raw,D_soft::token::unsigned,average_precision,0.33494949494949494,0.2083427683427683,0.7322582033979091,0.437356694031123,1716,1717,283
placebo,all_alfworld,all,raw,D_soft::token::unsigned,auroc_large_change_vs_rest,0.5076923076923077,0.15534188034188035,0.6753246753246753,0.41053685322454747,1716,1717,283
placebo,all_alfworld,all,raw,D_soft::token::unsigned,top_quartile_mean_absolute_delta,0.03308554292929293,0.016766339095556634,0.08658577137876403,0.04796398773798113,1717,1717,283
placebo,all_alfworld,all,raw,D_soft::token::unsigned,top_quartile_lift,0.8468031135322459,0.34745694968141316,1.469578392027673,0.853932042469586,1717,1717,283
placebo,all_alfworld,all,raw,D_soft_negative::token::reward,spearman,0.4190927742020956,-0.2952314350976862,0.47743382958579705,0.09600292870626269,1717,1717,283
placebo,all_alfworld,all,raw,D_soft_negative::token::reward,average_precision,0.5047222222222223,0.2988416097791098,0.8261887851731602,0.5323231947888123,1716,1717,283
placebo,all_alfworld,all,raw,D_soft_negative::token::reward,auroc_large_change_vs_rest,0.6923076923076923,0.3246753246753247,0.8037743506493507,0.5582947666153879,1716,1717,283
placebo,all_alfworld,all,raw,D_soft_negative::token::reward,top_quartile_mean_absolute_delta,0.05820317891649414,0.03140539969624369,0.11822606084175957,0.0704046955769519,1717,1717,283
placebo,all_alfworld,all,raw,D_soft_negative::token::reward,top_quartile_lift,1.4896727924124444,0.6103228801839754,1.985330993138452,1.2587533959138717,1717,1717,283
placebo,all_alfworld,all,raw,D_soft_negative::token::unsigned,spearman,0.12344564388626085,-0.4783628141903781,0.3269709881080601,-0.0674380191696957,1717,1717,283
placebo,all_alfworld,all,raw,D_soft_negative::token::unsigned,average_precision,0.36987179487179483,0.2196207264957265,0.750059603433183,0.46041034752980553,1716,1717,283
placebo,all_alfworld,all,raw,D_soft_negative::token::unsigned,auroc_large_change_vs_rest,0.5538461538461539,0.225,0.7125,0.47360623967051646,1716,1717,283
placebo,all_alfworld,all,raw,D_soft_negative::token::unsigned,top_quartile_mean_absolute_delta,0.022929292929292928,0.010444919579065922,0.07202258708272859,0.036633242067899155,1717,1717,283
placebo,all_alfworld,all,raw,D_soft_negative::token::unsigned,top_quartile_lift,0.5868604509562786,0.21643291037310425,1.1906080353115154,0.6487081501386608,1717,1717,283
placebo,all_alfworld,all,raw,D_soft_cos::token::reward,spearman,0.16805205302163242,-0.3872811007626536,0.41934956636520176,0.021106922929608547,1717,1717,283
placebo,all_alfworld,all,raw,D_soft_cos::token::reward,average_precision,0.5055555555555555,0.28318250377073906,0.8175285090726268,0.52650287800332,1716,1717,283
placebo,all_alfworld,all,raw,D_soft_cos::token::reward,auroc_large_change_vs_rest,0.6307692307692307,0.2727272727272727,0.7816706730769231,0.5190991073914626,1716,1717,283
placebo,all_alfworld,all,raw,D_soft_cos::token::reward,top_quartile_mean_absolute_delta,0.0613777820910973,0.030393472906403943,0.12025768849206349,0.07198866837879252,1717,1717,283
placebo,all_alfworld,all,raw,D_soft_cos::token::reward,top_quartile_lift,1.5709247113617086,0.6226349736634446,1.9610167829526792,1.2818017312690124,1717,1717,283
placebo,all_alfworld,all,raw,D_soft_cos::token::unsigned,spearman,-0.22303204567685783,-0.5683611793195195,0.22665507161032133,-0.19987424772770718,1717,1717,283
placebo,all_alfworld,all,raw,D_soft_cos::token::unsigned,average_precision,0.33494949494949494,0.20510469514145985,0.7402712567840409,0.4394307210462261,1716,1717,283
placebo,all_alfworld,all,raw,D_soft_cos::token::unsigned,auroc_large_change_vs_rest,0.5076923076923077,0.1527777777777778,0.6757305194805194,0.411526485502887,1716,1717,283
placebo,all_alfworld,all,raw,D_soft_cos::token::unsigned,top_quartile_mean_absolute_delta,0.03308554292929293,0.016766339095556634,0.08658577137876403,0.04796398773798113,1717,1717,283
placebo,all_alfworld,all,raw,D_soft_cos::token::unsigned,top_quartile_lift,0.8468031135322459,0.34745694968141316,1.469578392027673,0.853932042469586,1717,1717,283
placebo,all_alfworld,all,raw,D_sigmoid::token::reward,spearman,0.1120347020144216,-0.32288662603388735,0.4519515141217949,0.054452451696886776,1717,1717,283
placebo,all_alfworld,all,raw,D_sigmoid::token::reward,average_precision,0.37215686274509807,0.29069996588378944,0.8081325568599325,0.5139427266071055,1716,1717,283
placebo,all_alfworld,all,raw,D_sigmoid::token::reward,auroc_large_change_vs_rest,0.5538461538461539,0.2872767857142857,0.7916666666666666,0.5251749328120363,1716,1717,283
placebo,all_alfworld,all,raw,D_sigmoid::token::reward,top_quartile_mean_absolute_delta,0.047325428194993406,0.02604101966873706,0.11067502651113466,0.06403690564402442,1717,1717,283
placebo,all_alfworld,all,raw,D_sigmoid::token::reward,top_quartile_lift,1.211263784620735,0.5163818132123955,1.8432886438925822,1.1405269378940441,1717,1717,283
placebo,all_alfworld,all,raw,D_sigmoid::token::unsigned,spearman,-0.3952335321064318,-0.5713701198401273,0.17453283270055736,-0.2340750065605851,1717,1717,283
placebo,all_alfworld,all,raw,D_sigmoid::token::unsigned,average_precision,0.286781045751634,0.19365298202614378,0.7424064382818978,0.43601324939934905,1716,1717,283
placebo,all_alfworld,all,raw,D_sigmoid::token::unsigned,auroc_large_change_vs_rest,0.3230769230769231,0.13333333333333333,0.6307692307692307,0.3733468085852221,1716,1717,283
placebo,all_alfworld,all,raw,D_sigmoid::token::unsigned,top_quartile_mean_absolute_delta,0.03308554292929293,0.016766339095556634,0.08658577137876403,0.04796398773798113,1717,1717,283
placebo,all_alfworld,all,raw,D_sigmoid::token::unsigned,top_quartile_lift,0.8468031135322459,0.34745694968141316,1.469578392027673,0.853932042469586,1717,1717,283
placebo,all_alfworld,all,raw,D_tauC_q25::token::reward,spearman,0.18776186170935474,-0.3529338044611626,0.44038070409687585,0.03691000370690618,1717,1717,283
placebo,all_alfworld,all,raw,D_tauC_q25::token::reward,average_precision,0.3948809523809524,0.2612136994949495,0.809589947089947,0.5071896940910655,1716,1717,283
placebo,all_alfworld,all,raw,D_tauC_q25::token::reward,auroc_large_change_vs_rest,0.6153846153846154,0.2637152777777778,0.7916666666666666,0.5245954535813676,1716,1717,283
placebo,all_alfworld,all,raw,D_tauC_q25::token::reward,top_quartile_mean_absolute_delta,0.05803971390927911,0.028520025278197886,0.12005467813460191,0.0701000625795134,1717,1717,283
placebo,all_alfworld,all,raw,D_tauC_q25::token::reward,top_quartile_lift,1.4854890110745023,0.5802337714301237,1.9330718143624428,1.2432517897277613,1717,1717,283
placebo,all_alfworld,all,raw,D_tauC_q25::token::unsigned,spearman,-0.2946097719638494,-0.5946238157532634,0.18046269555702457,-0.2471008399994292,1717,1717,283
placebo,all_alfworld,all,raw,D_tauC_q25::token::unsigned,average_precision,0.30709401709401707,0.1994949494949495,0.720755047805387,0.4259406223353367,1716,1717,283
placebo,all_alfworld,all,raw,D_tauC_q25::token::unsigned,auroc_large_change_vs_rest,0.46153846153846156,0.12926136363636362,0.6527777777777778,0.3840551720148022,1716,1717,283
placebo,all_alfworld,all,raw,D_tauC_q25::token::unsigned,top_quartile_mean_absolute_delta,0.03308554292929293,0.016766339095556634,0.08658577137876403,0.04796398773798113,1717,1717,283
placebo,all_alfworld,all,raw,D_tauC_q25::token::unsigned,top_quartile_lift,0.8468031135322459,0.34745694968141316,1.469578392027673,0.853932042469586,1717,1717,283
placebo,all_alfworld,all,raw,D_tauC_q50::token::reward,spearman,0.16286526126170547,-0.3551064379600363,0.4193924032554787,0.01973728265259383,1717,1717,283
placebo,all_alfworld,all,raw,D_tauC_q50::token::reward,average_precision,0.36710317460317465,0.23323374542124542,0.7961307534377386,0.4898361995977195,1716,1717,283
placebo,all_alfworld,all,raw,D_tauC_q50::token::reward,auroc_large_change_vs_rest,0.6,0.2625,0.7875,0.5182589894406876,1716,1717,283
placebo,all_alfworld,all,raw,D_tauC_q50::token::reward,top_quartile_mean_absolute_delta,0.041022050865800866,0.018829522054522055,0.09791914335664335,0.054028419530781045,1717,1717,283
placebo,all_alfworld,all,raw,D_tauC_q50::token::reward,top_quartile_lift,1.0499329109054072,0.4075896268536026,1.6086765814030843,0.9585124619951553,1717,1717,283
placebo,all_alfworld,all,raw,D_tauC_q50::token::unsigned,spearman,-0.23548034590068245,-0.5706024756933387,0.20971361246286963,-0.21210350466178512,1717,1717,283
placebo,all_alfworld,all,raw,D_tauC_q50::token::unsigned,average_precision,0.3288888888888889,0.20361301892551892,0.7342566839725931,0.436234572532726,1716,1717,283
placebo,all_alfworld,all,raw,D_tauC_q50::token::unsigned,auroc_large_change_vs_rest,0.49230769230769234,0.15371260683760685,0.6666666666666666,0.4066873166607072,1716,1717,283
placebo,all_alfworld,all,raw,D_tauC_q50::token::unsigned,top_quartile_mean_absolute_delta,0.03308554292929293,0.016766339095556634,0.08658577137876403,0.04796398773798113,1717,1717,283
placebo,all_alfworld,all,raw,D_tauC_q50::token::unsigned,top_quartile_lift,0.8468031135322459,0.34745694968141316,1.469578392027673,0.853932042469586,1717,1717,283
placebo,all_alfworld,all,raw,D_tauC_q75::token::reward,spearman,-0.11307206036640699,-0.5470232963562666,0.20295240899951386,-0.18471209731860413,1717,1717,283
placebo,all_alfworld,all,raw,D_tauC_q75::token::reward,average_precision,0.29494949494949496,0.21142494658119657,0.7090343898340222,0.43232221796685216,1716,1717,283
placebo,all_alfworld,all,raw,D_tauC_q75::token::reward,auroc_large_change_vs_rest,0.46153846153846156,0.18181818181818182,0.6893162393162393,0.42717213959208283,1716,1717,283
placebo,all_alfworld,all,raw,D_tauC_q75::token::reward,top_quartile_mean_absolute_delta,0.02673633658008658,0.01119583703046436,0.07171439202899865,0.037323837469472126,1717,1717,283
placebo,all_alfworld,all,raw,D_tauC_q75::token::reward,top_quartile_lift,0.6842992756337168,0.22763881970749164,1.2218670638753757,0.6663014378930586,1717,1717,283
placebo,all_alfworld,all,raw,D_tauC_q75::token::unsigned,spearman,-0.11410941871839238,-0.5498095388180123,0.20817561408333118,-0.18634988567179744,1717,1717,283
placebo,all_alfworld,all,raw,D_tauC_q75::token::unsigned,average_precision,0.3438888888888889,0.21053564491064491,0.7304559445184444,0.43893916604449074,1716,1717,283
placebo,all_alfworld,all,raw,D_tauC_q75::token::unsigned,auroc_large_change_vs_rest,0.5230769230769231,0.175,0.6771842355175689,0.424643767529854,1716,1717,283
placebo,all_alfworld,all,raw,D_tauC_q75::token::unsigned,top_quartile_mean_absolute_delta,0.03308554292929293,0.012394272179155902,0.07654205412652966,0.04064397182769386,1717,1717,283
placebo,all_alfworld,all,raw,D_tauC_q75::token::unsigned,top_quartile_lift,0.8468031135322459,0.24800285074143144,1.2675440310815744,0.724245671271466,1717,1717,283
placebo,all_alfworld,all,raw,D_delta_q25::token::reward,spearman,0.024896600447649245,-0.2746744609432789,0.44587492701041237,0.07471821748473294,1717,1717,283
placebo,all_alfworld,all,raw,D_delta_q25::token::reward,average_precision,0.3452272727272727,0.2869703825586179,0.7984567762371071,0.5114399660693835,1716,1717,283
placebo,all_alfworld,all,raw,D_delta_q25::token::reward,auroc_large_change_vs_rest,0.5076923076923077,0.3,0.7753472222222222,0.5329571743259669,1716,1717,283
placebo,all_alfworld,all,raw,D_delta_q25::token::reward,top_quartile_mean_absolute_delta,0.047325428194993406,0.02604101966873706,0.11067502651113466,0.06403690564402442,1717,1717,283
placebo,all_alfworld,all,raw,D_delta_q25::token::reward,top_quartile_lift,1.211263784620735,0.5163818132123955,1.8432886438925822,1.1405269378940441,1717,1717,283
placebo,all_alfworld,all,raw,D_delta_q25::token::unsigned,spearman,-0.2105837454530332,-0.35325217322658814,0.38807997783365594,-0.0004186204214027982,1717,1717,283
placebo,all_alfworld,all,raw,D_delta_q25::token::unsigned,average_precision,0.2916440422322775,0.21274535513506102,0.7792830178400032,0.47055500975589865,1716,1717,283
placebo,all_alfworld,all,raw,D_delta_q25::token::unsigned,auroc_large_change_vs_rest,0.4,0.2468935385602052,0.7125,0.47825447422363987,1716,1717,283
placebo,all_alfworld,all,raw,D_delta_q25::token::unsigned,top_quartile_mean_absolute_delta,0.017929292929292927,0.012839275103980988,0.09663725706485962,0.046535684737876254,1717,1717,283
placebo,all_alfworld,all,raw,D_delta_q25::token::unsigned,top_quartile_lift,0.45888867861118693,0.27580715927040744,1.5406942869951548,0.8158029696372116,1717,1717,283
placebo,all_alfworld,all,raw,D_delta_q50::token::reward,spearman,0.12759507729420239,-0.2746763999448094,0.4625949593655175,0.09883020381151564,1717,1717,283
placebo,all_alfworld,all,raw,D_delta_q50::token::reward,average_precision,0.45189393939393935,0.3052857443482443,0.8014556623931622,0.5762544927632752,1716,1717,283
placebo,all_alfworld,all,raw,D_delta_q50::token::reward,auroc_large_change_vs_rest,0.5384615384615384,0.3,0.7792207792207793,0.539359067585192,1716,1717,283
placebo,all_alfworld,all,raw,D_delta_q50::token::reward,top_quartile_mean_absolute_delta,0.047325428194993406,0.02604101966873706,0.11067502651113466,0.06403690564402442,1717,1717,283
placebo,all_alfworld,all,raw,D_delta_q50::token::reward,top_quartile_lift,1.211263784620735,0.5163818132123955,1.8432886438925822,1.1405269378940441,1717,1717,283
placebo,all_alfworld,all,raw,D_delta_q50::token::unsigned,spearman,-0.1410807358700124,-0.3913934879533733,0.28896926311891113,-0.0736484899299276,1717,1717,283
placebo,all_alfworld,all,raw,D_delta_q50::token::unsigned,average_precision,0.3216806722689075,0.20964104522928054,0.7743989738475033,0.45752516988323555,1716,1717,283
placebo,all_alfworld,all,raw,D_delta_q50::token::unsigned,auroc_large_change_vs_rest,0.4153846153846154,0.19480519480519481,0.6753246753246753,0.4368971652966151,1716,1717,283
placebo,all_alfworld,all,raw,D_delta_q50::token::unsigned,top_quartile_mean_absolute_delta,0.02808554292929293,0.016382197765469828,0.08453108395402198,0.04606969191057908,1717,1717,283
placebo,all_alfworld,all,raw,D_delta_q50::token::unsigned,top_quartile_lift,0.7188313411871543,0.3468318810945189,1.4273792009893052,0.8221203598704966,1717,1717,283
placebo,all_alfworld,all,raw,D_delta_q75::token::reward,spearman,0.0051867917599269266,-0.3558376504470431,0.34242195556554683,-0.006794886908256317,1717,1717,283
placebo,all_alfworld,all,raw,D_delta_q75::token::reward,average_precision,0.29075396825396826,0.2561865218115218,0.7637682374814727,0.4870991560690764,1716,1717,283
placebo,all_alfworld,all,raw,D_delta_q75::token::reward,auroc_large_change_vs_rest,0.4307692307692308,0.2637152777777778,0.7290123456790123,0.4937101404464515,1716,1717,283
placebo,all_alfworld,all,raw,D_delta_q75::token::reward,top_quartile_mean_absolute_delta,0.04375399962356484,0.02094948729963256,0.10133548975145613,0.056251661718143164,1717,1717,283
placebo,all_alfworld,all,raw,D_delta_q75::token::reward,top_quartile_lift,1.1198553758028125,0.4255621639375612,1.6465628822567195,1.0024142224304855,1717,1717,283
placebo,all_alfworld,all,raw,D_delta_q75::token::unsigned,spearman,-0.11099734366243623,-0.30276056592583395,0.4275011630465797,0.054733174694727944,1717,1717,283
placebo,all_alfworld,all,raw,D_delta_q75::token::unsigned,average_precision,0.3504273504273504,0.22182539682539681,0.7998981031432955,0.4848837645949675,1716,1717,283
placebo,all_alfworld,all,raw,D_delta_q75::token::unsigned,auroc_large_change_vs_rest,0.5076923076923077,0.26131368631368634,0.75,0.5021735569708226,1716,1717,283
placebo,all_alfworld,all,raw,D_delta_q75::token::unsigned,top_quartile_mean_absolute_delta,0.03364109848484848,0.02068442467009077,0.09033191954244583,0.050990240682432346,1717,1717,283
placebo,all_alfworld,all,raw,D_delta_q75::token::unsigned,top_quartile_lift,0.8610221993483671,0.4275814891901865,1.4972901417349251,0.9097130858718308,1717,1717,283
placebo,all_alfworld,all,raw,D_winsor::token::reward,spearman,0.010373583519853853,-0.27431935976923283,0.43478582420745693,0.070668607596049,1717,1717,283
placebo,all_alfworld,all,raw,D_winsor::token::reward,average_precision,0.3452272727272727,0.2896622474747475,0.7933076588073246,0.5082967024463272,1716,1717,283
placebo,all_alfworld,all,raw,D_winsor::token::reward,auroc_large_change_vs_rest,0.5076923076923077,0.2987012987012987,0.7692307692307693,0.5303426904892636,1716,1717,283
placebo,all_alfworld,all,raw,D_winsor::token::reward,top_quartile_mean_absolute_delta,0.046958859280037395,0.02675121036831814,0.10764397469968023,0.06206295459328486,1717,1717,283
placebo,all_alfworld,all,raw,D_winsor::token::reward,top_quartile_lift,1.2018816898740274,0.50227329563176,1.814970366763321,1.1104471247229426,1717,1717,283
placebo,all_alfworld,all,raw,D_winsor::token::unsigned,spearman,-0.2624516630523025,-0.3632986707461026,0.35890872398861323,-0.01150136680594158,1717,1717,283
placebo,all_alfworld,all,raw,D_winsor::token::unsigned,average_precision,0.3016806722689076,0.2147615231990232,0.7773238913863915,0.4744418759177966,1716,1717,283
placebo,all_alfworld,all,raw,D_winsor::token::unsigned,auroc_large_change_vs_rest,0.35384615384615387,0.23356331168831168,0.7145061728395061,0.47284103849760417,1716,1717,283
placebo,all_alfworld,all,raw,D_winsor::token::unsigned,top_quartile_mean_absolute_delta,0.017929292929292927,0.012839275103980988,0.09663725706485962,0.046535684737876254,1717,1717,283
placebo,all_alfworld,all,raw,D_winsor::token::unsigned,top_quartile_lift,0.45888867861118693,0.27580715927040744,1.5406942869951548,0.8158029696372116,1717,1717,283
placebo,all_alfworld,all,raw,D_tanh::token::reward,spearman,0.053942634303240033,-0.26308655517536234,0.4511237205427689,0.08402437463337768,1717,1717,283
placebo,all_alfworld,all,raw,D_tanh::token::reward,average_precision,0.3553603259485612,0.28931781045751637,0.8028883660902378,0.5128021388943533,1716,1717,283
placebo,all_alfworld,all,raw,D_tanh::token::reward,auroc_large_change_vs_rest,0.5230769230769231,0.3055555555555556,0.7753472222222222,0.5363066557396023,1716,1717,283
placebo,all_alfworld,all,raw,D_tanh::token::reward,top_quartile_mean_absolute_delta,0.046958859280037395,0.02675121036831814,0.10764397469968023,0.06206295459328486,1717,1717,283
placebo,all_alfworld,all,raw,D_tanh::token::reward,top_quartile_lift,1.2018816898740274,0.50227329563176,1.814970366763321,1.1104471247229426,1717,1717,283
placebo,all_alfworld,all,raw,D_tanh::token::unsigned,spearman,-0.2821614717400248,-0.3786580754791002,0.35209636672607486,-0.020755148871618584,1717,1717,283
placebo,all_alfworld,all,raw,D_tanh::token::unsigned,average_precision,0.3088888888888889,0.21155082764457764,0.7685597273097273,0.4702900397504224,1716,1717,283
placebo,all_alfworld,all,raw,D_tanh::token::unsigned,auroc_large_change_vs_rest,0.36923076923076925,0.23076923076923078,0.7142857142857143,0.46960708262427375,1716,1717,283
placebo,all_alfworld,all,raw,D_tanh::token::unsigned,top_quartile_mean_absolute_delta,0.017929292929292927,0.012839275103980988,0.09663725706485962,0.046535684737876254,1717,1717,283
placebo,all_alfworld,all,raw,D_tanh::token::unsigned,top_quartile_lift,0.45888867861118693,0.27580715927040744,1.5406942869951548,0.8158029696372116,1717,1717,283
placebo,all_alfworld,all,raw,D_action_sign::token::reward,spearman,-0.29979656372377633,-0.4703319116937675,0.33737438924283425,-0.06886525245814569,1717,1717,283
placebo,all_alfworld,all,raw,D_action_sign::token::reward,average_precision,0.23076839826839826,0.21033549783549782,0.7572640597249973,0.4635360709648339,1716,1717,283
placebo,all_alfworld,all,raw,D_action_sign::token::reward,auroc_large_change_vs_rest,0.2923076923076923,0.20681818181818185,0.7012987012987013,0.44429730857819727,1716,1717,283
placebo,all_alfworld,all,raw,D_action_sign::token::reward,top_quartile_mean_absolute_delta,0.018729669577127205,0.010930181773444469,0.08544785726129775,0.04019224552185967,1717,1717,283
placebo,all_alfworld,all,raw,D_action_sign::token::reward,top_quartile_lift,0.4793738022445821,0.23003518890827554,1.3600415401745674,0.707488817945098,1717,1717,283
placebo,all_alfworld,all,raw,D_action_sign::token::unsigned,spearman,0.058092067711181576,-0.23393766828317836,0.5230430418089869,0.14200802557570413,1717,1717,283
placebo,all_alfworld,all,raw,D_action_sign::token::unsigned,average_precision,0.24821428571428567,0.24982184380162323,0.8104454675226733,0.5155010297277339,1716,1717,283
placebo,all_alfworld,all,raw,D_action_sign::token::unsigned,auroc_large_change_vs_rest,0.35384615384615387,0.3333333333333333,0.8051948051948052,0.5683538296589052,1716,1717,283
placebo,all_alfworld,all,raw,D_action_sign::token::unsigned,top_quartile_mean_absolute_delta,0.022985842985842986,0.01311840804218853,0.10992460317460313,0.05211537237425452,1717,1717,283
placebo,all_alfworld,all,raw,D_action_sign::token::unsigned,top_quartile_lift,0.5883078131488638,0.2763433342984176,1.647344214437328,0.9107803471350905,1717,1717,283
placebo,all_alfworld,all,raw,D_action_adv::token::reward,spearman,-0.46369918333746724,-0.5512190052985892,0.24819249558004988,-0.16523600834868424,1717,1717,283
placebo,all_alfworld,all,raw,D_action_adv::token::reward,average_precision,0.2783549783549783,0.21091256782433257,0.7503913162001397,0.4493423819520296,1716,1717,283
placebo,all_alfworld,all,raw,D_action_adv::token::reward,auroc_large_change_vs_rest,0.38461538461538464,0.18055555555555555,0.6625,0.42114810663176105,1716,1717,283
placebo,all_alfworld,all,raw,D_action_adv::token::reward,top_quartile_mean_absolute_delta,0.01984126984126984,0.0125625,0.1010965749936338,0.046454247640706,1717,1717,283
placebo,all_alfworld,all,raw,D_action_adv::token::reward,top_quartile_lift,0.507824493432903,0.25385670297786384,1.4931467857759508,0.8111435370088327,1717,1717,283
placebo,all_alfworld,all,raw,D_action_adv::token::unsigned,spearman,0.058092067711181576,-0.23393766828317836,0.5230430418089869,0.14200802557570413,1717,1717,283
placebo,all_alfworld,all,raw,D_action_adv::token::unsigned,average_precision,0.24821428571428567,0.24982184380162323,0.8104454675226733,0.5155010297277339,1716,1717,283
placebo,all_alfworld,all,raw,D_action_adv::token::unsigned,auroc_large_change_vs_rest,0.35384615384615387,0.3333333333333333,0.8051948051948052,0.5683538296589052,1716,1717,283
placebo,all_alfworld,all,raw,D_action_adv::token::unsigned,top_quartile_mean_absolute_delta,0.022985842985842986,0.01311840804218853,0.10992460317460313,0.05211537237425452,1717,1717,283
placebo,all_alfworld,all,raw,D_action_adv::token::unsigned,top_quartile_lift,0.5883078131488638,0.2763433342984176,1.647344214437328,0.9107803471350905,1717,1717,283
placebo,all_alfworld,all,raw,D_action_adv_clip::token::reward,spearman,-0.5020814423609264,-0.5844893576760773,0.24494861046859878,-0.17885676089390398,1717,1717,283
placebo,all_alfworld,all,raw,D_action_adv_clip::token::reward,average_precision,0.25037878787878787,0.20560052947461036,0.7210905448037801,0.4455901193247672,1716,1717,283
placebo,all_alfworld,all,raw,D_action_adv_clip::token::reward,auroc_large_change_vs_rest,0.35384615384615387,0.175,0.65,0.41117199087363115,1716,1717,283
placebo,all_alfworld,all,raw,D_action_adv_clip::token::reward,top_quartile_mean_absolute_delta,0.01984126984126984,0.0125625,0.1010965749936338,0.046454247640706,1717,1717,283
placebo,all_alfworld,all,raw,D_action_adv_clip::token::reward,top_quartile_lift,0.507824493432903,0.25385670297786384,1.4931467857759508,0.8111435370088327,1717,1717,283
placebo,all_alfworld,all,raw,D_action_adv_clip::token::unsigned,spearman,0.058092067711181576,-0.23393766828317836,0.5230430418089869,0.14200802557570413,1717,1717,283
placebo,all_alfworld,all,raw,D_action_adv_clip::token::unsigned,average_precision,0.24821428571428567,0.24982184380162323,0.8104454675226733,0.5155010297277339,1716,1717,283
placebo,all_alfworld,all,raw,D_action_adv_clip::token::unsigned,auroc_large_change_vs_rest,0.35384615384615387,0.3333333333333333,0.8051948051948052,0.5683538296589052,1716,1717,283
placebo,all_alfworld,all,raw,D_action_adv_clip::token::unsigned,top_quartile_mean_absolute_delta,0.022985842985842986,0.01311840804218853,0.10992460317460313,0.05211537237425452,1717,1717,283
placebo,all_alfworld,all,raw,D_action_adv_clip::token::unsigned,top_quartile_lift,0.5883078131488638,0.2763433342984176,1.647344214437328,0.9107803471350905,1717,1717,283
placebo,all_alfworld,all,raw,D_ratio_adv::token::reward,spearman,-0.6161908610793189,-0.6063842282446323,0.19337624217333343,-0.23447951257198366,1717,1717,283
placebo,all_alfworld,all,raw,D_ratio_adv::token::reward,average_precision,0.22406204906204907,0.20165707556332557,0.6987629384504385,0.42194750525891395,1716,1717,283
placebo,all_alfworld,all,raw,D_ratio_adv::token::reward,auroc_large_change_vs_rest,0.26153846153846155,0.16049382716049382,0.6529706790123457,0.38623098521324273,1716,1717,283
placebo,all_alfworld,all,raw,D_ratio_adv::token::reward,top_quartile_mean_absolute_delta,0.009126984126984126,0.009675133689839573,0.09170329670329667,0.04039109070521702,1717,1717,283
placebo,all_alfworld,all,raw,D_ratio_adv::token::reward,top_quartile_lift,0.2335992669791354,0.19164892073617593,1.432374734089609,0.7084186851751159,1717,1717,283
placebo,all_alfworld,all,raw,D_ratio_adv::token::unsigned,spearman,-0.03112075055956156,-0.25341915269686466,0.510085243220838,0.10904503244454844,1717,1717,283
placebo,all_alfworld,all,raw,D_ratio_adv::token::unsigned,average_precision,0.2562728937728938,0.23714781746031746,0.8028074124949125,0.5155740686985546,1716,1717,283
placebo,all_alfworld,all,raw,D_ratio_adv::token::unsigned,auroc_large_change_vs_rest,0.36923076923076925,0.3125,0.7802556818181818,0.5472886856832364,1716,1717,283
placebo,all_alfworld,all,raw,D_ratio_adv::token::unsigned,top_quartile_mean_absolute_delta,0.02015151515151515,0.012139301175015462,0.09947331313168754,0.04739220727201813,1717,1717,283
placebo,all_alfworld,all,raw,D_ratio_adv::token::unsigned,top_quartile_lift,0.5157650218756721,0.2544801562080714,1.517863741708013,0.8240898759910057,1717,1717,283
placebo,all_alfworld,all,raw,D_policy_action_adv::token::reward,spearman,-0.44710144970570104,-0.6573876295118148,0.1695425383978459,-0.2534088305156859,1717,1717,283
placebo,all_alfworld,all,raw,D_policy_action_adv::token::reward,average_precision,0.2668542568542568,0.2081050893550893,0.7133207504301254,0.4420165120024943,1716,1717,283
placebo,all_alfworld,all,raw,D_policy_action_adv::token::reward,auroc_large_change_vs_rest,0.4,0.15243055555555557,0.6625,0.397185812986281,1716,1717,283
placebo,all_alfworld,all,raw,D_policy_action_adv::token::reward,top_quartile_mean_absolute_delta,0.014126984126984127,0.007136904761904762,0.08862427849927837,0.03782155182227048,1717,1717,283
placebo,all_alfworld,all,raw,D_policy_action_adv::token::reward,top_quartile_lift,0.361571039324227,0.14469987436310378,1.3825437237865024,0.6619174533809059,1717,1717,283
placebo,all_alfworld,all,raw,D_policy_action_adv::token::unsigned,spearman,0.41183126573819795,-0.09837606087722689,0.6591712403862037,0.2982316329107919,1717,1717,283
placebo,all_alfworld,all,raw,D_policy_action_adv::token::unsigned,average_precision,0.5199999999999999,0.285312049062049,0.8626991064491064,0.5859190453038089,1716,1717,283
placebo,all_alfworld,all,raw,D_policy_action_adv::token::unsigned,auroc_large_change_vs_rest,0.7384615384615385,0.3924512987012987,0.8625,0.6359978891656669,1716,1717,283
placebo,all_alfworld,all,raw,D_policy_action_adv::token::unsigned,top_quartile_mean_absolute_delta,0.05262329331450094,0.02565615712903449,0.13390405017634682,0.07262966674864892,1717,1717,283
placebo,all_alfworld,all,raw,D_policy_action_adv::token::unsigned,top_quartile_lift,1.3468592224184588,0.5566665299645956,2.029043362436827,1.2714393562110302,1717,1717,283
placebo,all_alfworld,all,raw,D_reward_only::token::reward,spearman,0.21484406612829862,-0.3067685247559413,0.44242899964999816,0.07493776005328019,1717,1717,283
placebo,all_alfworld,all,raw,D_reward_only::token::reward,average_precision,0.3388235294117647,0.245843545751634,0.7967821598336304,0.5140472319678274,1716,1717,283
placebo,all_alfworld,all,raw,D_reward_only::token::reward,auroc_large_change_vs_rest,0.46153846153846156,0.27692307692307694,0.7916666666666666,0.5309126936342246,1716,1717,283
placebo,all_alfworld,all,raw,D_reward_only::token::reward,top_quartile_mean_absolute_delta,0.04468926553672316,0.016203754072161784,0.11276449275362314,0.056071067515207046,1717,1717,283
placebo,all_alfworld,all,raw,D_reward_only::token::reward,top_quartile_lift,1.1437929031069767,0.3565635105216533,1.7264008735575667,0.9783427817459002,1717,1717,283
placebo,all_alfworld,all,raw,D_reward_only::token::unsigned,spearman,,,,,0,1717,283
placebo,all_alfworld,all,raw,D_reward_only::token::unsigned,average_precision,0.2777777777777778,0.2222222222222222,0.6111111111111112,0.41825304325304324,1716,1717,283
placebo,all_alfworld,all,raw,D_reward_only::token::unsigned,auroc_large_change_vs_rest,0.5,0.5,0.5,0.5,1716,1717,283
placebo,all_alfworld,all,raw,D_reward_only::token::unsigned,top_quartile_mean_absolute_delta,0.039071116296779,0.03474220452129379,0.08291097508650455,0.05658861168882727,1717,1717,283
placebo,all_alfworld,all,raw,D_reward_only::token::unsigned,top_quartile_lift,1.0,0.9999999999999998,1.0000000000000004,1.0,1717,1717,283
placebo,all_alfworld,all,raw,D_adv_negative_fraction::token::reward,spearman,0.47950704614142015,-0.13702397586378384,0.6385156604325382,0.2640974714962434,1717,1717,283
placebo,all_alfworld,all,raw,D_adv_negative_fraction::token::reward,average_precision,0.550952380952381,0.2859424603174603,0.8553986985236985,0.5507369969775054,1716,1717,283
placebo,all_alfworld,all,raw,D_adv_negative_fraction::token::reward,auroc_large_change_vs_rest,0.7846153846153846,0.3926081730769231,0.8375202922077922,0.6194301324845312,1716,1717,283
placebo,all_alfworld,all,raw,D_adv_negative_fraction::token::reward,top_quartile_mean_absolute_delta,0.05820317891649414,0.03140539969624369,0.11822606084175957,0.0704046955769519,1717,1717,283
placebo,all_alfworld,all,raw,D_adv_negative_fraction::token::reward,top_quartile_lift,1.4896727924124444,0.6103228801839754,1.985330993138452,1.2587533959138717,1717,1717,283
placebo,all_alfworld,all,raw,D_adv_negative_fraction::token::unsigned,spearman,,,,,0,1717,283
placebo,all_alfworld,all,raw,D_adv_negative_fraction::token::unsigned,average_precision,0.2777777777777778,0.2222222222222222,0.6111111111111112,0.41825304325304324,1716,1717,283
placebo,all_alfworld,all,raw,D_adv_negative_fraction::token::unsigned,auroc_large_change_vs_rest,0.5,0.5,0.5,0.5,1716,1717,283
placebo,all_alfworld,all,raw,D_adv_negative_fraction::token::unsigned,top_quartile_mean_absolute_delta,0.039071116296779,0.03474220452129379,0.08291097508650455,0.05658861168882727,1717,1717,283
placebo,all_alfworld,all,raw,D_adv_negative_fraction::token::unsigned,top_quartile_lift,1.0,0.9999999999999998,1.0000000000000004,1.0,1717,1717,283
placebo,all_alfworld,all,raw,C_raw::token::reward,spearman,0.15249167774185163,-0.4477775864715879,0.39220063140661793,-0.017951771999793923,1717,1717,283
placebo,all_alfworld,all,raw,C_raw::token::reward,average_precision,0.45415584415584415,0.23508225638740346,0.7756660618792971,0.5261578648362867,1716,1717,283
placebo,all_alfworld,all,raw,C_raw::token::reward,auroc_large_change_vs_rest,0.5538461538461539,0.22465277777777778,0.75,0.4878971746952316,1716,1717,283
placebo,all_alfworld,all,raw,C_raw::token::reward,top_quartile_mean_absolute_delta,0.03968926553672316,0.017078482374946708,0.11377075602968459,0.055784425198214894,1717,1717,283
placebo,all_alfworld,all,raw,C_raw::token::reward,top_quartile_lift,1.0158211307618852,0.3720117095489128,1.7158616366142982,0.9734705567352891,1717,1717,283
placebo,all_alfworld,all,raw,C_raw::token::unsigned,spearman,-0.07468980134294774,-0.44139145583649525,0.38161121948076565,-0.03478961947997871,1717,1717,283
placebo,all_alfworld,all,raw,C_raw::token::unsigned,average_precision,0.26132201132201127,0.22142231491955755,0.7775965585340585,0.46673142747148594,1716,1717,283
placebo,all_alfworld,all,raw,C_raw::token::unsigned,auroc_large_change_vs_rest,0.4,0.225,0.7625,0.47855056366021503,1716,1717,283
placebo,all_alfworld,all,raw,C_raw::token::unsigned,top_quartile_mean_absolute_delta,0.02086602731764022,0.011757481324218614,0.0817021316732692,0.03971493645406526,1717,1717,283
placebo,all_alfworld,all,raw,C_raw::token::unsigned,top_quartile_lift,0.5340524995279032,0.22410729796596487,1.3056704035926454,0.7054830421818529,1717,1717,283
placebo,all_alfworld,all,raw,C_centered::token::reward,spearman,0.27593732162811246,-0.23474714117563614,0.5478879003843443,0.15820959285213618,1717,1717,283
placebo,all_alfworld,all,raw,C_centered::token::reward,average_precision,0.45247863247863246,0.2760032213157213,0.8046027467902469,0.5100286161029574,1716,1717,283
placebo,all_alfworld,all,raw,C_centered::token::reward,auroc_large_change_vs_rest,0.7076923076923077,0.3333333333333333,0.8,0.566856788586101,1716,1717,283
placebo,all_alfworld,all,raw,C_centered::token::reward,top_quartile_mean_absolute_delta,0.053441274154589366,0.028513081745840368,0.11218467442645066,0.06592423658599261,1717,1717,283
placebo,all_alfworld,all,raw,C_centered::token::reward,top_quartile_lift,1.3677949139885475,0.5552486122795981,1.8731811319765492,1.177221311743443,1717,1717,283
placebo,all_alfworld,all,raw,C_centered::token::unsigned,spearman,0.17323884478155935,-0.3001465524228362,0.4955321757896097,0.11587369195441227,1717,1717,283
placebo,all_alfworld,all,raw,C_centered::token::unsigned,average_precision,0.3115367965367965,0.23587436868686867,0.7697993711947589,0.5021290707582365,1716,1717,283
placebo,all_alfworld,all,raw,C_centered::token::unsigned,auroc_large_change_vs_rest,0.5230769230769231,0.27258698092031425,0.7798951048951049,0.5392242915332979,1716,1717,283
placebo,all_alfworld,all,raw,C_centered::token::unsigned,top_quartile_mean_absolute_delta,0.027777777777777773,0.018087380011293053,0.10198958333333333,0.05450152645268164,1717,1717,283
placebo,all_alfworld,all,raw,C_centered::token::unsigned,top_quartile_lift,0.7109542908060642,0.3681529640980489,1.6532723983943876,0.9668786856903652,1717,1717,283
placebo,all_alfworld,all,raw,C_adv_centered::token::reward,spearman,0.2748999632761271,-0.31720630377995696,0.4713893294782653,0.0849104300534345,1717,1717,283
placebo,all_alfworld,all,raw,C_adv_centered::token::reward,average_precision,0.44722222222222224,0.24338699494949495,0.8082239808802308,0.5516732931322008,1716,1717,283
placebo,all_alfworld,all,raw,C_adv_centered::token::reward,auroc_large_change_vs_rest,0.47692307692307695,0.2747159090909091,0.8055555555555556,0.5310704003095965,1716,1717,283
placebo,all_alfworld,all,raw,C_adv_centered::token::reward,top_quartile_mean_absolute_delta,0.05114087843994897,0.020215606487810435,0.1182539032006245,0.060683075135331645,1717,1717,283
placebo,all_alfworld,all,raw,C_adv_centered::token::reward,top_quartile_lift,1.3089177706490303,0.4203514899691236,1.8205341652244125,1.0635634625596522,1717,1717,283
placebo,all_alfworld,all,raw,C_adv_centered::token::unsigned,spearman,0.17323884478155935,-0.3001465524228362,0.4955321757896097,0.11587369195441227,1717,1717,283
placebo,all_alfworld,all,raw,C_adv_centered::token::unsigned,average_precision,0.3115367965367965,0.23587436868686867,0.7697993711947589,0.5021290707582365,1716,1717,283
placebo,all_alfworld,all,raw,C_adv_centered::token::unsigned,auroc_large_change_vs_rest,0.5230769230769231,0.27258698092031425,0.7798951048951049,0.5392242915332979,1716,1717,283
placebo,all_alfworld,all,raw,C_adv_centered::token::unsigned,top_quartile_mean_absolute_delta,0.027777777777777773,0.018087380011293053,0.10198958333333333,0.05450152645268164,1717,1717,283
placebo,all_alfworld,all,raw,C_adv_centered::token::unsigned,top_quartile_lift,0.7109542908060642,0.3681529640980489,1.6532723983943876,0.9668786856903652,1717,1717,283
placebo,all_alfworld,all,raw,M_delta_raw::token::magnitude,spearman,-0.3495897646190748,-0.4716282642594509,0.23383171239759165,-0.13045083095144955,1717,1717,283
placebo,all_alfworld,all,raw,M_delta_raw::token::magnitude,average_precision,0.23205882352941173,0.21250348507701447,0.7114742640937494,0.4651625456009186,1716,1717,283
placebo,all_alfworld,all,raw,M_delta_raw::token::magnitude,auroc_large_change_vs_rest,0.27692307692307694,0.2,0.7001623376623376,0.4521737184755233,1716,1717,283
placebo,all_alfworld,all,raw,M_delta_raw::token::magnitude,top_quartile_mean_absolute_delta,0.017985842985842986,0.013015289090656737,0.08961996336996335,0.04288817275982191,1717,1717,283
placebo,all_alfworld,all,raw,M_delta_raw::token::magnitude,top_quartile_lift,0.46033604080377216,0.25155274569281894,1.4087325917133457,0.7583750768316598,1717,1717,283
placebo,all_alfworld,all,raw,M_delta_centered::token::magnitude,spearman,-0.44710144970570104,-0.5926286181130519,0.1753715037041333,-0.2402154443352308,1717,1717,283
placebo,all_alfworld,all,raw,M_delta_centered::token::magnitude,average_precision,0.215,0.19304901695526694,0.6968465008822629,0.4253154011019105,1716,1717,283
placebo,all_alfworld,all,raw,M_delta_centered::token::magnitude,auroc_large_change_vs_rest,0.2153846153846154,0.15584415584415584,0.6527777777777778,0.3938816606475949,1716,1717,283
placebo,all_alfworld,all,raw,M_delta_centered::token::magnitude,top_quartile_mean_absolute_delta,0.019414414414414417,0.008333333333333333,0.07910937499999995,0.03699722466134272,1717,1717,283
placebo,all_alfworld,all,raw,M_delta_centered::token::magnitude,top_quartile_lift,0.49689940433094126,0.1636366222308372,1.2721024734140667,0.6520740439671906,1717,1717,283
placebo,all_alfworld,all,raw,M_original_norm::token::magnitude,spearman,-0.6234523695432166,-0.7042800510372548,0.08683081151855152,-0.34010887271550905,1717,1717,283
placebo,all_alfworld,all,raw,M_original_norm::token::magnitude,average_precision,0.22535714285714287,0.1868574134199134,0.7005853684713977,0.42388975531245715,1716,1717,283
placebo,all_alfworld,all,raw,M_original_norm::token::magnitude,auroc_large_change_vs_rest,0.26153846153846155,0.09090909090909091,0.6257211538461538,0.35005559504365436,1716,1717,283
placebo,all_alfworld,all,raw,M_original_norm::token::magnitude,top_quartile_mean_absolute_delta,0.011818181818181818,0.0060813492063492075,0.08127626050420166,0.03330937130581001,1717,1717,283
placebo,all_alfworld,all,raw,M_original_norm::token::magnitude,top_quartile_lift,0.30247873463385283,0.12637330365714405,1.2658478522899672,0.5784519634893454,1717,1717,283
placebo,all_alfworld,all,raw,M_control_norm::token::magnitude,spearman,-0.5435757764403418,-0.7392298425492999,0.06010138812759322,-0.36376701031086556,1717,1717,283
placebo,all_alfworld,all,raw,M_control_norm::token::magnitude,average_precision,0.26293956043956046,0.18650412087912088,0.632216857897005,0.4090006917916465,1716,1717,283
placebo,all_alfworld,all,raw,M_control_norm::token::magnitude,auroc_large_change_vs_rest,0.38461538461538464,0.1111111111111111,0.6006172839506173,0.35021525236900136,1716,1717,283
placebo,all_alfworld,all,raw,M_control_norm::token::magnitude,top_quartile_mean_absolute_delta,0.01515625,0.003125,0.07698870573870568,0.03073414239474056,1717,1717,283
placebo,all_alfworld,all,raw,M_control_norm::token::magnitude,top_quartile_lift,0.38791443492105887,0.06574071261194761,1.2522989701008325,0.5386889906372967,1717,1717,283
placebo,all_alfworld,all,raw,M_kl::token::magnitude,spearman,0.366187498250841,-0.18961292031848434,0.6100844470062188,0.23943919218748222,1717,1717,283
placebo,all_alfworld,all,raw,M_kl::token::magnitude,average_precision,0.36739926739926737,0.26494836182336184,0.8510229353979354,0.5587925293547863,1716,1717,283
placebo,all_alfworld,all,raw,M_kl::token::magnitude,auroc_large_change_vs_rest,0.5692307692307692,0.35,0.8377507716049383,0.6000704675177058,1716,1717,283
placebo,all_alfworld,all,raw,M_kl::token::magnitude,top_quartile_mean_absolute_delta,0.04614087843994897,0.021634543705819798,0.1334708664990923,0.06772933660537005,1717,1717,283
placebo,all_alfworld,all,raw,M_kl::token::magnitude,top_quartile_lift,1.1809459983039388,0.46943731406019545,1.9470639336750335,1.1792848252533823,1717,1717,283
placebo,all_alfworld,all,raw,M_js::token::magnitude,spearman,0.3869346652905487,-0.185147463401723,0.6268611493749419,0.2464340017926885,1717,1717,283
placebo,all_alfworld,all,raw,M_js::token::magnitude,average_precision,0.38,0.2605508496133496,0.8562841961279462,0.5638485414368387,1716,1717,283
placebo,all_alfworld,all,raw,M_js::token::magnitude,auroc_large_change_vs_rest,0.6,0.35344655344655346,0.8462873931623931,0.6054713792347483,1716,1717,283
placebo,all_alfworld,all,raw,M_js::token::magnitude,top_quartile_mean_absolute_delta,0.04524482109227872,0.021061822989677584,0.1358884008148714,0.06803787775709874,1717,1717,283
placebo,all_alfworld,all,raw,M_js::token::magnitude,top_quartile_lift,1.158011988923098,0.4650008422965514,1.9825312418215029,1.1816568704409645,1717,1717,283
placebo,all_alfworld,all,raw,M_action_abs::token::magnitude,spearman,0.19191129511729627,-0.23997440440580559,0.5397380663429547,0.14515444375175265,1717,1717,283
placebo,all_alfworld,all,raw,M_action_abs::token::magnitude,average_precision,0.28079365079365076,0.25555555555555554,0.824095695970696,0.5363491218131713,1716,1717,283
placebo,all_alfworld,all,raw,M_action_abs::token::magnitude,auroc_large_change_vs_rest,0.4307692307692308,0.3375,0.8125,0.5706542025062352,1716,1717,283
placebo,all_alfworld,all,raw,M_action_abs::token::magnitude,top_quartile_mean_absolute_delta,0.025770346617804245,0.014147226134962046,0.10454858534322796,0.04979440323038162,1717,1717,283
placebo,all_alfworld,all,raw,M_action_abs::token::magnitude,top_quartile_lift,0.6595753861255491,0.2893391154544538,1.5989957815567204,0.8728629003135183,1717,1717,283
placebo,all_alfworld,all,raw,D_original::decision::reward,spearman,0.5549867183121812,-0.2100205508124807,0.5929910821739398,0.1936714535573044,1717,1717,283
placebo,all_alfworld,all,raw,D_original::decision::reward,average_precision,0.5833333333333333,0.30944444444444447,0.8549266011766011,0.5563859210156232,1716,1717,283
placebo,all_alfworld,all,raw,D_original::decision::reward,auroc_large_change_vs_rest,0.7692307692307693,0.35534188034188036,0.8438007305194806,0.5998562771621412,1716,1717,283
placebo,all_alfworld,all,raw,D_original::decision::reward,top_quartile_mean_absolute_delta,0.05820317891649414,0.03140539969624369,0.11822606084175957,0.0704046955769519,1717,1717,283
placebo,all_alfworld,all,raw,D_original::decision::reward,top_quartile_lift,1.4896727924124444,0.6103228801839754,1.985330993138452,1.2587533959138717,1717,1717,283
placebo,all_alfworld,all,raw,D_original::decision::unsigned,spearman,0.1753135614855301,-0.45465492112029404,0.3505876975538869,-0.04878656001400379,1717,1717,283
placebo,all_alfworld,all,raw,D_original::decision::unsigned,average_precision,0.4139194139194139,0.23030448717948715,0.7583123473748473,0.4692168416944476,1716,1717,283
placebo,all_alfworld,all,raw,D_original::decision::unsigned,auroc_large_change_vs_rest,0.6,0.2361111111111111,0.725,0.48352359549954854,1716,1717,283
placebo,all_alfworld,all,raw,D_original::decision::unsigned,top_quartile_mean_absolute_delta,0.03308554292929293,0.012394272179155902,0.07654205412652966,0.04064397182769386,1717,1717,283
placebo,all_alfworld,all,raw,D_original::decision::unsigned,top_quartile_lift,0.8468031135322459,0.24800285074143144,1.2675440310815744,0.724245671271466,1717,1717,283
placebo,all_alfworld,all,raw,D_centered_gate::decision::reward,spearman,0.5549867183121812,-0.2100205508124807,0.5929910821739398,0.1936714535573044,1717,1717,283
placebo,all_alfworld,all,raw,D_centered_gate::decision::reward,average_precision,0.5833333333333333,0.30944444444444447,0.8549266011766011,0.5563859210156232,1716,1717,283
placebo,all_alfworld,all,raw,D_centered_gate::decision::reward,auroc_large_change_vs_rest,0.7692307692307693,0.35534188034188036,0.8438007305194806,0.5998562771621412,1716,1717,283
placebo,all_alfworld,all,raw,D_centered_gate::decision::reward,top_quartile_mean_absolute_delta,0.05820317891649414,0.03140539969624369,0.11822606084175957,0.0704046955769519,1717,1717,283
placebo,all_alfworld,all,raw,D_centered_gate::decision::reward,top_quartile_lift,1.4896727924124444,0.6103228801839754,1.985330993138452,1.2587533959138717,1717,1717,283
placebo,all_alfworld,all,raw,D_centered_gate::decision::unsigned,spearman,0.1753135614855301,-0.45465492112029404,0.3505876975538869,-0.04878656001400379,1717,1717,283
placebo,all_alfworld,all,raw,D_centered_gate::decision::unsigned,average_precision,0.4139194139194139,0.23030448717948715,0.7583123473748473,0.4692168416944476,1716,1717,283
placebo,all_alfworld,all,raw,D_centered_gate::decision::unsigned,auroc_large_change_vs_rest,0.6,0.2361111111111111,0.725,0.48352359549954854,1716,1717,283
placebo,all_alfworld,all,raw,D_centered_gate::decision::unsigned,top_quartile_mean_absolute_delta,0.03308554292929293,0.012394272179155902,0.07654205412652966,0.04064397182769386,1717,1717,283
placebo,all_alfworld,all,raw,D_centered_gate::decision::unsigned,top_quartile_lift,0.8468031135322459,0.24800285074143144,1.2675440310815744,0.724245671271466,1717,1717,283
placebo,all_alfworld,all,raw,D_ungated::decision::reward,spearman,0.280086755036054,-0.2099067987364424,0.5350425811210915,0.1646543562686795,1717,1717,283
placebo,all_alfworld,all,raw,D_ungated::decision::reward,average_precision,0.4291666666666666,0.3019816733511586,0.8412969606151425,0.5413045433631992,1716,1717,283
placebo,all_alfworld,all,raw,D_ungated::decision::reward,auroc_large_change_vs_rest,0.6153846153846154,0.345679012345679,0.8064236111111112,0.5798350648349506,1716,1717,283
placebo,all_alfworld,all,raw,D_ungated::decision::reward,top_quartile_mean_absolute_delta,0.05412800999757521,0.02959723543047341,0.1206999506677365,0.06991784566437652,1717,1717,283
placebo,all_alfworld,all,raw,D_ungated::decision::reward,top_quartile_lift,1.3853714745805072,0.5684683212384124,2.019363688087346,1.2470941244464457,1717,1717,283
placebo,all_alfworld,all,raw,D_ungated::decision::unsigned,spearman,0.09439961003067006,-0.29274407172851513,0.4540152060930591,0.08110363472526355,1717,1717,283
placebo,all_alfworld,all,raw,D_ungated::decision::unsigned,average_precision,0.3625,0.2320874183006536,0.8222569444444445,0.5058729278689906,1716,1717,283
placebo,all_alfworld,all,raw,D_ungated::decision::unsigned,auroc_large_change_vs_rest,0.5076923076923077,0.2911458333333333,0.7916666666666666,0.5352996126964601,1716,1717,283
placebo,all_alfworld,all,raw,D_ungated::decision::unsigned,top_quartile_mean_absolute_delta,0.03416662401037401,0.022363146868234218,0.09415214019851115,0.054057406468146954,1717,1717,283
placebo,all_alfworld,all,raw,D_ungated::decision::unsigned,top_quartile_lift,0.8744726859311845,0.4588748208714499,1.5790586184822335,0.9643115239291755,1717,1717,283
placebo,all_alfworld,all,raw,D_signed::decision::reward,spearman,-0.0010373583519853852,-0.3084848232285298,0.4194816042512085,0.042517078983203345,1717,1717,283
placebo,all_alfworld,all,raw,D_signed::decision::reward,average_precision,0.33828282828282824,0.28826429357679356,0.7933686578572942,0.5053610563325998,1716,1717,283
placebo,all_alfworld,all,raw,D_signed::decision::reward,auroc_large_change_vs_rest,0.47692307692307695,0.28888888888888886,0.7680288461538463,0.5186409941831093,1716,1717,283
placebo,all_alfworld,all,raw,D_signed::decision::reward,top_quartile_mean_absolute_delta,0.046958859280037395,0.02675121036831814,0.10764397469968023,0.06206295459328486,1717,1717,283
placebo,all_alfworld,all,raw,D_signed::decision::reward,top_quartile_lift,1.2018816898740274,0.50227329563176,1.814970366763321,1.1104471247229426,1717,1717,283
placebo,all_alfworld,all,raw,D_signed::decision::unsigned,spearman,-0.29875920537179096,-0.4122543902643957,0.35386708372797715,-0.05643011487559513,1717,1717,283
placebo,all_alfworld,all,raw,D_signed::decision::unsigned,average_precision,0.27555555555555555,0.20555555555555557,0.7662000586219335,0.46383132034068086,1716,1717,283
placebo,all_alfworld,all,raw,D_signed::decision::unsigned,auroc_large_change_vs_rest,0.35384615384615387,0.2222222222222222,0.7076923076923077,0.45518638633454783,1716,1717,283
placebo,all_alfworld,all,raw,D_signed::decision::unsigned,top_quartile_mean_absolute_delta,0.017929292929292927,0.012839275103980988,0.09663725706485962,0.046535684737876254,1717,1717,283
placebo,all_alfworld,all,raw,D_signed::decision::unsigned,top_quartile_lift,0.45888867861118693,0.27580715927040744,1.5406942869951548,0.8158029696372116,1717,1717,283
placebo,all_alfworld,all,raw,D_signed_gate::decision::reward,spearman,0.19917280358119396,-0.3776777268880666,0.43166356385622967,0.02808248171847536,1717,1717,283
placebo,all_alfworld,all,raw,D_signed_gate::decision::reward,average_precision,0.41120448179271707,0.2826654411764706,0.8021194695827049,0.5181362549262143,1716,1717,283
placebo,all_alfworld,all,raw,D_signed_gate::decision::reward,auroc_large_change_vs_rest,0.5846153846153846,0.2597402597402597,0.78203125,0.5218874343980754,1716,1717,283
placebo,all_alfworld,all,raw,D_signed_gate::decision::reward,top_quartile_mean_absolute_delta,0.05803971390927911,0.028520025278197886,0.12005467813460191,0.0701000625795134,1717,1717,283
placebo,all_alfworld,all,raw,D_signed_gate::decision::reward,top_quartile_lift,1.4854890110745023,0.5802337714301237,1.9330718143624428,1.2432517897277613,1717,1717,283
placebo,all_alfworld,all,raw,D_signed_gate::decision::unsigned,spearman,-0.2831988300920102,-0.6302037585262519,0.16580588778403085,-0.2552599840250114,1717,1717,283
placebo,all_alfworld,all,raw,D_signed_gate::decision::unsigned,average_precision,0.2972438672438672,0.19790223665223666,0.7163614045361205,0.42169791320694155,1716,1717,283
placebo,all_alfworld,all,raw,D_signed_gate::decision::unsigned,auroc_large_change_vs_rest,0.4307692307692308,0.125,0.6363636363636364,0.37527638637042915,1716,1717,283
placebo,all_alfworld,all,raw,D_signed_gate::decision::unsigned,top_quartile_mean_absolute_delta,0.03308554292929293,0.016766339095556634,0.08658577137876403,0.04796398773798113,1717,1717,283
placebo,all_alfworld,all,raw,D_signed_gate::decision::unsigned,top_quartile_lift,0.8468031135322459,0.34745694968141316,1.469578392027673,0.853932042469586,1717,1717,283
placebo,all_alfworld,all,raw,D_sign_balance::decision::reward,spearman,0.17842563654148627,-0.2350433834816475,0.49695255728363225,0.12319984125897927,1717,1717,283
placebo,all_alfworld,all,raw,D_sign_balance::decision::reward,average_precision,0.4115508021390374,0.29479775483911513,0.8114107323436366,0.5249407303184881,1716,1717,283
placebo,all_alfworld,all,raw,D_sign_balance::decision::reward,auroc_large_change_vs_rest,0.6,0.3246753246753247,0.8,0.5519131433045745,1716,1717,283
placebo,all_alfworld,all,raw,D_sign_balance::decision::reward,top_quartile_mean_absolute_delta,0.05767314499432311,0.02865448476961635,0.11339932126696828,0.06812611152877383,1717,1717,283
placebo,all_alfworld,all,raw,D_sign_balance::decision::reward,top_quartile_lift,1.4761069163277951,0.573613287666686,1.889268228951593,1.2131719765566598,1717,1717,283
placebo,all_alfworld,all,raw,D_sign_balance::decision::unsigned,spearman,-0.2655637381082586,-0.3963215303491526,0.327454135881086,-0.043847056932191396,1717,1717,283
placebo,all_alfworld,all,raw,D_sign_balance::decision::unsigned,average_precision,0.3183760683760684,0.2116932189542484,0.7690936378436377,0.46946266510017964,1716,1717,283
placebo,all_alfworld,all,raw,D_sign_balance::decision::unsigned,auroc_large_change_vs_rest,0.38461538461538464,0.2153846153846154,0.7145061728395061,0.46225055340688487,1716,1717,283
placebo,all_alfworld,all,raw,D_sign_balance::decision::unsigned,top_quartile_mean_absolute_delta,0.0215007215007215,0.014759525344631727,0.08497965214979565,0.045380371366317035,1717,1717,283
placebo,all_alfworld,all,raw,D_sign_balance::decision::unsigned,top_quartile_lift,0.5502970874291095,0.30992324440134766,1.43178393601333,0.8063826398079508,1717,1717,283
placebo,all_alfworld,all,raw,D_negative_fraction::decision::reward,spearman,0.29253505525987866,-0.1995867764180519,0.5457059983467974,0.17337141975346104,1717,1717,283
placebo,all_alfworld,all,raw,D_negative_fraction::decision::reward,average_precision,0.48666666666666664,0.3087367238562091,0.8406948491323489,0.5479887145689385,1716,1717,283
placebo,all_alfworld,all,raw,D_negative_fraction::decision::reward,auroc_large_change_vs_rest,0.7076923076923077,0.35056818181818183,0.8308191808191808,0.589325830852666,1716,1717,283
placebo,all_alfworld,all,raw,D_negative_fraction::decision::reward,top_quartile_mean_absolute_delta,0.0613777820910973,0.030393472906403943,0.12025768849206349,0.07198866837879252,1717,1717,283
placebo,all_alfworld,all,raw,D_negative_fraction::decision::reward,top_quartile_lift,1.5709247113617086,0.6226349736634446,1.9610167829526792,1.2818017312690124,1717,1717,283
placebo,all_alfworld,all,raw,D_negative_fraction::decision::unsigned,spearman,-0.025933958799634633,-0.32792704989732413,0.46861054979640016,0.06926247363022572,1717,1717,283
placebo,all_alfworld,all,raw,D_negative_fraction::decision::unsigned,average_precision,0.4348809523809523,0.24671855921855923,0.8339598383869216,0.5159490505474489,1716,1717,283
placebo,all_alfworld,all,raw,D_negative_fraction::decision::unsigned,auroc_large_change_vs_rest,0.5692307692307692,0.2638888888888889,0.8026069223985891,0.5373074620182292,1716,1717,283
placebo,all_alfworld,all,raw,D_negative_fraction::decision::unsigned,top_quartile_mean_absolute_delta,0.02734844219219219,0.019748957482679595,0.11085752990260654,0.056412005094723265,1717,1717,283
placebo,all_alfworld,all,raw,D_negative_fraction::decision::unsigned,top_quartile_lift,0.6999657236424233,0.39782181557497176,1.7452226369282113,0.9965440752371415,1717,1717,283
placebo,all_alfworld,all,raw,D_adv::decision::reward,spearman,-0.5134923842327657,-0.5913476502509343,0.17491143998719924,-0.24429309142243172,1717,1717,283
placebo,all_alfworld,all,raw,D_adv::decision::reward,average_precision,0.23507936507936505,0.2158119658119658,0.6853621102376757,0.4190420256228298,1716,1717,283
placebo,all_alfworld,all,raw,D_adv::decision::reward,auroc_large_change_vs_rest,0.26153846153846155,0.15,0.6493506493506493,0.38054591482071887,1716,1717,283
placebo,all_alfworld,all,raw,D_adv::decision::reward,top_quartile_mean_absolute_delta,0.03574534161490683,0.019926948051948053,0.09813485221674874,0.05297048798220096,1717,1717,283
placebo,all_alfworld,all,raw,D_adv::decision::reward,top_quartile_lift,0.914878943908077,0.3945662536223089,1.6193649216459853,0.943694359738762,1717,1717,283
placebo,all_alfworld,all,raw,D_adv::decision::unsigned,spearman,-0.29875920537179096,-0.4122543902643957,0.35386708372797715,-0.05643011487559513,1717,1717,283
placebo,all_alfworld,all,raw,D_adv::decision::unsigned,average_precision,0.27555555555555555,0.20555555555555557,0.7662000586219335,0.46383132034068086,1716,1717,283
placebo,all_alfworld,all,raw,D_adv::decision::unsigned,auroc_large_change_vs_rest,0.35384615384615387,0.2222222222222222,0.7076923076923077,0.45518638633454783,1716,1717,283
placebo,all_alfworld,all,raw,D_adv::decision::unsigned,top_quartile_mean_absolute_delta,0.017929292929292927,0.012839275103980988,0.09663725706485962,0.046535684737876254,1717,1717,283
placebo,all_alfworld,all,raw,D_adv::decision::unsigned,top_quartile_lift,0.45888867861118693,0.27580715927040744,1.5406942869951548,0.8158029696372116,1717,1717,283
placebo,all_alfworld,all,raw,D_adv_gate::decision::reward,spearman,-0.29149769690789323,-0.5825945169820701,0.18117933288912794,-0.22963746295618762,1717,1717,283
placebo,all_alfworld,all,raw,D_adv_gate::decision::reward,average_precision,0.26878689937513467,0.20978169093977916,0.7076936592505031,0.42477505697835916,1716,1717,283
placebo,all_alfworld,all,raw,D_adv_gate::decision::reward,auroc_large_change_vs_rest,0.38461538461538464,0.1555944055944056,0.6757856341189674,0.4014665169433298,1716,1717,283
placebo,all_alfworld,all,raw,D_adv_gate::decision::reward,top_quartile_mean_absolute_delta,0.025545860389610386,0.010821636696636697,0.07431549748700911,0.039020968893984175,1717,1717,283
placebo,all_alfworld,all,raw,D_adv_gate::decision::reward,top_quartile_lift,0.6538298060277425,0.23198674183402937,1.2728116608317042,0.6959426115977103,1717,1717,283
placebo,all_alfworld,all,raw,D_adv_gate::decision::unsigned,spearman,-0.2831988300920102,-0.6302037585262519,0.16580588778403085,-0.2552599840250114,1717,1717,283
placebo,all_alfworld,all,raw,D_adv_gate::decision::unsigned,average_precision,0.2972438672438672,0.19790223665223666,0.7163614045361205,0.42169791320694155,1716,1717,283
placebo,all_alfworld,all,raw,D_adv_gate::decision::unsigned,auroc_large_change_vs_rest,0.4307692307692308,0.125,0.6363636363636364,0.37527638637042915,1716,1717,283
placebo,all_alfworld,all,raw,D_adv_gate::decision::unsigned,top_quartile_mean_absolute_delta,0.03308554292929293,0.016766339095556634,0.08658577137876403,0.04796398773798113,1717,1717,283
placebo,all_alfworld,all,raw,D_adv_gate::decision::unsigned,top_quartile_lift,0.8468031135322459,0.34745694968141316,1.469578392027673,0.853932042469586,1717,1717,283
placebo,all_alfworld,all,raw,D_sqrtadv::decision::reward,spearman,-0.32158108911546945,-0.45052492294052265,0.3130614769287135,-0.09081941412952133,1717,1717,283
placebo,all_alfworld,all,raw,D_sqrtadv::decision::reward,average_precision,0.2949773755656109,0.26659130799755804,0.7407005639887073,0.4671674879725338,1716,1717,283
placebo,all_alfworld,all,raw,D_sqrtadv::decision::reward,auroc_large_change_vs_rest,0.3384615384615385,0.21217206790123455,0.7083333333333334,0.44532786734098495,1716,1717,283
placebo,all_alfworld,all,raw,D_sqrtadv::decision::reward,top_quartile_mean_absolute_delta,0.042196954518132636,0.02353328518907563,0.10162878787878787,0.05758249560232556,1717,1717,283
placebo,all_alfworld,all,raw,D_sqrtadv::decision::reward,top_quartile_lift,1.0800038114501307,0.469124377097237,1.7202999178304492,1.028915040552514,1717,1717,283
placebo,all_alfworld,all,raw,D_sqrtadv::decision::unsigned,spearman,-0.29875920537179096,-0.4122543902643957,0.35386708372797715,-0.05643011487559513,1717,1717,283
placebo,all_alfworld,all,raw,D_sqrtadv::decision::unsigned,average_precision,0.27555555555555555,0.20555555555555557,0.7662000586219335,0.46383132034068086,1716,1717,283
placebo,all_alfworld,all,raw,D_sqrtadv::decision::unsigned,auroc_large_change_vs_rest,0.35384615384615387,0.2222222222222222,0.7076923076923077,0.45518638633454783,1716,1717,283
placebo,all_alfworld,all,raw,D_sqrtadv::decision::unsigned,top_quartile_mean_absolute_delta,0.017929292929292927,0.012839275103980988,0.09663725706485962,0.046535684737876254,1717,1717,283
placebo,all_alfworld,all,raw,D_sqrtadv::decision::unsigned,top_quartile_lift,0.45888867861118693,0.27580715927040744,1.5406942869951548,0.8158029696372116,1717,1717,283
placebo,all_alfworld,all,raw,D_work::decision::reward,spearman,-0.2748999632761271,-0.5079621015126754,0.26943476926717563,-0.13539779329893753,1717,1717,283
placebo,all_alfworld,all,raw,D_work::decision::reward,average_precision,0.2896062271062271,0.24351495726495728,0.7141382922632923,0.46934700872380236,1716,1717,283
placebo,all_alfworld,all,raw,D_work::decision::reward,auroc_large_change_vs_rest,0.4153846153846154,0.19969135802469137,0.7083333333333334,0.44697885159972095,1716,1717,283
placebo,all_alfworld,all,raw,D_work::decision::reward,top_quartile_mean_absolute_delta,0.036300897170462386,0.022246553884711782,0.11539819960242156,0.06047346351374406,1717,1717,283
placebo,all_alfworld,all,raw,D_work::decision::reward,top_quartile_lift,0.9290980297241983,0.453561681513423,1.8239882494972448,1.068695534040527,1717,1717,283
placebo,all_alfworld,all,raw,D_work::decision::unsigned,spearman,0.0280086755036054,-0.2685867948302445,0.555925294863121,0.13134511448635258,1717,1717,283
placebo,all_alfworld,all,raw,D_work::decision::unsigned,average_precision,0.5158333333333334,0.29384678587344026,0.84375,0.570645452598442,1716,1717,283
placebo,all_alfworld,all,raw,D_work::decision::unsigned,auroc_large_change_vs_rest,0.7076923076923077,0.3249594155844156,0.8375,0.5714524048596532,1716,1717,283
placebo,all_alfworld,all,raw,D_work::decision::unsigned,top_quartile_mean_absolute_delta,0.05518730590062111,0.03098959091276579,0.13805627705627704,0.07787588007340428,1717,1717,283
placebo,all_alfworld,all,raw,D_work::decision::unsigned,top_quartile_lift,1.412483469410643,0.6448569586643198,2.145305352471394,1.3757908108625732,1717,1717,283
placebo,all_alfworld,all,raw,D_work_gate::decision::reward,spearman,-0.44917616640967184,-0.6684036650673707,0.10556787348540222,-0.31367762207976546,1717,1717,283
placebo,all_alfworld,all,raw,D_work_gate::decision::reward,average_precision,0.2271969696969697,0.19696929704282645,0.6488124444257467,0.3964274417708828,1716,1717,283
placebo,all_alfworld,all,raw,D_work_gate::decision::reward,auroc_large_change_vs_rest,0.27692307692307694,0.12340930674264007,0.6128605769230769,0.3583827094670112,1716,1717,283
placebo,all_alfworld,all,raw,D_work_gate::decision::reward,top_quartile_mean_absolute_delta,0.014126984126984127,0.007136904761904762,0.08862427849927837,0.03782155182227048,1717,1717,283
placebo,all_alfworld,all,raw,D_work_gate::decision::reward,top_quartile_lift,0.361571039324227,0.14469987436310378,1.3825437237865024,0.6619174533809059,1717,1717,283
placebo,all_alfworld,all,raw,D_work_gate::decision::unsigned,spearman,-0.2168078955649455,-0.4338078552296585,0.3643243676807239,-0.06120894404579239,1717,1717,283
placebo,all_alfworld,all,raw,D_work_gate::decision::unsigned,average_precision,0.30547619047619046,0.21414372086247085,0.7335140505376521,0.464841230679782,1716,1717,283
placebo,all_alfworld,all,raw,D_work_gate::decision::unsigned,auroc_large_change_vs_rest,0.49230769230769234,0.22465277777777778,0.7361111111111112,0.4687454668338164,1716,1717,283
placebo,all_alfworld,all,raw,D_work_gate::decision::unsigned,top_quartile_mean_absolute_delta,0.01872767857142857,0.008669642857142858,0.09280654761904755,0.04137556752056049,1717,1717,283
placebo,all_alfworld,all,raw,D_work_gate::decision::unsigned,top_quartile_lift,0.4793228437389814,0.19599802805904715,1.4489951794447253,0.7281751629056763,1717,1717,283
placebo,all_alfworld,all,raw,D_cos_raw::decision::reward,spearman,-0.04149433407941541,-0.2892472003410757,0.497185283090323,0.07885854585702276,1717,1717,283
placebo,all_alfworld,all,raw,D_cos_raw::decision::reward,average_precision,0.3626330532212885,0.28749111182934717,0.8074970168720167,0.5157968214764855,1716,1717,283
placebo,all_alfworld,all,raw,D_cos_raw::decision::reward,auroc_large_change_vs_rest,0.5384615384615384,0.29983766233766235,0.8003086419753087,0.5438144155372291,1716,1717,283
placebo,all_alfworld,all,raw,D_cos_raw::decision::reward,top_quartile_mean_absolute_delta,0.04338743070860883,0.02414558624475579,0.11742686464839265,0.06321826796484407,1717,1717,283
placebo,all_alfworld,all,raw,D_cos_raw::decision::reward,top_quartile_lift,1.1104732810561049,0.49044399120216675,1.9047498420922087,1.1198674545522036,1717,1717,283
placebo,all_alfworld,all,raw,D_cos_raw::decision::unsigned,spearman,-0.37656108177069486,-0.43752724591580355,0.35560740568903093,-0.06396740834349192,1717,1717,283
placebo,all_alfworld,all,raw,D_cos_raw::decision::unsigned,average_precision,0.25545356604180136,0.20803941769015302,0.7401597331911504,0.4485762002188738,1716,1717,283
placebo,all_alfworld,all,raw,D_cos_raw::decision::unsigned,auroc_large_change_vs_rest,0.35384615384615387,0.21502403846153847,0.6946924603174602,0.4504470508352656,1716,1717,283
placebo,all_alfworld,all,raw,D_cos_raw::decision::unsigned,top_quartile_mean_absolute_delta,0.017929292929292927,0.012839275103980988,0.09663725706485962,0.046535684737876254,1717,1717,283
placebo,all_alfworld,all,raw,D_cos_raw::decision::unsigned,top_quartile_lift,0.45888867861118693,0.27580715927040744,1.5406942869951548,0.8158029696372116,1717,1717,283
placebo,all_alfworld,all,raw,D_cos_centered::decision::reward,spearman,-0.014523016927795394,-0.27093412790682225,0.4661745776627562,0.07807640126912671,1717,1717,283
placebo,all_alfworld,all,raw,D_cos_centered::decision::reward,average_precision,0.34869365928189455,0.28870214752567697,0.8006134866136538,0.5144599121652184,1716,1717,283
placebo,all_alfworld,all,raw,D_cos_centered::decision::reward,auroc_large_change_vs_rest,0.5076923076923077,0.3055555555555556,0.7802556818181818,0.5388583438767119,1716,1717,283
placebo,all_alfworld,all,raw,D_cos_centered::decision::reward,top_quartile_mean_absolute_delta,0.04338743070860883,0.02414558624475579,0.11742686464839265,0.06321826796484407,1717,1717,283
placebo,all_alfworld,all,raw,D_cos_centered::decision::reward,top_quartile_lift,1.1104732810561049,0.49044399120216675,1.9047498420922087,1.1198674545522036,1717,1717,283
placebo,all_alfworld,all,raw,D_cos_centered::decision::unsigned,spearman,-0.3848599485865779,-0.45511822715323963,0.34299313738219134,-0.09065395865474671,1717,1717,283
placebo,all_alfworld,all,raw,D_cos_centered::decision::unsigned,average_precision,0.26928104575163403,0.20974949274581628,0.7671479103004838,0.4623375827693683,1716,1717,283
placebo,all_alfworld,all,raw,D_cos_centered::decision::unsigned,auroc_large_change_vs_rest,0.3230769230769231,0.19622564935064934,0.707772435897436,0.44368429245687396,1716,1717,283
placebo,all_alfworld,all,raw,D_cos_centered::decision::unsigned,top_quartile_mean_absolute_delta,0.017929292929292927,0.012839275103980988,0.09663725706485962,0.046535684737876254,1717,1717,283
placebo,all_alfworld,all,raw,D_cos_centered::decision::unsigned,top_quartile_lift,0.45888867861118693,0.27580715927040744,1.5406942869951548,0.8158029696372116,1717,1717,283
placebo,all_alfworld,all,raw,D_cos_centered_gate::decision::reward,spearman,0.22718147908479938,-0.3412779259355647,0.47601562503714556,0.05868351082772571,1717,1717,283
placebo,all_alfworld,all,raw,D_cos_centered_gate::decision::reward,average_precision,0.48488413547237075,0.28880931160342926,0.820064059714795,0.530850519103594,1716,1717,283
placebo,all_alfworld,all,raw,D_cos_centered_gate::decision::reward,auroc_large_change_vs_rest,0.6461538461538462,0.275,0.7922077922077922,0.5363185411575134,1716,1717,283
placebo,all_alfworld,all,raw,D_cos_centered_gate::decision::reward,top_quartile_mean_absolute_delta,0.0613777820910973,0.030393472906403943,0.12025768849206349,0.07198866837879252,1717,1717,283
placebo,all_alfworld,all,raw,D_cos_centered_gate::decision::reward,top_quartile_lift,1.5709247113617086,0.6226349736634446,1.9610167829526792,1.2818017312690124,1717,1717,283
placebo,all_alfworld,all,raw,D_cos_centered_gate::decision::unsigned,spearman,-0.3869346652905487,-0.6648535730215402,0.0965772115102669,-0.31819084435309164,1717,1717,283
placebo,all_alfworld,all,raw,D_cos_centered_gate::decision::unsigned,average_precision,0.25975723622782443,0.1865079365079365,0.6963021098590951,0.40839288534410406,1716,1717,283
placebo,all_alfworld,all,raw,D_cos_centered_gate::decision::unsigned,auroc_large_change_vs_rest,0.3384615384615385,0.1,0.6103896103896104,0.340680073916782,1716,1717,283
placebo,all_alfworld,all,raw,D_cos_centered_gate::decision::unsigned,top_quartile_mean_absolute_delta,0.022929292929292928,0.012498733535967579,0.07763911202778981,0.03948942326783786,1717,1717,283
placebo,all_alfworld,all,raw,D_cos_centered_gate::decision::unsigned,top_quartile_lift,0.5868604509562786,0.24586701091927898,1.2887914563479423,0.7000816069434815,1717,1717,283
placebo,all_alfworld,all,raw,D_cos_adv::decision::reward,spearman,-0.5508372849042396,-0.595775867455153,0.15295678974362556,-0.25739722259532616,1717,1717,283
placebo,all_alfworld,all,raw,D_cos_adv::decision::reward,average_precision,0.22174603174603175,0.20385774101307189,0.6821632819794584,0.41360388241971713,1716,1717,283
placebo,all_alfworld,all,raw,D_cos_adv::decision::reward,auroc_large_change_vs_rest,0.23076923076923078,0.14748677248677247,0.6380594135802469,0.3728710575684986,1716,1717,283
placebo,all_alfworld,all,raw,D_cos_adv::decision::reward,top_quartile_mean_absolute_delta,0.03574534161490683,0.019926948051948053,0.09813485221674874,0.05297048798220096,1717,1717,283
placebo,all_alfworld,all,raw,D_cos_adv::decision::reward,top_quartile_lift,0.914878943908077,0.3945662536223089,1.6193649216459853,0.943694359738762,1717,1717,283
placebo,all_alfworld,all,raw,D_cos_adv::decision::unsigned,spearman,-0.3848599485865779,-0.45511822715323963,0.34299313738219134,-0.09065395865474671,1717,1717,283
placebo,all_alfworld,all,raw,D_cos_adv::decision::unsigned,average_precision,0.26928104575163403,0.20974949274581628,0.7671479103004838,0.4623375827693683,1716,1717,283
placebo,all_alfworld,all,raw,D_cos_adv::decision::unsigned,auroc_large_change_vs_rest,0.3230769230769231,0.19622564935064934,0.707772435897436,0.44368429245687396,1716,1717,283
placebo,all_alfworld,all,raw,D_cos_adv::decision::unsigned,top_quartile_mean_absolute_delta,0.017929292929292927,0.012839275103980988,0.09663725706485962,0.046535684737876254,1717,1717,283
placebo,all_alfworld,all,raw,D_cos_adv::decision::unsigned,top_quartile_lift,0.45888867861118693,0.27580715927040744,1.5406942869951548,0.8158029696372116,1717,1717,283
placebo,all_alfworld,all,raw,D_cos_negative::decision::reward,spearman,0.3506271229710602,-0.14354321938849665,0.5913603110390159,0.22651611086340318,1717,1717,283
placebo,all_alfworld,all,raw,D_cos_negative::decision::reward,average_precision,0.5755555555555556,0.3439194139194139,0.8612755535691056,0.6071150585409701,1716,1717,283
placebo,all_alfworld,all,raw,D_cos_negative::decision::reward,auroc_large_change_vs_rest,0.7076923076923077,0.375,0.8375,0.617687777677951,1716,1717,283
placebo,all_alfworld,all,raw,D_cos_negative::decision::reward,top_quartile_mean_absolute_delta,0.05820317891649414,0.03140539969624369,0.11822606084175957,0.0704046955769519,1717,1717,283
placebo,all_alfworld,all,raw,D_cos_negative::decision::reward,top_quartile_lift,1.4896727924124444,0.6103228801839754,1.985330993138452,1.2587533959138717,1717,1717,283
placebo,all_alfworld,all,raw,D_cos_negative::decision::unsigned,spearman,0.09543696838265545,-0.2245378043967847,0.5284395997389871,0.15826684653319822,1717,1717,283
placebo,all_alfworld,all,raw,D_cos_negative::decision::unsigned,average_precision,0.37202380952380953,0.25464564234784826,0.842367383773634,0.5206361642695219,1716,1717,283
placebo,all_alfworld,all,raw,D_cos_negative::decision::unsigned,auroc_large_change_vs_rest,0.5384615384615384,0.325,0.8055555555555556,0.5682482064170127,1716,1717,283
placebo,all_alfworld,all,raw,D_cos_negative::decision::unsigned,top_quartile_mean_absolute_delta,0.024010374010374008,0.018739222592736242,0.10818712369683628,0.05452339929544414,1717,1717,283
placebo,all_alfworld,all,raw,D_cos_negative::decision::unsigned,top_quartile_lift,0.6145300233552172,0.3865134044788745,1.6891756308837347,0.9579941336958907,1717,1717,283
placebo,all_alfworld,all,raw,D_soft::decision::reward,spearman,0.08713810156677236,-0.4372546121098165,0.352656061551255,-0.04984803590081687,1717,1717,283
placebo,all_alfworld,all,raw,D_soft::decision::reward,average_precision,0.3522222222222222,0.2288048552754435,0.7817377645502646,0.48113483083300873,1716,1717,283
placebo,all_alfworld,all,raw,D_soft::decision::reward,auroc_large_change_vs_rest,0.5384615384615384,0.2344676928010261,0.7626736111111111,0.48792104835649724,1716,1717,283
placebo,all_alfworld,all,raw,D_soft::decision::reward,top_quartile_mean_absolute_delta,0.05391024962356483,0.027929347173826474,0.11282092366415962,0.06472622618828645,1717,1717,283
placebo,all_alfworld,all,raw,D_soft::decision::reward,top_quartile_lift,1.3797980383787796,0.5464465788452724,1.8325027468521913,1.15626465795659,1717,1717,283
placebo,all_alfworld,all,raw,D_soft::decision::unsigned,spearman,-0.18464978665339857,-0.5741635961191666,0.22840385278450537,-0.20016362737536617,1717,1717,283
placebo,all_alfworld,all,raw,D_soft::decision::unsigned,average_precision,0.33494949494949494,0.20837606837606834,0.7350726674945424,0.43772503891320313,1716,1717,283
placebo,all_alfworld,all,raw,D_soft::decision::unsigned,auroc_large_change_vs_rest,0.5076923076923077,0.1555944055944056,0.6750405844155845,0.4120293865666855,1716,1717,283
placebo,all_alfworld,all,raw,D_soft::decision::unsigned,top_quartile_mean_absolute_delta,0.03308554292929293,0.016766339095556634,0.08658577137876403,0.04796398773798113,1717,1717,283
placebo,all_alfworld,all,raw,D_soft::decision::unsigned,top_quartile_lift,0.8468031135322459,0.34745694968141316,1.469578392027673,0.853932042469586,1717,1717,283
placebo,all_alfworld,all,raw,D_soft_negative::decision::reward,spearman,0.4149433407941541,-0.3015127860150248,0.4606223306185427,0.0888021869142095,1717,1717,283
placebo,all_alfworld,all,raw,D_soft_negative::decision::reward,average_precision,0.4847222222222222,0.2951112255799756,0.8225883780571281,0.5287696558920109,1716,1717,283
placebo,all_alfworld,all,raw,D_soft_negative::decision::reward,auroc_large_change_vs_rest,0.676923076923077,0.32079475308641975,0.7916666666666666,0.553933554075171,1716,1717,283
placebo,all_alfworld,all,raw,D_soft_negative::decision::reward,top_quartile_mean_absolute_delta,0.05391024962356483,0.027929347173826474,0.11282092366415962,0.06472622618828645,1717,1717,283
placebo,all_alfworld,all,raw,D_soft_negative::decision::reward,top_quartile_lift,1.3797980383787796,0.5464465788452724,1.8325027468521913,1.15626465795659,1717,1717,283
placebo,all_alfworld,all,raw,D_soft_negative::decision::unsigned,spearman,0.12344564388626085,-0.4783628141903781,0.3269709881080601,-0.0674380191696957,1717,1717,283
placebo,all_alfworld,all,raw,D_soft_negative::decision::unsigned,average_precision,0.36987179487179483,0.2196207264957265,0.750059603433183,0.46041034752980553,1716,1717,283
placebo,all_alfworld,all,raw,D_soft_negative::decision::unsigned,auroc_large_change_vs_rest,0.5538461538461539,0.225,0.7125,0.47360623967051646,1716,1717,283
placebo,all_alfworld,all,raw,D_soft_negative::decision::unsigned,top_quartile_mean_absolute_delta,0.022929292929292928,0.010444919579065922,0.07202258708272859,0.036633242067899155,1717,1717,283
placebo,all_alfworld,all,raw,D_soft_negative::decision::unsigned,top_quartile_lift,0.5868604509562786,0.21643291037310425,1.1906080353115154,0.6487081501386608,1717,1717,283
placebo,all_alfworld,all,raw,D_soft_cos::decision::reward,spearman,0.15041696103788085,-0.3785494641457059,0.41404433197781587,0.017821669379849685,1717,1717,283
placebo,all_alfworld,all,raw,D_soft_cos::decision::reward,average_precision,0.4422222222222222,0.2863839285714286,0.8169295981795982,0.5208726057105555,1716,1717,283
placebo,all_alfworld,all,raw,D_soft_cos::decision::reward,auroc_large_change_vs_rest,0.6,0.27258698092031425,0.7794744318181819,0.5173443191724134,1716,1717,283
placebo,all_alfworld,all,raw,D_soft_cos::decision::reward,top_quartile_mean_absolute_delta,0.0613777820910973,0.030393472906403943,0.12025768849206349,0.07198866837879252,1717,1717,283
placebo,all_alfworld,all,raw,D_soft_cos::decision::reward,top_quartile_lift,1.5709247113617086,0.6226349736634446,1.9610167829526792,1.2818017312690124,1717,1717,283
placebo,all_alfworld,all,raw,D_soft_cos::decision::unsigned,spearman,-0.22199468732487246,-0.5706253929843789,0.21589991197011968,-0.21016912476883395,1717,1717,283
placebo,all_alfworld,all,raw,D_soft_cos::decision::unsigned,average_precision,0.33494949494949494,0.2071784547152194,0.7343199624449623,0.4365986952328924,1716,1717,283
placebo,all_alfworld,all,raw,D_soft_cos::decision::unsigned,auroc_large_change_vs_rest,0.5076923076923077,0.15384615384615385,0.6677083333333333,0.40942299410729466,1716,1717,283
placebo,all_alfworld,all,raw,D_soft_cos::decision::unsigned,top_quartile_mean_absolute_delta,0.03308554292929293,0.016766339095556634,0.08658577137876403,0.04796398773798113,1717,1717,283
placebo,all_alfworld,all,raw,D_soft_cos::decision::unsigned,top_quartile_lift,0.8468031135322459,0.34745694968141316,1.469578392027673,0.853932042469586,1717,1717,283
placebo,all_alfworld,all,raw,D_sigmoid::decision::reward,spearman,0.1338192274061147,-0.34947593445617336,0.45330924266132894,0.04784223902564791,1717,1717,283
placebo,all_alfworld,all,raw,D_sigmoid::decision::reward,average_precision,0.37722222222222224,0.2908775252525252,0.8086352176920615,0.5154685467437983,1716,1717,283
placebo,all_alfworld,all,raw,D_sigmoid::decision::reward,auroc_large_change_vs_rest,0.5538461538461539,0.283179012345679,0.7901234567901234,0.5227972801358668,1716,1717,283
placebo,all_alfworld,all,raw,D_sigmoid::decision::reward,top_quartile_mean_absolute_delta,0.047325428194993406,0.02604101966873706,0.11067502651113466,0.06403690564402442,1717,1717,283
placebo,all_alfworld,all,raw,D_sigmoid::decision::reward,top_quartile_lift,1.211263784620735,0.5163818132123955,1.8432886438925822,1.1405269378940441,1717,1717,283
placebo,all_alfworld,all,raw,D_sigmoid::decision::unsigned,spearman,-0.3651501398988556,-0.5680603559219145,0.19042785306482976,-0.21927954254522247,1717,1717,283
placebo,all_alfworld,all,raw,D_sigmoid::decision::unsigned,average_precision,0.2983760683760684,0.19753375709258064,0.7460212877400377,0.439115981440967,1716,1717,283
placebo,all_alfworld,all,raw,D_sigmoid::decision::unsigned,auroc_large_change_vs_rest,0.38461538461538464,0.13834134615384616,0.6552231718898386,0.3881458514900543,1716,1717,283
placebo,all_alfworld,all,raw,D_sigmoid::decision::unsigned,top_quartile_mean_absolute_delta,0.03308554292929293,0.016766339095556634,0.08658577137876403,0.04796398773798113,1717,1717,283
placebo,all_alfworld,all,raw,D_sigmoid::decision::unsigned,top_quartile_lift,0.8468031135322459,0.34745694968141316,1.469578392027673,0.853932042469586,1717,1717,283
placebo,all_alfworld,all,raw,D_tauC_q25::decision::reward,spearman,0.15560375279780778,-0.39747680496274435,0.3913884135031304,-0.0038876738270338146,1717,1717,283
placebo,all_alfworld,all,raw,D_tauC_q25::decision::reward,average_precision,0.37215686274509807,0.2627164502164502,0.7929426300081377,0.49980736573816537,1716,1717,283
placebo,all_alfworld,all,raw,D_tauC_q25::decision::reward,auroc_large_change_vs_rest,0.5692307692307692,0.25,0.7792207792207793,0.509367407270862,1716,1717,283
placebo,all_alfworld,all,raw,D_tauC_q25::decision::reward,top_quartile_mean_absolute_delta,0.05803971390927911,0.028520025278197886,0.12005467813460191,0.0701000625795134,1717,1717,283
placebo,all_alfworld,all,raw,D_tauC_q25::decision::reward,top_quartile_lift,1.4854890110745023,0.5802337714301237,1.9330718143624428,1.2432517897277613,1717,1717,283
placebo,all_alfworld,all,raw,D_tauC_q25::decision::unsigned,spearman,-0.31950637241149865,-0.6024045114880237,0.1587992313853849,-0.26316582709222636,1717,1717,283
placebo,all_alfworld,all,raw,D_tauC_q25::decision::unsigned,average_precision,0.3026984126984127,0.19839103910795086,0.7166555258467023,0.42392915480723437,1716,1717,283
placebo,all_alfworld,all,raw,D_tauC_q25::decision::unsigned,auroc_large_change_vs_rest,0.4461538461538462,0.125,0.6419753086419753,0.37761971536717015,1716,1717,283
placebo,all_alfworld,all,raw,D_tauC_q25::decision::unsigned,top_quartile_mean_absolute_delta,0.03308554292929293,0.016766339095556634,0.08658577137876403,0.04796398773798113,1717,1717,283
placebo,all_alfworld,all,raw,D_tauC_q25::decision::unsigned,top_quartile_lift,0.8468031135322459,0.34745694968141316,1.469578392027673,0.853932042469586,1717,1717,283
placebo,all_alfworld,all,raw,D_tauC_q50::decision::reward,spearman,0.13796866081405623,-0.4039259358417686,0.37380795696625935,-0.019678685076197015,1717,1717,283
placebo,all_alfworld,all,raw,D_tauC_q50::decision::reward,average_precision,0.36155080213903745,0.2334308155080214,0.7856983294483294,0.4885206086010474,1716,1717,283
placebo,all_alfworld,all,raw,D_tauC_q50::decision::reward,auroc_large_change_vs_rest,0.5692307692307692,0.2468935385602052,0.7680288461538463,0.504685866583191,1716,1717,283
placebo,all_alfworld,all,raw,D_tauC_q50::decision::reward,top_quartile_mean_absolute_delta,0.05803971390927911,0.028520025278197886,0.12005467813460191,0.0701000625795134,1717,1717,283
placebo,all_alfworld,all,raw,D_tauC_q50::decision::reward,top_quartile_lift,1.4854890110745023,0.5802337714301237,1.9330718143624428,1.2432517897277613,1717,1717,283
placebo,all_alfworld,all,raw,D_tauC_q50::decision::unsigned,spearman,-0.23548034590068245,-0.5706024756933387,0.20971361246286963,-0.21210350466178512,1717,1717,283
placebo,all_alfworld,all,raw,D_tauC_q50::decision::unsigned,average_precision,0.3288888888888889,0.20361301892551892,0.7342566839725931,0.436234572532726,1716,1717,283
placebo,all_alfworld,all,raw,D_tauC_q50::decision::unsigned,auroc_large_change_vs_rest,0.49230769230769234,0.15371260683760685,0.6666666666666666,0.4066873166607072,1716,1717,283
placebo,all_alfworld,all,raw,D_tauC_q50::decision::unsigned,top_quartile_mean_absolute_delta,0.03308554292929293,0.016766339095556634,0.08658577137876403,0.04796398773798113,1717,1717,283
placebo,all_alfworld,all,raw,D_tauC_q50::decision::unsigned,top_quartile_lift,0.8468031135322459,0.34745694968141316,1.469578392027673,0.853932042469586,1717,1717,283
placebo,all_alfworld,all,raw,D_tauC_q75::decision::reward,spearman,-0.0632788594711085,-0.5404742437595521,0.2100424121938417,-0.17627956189616395,1717,1717,283
placebo,all_alfworld,all,raw,D_tauC_q75::decision::reward,average_precision,0.29542568542568537,0.21342314752241226,0.7124629285712688,0.43388667307410134,1716,1717,283
placebo,all_alfworld,all,raw,D_tauC_q75::decision::reward,auroc_large_change_vs_rest,0.46153846153846156,0.18713942307692308,0.6891975308641975,0.42974419956236143,1716,1717,283
placebo,all_alfworld,all,raw,D_tauC_q75::decision::reward,top_quartile_mean_absolute_delta,0.02673633658008658,0.01119583703046436,0.07171439202899865,0.037323837469472126,1717,1717,283
placebo,all_alfworld,all,raw,D_tauC_q75::decision::reward,top_quartile_lift,0.6842992756337168,0.22763881970749164,1.2218670638753757,0.6663014378930586,1717,1717,283
placebo,all_alfworld,all,raw,D_tauC_q75::decision::unsigned,spearman,-0.11410941871839238,-0.5498095388180123,0.20817561408333118,-0.18634988567179744,1717,1717,283
placebo,all_alfworld,all,raw,D_tauC_q75::decision::unsigned,average_precision,0.3438888888888889,0.21053564491064491,0.7304559445184444,0.43893916604449074,1716,1717,283
placebo,all_alfworld,all,raw,D_tauC_q75::decision::unsigned,auroc_large_change_vs_rest,0.5230769230769231,0.175,0.6771842355175689,0.424643767529854,1716,1717,283
placebo,all_alfworld,all,raw,D_tauC_q75::decision::unsigned,top_quartile_mean_absolute_delta,0.03308554292929293,0.012394272179155902,0.07654205412652966,0.04064397182769386,1717,1717,283
placebo,all_alfworld,all,raw,D_tauC_q75::decision::unsigned,top_quartile_lift,0.8468031135322459,0.24800285074143144,1.2675440310815744,0.724245671271466,1717,1717,283
placebo,all_alfworld,all,raw,D_delta_q25::decision::reward,spearman,0.046681125839342336,-0.2729965528404219,0.45742522400704616,0.07907158897175805,1717,1717,283
placebo,all_alfworld,all,raw,D_delta_q25::decision::reward,average_precision,0.3482174688057041,0.290078028589058,0.7986435079082139,0.5127818730947228,1716,1717,283
placebo,all_alfworld,all,raw,D_delta_q25::decision::reward,auroc_large_change_vs_rest,0.5076923076923077,0.3055555555555556,0.7753472222222222,0.5347907684282605,1716,1717,283
placebo,all_alfworld,all,raw,D_delta_q25::decision::reward,top_quartile_mean_absolute_delta,0.047325428194993406,0.02604101966873706,0.11067502651113466,0.06403690564402442,1717,1717,283
placebo,all_alfworld,all,raw,D_delta_q25::decision::reward,top_quartile_lift,1.211263784620735,0.5163818132123955,1.8432886438925822,1.1405269378940441,1717,1717,283
placebo,all_alfworld,all,raw,D_delta_q25::decision::unsigned,spearman,-0.2520780795324486,-0.37299206738207225,0.39316168075394164,-0.013731934734249343,1717,1717,283
placebo,all_alfworld,all,raw,D_delta_q25::decision::unsigned,average_precision,0.3287868993751347,0.21362636546460076,0.7801146169535592,0.47363801621652024,1716,1717,283
placebo,all_alfworld,all,raw,D_delta_q25::decision::unsigned,auroc_large_change_vs_rest,0.4307692307692308,0.23376623376623376,0.7142857142857143,0.47270887146231366,1716,1717,283
placebo,all_alfworld,all,raw,D_delta_q25::decision::unsigned,top_quartile_mean_absolute_delta,0.017929292929292927,0.012839275103980988,0.09663725706485962,0.046535684737876254,1717,1717,283
placebo,all_alfworld,all,raw,D_delta_q25::decision::unsigned,top_quartile_lift,0.45888867861118693,0.27580715927040744,1.5406942869951548,0.8158029696372116,1717,1717,283
placebo,all_alfworld,all,raw,D_delta_q50::decision::reward,spearman,0.10684791025449468,-0.3019285790827413,0.4372106255775421,0.07561954258513234,1717,1717,283
placebo,all_alfworld,all,raw,D_delta_q50::decision::reward,average_precision,0.4449494949494949,0.3010942760942761,0.8048952087722141,0.575264542069023,1716,1717,283
placebo,all_alfworld,all,raw,D_delta_q50::decision::reward,auroc_large_change_vs_rest,0.5076923076923077,0.2922275641025641,0.7786324786324786,0.5292148441469708,1716,1717,283
placebo,all_alfworld,all,raw,D_delta_q50::decision::reward,top_quartile_mean_absolute_delta,0.047325428194993406,0.02604101966873706,0.11067502651113466,0.06403690564402442,1717,1717,283
placebo,all_alfworld,all,raw,D_delta_q50::decision::reward,top_quartile_lift,1.211263784620735,0.5163818132123955,1.8432886438925822,1.1405269378940441,1717,1717,283
placebo,all_alfworld,all,raw,D_delta_q50::decision::unsigned,spearman,-0.19398601182126704,-0.4164803807965729,0.3037260737745183,-0.08101968418265092,1717,1717,283
placebo,all_alfworld,all,raw,D_delta_q50::decision::unsigned,average_precision,0.33376068376068374,0.21212721306471308,0.7682165404040404,0.45806202106992316,1716,1717,283
placebo,all_alfworld,all,raw,D_delta_q50::decision::unsigned,auroc_large_change_vs_rest,0.46153846153846156,0.18713942307692308,0.6888111888111889,0.43991735707993307,1716,1717,283
placebo,all_alfworld,all,raw,D_delta_q50::decision::unsigned,top_quartile_mean_absolute_delta,0.02808554292929293,0.016382197765469828,0.08453108395402198,0.04606969191057908,1717,1717,283
placebo,all_alfworld,all,raw,D_delta_q50::decision::unsigned,top_quartile_lift,0.7188313411871543,0.3468318810945189,1.4273792009893052,0.8221203598704966,1717,1717,283
placebo,all_alfworld,all,raw,D_delta_q75::decision::reward,spearman,-0.009336225167868467,-0.3623021796070663,0.33554372815004085,-0.013399022956113437,1717,1717,283
placebo,all_alfworld,all,raw,D_delta_q75::decision::reward,average_precision,0.287077497665733,0.2547219192164046,0.7609868600217865,0.48621186412043305,1716,1717,283
placebo,all_alfworld,all,raw,D_delta_q75::decision::reward,auroc_large_change_vs_rest,0.4153846153846154,0.26237980769230773,0.725,0.4904879242507505,1716,1717,283
placebo,all_alfworld,all,raw,D_delta_q75::decision::reward,top_quartile_mean_absolute_delta,0.04375399962356484,0.02094948729963256,0.10133548975145613,0.056251661718143164,1717,1717,283
placebo,all_alfworld,all,raw,D_delta_q75::decision::reward,top_quartile_lift,1.1198553758028125,0.4255621639375612,1.6465628822567195,1.0024142224304855,1717,1717,283
placebo,all_alfworld,all,raw,D_delta_q75::decision::unsigned,spearman,-0.17220148642957395,-0.3817990718174676,0.4001451836580657,-0.014011450989859809,1717,1717,283
placebo,all_alfworld,all,raw,D_delta_q75::decision::unsigned,average_precision,0.3555555555555555,0.21527777777777776,0.7961668270001603,0.4786946188287147,1716,1717,283
placebo,all_alfworld,all,raw,D_delta_q75::decision::unsigned,auroc_large_change_vs_rest,0.5230769230769231,0.21524725274725276,0.7418981481481481,0.4785814444233333,1716,1717,283
placebo,all_alfworld,all,raw,D_delta_q75::decision::unsigned,top_quartile_mean_absolute_delta,0.03364109848484848,0.02068442467009077,0.09033191954244583,0.050990240682432346,1717,1717,283
placebo,all_alfworld,all,raw,D_delta_q75::decision::unsigned,top_quartile_lift,0.8610221993483671,0.4275814891901865,1.4972901417349251,0.9097130858718308,1717,1717,283
placebo,all_alfworld,all,raw,D_winsor::decision::reward,spearman,-0.0280086755036054,-0.31286127068808794,0.415279659646576,0.039400630387303376,1717,1717,283
placebo,all_alfworld,all,raw,D_winsor::decision::reward,average_precision,0.33828282828282824,0.28737824675324675,0.7891237210730218,0.5049154159768056,1716,1717,283
placebo,all_alfworld,all,raw,D_winsor::decision::reward,auroc_large_change_vs_rest,0.47692307692307695,0.283179012345679,0.7664366883116883,0.517025931427798,1716,1717,283
placebo,all_alfworld,all,raw,D_winsor::decision::reward,top_quartile_mean_absolute_delta,0.046958859280037395,0.02675121036831814,0.10764397469968023,0.06206295459328486,1717,1717,283
placebo,all_alfworld,all,raw,D_winsor::decision::reward,top_quartile_lift,1.2018816898740274,0.50227329563176,1.814970366763321,1.1104471247229426,1717,1717,283
placebo,all_alfworld,all,raw,D_winsor::decision::unsigned,spearman,-0.26971317151620017,-0.3903886172233067,0.3787121775029215,-0.03135741347760156,1717,1717,283
placebo,all_alfworld,all,raw,D_winsor::decision::unsigned,average_precision,0.3121855921855922,0.20694221866096865,0.7729718907985953,0.4733683732303747,1716,1717,283
placebo,all_alfworld,all,raw,D_winsor::decision::unsigned,auroc_large_change_vs_rest,0.38461538461538464,0.23004807692307694,0.7153846153846154,0.4680383608023982,1716,1717,283
placebo,all_alfworld,all,raw,D_winsor::decision::unsigned,top_quartile_mean_absolute_delta,0.017929292929292927,0.012839275103980988,0.09663725706485962,0.046535684737876254,1717,1717,283
placebo,all_alfworld,all,raw,D_winsor::decision::unsigned,top_quartile_lift,0.45888867861118693,0.27580715927040744,1.5406942869951548,0.8158029696372116,1717,1717,283
placebo,all_alfworld,all,raw,D_tanh::decision::reward,spearman,0.06950300958302082,-0.24370524813301256,0.4629731627287116,0.09572549553024728,1717,1717,283
placebo,all_alfworld,all,raw,D_tanh::decision::reward,average_precision,0.3576330532212885,0.2930536987522282,0.8039838378533232,0.5163381709993465,1716,1717,283
placebo,all_alfworld,all,raw,D_tanh::decision::reward,auroc_large_change_vs_rest,0.5230769230769231,0.312398538961039,0.7847527472527472,0.5418440985935787,1716,1717,283
placebo,all_alfworld,all,raw,D_tanh::decision::reward,top_quartile_mean_absolute_delta,0.046958859280037395,0.02675121036831814,0.10764397469968023,0.06206295459328486,1717,1717,283
placebo,all_alfworld,all,raw,D_tanh::decision::reward,top_quartile_lift,1.2018816898740274,0.50227329563176,1.814970366763321,1.1104471247229426,1717,1717,283
placebo,all_alfworld,all,raw,D_tanh::decision::unsigned,spearman,-0.33091731428333787,-0.4298980265531242,0.31219747320288044,-0.07274561154281375,1717,1717,283
placebo,all_alfworld,all,raw,D_tanh::decision::unsigned,average_precision,0.3059110823816706,0.2046652897755839,0.7615124551621879,0.4646133016770505,1716,1717,283
placebo,all_alfworld,all,raw,D_tanh::decision::unsigned,auroc_large_change_vs_rest,0.35384615384615387,0.2,0.7012987012987013,0.4494721313178081,1716,1717,283
placebo,all_alfworld,all,raw,D_tanh::decision::unsigned,top_quartile_mean_absolute_delta,0.0215007215007215,0.014759525344631727,0.08497965214979565,0.045380371366317035,1717,1717,283
placebo,all_alfworld,all,raw,D_tanh::decision::unsigned,top_quartile_lift,0.5502970874291095,0.30992324440134766,1.43178393601333,0.8063826398079508,1717,1717,283
placebo,all_alfworld,all,raw,D_action_sign::decision::reward,spearman,-0.253115437884434,-0.4512170371110446,0.36499746732948596,-0.04132683993739044,1717,1717,283
placebo,all_alfworld,all,raw,D_action_sign::decision::reward,average_precision,0.2421969696969697,0.2145598763981117,0.7704514588204427,0.4739775686930033,1716,1717,283
placebo,all_alfworld,all,raw,D_action_sign::decision::reward,auroc_large_change_vs_rest,0.3230769230769231,0.20681818181818185,0.7127232142857143,0.45795320202007267,1716,1717,283
placebo,all_alfworld,all,raw,D_action_sign::decision::reward,top_quartile_mean_absolute_delta,0.0437296695771272,0.018255658814869343,0.12686814003048957,0.06339718166169345,1717,1717,283
placebo,all_alfworld,all,raw,D_action_sign::decision::reward,top_quartile_lift,1.1192326639700398,0.40560315268242847,1.8724514545321043,1.1026929087289787,1717,1717,283
placebo,all_alfworld,all,raw,D_action_sign::decision::unsigned,spearman,0.09025017662272852,-0.21848609119080545,0.5314023432259067,0.15880339227573476,1717,1717,283
placebo,all_alfworld,all,raw,D_action_sign::decision::unsigned,average_precision,0.2571428571428571,0.2558900739783093,0.8136750189056339,0.5213001884371595,1716,1717,283
placebo,all_alfworld,all,raw,D_action_sign::decision::unsigned,auroc_large_change_vs_rest,0.38461538461538464,0.3462301587301587,0.8051948051948052,0.5781332789279193,1716,1717,283
placebo,all_alfworld,all,raw,D_action_sign::decision::unsigned,top_quartile_mean_absolute_delta,0.022985842985842986,0.01311840804218853,0.10992460317460313,0.05211537237425452,1717,1717,283
placebo,all_alfworld,all,raw,D_action_sign::decision::unsigned,top_quartile_lift,0.5883078131488638,0.2763433342984176,1.647344214437328,0.9107803471350905,1717,1717,283
placebo,all_alfworld,all,raw,D_action_adv::decision::reward,spearman,-0.3464776895631187,-0.5107620063298738,0.3424038651690199,-0.09426050360559848,1717,1717,283
placebo,all_alfworld,all,raw,D_action_adv::decision::reward,average_precision,0.29070512820512817,0.2147408234126984,0.7641575556703398,0.45948939887961704,1716,1717,283
placebo,all_alfworld,all,raw,D_action_adv::decision::reward,auroc_large_change_vs_rest,0.4307692307692308,0.19480519480519481,0.7042022792022792,0.4502955653211749,1716,1717,283
placebo,all_alfworld,all,raw,D_action_adv::decision::reward,top_quartile_mean_absolute_delta,0.01984126984126984,0.0125625,0.1010965749936338,0.046454247640706,1717,1717,283
placebo,all_alfworld,all,raw,D_action_adv::decision::reward,top_quartile_lift,0.507824493432903,0.25385670297786384,1.4931467857759508,0.8111435370088327,1717,1717,283
placebo,all_alfworld,all,raw,D_action_adv::decision::unsigned,spearman,0.09025017662272852,-0.21848609119080545,0.5314023432259067,0.15880339227573476,1717,1717,283
placebo,all_alfworld,all,raw,D_action_adv::decision::unsigned,average_precision,0.2571428571428571,0.2558900739783093,0.8136750189056339,0.5213001884371595,1716,1717,283
placebo,all_alfworld,all,raw,D_action_adv::decision::unsigned,auroc_large_change_vs_rest,0.38461538461538464,0.3462301587301587,0.8051948051948052,0.5781332789279193,1716,1717,283
placebo,all_alfworld,all,raw,D_action_adv::decision::unsigned,top_quartile_mean_absolute_delta,0.022985842985842986,0.01311840804218853,0.10992460317460313,0.05211537237425452,1717,1717,283
placebo,all_alfworld,all,raw,D_action_adv::decision::unsigned,top_quartile_lift,0.5883078131488638,0.2763433342984176,1.647344214437328,0.9107803471350905,1717,1717,283
placebo,all_alfworld,all,raw,D_action_adv_clip::decision::reward,spearman,-0.3651501398988556,-0.5071627504429839,0.3597768018747641,-0.09446246849918945,1717,1717,283
placebo,all_alfworld,all,raw,D_action_adv_clip::decision::reward,average_precision,0.28070512820512816,0.20735243055555552,0.742209603667937,0.4618563144013434,1716,1717,283
placebo,all_alfworld,all,raw,D_action_adv_clip::decision::reward,auroc_large_change_vs_rest,0.4307692307692308,0.1875,0.7086805555555555,0.446334366041334,1716,1717,283
placebo,all_alfworld,all,raw,D_action_adv_clip::decision::reward,top_quartile_mean_absolute_delta,0.01984126984126984,0.0125625,0.1010965749936338,0.046454247640706,1717,1717,283
placebo,all_alfworld,all,raw,D_action_adv_clip::decision::reward,top_quartile_lift,0.507824493432903,0.25385670297786384,1.4931467857759508,0.8111435370088327,1717,1717,283
placebo,all_alfworld,all,raw,D_action_adv_clip::decision::unsigned,spearman,0.09025017662272852,-0.21848609119080545,0.5314023432259067,0.15880339227573476,1717,1717,283
placebo,all_alfworld,all,raw,D_action_adv_clip::decision::unsigned,average_precision,0.2571428571428571,0.2558900739783093,0.8136750189056339,0.5213001884371595,1716,1717,283
placebo,all_alfworld,all,raw,D_action_adv_clip::decision::unsigned,auroc_large_change_vs_rest,0.38461538461538464,0.3462301587301587,0.8051948051948052,0.5781332789279193,1716,1717,283
placebo,all_alfworld,all,raw,D_action_adv_clip::decision::unsigned,top_quartile_mean_absolute_delta,0.022985842985842986,0.01311840804218853,0.10992460317460313,0.05211537237425452,1717,1717,283
placebo,all_alfworld,all,raw,D_action_adv_clip::decision::unsigned,top_quartile_lift,0.5883078131488638,0.2763433342984176,1.647344214437328,0.9107803471350905,1717,1717,283
placebo,all_alfworld,all,raw,D_ratio_adv::decision::reward,spearman,-0.5715844519439472,-0.6060919754523579,0.21433139077361094,-0.20994077359071697,1717,1717,283
placebo,all_alfworld,all,raw,D_ratio_adv::decision::reward,average_precision,0.22438256188256184,0.20110449735449734,0.7044705532757003,0.42187028197344717,1716,1717,283
placebo,all_alfworld,all,raw,D_ratio_adv::decision::reward,auroc_large_change_vs_rest,0.26153846153846155,0.1558080808080808,0.6465534465534466,0.389636715349585,1716,1717,283
placebo,all_alfworld,all,raw,D_ratio_adv::decision::reward,top_quartile_mean_absolute_delta,0.009126984126984126,0.009675133689839573,0.09170329670329667,0.04039109070521702,1717,1717,283
placebo,all_alfworld,all,raw,D_ratio_adv::decision::reward,top_quartile_lift,0.2335992669791354,0.19164892073617593,1.432374734089609,0.7084186851751159,1717,1717,283
placebo,all_alfworld,all,raw,D_ratio_adv::decision::unsigned,spearman,-0.05083055924728388,-0.26672974519526493,0.5079638579095702,0.0923341718520568,1717,1717,283
placebo,all_alfworld,all,raw,D_ratio_adv::decision::unsigned,average_precision,0.2564425770308123,0.23566335625159157,0.8045539101421454,0.5136122232734773,1716,1717,283
placebo,all_alfworld,all,raw,D_ratio_adv::decision::unsigned,auroc_large_change_vs_rest,0.36923076923076925,0.3076923076923077,0.7846153846153846,0.539738044721562,1716,1717,283
placebo,all_alfworld,all,raw,D_ratio_adv::decision::unsigned,top_quartile_mean_absolute_delta,0.02015151515151515,0.012139301175015462,0.09947331313168754,0.04739220727201813,1717,1717,283
placebo,all_alfworld,all,raw,D_ratio_adv::decision::unsigned,top_quartile_lift,0.5157650218756721,0.2544801562080714,1.517863741708013,0.8240898759910057,1717,1717,283
placebo,all_alfworld,all,raw,D_policy_action_adv::decision::reward,spearman,-0.3174316557075279,-0.6030851504002911,0.25388819148353664,-0.18229217375995105,1717,1717,283
placebo,all_alfworld,all,raw,D_policy_action_adv::decision::reward,average_precision,0.3359952465834819,0.21732954545454544,0.7492832866117178,0.47469952458174985,1716,1717,283
placebo,all_alfworld,all,raw,D_policy_action_adv::decision::reward,auroc_large_change_vs_rest,0.47692307692307695,0.18055555555555555,0.687601461038961,0.43019479148351303,1716,1717,283
placebo,all_alfworld,all,raw,D_policy_action_adv::decision::reward,top_quartile_mean_absolute_delta,0.023412698412698413,0.013529657477025898,0.1029914772727272,0.04977565685623866,1717,1717,283
placebo,all_alfworld,all,raw,D_policy_action_adv::decision::reward,top_quartile_lift,0.5992329022508257,0.28474908903353735,1.5803122589796514,0.8709433380790923,1717,1717,283
placebo,all_alfworld,all,raw,D_policy_action_adv::decision::unsigned,spearman,0.36307542319488484,-0.08558319095236047,0.684268310137662,0.3109945348368204,1717,1717,283
placebo,all_alfworld,all,raw,D_policy_action_adv::decision::unsigned,average_precision,0.5580952380952381,0.29373759920634923,0.893202066592218,0.5895537164515725,1716,1717,283
placebo,all_alfworld,all,raw,D_policy_action_adv::decision::unsigned,auroc_large_change_vs_rest,0.7692307692307693,0.4025974025974026,0.8875,0.6459523329673502,1716,1717,283
placebo,all_alfworld,all,raw,D_policy_action_adv::decision::unsigned,top_quartile_mean_absolute_delta,0.05234844219219219,0.026115988469826348,0.1402351759245351,0.07515310652420845,1717,1717,283
placebo,all_alfworld,all,raw,D_policy_action_adv::decision::unsigned,top_quartile_lift,1.3398245853678812,0.5830639657322528,2.0984856369446234,1.3134352516277228,1717,1717,283
placebo,all_alfworld,all,raw,D_reward_only::decision::reward,spearman,0.16917672840054435,-0.3007843617334156,0.45422655927844724,0.07574676469769377,1717,1717,283
placebo,all_alfworld,all,raw,D_reward_only::decision::reward,average_precision,0.302156862745098,0.256484885620915,0.7658956239838594,0.4901046795936933,1716,1717,283
placebo,all_alfworld,all,raw,D_reward_only::decision::reward,auroc_large_change_vs_rest,0.47692307692307695,0.30625,0.7930082070707071,0.5367597850663091,1716,1717,283
placebo,all_alfworld,all,raw,D_reward_only::decision::reward,top_quartile_mean_absolute_delta,0.04526915113871635,0.023829252269469664,0.11288929339158164,0.060892357813548466,1717,1717,283
placebo,all_alfworld,all,raw,D_reward_only::decision::reward,top_quartile_lift,1.1586347007558704,0.48007373654975205,1.8101243869812773,1.0813781841424714,1717,1717,283
placebo,all_alfworld,all,raw,D_reward_only::decision::unsigned,spearman,,,,,0,1717,283
placebo,all_alfworld,all,raw,D_reward_only::decision::unsigned,average_precision,0.2777777777777778,0.2222222222222222,0.6111111111111112,0.41825304325304324,1716,1717,283
placebo,all_alfworld,all,raw,D_reward_only::decision::unsigned,auroc_large_change_vs_rest,0.5,0.5,0.5,0.5,1716,1717,283
placebo,all_alfworld,all,raw,D_reward_only::decision::unsigned,top_quartile_mean_absolute_delta,0.039071116296779,0.03474220452129379,0.08291097508650455,0.05658861168882727,1717,1717,283
placebo,all_alfworld,all,raw,D_reward_only::decision::unsigned,top_quartile_lift,1.0,0.9999999999999998,1.0000000000000004,1.0,1717,1717,283
placebo,all_alfworld,all,raw,D_adv_negative_fraction::decision::reward,spearman,0.39336184088224724,-0.18145963447580818,0.6105226204470492,0.21722504547827085,1717,1717,283
placebo,all_alfworld,all,raw,D_adv_negative_fraction::decision::reward,average_precision,0.5301190476190476,0.2796350351037851,0.8495306429681431,0.5428717559001718,1716,1717,283
placebo,all_alfworld,all,raw,D_adv_negative_fraction::decision::reward,auroc_large_change_vs_rest,0.7230769230769231,0.36923076923076925,0.8311688311688312,0.5957265378248399,1716,1717,283
placebo,all_alfworld,all,raw,D_adv_negative_fraction::decision::reward,top_quartile_mean_absolute_delta,0.05820317891649414,0.03140539969624369,0.11822606084175957,0.0704046955769519,1717,1717,283
placebo,all_alfworld,all,raw,D_adv_negative_fraction::decision::reward,top_quartile_lift,1.4896727924124444,0.6103228801839754,1.985330993138452,1.2587533959138717,1717,1717,283
placebo,all_alfworld,all,raw,D_adv_negative_fraction::decision::unsigned,spearman,,,,,0,1717,283
placebo,all_alfworld,all,raw,D_adv_negative_fraction::decision::unsigned,average_precision,0.2777777777777778,0.2222222222222222,0.6111111111111112,0.41825304325304324,1716,1717,283
placebo,all_alfworld,all,raw,D_adv_negative_fraction::decision::unsigned,auroc_large_change_vs_rest,0.5,0.5,0.5,0.5,1716,1717,283
placebo,all_alfworld,all,raw,D_adv_negative_fraction::decision::unsigned,top_quartile_mean_absolute_delta,0.039071116296779,0.03474220452129379,0.08291097508650455,0.05658861168882727,1717,1717,283
placebo,all_alfworld,all,raw,D_adv_negative_fraction::decision::unsigned,top_quartile_lift,1.0,0.9999999999999998,1.0000000000000004,1.0,1717,1717,283
placebo,all_alfworld,all,raw,C_raw::decision::reward,spearman,0.06120414276713773,-0.5142584542366515,0.3494880907837983,-0.07105418391310901,1717,1717,283
placebo,all_alfworld,all,raw,C_raw::decision::reward,average_precision,0.33403846153846156,0.229707427988678,0.7463759504384505,0.5009670241056366,1716,1717,283
placebo,all_alfworld,all,raw,C_raw::decision::reward,auroc_large_change_vs_rest,0.47692307692307695,0.19480519480519481,0.7223290598290598,0.4629138590416385,1716,1717,283
placebo,all_alfworld,all,raw,C_raw::decision::reward,top_quartile_mean_absolute_delta,0.04524482109227872,0.016929812834224598,0.11676133958633957,0.05624113925971958,1717,1717,283
placebo,all_alfworld,all,raw,C_raw::decision::reward,top_quartile_lift,1.158011988923098,0.3379420490867398,1.7398262511234104,0.982750368343324,1717,1717,283
placebo,all_alfworld,all,raw,C_raw::decision::unsigned,spearman,0.2022848786371501,-0.31843839207342983,0.4908636012458406,0.09964193474367761,1717,1717,283
placebo,all_alfworld,all,raw,C_raw::decision::unsigned,average_precision,0.2989898989898989,0.24928284542255133,0.8249198717948717,0.504674512591493,1716,1717,283
placebo,all_alfworld,all,raw,C_raw::decision::unsigned,auroc_large_change_vs_rest,0.46153846153846156,0.2638888888888889,0.8055555555555556,0.530004421022135,1716,1717,283
placebo,all_alfworld,all,raw,C_raw::decision::unsigned,top_quartile_mean_absolute_delta,0.04614087843994897,0.022387026136921034,0.1225453088392428,0.06325261401827818,1717,1717,283
placebo,all_alfworld,all,raw,C_raw::decision::unsigned,top_quartile_lift,1.1809459983039388,0.47750225818690867,1.8507231683354257,1.110064694353862,1717,1717,283
placebo,all_alfworld,all,raw,C_centered::decision::reward,spearman,0.2572648712923755,-0.2373074247516039,0.5429737454657088,0.15229146148182185,1717,1717,283
placebo,all_alfworld,all,raw,C_centered::decision::reward,average_precision,0.446984126984127,0.273604347041847,0.8018286164592983,0.5091285883059082,1716,1717,283
placebo,all_alfworld,all,raw,C_centered::decision::reward,auroc_large_change_vs_rest,0.6923076923076923,0.325,0.8,0.564135791930281,1716,1717,283
placebo,all_alfworld,all,raw,C_centered::decision::reward,top_quartile_mean_absolute_delta,0.053441274154589366,0.028513081745840368,0.11218467442645066,0.06592423658599261,1717,1717,283
placebo,all_alfworld,all,raw,C_centered::decision::reward,top_quartile_lift,1.3677949139885475,0.5552486122795981,1.8731811319765492,1.177221311743443,1717,1717,283
placebo,all_alfworld,all,raw,C_centered::decision::unsigned,spearman,0.1825750699494278,-0.2644707809199334,0.5230522693855604,0.14380285009641192,1717,1717,283
placebo,all_alfworld,all,raw,C_centered::decision::unsigned,average_precision,0.31272727272727274,0.24231084887334886,0.7763954222311121,0.5085600005486061,1716,1717,283
placebo,all_alfworld,all,raw,C_centered::decision::unsigned,auroc_large_change_vs_rest,0.5230769230769231,0.2911458333333333,0.7917343073593073,0.5506796031874304,1716,1717,283
placebo,all_alfworld,all,raw,C_centered::decision::unsigned,top_quartile_mean_absolute_delta,0.041666666666666664,0.022693348861283644,0.12550240987083092,0.06544203453298579,1717,1717,283
placebo,all_alfworld,all,raw,C_centered::decision::unsigned,top_quartile_lift,1.0664314362090965,0.5107172085294502,1.8271772949542588,1.1442935445321105,1717,1717,283
placebo,all_alfworld,all,raw,C_adv_centered::decision::reward,spearman,0.26971317151620017,-0.34157520783414846,0.4579531670978594,0.06602758289817327,1717,1717,283
placebo,all_alfworld,all,raw,C_adv_centered::decision::reward,average_precision,0.3279365079365079,0.24628922275981097,0.7844916691424044,0.5193329496605864,1716,1717,283
placebo,all_alfworld,all,raw,C_adv_centered::decision::reward,auroc_large_change_vs_rest,0.47692307692307695,0.2777777777777778,0.8,0.5272193818798154,1716,1717,283
placebo,all_alfworld,all,raw,C_adv_centered::decision::reward,top_quartile_mean_absolute_delta,0.04468926553672316,0.016203754072161784,0.11276449275362314,0.056071067515207046,1717,1717,283
placebo,all_alfworld,all,raw,C_adv_centered::decision::reward,top_quartile_lift,1.1437929031069767,0.3565635105216533,1.7264008735575667,0.9783427817459002,1717,1717,283
placebo,all_alfworld,all,raw,C_adv_centered::decision::unsigned,spearman,0.1825750699494278,-0.2644707809199334,0.5230522693855604,0.14380285009641192,1717,1717,283
placebo,all_alfworld,all,raw,C_adv_centered::decision::unsigned,average_precision,0.31272727272727274,0.24231084887334886,0.7763954222311121,0.5085600005486061,1716,1717,283
placebo,all_alfworld,all,raw,C_adv_centered::decision::unsigned,auroc_large_change_vs_rest,0.5230769230769231,0.2911458333333333,0.7917343073593073,0.5506796031874304,1716,1717,283
placebo,all_alfworld,all,raw,C_adv_centered::decision::unsigned,top_quartile_mean_absolute_delta,0.041666666666666664,0.022693348861283644,0.12550240987083092,0.06544203453298579,1717,1717,283
placebo,all_alfworld,all,raw,C_adv_centered::decision::unsigned,top_quartile_lift,1.0664314362090965,0.5107172085294502,1.8271772949542588,1.1442935445321105,1717,1717,283
placebo,all_alfworld,all,raw,M_delta_raw::decision::magnitude,spearman,-0.26971317151620017,-0.4452554885291224,0.25627522986171414,-0.09933826446648758,1717,1717,283
placebo,all_alfworld,all,raw,M_delta_raw::decision::magnitude,average_precision,0.24214285714285713,0.2196306818181818,0.6674199585137085,0.4308470910602675,1716,1717,283
placebo,all_alfworld,all,raw,M_delta_raw::decision::magnitude,auroc_large_change_vs_rest,0.3230769230769231,0.23214285714285715,0.7001623376623376,0.46546260932366046,1716,1717,283
placebo,all_alfworld,all,raw,M_delta_raw::decision::magnitude,top_quartile_mean_absolute_delta,0.017985842985842986,0.013015289090656737,0.08961996336996335,0.04288817275982191,1717,1717,283
placebo,all_alfworld,all,raw,M_delta_raw::decision::magnitude,top_quartile_lift,0.46033604080377216,0.25155274569281894,1.4087325917133457,0.7583750768316598,1717,1717,283
placebo,all_alfworld,all,raw,M_delta_centered::decision::magnitude,spearman,-0.4294663577219495,-0.6072101536555751,0.17241314210195485,-0.24915005111975036,1717,1717,283
placebo,all_alfworld,all,raw,M_delta_centered::decision::magnitude,average_precision,0.215,0.18988095238095237,0.6931750262883285,0.4231183367419646,1716,1717,283
placebo,all_alfworld,all,raw,M_delta_centered::decision::magnitude,auroc_large_change_vs_rest,0.2153846153846154,0.1388888888888889,0.6363636363636364,0.38635659239534526,1716,1717,283
placebo,all_alfworld,all,raw,M_delta_centered::decision::magnitude,top_quartile_mean_absolute_delta,0.019414414414414417,0.008333333333333333,0.07910937499999995,0.03699722466134272,1717,1717,283
placebo,all_alfworld,all,raw,M_delta_centered::decision::magnitude,top_quartile_lift,0.49689940433094126,0.1636366222308372,1.2721024734140667,0.6520740439671906,1717,1717,283
placebo,all_alfworld,all,raw,M_original_norm::decision::magnitude,spearman,-0.5238659677526195,-0.6544263561513429,0.16348310687814516,-0.2710722480200253,1717,1717,283
placebo,all_alfworld,all,raw,M_original_norm::decision::magnitude,average_precision,0.23913003663003668,0.18925518925518925,0.738258547008547,0.43994886447322906,1716,1717,283
placebo,all_alfworld,all,raw,M_original_norm::decision::magnitude,auroc_large_change_vs_rest,0.3076923076923077,0.1111111111111111,0.6625,0.378460641898399,1716,1717,283
placebo,all_alfworld,all,raw,M_original_norm::decision::magnitude,top_quartile_mean_absolute_delta,0.021974431818181817,0.0123357683982684,0.09406331503088536,0.04464011697589198,1717,1717,283
placebo,all_alfworld,all,raw,M_original_norm::decision::magnitude,top_quartile_lift,0.5624213972098201,0.27222632006483155,1.4853694348460733,0.7836758558202707,1717,1717,283
placebo,all_alfworld,all,raw,M_control_norm::decision::magnitude,spearman,-0.35685127308297254,-0.6739766739956544,0.12309535046046793,-0.29782425606497703,1717,1717,283
placebo,all_alfworld,all,raw,M_control_norm::decision::magnitude,average_precision,0.28596638655462187,0.19446301247771838,0.6503317284567285,0.4262277088433875,1716,1717,283
placebo,all_alfworld,all,raw,M_control_norm::decision::magnitude,auroc_large_change_vs_rest,0.4307692307692308,0.1375,0.6388888888888888,0.378651959974161,1716,1717,283
placebo,all_alfworld,all,raw,M_control_norm::decision::magnitude,top_quartile_mean_absolute_delta,0.035555555555555556,0.008809210526315791,0.11328422619047616,0.05038506283628433,1717,1717,283
placebo,all_alfworld,all,raw,M_control_norm::decision::magnitude,top_quartile_lift,0.9100214922317624,0.19095368826379308,1.6601554449249758,0.8676353718964069,1717,1717,283
placebo,all_alfworld,all,raw,M_kl::decision::magnitude,spearman,0.37137429001076794,-0.18201538990247576,0.6220159356729432,0.24423801537001594,1717,1717,283
placebo,all_alfworld,all,raw,M_kl::decision::magnitude,average_precision,0.3667932067932068,0.2629750457875457,0.8511244735203067,0.5625737428427482,1716,1717,283
placebo,all_alfworld,all,raw,M_kl::decision::magnitude,auroc_large_change_vs_rest,0.5692307692307692,0.35,0.8441558441558441,0.602399103563462,1716,1717,283
placebo,all_alfworld,all,raw,M_kl::decision::magnitude,top_quartile_mean_absolute_delta,0.04524482109227872,0.021061822989677584,0.1358884008148714,0.06803787775709874,1717,1717,283
placebo,all_alfworld,all,raw,M_kl::decision::magnitude,top_quartile_lift,1.158011988923098,0.4650008422965514,1.9825312418215029,1.1816568704409645,1717,1717,283
placebo,all_alfworld,all,raw,M_js::decision::magnitude,spearman,0.3941961737544464,-0.17786286891543637,0.6177467312189472,0.2416515944327729,1717,1717,283
placebo,all_alfworld,all,raw,M_js::decision::magnitude,average_precision,0.35424242424242425,0.2551068722943723,0.8583399933399934,0.5444131627613724,1716,1717,283
placebo,all_alfworld,all,raw,M_js::decision::magnitude,auroc_large_change_vs_rest,0.6153846153846154,0.3607253086419753,0.8441558441558441,0.6034111106149362,1716,1717,283
placebo,all_alfworld,all,raw,M_js::decision::magnitude,top_quartile_mean_absolute_delta,0.04570707070707071,0.019816335625159155,0.13695750276854923,0.06915956164595455,1717,1717,283
placebo,all_alfworld,all,raw,M_js::decision::magnitude,top_quartile_lift,1.1698429694172514,0.4330005743883538,2.0300642813718697,1.1967620957838314,1717,1717,283
placebo,all_alfworld,all,raw,M_action_abs::decision::magnitude,spearman,0.23755506260465323,-0.2150749820469575,0.564999719081421,0.17124812850909485,1717,1717,283
placebo,all_alfworld,all,raw,M_action_abs::decision::magnitude,average_precision,0.31722222222222224,0.2604273504273504,0.8400688431938432,0.5480852321818124,1716,1717,283
placebo,all_alfworld,all,raw,M_action_abs::decision::magnitude,auroc_large_change_vs_rest,0.5076923076923077,0.3472222222222222,0.831439393939394,0.5870014467502356,1716,1717,283
placebo,all_alfworld,all,raw,M_action_abs::decision::magnitude,top_quartile_mean_absolute_delta,0.03052552552552552,0.015968490351112304,0.11300021425690664,0.05659455650790289,1717,1717,283
placebo,all_alfworld,all,raw,M_action_abs::decision::magnitude,top_quartile_lift,0.7812811206533669,0.3274534910377316,1.75075649198256,0.9904568636136667,1717,1717,283
placebo,all_alfworld,all,raw,D_original::game::reward,spearman,0.32158108911546945,-0.34383195881770773,0.45943598743722397,0.05770121499281141,1717,1717,283
placebo,all_alfworld,all,raw,D_original::game::reward,average_precision,0.4045378151260504,0.24679738562091505,0.7807338249985308,0.4880780002912564,1716,1717,283
placebo,all_alfworld,all,raw,D_original::game::reward,auroc_large_change_vs_rest,0.6,0.2716049382716049,0.7662337662337663,0.5179351928885586,1716,1717,283
placebo,all_alfworld,all,raw,D_original::game::reward,top_quartile_mean_absolute_delta,0.03953715583251873,0.018476689290338445,0.0848128454338724,0.04811216064775714,1717,1717,283
placebo,all_alfworld,all,raw,D_original::game::reward,top_quartile_lift,1.0119279810742994,0.37086042612447634,1.4291259770817115,0.8608398088900387,1717,1717,283
placebo,all_alfworld,all,raw,D_original::game::unsigned,spearman,-0.07572715969493313,-0.5698659443802927,0.272983074747185,-0.1580982929894776,1717,1717,283
placebo,all_alfworld,all,raw,D_original::game::unsigned,average_precision,0.3482142857142857,0.2111080586080586,0.740687252647271,0.444816114769476,1716,1717,283
placebo,all_alfworld,all,raw,D_original::game::unsigned,auroc_large_change_vs_rest,0.5230769230769231,0.18721064814814814,0.6883116883116883,0.4349535907024681,1716,1717,283
placebo,all_alfworld,all,raw,D_original::game::unsigned,top_quartile_mean_absolute_delta,0.03308554292929293,0.012394272179155902,0.07654205412652966,0.04064397182769386,1717,1717,283
placebo,all_alfworld,all,raw,D_original::game::unsigned,top_quartile_lift,0.8468031135322459,0.24800285074143144,1.2675440310815744,0.724245671271466,1717,1717,283
placebo,all_alfworld,all,raw,D_centered_gate::game::reward,spearman,0.32158108911546945,-0.34383195881770773,0.45943598743722397,0.05770121499281141,1717,1717,283
placebo,all_alfworld,all,raw,D_centered_gate::game::reward,average_precision,0.4045378151260504,0.24679738562091505,0.7807338249985308,0.4880780002912564,1716,1717,283
placebo,all_alfworld,all,raw,D_centered_gate::game::reward,auroc_large_change_vs_rest,0.6,0.2716049382716049,0.7662337662337663,0.5179351928885586,1716,1717,283
placebo,all_alfworld,all,raw,D_centered_gate::game::reward,top_quartile_mean_absolute_delta,0.03953715583251873,0.018476689290338445,0.0848128454338724,0.04811216064775714,1717,1717,283
placebo,all_alfworld,all,raw,D_centered_gate::game::reward,top_quartile_lift,1.0119279810742994,0.37086042612447634,1.4291259770817115,0.8608398088900387,1717,1717,283
placebo,all_alfworld,all,raw,D_centered_gate::game::unsigned,spearman,-0.07572715969493313,-0.5698659443802927,0.272983074747185,-0.1580982929894776,1717,1717,283
placebo,all_alfworld,all,raw,D_centered_gate::game::unsigned,average_precision,0.3482142857142857,0.2111080586080586,0.740687252647271,0.444816114769476,1716,1717,283
placebo,all_alfworld,all,raw,D_centered_gate::game::unsigned,auroc_large_change_vs_rest,0.5230769230769231,0.18721064814814814,0.6883116883116883,0.4349535907024681,1716,1717,283
placebo,all_alfworld,all,raw,D_centered_gate::game::unsigned,top_quartile_mean_absolute_delta,0.03308554292929293,0.012394272179155902,0.07654205412652966,0.04064397182769386,1717,1717,283
placebo,all_alfworld,all,raw,D_centered_gate::game::unsigned,top_quartile_lift,0.8468031135322459,0.24800285074143144,1.2675440310815744,0.724245671271466,1717,1717,283
placebo,all_alfworld,all,raw,D_ungated::game::reward,spearman,0.01970980868772232,-0.3839805894788698,0.42489692094174414,0.002970433033112172,1717,1717,283
placebo,all_alfworld,all,raw,D_ungated::game::reward,average_precision,0.44215686274509797,0.29059436274509803,0.7972402832053567,0.5063495979885019,1716,1717,283
placebo,all_alfworld,all,raw,D_ungated::game::reward,auroc_large_change_vs_rest,0.5538461538461539,0.2638888888888889,0.7662337662337663,0.5011456223813107,1716,1717,283
placebo,all_alfworld,all,raw,D_ungated::game::reward,top_quartile_mean_absolute_delta,0.04685645272601794,0.023740728900255754,0.10732341269841263,0.06077108133138198,1717,1717,283
placebo,all_alfworld,all,raw,D_ungated::game::reward,top_quartile_lift,1.1992606602305027,0.4659033293939649,1.812401229680914,1.083170677287598,1717,1717,283
placebo,all_alfworld,all,raw,D_ungated::game::unsigned,spearman,0.04149433407941541,-0.3776777268880666,0.38838424769455293,0.0017978051321270682,1717,1717,283
placebo,all_alfworld,all,raw,D_ungated::game::unsigned,average_precision,0.4015476190476191,0.2301118326118326,0.8166762457627842,0.49574728948574603,1716,1717,283
placebo,all_alfworld,all,raw,D_ungated::game::unsigned,auroc_large_change_vs_rest,0.5538461538461539,0.25,0.7648968678380442,0.5061892426984239,1716,1717,283
placebo,all_alfworld,all,raw,D_ungated::game::unsigned,top_quartile_mean_absolute_delta,0.03416662401037401,0.022363146868234218,0.09415214019851115,0.054057406468146954,1717,1717,283
placebo,all_alfworld,all,raw,D_ungated::game::unsigned,top_quartile_lift,0.8744726859311845,0.4588748208714499,1.5790586184822335,0.9643115239291755,1717,1717,283
placebo,all_alfworld,all,raw,D_signed::game::reward,spearman,-0.1836124283014132,-0.4171549646218105,0.27793367828236815,-0.08450254588137573,1717,1717,283
placebo,all_alfworld,all,raw,D_signed::game::reward,average_precision,0.26296703296703294,0.21601786999764938,0.6913899547422274,0.4446295563114477,1716,1717,283
placebo,all_alfworld,all,raw,D_signed::game::reward,auroc_large_change_vs_rest,0.4,0.2222222222222222,0.6792052469135803,0.44431724399644557,1716,1717,283
placebo,all_alfworld,all,raw,D_signed::game::reward,top_quartile_mean_absolute_delta,0.025179291474654374,0.011288124704132008,0.0722155683299751,0.03704701784324463,1717,1717,283
placebo,all_alfworld,all,raw,D_signed::game::reward,top_quartile_lift,0.644447711281035,0.21545472436734386,1.2245987971052215,0.6658627984266086,1717,1717,283
placebo,all_alfworld,all,raw,D_signed::game::unsigned,spearman,0.03734490067147387,-0.36956294780976157,0.4045538624445942,0.023964658873805073,1717,1717,283
placebo,all_alfworld,all,raw,D_signed::game::unsigned,average_precision,0.3418939393939394,0.22549019607843138,0.8188168877690937,0.4900577242674595,1716,1717,283
placebo,all_alfworld,all,raw,D_signed::game::unsigned,auroc_large_change_vs_rest,0.5384615384615384,0.2450721153846154,0.775,0.5116975116060283,1716,1717,283
placebo,all_alfworld,all,raw,D_signed::game::unsigned,top_quartile_mean_absolute_delta,0.02808554292929293,0.01830919284889339,0.10823988245040875,0.055010249208019536,1717,1717,283
placebo,all_alfworld,all,raw,D_signed::game::unsigned,top_quartile_lift,0.7188313411871543,0.4009237480296778,1.6904929557113326,0.9696534051633162,1717,1717,283
placebo,all_alfworld,all,raw,D_signed_gate::game::reward,spearman,-0.15975318620574933,-0.645649236064766,0.17914731507550033,-0.24378986030735422,1717,1717,283
placebo,all_alfworld,all,raw,D_signed_gate::game::reward,average_precision,0.2812354312354312,0.20013400814871404,0.6987428552747179,0.41961134571754094,1716,1717,283
placebo,all_alfworld,all,raw,D_signed_gate::game::reward,auroc_large_change_vs_rest,0.4,0.13333333333333333,0.6375,0.38572639586368507,1716,1717,283
placebo,all_alfworld,all,raw,D_signed_gate::game::reward,top_quartile_mean_absolute_delta,0.0250836107748184,0.012162433966078452,0.07343488455988456,0.03789928500512836,1717,1717,283
placebo,all_alfworld,all,raw,D_signed_gate::game::reward,top_quartile_lift,0.6419988255335893,0.2338023967550792,1.2811834487603435,0.6808373862548434,1717,1717,283
placebo,all_alfworld,all,raw,D_signed_gate::game::unsigned,spearman,-0.0051867917599269266,-0.5489134971701466,0.1969727890324336,-0.16541668339462356,1717,1717,283
placebo,all_alfworld,all,raw,D_signed_gate::game::unsigned,average_precision,0.285021645021645,0.19947127525252525,0.702460596753712,0.4256506712393379,1716,1717,283
placebo,all_alfworld,all,raw,D_signed_gate::game::unsigned,auroc_large_change_vs_rest,0.4461538461538462,0.1875,0.6420855379188712,0.42035375153376436,1716,1717,283
placebo,all_alfworld,all,raw,D_signed_gate::game::unsigned,top_quartile_mean_absolute_delta,0.022929292929292928,0.010444919579065922,0.07202258708272859,0.036633242067899155,1717,1717,283
placebo,all_alfworld,all,raw,D_signed_gate::game::unsigned,top_quartile_lift,0.5868604509562786,0.21643291037310425,1.1906080353115154,0.6487081501386608,1717,1717,283
placebo,all_alfworld,all,raw,D_sign_balance::game::reward,spearman,0.0352701839675031,-0.3622283121143749,0.3982842668428012,0.00631496667963798,1717,1717,283
placebo,all_alfworld,all,raw,D_sign_balance::game::reward,average_precision,0.32121212121212117,0.23428308823529412,0.7532487868884926,0.46215962253197745,1716,1717,283
placebo,all_alfworld,all,raw,D_sign_balance::game::reward,auroc_large_change_vs_rest,0.5076923076923077,0.2597402597402597,0.7361111111111112,0.4874147076793593,1716,1717,283
placebo,all_alfworld,all,raw,D_sign_balance::game::reward,top_quartile_mean_absolute_delta,0.025179291474654374,0.011288124704132008,0.0722155683299751,0.03704701784324463,1717,1717,283
placebo,all_alfworld,all,raw,D_sign_balance::game::reward,top_quartile_lift,0.644447711281035,0.21545472436734386,1.2245987971052215,0.6658627984266086,1717,1717,283
placebo,all_alfworld,all,raw,D_sign_balance::game::unsigned,spearman,-0.04149433407941541,-0.3222765690449558,0.38041080102767505,0.03260220812147299,1717,1717,283
placebo,all_alfworld,all,raw,D_sign_balance::game::unsigned,average_precision,0.37936507936507935,0.221515376984127,0.8001372325591076,0.4873181504595142,1716,1717,283
placebo,all_alfworld,all,raw,D_sign_balance::game::unsigned,auroc_large_change_vs_rest,0.5076923076923077,0.25,0.7532467532467533,0.5004138383412602,1716,1717,283
placebo,all_alfworld,all,raw,D_sign_balance::game::unsigned,top_quartile_mean_absolute_delta,0.02808554292929293,0.016382197765469828,0.08453108395402198,0.04606969191057908,1717,1717,283
placebo,all_alfworld,all,raw,D_sign_balance::game::unsigned,top_quartile_lift,0.7188313411871543,0.3468318810945189,1.4273792009893052,0.8221203598704966,1717,1717,283
placebo,all_alfworld,all,raw,D_negative_fraction::game::reward,spearman,0.28423618844399556,-0.22502453971080752,0.536381934429118,0.1427593271343894,1717,1717,283
placebo,all_alfworld,all,raw,D_negative_fraction::game::reward,average_precision,0.5101190476190476,0.2846367521367521,0.8435056610056609,0.5302789894123421,1716,1717,283
placebo,all_alfworld,all,raw,D_negative_fraction::game::reward,auroc_large_change_vs_rest,0.7076923076923077,0.33766233766233766,0.8181818181818182,0.5747627482576663,1716,1717,283
placebo,all_alfworld,all,raw,D_negative_fraction::game::reward,top_quartile_mean_absolute_delta,0.05354368070860882,0.027914764816080608,0.10687215801439934,0.0627522751375469,1717,1717,283
placebo,all_alfworld,all,raw,D_negative_fraction::game::reward,top_quartile_lift,1.370415943632072,0.5289431385301627,1.8102273317530406,1.1261848447854883,1717,1717,283
placebo,all_alfworld,all,raw,D_negative_fraction::game::unsigned,spearman,0.018672450335736935,-0.34498367261387186,0.4515151679906864,0.04846679943301604,1717,1717,283
placebo,all_alfworld,all,raw,D_negative_fraction::game::unsigned,average_precision,0.4615384615384615,0.23888125763125764,0.8369489123349417,0.5142320235177154,1716,1717,283
placebo,all_alfworld,all,raw,D_negative_fraction::game::unsigned,auroc_large_change_vs_rest,0.6307692307692307,0.25852272727272724,0.8,0.532700462824883,1716,1717,283
placebo,all_alfworld,all,raw,D_negative_fraction::game::unsigned,top_quartile_mean_absolute_delta,0.02808554292929293,0.01830919284889339,0.10823988245040875,0.055010249208019536,1717,1717,283
placebo,all_alfworld,all,raw,D_negative_fraction::game::unsigned,top_quartile_lift,0.7188313411871543,0.4009237480296778,1.6904929557113326,0.9696534051633162,1717,1717,283
placebo,all_alfworld,all,raw,D_adv::game::reward,spearman,-0.5767712437038742,-0.6835588560224471,0.10779502654667492,-0.3309524430845505,1717,1717,283
placebo,all_alfworld,all,raw,D_adv::game::reward,average_precision,0.23566544566544567,0.18657488344988346,0.6569072717426662,0.393589824288783,1716,1717,283
placebo,all_alfworld,all,raw,D_adv::game::reward,auroc_large_change_vs_rest,0.3076923076923077,0.09722222222222222,0.6235795454545454,0.33820891362576594,1716,1717,283
placebo,all_alfworld,all,raw,D_adv::game::reward,top_quartile_mean_absolute_delta,0.015023041474654377,0.008953821913380736,0.06903124999999997,0.03303628808344993,1717,1717,283
placebo,all_alfworld,all,raw,D_adv::game::reward,top_quartile_lift,0.3845050487050678,0.16283041985195876,1.1757584385610544,0.5903252772938035,1717,1717,283
placebo,all_alfworld,all,raw,D_adv::game::unsigned,spearman,0.03734490067147387,-0.36956294780976157,0.4045538624445942,0.023964658873805073,1717,1717,283
placebo,all_alfworld,all,raw,D_adv::game::unsigned,average_precision,0.3418939393939394,0.22549019607843138,0.8188168877690937,0.4900577242674595,1716,1717,283
placebo,all_alfworld,all,raw,D_adv::game::unsigned,auroc_large_change_vs_rest,0.5384615384615384,0.2450721153846154,0.775,0.5116975116060283,1716,1717,283
placebo,all_alfworld,all,raw,D_adv::game::unsigned,top_quartile_mean_absolute_delta,0.02808554292929293,0.01830919284889339,0.10823988245040875,0.055010249208019536,1717,1717,283
placebo,all_alfworld,all,raw,D_adv::game::unsigned,top_quartile_lift,0.7188313411871543,0.4009237480296778,1.6904929557113326,0.9696534051633162,1717,1717,283
placebo,all_alfworld,all,raw,D_adv_gate::game::reward,spearman,-0.3091327888916448,-0.6506311583652336,0.14925970461206073,-0.28028282352064393,1717,1717,283
placebo,all_alfworld,all,raw,D_adv_gate::game::reward,average_precision,0.31676767676767675,0.1959129901960784,0.7071584189231248,0.42150455735258147,1716,1717,283
placebo,all_alfworld,all,raw,D_adv_gate::game::reward,auroc_large_change_vs_rest,0.4153846153846154,0.12230269730269731,0.6527777777777778,0.37735953089274193,1716,1717,283
placebo,all_alfworld,all,raw,D_adv_gate::game::reward,top_quartile_mean_absolute_delta,0.025545860389610386,0.010821636696636697,0.07431549748700911,0.039020968893984175,1717,1717,283
placebo,all_alfworld,all,raw,D_adv_gate::game::reward,top_quartile_lift,0.6538298060277425,0.23198674183402937,1.2728116608317042,0.6959426115977103,1717,1717,283
placebo,all_alfworld,all,raw,D_adv_gate::game::unsigned,spearman,-0.0051867917599269266,-0.5489134971701466,0.1969727890324336,-0.16541668339462356,1717,1717,283
placebo,all_alfworld,all,raw,D_adv_gate::game::unsigned,average_precision,0.285021645021645,0.19947127525252525,0.702460596753712,0.4256506712393379,1716,1717,283
placebo,all_alfworld,all,raw,D_adv_gate::game::unsigned,auroc_large_change_vs_rest,0.4461538461538462,0.1875,0.6420855379188712,0.42035375153376436,1716,1717,283
placebo,all_alfworld,all,raw,D_adv_gate::game::unsigned,top_quartile_mean_absolute_delta,0.022929292929292928,0.010444919579065922,0.07202258708272859,0.036633242067899155,1717,1717,283
placebo,all_alfworld,all,raw,D_adv_gate::game::unsigned,top_quartile_lift,0.5868604509562786,0.21643291037310425,1.1906080353115154,0.6487081501386608,1717,1717,283
placebo,all_alfworld,all,raw,D_sqrtadv::game::reward,spearman,-0.4045697572743002,-0.5706373289941578,0.2036511813399053,-0.22022611007216225,1717,1717,283
placebo,all_alfworld,all,raw,D_sqrtadv::game::reward,average_precision,0.2545454545454545,0.19815067693744165,0.6403597954333248,0.3975200821252127,1716,1717,283
placebo,all_alfworld,all,raw,D_sqrtadv::game::reward,auroc_large_change_vs_rest,0.36923076923076925,0.13846153846153847,0.65,0.38190552873989325,1716,1717,283
placebo,all_alfworld,all,raw,D_sqrtadv::game::reward,top_quartile_mean_absolute_delta,0.015023041474654377,0.008953821913380736,0.06903124999999997,0.03303628808344993,1717,1717,283
placebo,all_alfworld,all,raw,D_sqrtadv::game::reward,top_quartile_lift,0.3845050487050678,0.16283041985195876,1.1757584385610544,0.5903252772938035,1717,1717,283
placebo,all_alfworld,all,raw,D_sqrtadv::game::unsigned,spearman,0.03734490067147387,-0.36956294780976157,0.4045538624445942,0.023964658873805073,1717,1717,283
placebo,all_alfworld,all,raw,D_sqrtadv::game::unsigned,average_precision,0.3418939393939394,0.22549019607843138,0.8188168877690937,0.4900577242674595,1716,1717,283
placebo,all_alfworld,all,raw,D_sqrtadv::game::unsigned,auroc_large_change_vs_rest,0.5384615384615384,0.2450721153846154,0.775,0.5116975116060283,1716,1717,283
placebo,all_alfworld,all,raw,D_sqrtadv::game::unsigned,top_quartile_mean_absolute_delta,0.02808554292929293,0.01830919284889339,0.10823988245040875,0.055010249208019536,1717,1717,283
placebo,all_alfworld,all,raw,D_sqrtadv::game::unsigned,top_quartile_lift,0.7188313411871543,0.4009237480296778,1.6904929557113326,0.9696534051633162,1717,1717,283
placebo,all_alfworld,all,raw,D_work::game::reward,spearman,-0.31639429735554253,-0.530131891727022,0.2526766933584019,-0.14761124642467288,1717,1717,283
placebo,all_alfworld,all,raw,D_work::game::reward,average_precision,0.45583333333333337,0.29285523504273503,0.7350669299192283,0.529170202693058,1716,1717,283
placebo,all_alfworld,all,raw,D_work::game::reward,auroc_large_change_vs_rest,0.5076923076923077,0.19969135802469137,0.7160493827160493,0.4496649110770386,1716,1717,283
placebo,all_alfworld,all,raw,D_work::game::reward,top_quartile_mean_absolute_delta,0.04288571859903382,0.023720526113671276,0.11461106442577032,0.0611627840580061,1717,1717,283
placebo,all_alfworld,all,raw,D_work::game::reward,top_quartile_lift,1.0976322834822432,0.489512095726344,1.809356101819114,1.0844332541030728,1717,1717,283
placebo,all_alfworld,all,raw,D_work::game::unsigned,spearman,-0.05705470935919619,-0.33474186978798537,0.5137194351867143,0.07282781896736841,1717,1717,283
placebo,all_alfworld,all,raw,D_work::game::unsigned,average_precision,0.44345238095238093,0.2712777418659772,0.8363095238095237,0.5445700407177804,1716,1717,283
placebo,all_alfworld,all,raw,D_work::game::unsigned,auroc_large_change_vs_rest,0.676923076923077,0.2839506172839506,0.8338541666666667,0.5481565976811132,1716,1717,283
placebo,all_alfworld,all,raw,D_work::game::unsigned,top_quartile_mean_absolute_delta,0.045901591614906825,0.02418831168831169,0.12113354700854687,0.06592177503943611,1717,1717,283
placebo,all_alfworld,all,raw,D_work::game::unsigned,top_quartile_lift,1.1748216064840442,0.5066508460538239,1.9251248266252474,1.166764926164387,1717,1717,283
placebo,all_alfworld,all,raw,D_work_gate::game::reward,spearman,-0.4139059824421687,-0.641492255934896,0.15884837729924187,-0.2643678718366673,1717,1717,283
placebo,all_alfworld,all,raw,D_work_gate::game::reward,average_precision,0.2656000861883215,0.20465282266752854,0.6565247518004871,0.40805430492742284,1716,1717,283
placebo,all_alfworld,all,raw,D_work_gate::game::reward,auroc_large_change_vs_rest,0.4,0.15243055555555557,0.6608173076923076,0.3918485437897602,1716,1717,283
placebo,all_alfworld,all,raw,D_work_gate::game::reward,top_quartile_mean_absolute_delta,0.008571428571428572,0.00225378787878788,0.07916666666666666,0.03004482185047852,1717,1717,283
placebo,all_alfworld,all,raw,D_work_gate::game::reward,top_quartile_lift,0.21938018116301417,0.03474556778423644,1.2416660923962393,0.522951270574751,1717,1717,283
placebo,all_alfworld,all,raw,D_work_gate::game::unsigned,spearman,-0.23340562919671168,-0.4547572982128287,0.38123803251072824,-0.052984326816293274,1717,1717,283
placebo,all_alfworld,all,raw,D_work_gate::game::unsigned,average_precision,0.359047619047619,0.22957419214772154,0.7750429258241758,0.4831925697685952,1716,1717,283
placebo,all_alfworld,all,raw,D_work_gate::game::unsigned,auroc_large_change_vs_rest,0.6,0.22077922077922077,0.7699519230769232,0.48881222868943686,1716,1717,283
placebo,all_alfworld,all,raw,D_work_gate::game::unsigned,top_quartile_mean_absolute_delta,0.01872767857142857,0.008669642857142858,0.09280654761904755,0.04137556752056049,1717,1717,283
placebo,all_alfworld,all,raw,D_work_gate::game::unsigned,top_quartile_lift,0.4793228437389814,0.19599802805904715,1.4489951794447253,0.7281751629056763,1717,1717,283
placebo,all_alfworld,all,raw,D_cos_raw::game::reward,spearman,-0.2541527962364194,-0.43832952851893103,0.3211151692771436,-0.0986024875532062,1717,1717,283
placebo,all_alfworld,all,raw,D_cos_raw::game::reward,average_precision,0.257521645021645,0.2108375754147813,0.7133102050664268,0.4349660753848428,1716,1717,283
placebo,all_alfworld,all,raw,D_cos_raw::game::reward,auroc_large_change_vs_rest,0.38461538461538464,0.2222222222222222,0.6944444444444444,0.44476431784152654,1716,1717,283
placebo,all_alfworld,all,raw,D_cos_raw::game::reward,top_quartile_mean_absolute_delta,0.015023041474654377,0.007336470747562297,0.08770353033937453,0.0375130106705418,1717,1717,283
placebo,all_alfworld,all,raw,D_cos_raw::game::reward,top_quartile_lift,0.3845050487050678,0.1485904431948257,1.3727111813396708,0.6595454081933237,1717,1717,283
placebo,all_alfworld,all,raw,D_cos_raw::game::unsigned,spearman,-0.03838225902345926,-0.3630545232067306,0.43600422935168814,0.05037881307280253,1717,1717,283
placebo,all_alfworld,all,raw,D_cos_raw::game::unsigned,average_precision,0.32488413547237077,0.22418194550547493,0.8098299700676872,0.4880259997107228,1716,1717,283
placebo,all_alfworld,all,raw,D_cos_raw::game::unsigned,auroc_large_change_vs_rest,0.5076923076923077,0.25810185185185186,0.7753472222222222,0.5112612205362388,1716,1717,283
placebo,all_alfworld,all,raw,D_cos_raw::game::unsigned,top_quartile_mean_absolute_delta,0.023484848484848483,0.016029691323169587,0.10106827819792463,0.05145623350972953,1717,1717,283
placebo,all_alfworld,all,raw,D_cos_raw::game::unsigned,top_quartile_lift,0.6010795367723998,0.34525021657327776,1.5853308957728376,0.9033956956385458,1717,1717,283
placebo,all_alfworld,all,raw,D_cos_centered::game::reward,spearman,-0.20124752028516474,-0.4223447569173844,0.3045947747162617,-0.07804749861565691,1717,1717,283
placebo,all_alfworld,all,raw,D_cos_centered::game::reward,average_precision,0.26084582084582086,0.21726415945165944,0.7133868677618679,0.449795068440146,1716,1717,283
placebo,all_alfworld,all,raw,D_cos_centered::game::reward,auroc_large_change_vs_rest,0.4,0.23376623376623376,0.6792052469135803,0.4506023346917441,1716,1717,283
placebo,all_alfworld,all,raw,D_cos_centered::game::reward,top_quartile_mean_absolute_delta,0.015023041474654377,0.007336470747562297,0.08770353033937453,0.0375130106705418,1717,1717,283
placebo,all_alfworld,all,raw,D_cos_centered::game::reward,top_quartile_lift,0.3845050487050678,0.1485904431948257,1.3727111813396708,0.6595454081933237,1717,1717,283
placebo,all_alfworld,all,raw,D_cos_centered::game::unsigned,spearman,-0.11514677707037776,-0.4452942872957287,0.34936219904319676,-0.045689155823102685,1717,1717,283
placebo,all_alfworld,all,raw,D_cos_centered::game::unsigned,average_precision,0.3092997198879552,0.21290186529157118,0.8020269329322638,0.4781891102157181,1716,1717,283
placebo,all_alfworld,all,raw,D_cos_centered::game::unsigned,auroc_large_change_vs_rest,0.46153846153846156,0.2,0.75,0.47172209617969535,1716,1717,283
placebo,all_alfworld,all,raw,D_cos_centered::game::unsigned,top_quartile_mean_absolute_delta,0.02626262626262626,0.017905489934901698,0.11295750456501888,0.05776233950414569,1717,1717,283
placebo,all_alfworld,all,raw,D_cos_centered::game::unsigned,top_quartile_lift,0.6721749658530062,0.3893853599306008,1.7301718704174631,1.0100674253340514,1717,1717,283
placebo,all_alfworld,all,raw,D_cos_centered_gate::game::reward,spearman,-0.10581055190250929,-0.5737016228821911,0.25127550031026397,-0.17371545815957504,1717,1717,283
placebo,all_alfworld,all,raw,D_cos_centered_gate::game::reward,average_precision,0.29047619047619044,0.1994047619047619,0.7086635591736693,0.43072607510019606,1716,1717,283
placebo,all_alfworld,all,raw,D_cos_centered_gate::game::reward,auroc_large_change_vs_rest,0.4307692307692308,0.15991261824595157,0.6630208333333333,0.41044662044443514,1716,1717,283
placebo,all_alfworld,all,raw,D_cos_centered_gate::game::reward,top_quartile_mean_absolute_delta,0.0250836107748184,0.012162433966078452,0.07343488455988456,0.03789928500512836,1717,1717,283
placebo,all_alfworld,all,raw,D_cos_centered_gate::game::reward,top_quartile_lift,0.6419988255335893,0.2338023967550792,1.2811834487603435,0.6808373862548434,1717,1717,283
placebo,all_alfworld,all,raw,D_cos_centered_gate::game::unsigned,spearman,0.03838225902345926,-0.5259049686983241,0.2263206500169439,-0.15396484972103544,1717,1717,283
placebo,all_alfworld,all,raw,D_cos_centered_gate::game::unsigned,average_precision,0.3067676767676767,0.2010040306915307,0.7224927187711279,0.4360069367207424,1716,1717,283
placebo,all_alfworld,all,raw,D_cos_centered_gate::game::unsigned,auroc_large_change_vs_rest,0.46153846153846156,0.18713942307692308,0.6616383616383616,0.4210850769100832,1716,1717,283
placebo,all_alfworld,all,raw,D_cos_centered_gate::game::unsigned,top_quartile_mean_absolute_delta,0.03308554292929293,0.016766339095556634,0.08658577137876403,0.04796398773798113,1717,1717,283
placebo,all_alfworld,all,raw,D_cos_centered_gate::game::unsigned,top_quartile_lift,0.8468031135322459,0.34745694968141316,1.469578392027673,0.853932042469586,1717,1717,283
placebo,all_alfworld,all,raw,D_cos_adv::game::reward,spearman,-0.6027052025035088,-0.6799882896285604,0.08387991221955428,-0.3434241457304186,1717,1717,283
placebo,all_alfworld,all,raw,D_cos_adv::game::reward,average_precision,0.2338616938616939,0.18624344405594404,0.6608585858585859,0.390967227512305,1716,1717,283
placebo,all_alfworld,all,raw,D_cos_adv::game::reward,auroc_large_change_vs_rest,0.2923076923076923,0.09876543209876543,0.6153846153846154,0.3332358426792587,1716,1717,283
placebo,all_alfworld,all,raw,D_cos_adv::game::reward,top_quartile_mean_absolute_delta,0.015023041474654377,0.008953821913380736,0.06903124999999997,0.03303628808344993,1717,1717,283
placebo,all_alfworld,all,raw,D_cos_adv::game::reward,top_quartile_lift,0.3845050487050678,0.16283041985195876,1.1757584385610544,0.5903252772938035,1717,1717,283
placebo,all_alfworld,all,raw,D_cos_adv::game::unsigned,spearman,-0.11514677707037776,-0.4452942872957287,0.34936219904319676,-0.045689155823102685,1717,1717,283
placebo,all_alfworld,all,raw,D_cos_adv::game::unsigned,average_precision,0.3092997198879552,0.21290186529157118,0.8020269329322638,0.4781891102157181,1716,1717,283
placebo,all_alfworld,all,raw,D_cos_adv::game::unsigned,auroc_large_change_vs_rest,0.46153846153846156,0.2,0.75,0.47172209617969535,1716,1717,283
placebo,all_alfworld,all,raw,D_cos_adv::game::unsigned,top_quartile_mean_absolute_delta,0.02626262626262626,0.017905489934901698,0.11295750456501888,0.05776233950414569,1717,1717,283
placebo,all_alfworld,all,raw,D_cos_adv::game::unsigned,top_quartile_lift,0.6721749658530062,0.3893853599306008,1.7301718704174631,1.0100674253340514,1717,1717,283
placebo,all_alfworld,all,raw,D_cos_negative::game::reward,spearman,0.11307206036640699,-0.2612609357588172,0.4752855654569929,0.09667445139921055,1717,1717,283
placebo,all_alfworld,all,raw,D_cos_negative::game::reward,average_precision,0.4038095238095238,0.299115728021978,0.8035023940705757,0.5181968769977169,1716,1717,283
placebo,all_alfworld,all,raw,D_cos_negative::game::reward,auroc_large_change_vs_rest,0.5846153846153846,0.3194444444444444,0.7878279320987654,0.5440887471427601,1716,1717,283
placebo,all_alfworld,all,raw,D_cos_negative::game::reward,top_quartile_mean_absolute_delta,0.05330806562924375,0.028107508299421716,0.11124404730779357,0.06538308895150659,1717,1717,283
placebo,all_alfworld,all,raw,D_cos_negative::game::reward,top_quartile_lift,1.3643855277725565,0.5429518244942192,1.8995164008261438,1.1683913581013499,1717,1717,283
placebo,all_alfworld,all,raw,D_cos_negative::game::unsigned,spearman,0.07987659310287466,-0.28142877387450027,0.49050439408637525,0.10708470358848253,1717,1717,283
placebo,all_alfworld,all,raw,D_cos_negative::game::unsigned,average_precision,0.40820512820512816,0.24986378205128204,0.8402261800699301,0.5206433058570415,1716,1717,283
placebo,all_alfworld,all,raw,D_cos_negative::game::unsigned,auroc_large_change_vs_rest,0.6,0.2923076923076923,0.8132102272727273,0.5516322970912703,1716,1717,283
placebo,all_alfworld,all,raw,D_cos_negative::game::unsigned,top_quartile_mean_absolute_delta,0.04510320597277119,0.02779713938983479,0.13025756476228176,0.07108189225675188,1717,1717,283
placebo,all_alfworld,all,raw,D_cos_negative::game::unsigned,top_quartile_lift,1.15438744135625,0.583401627604536,2.034493612594254,1.2543927328959223,1717,1717,283
placebo,all_alfworld,all,raw,D_soft::game::reward,spearman,-0.10166111849456776,-0.5806012351307805,0.21407567372759467,-0.18510613644897078,1717,1717,283
placebo,all_alfworld,all,raw,D_soft::game::reward,average_precision,0.30633838383838385,0.2120288671023965,0.7241318962157866,0.43454375910227055,1716,1717,283
placebo,all_alfworld,all,raw,D_soft::game::reward,auroc_large_change_vs_rest,0.47692307692307695,0.1625,0.6891975308641975,0.4245638566496324,1716,1717,283
placebo,all_alfworld,all,raw,D_soft::game::reward,top_quartile_mean_absolute_delta,0.024283234126984125,0.008926339285714286,0.06959758650935118,0.03449937779503461,1717,1717,283
placebo,all_alfworld,all,raw,D_soft::game::reward,top_quartile_lift,0.6215137019001943,0.17892260960406667,1.1759464215028346,0.6168613868093701,1717,1717,283
placebo,all_alfworld,all,raw,D_soft::game::unsigned,spearman,-0.12863243564618776,-0.4936152127552332,0.22134905184033993,-0.15273047586660624,1717,1717,283
placebo,all_alfworld,all,raw,D_soft::game::unsigned,average_precision,0.3016161616161616,0.20807466736694677,0.71210091991342,0.4344276441984652,1716,1717,283
placebo,all_alfworld,all,raw,D_soft::game::unsigned,auroc_large_change_vs_rest,0.47692307692307695,0.2,0.6805555555555556,0.4377253085726393,1716,1717,283
placebo,all_alfworld,all,raw,D_soft::game::unsigned,top_quartile_mean_absolute_delta,0.022929292929292928,0.010444919579065922,0.07202258708272859,0.036633242067899155,1717,1717,283
placebo,all_alfworld,all,raw,D_soft::game::unsigned,top_quartile_lift,0.5868604509562786,0.21643291037310425,1.1906080353115154,0.6487081501386608,1717,1717,283
placebo,all_alfworld,all,raw,D_soft_negative::game::reward,spearman,0.18568714500538397,-0.4286814322762259,0.4082542741037132,-0.01307814579079703,1717,1717,283
placebo,all_alfworld,all,raw,D_soft_negative::game::reward,average_precision,0.40549019607843134,0.2467476627403098,0.7882764541082554,0.4847534388708675,1716,1717,283
placebo,all_alfworld,all,raw,D_soft_negative::game::reward,auroc_large_change_vs_rest,0.5846153846153846,0.24646464646464647,0.7640817901234568,0.5008540138394251,1716,1717,283
placebo,all_alfworld,all,raw,D_soft_negative::game::reward,top_quartile_mean_absolute_delta,0.036656971500721496,0.017700183204594967,0.09062732686774869,0.051285396953513786,1717,1717,283
placebo,all_alfworld,all,raw,D_soft_negative::game::reward,top_quartile_lift,0.9382115223501682,0.34456696135982334,1.5351250561633867,0.9137318435398455,1717,1717,283
placebo,all_alfworld,all,raw,D_soft_negative::game::unsigned,spearman,0.10062376014258237,-0.45018075178403416,0.3154690123427621,-0.060694316603653195,1717,1717,283
placebo,all_alfworld,all,raw,D_soft_negative::game::unsigned,average_precision,0.36263736263736257,0.22069749694749696,0.7531274714868466,0.4566835082131333,1716,1717,283
placebo,all_alfworld,all,raw,D_soft_negative::game::unsigned,auroc_large_change_vs_rest,0.6,0.23376623376623376,0.7142857142857143,0.4805817089932994,1716,1717,283
placebo,all_alfworld,all,raw,D_soft_negative::game::unsigned,top_quartile_mean_absolute_delta,0.022929292929292928,0.010444919579065922,0.07202258708272859,0.036633242067899155,1717,1717,283
placebo,all_alfworld,all,raw,D_soft_negative::game::unsigned,top_quartile_lift,0.5868604509562786,0.21643291037310425,1.1906080353115154,0.6487081501386608,1717,1717,283
placebo,all_alfworld,all,raw,D_soft_cos::game::reward,spearman,-0.08610074321478697,-0.5418325246264419,0.26804607485781873,-0.1479292200052828,1717,1717,283
placebo,all_alfworld,all,raw,D_soft_cos::game::reward,average_precision,0.312014652014652,0.21015682234432234,0.73547304411275,0.4447018976486529,1716,1717,283
placebo,all_alfworld,all,raw,D_soft_cos::game::reward,auroc_large_change_vs_rest,0.49230769230769234,0.17233846400513067,0.7,0.4360268030572603,1716,1717,283
placebo,all_alfworld,all,raw,D_soft_cos::game::reward,top_quartile_mean_absolute_delta,0.029045138888888888,0.01716395994356521,0.08540134684156421,0.04629985269628118,1717,1717,283
placebo,all_alfworld,all,raw,D_soft_cos::game::reward,top_quartile_lift,0.743391580324091,0.3222577877877788,1.4521761335654546,0.8280798421779186,1717,1717,283
placebo,all_alfworld,all,raw,D_soft_cos::game::unsigned,spearman,-0.08506338486280159,-0.46463015946901653,0.2646062616455651,-0.11881259118752703,1717,1717,283
placebo,all_alfworld,all,raw,D_soft_cos::game::unsigned,average_precision,0.322156862745098,0.21522655857214684,0.7289944149235593,0.4443992350357225,1716,1717,283
placebo,all_alfworld,all,raw,D_soft_cos::game::unsigned,auroc_large_change_vs_rest,0.5230769230769231,0.20833333333333334,0.7012987012987013,0.45497838225296633,1716,1717,283
placebo,all_alfworld,all,raw,D_soft_cos::game::unsigned,top_quartile_mean_absolute_delta,0.022929292929292928,0.010444919579065922,0.07202258708272859,0.036633242067899155,1717,1717,283
placebo,all_alfworld,all,raw,D_soft_cos::game::unsigned,top_quartile_lift,0.5868604509562786,0.21643291037310425,1.1906080353115154,0.6487081501386608,1717,1717,283
placebo,all_alfworld,all,raw,D_sigmoid::game::reward,spearman,-0.11514677707037776,-0.539397650419791,0.2794321756929567,-0.1425258970879676,1717,1717,283
placebo,all_alfworld,all,raw,D_sigmoid::game::reward,average_precision,0.2894172494172494,0.2114027802263096,0.7216307906871631,0.43484754064947934,1716,1717,283
placebo,all_alfworld,all,raw,D_sigmoid::game::reward,auroc_large_change_vs_rest,0.4307692307692308,0.16856060606060605,0.6790123456790124,0.4229625697424443,1716,1717,283
placebo,all_alfworld,all,raw,D_sigmoid::game::reward,top_quartile_mean_absolute_delta,0.024283234126984125,0.009992063492063493,0.07400783208020048,0.03735555899497331,1717,1717,283
placebo,all_alfworld,all,raw,D_sigmoid::game::reward,top_quartile_lift,0.6215137019001943,0.20642794435448839,1.2475759989924733,0.6682348436141907,1717,1717,283
placebo,all_alfworld,all,raw,D_sigmoid::game::unsigned,spearman,-0.13589394411008546,-0.4788143222558541,0.2220062706644201,-0.1336488788163244,1717,1717,283
placebo,all_alfworld,all,raw,D_sigmoid::game::unsigned,average_precision,0.3086538461538461,0.20788198933419524,0.7506001377095127,0.45303644601838866,1716,1717,283
placebo,all_alfworld,all,raw,D_sigmoid::game::unsigned,auroc_large_change_vs_rest,0.4307692307692308,0.19480519480519481,0.6875,0.4403124606460282,1716,1717,283
placebo,all_alfworld,all,raw,D_sigmoid::game::unsigned,top_quartile_mean_absolute_delta,0.03308554292929293,0.016766339095556634,0.08658577137876403,0.04796398773798113,1717,1717,283
placebo,all_alfworld,all,raw,D_sigmoid::game::unsigned,top_quartile_lift,0.8468031135322459,0.34745694968141316,1.469578392027673,0.853932042469586,1717,1717,283
placebo,all_alfworld,all,raw,D_tauC_q25::game::reward,spearman,-0.09543696838265545,-0.6093675862631232,0.22481950877349435,-0.20326499039707027,1717,1717,283
placebo,all_alfworld,all,raw,D_tauC_q25::game::reward,average_precision,0.2940781440781441,0.20386015944839475,0.7219462636129302,0.43181439560800444,1716,1717,283
placebo,all_alfworld,all,raw,D_tauC_q25::game::reward,auroc_large_change_vs_rest,0.4461538461538462,0.14285714285714285,0.6666666666666666,0.404523741973037,1716,1717,283
placebo,all_alfworld,all,raw,D_tauC_q25::game::reward,top_quartile_mean_absolute_delta,0.03190179259300022,0.016832924199357505,0.08043759036742583,0.044485243675992506,1717,1717,283
placebo,all_alfworld,all,raw,D_tauC_q25::game::reward,top_quartile_lift,0.8165057878223505,0.3247685899446103,1.3874485524554707,0.796137880239697,1717,1717,283
placebo,all_alfworld,all,raw,D_tauC_q25::game::unsigned,spearman,-0.07987659310287466,-0.4915718737975639,0.1972474672095243,-0.15820814045950052,1717,1717,283
placebo,all_alfworld,all,raw,D_tauC_q25::game::unsigned,average_precision,0.315,0.20239848590951534,0.7074845987345988,0.4315861962667641,1716,1717,283
placebo,all_alfworld,all,raw,D_tauC_q25::game::unsigned,auroc_large_change_vs_rest,0.5230769230769231,0.20826569264069264,0.6790123456790124,0.4371948354530825,1716,1717,283
placebo,all_alfworld,all,raw,D_tauC_q25::game::unsigned,top_quartile_mean_absolute_delta,0.021974431818181817,0.008992108381814265,0.0649952876984127,0.03284337847851283,1717,1717,283
placebo,all_alfworld,all,raw,D_tauC_q25::game::unsigned,top_quartile_lift,0.5624213972098201,0.18399455853261498,1.0966431051416758,0.5847693537226302,1717,1717,283
placebo,all_alfworld,all,raw,D_tauC_q50::game::reward,spearman,-0.08506338486280159,-0.5497062863520068,0.2281314811893974,-0.17291098412798123,1717,1717,283
placebo,all_alfworld,all,raw,D_tauC_q50::game::reward,average_precision,0.30633838383838385,0.2073974044746104,0.7258367142169462,0.4376955975423757,1716,1717,283
placebo,all_alfworld,all,raw,D_tauC_q50::game::reward,auroc_large_change_vs_rest,0.47692307692307695,0.16918081918081918,0.6944444444444444,0.4298713394100952,1716,1717,283
placebo,all_alfworld,all,raw,D_tauC_q50::game::reward,top_quartile_mean_absolute_delta,0.025545860389610386,0.009969973969736777,0.07085175821446313,0.036164787694045485,1717,1717,283
placebo,all_alfworld,all,raw,D_tauC_q50::game::reward,top_quartile_lift,0.6538298060277425,0.20124452367643747,1.1787826849702747,0.6445691547928896,1717,1717,283
placebo,all_alfworld,all,raw,D_tauC_q50::game::unsigned,spearman,-0.14834224433391008,-0.4960208296739626,0.24743406972538617,-0.15108431415773882,1717,1717,283
placebo,all_alfworld,all,raw,D_tauC_q50::game::unsigned,average_precision,0.31161616161616157,0.21030900523088025,0.7254908083814334,0.4395558554068442,1716,1717,283
placebo,all_alfworld,all,raw,D_tauC_q50::game::unsigned,auroc_large_change_vs_rest,0.49230769230769234,0.1935763888888889,0.687601461038961,0.4377129400860061,1716,1717,283
placebo,all_alfworld,all,raw,D_tauC_q50::game::unsigned,top_quartile_mean_absolute_delta,0.022929292929292928,0.010444919579065922,0.07202258708272859,0.036633242067899155,1717,1717,283
placebo,all_alfworld,all,raw,D_tauC_q50::game::unsigned,top_quartile_lift,0.5868604509562786,0.21643291037310425,1.1906080353115154,0.6487081501386608,1717,1717,283
placebo,all_alfworld,all,raw,D_tauC_q75::game::reward,spearman,-0.08091395145486005,-0.5564730929186972,0.2102687403288259,-0.180675324113469,1717,1717,283
placebo,all_alfworld,all,raw,D_tauC_q75::game::reward,average_precision,0.3188888888888889,0.2165798611111111,0.687203287589317,0.42633189379068515,1716,1717,283
placebo,all_alfworld,all,raw,D_tauC_q75::game::reward,auroc_large_change_vs_rest,0.49230769230769234,0.18181818181818182,0.6805555555555556,0.4301869475409885,1716,1717,283
placebo,all_alfworld,all,raw,D_tauC_q75::game::reward,top_quartile_mean_absolute_delta,0.024283234126984125,0.008926339285714286,0.06959758650935118,0.03449937779503461,1717,1717,283
placebo,all_alfworld,all,raw,D_tauC_q75::game::reward,top_quartile_lift,0.6215137019001943,0.17892260960406667,1.1759464215028346,0.6168613868093701,1717,1717,283
placebo,all_alfworld,all,raw,D_tauC_q75::game::unsigned,spearman,-0.08506338486280159,-0.5070986968499299,0.2078584787263426,-0.16610457237612639,1717,1717,283
placebo,all_alfworld,all,raw,D_tauC_q75::game::unsigned,average_precision,0.3332828282828283,0.21054292929292928,0.6865352981713276,0.42853084162255173,1716,1717,283
placebo,all_alfworld,all,raw,D_tauC_q75::game::unsigned,auroc_large_change_vs_rest,0.5230769230769231,0.2,0.6790123456790124,0.4390212676736712,1716,1717,283
placebo,all_alfworld,all,raw,D_tauC_q75::game::unsigned,top_quartile_mean_absolute_delta,0.03308554292929293,0.012394272179155902,0.07654205412652966,0.04064397182769386,1717,1717,283
placebo,all_alfworld,all,raw,D_tauC_q75::game::unsigned,top_quartile_lift,0.8468031135322459,0.24800285074143144,1.2675440310815744,0.724245671271466,1717,1717,283
placebo,all_alfworld,all,raw,D_delta_q25::game::reward,spearman,-0.18153771159744242,-0.4247859778527606,0.28245688553589393,-0.08996161792149665,1717,1717,283
placebo,all_alfworld,all,raw,D_delta_q25::game::reward,average_precision,0.2726495726495727,0.21622691544566544,0.6739033189033189,0.4253312597614014,1716,1717,283
placebo,all_alfworld,all,raw,D_delta_q25::game::reward,auroc_large_change_vs_rest,0.4153846153846154,0.2222222222222222,0.6790123456790124,0.4462346056914479,1716,1717,283
placebo,all_alfworld,all,raw,D_delta_q25::game::reward,top_quartile_mean_absolute_delta,0.025179291474654374,0.011288124704132008,0.0722155683299751,0.03704701784324463,1717,1717,283
placebo,all_alfworld,all,raw,D_delta_q25::game::reward,top_quartile_lift,0.644447711281035,0.21545472436734386,1.2245987971052215,0.6658627984266086,1717,1717,283
placebo,all_alfworld,all,raw,D_delta_q25::game::unsigned,spearman,0.23651770425266783,-0.20389065629636036,0.541969271236771,0.18562164709370885,1717,1717,283
placebo,all_alfworld,all,raw,D_delta_q25::game::unsigned,average_precision,0.3842424242424243,0.2444131057871867,0.8469727153416993,0.5158513342709742,1716,1717,283
placebo,all_alfworld,all,raw,D_delta_q25::game::unsigned,auroc_large_change_vs_rest,0.6461538461538462,0.33764204545454546,0.825270061728395,0.5812506897422084,1716,1717,283
placebo,all_alfworld,all,raw,D_delta_q25::game::unsigned,top_quartile_mean_absolute_delta,0.02808554292929293,0.01830919284889339,0.10823988245040875,0.055010249208019536,1717,1717,283
placebo,all_alfworld,all,raw,D_delta_q25::game::unsigned,top_quartile_lift,0.7188313411871543,0.4009237480296778,1.6904929557113326,0.9696534051633162,1717,1717,283
placebo,all_alfworld,all,raw,D_delta_q50::game::reward,spearman,-0.03319546726353233,-0.41960117587650125,0.3390606990743021,-0.04633441628431685,1717,1717,283
placebo,all_alfworld,all,raw,D_delta_q50::game::reward,average_precision,0.3092463092463092,0.22365765498118442,0.689437916046372,0.4385813575602693,1716,1717,283
placebo,all_alfworld,all,raw,D_delta_q50::game::reward,auroc_large_change_vs_rest,0.49230769230769234,0.225,0.7076923076923077,0.4655089046206099,1716,1717,283
placebo,all_alfworld,all,raw,D_delta_q50::game::reward,top_quartile_mean_absolute_delta,0.02348958333333333,0.012397812971342383,0.07909618768328436,0.04137930392442792,1717,1717,283
placebo,all_alfworld,all,raw,D_delta_q50::game::reward,top_quartile_lift,0.6012007221628781,0.24262156890429343,1.3422814514468513,0.7404871161765844,1717,1717,283
placebo,all_alfworld,all,raw,D_delta_q50::game::unsigned,spearman,0.2821614717400248,-0.243251252312865,0.4546652767950771,0.11022329195099156,1717,1717,283
placebo,all_alfworld,all,raw,D_delta_q50::game::unsigned,average_precision,0.3902564102564102,0.23231144876365467,0.8110591723091723,0.49515439988360016,1716,1717,283
placebo,all_alfworld,all,raw,D_delta_q50::game::unsigned,auroc_large_change_vs_rest,0.6307692307692307,0.2987012987012987,0.775,0.5386164955617256,1716,1717,283
placebo,all_alfworld,all,raw,D_delta_q50::game::unsigned,top_quartile_mean_absolute_delta,0.03364109848484848,0.02068442467009077,0.09033191954244583,0.050990240682432346,1717,1717,283
placebo,all_alfworld,all,raw,D_delta_q50::game::unsigned,top_quartile_lift,0.8610221993483671,0.4275814891901865,1.4972901417349251,0.9097130858718308,1717,1717,283
placebo,all_alfworld,all,raw,D_delta_q75::game::reward,spearman,-0.19398601182126704,-0.5601900676976379,0.22099976173214067,-0.18860351709774847,1717,1717,283
placebo,all_alfworld,all,raw,D_delta_q75::game::reward,average_precision,0.2562728937728938,0.21071428571428572,0.6582076938270378,0.4090763659805792,1716,1717,283
placebo,all_alfworld,all,raw,D_delta_q75::game::reward,auroc_large_change_vs_rest,0.36923076923076925,0.16883116883116883,0.6623376623376623,0.40673437432822857,1716,1717,283
placebo,all_alfworld,all,raw,D_delta_q75::game::reward,top_quartile_mean_absolute_delta,0.020945165945165944,0.010144115574348132,0.07343713432728233,0.03546695319569417,1717,1717,283
placebo,all_alfworld,all,raw,D_delta_q75::game::reward,top_quartile_lift,0.5360780016129882,0.1957329314320866,1.1620227411727178,0.6296849020729399,1717,1717,283
placebo,all_alfworld,all,raw,D_delta_q75::game::unsigned,spearman,0.0,-0.339372662283162,0.3860040326524507,0.03373398373262456,1717,1717,283
placebo,all_alfworld,all,raw,D_delta_q75::game::unsigned,average_precision,0.412156862745098,0.22674210389283922,0.8199772236453386,0.4974350036759386,1716,1717,283
placebo,all_alfworld,all,raw,D_delta_q75::game::unsigned,auroc_large_change_vs_rest,0.6,0.2776709401709402,0.7648968678380442,0.521914448159292,1716,1717,283
placebo,all_alfworld,all,raw,D_delta_q75::game::unsigned,top_quartile_mean_absolute_delta,0.05525945597277119,0.03206816763199638,0.11960498884139989,0.0706158994294547,1717,1717,283
placebo,all_alfworld,all,raw,D_delta_q75::game::unsigned,top_quartile_lift,1.4143301039322171,0.6406673298143472,1.927445352169643,1.260710123129207,1717,1717,283
placebo,all_alfworld,all,raw,D_winsor::game::reward,spearman,-0.18568714500538397,-0.42157283270189105,0.29663732612484667,-0.08245758180289281,1717,1717,283
placebo,all_alfworld,all,raw,D_winsor::game::reward,average_precision,0.26296703296703294,0.21543693438914027,0.7132924714174715,0.44904315463946504,1716,1717,283
placebo,all_alfworld,all,raw,D_winsor::game::reward,auroc_large_change_vs_rest,0.4,0.225,0.6786265432098766,0.4474723553999058,1716,1717,283
placebo,all_alfworld,all,raw,D_winsor::game::reward,top_quartile_mean_absolute_delta,0.025179291474654374,0.011288124704132008,0.0722155683299751,0.03704701784324463,1717,1717,283
placebo,all_alfworld,all,raw,D_winsor::game::reward,top_quartile_lift,0.644447711281035,0.21545472436734386,1.2245987971052215,0.6658627984266086,1717,1717,283
placebo,all_alfworld,all,raw,D_winsor::game::unsigned,spearman,0.024896600447649245,-0.37070097163365556,0.40280438921873896,0.02971136132136676,1717,1717,283
placebo,all_alfworld,all,raw,D_winsor::game::unsigned,average_precision,0.37821746880570406,0.2264420730413378,0.8188421243108746,0.4979252815047096,1716,1717,283
placebo,all_alfworld,all,raw,D_winsor::game::unsigned,auroc_large_change_vs_rest,0.5538461538461539,0.2496141975308642,0.775,0.513458404938463,1716,1717,283
placebo,all_alfworld,all,raw,D_winsor::game::unsigned,top_quartile_mean_absolute_delta,0.02808554292929293,0.01830919284889339,0.10823988245040875,0.055010249208019536,1717,1717,283
placebo,all_alfworld,all,raw,D_winsor::game::unsigned,top_quartile_lift,0.7188313411871543,0.4009237480296778,1.6904929557113326,0.9696534051633162,1717,1717,283
placebo,all_alfworld,all,raw,D_tanh::game::reward,spearman,-0.10166111849456776,-0.3766628142287237,0.3507735015818338,-0.03650839669470099,1717,1717,283
placebo,all_alfworld,all,raw,D_tanh::game::reward,average_precision,0.29010989010989013,0.22937237394957985,0.7186004375526436,0.44662728774933663,1716,1717,283
placebo,all_alfworld,all,raw,D_tanh::game::reward,auroc_large_change_vs_rest,0.46153846153846156,0.25,0.7145061728395061,0.47050498416448644,1716,1717,283
placebo,all_alfworld,all,raw,D_tanh::game::reward,top_quartile_mean_absolute_delta,0.025179291474654374,0.011288124704132008,0.0722155683299751,0.03704701784324463,1717,1717,283
placebo,all_alfworld,all,raw,D_tanh::game::reward,top_quartile_lift,0.644447711281035,0.21545472436734386,1.2245987971052215,0.6658627984266086,1717,1717,283
placebo,all_alfworld,all,raw,D_tanh::game::unsigned,spearman,-0.06120414276713773,-0.3850567460326894,0.3746398880837737,-0.005073918252100899,1717,1717,283
placebo,all_alfworld,all,raw,D_tanh::game::unsigned,average_precision,0.3770940170940171,0.22426228183581123,0.8110437772697386,0.4874205973717779,1716,1717,283
placebo,all_alfworld,all,raw,D_tanh::game::unsigned,auroc_large_change_vs_rest,0.5076923076923077,0.2345679012345679,0.7533216783216783,0.48928994227325395,1716,1717,283
placebo,all_alfworld,all,raw,D_tanh::game::unsigned,top_quartile_mean_absolute_delta,0.02808554292929293,0.01830919284889339,0.10823988245040875,0.055010249208019536,1717,1717,283
placebo,all_alfworld,all,raw,D_tanh::game::unsigned,top_quartile_lift,0.7188313411871543,0.4009237480296778,1.6904929557113326,0.9696534051633162,1717,1717,283
placebo,all_alfworld,all,raw,D_action_sign::game::reward,spearman,-0.1410807358700124,-0.3306938437344783,0.4652935988209372,0.06490518292365376,1717,1717,283
placebo,all_alfworld,all,raw,D_action_sign::game::reward,average_precision,0.33916666666666667,0.24111705288175875,0.7504466765637582,0.49008844874282703,1716,1717,283
placebo,all_alfworld,all,raw,D_action_sign::game::reward,auroc_large_change_vs_rest,0.5538461538461539,0.2875,0.7625,0.5187044488438661,1716,1717,283
placebo,all_alfworld,all,raw,D_action_sign::game::reward,top_quartile_mean_absolute_delta,0.05217391304347826,0.027680500658761528,0.13835416666666664,0.07543644166619189,1717,1717,283
placebo,all_alfworld,all,raw,D_action_sign::game::reward,top_quartile_lift,1.3353576244705208,0.6471251857133051,2.0224677203119135,1.316507097752814,1717,1717,283
placebo,all_alfworld,all,raw,D_action_sign::game::unsigned,spearman,0.18672450335736934,-0.19452897945827205,0.5776860596108754,0.18970104479917438,1717,1717,283
placebo,all_alfworld,all,raw,D_action_sign::game::unsigned,average_precision,0.29085497835497837,0.27055826118326115,0.8372549746129291,0.5439129811575083,1716,1717,283
placebo,all_alfworld,all,raw,D_action_sign::game::unsigned,auroc_large_change_vs_rest,0.4461538461538462,0.3623263888888889,0.8235294117647058,0.590910368561598,1716,1717,283
placebo,all_alfworld,all,raw,D_action_sign::game::unsigned,top_quartile_mean_absolute_delta,0.04407867494824016,0.025,0.13237103174603174,0.06867386533556227,1717,1717,283
placebo,all_alfworld,all,raw,D_action_sign::game::unsigned,top_quartile_lift,1.1281652311498962,0.5329485772131254,1.9821924334003125,1.207178946335122,1717,1717,283
placebo,all_alfworld,all,raw,D_action_adv::game::reward,spearman,-0.28527354679598094,-0.4095183088239429,0.35732757464137777,-0.03607825630689969,1717,1717,283
placebo,all_alfworld,all,raw,D_action_adv::game::reward,average_precision,0.43296703296703304,0.29964670745920746,0.7657870520002872,0.5442881989238609,1716,1717,283
placebo,all_alfworld,all,raw,D_action_adv::game::reward,auroc_large_change_vs_rest,0.49230769230769234,0.25810185185185186,0.7386863136863138,0.4885021557958507,1716,1717,283
placebo,all_alfworld,all,raw,D_action_adv::game::reward,top_quartile_mean_absolute_delta,0.03325499412455934,0.021807800751879703,0.1153264591767881,0.06021922008392601,1717,1717,283
placebo,all_alfworld,all,raw,D_action_adv::game::reward,top_quartile_lift,0.8511401074890932,0.4694577106289927,1.7677297255236792,1.0634941710276127,1717,1717,283
placebo,all_alfworld,all,raw,D_action_adv::game::unsigned,spearman,0.18672450335736934,-0.19452897945827205,0.5776860596108754,0.18970104479917438,1717,1717,283
placebo,all_alfworld,all,raw,D_action_adv::game::unsigned,average_precision,0.29085497835497837,0.27055826118326115,0.8372549746129291,0.5439129811575083,1716,1717,283
placebo,all_alfworld,all,raw,D_action_adv::game::unsigned,auroc_large_change_vs_rest,0.4461538461538462,0.3623263888888889,0.8235294117647058,0.590910368561598,1716,1717,283
placebo,all_alfworld,all,raw,D_action_adv::game::unsigned,top_quartile_mean_absolute_delta,0.04407867494824016,0.025,0.13237103174603174,0.06867386533556227,1717,1717,283
placebo,all_alfworld,all,raw,D_action_adv::game::unsigned,top_quartile_lift,1.1281652311498962,0.5329485772131254,1.9821924334003125,1.207178946335122,1717,1717,283
placebo,all_alfworld,all,raw,D_action_adv_clip::game::reward,spearman,-0.31120750559561555,-0.41180784098857753,0.3803082799484924,-0.031210695423851423,1717,1717,283
placebo,all_alfworld,all,raw,D_action_adv_clip::game::reward,average_precision,0.35820512820512823,0.28491071428571424,0.7564240610288404,0.5121712531465051,1716,1717,283
placebo,all_alfworld,all,raw,D_action_adv_clip::game::reward,auroc_large_change_vs_rest,0.5076923076923077,0.2597402597402597,0.7384615384615385,0.4934223770592977,1716,1717,283
placebo,all_alfworld,all,raw,D_action_adv_clip::game::reward,top_quartile_mean_absolute_delta,0.05217391304347826,0.027680500658761528,0.13835416666666664,0.07543644166619189,1717,1717,283
placebo,all_alfworld,all,raw,D_action_adv_clip::game::reward,top_quartile_lift,1.3353576244705208,0.6471251857133051,2.0224677203119135,1.316507097752814,1717,1717,283
placebo,all_alfworld,all,raw,D_action_adv_clip::game::unsigned,spearman,0.18672450335736934,-0.19452897945827205,0.5776860596108754,0.18970104479917438,1717,1717,283
placebo,all_alfworld,all,raw,D_action_adv_clip::game::unsigned,average_precision,0.29085497835497837,0.27055826118326115,0.8372549746129291,0.5439129811575083,1716,1717,283
placebo,all_alfworld,all,raw,D_action_adv_clip::game::unsigned,auroc_large_change_vs_rest,0.4461538461538462,0.3623263888888889,0.8235294117647058,0.590910368561598,1716,1717,283
placebo,all_alfworld,all,raw,D_action_adv_clip::game::unsigned,top_quartile_mean_absolute_delta,0.04407867494824016,0.025,0.13237103174603174,0.06867386533556227,1717,1717,283
placebo,all_alfworld,all,raw,D_action_adv_clip::game::unsigned,top_quartile_lift,1.1281652311498962,0.5329485772131254,1.9821924334003125,1.207178946335122,1717,1717,283
placebo,all_alfworld,all,raw,D_ratio_adv::game::reward,spearman,-0.379673156826651,-0.46581009751244357,0.3178007686267442,-0.08921511171447542,1717,1717,283
placebo,all_alfworld,all,raw,D_ratio_adv::game::reward,average_precision,0.25317460317460316,0.22549019607843135,0.7163240231990232,0.4393762003112705,1716,1717,283
placebo,all_alfworld,all,raw,D_ratio_adv::game::reward,auroc_large_change_vs_rest,0.35384615384615387,0.21217206790123455,0.7127232142857143,0.4440268482129399,1716,1717,283
placebo,all_alfworld,all,raw,D_ratio_adv::game::reward,top_quartile_mean_absolute_delta,0.012007168458781362,0.009591384989167053,0.08355966378637375,0.03721785439946037,1717,1717,283
placebo,all_alfworld,all,raw,D_ratio_adv::game::reward,top_quartile_lift,0.30731572570326654,0.19263225947581433,1.3646896824418377,0.6555266505253089,1717,1717,283
placebo,all_alfworld,all,raw,D_ratio_adv::game::unsigned,spearman,0.2510407211804632,-0.19303651534549954,0.5737312989612467,0.17978488078134972,1717,1717,283
placebo,all_alfworld,all,raw,D_ratio_adv::game::unsigned,average_precision,0.3276082251082252,0.26370535714285714,0.8387564999103461,0.5482688220018176,1716,1717,283
placebo,all_alfworld,all,raw,D_ratio_adv::game::unsigned,auroc_large_change_vs_rest,0.5384615384615384,0.3611111111111111,0.8152356902356902,0.5900168469350104,1716,1717,283
placebo,all_alfworld,all,raw,D_ratio_adv::game::unsigned,top_quartile_mean_absolute_delta,0.047325428194993406,0.023510943797581726,0.1319107142857142,0.06747458008054517,1717,1717,283
placebo,all_alfworld,all,raw,D_ratio_adv::game::unsigned,top_quartile_lift,1.211263784620735,0.5206846975707091,1.9532938122576144,1.184366724856417,1717,1717,283
placebo,all_alfworld,all,raw,D_policy_action_adv::game::reward,spearman,-0.1690894113736178,-0.45212092564752476,0.4051508407878646,-0.03268080922939418,1717,1717,283
placebo,all_alfworld,all,raw,D_policy_action_adv::game::reward,average_precision,0.492094017094017,0.22892594537815128,0.8134567679052974,0.5464091168772447,1716,1717,283
placebo,all_alfworld,all,raw,D_policy_action_adv::game::reward,auroc_large_change_vs_rest,0.5538461538461539,0.2222222222222222,0.7777777777777778,0.4991773938849331,1716,1717,283
placebo,all_alfworld,all,raw,D_policy_action_adv::game::reward,top_quartile_mean_absolute_delta,0.04428323412698413,0.021152615202779678,0.131985844017094,0.06760675660484548,1717,1717,283
placebo,all_alfworld,all,raw,D_policy_action_adv::game::reward,top_quartile_lift,1.1334007912805606,0.458172579634847,1.9937322388131098,1.1791602970918016,1717,1717,283
placebo,all_alfworld,all,raw,D_policy_action_adv::game::unsigned,spearman,0.4097565490342272,-0.08306624118225457,0.6929409159551118,0.3316568126019349,1717,1717,283
placebo,all_alfworld,all,raw,D_policy_action_adv::game::unsigned,average_precision,0.5227272727272727,0.30416666666666664,0.8838356190378248,0.6021294771098884,1716,1717,283
placebo,all_alfworld,all,raw,D_policy_action_adv::game::unsigned,auroc_large_change_vs_rest,0.6923076923076923,0.4155594405594406,0.875,0.6510157393555859,1716,1717,283
placebo,all_alfworld,all,raw,D_policy_action_adv::game::unsigned,top_quartile_mean_absolute_delta,0.0696409563579792,0.036990913347671114,0.15395357330841203,0.08870130979738126,1717,1717,283
placebo,all_alfworld,all,raw,D_policy_action_adv::game::unsigned,top_quartile_lift,1.7824153225875548,0.8646723897011709,2.2428260040670196,1.5561786839436365,1717,1717,283
placebo,all_alfworld,all,raw,D_reward_only::game::reward,spearman,-0.32797451640841724,-0.6633041311333238,0.15375209160178974,-0.2870160440830151,1717,1717,283
placebo,all_alfworld,all,raw,D_reward_only::game::reward,average_precision,0.23174603174603173,0.19897174873737372,0.6387208838955164,0.39814749792671605,1716,1717,283
placebo,all_alfworld,all,raw,D_reward_only::game::reward,auroc_large_change_vs_rest,0.27692307692307694,0.12905092592592593,0.6375,0.36850072631608294,1716,1717,283
placebo,all_alfworld,all,raw,D_reward_only::game::reward,top_quartile_mean_absolute_delta,0.02801587301587301,0.012760217723453019,0.09348043478260869,0.047451528578775805,1717,1717,283
placebo,all_alfworld,all,raw,D_reward_only::game::reward,top_quartile_lift,0.7170481847272591,0.26664142461424545,1.5244710176614371,0.8388453697257267,1717,1717,283
placebo,all_alfworld,all,raw,D_reward_only::game::unsigned,spearman,,,,,0,1717,283
placebo,all_alfworld,all,raw,D_reward_only::game::unsigned,average_precision,0.2777777777777778,0.2222222222222222,0.6111111111111112,0.41825304325304324,1716,1717,283
placebo,all_alfworld,all,raw,D_reward_only::game::unsigned,auroc_large_change_vs_rest,0.5,0.5,0.5,0.5,1716,1717,283
placebo,all_alfworld,all,raw,D_reward_only::game::unsigned,top_quartile_mean_absolute_delta,0.039071116296779,0.03474220452129379,0.08291097508650455,0.05658861168882727,1717,1717,283
placebo,all_alfworld,all,raw,D_reward_only::game::unsigned,top_quartile_lift,1.0,0.9999999999999998,1.0000000000000004,1.0,1717,1717,283
placebo,all_alfworld,all,raw,D_adv_negative_fraction::game::reward,spearman,0.0025960763932164296,-0.37022294144968293,0.4201685934071713,0.023639326058337753,1717,1717,283
placebo,all_alfworld,all,raw,D_adv_negative_fraction::game::reward,average_precision,0.37583333333333335,0.22938936063936063,0.7595126661532912,0.47016814054357914,1716,1717,283
placebo,all_alfworld,all,raw,D_adv_negative_fraction::game::reward,auroc_large_change_vs_rest,0.5538461538461539,0.25284090909090906,0.7274130190796858,0.4902544297777026,1716,1717,283
placebo,all_alfworld,all,raw,D_adv_negative_fraction::game::reward,top_quartile_mean_absolute_delta,0.03515873015873015,0.019179881521986786,0.10234855769230762,0.055696159159651815,1717,1717,283
placebo,all_alfworld,all,raw,D_adv_negative_fraction::game::reward,top_quartile_lift,0.8998650023631042,0.39127156608955477,1.6296560655258023,0.9854636788196316,1717,1717,283
placebo,all_alfworld,all,raw,D_adv_negative_fraction::game::unsigned,spearman,,,,,0,1717,283
placebo,all_alfworld,all,raw,D_adv_negative_fraction::game::unsigned,average_precision,0.2777777777777778,0.2222222222222222,0.6111111111111112,0.41825304325304324,1716,1717,283
placebo,all_alfworld,all,raw,D_adv_negative_fraction::game::unsigned,auroc_large_change_vs_rest,0.5,0.5,0.5,0.5,1716,1717,283
placebo,all_alfworld,all,raw,D_adv_negative_fraction::game::unsigned,top_quartile_mean_absolute_delta,0.039071116296779,0.03474220452129379,0.08291097508650455,0.05658861168882727,1717,1717,283
placebo,all_alfworld,all,raw,D_adv_negative_fraction::game::unsigned,top_quartile_lift,1.0,0.9999999999999998,1.0000000000000004,1.0,1717,1717,283
placebo,all_alfworld,all,raw,C_raw::game::reward,spearman,0.538388984680415,-0.26789334642570356,0.5560260590995444,0.16344574505635406,1717,1717,283
placebo,all_alfworld,all,raw,C_raw::game::reward,average_precision,0.5251948051948052,0.2773535206623442,0.8046722374847374,0.5699382568435585,1716,1717,283
placebo,all_alfworld,all,raw,C_raw::game::reward,auroc_large_change_vs_rest,0.7846153846153846,0.33766233766233766,0.8194444444444444,0.5918729917266614,1716,1717,283
placebo,all_alfworld,all,raw,C_raw::game::reward,top_quartile_mean_absolute_delta,0.07479296066252589,0.03292925824175824,0.14617710997442446,0.08425092408610382,1717,1717,283
placebo,all_alfworld,all,raw,C_raw::game::reward,top_quartile_lift,1.9142775469840305,0.7340314319348301,2.1802039107966062,1.4743897042559897,1717,1717,283
placebo,all_alfworld,all,raw,C_raw::game::unsigned,spearman,0.0280086755036054,-0.4019838726758806,0.4191602776946127,0.020063424521640023,1717,1717,283
placebo,all_alfworld,all,raw,C_raw::game::unsigned,average_precision,0.2934523809523809,0.24264936656480773,0.7755385171745466,0.4911323482804294,1716,1717,283
placebo,all_alfworld,all,raw,C_raw::game::unsigned,auroc_large_change_vs_rest,0.4307692307692308,0.2201048951048951,0.7699519230769232,0.491730547841359,1716,1717,283
placebo,all_alfworld,all,raw,C_raw::game::unsigned,top_quartile_mean_absolute_delta,0.041378973678044204,0.01926826089767877,0.10637278673489578,0.0553473684675414,1717,1717,283
placebo,all_alfworld,all,raw,C_raw::game::unsigned,top_quartile_lift,1.059068119880042,0.3966497279221807,1.6245646473856343,0.9756000397272818,1717,1717,283
placebo,all_alfworld,all,raw,C_centered::game::reward,spearman,-0.008298866815883082,-0.431567471348011,0.38021149195965065,-0.03090685963428157,1717,1717,283
placebo,all_alfworld,all,raw,C_centered::game::reward,average_precision,0.3294172494172494,0.21749182530432531,0.7194613141488141,0.4451451881927575,1716,1717,283
placebo,all_alfworld,all,raw,C_centered::game::reward,auroc_large_change_vs_rest,0.5076923076923077,0.225,0.7042022792022792,0.46268054820055315,1716,1717,283
placebo,all_alfworld,all,raw,C_centered::game::reward,top_quartile_mean_absolute_delta,0.030396825396825394,0.012620535714285714,0.08910364145658263,0.04675186545834393,1717,1717,283
placebo,all_alfworld,all,raw,C_centered::game::reward,top_quartile_lift,0.7779871239392075,0.2844253619625868,1.4675730194666574,0.8256186802559038,1717,1717,283
placebo,all_alfworld,all,raw,C_centered::game::unsigned,spearman,0.1836124283014132,-0.2977056394921767,0.500781756314712,0.12284617635376686,1717,1717,283
placebo,all_alfworld,all,raw,C_centered::game::unsigned,average_precision,0.28987012987012983,0.23717171717171717,0.7921898019909382,0.5067514332911546,1716,1717,283
placebo,all_alfworld,all,raw,C_centered::game::unsigned,auroc_large_change_vs_rest,0.47692307692307695,0.2637152777777778,0.7878279320987654,0.5356161661323003,1716,1717,283
placebo,all_alfworld,all,raw,C_centered::game::unsigned,top_quartile_mean_absolute_delta,0.023816249663707288,0.015016637558843178,0.08757547698471531,0.04367762824570574,1717,1717,283
placebo,all_alfworld,all,raw,C_centered::game::unsigned,top_quartile_lift,0.6095615360155626,0.29309332676449235,1.4253296300956304,0.7770324498278228,1717,1717,283
placebo,all_alfworld,all,raw,C_adv_centered::game::reward,spearman,-0.17323884478155935,-0.6207165183222212,0.1426666211864572,-0.2514002316731312,1717,1717,283
placebo,all_alfworld,all,raw,C_adv_centered::game::reward,average_precision,0.24835081585081586,0.2007904411764706,0.6619178868570104,0.41228725325081894,1716,1717,283
placebo,all_alfworld,all,raw,C_adv_centered::game::reward,auroc_large_change_vs_rest,0.3230769230769231,0.12926136363636362,0.6307692307692307,0.3811090683177645,1716,1717,283
placebo,all_alfworld,all,raw,C_adv_centered::game::reward,top_quartile_mean_absolute_delta,0.02801587301587301,0.012760217723453019,0.09348043478260869,0.047451528578775805,1717,1717,283
placebo,all_alfworld,all,raw,C_adv_centered::game::reward,top_quartile_lift,0.7170481847272591,0.26664142461424545,1.5244710176614371,0.8388453697257267,1717,1717,283
placebo,all_alfworld,all,raw,C_adv_centered::game::unsigned,spearman,0.1836124283014132,-0.2977056394921767,0.500781756314712,0.12284617635376686,1717,1717,283
placebo,all_alfworld,all,raw,C_adv_centered::game::unsigned,average_precision,0.28987012987012983,0.23717171717171717,0.7921898019909382,0.5067514332911546,1716,1717,283
placebo,all_alfworld,all,raw,C_adv_centered::game::unsigned,auroc_large_change_vs_rest,0.47692307692307695,0.2637152777777778,0.7878279320987654,0.5356161661323003,1716,1717,283
placebo,all_alfworld,all,raw,C_adv_centered::game::unsigned,top_quartile_mean_absolute_delta,0.023816249663707288,0.015016637558843178,0.08757547698471531,0.04367762824570574,1717,1717,283
placebo,all_alfworld,all,raw,C_adv_centered::game::unsigned,top_quartile_lift,0.6095615360155626,0.29309332676449235,1.4253296300956304,0.7770324498278228,1717,1717,283
placebo,all_alfworld,all,raw,M_delta_raw::game::magnitude,spearman,-0.12033356883030469,-0.42788660542832824,0.27247565441330923,-0.07292457875404451,1717,1717,283
placebo,all_alfworld,all,raw,M_delta_raw::game::magnitude,average_precision,0.27161616161616153,0.22193709680842033,0.6700653329513624,0.43703460356790524,1716,1717,283
placebo,all_alfworld,all,raw,M_delta_raw::game::magnitude,auroc_large_change_vs_rest,0.4153846153846154,0.2345679012345679,0.7142857142857143,0.47776202722612526,1716,1717,283
placebo,all_alfworld,all,raw,M_delta_raw::game::magnitude,top_quartile_mean_absolute_delta,0.02123259623259623,0.013128148695375586,0.08198608005366725,0.041688887504804824,1717,1717,283
placebo,all_alfworld,all,raw,M_delta_raw::game::magnitude,top_quartile_lift,0.5434345942746108,0.27132956942512443,1.2983918826747414,0.7355628553529547,1717,1717,283
placebo,all_alfworld,all,raw,M_delta_centered::game::magnitude,spearman,-0.3734490067147387,-0.5978494282696839,0.14527327582518548,-0.2544101338625023,1717,1717,283
placebo,all_alfworld,all,raw,M_delta_centered::game::magnitude,average_precision,0.21341269841269844,0.19159313725490196,0.6692244229422537,0.4085604514711252,1716,1717,283
placebo,all_alfworld,all,raw,M_delta_centered::game::magnitude,auroc_large_change_vs_rest,0.2153846153846154,0.14285714285714285,0.6363636363636364,0.3813278294933792,1716,1717,283
placebo,all_alfworld,all,raw,M_delta_centered::game::magnitude,top_quartile_mean_absolute_delta,0.019414414414414417,0.008333333333333333,0.07910937499999995,0.03699722466134272,1717,1717,283
placebo,all_alfworld,all,raw,M_delta_centered::game::magnitude,top_quartile_lift,0.49689940433094126,0.1636366222308372,1.2721024734140667,0.6520740439671906,1717,1717,283
placebo,all_alfworld,all,raw,M_original_norm::game::magnitude,spearman,-0.5103803091768095,-0.6752836007526211,0.14503668644727125,-0.28908842122565187,1717,1717,283
placebo,all_alfworld,all,raw,M_original_norm::game::magnitude,average_precision,0.2769078144078144,0.18963675213675213,0.7173450309611022,0.43521396112621813,1716,1717,283
placebo,all_alfworld,all,raw,M_original_norm::game::magnitude,auroc_large_change_vs_rest,0.38461538461538464,0.11232638888888889,0.6623579545454545,0.3737092187019915,1716,1717,283
placebo,all_alfworld,all,raw,M_original_norm::game::magnitude,top_quartile_mean_absolute_delta,0.01515625,0.007650252525252524,0.08504605348355347,0.038054158305027834,1717,1717,283
placebo,all_alfworld,all,raw,M_original_norm::game::magnitude,top_quartile_lift,0.38791443492105887,0.16010717685428202,1.3986163397191878,0.6683753618354169,1717,1717,283
placebo,all_alfworld,all,raw,M_control_norm::game::magnitude,spearman,-0.4014576822183441,-0.6653590562772941,0.12541988584647523,-0.29728520907554556,1717,1717,283
placebo,all_alfworld,all,raw,M_control_norm::game::magnitude,average_precision,0.2870286576168929,0.19830748091777503,0.65327476084122,0.42591340654463533,1716,1717,283
placebo,all_alfworld,all,raw,M_control_norm::game::magnitude,auroc_large_change_vs_rest,0.4307692307692308,0.1375,0.6388888888888888,0.38011289693682054,1716,1717,283
placebo,all_alfworld,all,raw,M_control_norm::game::magnitude,top_quartile_mean_absolute_delta,0.03,0.006586538461538464,0.10462662337662329,0.04546451406443105,1717,1717,283
placebo,all_alfworld,all,raw,M_control_norm::game::magnitude,top_quartile_lift,0.7678306340705495,0.14095251437742368,1.5563670208576479,0.7800426458950729,1717,1717,283
placebo,all_alfworld,all,raw,M_kl::game::magnitude,spearman,0.39108409869849026,-0.13393704748387328,0.653883388300091,0.2780633575740927,1717,1717,283
placebo,all_alfworld,all,raw,M_kl::game::magnitude,average_precision,0.34025641025641024,0.2626914173789174,0.864008747460452,0.5558624602220302,1716,1717,283
placebo,all_alfworld,all,raw,M_kl::game::magnitude,auroc_large_change_vs_rest,0.5692307692307692,0.375,0.8571428571428571,0.6207636535530149,1716,1717,283
placebo,all_alfworld,all,raw,M_kl::game::magnitude,top_quartile_mean_absolute_delta,0.05080037664783428,0.02601435742607446,0.14242158826671694,0.07538175704477507,1717,1717,283
placebo,all_alfworld,all,raw,M_kl::game::magnitude,top_quartile_lift,1.300202847084311,0.5799988855729699,2.0903138444555345,1.3118533763817655,1717,1717,283
placebo,all_alfworld,all,raw,M_js::game::magnitude,spearman,0.36826221495481176,-0.1562021573077941,0.6247496299217795,0.25693472795637223,1717,1717,283
placebo,all_alfworld,all,raw,M_js::game::magnitude,average_precision,0.30692307692307697,0.2551354895104895,0.8418286863599362,0.5426945577695605,1716,1717,283
placebo,all_alfworld,all,raw,M_js::game::magnitude,auroc_large_change_vs_rest,0.5230769230769231,0.35336538461538464,0.8441558441558441,0.6079707656886401,1716,1717,283
placebo,all_alfworld,all,raw,M_js::game::magnitude,top_quartile_mean_absolute_delta,0.027063002910460533,0.016536210990502034,0.10523651960784314,0.051418900288129094,1717,1717,283
placebo,all_alfworld,all,raw,M_js::game::magnitude,top_quartile_lift,0.6926600894864012,0.34639558463535525,1.5809962356564395,0.9017532736419376,1717,1717,283
placebo,all_alfworld,all,raw,M_action_abs::game::magnitude,spearman,0.20850902874906244,-0.25956907708985527,0.5249730592785796,0.1381558438118854,1717,1717,283
placebo,all_alfworld,all,raw,M_action_abs::game::magnitude,average_precision,0.27246336996336995,0.25612231416459363,0.8262679334554335,0.5394405963676299,1716,1717,283
placebo,all_alfworld,all,raw,M_action_abs::game::magnitude,auroc_large_change_vs_rest,0.4,0.33229166666666665,0.8148148148148148,0.5698543426798117,1716,1717,283
placebo,all_alfworld,all,raw,M_action_abs::game::magnitude,top_quartile_mean_absolute_delta,0.031262626262626256,0.015653102935711632,0.11034634906594214,0.05519280062119916,1717,1717,283
placebo,all_alfworld,all,raw,M_action_abs::game::magnitude,top_quartile_lift,0.8001467381980977,0.3281076496047141,1.6823138471771122,0.9635661935398414,1717,1717,283
placebo,all_alfworld,all,raw,B_activation_l8_norm,spearman,-0.09025017662272852,-0.3905391551671534,0.34766692346328026,-0.03587348009584075,1717,1717,283
placebo,all_alfworld,all,raw,B_activation_l8_norm,average_precision,0.2592997198879552,0.22049958619811563,0.7822274553760897,0.4945615565940701,1716,1717,283
placebo,all_alfworld,all,raw,B_activation_l8_norm,auroc_large_change_vs_rest,0.38461538461538464,0.23426477072310403,0.7386863136863138,0.48563051946654656,1716,1717,283
placebo,all_alfworld,all,raw,B_activation_l8_norm,top_quartile_mean_absolute_delta,0.025770346617804245,0.014501307635453976,0.09082303113553114,0.04531768064328974,1717,1717,283
placebo,all_alfworld,all,raw,B_activation_l8_norm,top_quartile_lift,0.6595753861255491,0.2891281267294634,1.470608742002141,0.803642769413998,1717,1717,283
placebo,all_alfworld,all,raw,B_activation_l16_norm,spearman,-0.009336225167868467,-0.477279834762356,0.3371942750516805,-0.059248956013915194,1717,1717,283
placebo,all_alfworld,all,raw,B_activation_l16_norm,average_precision,0.281956931956932,0.21721420940170938,0.7511735344831936,0.4845206873509969,1716,1717,283
placebo,all_alfworld,all,raw,B_activation_l16_norm,auroc_large_change_vs_rest,0.4461538461538462,0.2344676928010261,0.7223290598290598,0.47827034755067915,1716,1717,283
placebo,all_alfworld,all,raw,B_activation_l16_norm,top_quartile_mean_absolute_delta,0.03052552552552552,0.012306818181818181,0.09055780157342655,0.044797818010523745,1717,1717,283
placebo,all_alfworld,all,raw,B_activation_l16_norm,top_quartile_lift,0.7812811206533669,0.2281977136589299,1.4953569454387619,0.7915503615160264,1717,1717,283
placebo,all_alfworld,all,raw,B_activation_l24_norm,spearman,-0.05912942606316696,-0.4504963009669285,0.3535267020078176,-0.05231901935603448,1717,1717,283
placebo,all_alfworld,all,raw,B_activation_l24_norm,average_precision,0.26824314574314573,0.2222271294881589,0.7507960738199709,0.45955127119719785,1716,1717,283
placebo,all_alfworld,all,raw,B_activation_l24_norm,auroc_large_change_vs_rest,0.4153846153846154,0.25,0.7272727272727273,0.4832704403017974,1716,1717,283
placebo,all_alfworld,all,raw,B_activation_l24_norm,top_quartile_mean_absolute_delta,0.019414414414414417,0.008333333333333333,0.07910937499999995,0.03699722466134272,1717,1717,283
placebo,all_alfworld,all,raw,B_activation_l24_norm,top_quartile_lift,0.49689940433094126,0.1636366222308372,1.2721024734140667,0.6520740439671906,1717,1717,283
placebo,all_alfworld,all,raw,B_activation_l32_norm,spearman,-0.38278523188260716,-0.5609840226048226,0.18943252384519632,-0.20554271524736728,1717,1717,283
placebo,all_alfworld,all,raw,B_activation_l32_norm,average_precision,0.22115384615384617,0.19677019773527127,0.7050188449667616,0.4298256453714963,1716,1717,283
placebo,all_alfworld,all,raw,B_activation_l32_norm,auroc_large_change_vs_rest,0.24615384615384617,0.17743055555555556,0.65,0.410315014536314,1716,1717,283
placebo,all_alfworld,all,raw,B_activation_l32_norm,top_quartile_mean_absolute_delta,0.019414414414414417,0.008333333333333333,0.07910937499999995,0.03699722466134272,1717,1717,283
placebo,all_alfworld,all,raw,B_activation_l32_norm,top_quartile_lift,0.49689940433094126,0.1636366222308372,1.2721024734140667,0.6520740439671906,1717,1717,283
placebo,all_alfworld,all,raw,B_old_margin,spearman,0.2875535798049773,-0.2645179453445977,0.49856201229878283,0.12121914345786507,1717,1717,283
placebo,all_alfworld,all,raw,B_old_margin,average_precision,0.5158333333333334,0.3034229108309991,0.7973827030812324,0.5637444179913057,1716,1717,283
placebo,all_alfworld,all,raw,B_old_margin,auroc_large_change_vs_rest,0.6307692307692307,0.3048540965207632,0.8053267045454546,0.5532311817161158,1716,1717,283
placebo,all_alfworld,all,raw,B_old_margin,top_quartile_mean_absolute_delta,0.04936610523567045,0.026953720508166967,0.11377982313788158,0.06543738667341721,1717,1717,283
placebo,all_alfworld,all,raw,B_old_margin,top_quartile_lift,1.2634935961566105,0.5314248000860015,1.8427684080543365,1.1655620402760174,1717,1717,283
placebo,all_alfworld,all,raw,B_random_expected,spearman,,,,,0,1717,283
placebo,all_alfworld,all,raw,B_random_expected,average_precision,0.2777777777777778,0.2222222222222222,0.6111111111111112,0.41825304325304324,1716,1717,283
placebo,all_alfworld,all,raw,B_random_expected,auroc_large_change_vs_rest,0.5,0.5,0.5,0.5,1716,1717,283
placebo,all_alfworld,all,raw,B_random_expected,top_quartile_mean_absolute_delta,0.039071116296779,0.03474220452129379,0.08291097508650455,0.05658861168882727,1717,1717,283
placebo,all_alfworld,all,raw,B_random_expected,top_quartile_lift,1.0,0.9999999999999998,1.0000000000000004,1.0,1717,1717,283
placebo,all_alfworld,all,raw,D_real::token::reward,spearman,-0.366187498250841,-0.6041190086850506,0.24201753055021014,-0.1890002805241573,1717,1717,283
placebo,all_alfworld,all,raw,D_real::token::reward,average_precision,0.32121212121212117,0.2145639511632159,0.75,0.47378147804855014,1716,1717,283
placebo,all_alfworld,all,raw,D_real::token::reward,auroc_large_change_vs_rest,0.4307692307692308,0.1728395061728395,0.6883116883116883,0.4271732645522152,1716,1717,283
placebo,all_alfworld,all,raw,D_real::token::reward,top_quartile_mean_absolute_delta,0.023412698412698413,0.013529657477025898,0.1029914772727272,0.04977565685623866,1717,1717,283
placebo,all_alfworld,all,raw,D_real::token::reward,top_quartile_lift,0.5992329022508257,0.28474908903353735,1.5803122589796514,0.8709433380790923,1717,1717,283
placebo,all_alfworld,all,raw,D_real_A1::token::reward_free,spearman,0.3267678808753964,-0.11257555408184772,0.6529701915367959,0.2763364714545815,1717,1717,283
placebo,all_alfworld,all,raw,D_real_A1::token::reward_free,average_precision,0.5247619047619047,0.2890625,0.8729379705942206,0.5820625502004397,1716,1717,283
placebo,all_alfworld,all,raw,D_real_A1::token::reward_free,auroc_large_change_vs_rest,0.7384615384615385,0.3888888888888889,0.8625,0.6294158316669913,1716,1717,283
placebo,all_alfworld,all,raw,D_real_A1::token::reward_free,top_quartile_mean_absolute_delta,0.05262329331450094,0.02565615712903449,0.13390405017634682,0.07262966674864892,1717,1717,283
placebo,all_alfworld,all,raw,D_real_A1::token::reward_free,top_quartile_lift,1.3468592224184588,0.5566665299645956,2.029043362436827,1.2714393562110302,1717,1717,283
placebo,all_alfworld,all,raw,D_real_absA::token::reward_sign_removed,spearman,0.5829953938157865,-0.05528450464929322,0.6442150747668632,0.3102994728330601,1717,1717,283
placebo,all_alfworld,all,raw,D_real_absA::token::reward_sign_removed,average_precision,0.6051948051948053,0.2898466810966811,0.8742251382876383,0.6093353928411323,1716,1717,283
placebo,all_alfworld,all,raw,D_real_absA::token::reward_sign_removed,auroc_large_change_vs_rest,0.7846153846153846,0.4027777777777778,0.8701298701298701,0.6415863253089445,1716,1717,283
placebo,all_alfworld,all,raw,D_real_absA::token::reward_sign_removed,top_quartile_mean_absolute_delta,0.05536630621376384,0.02761557719297599,0.12732136303561867,0.0697882182094972,1717,1717,283
placebo,all_alfworld,all,raw,D_real_absA::token::reward_sign_removed,top_quartile_lift,1.417064866875283,0.5839025895930617,1.920394759465605,1.2275475334356387,1717,1717,283
placebo,all_alfworld,all,raw,D_real_projection_only::token::geometry_only,spearman,0.2468912877725217,-0.2821484197148794,0.5071182905853496,0.1270668490035401,1717,1717,283
placebo,all_alfworld,all,raw,D_real_projection_only::token::geometry_only,average_precision,0.5652564102564102,0.2518555178481649,0.814421515984016,0.5482445330127258,1716,1717,283
placebo,all_alfworld,all,raw,D_real_projection_only::token::geometry_only,auroc_large_change_vs_rest,0.6923076923076923,0.283179012345679,0.8051948051948052,0.5507046979437742,1716,1717,283
placebo,all_alfworld,all,raw,D_real_projection_only::token::geometry_only,top_quartile_mean_absolute_delta,0.04930875576036866,0.02286674347158218,0.12023803076008958,0.06373149454690329,1717,1717,283
placebo,all_alfworld,all,raw,D_real_projection_only::token::geometry_only,top_quartile_lift,1.2620257733571243,0.47835972733440857,1.8178029859123643,1.116242338382571,1717,1717,283
placebo,all_alfworld,all,raw,D_real::decision::reward,spearman,-0.320543730763484,-0.5929134370242986,0.24559470076365483,-0.17537591510460512,1717,1717,283
placebo,all_alfworld,all,raw,D_real::decision::reward,average_precision,0.32815656565656565,0.21663267288267288,0.7510701918077838,0.4752173249219679,1716,1717,283
placebo,all_alfworld,all,raw,D_real::decision::reward,auroc_large_change_vs_rest,0.46153846153846156,0.178125,0.6968749999999999,0.43349319257853125,1716,1717,283
placebo,all_alfworld,all,raw,D_real::decision::reward,top_quartile_mean_absolute_delta,0.023412698412698413,0.013529657477025898,0.1029914772727272,0.04977565685623866,1717,1717,283
placebo,all_alfworld,all,raw,D_real::decision::reward,top_quartile_lift,0.5992329022508257,0.28474908903353735,1.5803122589796514,0.8709433380790923,1717,1717,283
placebo,all_alfworld,all,raw,D_real_A1::decision::reward_free,spearman,0.20850902874906244,-0.16148856362048367,0.6225883878206044,0.23869102386044028,1717,1717,283
placebo,all_alfworld,all,raw,D_real_A1::decision::reward_free,average_precision,0.4936507936507937,0.2791666666666667,0.8622301254152859,0.5677399190443154,1716,1717,283
placebo,all_alfworld,all,raw,D_real_A1::decision::reward_free,auroc_large_change_vs_rest,0.7076923076923077,0.3625,0.8475694444444444,0.6120021850117633,1716,1717,283
placebo,all_alfworld,all,raw,D_real_A1::decision::reward_free,top_quartile_mean_absolute_delta,0.03091987076362076,0.021238095238095236,0.11560214363523183,0.059733414310255924,1717,1717,283
placebo,all_alfworld,all,raw,D_real_A1::decision::reward_free,top_quartile_lift,0.7913741324603458,0.42931333225489715,1.8090199474229636,1.0563438763074011,1717,1717,283
placebo,all_alfworld,all,raw,D_real_absA::decision::reward_sign_removed,spearman,0.6182655777832896,-0.027101866072808806,0.6771087678793104,0.33436080692477627,1717,1717,283
placebo,all_alfworld,all,raw,D_real_absA::decision::reward_sign_removed,average_precision,0.6226190476190476,0.30869952147525676,0.9107142857142857,0.6081804844239044,1716,1717,283
placebo,all_alfworld,all,raw,D_real_absA::decision::reward_sign_removed,auroc_large_change_vs_rest,0.8615384615384616,0.4025974025974026,0.9014274691358025,0.6590591577096188,1716,1717,283
placebo,all_alfworld,all,raw,D_real_absA::decision::reward_sign_removed,top_quartile_mean_absolute_delta,0.059166624010374,0.029231650426102176,0.13041326055124988,0.07279850789763215,1717,1717,283
placebo,all_alfworld,all,raw,D_real_absA::decision::reward_sign_removed,top_quartile_lift,1.5143315476566424,0.629910020406216,2.003136940682153,1.2812027003197568,1717,1717,283
placebo,all_alfworld,all,raw,D_real_projection_only::decision::geometry_only,spearman,0.34544033121113327,-0.2823316856407408,0.5159492211030113,0.14341763005009486,1717,1717,283
placebo,all_alfworld,all,raw,D_real_projection_only::decision::geometry_only,average_precision,0.5569230769230769,0.2519230769230769,0.8299712195484253,0.550907419412956,1716,1717,283
placebo,all_alfworld,all,raw,D_real_projection_only::decision::geometry_only,auroc_large_change_vs_rest,0.676923076923077,0.2635950854700855,0.8,0.5518600407196492,1716,1717,283
placebo,all_alfworld,all,raw,D_real_projection_only::decision::geometry_only,top_quartile_mean_absolute_delta,0.05891144121051173,0.025555939835468618,0.12910527073732717,0.06799648407389453,1717,1717,283
placebo,all_alfworld,all,raw,D_real_projection_only::decision::geometry_only,top_quartile_lift,1.5078003086225706,0.5277139774702579,1.9311635833352672,1.1936253855458527,1717,1717,283
placebo,all_alfworld,all,raw,D_real::game::reward,spearman,-0.25519015458840477,-0.5281548931478259,0.33794882740041965,-0.1066471285642565,1717,1717,283
placebo,all_alfworld,all,raw,D_real::game::reward,average_precision,0.3638095238095238,0.2172000915750916,0.7793099465893584,0.5034159109090838,1716,1717,283
placebo,all_alfworld,all,raw,D_real::game::reward,auroc_large_change_vs_rest,0.5230769230769231,0.2,0.75,0.4708519213799676,1716,1717,283
placebo,all_alfworld,all,raw,D_real::game::reward,top_quartile_mean_absolute_delta,0.04372767857142857,0.018687499999999996,0.12625515419265415,0.06458050366039426,1717,1717,283
placebo,all_alfworld,all,raw,D_real::game::reward,top_quartile_lift,1.1191817054644393,0.4103422847022009,1.8981000741803435,1.123379253689557,1717,1717,283
placebo,all_alfworld,all,raw,D_real_A1::game::reward_free,spearman,0.379673156826651,-0.0838252752120697,0.649966667695774,0.3053562365778461,1717,1717,283
placebo,all_alfworld,all,raw,D_real_A1::game::reward_free,average_precision,0.5,0.30952380952380953,0.8716296820463487,0.589538104693287,1716,1717,283
placebo,all_alfworld,all,raw,D_real_A1::game::reward_free,auroc_large_change_vs_rest,0.7076923076923077,0.4025974025974026,0.8611111111111112,0.6390159945125607,1716,1717,283
placebo,all_alfworld,all,raw,D_real_A1::game::reward_free,top_quartile_mean_absolute_delta,0.05019651191353476,0.03073412543448009,0.1242373154353274,0.07041692242940076,1717,1717,283
placebo,all_alfworld,all,raw,D_real_A1::game::reward_free,top_quartile_lift,1.2847473190233096,0.6385209499357157,1.9936161636878758,1.24856731916109,1717,1717,283
placebo,all_alfworld,all,raw,D_real_absA::game::reward_sign_removed,spearman,0.5010440840089411,-0.11598590276224809,0.6178246963496323,0.2732170706226626,1717,1717,283
placebo,all_alfworld,all,raw,D_real_absA::game::reward_sign_removed,average_precision,0.7767857142857142,0.3250561683006536,0.8766684704184705,0.6349927363186366,1716,1717,283
placebo,all_alfworld,all,raw,D_real_absA::game::reward_sign_removed,auroc_large_change_vs_rest,0.7846153846153846,0.3875,0.8701298701298701,0.6296447846028065,1716,1717,283
placebo,all_alfworld,all,raw,D_real_absA::game::reward_sign_removed,top_quartile_mean_absolute_delta,0.07581771813889626,0.03980925975119672,0.1430036178008679,0.08689619989562496,1717,1717,283
placebo,all_alfworld,all,raw,D_real_absA::game::reward_sign_removed,top_quartile_lift,1.9405055530790307,0.8532285676169106,2.224698059746661,1.535862214881261,1717,1717,283
placebo,all_alfworld,all,raw,D_real_projection_only::game::geometry_only,spearman,0.3734490067147387,-0.180944664484654,0.5725741900686386,0.2133512835476735,1717,1717,283
placebo,all_alfworld,all,raw,D_real_projection_only::game::geometry_only,average_precision,0.5102564102564102,0.26468467194570133,0.843358439966896,0.5497968236885178,1716,1717,283
placebo,all_alfworld,all,raw,D_real_projection_only::game::geometry_only,auroc_large_change_vs_rest,0.7230769230769231,0.32079475308641975,0.8271604938271605,0.5890641490676056,1716,1717,283
placebo,all_alfworld,all,raw,D_real_projection_only::game::geometry_only,top_quartile_mean_absolute_delta,0.05946500576036866,0.028022576068591883,0.13148080115577468,0.07220605901704658,1717,1717,283
placebo,all_alfworld,all,raw,D_real_projection_only::game::geometry_only,top_quartile_lift,1.5219684359330916,0.6204804947647727,1.978875227209428,1.2700927739086756,1717,1717,283
placebo,all_alfworld,all,raw,D_factor::token::reward,spearman,-0.12863243564618776,-0.38613411188509805,0.3790300216571644,0.005417647945086736,1717,1717,283
placebo,all_alfworld,all,raw,D_factor::token::reward,average_precision,0.2897835497835498,0.23087980646804176,0.7004670754310821,0.4434494205899442,1716,1717,283
placebo,all_alfworld,all,raw,D_factor::token::reward,auroc_large_change_vs_rest,0.47692307692307695,0.2625,0.7086805555555555,0.4862334154915654,1716,1717,283
placebo,all_alfworld,all,raw,D_factor::token::reward,top_quartile_mean_absolute_delta,0.01984126984126984,0.0125625,0.1010965749936338,0.046454247640706,1717,1717,283
placebo,all_alfworld,all,raw,D_factor::token::reward,top_quartile_lift,0.507824493432903,0.25385670297786384,1.4931467857759508,0.8111435370088327,1717,1717,283
placebo,all_alfworld,all,raw,D_orientation::token::reward,spearman,-0.13070715235015853,-0.3838086343070381,0.3843502971868136,0.007711963867635949,1717,1717,283
placebo,all_alfworld,all,raw,D_orientation::token::reward,average_precision,0.2897835497835498,0.23087980646804176,0.7004670754310821,0.4442099817349993,1716,1717,283
placebo,all_alfworld,all,raw,D_orientation::token::reward,auroc_large_change_vs_rest,0.47692307692307695,0.2625,0.7142857142857143,0.48772594883370346,1716,1717,283
placebo,all_alfworld,all,raw,D_orientation::token::reward,top_quartile_mean_absolute_delta,0.01984126984126984,0.0125625,0.1010965749936338,0.046454247640706,1717,1717,283
placebo,all_alfworld,all,raw,D_orientation::token::reward,top_quartile_lift,0.507824493432903,0.25385670297786384,1.4931467857759508,0.8111435370088327,1717,1717,283
placebo,all_alfworld,all,raw,D_factor_A1::token::reward_free,spearman,-0.09336225167868467,-0.30375551328759093,0.46883091767728746,0.07391324790846174,1717,1717,283
placebo,all_alfworld,all,raw,D_factor_A1::token::reward_free,average_precision,0.2319404125286478,0.2362459680842034,0.7764486602721897,0.4865797508969813,1716,1717,283
placebo,all_alfworld,all,raw,D_factor_A1::token::reward_free,auroc_large_change_vs_rest,0.2923076923076923,0.3,0.7777777777777778,0.5332993943654423,1716,1717,283
placebo,all_alfworld,all,raw,D_factor_A1::token::reward_free,top_quartile_mean_absolute_delta,0.022985842985842986,0.01311840804218853,0.10992460317460313,0.05211537237425452,1717,1717,283
placebo,all_alfworld,all,raw,D_factor_A1::token::reward_free,top_quartile_lift,0.5883078131488638,0.2763433342984176,1.647344214437328,0.9107803471350905,1717,1717,283
placebo,all_alfworld,all,raw,D_orientation_A1::token::reward_free,spearman,0.04771848419132772,-0.24946723810606988,0.5222449668284233,0.1285096117442528,1717,1717,283
placebo,all_alfworld,all,raw,D_orientation_A1::token::reward_free,average_precision,0.27336898395721926,0.25611195993548935,0.806645477003933,0.5060874861858364,1716,1717,283
placebo,all_alfworld,all,raw,D_orientation_A1::token::reward_free,auroc_large_change_vs_rest,0.4,0.33697916666666666,0.8,0.5639631552193255,1716,1717,283
placebo,all_alfworld,all,raw,D_orientation_A1::token::reward_free,top_quartile_mean_absolute_delta,0.04407867494824016,0.025,0.13237103174603174,0.06867386533556227,1717,1717,283
placebo,all_alfworld,all,raw,D_orientation_A1::token::reward_free,top_quartile_lift,1.1281652311498962,0.5329485772131254,1.9821924334003125,1.207178946335122,1717,1717,283
placebo,all_alfworld,all,raw,D_factor::decision::reward,spearman,-0.0912875349747139,-0.3748977730291522,0.39985659823140307,0.02156319229824325,1717,1717,283
placebo,all_alfworld,all,raw,D_factor::decision::reward,average_precision,0.2952780552780553,0.2306268486415545,0.6995722522427068,0.4458510921802401,1716,1717,283
placebo,all_alfworld,all,raw,D_factor::decision::reward,auroc_large_change_vs_rest,0.49230769230769234,0.2727272727272727,0.7142857142857143,0.4931040889877702,1716,1717,283
placebo,all_alfworld,all,raw,D_factor::decision::reward,top_quartile_mean_absolute_delta,0.01984126984126984,0.0125625,0.1010965749936338,0.046454247640706,1717,1717,283
placebo,all_alfworld,all,raw,D_factor::decision::reward,top_quartile_lift,0.507824493432903,0.25385670297786384,1.4931467857759508,0.8111435370088327,1717,1717,283
placebo,all_alfworld,all,raw,D_orientation::decision::reward,spearman,-0.10995998531045084,-0.37760482628480047,0.3961129978855078,0.01863123282492841,1717,1717,283
placebo,all_alfworld,all,raw,D_orientation::decision::reward,average_precision,0.2897835497835498,0.2308032408767703,0.6967374870499872,0.445298202047939,1716,1717,283
placebo,all_alfworld,all,raw,D_orientation::decision::reward,auroc_large_change_vs_rest,0.47692307692307695,0.2673611111111111,0.7142857142857143,0.49149110200425106,1716,1717,283
placebo,all_alfworld,all,raw,D_orientation::decision::reward,top_quartile_mean_absolute_delta,0.01984126984126984,0.0125625,0.1010965749936338,0.046454247640706,1717,1717,283
placebo,all_alfworld,all,raw,D_orientation::decision::reward,top_quartile_lift,0.507824493432903,0.25385670297786384,1.4931467857759508,0.8111435370088327,1717,1717,283
placebo,all_alfworld,all,raw,D_factor_A1::decision::reward_free,spearman,-0.014523016927795394,-0.2515101452192486,0.5153597449549653,0.11938514044234665,1717,1717,283
placebo,all_alfworld,all,raw,D_factor_A1::decision::reward_free,average_precision,0.2538451744334097,0.24856376262626262,0.7867051240902344,0.4996063456076825,1716,1717,283
placebo,all_alfworld,all,raw,D_factor_A1::decision::reward_free,auroc_large_change_vs_rest,0.35384615384615387,0.3230769230769231,0.7903163580246914,0.5566457840018532,1716,1717,283
placebo,all_alfworld,all,raw,D_factor_A1::decision::reward_free,top_quartile_mean_absolute_delta,0.022985842985842986,0.01311840804218853,0.10992460317460313,0.05211537237425452,1717,1717,283
placebo,all_alfworld,all,raw,D_factor_A1::decision::reward_free,top_quartile_lift,0.5883078131488638,0.2763433342984176,1.647344214437328,0.9107803471350905,1717,1717,283
placebo,all_alfworld,all,raw,D_orientation_A1::decision::reward_free,spearman,0.03112075055956156,-0.23265681882806383,0.528885188077094,0.13689614731967426,1717,1717,283
placebo,all_alfworld,all,raw,D_orientation_A1::decision::reward_free,average_precision,0.2800356506238859,0.2643370681605976,0.8080585951667169,0.5120145958916468,1716,1717,283
placebo,all_alfworld,all,raw,D_orientation_A1::decision::reward_free,auroc_large_change_vs_rest,0.4,0.33697916666666666,0.7931818181818182,0.5676256919426741,1716,1717,283
placebo,all_alfworld,all,raw,D_orientation_A1::decision::reward_free,top_quartile_mean_absolute_delta,0.04407867494824016,0.025,0.13237103174603174,0.06867386533556227,1717,1717,283
placebo,all_alfworld,all,raw,D_orientation_A1::decision::reward_free,top_quartile_lift,1.1281652311498962,0.5329485772131254,1.9821924334003125,1.207178946335122,1717,1717,283
placebo,all_alfworld,all,raw,D_factor::game::reward,spearman,-0.06742829287905004,-0.294680542165454,0.4473606180952448,0.07613400862924691,1717,1717,283
placebo,all_alfworld,all,raw,D_factor::game::reward,average_precision,0.30965034965034965,0.25763257575757575,0.7164555675125528,0.46460713253232033,1716,1717,283
placebo,all_alfworld,all,raw,D_factor::game::reward,auroc_large_change_vs_rest,0.5230769230769231,0.2962962962962963,0.7503858024691358,0.5219778765284016,1716,1717,283
placebo,all_alfworld,all,raw,D_factor::game::reward,top_quartile_mean_absolute_delta,0.03325499412455934,0.021807800751879703,0.1153264591767881,0.06021922008392601,1717,1717,283
placebo,all_alfworld,all,raw,D_factor::game::reward,top_quartile_lift,0.8511401074890932,0.4694577106289927,1.767729725523679,1.0634941710276127,1717,1717,283
placebo,all_alfworld,all,raw,D_orientation::game::reward,spearman,-0.03734490067147387,-0.2753703684834309,0.4575394169253812,0.09114868315349327,1717,1717,283
placebo,all_alfworld,all,raw,D_orientation::game::reward,average_precision,0.3263170163170163,0.27499427655677655,0.7262480615789438,0.47584519294664956,1716,1717,283
placebo,all_alfworld,all,raw,D_orientation::game::reward,auroc_large_change_vs_rest,0.5384615384615384,0.3,0.7626736111111111,0.5306007712936875,1716,1717,283
placebo,all_alfworld,all,raw,D_orientation::game::reward,top_quartile_mean_absolute_delta,0.03325499412455934,0.021807800751879703,0.1153264591767881,0.06021922008392601,1717,1717,283
placebo,all_alfworld,all,raw,D_orientation::game::reward,top_quartile_lift,0.8511401074890932,0.4694577106289927,1.767729725523679,1.0634941710276127,1717,1717,283
placebo,all_alfworld,all,raw,D_factor_A1::game::reward_free,spearman,0.14315545257398316,-0.22531620972133828,0.5548386154686227,0.15773999567945665,1717,1717,283
placebo,all_alfworld,all,raw,D_factor_A1::game::reward_free,average_precision,0.2975,0.2595219017094017,0.8071741452991452,0.5082704609766604,1716,1717,283
placebo,all_alfworld,all,raw,D_factor_A1::game::reward_free,auroc_large_change_vs_rest,0.46153846153846156,0.3384615384615385,0.8051948051948052,0.5745482028301028,1716,1717,283
placebo,all_alfworld,all,raw,D_factor_A1::game::reward_free,top_quartile_mean_absolute_delta,0.031190476190476185,0.01635227272727273,0.11776984126984125,0.05797605867805686,1717,1717,283
placebo,all_alfworld,all,raw,D_factor_A1::game::reward_free,top_quartile_lift,0.7983001036765236,0.3429763093113266,1.732126319599466,1.0094267503736873,1717,1717,283
placebo,all_alfworld,all,raw,D_orientation_A1::game::reward_free,spearman,0.17116412807758857,-0.21199631692072868,0.5492719633715104,0.16229209597322106,1717,1717,283
placebo,all_alfworld,all,raw,D_orientation_A1::game::reward_free,average_precision,0.29297619047619045,0.2596707112332112,0.8070049630746746,0.5076398397106091,1716,1717,283
placebo,all_alfworld,all,raw,D_orientation_A1::game::reward_free,auroc_large_change_vs_rest,0.46153846153846156,0.34612713675213674,0.8051948051948052,0.5764212618152897,1716,1717,283
placebo,all_alfworld,all,raw,D_orientation_A1::game::reward_free,top_quartile_mean_absolute_delta,0.031190476190476185,0.01635227272727273,0.11776984126984125,0.05797605867805686,1717,1717,283
placebo,all_alfworld,all,raw,D_orientation_A1::game::reward_free,top_quartile_lift,0.7983001036765236,0.3429763093113266,1.732126319599466,1.0094267503736873,1717,1717,283
placebo,all_alfworld,all,absolute_readout,D_original::token::reward,spearman,0.5570614350161519,-0.20655847239956418,0.5905970513270676,0.19623121896589507,1717,1717,283
placebo,all_alfworld,all,absolute_readout,D_original::token::reward,average_precision,0.5833333333333333,0.30755208333333334,0.8552037777037778,0.5585076820461837,1716,1717,283
placebo,all_alfworld,all,absolute_readout,D_original::token::reward,auroc_large_change_vs_rest,0.7692307692307693,0.35344655344655346,0.8400366512345678,0.6010751495603552,1716,1717,283
placebo,all_alfworld,all,absolute_readout,D_original::token::reward,top_quartile_mean_absolute_delta,0.05820317891649414,0.03140539969624369,0.11822606084175957,0.0704046955769519,1717,1717,283
placebo,all_alfworld,all,absolute_readout,D_original::token::reward,top_quartile_lift,1.4896727924124444,0.6103228801839754,1.985330993138452,1.2587533959138717,1717,1717,283
placebo,all_alfworld,all,absolute_readout,D_original::token::unsigned,spearman,0.1545663944458224,-0.46827596405661137,0.3555166268890325,-0.0462704838294815,1717,1717,283
placebo,all_alfworld,all,absolute_readout,D_original::token::unsigned,average_precision,0.39880952380952384,0.22177874209124207,0.7692777852934103,0.4697150242488912,1716,1717,283
placebo,all_alfworld,all,absolute_readout,D_original::token::unsigned,auroc_large_change_vs_rest,0.5692307692307692,0.23376623376623376,0.7288635361552028,0.48237526982956386,1716,1717,283
placebo,all_alfworld,all,absolute_readout,D_original::token::unsigned,top_quartile_mean_absolute_delta,0.03308554292929293,0.016766339095556634,0.08658577137876403,0.04796398773798113,1717,1717,283
placebo,all_alfworld,all,absolute_readout,D_original::token::unsigned,top_quartile_lift,0.8468031135322459,0.34745694968141316,1.469578392027673,0.853932042469586,1717,1717,283
placebo,all_alfworld,all,absolute_readout,D_centered_gate::token::reward,spearman,0.5570614350161519,-0.20655847239956418,0.5905970513270676,0.19623121896589507,1717,1717,283
placebo,all_alfworld,all,absolute_readout,D_centered_gate::token::reward,average_precision,0.5833333333333333,0.30755208333333334,0.8552037777037778,0.5585076820461837,1716,1717,283
placebo,all_alfworld,all,absolute_readout,D_centered_gate::token::reward,auroc_large_change_vs_rest,0.7692307692307693,0.35344655344655346,0.8400366512345678,0.6010751495603552,1716,1717,283
placebo,all_alfworld,all,absolute_readout,D_centered_gate::token::reward,top_quartile_mean_absolute_delta,0.05820317891649414,0.03140539969624369,0.11822606084175957,0.0704046955769519,1717,1717,283
placebo,all_alfworld,all,absolute_readout,D_centered_gate::token::reward,top_quartile_lift,1.4896727924124444,0.6103228801839754,1.985330993138452,1.2587533959138717,1717,1717,283
placebo,all_alfworld,all,absolute_readout,D_centered_gate::token::unsigned,spearman,0.1545663944458224,-0.46827596405661137,0.3555166268890325,-0.0462704838294815,1717,1717,283
placebo,all_alfworld,all,absolute_readout,D_centered_gate::token::unsigned,average_precision,0.39880952380952384,0.22177874209124207,0.7692777852934103,0.4697150242488912,1716,1717,283
placebo,all_alfworld,all,absolute_readout,D_centered_gate::token::unsigned,auroc_large_change_vs_rest,0.5692307692307692,0.23376623376623376,0.7288635361552028,0.48237526982956386,1716,1717,283
placebo,all_alfworld,all,absolute_readout,D_centered_gate::token::unsigned,top_quartile_mean_absolute_delta,0.03308554292929293,0.016766339095556634,0.08658577137876403,0.04796398773798113,1717,1717,283
placebo,all_alfworld,all,absolute_readout,D_centered_gate::token::unsigned,top_quartile_lift,0.8468031135322459,0.34745694968141316,1.469578392027673,0.853932042469586,1717,1717,283
placebo,all_alfworld,all,absolute_readout,D_ungated::token::reward,spearman,0.2624516630523025,-0.21329597342687856,0.5261260754553059,0.15816123809954477,1717,1717,283
placebo,all_alfworld,all,absolute_readout,D_ungated::token::reward,average_precision,0.4573717948717949,0.30351934917323575,0.8483367327117326,0.5427771156595281,1716,1717,283
placebo,all_alfworld,all,absolute_readout,D_ungated::token::reward,auroc_large_change_vs_rest,0.6153846153846154,0.345679012345679,0.8064236111111112,0.5773210103820363,1716,1717,283
placebo,all_alfworld,all,absolute_readout,D_ungated::token::reward,top_quartile_mean_absolute_delta,0.05412800999757521,0.02959723543047341,0.1206999506677365,0.06991784566437652,1717,1717,283
placebo,all_alfworld,all,absolute_readout,D_ungated::token::reward,top_quartile_lift,1.3853714745805072,0.5684683212384124,2.019363688087346,1.2470941244464457,1717,1717,283
placebo,all_alfworld,all,absolute_readout,D_ungated::token::unsigned,spearman,0.10684791025449468,-0.2947402026086803,0.463218341080714,0.08742214616548251,1717,1717,283
placebo,all_alfworld,all,absolute_readout,D_ungated::token::unsigned,average_precision,0.3491666666666666,0.23125263047138048,0.8260681216931217,0.5100562577736067,1716,1717,283
placebo,all_alfworld,all,absolute_readout,D_ungated::token::unsigned,auroc_large_change_vs_rest,0.49230769230769234,0.2875,0.7878279320987654,0.538581690525835,1716,1717,283
placebo,all_alfworld,all,absolute_readout,D_ungated::token::unsigned,top_quartile_mean_absolute_delta,0.03234370734370734,0.021468241713628468,0.10331889155530456,0.05680949676427312,1717,1717,283
placebo,all_alfworld,all,absolute_readout,D_ungated::token::unsigned,top_quartile_lift,0.8278163105970365,0.4531074026686574,1.6434155506412935,1.0047255440999106,1717,1717,283
placebo,all_alfworld,all,absolute_readout,D_signed::token::reward,spearman,0.04253169243140079,-0.45599085115016746,0.34405711892787993,-0.038215949544163824,1717,1717,283
placebo,all_alfworld,all,absolute_readout,D_signed::token::reward,average_precision,0.33497737556561086,0.2387892785319256,0.6696624987631775,0.46601386356667357,1716,1717,283
placebo,all_alfworld,all,absolute_readout,D_signed::token::reward,auroc_large_change_vs_rest,0.4153846153846154,0.25,0.7402597402597403,0.4894942864650547,1716,1717,283
placebo,all_alfworld,all,absolute_readout,D_signed::token::reward,top_quartile_mean_absolute_delta,0.0655072463768116,0.026317279942279944,0.1314474789915966,0.07229681905213566,1717,1717,283
placebo,all_alfworld,all,absolute_readout,D_signed::token::reward,top_quartile_lift,1.676615684057432,0.5873714886099419,1.9620021898997555,1.2653638195578032,1717,1717,283
placebo,all_alfworld,all,absolute_readout,D_signed::token::unsigned,spearman,0.10269847684655314,-0.4371200538142784,0.37416747541714807,-0.005777012821820911,1717,1717,283
placebo,all_alfworld,all,absolute_readout,D_signed::token::unsigned,average_precision,0.3958333333333333,0.23140952797202796,0.7258115842490841,0.46895170558709737,1716,1717,283
placebo,all_alfworld,all,absolute_readout,D_signed::token::unsigned,auroc_large_change_vs_rest,0.6,0.2637152777777778,0.7384615384615385,0.50355309769674,1716,1717,283
placebo,all_alfworld,all,absolute_readout,D_signed::token::unsigned,top_quartile_mean_absolute_delta,0.04428571428571428,0.01455357142857143,0.11462499999999996,0.05483619233870939,1717,1717,283
placebo,all_alfworld,all,absolute_readout,D_signed::token::unsigned,top_quartile_lift,1.1334642693422396,0.32254616378441525,1.6580968109306702,0.9516600822928284,1717,1717,283
placebo,all_alfworld,all,absolute_readout,D_signed_gate::token::reward,spearman,-0.06950300958302082,-0.37864094334707665,0.38623687855420497,-0.0031942437886418695,1717,1717,283
placebo,all_alfworld,all,absolute_readout,D_signed_gate::token::reward,average_precision,0.26403846153846156,0.23150836296056887,0.7654635295260295,0.46912986265404966,1716,1717,283
placebo,all_alfworld,all,absolute_readout,D_signed_gate::token::reward,auroc_large_change_vs_rest,0.38461538461538464,0.2637152777777778,0.7402597402597403,0.5031548662833942,1716,1717,283
placebo,all_alfworld,all,absolute_readout,D_signed_gate::token::reward,top_quartile_mean_absolute_delta,0.03833333333333333,0.016666666666666666,0.13033333333333327,0.06401118474098776,1717,1717,283
placebo,all_alfworld,all,absolute_readout,D_signed_gate::token::reward,top_quartile_lift,0.9811169213123687,0.3811264721263851,1.8625130322814636,1.1039934727900325,1717,1717,283
placebo,all_alfworld,all,absolute_readout,D_signed_gate::token::unsigned,spearman,0.2738626049241417,-0.1862459320163724,0.6244722132686814,0.23884764517294899,1717,1717,283
placebo,all_alfworld,all,absolute_readout,D_signed_gate::token::unsigned,average_precision,0.4826143790849673,0.29362745098039217,0.8972222222222221,0.6220441803236149,1716,1717,283
placebo,all_alfworld,all,absolute_readout,D_signed_gate::token::unsigned,auroc_large_change_vs_rest,0.5076923076923077,0.35384615384615387,0.8751929012345679,0.6200129753549272,1716,1717,283
placebo,all_alfworld,all,absolute_readout,D_signed_gate::token::unsigned,top_quartile_mean_absolute_delta,0.06658832745789268,0.03757343514328808,0.1596087398373983,0.09018697627968064,1717,1717,283
placebo,all_alfworld,all,absolute_readout,D_signed_gate::token::unsigned,top_quartile_lift,1.7042852564563709,0.8674284755115911,2.289236385890679,1.5746498031150333,1717,1717,283
placebo,all_alfworld,all,absolute_readout,D_sign_balance::token::reward,spearman,0.018672450335736935,-0.3943106828072502,0.33132074930975786,-0.025239402536633523,1717,1717,283
placebo,all_alfworld,all,absolute_readout,D_sign_balance::token::reward,average_precision,0.3163095238095238,0.24994909502262444,0.67312237394958,0.4688171777283421,1716,1717,283
placebo,all_alfworld,all,absolute_readout,D_sign_balance::token::reward,auroc_large_change_vs_rest,0.46153846153846156,0.2706404320987654,0.7626736111111111,0.510963386779666,1716,1717,283
placebo,all_alfworld,all,absolute_readout,D_sign_balance::token::reward,top_quartile_mean_absolute_delta,0.0655072463768116,0.026317279942279944,0.1314474789915966,0.07229681905213566,1717,1717,283
placebo,all_alfworld,all,absolute_readout,D_sign_balance::token::reward,top_quartile_lift,1.676615684057432,0.5873714886099419,1.9620021898997555,1.2653638195578032,1717,1717,283
placebo,all_alfworld,all,absolute_readout,D_sign_balance::token::unsigned,spearman,0.03630754231948848,-0.39330853638196506,0.3439774374019508,-0.020787047118645055,1717,1717,283
placebo,all_alfworld,all,absolute_readout,D_sign_balance::token::unsigned,average_precision,0.4986813186813187,0.23352187028657617,0.7431409812613856,0.4989656326849779,1716,1717,283
placebo,all_alfworld,all,absolute_readout,D_sign_balance::token::unsigned,auroc_large_change_vs_rest,0.6153846153846154,0.2716049382716049,0.7375,0.501416722613918,1716,1717,283
placebo,all_alfworld,all,absolute_readout,D_sign_balance::token::unsigned,top_quartile_mean_absolute_delta,0.04428571428571428,0.01455357142857143,0.11462499999999996,0.05483619233870939,1717,1717,283
placebo,all_alfworld,all,absolute_readout,D_sign_balance::token::unsigned,top_quartile_lift,1.1334642693422396,0.32254616378441525,1.6580968109306702,0.9516600822928284,1717,1717,283
placebo,all_alfworld,all,absolute_readout,D_negative_fraction::token::reward,spearman,0.29253505525987866,-0.2070395412454965,0.537077395177177,0.16716784943036306,1717,1717,283
placebo,all_alfworld,all,absolute_readout,D_negative_fraction::token::reward,average_precision,0.48666666666666664,0.3070893608025961,0.8425218402240462,0.5441315319118057,1716,1717,283
placebo,all_alfworld,all,absolute_readout,D_negative_fraction::token::reward,auroc_large_change_vs_rest,0.7076923076923077,0.34965277777777776,0.825,0.5857420512237203,1716,1717,283
placebo,all_alfworld,all,absolute_readout,D_negative_fraction::token::reward,top_quartile_mean_absolute_delta,0.0613777820910973,0.030393472906403943,0.12025768849206349,0.07198866837879252,1717,1717,283
placebo,all_alfworld,all,absolute_readout,D_negative_fraction::token::reward,top_quartile_lift,1.5709247113617086,0.6226349736634446,1.9610167829526792,1.2818017312690124,1717,1717,283
placebo,all_alfworld,all,absolute_readout,D_negative_fraction::token::unsigned,spearman,0.060166784415152344,-0.2500001334011723,0.5317306444350468,0.14440324173871746,1717,1717,283
placebo,all_alfworld,all,absolute_readout,D_negative_fraction::token::unsigned,average_precision,0.44308608058608057,0.2525747863247863,0.8388607919857919,0.5262716790599186,1716,1717,283
placebo,all_alfworld,all,absolute_readout,D_negative_fraction::token::unsigned,auroc_large_change_vs_rest,0.6,0.3055555555555556,0.8194444444444444,0.5668600774597821,1716,1717,283
placebo,all_alfworld,all,absolute_readout,D_negative_fraction::token::unsigned,top_quartile_mean_absolute_delta,0.02734844219219219,0.019748957482679595,0.11085752990260654,0.056412005094723265,1717,1717,283
placebo,all_alfworld,all,absolute_readout,D_negative_fraction::token::unsigned,top_quartile_lift,0.6999657236424233,0.39782181557497176,1.7452226369282113,0.9965440752371415,1717,1717,283
placebo,all_alfworld,all,absolute_readout,D_adv::token::reward,spearman,0.2593395879963463,-0.32570635778056223,0.5216583176365824,0.12380555948010828,1717,1717,283
placebo,all_alfworld,all,absolute_readout,D_adv::token::reward,average_precision,0.5171428571428571,0.23887429971988797,0.843681129476584,0.5455536592570115,1716,1717,283
placebo,all_alfworld,all,absolute_readout,D_adv::token::reward,auroc_large_change_vs_rest,0.6615384615384615,0.2777777777777778,0.7922077922077922,0.5474714485600352,1716,1717,283
placebo,all_alfworld,all,absolute_readout,D_adv::token::reward,top_quartile_mean_absolute_delta,0.05397497982243745,0.026219010016641064,0.13764973228721297,0.0724890072595238,1717,1717,283
placebo,all_alfworld,all,absolute_readout,D_adv::token::reward,top_quartile_lift,1.3814547660335754,0.5620396162553222,2.0001051655202144,1.2656815808373858,1717,1717,283
placebo,all_alfworld,all,absolute_readout,D_adv::token::unsigned,spearman,0.10269847684655314,-0.4371200538142784,0.37416747541714807,-0.005777012821820911,1717,1717,283
placebo,all_alfworld,all,absolute_readout,D_adv::token::unsigned,average_precision,0.3958333333333333,0.23140952797202796,0.7258115842490841,0.46895170558709737,1716,1717,283
placebo,all_alfworld,all,absolute_readout,D_adv::token::unsigned,auroc_large_change_vs_rest,0.6,0.2637152777777778,0.7384615384615385,0.50355309769674,1716,1717,283
placebo,all_alfworld,all,absolute_readout,D_adv::token::unsigned,top_quartile_mean_absolute_delta,0.04428571428571428,0.01455357142857143,0.11462499999999996,0.05483619233870939,1717,1717,283
placebo,all_alfworld,all,absolute_readout,D_adv::token::unsigned,top_quartile_lift,1.1334642693422396,0.32254616378441525,1.6580968109306702,0.9516600822928284,1717,1717,283
placebo,all_alfworld,all,absolute_readout,D_adv_gate::token::reward,spearman,0.11514677707037776,-0.2781053613697484,0.45600550122574657,0.09563062438150884,1717,1717,283
placebo,all_alfworld,all,absolute_readout,D_adv_gate::token::reward,average_precision,0.369281045751634,0.26022380907491205,0.835966018594695,0.5364063916430205,1716,1717,283
placebo,all_alfworld,all,absolute_readout,D_adv_gate::token::reward,auroc_large_change_vs_rest,0.46153846153846156,0.2638888888888889,0.7792207792207793,0.5318912982682321,1716,1717,283
placebo,all_alfworld,all,absolute_readout,D_adv_gate::token::reward,top_quartile_mean_absolute_delta,0.058974979822437455,0.024284852402499463,0.1340941473104948,0.06991946837657727,1717,1717,283
placebo,all_alfworld,all,absolute_readout,D_adv_gate::token::reward,top_quartile_lift,1.5094265383786671,0.5273291678098516,1.9605445044855112,1.219180349043176,1717,1717,283
placebo,all_alfworld,all,absolute_readout,D_adv_gate::token::unsigned,spearman,0.2738626049241417,-0.1862459320163724,0.6244722132686814,0.23884764517294899,1717,1717,283
placebo,all_alfworld,all,absolute_readout,D_adv_gate::token::unsigned,average_precision,0.4826143790849673,0.29362745098039217,0.8972222222222221,0.6220441803236149,1716,1717,283
placebo,all_alfworld,all,absolute_readout,D_adv_gate::token::unsigned,auroc_large_change_vs_rest,0.5076923076923077,0.35384615384615387,0.8751929012345679,0.6200129753549272,1716,1717,283
placebo,all_alfworld,all,absolute_readout,D_adv_gate::token::unsigned,top_quartile_mean_absolute_delta,0.06658832745789268,0.03757343514328808,0.1596087398373983,0.09018697627968064,1717,1717,283
placebo,all_alfworld,all,absolute_readout,D_adv_gate::token::unsigned,top_quartile_lift,1.7042852564563709,0.8674284755115911,2.289236385890679,1.5746498031150333,1717,1717,283
placebo,all_alfworld,all,absolute_readout,D_sqrtadv::token::reward,spearman,0.3962708904584172,-0.3609295175407272,0.5147293007987622,0.10379686447603927,1717,1717,283
placebo,all_alfworld,all,absolute_readout,D_sqrtadv::token::reward,average_precision,0.46571428571428564,0.27560657989885934,0.8271941584608697,0.5629467636908239,1716,1717,283
placebo,all_alfworld,all,absolute_readout,D_sqrtadv::token::reward,auroc_large_change_vs_rest,0.6615384615384615,0.2987012987012987,0.8181818181818182,0.555863448861015,1716,1717,283
placebo,all_alfworld,all,absolute_readout,D_sqrtadv::token::reward,top_quartile_mean_absolute_delta,0.058974979822437455,0.024284852402499463,0.1340941473104948,0.06991946837657727,1717,1717,283
placebo,all_alfworld,all,absolute_readout,D_sqrtadv::token::reward,top_quartile_lift,1.5094265383786671,0.5273291678098516,1.9605445044855112,1.219180349043176,1717,1717,283
placebo,all_alfworld,all,absolute_readout,D_sqrtadv::token::unsigned,spearman,0.10269847684655314,-0.4371200538142784,0.37416747541714807,-0.005777012821820911,1717,1717,283
placebo,all_alfworld,all,absolute_readout,D_sqrtadv::token::unsigned,average_precision,0.3958333333333333,0.23140952797202796,0.7258115842490841,0.46895170558709737,1716,1717,283
placebo,all_alfworld,all,absolute_readout,D_sqrtadv::token::unsigned,auroc_large_change_vs_rest,0.6,0.2637152777777778,0.7384615384615385,0.50355309769674,1716,1717,283
placebo,all_alfworld,all,absolute_readout,D_sqrtadv::token::unsigned,top_quartile_mean_absolute_delta,0.04428571428571428,0.01455357142857143,0.11462499999999996,0.05483619233870939,1717,1717,283
placebo,all_alfworld,all,absolute_readout,D_sqrtadv::token::unsigned,top_quartile_lift,1.1334642693422396,0.32254616378441525,1.6580968109306702,0.9516600822928284,1717,1717,283
placebo,all_alfworld,all,absolute_readout,D_work::token::reward,spearman,0.2603769463483317,-0.216071313844837,0.5094289315406972,0.1615878259782556,1717,1717,283
placebo,all_alfworld,all,absolute_readout,D_work::token::reward,average_precision,0.5115508021390374,0.2635014036208889,0.8565498380296174,0.5793430926735185,1716,1717,283
placebo,all_alfworld,all,absolute_readout,D_work::token::reward,auroc_large_change_vs_rest,0.6153846153846154,0.3230769230769231,0.7917343073593073,0.5698432728790036,1716,1717,283
placebo,all_alfworld,all,absolute_readout,D_work::token::reward,top_quartile_mean_absolute_delta,0.05080037664783428,0.026985631692868536,0.1314291258169934,0.07090503445768319,1717,1717,283
placebo,all_alfworld,all,absolute_readout,D_work::token::reward,top_quartile_lift,1.300202847084311,0.5791703942698456,1.968505668152708,1.242633245482245,1717,1717,283
placebo,all_alfworld,all,absolute_readout,D_work::token::unsigned,spearman,-0.04875584254331311,-0.37910111304270916,0.37373433884507107,0.0062985385335286095,1717,1717,283
placebo,all_alfworld,all,absolute_readout,D_work::token::unsigned,average_precision,0.27003565062388596,0.24915849673202614,0.697817234848485,0.4709038338142517,1716,1717,283
placebo,all_alfworld,all,absolute_readout,D_work::token::unsigned,auroc_large_change_vs_rest,0.38461538461538464,0.2979020979020979,0.7538461538461538,0.5231222676969741,1716,1717,283
placebo,all_alfworld,all,absolute_readout,D_work::token::unsigned,top_quartile_mean_absolute_delta,0.04158832745789267,0.022964803312629404,0.12686803405572755,0.06412585893990817,1717,1717,283
placebo,all_alfworld,all,absolute_readout,D_work::token::unsigned,top_quartile_lift,1.0644263947309125,0.48987627262279987,1.9174984768985077,1.1280722555263318,1717,1717,283
placebo,all_alfworld,all,absolute_readout,D_work_gate::token::reward,spearman,0.533202192920488,-0.11699674097281927,0.6933169525289401,0.31918161454102245,1717,1717,283
placebo,all_alfworld,all,absolute_readout,D_work_gate::token::reward,average_precision,0.5597979797979798,0.295139003153709,0.8858451679824701,0.6110190279348718,1716,1717,283
placebo,all_alfworld,all,absolute_readout,D_work_gate::token::reward,auroc_large_change_vs_rest,0.7384615384615385,0.3764204545454546,0.8707386363636364,0.6417829374020957,1716,1717,283
placebo,all_alfworld,all,absolute_readout,D_work_gate::token::reward,top_quartile_mean_absolute_delta,0.05397497982243745,0.026219010016641064,0.13764973228721297,0.0724890072595238,1717,1717,283
placebo,all_alfworld,all,absolute_readout,D_work_gate::token::reward,top_quartile_lift,1.3814547660335754,0.5620396162553222,2.0001051655202144,1.2656815808373858,1717,1717,283
placebo,all_alfworld,all,absolute_readout,D_work_gate::token::unsigned,spearman,0.2168078955649455,-0.3601106940463064,0.4293924623758397,0.053340032773279755,1717,1717,283
placebo,all_alfworld,all,absolute_readout,D_work_gate::token::unsigned,average_precision,0.3041791541791542,0.23225148013750957,0.7432509342718618,0.4971865758721132,1716,1717,283
placebo,all_alfworld,all,absolute_readout,D_work_gate::token::unsigned,auroc_large_change_vs_rest,0.49230769230769234,0.2747159090909091,0.7654320987654321,0.5231389668908951,1716,1717,283
placebo,all_alfworld,all,absolute_readout,D_work_gate::token::unsigned,top_quartile_mean_absolute_delta,0.025525525525525523,0.015037906053894427,0.09161262967512962,0.04736735689347027,1717,1717,283
placebo,all_alfworld,all,absolute_readout,D_work_gate::token::unsigned,top_quartile_lift,0.6533093483082753,0.30169843044312733,1.5124162884703898,0.8380515933102362,1717,1717,283
placebo,all_alfworld,all,absolute_readout,D_cos_raw::token::reward,spearman,-0.16701469466964702,-0.46948300954019456,0.28852181668723564,-0.09658113692506096,1717,1717,283
placebo,all_alfworld,all,absolute_readout,D_cos_raw::token::reward,average_precision,0.2950793650793651,0.2421670751633987,0.7025290223986749,0.45642407227980514,1716,1717,283
placebo,all_alfworld,all,absolute_readout,D_cos_raw::token::reward,auroc_large_change_vs_rest,0.36923076923076925,0.24675324675324675,0.7361111111111112,0.47874165061786467,1716,1717,283
placebo,all_alfworld,all,absolute_readout,D_cos_raw::token::reward,top_quartile_mean_absolute_delta,0.05717391304347826,0.02259325396825397,0.13387439446908297,0.07001072158330668,1717,1717,283
placebo,all_alfworld,all,absolute_readout,D_cos_raw::token::reward,top_quartile_lift,1.4633293968156125,0.5320273181567683,1.953367686459827,1.2186324091537835,1717,1717,283
placebo,all_alfworld,all,absolute_readout,D_cos_raw::token::unsigned,spearman,-0.08713810156677236,-0.40976330996466065,0.31815836687701204,-0.05216447149952614,1717,1717,283
placebo,all_alfworld,all,absolute_readout,D_cos_raw::token::unsigned,average_precision,0.3663095238095238,0.23465336746586746,0.7123874371187718,0.4572381623171851,1716,1717,283
placebo,all_alfworld,all,absolute_readout,D_cos_raw::token::unsigned,auroc_large_change_vs_rest,0.5538461538461539,0.2747159090909091,0.7336805555555556,0.49868286862914984,1716,1717,283
placebo,all_alfworld,all,absolute_readout,D_cos_raw::token::unsigned,top_quartile_mean_absolute_delta,0.04428571428571428,0.01455357142857143,0.11462499999999996,0.05483619233870939,1717,1717,283
placebo,all_alfworld,all,absolute_readout,D_cos_raw::token::unsigned,top_quartile_lift,1.1334642693422396,0.32254616378441525,1.6580968109306702,0.9516600822928284,1717,1717,283
placebo,all_alfworld,all,absolute_readout,D_cos_centered::token::reward,spearman,-0.029046033855590788,-0.4213660701963027,0.3093145679172541,-0.04807172825242089,1717,1717,283
placebo,all_alfworld,all,absolute_readout,D_cos_centered::token::reward,average_precision,0.3284126984126984,0.23988275613275617,0.6637594321188072,0.46274118041635437,1716,1717,283
placebo,all_alfworld,all,absolute_readout,D_cos_centered::token::reward,auroc_large_change_vs_rest,0.38461538461538464,0.2597402597402597,0.7402597402597403,0.4919465588657507,1716,1717,283
placebo,all_alfworld,all,absolute_readout,D_cos_centered::token::reward,top_quartile_mean_absolute_delta,0.0655072463768116,0.026317279942279944,0.1314474789915966,0.07229681905213566,1717,1717,283
placebo,all_alfworld,all,absolute_readout,D_cos_centered::token::reward,top_quartile_lift,1.676615684057432,0.5873714886099419,1.9620021898997555,1.2653638195578032,1717,1717,283
placebo,all_alfworld,all,absolute_readout,D_cos_centered::token::unsigned,spearman,0.126557718942217,-0.37009953093716447,0.3861703856075906,0.029718895240749957,1717,1717,283
placebo,all_alfworld,all,absolute_readout,D_cos_centered::token::unsigned,average_precision,0.5491666666666666,0.24074884215049652,0.7359563179875681,0.5139289928697665,1716,1717,283
placebo,all_alfworld,all,absolute_readout,D_cos_centered::token::unsigned,auroc_large_change_vs_rest,0.6461538461538462,0.2916666666666667,0.7530864197530864,0.5269240075707606,1716,1717,283
placebo,all_alfworld,all,absolute_readout,D_cos_centered::token::unsigned,top_quartile_mean_absolute_delta,0.06645962732919256,0.029739372469635626,0.13854166666666665,0.07748810403018298,1717,1717,283
placebo,all_alfworld,all,absolute_readout,D_cos_centered::token::unsigned,top_quartile_lift,1.7009912597422114,0.6665532806883312,2.0606283381759902,1.3584381629524496,1717,1717,283
placebo,all_alfworld,all,absolute_readout,D_cos_centered_gate::token::reward,spearman,-0.06431621782309388,-0.385766761781061,0.37671362015586934,-0.0029889035052809636,1717,1717,283
placebo,all_alfworld,all,absolute_readout,D_cos_centered_gate::token::reward,average_precision,0.29264069264069265,0.24134065485168427,0.760884589143279,0.471471633441395,1716,1717,283
placebo,all_alfworld,all,absolute_readout,D_cos_centered_gate::token::reward,auroc_large_change_vs_rest,0.47692307692307695,0.283179012345679,0.7533216783216783,0.5152036685524848,1716,1717,283
placebo,all_alfworld,all,absolute_readout,D_cos_centered_gate::token::reward,top_quartile_mean_absolute_delta,0.03833333333333333,0.016666666666666666,0.13033333333333327,0.06401118474098776,1717,1717,283
placebo,all_alfworld,all,absolute_readout,D_cos_centered_gate::token::reward,top_quartile_lift,0.9811169213123687,0.3811264721263851,1.8625130322814636,1.1039934727900325,1717,1717,283
placebo,all_alfworld,all,absolute_readout,D_cos_centered_gate::token::unsigned,spearman,0.3672248566028264,-0.14070736801406447,0.6419678550683119,0.27024181842441736,1717,1717,283
placebo,all_alfworld,all,absolute_readout,D_cos_centered_gate::token::unsigned,average_precision,0.6203619909502261,0.3484336945734004,0.8999076903488668,0.6592718372914544,1716,1717,283
placebo,all_alfworld,all,absolute_readout,D_cos_centered_gate::token::unsigned,auroc_large_change_vs_rest,0.6307692307692307,0.38461538461538464,0.8888888888888888,0.6449575559262644,1716,1717,283
placebo,all_alfworld,all,absolute_readout,D_cos_centered_gate::token::unsigned,top_quartile_mean_absolute_delta,0.06658832745789268,0.03757343514328808,0.1596087398373983,0.09018697627968064,1717,1717,283
placebo,all_alfworld,all,absolute_readout,D_cos_centered_gate::token::unsigned,top_quartile_lift,1.7042852564563709,0.8674284755115911,2.289236385890679,1.5746498031150333,1717,1717,283
placebo,all_alfworld,all,absolute_readout,D_cos_adv::token::reward,spearman,0.26971317151620017,-0.2711416475489948,0.5167538449585252,0.1418330001678122,1717,1717,283
placebo,all_alfworld,all,absolute_readout,D_cos_adv::token::reward,average_precision,0.6466666666666667,0.25992788461538463,0.8441242232372745,0.5848908392804524,1716,1717,283
placebo,all_alfworld,all,absolute_readout,D_cos_adv::token::reward,auroc_large_change_vs_rest,0.7076923076923077,0.2987012987012987,0.805239898989899,0.5595152672804188,1716,1717,283
placebo,all_alfworld,all,absolute_readout,D_cos_adv::token::reward,top_quartile_mean_absolute_delta,0.05397497982243745,0.026219010016641064,0.13764973228721297,0.0724890072595238,1717,1717,283
placebo,all_alfworld,all,absolute_readout,D_cos_adv::token::reward,top_quartile_lift,1.3814547660335754,0.5620396162553222,2.0001051655202144,1.2656815808373858,1717,1717,283
placebo,all_alfworld,all,absolute_readout,D_cos_adv::token::unsigned,spearman,0.126557718942217,-0.37009953093716447,0.3861703856075906,0.029718895240749957,1717,1717,283
placebo,all_alfworld,all,absolute_readout,D_cos_adv::token::unsigned,average_precision,0.5491666666666666,0.24074884215049652,0.7359563179875681,0.5139289928697665,1716,1717,283
placebo,all_alfworld,all,absolute_readout,D_cos_adv::token::unsigned,auroc_large_change_vs_rest,0.6461538461538462,0.2916666666666667,0.7530864197530864,0.5269240075707606,1716,1717,283
placebo,all_alfworld,all,absolute_readout,D_cos_adv::token::unsigned,top_quartile_mean_absolute_delta,0.06645962732919256,0.029739372469635626,0.13854166666666665,0.07748810403018298,1717,1717,283
placebo,all_alfworld,all,absolute_readout,D_cos_adv::token::unsigned,top_quartile_lift,1.7009912597422114,0.6665532806883312,2.0606283381759902,1.3584381629524496,1717,1717,283
placebo,all_alfworld,all,absolute_readout,D_cos_negative::token::reward,spearman,0.3464776895631187,-0.14723277397919626,0.6016217386378521,0.2179658800793919,1717,1717,283
placebo,all_alfworld,all,absolute_readout,D_cos_negative::token::reward,average_precision,0.5666666666666667,0.335443722943723,0.8607785270285269,0.6038159640112486,1716,1717,283
placebo,all_alfworld,all,absolute_readout,D_cos_negative::token::reward,auroc_large_change_vs_rest,0.6923076923076923,0.375,0.8333333333333334,0.6124541912491402,1716,1717,283
placebo,all_alfworld,all,absolute_readout,D_cos_negative::token::reward,top_quartile_mean_absolute_delta,0.05820317891649414,0.03140539969624369,0.11822606084175957,0.0704046955769519,1717,1717,283
placebo,all_alfworld,all,absolute_readout,D_cos_negative::token::reward,top_quartile_lift,1.4896727924124444,0.6103228801839754,1.985330993138452,1.2587533959138717,1717,1717,283
placebo,all_alfworld,all,absolute_readout,D_cos_negative::token::unsigned,spearman,0.1410807358700124,-0.2018724226653528,0.5425966194885244,0.17989451984615326,1717,1717,283
placebo,all_alfworld,all,absolute_readout,D_cos_negative::token::unsigned,average_precision,0.3708333333333333,0.25012019230769234,0.8460035624098124,0.523536783044674,1716,1717,283
placebo,all_alfworld,all,absolute_readout,D_cos_negative::token::unsigned,auroc_large_change_vs_rest,0.5538461538461539,0.33766233766233766,0.8201388888888889,0.578582653088672,1716,1717,283
placebo,all_alfworld,all,absolute_readout,D_cos_negative::token::unsigned,top_quartile_mean_absolute_delta,0.024010374010374008,0.018739222592736242,0.10818712369683628,0.05452339929544414,1717,1717,283
placebo,all_alfworld,all,absolute_readout,D_cos_negative::token::unsigned,top_quartile_lift,0.6145300233552172,0.3865134044788745,1.6891756308837347,0.9579941336958907,1717,1717,283
placebo,all_alfworld,all,absolute_readout,D_soft::token::reward,spearman,0.10269847684655314,-0.2404158918047288,0.49166148786575536,0.12595325495044046,1717,1717,283
placebo,all_alfworld,all,absolute_readout,D_soft::token::reward,average_precision,0.43232323232323233,0.2435335497835498,0.7989191017316017,0.5489360417372731,1716,1717,283
placebo,all_alfworld,all,absolute_readout,D_soft::token::reward,auroc_large_change_vs_rest,0.49230769230769234,0.3333333333333333,0.7878279320987654,0.5626252795141913,1716,1717,283
placebo,all_alfworld,all,absolute_readout,D_soft::token::reward,top_quartile_mean_absolute_delta,0.03833333333333333,0.016666666666666666,0.13033333333333327,0.06401118474098776,1717,1717,283
placebo,all_alfworld,all,absolute_readout,D_soft::token::reward,top_quartile_lift,0.9811169213123687,0.3811264721263851,1.8625130322814636,1.1039934727900325,1717,1717,283
placebo,all_alfworld,all,absolute_readout,D_soft::token::unsigned,spearman,0.2894229802039225,-0.22432529925576528,0.509184932032396,0.15148638954952984,1717,1717,283
placebo,all_alfworld,all,absolute_readout,D_soft::token::unsigned,average_precision,0.42787878787878786,0.2516019570707071,0.7970983629465771,0.5509175423568357,1716,1717,283
placebo,all_alfworld,all,absolute_readout,D_soft::token::unsigned,auroc_large_change_vs_rest,0.47692307692307695,0.3116883116883117,0.7916666666666666,0.564417336272697,1716,1717,283
placebo,all_alfworld,all,absolute_readout,D_soft::token::unsigned,top_quartile_mean_absolute_delta,0.05077034661780425,0.020700570790692062,0.12518864468864468,0.06405878207277493,1717,1717,283
placebo,all_alfworld,all,absolute_readout,D_soft::token::unsigned,top_quartile_lift,1.2994342478510073,0.45781627400181185,1.8515921617138205,1.120533945804579,1717,1717,283
placebo,all_alfworld,all,absolute_readout,D_soft_negative::token::reward,spearman,0.4190927742020956,-0.2952314350976862,0.47743382958579705,0.09600292870626269,1717,1717,283
placebo,all_alfworld,all,absolute_readout,D_soft_negative::token::reward,average_precision,0.5047222222222223,0.2988416097791098,0.8261887851731602,0.5323231947888123,1716,1717,283
placebo,all_alfworld,all,absolute_readout,D_soft_negative::token::reward,auroc_large_change_vs_rest,0.6923076923076923,0.3246753246753247,0.8037743506493507,0.5582947666153879,1716,1717,283
placebo,all_alfworld,all,absolute_readout,D_soft_negative::token::reward,top_quartile_mean_absolute_delta,0.05820317891649414,0.03140539969624369,0.11822606084175957,0.0704046955769519,1717,1717,283
placebo,all_alfworld,all,absolute_readout,D_soft_negative::token::reward,top_quartile_lift,1.4896727924124444,0.6103228801839754,1.985330993138452,1.2587533959138717,1717,1717,283
placebo,all_alfworld,all,absolute_readout,D_soft_negative::token::unsigned,spearman,0.12344564388626085,-0.4783628141903781,0.3269709881080601,-0.0674380191696957,1717,1717,283
placebo,all_alfworld,all,absolute_readout,D_soft_negative::token::unsigned,average_precision,0.36987179487179483,0.2196207264957265,0.750059603433183,0.46041034752980553,1716,1717,283
placebo,all_alfworld,all,absolute_readout,D_soft_negative::token::unsigned,auroc_large_change_vs_rest,0.5538461538461539,0.225,0.7125,0.47360623967051646,1716,1717,283
placebo,all_alfworld,all,absolute_readout,D_soft_negative::token::unsigned,top_quartile_mean_absolute_delta,0.022929292929292928,0.010444919579065922,0.07202258708272859,0.036633242067899155,1717,1717,283
placebo,all_alfworld,all,absolute_readout,D_soft_negative::token::unsigned,top_quartile_lift,0.5868604509562786,0.21643291037310425,1.1906080353115154,0.6487081501386608,1717,1717,283
placebo,all_alfworld,all,absolute_readout,D_soft_cos::token::reward,spearman,0.19917280358119396,-0.16818205850224296,0.5573924432173227,0.19371273056003535,1717,1717,283
placebo,all_alfworld,all,absolute_readout,D_soft_cos::token::reward,average_precision,0.36333333333333334,0.2620099807599808,0.8123043738977896,0.5249734282429331,1716,1717,283
placebo,all_alfworld,all,absolute_readout,D_soft_cos::token::reward,auroc_large_change_vs_rest,0.5538461538461539,0.375,0.8181818181818182,0.593330457058304,1716,1717,283
placebo,all_alfworld,all,absolute_readout,D_soft_cos::token::reward,top_quartile_mean_absolute_delta,0.03833333333333333,0.016666666666666666,0.13033333333333327,0.06401118474098776,1717,1717,283
placebo,all_alfworld,all,absolute_readout,D_soft_cos::token::reward,top_quartile_lift,0.9811169213123687,0.3811264721263851,1.8625130322814636,1.1039934727900325,1717,1717,283
placebo,all_alfworld,all,absolute_readout,D_soft_cos::token::unsigned,spearman,0.3246931641714256,-0.20880875223650033,0.5559753009528249,0.1898825380170628,1717,1717,283
placebo,all_alfworld,all,absolute_readout,D_soft_cos::token::unsigned,average_precision,0.42666666666666664,0.2663314898609016,0.8386494292744293,0.5796639865487162,1716,1717,283
placebo,all_alfworld,all,absolute_readout,D_soft_cos::token::unsigned,auroc_large_change_vs_rest,0.46153846153846156,0.3194444444444444,0.8276115859449193,0.5824803461972665,1716,1717,283
placebo,all_alfworld,all,absolute_readout,D_soft_cos::token::unsigned,top_quartile_mean_absolute_delta,0.05086602731764023,0.020973385911352328,0.12593921751882808,0.06320651491089119,1717,1717,283
placebo,all_alfworld,all,absolute_readout,D_soft_cos::token::unsigned,top_quartile_lift,1.3018831335984529,0.45857945431759867,1.8153514257017467,1.1055593579763447,1717,1717,283
placebo,all_alfworld,all,absolute_readout,D_sigmoid::token::reward,spearman,-0.17323884478155935,-0.4415022403587772,0.31203214501214904,-0.07060107932406491,1717,1717,283
placebo,all_alfworld,all,absolute_readout,D_sigmoid::token::reward,average_precision,0.2628571428571428,0.22802440614940614,0.7603835978835979,0.46924385103509364,1716,1717,283
placebo,all_alfworld,all,absolute_readout,D_sigmoid::token::reward,auroc_large_change_vs_rest,0.3230769230769231,0.23376623376623376,0.7225694444444444,0.47919841183572953,1716,1717,283
placebo,all_alfworld,all,absolute_readout,D_sigmoid::token::reward,top_quartile_mean_absolute_delta,0.03833333333333333,0.013103708791208793,0.10983676046176043,0.05221444624360861,1717,1717,283
placebo,all_alfworld,all,absolute_readout,D_sigmoid::token::reward,top_quartile_lift,0.9811169213123687,0.2932001977661007,1.6317074531706741,0.9050869706923921,1717,1717,283
placebo,all_alfworld,all,absolute_readout,D_sigmoid::token::unsigned,spearman,0.24896600447649248,-0.17956322093604665,0.5760759233444186,0.22691719197770757,1717,1717,283
placebo,all_alfworld,all,absolute_readout,D_sigmoid::token::unsigned,average_precision,0.5960317460317459,0.2962118437118437,0.8730288808413809,0.6033989752490817,1716,1717,283
placebo,all_alfworld,all,absolute_readout,D_sigmoid::token::unsigned,auroc_large_change_vs_rest,0.6153846153846154,0.35064935064935066,0.8475694444444444,0.6087118454484136,1716,1717,283
placebo,all_alfworld,all,absolute_readout,D_sigmoid::token::unsigned,top_quartile_mean_absolute_delta,0.07254070841027363,0.03754913101604278,0.15349455822281907,0.08833199978768955,1717,1717,283
placebo,all_alfworld,all,absolute_readout,D_sigmoid::token::unsigned,top_quartile_lift,1.8566326044862416,0.8020025303839067,2.2456939135237772,1.5520027838159494,1717,1717,283
placebo,all_alfworld,all,absolute_readout,D_tauC_q25::token::reward,spearman,-0.0280086755036054,-0.3729442041727947,0.3915367529804125,-0.001022403543092608,1717,1717,283
placebo,all_alfworld,all,absolute_readout,D_tauC_q25::token::reward,average_precision,0.2604020979020979,0.2304086538461539,0.766721325812235,0.47543992281195235,1716,1717,283
placebo,all_alfworld,all,absolute_readout,D_tauC_q25::token::reward,auroc_large_change_vs_rest,0.36923076923076925,0.2727272727272727,0.7407407407407407,0.5038836636821576,1716,1717,283
placebo,all_alfworld,all,absolute_readout,D_tauC_q25::token::reward,top_quartile_mean_absolute_delta,0.04441441441441441,0.020066468253968257,0.12550385154061625,0.0630583420011152,1717,1717,283
placebo,all_alfworld,all,absolute_readout,D_tauC_q25::token::reward,top_quartile_lift,1.136758266056399,0.4495588202867895,1.8180274152398321,1.0986515915558919,1717,1717,283
placebo,all_alfworld,all,absolute_readout,D_tauC_q25::token::unsigned,spearman,0.23029355414075553,-0.26402483678442995,0.518119495063543,0.13521319724972136,1717,1717,283
placebo,all_alfworld,all,absolute_readout,D_tauC_q25::token::unsigned,average_precision,0.414302690773279,0.2551337296282149,0.8238095238095239,0.5624442812915692,1716,1717,283
placebo,all_alfworld,all,absolute_readout,D_tauC_q25::token::unsigned,auroc_large_change_vs_rest,0.4,0.3055555555555556,0.8375,0.5621835936943317,1716,1717,283
placebo,all_alfworld,all,absolute_readout,D_tauC_q25::token::unsigned,top_quartile_mean_absolute_delta,0.05077034661780425,0.020700570790692062,0.12518864468864468,0.06405878207277493,1717,1717,283
placebo,all_alfworld,all,absolute_readout,D_tauC_q25::token::unsigned,top_quartile_lift,1.2994342478510073,0.45781627400181185,1.8515921617138205,1.120533945804579,1717,1717,283
placebo,all_alfworld,all,absolute_readout,D_tauC_q50::token::reward,spearman,0.09543696838265545,-0.23384645206539967,0.4712820032952521,0.12230558299232186,1717,1717,283
placebo,all_alfworld,all,absolute_readout,D_tauC_q50::token::reward,average_precision,0.2727505827505827,0.2371956689144189,0.7776646386021385,0.48453623715594224,1716,1717,283
placebo,all_alfworld,all,absolute_readout,D_tauC_q50::token::reward,auroc_large_change_vs_rest,0.4153846153846154,0.3333333333333333,0.7655323071989738,0.5458320431374645,1716,1717,283
placebo,all_alfworld,all,absolute_readout,D_tauC_q50::token::reward,top_quartile_mean_absolute_delta,0.04515151515151515,0.01885923410061699,0.1213481055981056,0.06165658611441145,1717,1717,283
placebo,all_alfworld,all,absolute_readout,D_tauC_q50::token::reward,top_quartile_lift,1.15562388360113,0.425127880534587,1.8091243000119694,1.0717609214820667,1717,1717,283
placebo,all_alfworld,all,absolute_readout,D_tauC_q50::token::unsigned,spearman,0.3869346652905487,-0.22234912971706694,0.520006586293399,0.15006443507505227,1717,1717,283
placebo,all_alfworld,all,absolute_readout,D_tauC_q50::token::unsigned,average_precision,0.34253968253968253,0.2521189309056956,0.8154878618113912,0.5172324778475211,1716,1717,283
placebo,all_alfworld,all,absolute_readout,D_tauC_q50::token::unsigned,auroc_large_change_vs_rest,0.5076923076923077,0.3194444444444444,0.7922077922077922,0.5660059734518976,1716,1717,283
placebo,all_alfworld,all,absolute_readout,D_tauC_q50::token::unsigned,top_quartile_mean_absolute_delta,0.051232596232596225,0.021091478696741855,0.1270000878410804,0.06518046596163075,1717,1717,283
placebo,all_alfworld,all,absolute_readout,D_tauC_q50::token::unsigned,top_quartile_lift,1.3112652283451602,0.4673131874242381,1.8467571363673692,1.1356391711474465,1717,1717,283
placebo,all_alfworld,all,absolute_readout,D_tauC_q75::token::reward,spearman,-0.03319546726353233,-0.43371952696508953,0.3363738605568263,-0.04283768774718941,1717,1717,283
placebo,all_alfworld,all,absolute_readout,D_tauC_q75::token::reward,average_precision,0.39501400560224087,0.2281921367031661,0.7745041450923803,0.5218827747545286,1716,1717,283
placebo,all_alfworld,all,absolute_readout,D_tauC_q75::token::reward,auroc_large_change_vs_rest,0.35384615384615387,0.24357638888888888,0.7272727272727273,0.4870489750831631,1716,1717,283
placebo,all_alfworld,all,absolute_readout,D_tauC_q75::token::reward,top_quartile_mean_absolute_delta,0.05150744735490498,0.020718273218036157,0.12427628210896795,0.0626570261860712,1717,1717,283
placebo,all_alfworld,all,absolute_readout,D_tauC_q75::token::reward,top_quartile_lift,1.3182998653957378,0.4250710172867076,1.8371226473393596,1.093643275730754,1717,1717,283
placebo,all_alfworld,all,absolute_readout,D_tauC_q75::token::unsigned,spearman,0.11099734366243623,-0.44811120481313577,0.2745374070067203,-0.07795243125379861,1717,1717,283
placebo,all_alfworld,all,absolute_readout,D_tauC_q75::token::unsigned,average_precision,0.3437606837606838,0.2225502765208648,0.7704122674710909,0.4776768914132051,1716,1717,283
placebo,all_alfworld,all,absolute_readout,D_tauC_q75::token::unsigned,auroc_large_change_vs_rest,0.47692307692307695,0.2222222222222222,0.7015993265993266,0.46566157350985266,1716,1717,283
placebo,all_alfworld,all,absolute_readout,D_tauC_q75::token::unsigned,top_quartile_mean_absolute_delta,0.049255195102652735,0.020297448671089978,0.11484824165870358,0.059418085977369646,1717,1717,283
placebo,all_alfworld,all,absolute_readout,D_tauC_q75::token::unsigned,top_quartile_lift,1.2606549228979491,0.42227736647279507,1.744573056789812,1.0415699840925934,1717,1717,283
placebo,all_alfworld,all,absolute_readout,D_delta_q25::token::reward,spearman,0.0020747167039707705,-0.45655839461626185,0.3255718464844838,-0.05864315128822235,1717,1717,283
placebo,all_alfworld,all,absolute_readout,D_delta_q25::token::reward,average_precision,0.28717850776674303,0.23669494312876665,0.6651060765678914,0.4517403907255535,1716,1717,283
placebo,all_alfworld,all,absolute_readout,D_delta_q25::token::reward,auroc_large_change_vs_rest,0.4,0.25,0.7222222222222222,0.4798857791236328,1716,1717,283
placebo,all_alfworld,all,absolute_readout,D_delta_q25::token::reward,top_quartile_mean_absolute_delta,0.03833333333333333,0.013103708791208793,0.10983676046176043,0.05221444624360861,1717,1717,283
placebo,all_alfworld,all,absolute_readout,D_delta_q25::token::reward,top_quartile_lift,0.9811169213123687,0.2932001977661007,1.6317074531706741,0.9050869706923921,1717,1717,283
placebo,all_alfworld,all,absolute_readout,D_delta_q25::token::unsigned,spearman,0.06742829287905004,-0.44951374009395245,0.35472442554862305,-0.020245382162384237,1717,1717,283
placebo,all_alfworld,all,absolute_readout,D_delta_q25::token::unsigned,average_precision,0.3520238095238095,0.23333333333333334,0.7213894288607948,0.46151089557045366,1716,1717,283
placebo,all_alfworld,all,absolute_readout,D_delta_q25::token::unsigned,auroc_large_change_vs_rest,0.5384615384615384,0.26215503246753247,0.7338541666666666,0.4953304820334135,1716,1717,283
placebo,all_alfworld,all,absolute_readout,D_delta_q25::token::unsigned,top_quartile_mean_absolute_delta,0.04428571428571428,0.01455357142857143,0.11462499999999996,0.05483619233870939,1717,1717,283
placebo,all_alfworld,all,absolute_readout,D_delta_q25::token::unsigned,top_quartile_lift,1.1334642693422396,0.32254616378441525,1.6580968109306702,0.9516600822928284,1717,1717,283
placebo,all_alfworld,all,absolute_readout,D_delta_q50::token::reward,spearman,-0.06431621782309388,-0.362473153558156,0.38077759810554346,0.01707211853811832,1717,1717,283
placebo,all_alfworld,all,absolute_readout,D_delta_q50::token::reward,average_precision,0.29269841269841274,0.2512999500499501,0.742423726748593,0.5057893610485963,1716,1717,283
placebo,all_alfworld,all,absolute_readout,D_delta_q50::token::reward,auroc_large_change_vs_rest,0.4153846153846154,0.2839506172839506,0.7655323071989738,0.5260754568449733,1716,1717,283
placebo,all_alfworld,all,absolute_readout,D_delta_q50::token::reward,top_quartile_mean_absolute_delta,0.03333333333333333,0.014583333333333334,0.125873106060606,0.05926070771364702,1717,1717,283
placebo,all_alfworld,all,absolute_readout,D_delta_q50::token::reward,top_quartile_lift,0.8531451489672772,0.32175950570580614,1.7862685182077802,1.0208083333861224,1717,1717,283
placebo,all_alfworld,all,absolute_readout,D_delta_q50::token::unsigned,spearman,0.0280086755036054,-0.293230580795672,0.41735118674445293,0.06772152028680115,1717,1717,283
placebo,all_alfworld,all,absolute_readout,D_delta_q50::token::unsigned,average_precision,0.3637606837606838,0.26257631257631253,0.75407962763732,0.4930548264146555,1716,1717,283
placebo,all_alfworld,all,absolute_readout,D_delta_q50::token::unsigned,auroc_large_change_vs_rest,0.5384615384615384,0.3085232668566002,0.7777777777777778,0.5445707955084097,1716,1717,283
placebo,all_alfworld,all,absolute_readout,D_delta_q50::token::unsigned,top_quartile_mean_absolute_delta,0.058254994124559346,0.025965229384436697,0.12829302297387404,0.07162741772638063,1717,1717,283
placebo,all_alfworld,all,absolute_readout,D_delta_q50::token::unsigned,top_quartile_lift,1.4909989692145513,0.6072568889032829,1.93377294545224,1.2597917597138528,1717,1717,283
placebo,all_alfworld,all,absolute_readout,D_delta_q75::token::reward,spearman,-0.06846565123103543,-0.4690134676371727,0.28852181668723564,-0.0903707342413345,1717,1717,283
placebo,all_alfworld,all,absolute_readout,D_delta_q75::token::reward,average_precision,0.29544899544899544,0.2285850434287934,0.761667770546447,0.47341081079716985,1716,1717,283
placebo,all_alfworld,all,absolute_readout,D_delta_q75::token::reward,auroc_large_change_vs_rest,0.4307692307692308,0.21524725274725276,0.7142857142857143,0.4681395419634713,1716,1717,283
placebo,all_alfworld,all,absolute_readout,D_delta_q75::token::reward,top_quartile_mean_absolute_delta,0.040151515151515146,0.01662828837828838,0.1159082708916373,0.05690610908707071,1717,1717,283
placebo,all_alfworld,all,absolute_readout,D_delta_q75::token::reward,top_quartile_lift,1.0276521112560384,0.35671463317387886,1.7211101945394707,0.9885757820781564,1717,1717,283
placebo,all_alfworld,all,absolute_readout,D_delta_q75::token::unsigned,spearman,0.07676451804691851,-0.4541548989625806,0.29721444857661367,-0.07440328219451998,1717,1717,283
placebo,all_alfworld,all,absolute_readout,D_delta_q75::token::unsigned,average_precision,0.3573717948717948,0.21168536324786327,0.7587514140271492,0.4766068315606035,1716,1717,283
placebo,all_alfworld,all,absolute_readout,D_delta_q75::token::unsigned,auroc_large_change_vs_rest,0.5230769230769231,0.2201048951048951,0.7142857142857143,0.4728796210750939,1716,1717,283
placebo,all_alfworld,all,absolute_readout,D_delta_q75::token::unsigned,top_quartile_mean_absolute_delta,0.03681818181818182,0.011009199134199133,0.10202767857142851,0.04757375014820333,1717,1717,283
placebo,all_alfworld,all,absolute_readout,D_delta_q75::token::unsigned,top_quartile_lift,0.9423375963593108,0.2450466908186966,1.5229350722239912,0.8261230089804064,1717,1717,283
placebo,all_alfworld,all,absolute_readout,D_winsor::token::reward,spearman,0.09025017662272852,-0.4396418334822019,0.36321420601359994,-0.03050349979840336,1717,1717,283
placebo,all_alfworld,all,absolute_readout,D_winsor::token::reward,average_precision,0.3100356506238859,0.24437871360665478,0.6722416945428309,0.4641044292359218,1716,1717,283
placebo,all_alfworld,all,absolute_readout,D_winsor::token::reward,auroc_large_change_vs_rest,0.4307692307692308,0.25810185185185186,0.75,0.4946771064473113,1716,1717,283
placebo,all_alfworld,all,absolute_readout,D_winsor::token::reward,top_quartile_mean_absolute_delta,0.0655072463768116,0.026317279942279944,0.1314474789915966,0.07229681905213566,1717,1717,283
placebo,all_alfworld,all,absolute_readout,D_winsor::token::reward,top_quartile_lift,1.676615684057432,0.5873714886099419,1.9620021898997555,1.2653638195578032,1717,1717,283
placebo,all_alfworld,all,absolute_readout,D_winsor::token::unsigned,spearman,0.1192962104783193,-0.4249502894273982,0.37982077214561155,0.0009796369645212433,1717,1717,283
placebo,all_alfworld,all,absolute_readout,D_winsor::token::unsigned,average_precision,0.40476190476190477,0.23505050505050504,0.7250905344655345,0.46975481186146056,1716,1717,283
placebo,all_alfworld,all,absolute_readout,D_winsor::token::unsigned,auroc_large_change_vs_rest,0.6307692307692307,0.2727272727272727,0.7375,0.507234158270183,1716,1717,283
placebo,all_alfworld,all,absolute_readout,D_winsor::token::unsigned,top_quartile_mean_absolute_delta,0.04428571428571428,0.01455357142857143,0.11462499999999996,0.05483619233870939,1717,1717,283
placebo,all_alfworld,all,absolute_readout,D_winsor::token::unsigned,top_quartile_lift,1.1334642693422396,0.32254616378441525,1.6580968109306702,0.9516600822928284,1717,1717,283
placebo,all_alfworld,all,absolute_readout,D_tanh::token::reward,spearman,-0.0010373583519853852,-0.4280728299523115,0.3250408642572272,-0.05518671016628226,1717,1717,283
placebo,all_alfworld,all,absolute_readout,D_tanh::token::reward,average_precision,0.3022222222222222,0.23947099673202615,0.666703869047619,0.4496600250723537,1716,1717,283
placebo,all_alfworld,all,absolute_readout,D_tanh::token::reward,auroc_large_change_vs_rest,0.4,0.25810185185185186,0.7418981481481481,0.4868736030473599,1716,1717,283
placebo,all_alfworld,all,absolute_readout,D_tanh::token::reward,top_quartile_mean_absolute_delta,0.0655072463768116,0.026317279942279944,0.1314474789915966,0.07229681905213566,1717,1717,283
placebo,all_alfworld,all,absolute_readout,D_tanh::token::reward,top_quartile_lift,1.676615684057432,0.5873714886099419,1.9620021898997555,1.2653638195578032,1717,1717,283
placebo,all_alfworld,all,absolute_readout,D_tanh::token::unsigned,spearman,0.1473048859819247,-0.4105489649635575,0.3884837601080987,0.016633656565849492,1717,1717,283
placebo,all_alfworld,all,absolute_readout,D_tanh::token::unsigned,average_precision,0.512967032967033,0.24152462121212118,0.7540888856513857,0.506620728976635,1716,1717,283
placebo,all_alfworld,all,absolute_readout,D_tanh::token::unsigned,auroc_large_change_vs_rest,0.6307692307692307,0.2776709401709402,0.7386863136863138,0.5157310679010283,1716,1717,283
placebo,all_alfworld,all,absolute_readout,D_tanh::token::unsigned,top_quartile_mean_absolute_delta,0.04428571428571428,0.01455357142857143,0.11462499999999996,0.05483619233870939,1717,1717,283
placebo,all_alfworld,all,absolute_readout,D_tanh::token::unsigned,top_quartile_lift,1.1334642693422396,0.32254616378441525,1.6580968109306702,0.9516600822928284,1717,1717,283
placebo,all_alfworld,all,absolute_readout,D_action_sign::token::reward,spearman,0.03630754231948848,-0.4008368369261627,0.4292973197532088,-0.007264504586650693,1717,1717,283
placebo,all_alfworld,all,absolute_readout,D_action_sign::token::reward,average_precision,0.3318939393939394,0.24454545454545454,0.7954682980418275,0.508035399216914,1716,1717,283
placebo,all_alfworld,all,absolute_readout,D_action_sign::token::reward,auroc_large_change_vs_rest,0.5384615384615384,0.2875,0.7847527472527472,0.5284291621824901,1716,1717,283
placebo,all_alfworld,all,absolute_readout,D_action_sign::token::reward,top_quartile_mean_absolute_delta,0.051618357487922706,0.027949404761904766,0.13583974358974357,0.07315304946921064,1717,1717,283
placebo,all_alfworld,all,absolute_readout,D_action_sign::token::reward,top_quartile_lift,1.3211385386543997,0.5846742154688193,2.0827624704560304,1.2868554628136986,1717,1717,283
placebo,all_alfworld,all,absolute_readout,D_action_sign::token::unsigned,spearman,-0.05705470935919619,-0.3702429349110753,0.43616561772915224,0.033126253758430105,1717,1717,283
placebo,all_alfworld,all,absolute_readout,D_action_sign::token::unsigned,average_precision,0.23688213747037276,0.2406223739495798,0.7946026808159161,0.5030094876893458,1716,1717,283
placebo,all_alfworld,all,absolute_readout,D_action_sign::token::unsigned,auroc_large_change_vs_rest,0.3076923076923077,0.2747159090909091,0.7859375,0.5308461644863702,1716,1717,283
placebo,all_alfworld,all,absolute_readout,D_action_sign::token::unsigned,top_quartile_mean_absolute_delta,0.022985842985842986,0.01311840804218853,0.10992460317460313,0.05211537237425452,1717,1717,283
placebo,all_alfworld,all,absolute_readout,D_action_sign::token::unsigned,top_quartile_lift,0.5883078131488638,0.2763433342984176,1.647344214437328,0.9107803471350905,1717,1717,283
placebo,all_alfworld,all,absolute_readout,D_action_adv::token::reward,spearman,0.2385924209566386,-0.23457199981934013,0.538279173273955,0.15771448781051026,1717,1717,283
placebo,all_alfworld,all,absolute_readout,D_action_adv::token::reward,average_precision,0.4780952380952381,0.2634845699643494,0.8209177817132364,0.5741778531376127,1716,1717,283
placebo,all_alfworld,all,absolute_readout,D_action_adv::token::reward,auroc_large_change_vs_rest,0.5846153846153846,0.31130751964085296,0.8064236111111112,0.5741476077474638,1716,1717,283
placebo,all_alfworld,all,absolute_readout,D_action_adv::token::reward,top_quartile_mean_absolute_delta,0.05580037664783427,0.02370498117279699,0.1269135583524026,0.06833549557473666,1717,1717,283
placebo,all_alfworld,all,absolute_readout,D_action_adv::token::reward,top_quartile_lift,1.4281746194294025,0.5164680244854403,1.9054325381944528,1.1961320136880353,1717,1717,283
placebo,all_alfworld,all,absolute_readout,D_action_adv::token::unsigned,spearman,-0.05705470935919619,-0.3702429349110753,0.43616561772915224,0.033126253758430105,1717,1717,283
placebo,all_alfworld,all,absolute_readout,D_action_adv::token::unsigned,average_precision,0.23688213747037276,0.2406223739495798,0.7946026808159161,0.5030094876893458,1716,1717,283
placebo,all_alfworld,all,absolute_readout,D_action_adv::token::unsigned,auroc_large_change_vs_rest,0.3076923076923077,0.2747159090909091,0.7859375,0.5308461644863702,1716,1717,283
placebo,all_alfworld,all,absolute_readout,D_action_adv::token::unsigned,top_quartile_mean_absolute_delta,0.022985842985842986,0.01311840804218853,0.10992460317460313,0.05211537237425452,1717,1717,283
placebo,all_alfworld,all,absolute_readout,D_action_adv::token::unsigned,top_quartile_lift,0.5883078131488638,0.2763433342984176,1.647344214437328,0.9107803471350905,1717,1717,283
placebo,all_alfworld,all,absolute_readout,D_action_adv_clip::token::reward,spearman,0.20747167039707706,-0.273217775630428,0.5370612694735116,0.13115684068582767,1717,1717,283
placebo,all_alfworld,all,absolute_readout,D_action_adv_clip::token::reward,average_precision,0.3616161616161616,0.2608712121212121,0.8298193126318124,0.5429599455557524,1716,1717,283
placebo,all_alfworld,all,absolute_readout,D_action_adv_clip::token::reward,auroc_large_change_vs_rest,0.5384615384615384,0.3116883116883117,0.8181818181818182,0.5664366555171523,1716,1717,283
placebo,all_alfworld,all,absolute_readout,D_action_adv_clip::token::reward,top_quartile_mean_absolute_delta,0.05552552552552552,0.024409536541889484,0.1329776158800548,0.0708589353502962,1717,1717,283
placebo,all_alfworld,all,absolute_readout,D_action_adv_clip::token::reward,top_quartile_lift,1.4211399823788247,0.5615701288434727,1.9481117555620848,1.2381279091047277,1717,1717,283
placebo,all_alfworld,all,absolute_readout,D_action_adv_clip::token::unsigned,spearman,-0.05705470935919619,-0.3702429349110753,0.43616561772915224,0.033126253758430105,1717,1717,283
placebo,all_alfworld,all,absolute_readout,D_action_adv_clip::token::unsigned,average_precision,0.23688213747037276,0.2406223739495798,0.7946026808159161,0.5030094876893458,1716,1717,283
placebo,all_alfworld,all,absolute_readout,D_action_adv_clip::token::unsigned,auroc_large_change_vs_rest,0.3076923076923077,0.2747159090909091,0.7859375,0.5308461644863702,1716,1717,283
placebo,all_alfworld,all,absolute_readout,D_action_adv_clip::token::unsigned,top_quartile_mean_absolute_delta,0.022985842985842986,0.01311840804218853,0.10992460317460313,0.05211537237425452,1717,1717,283
placebo,all_alfworld,all,absolute_readout,D_action_adv_clip::token::unsigned,top_quartile_lift,0.5883078131488638,0.2763433342984176,1.647344214437328,0.9107803471350905,1717,1717,283
placebo,all_alfworld,all,absolute_readout,D_ratio_adv::token::reward,spearman,0.2053969536931063,-0.22110887096887388,0.5227397903187138,0.1542200374365222,1717,1717,283
placebo,all_alfworld,all,absolute_readout,D_ratio_adv::token::reward,average_precision,0.4902564102564103,0.2560674109387344,0.832779963092463,0.5611485848859221,1716,1717,283
placebo,all_alfworld,all,absolute_readout,D_ratio_adv::token::reward,auroc_large_change_vs_rest,0.6307692307692307,0.3125,0.805239898989899,0.5689732543097927,1716,1717,283
placebo,all_alfworld,all,absolute_readout,D_ratio_adv::token::reward,top_quartile_mean_absolute_delta,0.04468926553672316,0.019318080357142855,0.11921092132505166,0.06053490222555564,1717,1717,283
placebo,all_alfworld,all,absolute_readout,D_ratio_adv::token::reward,top_quartile_lift,1.1437929031069767,0.4289543386026297,1.7898687567346323,1.0566556961391997,1717,1717,283
placebo,all_alfworld,all,absolute_readout,D_ratio_adv::token::unsigned,spearman,-0.24170449601259478,-0.48639583308236245,0.3092295100792524,-0.1111083342292486,1717,1717,283
placebo,all_alfworld,all,absolute_readout,D_ratio_adv::token::unsigned,average_precision,0.23358543417366948,0.21638992135315663,0.7591609437335539,0.479447012124049,1716,1717,283
placebo,all_alfworld,all,absolute_readout,D_ratio_adv::token::unsigned,auroc_large_change_vs_rest,0.2923076923076923,0.2222222222222222,0.7272727272727273,0.46779289289387443,1716,1717,283
placebo,all_alfworld,all,absolute_readout,D_ratio_adv::token::unsigned,top_quartile_mean_absolute_delta,0.02015151515151515,0.007214285714285715,0.09207702020202017,0.040072191361730854,1717,1717,283
placebo,all_alfworld,all,absolute_readout,D_ratio_adv::token::unsigned,top_quartile_lift,0.5157650218756721,0.1531066523317847,1.4248834810076079,0.6944035047928855,1717,1717,283
placebo,all_alfworld,all,absolute_readout,D_policy_action_adv::token::reward,spearman,0.3848599485865779,-0.09835753865206137,0.6581658441635441,0.3004357446914018,1717,1717,283
placebo,all_alfworld,all,absolute_readout,D_policy_action_adv::token::reward,average_precision,0.45476190476190476,0.2686035998995558,0.869184391996892,0.5894817402317697,1716,1717,283
placebo,all_alfworld,all,absolute_readout,D_policy_action_adv::token::reward,auroc_large_change_vs_rest,0.5538461538461539,0.36923076923076925,0.8462873931623931,0.6235004664473276,1716,1717,283
placebo,all_alfworld,all,absolute_readout,D_policy_action_adv::token::reward,top_quartile_mean_absolute_delta,0.04650744735490498,0.023804149566803465,0.1262469064792935,0.06522656506901774,1717,1717,283
placebo,all_alfworld,all,absolute_readout,D_policy_action_adv::token::reward,top_quartile_lift,1.1903280930506464,0.5098055557222653,1.9018858899480322,1.1401445075249637,1717,1717,283
placebo,all_alfworld,all,absolute_readout,D_policy_action_adv::token::unsigned,spearman,0.393158815402461,-0.14025084918842406,0.6552530974070623,0.2827862125556344,1717,1717,283
placebo,all_alfworld,all,absolute_readout,D_policy_action_adv::token::unsigned,average_precision,0.5199999999999999,0.285312049062049,0.8626991064491064,0.5847377346867594,1716,1717,283
placebo,all_alfworld,all,absolute_readout,D_policy_action_adv::token::unsigned,auroc_large_change_vs_rest,0.7384615384615385,0.38461538461538464,0.8625,0.6314982214472736,1716,1717,283
placebo,all_alfworld,all,absolute_readout,D_policy_action_adv::token::unsigned,top_quartile_mean_absolute_delta,0.05262329331450094,0.02565615712903449,0.13390405017634682,0.07262966674864892,1717,1717,283
placebo,all_alfworld,all,absolute_readout,D_policy_action_adv::token::unsigned,top_quartile_lift,1.3468592224184588,0.5566665299645956,2.029043362436827,1.2714393562110302,1717,1717,283
placebo,all_alfworld,all,absolute_readout,D_reward_only::token::reward,spearman,0.05085680792409002,-0.40798868168193453,0.3770542408033617,-0.02488752236083847,1717,1717,283
placebo,all_alfworld,all,absolute_readout,D_reward_only::token::reward,average_precision,0.39209401709401714,0.22626869658119658,0.8053816548584647,0.5023358579350543,1716,1717,283
placebo,all_alfworld,all,absolute_readout,D_reward_only::token::reward,auroc_large_change_vs_rest,0.5384615384615384,0.21841242283950618,0.75,0.48299875472199677,1716,1717,283
placebo,all_alfworld,all,absolute_readout,D_reward_only::token::reward,top_quartile_mean_absolute_delta,0.05064164648910412,0.020533078515097298,0.1250131767599558,0.06315664832065643,1717,1717,283
placebo,all_alfworld,all,absolute_readout,D_reward_only::token::reward,top_quartile_lift,1.2961402511368476,0.4488458027494281,1.8301292235926858,1.103228807739636,1717,1717,283
placebo,all_alfworld,all,absolute_readout,D_reward_only::token::unsigned,spearman,,,,,0,1717,283
placebo,all_alfworld,all,absolute_readout,D_reward_only::token::unsigned,average_precision,0.2777777777777778,0.2222222222222222,0.6111111111111112,0.41825304325304324,1716,1717,283
placebo,all_alfworld,all,absolute_readout,D_reward_only::token::unsigned,auroc_large_change_vs_rest,0.5,0.5,0.5,0.5,1716,1717,283
placebo,all_alfworld,all,absolute_readout,D_reward_only::token::unsigned,top_quartile_mean_absolute_delta,0.039071116296779,0.03474220452129379,0.08291097508650455,0.05658861168882727,1717,1717,283
placebo,all_alfworld,all,absolute_readout,D_reward_only::token::unsigned,top_quartile_lift,1.0,0.9999999999999998,1.0000000000000004,1.0,1717,1717,283
placebo,all_alfworld,all,absolute_readout,D_adv_negative_fraction::token::reward,spearman,0.47950704614142015,-0.13702397586378384,0.6385156604325382,0.2640974714962434,1717,1717,283
placebo,all_alfworld,all,absolute_readout,D_adv_negative_fraction::token::reward,average_precision,0.550952380952381,0.2859424603174603,0.8553986985236985,0.5507369969775054,1716,1717,283
placebo,all_alfworld,all,absolute_readout,D_adv_negative_fraction::token::reward,auroc_large_change_vs_rest,0.7846153846153846,0.3926081730769231,0.8375202922077922,0.6194301324845312,1716,1717,283
placebo,all_alfworld,all,absolute_readout,D_adv_negative_fraction::token::reward,top_quartile_mean_absolute_delta,0.05820317891649414,0.03140539969624369,0.11822606084175957,0.0704046955769519,1717,1717,283
placebo,all_alfworld,all,absolute_readout,D_adv_negative_fraction::token::reward,top_quartile_lift,1.4896727924124444,0.6103228801839754,1.985330993138452,1.2587533959138717,1717,1717,283
placebo,all_alfworld,all,absolute_readout,D_adv_negative_fraction::token::unsigned,spearman,,,,,0,1717,283
placebo,all_alfworld,all,absolute_readout,D_adv_negative_fraction::token::unsigned,average_precision,0.2777777777777778,0.2222222222222222,0.6111111111111112,0.41825304325304324,1716,1717,283
placebo,all_alfworld,all,absolute_readout,D_adv_negative_fraction::token::unsigned,auroc_large_change_vs_rest,0.5,0.5,0.5,0.5,1716,1717,283
placebo,all_alfworld,all,absolute_readout,D_adv_negative_fraction::token::unsigned,top_quartile_mean_absolute_delta,0.039071116296779,0.03474220452129379,0.08291097508650455,0.05658861168882727,1717,1717,283
placebo,all_alfworld,all,absolute_readout,D_adv_negative_fraction::token::unsigned,top_quartile_lift,1.0,0.9999999999999998,1.0000000000000004,1.0,1717,1717,283
placebo,all_alfworld,all,absolute_readout,C_raw::token::reward,spearman,-0.1255203605902316,-0.4286293658284819,0.3392724850113486,-0.037087204659425346,1717,1717,283
placebo,all_alfworld,all,absolute_readout,C_raw::token::reward,average_precision,0.39501400560224087,0.23316987852833443,0.7819947991822992,0.529731636475165,1716,1717,283
placebo,all_alfworld,all,absolute_readout,C_raw::token::reward,auroc_large_change_vs_rest,0.35384615384615387,0.2222222222222222,0.7361111111111112,0.48687139901724946,1716,1717,283
placebo,all_alfworld,all,absolute_readout,C_raw::token::reward,top_quartile_mean_absolute_delta,0.03968926553672316,0.01647885739991003,0.12515160497397337,0.06026114778530677,1717,1717,283
placebo,all_alfworld,all,absolute_readout,C_raw::token::reward,top_quartile_lift,1.0158211307618852,0.3616003275538206,1.826201721199983,1.0426906876348097,1717,1717,283
placebo,all_alfworld,all,absolute_readout,C_raw::token::unsigned,spearman,-0.28734826349995174,-0.4700929258071673,0.30043172510366817,-0.10059410824005392,1717,1717,283
placebo,all_alfworld,all,absolute_readout,C_raw::token::unsigned,average_precision,0.22004273504273505,0.2146442262802557,0.7628363837588436,0.4565977331709368,1716,1717,283
placebo,all_alfworld,all,absolute_readout,C_raw::token::unsigned,auroc_large_change_vs_rest,0.24615384615384617,0.2125,0.7223290598290598,0.4559628242377683,1716,1717,283
placebo,all_alfworld,all,absolute_readout,C_raw::token::unsigned,top_quartile_mean_absolute_delta,0.014784946236559137,0.008418831619894415,0.09129343253229007,0.04066777919393784,1717,1717,283
placebo,all_alfworld,all,absolute_readout,C_raw::token::unsigned,top_quartile_lift,0.3784111547838729,0.16112838183328188,1.4616089454353731,0.7108249234159936,1717,1717,283
placebo,all_alfworld,all,absolute_readout,C_centered::token::reward,spearman,-0.2541527962364194,-0.5303540044049837,0.23896224414650855,-0.17132441016303887,1717,1717,283
placebo,all_alfworld,all,absolute_readout,C_centered::token::reward,average_precision,0.26904761904761904,0.2180217352092352,0.7038301431683784,0.4463599188199351,1716,1717,283
placebo,all_alfworld,all,absolute_readout,C_centered::token::reward,auroc_large_change_vs_rest,0.4153846153846154,0.21996753246753245,0.687601461038961,0.44327720323959585,1716,1717,283
placebo,all_alfworld,all,absolute_readout,C_centered::token::reward,top_quartile_mean_absolute_delta,0.010555555555555556,0.00469951923076923,0.07821861471861472,0.031643961406799134,1717,1717,283
placebo,all_alfworld,all,absolute_readout,C_centered::token::reward,top_quartile_lift,0.27016263050630446,0.10261636883491491,1.2280738460689435,0.5507441955058258,1717,1717,283
placebo,all_alfworld,all,absolute_readout,C_centered::token::unsigned,spearman,-0.17323884478155935,-0.49553217578961023,0.30014655242283617,-0.11587369195441227,1717,1717,283
placebo,all_alfworld,all,absolute_readout,C_centered::token::unsigned,average_precision,0.29264069264069265,0.21053819444444444,0.7451565479974571,0.46492607272594055,1716,1717,283
placebo,all_alfworld,all,absolute_readout,C_centered::token::unsigned,auroc_large_change_vs_rest,0.47692307692307695,0.2201048951048951,0.7274130190796858,0.4607757084667021,1716,1717,283
placebo,all_alfworld,all,absolute_readout,C_centered::token::unsigned,top_quartile_mean_absolute_delta,0.021237331081081078,0.01192669698919699,0.09819100997196072,0.04604187286259572,1717,1717,283
placebo,all_alfworld,all,absolute_readout,C_centered::token::unsigned,top_quartile_lift,0.5435557796650891,0.2401803835017117,1.5192302649262286,0.810566525894096,1717,1717,283
placebo,all_alfworld,all,absolute_readout,C_adv_centered::token::reward,spearman,0.1981354452292086,-0.385786928858027,0.4209399488033036,0.01524219981763749,1717,1717,283
placebo,all_alfworld,all,absolute_readout,C_adv_centered::token::reward,average_precision,0.49391941391941396,0.23685674857549857,0.8105355422083362,0.5458955751077306,1716,1717,283
placebo,all_alfworld,all,absolute_readout,C_adv_centered::token::reward,auroc_large_change_vs_rest,0.6,0.2345679012345679,0.7532467532467533,0.5062564103131686,1716,1717,283
placebo,all_alfworld,all,absolute_readout,C_adv_centered::token::reward,top_quartile_mean_absolute_delta,0.058974979822437455,0.024284852402499463,0.1340941473104948,0.06991946837657727,1717,1717,283
placebo,all_alfworld,all,absolute_readout,C_adv_centered::token::reward,top_quartile_lift,1.5094265383786671,0.5273291678098516,1.9605445044855112,1.219180349043176,1717,1717,283
placebo,all_alfworld,all,absolute_readout,C_adv_centered::token::unsigned,spearman,-0.17323884478155935,-0.49553217578961023,0.30014655242283617,-0.11587369195441227,1717,1717,283
placebo,all_alfworld,all,absolute_readout,C_adv_centered::token::unsigned,average_precision,0.29264069264069265,0.21053819444444444,0.7451565479974571,0.46492607272594055,1716,1717,283
placebo,all_alfworld,all,absolute_readout,C_adv_centered::token::unsigned,auroc_large_change_vs_rest,0.47692307692307695,0.2201048951048951,0.7274130190796858,0.4607757084667021,1716,1717,283
placebo,all_alfworld,all,absolute_readout,C_adv_centered::token::unsigned,top_quartile_mean_absolute_delta,0.021237331081081078,0.01192669698919699,0.09819100997196072,0.04604187286259572,1717,1717,283
placebo,all_alfworld,all,absolute_readout,C_adv_centered::token::unsigned,top_quartile_lift,0.5435557796650891,0.2401803835017117,1.5192302649262286,0.810566525894096,1717,1717,283
placebo,all_alfworld,all,absolute_readout,M_delta_raw::token::magnitude,spearman,-0.3495897646190748,-0.4716282642594509,0.23383171239759165,-0.13045083095144955,1717,1717,283
placebo,all_alfworld,all,absolute_readout,M_delta_raw::token::magnitude,average_precision,0.23205882352941173,0.21250348507701447,0.7114742640937494,0.4651625456009186,1716,1717,283
placebo,all_alfworld,all,absolute_readout,M_delta_raw::token::magnitude,auroc_large_change_vs_rest,0.27692307692307694,0.2,0.7001623376623376,0.4521737184755233,1716,1717,283
placebo,all_alfworld,all,absolute_readout,M_delta_raw::token::magnitude,top_quartile_mean_absolute_delta,0.017985842985842986,0.013015289090656737,0.08961996336996335,0.04288817275982191,1717,1717,283
placebo,all_alfworld,all,absolute_readout,M_delta_raw::token::magnitude,top_quartile_lift,0.46033604080377216,0.25155274569281894,1.4087325917133457,0.7583750768316598,1717,1717,283
placebo,all_alfworld,all,absolute_readout,M_delta_centered::token::magnitude,spearman,-0.44710144970570104,-0.5926286181130519,0.1753715037041333,-0.2402154443352308,1717,1717,283
placebo,all_alfworld,all,absolute_readout,M_delta_centered::token::magnitude,average_precision,0.215,0.19304901695526694,0.6968465008822629,0.4253154011019105,1716,1717,283
placebo,all_alfworld,all,absolute_readout,M_delta_centered::token::magnitude,auroc_large_change_vs_rest,0.2153846153846154,0.15584415584415584,0.6527777777777778,0.3938816606475949,1716,1717,283
placebo,all_alfworld,all,absolute_readout,M_delta_centered::token::magnitude,top_quartile_mean_absolute_delta,0.019414414414414417,0.008333333333333333,0.07910937499999995,0.03699722466134272,1717,1717,283
placebo,all_alfworld,all,absolute_readout,M_delta_centered::token::magnitude,top_quartile_lift,0.49689940433094126,0.1636366222308372,1.2721024734140667,0.6520740439671906,1717,1717,283
placebo,all_alfworld,all,absolute_readout,M_original_norm::token::magnitude,spearman,-0.6234523695432166,-0.7042800510372548,0.08683081151855152,-0.34010887271550905,1717,1717,283
placebo,all_alfworld,all,absolute_readout,M_original_norm::token::magnitude,average_precision,0.22535714285714287,0.1868574134199134,0.7005853684713977,0.42388975531245715,1716,1717,283
placebo,all_alfworld,all,absolute_readout,M_original_norm::token::magnitude,auroc_large_change_vs_rest,0.26153846153846155,0.09090909090909091,0.6257211538461538,0.35005559504365436,1716,1717,283
placebo,all_alfworld,all,absolute_readout,M_original_norm::token::magnitude,top_quartile_mean_absolute_delta,0.011818181818181818,0.0060813492063492075,0.08127626050420166,0.03330937130581001,1717,1717,283
placebo,all_alfworld,all,absolute_readout,M_original_norm::token::magnitude,top_quartile_lift,0.30247873463385283,0.12637330365714405,1.2658478522899672,0.5784519634893454,1717,1717,283
placebo,all_alfworld,all,absolute_readout,M_control_norm::token::magnitude,spearman,-0.5435757764403418,-0.7392298425492999,0.06010138812759322,-0.36376701031086556,1717,1717,283
placebo,all_alfworld,all,absolute_readout,M_control_norm::token::magnitude,average_precision,0.26293956043956046,0.18650412087912088,0.632216857897005,0.4090006917916465,1716,1717,283
placebo,all_alfworld,all,absolute_readout,M_control_norm::token::magnitude,auroc_large_change_vs_rest,0.38461538461538464,0.1111111111111111,0.6006172839506173,0.35021525236900136,1716,1717,283
placebo,all_alfworld,all,absolute_readout,M_control_norm::token::magnitude,top_quartile_mean_absolute_delta,0.01515625,0.003125,0.07698870573870568,0.03073414239474056,1717,1717,283
placebo,all_alfworld,all,absolute_readout,M_control_norm::token::magnitude,top_quartile_lift,0.38791443492105887,0.06574071261194761,1.2522989701008325,0.5386889906372967,1717,1717,283
placebo,all_alfworld,all,absolute_readout,M_kl::token::magnitude,spearman,0.366187498250841,-0.18961292031848434,0.6100844470062188,0.23943919218748222,1717,1717,283
placebo,all_alfworld,all,absolute_readout,M_kl::token::magnitude,average_precision,0.36739926739926737,0.26494836182336184,0.8510229353979354,0.5587925293547863,1716,1717,283
placebo,all_alfworld,all,absolute_readout,M_kl::token::magnitude,auroc_large_change_vs_rest,0.5692307692307692,0.35,0.8377507716049383,0.6000704675177058,1716,1717,283
placebo,all_alfworld,all,absolute_readout,M_kl::token::magnitude,top_quartile_mean_absolute_delta,0.04614087843994897,0.021634543705819798,0.1334708664990923,0.06772933660537005,1717,1717,283
placebo,all_alfworld,all,absolute_readout,M_kl::token::magnitude,top_quartile_lift,1.1809459983039388,0.46943731406019545,1.9470639336750335,1.1792848252533823,1717,1717,283
placebo,all_alfworld,all,absolute_readout,M_js::token::magnitude,spearman,0.3869346652905487,-0.185147463401723,0.6268611493749419,0.2464340017926885,1717,1717,283
placebo,all_alfworld,all,absolute_readout,M_js::token::magnitude,average_precision,0.38,0.2605508496133496,0.8562841961279462,0.5638485414368387,1716,1717,283
placebo,all_alfworld,all,absolute_readout,M_js::token::magnitude,auroc_large_change_vs_rest,0.6,0.35344655344655346,0.8462873931623931,0.6054713792347483,1716,1717,283
placebo,all_alfworld,all,absolute_readout,M_js::token::magnitude,top_quartile_mean_absolute_delta,0.04524482109227872,0.021061822989677584,0.1358884008148714,0.06803787775709874,1717,1717,283
placebo,all_alfworld,all,absolute_readout,M_js::token::magnitude,top_quartile_lift,1.158011988923098,0.4650008422965514,1.9825312418215029,1.1816568704409645,1717,1717,283
placebo,all_alfworld,all,absolute_readout,M_action_abs::token::magnitude,spearman,0.19191129511729627,-0.23997440440580559,0.5397380663429547,0.14515444375175265,1717,1717,283
placebo,all_alfworld,all,absolute_readout,M_action_abs::token::magnitude,average_precision,0.28079365079365076,0.25555555555555554,0.824095695970696,0.5363491218131713,1716,1717,283
placebo,all_alfworld,all,absolute_readout,M_action_abs::token::magnitude,auroc_large_change_vs_rest,0.4307692307692308,0.3375,0.8125,0.5706542025062352,1716,1717,283
placebo,all_alfworld,all,absolute_readout,M_action_abs::token::magnitude,top_quartile_mean_absolute_delta,0.025770346617804245,0.014147226134962046,0.10454858534322796,0.04979440323038162,1717,1717,283
placebo,all_alfworld,all,absolute_readout,M_action_abs::token::magnitude,top_quartile_lift,0.6595753861255491,0.2893391154544538,1.5989957815567204,0.8728629003135183,1717,1717,283
placebo,all_alfworld,all,absolute_readout,D_original::decision::reward,spearman,0.5549867183121812,-0.2100205508124807,0.5929910821739398,0.1936714535573044,1717,1717,283
placebo,all_alfworld,all,absolute_readout,D_original::decision::reward,average_precision,0.5833333333333333,0.30944444444444447,0.8549266011766011,0.5563859210156232,1716,1717,283
placebo,all_alfworld,all,absolute_readout,D_original::decision::reward,auroc_large_change_vs_rest,0.7692307692307693,0.35534188034188036,0.8438007305194806,0.5998562771621412,1716,1717,283
placebo,all_alfworld,all,absolute_readout,D_original::decision::reward,top_quartile_mean_absolute_delta,0.05820317891649414,0.03140539969624369,0.11822606084175957,0.0704046955769519,1717,1717,283
placebo,all_alfworld,all,absolute_readout,D_original::decision::reward,top_quartile_lift,1.4896727924124444,0.6103228801839754,1.985330993138452,1.2587533959138717,1717,1717,283
placebo,all_alfworld,all,absolute_readout,D_original::decision::unsigned,spearman,0.1753135614855301,-0.45465492112029404,0.3505876975538869,-0.04878656001400379,1717,1717,283
placebo,all_alfworld,all,absolute_readout,D_original::decision::unsigned,average_precision,0.4139194139194139,0.23030448717948715,0.7583123473748473,0.4692168416944476,1716,1717,283
placebo,all_alfworld,all,absolute_readout,D_original::decision::unsigned,auroc_large_change_vs_rest,0.6,0.2361111111111111,0.725,0.48352359549954854,1716,1717,283
placebo,all_alfworld,all,absolute_readout,D_original::decision::unsigned,top_quartile_mean_absolute_delta,0.03308554292929293,0.012394272179155902,0.07654205412652966,0.04064397182769386,1717,1717,283
placebo,all_alfworld,all,absolute_readout,D_original::decision::unsigned,top_quartile_lift,0.8468031135322459,0.24800285074143144,1.2675440310815744,0.724245671271466,1717,1717,283
placebo,all_alfworld,all,absolute_readout,D_centered_gate::decision::reward,spearman,0.5549867183121812,-0.2100205508124807,0.5929910821739398,0.1936714535573044,1717,1717,283
placebo,all_alfworld,all,absolute_readout,D_centered_gate::decision::reward,average_precision,0.5833333333333333,0.30944444444444447,0.8549266011766011,0.5563859210156232,1716,1717,283
placebo,all_alfworld,all,absolute_readout,D_centered_gate::decision::reward,auroc_large_change_vs_rest,0.7692307692307693,0.35534188034188036,0.8438007305194806,0.5998562771621412,1716,1717,283
placebo,all_alfworld,all,absolute_readout,D_centered_gate::decision::reward,top_quartile_mean_absolute_delta,0.05820317891649414,0.03140539969624369,0.11822606084175957,0.0704046955769519,1717,1717,283
placebo,all_alfworld,all,absolute_readout,D_centered_gate::decision::reward,top_quartile_lift,1.4896727924124444,0.6103228801839754,1.985330993138452,1.2587533959138717,1717,1717,283
placebo,all_alfworld,all,absolute_readout,D_centered_gate::decision::unsigned,spearman,0.1753135614855301,-0.45465492112029404,0.3505876975538869,-0.04878656001400379,1717,1717,283
placebo,all_alfworld,all,absolute_readout,D_centered_gate::decision::unsigned,average_precision,0.4139194139194139,0.23030448717948715,0.7583123473748473,0.4692168416944476,1716,1717,283
placebo,all_alfworld,all,absolute_readout,D_centered_gate::decision::unsigned,auroc_large_change_vs_rest,0.6,0.2361111111111111,0.725,0.48352359549954854,1716,1717,283
placebo,all_alfworld,all,absolute_readout,D_centered_gate::decision::unsigned,top_quartile_mean_absolute_delta,0.03308554292929293,0.012394272179155902,0.07654205412652966,0.04064397182769386,1717,1717,283
placebo,all_alfworld,all,absolute_readout,D_centered_gate::decision::unsigned,top_quartile_lift,0.8468031135322459,0.24800285074143144,1.2675440310815744,0.724245671271466,1717,1717,283
placebo,all_alfworld,all,absolute_readout,D_ungated::decision::reward,spearman,0.280086755036054,-0.2099067987364424,0.5350425811210915,0.1646543562686795,1717,1717,283
placebo,all_alfworld,all,absolute_readout,D_ungated::decision::reward,average_precision,0.4291666666666666,0.3019816733511586,0.8412969606151425,0.5413045433631992,1716,1717,283
placebo,all_alfworld,all,absolute_readout,D_ungated::decision::reward,auroc_large_change_vs_rest,0.6153846153846154,0.345679012345679,0.8064236111111112,0.5798350648349506,1716,1717,283
placebo,all_alfworld,all,absolute_readout,D_ungated::decision::reward,top_quartile_mean_absolute_delta,0.05412800999757521,0.02959723543047341,0.1206999506677365,0.06991784566437652,1717,1717,283
placebo,all_alfworld,all,absolute_readout,D_ungated::decision::reward,top_quartile_lift,1.3853714745805072,0.5684683212384124,2.019363688087346,1.2470941244464457,1717,1717,283
placebo,all_alfworld,all,absolute_readout,D_ungated::decision::unsigned,spearman,0.09439961003067006,-0.29274407172851513,0.4540152060930591,0.08110363472526355,1717,1717,283
placebo,all_alfworld,all,absolute_readout,D_ungated::decision::unsigned,average_precision,0.3625,0.2320874183006536,0.8222569444444445,0.5058729278689906,1716,1717,283
placebo,all_alfworld,all,absolute_readout,D_ungated::decision::unsigned,auroc_large_change_vs_rest,0.5076923076923077,0.2911458333333333,0.7916666666666666,0.5352996126964601,1716,1717,283
placebo,all_alfworld,all,absolute_readout,D_ungated::decision::unsigned,top_quartile_mean_absolute_delta,0.03416662401037401,0.022363146868234218,0.09415214019851115,0.054057406468146954,1717,1717,283
placebo,all_alfworld,all,absolute_readout,D_ungated::decision::unsigned,top_quartile_lift,0.8744726859311845,0.4588748208714499,1.5790586184822335,0.9643115239291755,1717,1717,283
placebo,all_alfworld,all,absolute_readout,D_signed::decision::reward,spearman,0.0632788594711085,-0.42253204238349407,0.3734534546927891,-0.012414974109911048,1717,1717,283
placebo,all_alfworld,all,absolute_readout,D_signed::decision::reward,average_precision,0.4401010101010101,0.24705489567621922,0.7218032620973798,0.5194591827323024,1716,1717,283
placebo,all_alfworld,all,absolute_readout,D_signed::decision::reward,auroc_large_change_vs_rest,0.4461538461538462,0.2637152777777778,0.7647966594045025,0.5024308836990946,1716,1717,283
placebo,all_alfworld,all,absolute_readout,D_signed::decision::reward,top_quartile_mean_absolute_delta,0.0655072463768116,0.026317279942279944,0.1314474789915966,0.07229681905213566,1717,1717,283
placebo,all_alfworld,all,absolute_readout,D_signed::decision::reward,top_quartile_lift,1.676615684057432,0.5873714886099419,1.9620021898997555,1.2653638195578032,1717,1717,283
placebo,all_alfworld,all,absolute_readout,D_signed::decision::unsigned,spearman,0.15767846950177855,-0.4004145068863714,0.41351814747580046,0.03555300734413069,1717,1717,283
placebo,all_alfworld,all,absolute_readout,D_signed::decision::unsigned,average_precision,0.40820512820512816,0.24555555555555555,0.7721473089725931,0.4930547060516328,1716,1717,283
placebo,all_alfworld,all,absolute_readout,D_signed::decision::unsigned,auroc_large_change_vs_rest,0.6,0.275,0.7638888888888888,0.5188295043241568,1716,1717,283
placebo,all_alfworld,all,absolute_readout,D_signed::decision::unsigned,top_quartile_mean_absolute_delta,0.04564164648910411,0.01794815340909091,0.11929717484008526,0.05840617129331568,1717,1717,283
placebo,all_alfworld,all,absolute_readout,D_signed::decision::unsigned,top_quartile_lift,1.1681684787917561,0.37882713702348214,1.7355669975587023,1.0200436683357255,1717,1717,283
placebo,all_alfworld,all,absolute_readout,D_signed_gate::decision::reward,spearman,0.04253169243140079,-0.30356779339607715,0.4803541947201826,0.08004125932970592,1717,1717,283
placebo,all_alfworld,all,absolute_readout,D_signed_gate::decision::reward,average_precision,0.3058333333333333,0.24815422322775266,0.793912037037037,0.49038616332702356,1716,1717,283
placebo,all_alfworld,all,absolute_readout,D_signed_gate::decision::reward,auroc_large_change_vs_rest,0.47692307692307695,0.312398538961039,0.7875,0.5441461323833547,1716,1717,283
placebo,all_alfworld,all,absolute_readout,D_signed_gate::decision::reward,top_quartile_mean_absolute_delta,0.03833333333333333,0.016666666666666666,0.13033333333333327,0.06401118474098776,1717,1717,283
placebo,all_alfworld,all,absolute_readout,D_signed_gate::decision::reward,top_quartile_lift,0.9811169213123687,0.3811264721263851,1.8625130322814636,1.1039934727900325,1717,1717,283
placebo,all_alfworld,all,absolute_readout,D_signed_gate::decision::unsigned,spearman,0.29149769690789323,-0.21183225388765778,0.6112980809276414,0.22253169804825287,1717,1717,283
placebo,all_alfworld,all,absolute_readout,D_signed_gate::decision::unsigned,average_precision,0.45761437908496727,0.2838190730837789,0.8847912953060011,0.6097196258919055,1716,1717,283
placebo,all_alfworld,all,absolute_readout,D_signed_gate::decision::unsigned,auroc_large_change_vs_rest,0.47692307692307695,0.3472222222222222,0.8630208333333333,0.6063744050936393,1716,1717,283
placebo,all_alfworld,all,absolute_readout,D_signed_gate::decision::unsigned,top_quartile_mean_absolute_delta,0.06658832745789268,0.03757343514328808,0.1596087398373983,0.09018697627968064,1717,1717,283
placebo,all_alfworld,all,absolute_readout,D_signed_gate::decision::unsigned,top_quartile_lift,1.7042852564563709,0.8674284755115911,2.289236385890679,1.5746498031150333,1717,1717,283
placebo,all_alfworld,all,absolute_readout,D_sign_balance::decision::reward,spearman,0.053942634303240033,-0.38509687001039755,0.3367334904510245,-0.010673990413061017,1717,1717,283
placebo,all_alfworld,all,absolute_readout,D_sign_balance::decision::reward,average_precision,0.3538095238095238,0.25114278083028085,0.6736272194828345,0.4759446862194609,1716,1717,283
placebo,all_alfworld,all,absolute_readout,D_sign_balance::decision::reward,auroc_large_change_vs_rest,0.49230769230769234,0.27743055555555557,0.7647058823529411,0.5185633075788876,1716,1717,283
placebo,all_alfworld,all,absolute_readout,D_sign_balance::decision::reward,top_quartile_mean_absolute_delta,0.0655072463768116,0.026317279942279944,0.1314474789915966,0.07229681905213566,1717,1717,283
placebo,all_alfworld,all,absolute_readout,D_sign_balance::decision::reward,top_quartile_lift,1.676615684057432,0.5873714886099419,1.9620021898997555,1.2653638195578032,1717,1717,283
placebo,all_alfworld,all,absolute_readout,D_sign_balance::decision::unsigned,spearman,0.1047731935505239,-0.3443186249578019,0.3932432249582137,0.03268705235609954,1717,1717,283
placebo,all_alfworld,all,absolute_readout,D_sign_balance::decision::unsigned,average_precision,0.5095238095238095,0.2406750296272355,0.8041293362942761,0.5208645178917032,1716,1717,283
placebo,all_alfworld,all,absolute_readout,D_sign_balance::decision::unsigned,auroc_large_change_vs_rest,0.6,0.2839506172839506,0.7549278846153846,0.5204069302429174,1716,1717,283
placebo,all_alfworld,all,absolute_readout,D_sign_balance::decision::unsigned,top_quartile_mean_absolute_delta,0.04564164648910411,0.01794815340909091,0.11929717484008526,0.05840617129331568,1717,1717,283
placebo,all_alfworld,all,absolute_readout,D_sign_balance::decision::unsigned,top_quartile_lift,1.1681684787917561,0.37882713702348214,1.7355669975587023,1.0200436683357255,1717,1717,283
placebo,all_alfworld,all,absolute_readout,D_negative_fraction::decision::reward,spearman,0.29253505525987866,-0.1995867764180519,0.5457059983467974,0.17337141975346104,1717,1717,283
placebo,all_alfworld,all,absolute_readout,D_negative_fraction::decision::reward,average_precision,0.48666666666666664,0.3087367238562091,0.8406948491323489,0.5479887145689385,1716,1717,283
placebo,all_alfworld,all,absolute_readout,D_negative_fraction::decision::reward,auroc_large_change_vs_rest,0.7076923076923077,0.35056818181818183,0.8308191808191808,0.589325830852666,1716,1717,283
placebo,all_alfworld,all,absolute_readout,D_negative_fraction::decision::reward,top_quartile_mean_absolute_delta,0.0613777820910973,0.030393472906403943,0.12025768849206349,0.07198866837879252,1717,1717,283
placebo,all_alfworld,all,absolute_readout,D_negative_fraction::decision::reward,top_quartile_lift,1.5709247113617086,0.6226349736634446,1.9610167829526792,1.2818017312690124,1717,1717,283
placebo,all_alfworld,all,absolute_readout,D_negative_fraction::decision::unsigned,spearman,-0.025933958799634633,-0.32792704989732413,0.46861054979640016,0.06926247363022572,1717,1717,283
placebo,all_alfworld,all,absolute_readout,D_negative_fraction::decision::unsigned,average_precision,0.4348809523809523,0.24671855921855923,0.8339598383869216,0.5159490505474489,1716,1717,283
placebo,all_alfworld,all,absolute_readout,D_negative_fraction::decision::unsigned,auroc_large_change_vs_rest,0.5692307692307692,0.2638888888888889,0.8026069223985891,0.5373074620182292,1716,1717,283
placebo,all_alfworld,all,absolute_readout,D_negative_fraction::decision::unsigned,top_quartile_mean_absolute_delta,0.02734844219219219,0.019748957482679595,0.11085752990260654,0.056412005094723265,1717,1717,283
placebo,all_alfworld,all,absolute_readout,D_negative_fraction::decision::unsigned,top_quartile_lift,0.6999657236424233,0.39782181557497176,1.7452226369282113,0.9965440752371415,1717,1717,283
placebo,all_alfworld,all,absolute_readout,D_adv::decision::reward,spearman,0.21369582050898936,-0.33675003807341164,0.5088473350257208,0.09659251164857885,1717,1717,283
placebo,all_alfworld,all,absolute_readout,D_adv::decision::reward,average_precision,0.5126984126984127,0.22549019607843135,0.8150527597402598,0.5343194150886262,1716,1717,283
placebo,all_alfworld,all,absolute_readout,D_adv::decision::reward,auroc_large_change_vs_rest,0.6615384615384615,0.26785714285714285,0.7878279320987654,0.5378253163916643,1716,1717,283
placebo,all_alfworld,all,absolute_readout,D_adv::decision::reward,top_quartile_mean_absolute_delta,0.033700128700128694,0.017161915204678364,0.10517511520737326,0.053701806722651624,1717,1717,283
placebo,all_alfworld,all,absolute_readout,D_adv::decision::reward,top_quartile_lift,0.8625330396026313,0.35281374302679014,1.6273782795368865,0.9442850680692872,1717,1717,283
placebo,all_alfworld,all,absolute_readout,D_adv::decision::unsigned,spearman,0.15767846950177855,-0.4004145068863714,0.41351814747580046,0.03555300734413069,1717,1717,283
placebo,all_alfworld,all,absolute_readout,D_adv::decision::unsigned,average_precision,0.40820512820512816,0.24555555555555555,0.7721473089725931,0.4930547060516328,1716,1717,283
placebo,all_alfworld,all,absolute_readout,D_adv::decision::unsigned,auroc_large_change_vs_rest,0.6,0.275,0.7638888888888888,0.5188295043241568,1716,1717,283
placebo,all_alfworld,all,absolute_readout,D_adv::decision::unsigned,top_quartile_mean_absolute_delta,0.04564164648910411,0.01794815340909091,0.11929717484008526,0.05840617129331568,1717,1717,283
placebo,all_alfworld,all,absolute_readout,D_adv::decision::unsigned,top_quartile_lift,1.1681684787917561,0.37882713702348214,1.7355669975587023,1.0200436683357255,1717,1717,283
placebo,all_alfworld,all,absolute_readout,D_adv_gate::decision::reward,spearman,0.07365244299096235,-0.2659437981432984,0.4429998695413839,0.08066842149724161,1717,1717,283
placebo,all_alfworld,all,absolute_readout,D_adv_gate::decision::reward,average_precision,0.3246031746031746,0.23628472222222222,0.7993572255291005,0.51897445070986,1716,1717,283
placebo,all_alfworld,all,absolute_readout,D_adv_gate::decision::reward,auroc_large_change_vs_rest,0.46153846153846156,0.27743055555555557,0.7532467532467533,0.5219630175806761,1716,1717,283
placebo,all_alfworld,all,absolute_readout,D_adv_gate::decision::reward,top_quartile_mean_absolute_delta,0.033700128700128694,0.017161915204678364,0.10517511520737326,0.053701806722651624,1717,1717,283
placebo,all_alfworld,all,absolute_readout,D_adv_gate::decision::reward,top_quartile_lift,0.8625330396026313,0.35281374302679014,1.6273782795368865,0.9442850680692872,1717,1717,283
placebo,all_alfworld,all,absolute_readout,D_adv_gate::decision::unsigned,spearman,0.29149769690789323,-0.21183225388765778,0.6112980809276414,0.22253169804825287,1717,1717,283
placebo,all_alfworld,all,absolute_readout,D_adv_gate::decision::unsigned,average_precision,0.45761437908496727,0.2838190730837789,0.8847912953060011,0.6097196258919055,1716,1717,283
placebo,all_alfworld,all,absolute_readout,D_adv_gate::decision::unsigned,auroc_large_change_vs_rest,0.47692307692307695,0.3472222222222222,0.8630208333333333,0.6063744050936393,1716,1717,283
placebo,all_alfworld,all,absolute_readout,D_adv_gate::decision::unsigned,top_quartile_mean_absolute_delta,0.06658832745789268,0.03757343514328808,0.1596087398373983,0.09018697627968064,1717,1717,283
placebo,all_alfworld,all,absolute_readout,D_adv_gate::decision::unsigned,top_quartile_lift,1.7042852564563709,0.8674284755115911,2.289236385890679,1.5746498031150333,1717,1717,283
placebo,all_alfworld,all,absolute_readout,D_sqrtadv::decision::reward,spearman,0.3900467403465049,-0.3509464704857651,0.49604859760612074,0.08511484459571735,1717,1717,283
placebo,all_alfworld,all,absolute_readout,D_sqrtadv::decision::reward,average_precision,0.4333333333333333,0.2587990457935311,0.818811274509804,0.535657326674638,1716,1717,283
placebo,all_alfworld,all,absolute_readout,D_sqrtadv::decision::reward,auroc_large_change_vs_rest,0.676923076923077,0.31130751964085296,0.8028098444765112,0.5535429532720743,1716,1717,283
placebo,all_alfworld,all,absolute_readout,D_sqrtadv::decision::reward,top_quartile_mean_absolute_delta,0.05261904761904762,0.017499999999999998,0.12413257575757575,0.06159901239463025,1717,1717,283
placebo,all_alfworld,all,absolute_readout,D_sqrtadv::decision::reward,top_quartile_lift,1.3467505565840592,0.3700499416572459,1.825211792195108,1.0676116235963686,1717,1717,283
placebo,all_alfworld,all,absolute_readout,D_sqrtadv::decision::unsigned,spearman,0.15767846950177855,-0.4004145068863714,0.41351814747580046,0.03555300734413069,1717,1717,283
placebo,all_alfworld,all,absolute_readout,D_sqrtadv::decision::unsigned,average_precision,0.40820512820512816,0.24555555555555555,0.7721473089725931,0.4930547060516328,1716,1717,283
placebo,all_alfworld,all,absolute_readout,D_sqrtadv::decision::unsigned,auroc_large_change_vs_rest,0.6,0.275,0.7638888888888888,0.5188295043241568,1716,1717,283
placebo,all_alfworld,all,absolute_readout,D_sqrtadv::decision::unsigned,top_quartile_mean_absolute_delta,0.04564164648910411,0.01794815340909091,0.11929717484008526,0.05840617129331568,1717,1717,283
placebo,all_alfworld,all,absolute_readout,D_sqrtadv::decision::unsigned,top_quartile_lift,1.1681684787917561,0.37882713702348214,1.7355669975587023,1.0200436683357255,1717,1717,283
placebo,all_alfworld,all,absolute_readout,D_work::decision::reward,spearman,0.19294865346928167,-0.24944004751802526,0.4847047247500346,0.12653374287546623,1717,1717,283
placebo,all_alfworld,all,absolute_readout,D_work::decision::reward,average_precision,0.36702865761689296,0.24569852941176473,0.8525544552094517,0.5412793466960188,1716,1717,283
placebo,all_alfworld,all,absolute_readout,D_work::decision::reward,auroc_large_change_vs_rest,0.5538461538461539,0.30357142857142855,0.7916666666666666,0.5540096034099987,1716,1717,283
placebo,all_alfworld,all,absolute_readout,D_work::decision::reward,top_quartile_mean_absolute_delta,0.03981123981123981,0.023165823147440794,0.1158026315789473,0.06407193895477918,1717,1717,283
placebo,all_alfworld,all,absolute_readout,D_work::decision::reward,top_quartile_lift,1.0189429835799655,0.4977533539457353,1.8212473323398024,1.1302626174123327,1717,1717,283
placebo,all_alfworld,all,absolute_readout,D_work::decision::unsigned,spearman,0.0352701839675031,-0.3652095912989167,0.3828418114041135,0.019541836738280978,1717,1717,283
placebo,all_alfworld,all,absolute_readout,D_work::decision::unsigned,average_precision,0.2788235294117647,0.25139653034873627,0.6924107079788898,0.47429146252241067,1716,1717,283
placebo,all_alfworld,all,absolute_readout,D_work::decision::unsigned,auroc_large_change_vs_rest,0.38461538461538464,0.2872767857142857,0.75,0.5232503658712866,1716,1717,283
placebo,all_alfworld,all,absolute_readout,D_work::decision::unsigned,top_quartile_mean_absolute_delta,0.039414414414414414,0.017142549261083745,0.12905318428184273,0.06278458756086631,1717,1717,283
placebo,all_alfworld,all,absolute_readout,D_work::decision::unsigned,top_quartile_lift,1.0087864937113076,0.38438400910391224,1.871918182227585,1.084686583051502,1717,1717,283
placebo,all_alfworld,all,absolute_readout,D_work_gate::decision::reward,spearman,0.4626618249854818,-0.1118239188703414,0.6705661336325868,0.3077800420507588,1717,1717,283
placebo,all_alfworld,all,absolute_readout,D_work_gate::decision::reward,average_precision,0.4432900432900433,0.27649209450680035,0.8912836199294532,0.5791749644497584,1716,1717,283
placebo,all_alfworld,all,absolute_readout,D_work_gate::decision::reward,auroc_large_change_vs_rest,0.7230769230769231,0.3875,0.8765906932573599,0.6399384352362237,1716,1717,283
placebo,all_alfworld,all,absolute_readout,D_work_gate::decision::reward,top_quartile_mean_absolute_delta,0.03981123981123981,0.023165823147440794,0.1158026315789473,0.06407193895477918,1717,1717,283
placebo,all_alfworld,all,absolute_readout,D_work_gate::decision::reward,top_quartile_lift,1.0189429835799655,0.4977533539457353,1.8212473323398024,1.1302626174123327,1717,1717,283
placebo,all_alfworld,all,absolute_readout,D_work_gate::decision::unsigned,spearman,0.24170449601259478,-0.34528762394338863,0.451664685750313,0.07919746598717659,1717,1717,283
placebo,all_alfworld,all,absolute_readout,D_work_gate::decision::unsigned,average_precision,0.3175124875124875,0.2402917038027332,0.7545451429141269,0.507656574363057,1716,1717,283
placebo,all_alfworld,all,absolute_readout,D_work_gate::decision::unsigned,auroc_large_change_vs_rest,0.5076923076923077,0.2857142857142857,0.7777777777777778,0.537978868268044,1716,1717,283
placebo,all_alfworld,all,absolute_readout,D_work_gate::decision::unsigned,top_quartile_mean_absolute_delta,0.05052552552552553,0.021851395730706075,0.12476145186335397,0.06610845832295548,1717,1717,283
placebo,all_alfworld,all,absolute_readout,D_work_gate::decision::unsigned,top_quartile_lift,1.2931682100337334,0.4933019690966257,1.8718465623257823,1.1549427697008174,1717,1717,283
placebo,all_alfworld,all,absolute_readout,D_cos_raw::decision::reward,spearman,-0.1410807358700124,-0.46821800468027047,0.275855161735405,-0.09330031534618881,1717,1717,283
placebo,all_alfworld,all,absolute_readout,D_cos_raw::decision::reward,average_precision,0.3121381886087768,0.24804821047008546,0.7047956907916801,0.4603270006171026,1716,1717,283
placebo,all_alfworld,all,absolute_readout,D_cos_raw::decision::reward,auroc_large_change_vs_rest,0.36923076923076925,0.24667832167832168,0.7326388888888888,0.47848215678669537,1716,1717,283
placebo,all_alfworld,all,absolute_readout,D_cos_raw::decision::reward,top_quartile_mean_absolute_delta,0.05717391304347826,0.02259325396825397,0.13387439446908297,0.07001072158330668,1717,1717,283
placebo,all_alfworld,all,absolute_readout,D_cos_raw::decision::reward,top_quartile_lift,1.4633293968156125,0.5320273181567683,1.953367686459827,1.2186324091537835,1717,1717,283
placebo,all_alfworld,all,absolute_readout,D_cos_raw::decision::unsigned,spearman,0.13796866081405623,-0.3425158780634857,0.39381932170623085,0.023259469681356885,1717,1717,283
placebo,all_alfworld,all,absolute_readout,D_cos_raw::decision::unsigned,average_precision,0.4196428571428571,0.2545387700534759,0.7627670858553209,0.49055021183018743,1716,1717,283
placebo,all_alfworld,all,absolute_readout,D_cos_raw::decision::unsigned,auroc_large_change_vs_rest,0.5846153846153846,0.2987012987012987,0.7753472222222222,0.5295095443276204,1716,1717,283
placebo,all_alfworld,all,absolute_readout,D_cos_raw::decision::unsigned,top_quartile_mean_absolute_delta,0.05064164648910412,0.015025988266119844,0.11393828745880984,0.05583663241036914,1717,1717,283
placebo,all_alfworld,all,absolute_readout,D_cos_raw::decision::unsigned,top_quartile_lift,1.2961402511368476,0.3412911402842074,1.68165033988011,0.9735424365415157,1717,1717,283
placebo,all_alfworld,all,absolute_readout,D_cos_centered::decision::reward,spearman,-0.004149433407941541,-0.41802619998625407,0.3245223360686012,-0.04136116787303987,1717,1717,283
placebo,all_alfworld,all,absolute_readout,D_cos_centered::decision::reward,average_precision,0.335042735042735,0.24313492063492065,0.6667176573426574,0.464037445202963,1716,1717,283
placebo,all_alfworld,all,absolute_readout,D_cos_centered::decision::reward,auroc_large_change_vs_rest,0.4153846153846154,0.26131368631368634,0.75,0.49614309715077004,1716,1717,283
placebo,all_alfworld,all,absolute_readout,D_cos_centered::decision::reward,top_quartile_mean_absolute_delta,0.0655072463768116,0.026317279942279944,0.1314474789915966,0.07229681905213566,1717,1717,283
placebo,all_alfworld,all,absolute_readout,D_cos_centered::decision::reward,top_quartile_lift,1.676615684057432,0.5873714886099419,1.9620021898997555,1.2653638195578032,1717,1717,283
placebo,all_alfworld,all,absolute_readout,D_cos_centered::decision::unsigned,spearman,0.1825750699494278,-0.35150477816387615,0.4214823119415474,0.07123030884940745,1717,1717,283
placebo,all_alfworld,all,absolute_readout,D_cos_centered::decision::unsigned,average_precision,0.6240384615384615,0.2518162393162393,0.771988943543088,0.5568143899669733,1716,1717,283
placebo,all_alfworld,all,absolute_readout,D_cos_centered::decision::unsigned,auroc_large_change_vs_rest,0.6461538461538462,0.3053075396825397,0.7777777777777778,0.5420262734041786,1716,1717,283
placebo,all_alfworld,all,absolute_readout,D_cos_centered::decision::unsigned,top_quartile_mean_absolute_delta,0.04564164648910411,0.01794815340909091,0.11929717484008526,0.05840617129331568,1717,1717,283
placebo,all_alfworld,all,absolute_readout,D_cos_centered::decision::unsigned,top_quartile_lift,1.1681684787917561,0.37882713702348214,1.7355669975587023,1.0200436683357255,1717,1717,283
placebo,all_alfworld,all,absolute_readout,D_cos_centered_gate::decision::reward,spearman,0.03630754231948848,-0.2890859668319684,0.48172605644965144,0.09274740043969555,1717,1717,283
placebo,all_alfworld,all,absolute_readout,D_cos_centered_gate::decision::reward,average_precision,0.34298368298368304,0.25692526223776224,0.8075765193412252,0.4997633976429426,1716,1717,283
placebo,all_alfworld,all,absolute_readout,D_cos_centered_gate::decision::reward,auroc_large_change_vs_rest,0.5692307692307692,0.3333333333333333,0.8037743506493507,0.5599468615759923,1716,1717,283
placebo,all_alfworld,all,absolute_readout,D_cos_centered_gate::decision::reward,top_quartile_mean_absolute_delta,0.03833333333333333,0.016666666666666666,0.13033333333333327,0.06401118474098776,1717,1717,283
placebo,all_alfworld,all,absolute_readout,D_cos_centered_gate::decision::reward,top_quartile_lift,0.9811169213123687,0.3811264721263851,1.8625130322814636,1.1039934727900325,1717,1717,283
placebo,all_alfworld,all,absolute_readout,D_cos_centered_gate::decision::unsigned,spearman,0.4159806991461395,-0.12477849427982825,0.6533830086047049,0.2851081760103536,1717,1717,283
placebo,all_alfworld,all,absolute_readout,D_cos_centered_gate::decision::unsigned,average_precision,0.6060762766645119,0.3480224381419234,0.8959811702458761,0.6609099115737691,1716,1717,283
placebo,all_alfworld,all,absolute_readout,D_cos_centered_gate::decision::unsigned,auroc_large_change_vs_rest,0.6153846153846154,0.3764204545454546,0.9,0.6464714681007273,1716,1717,283
placebo,all_alfworld,all,absolute_readout,D_cos_centered_gate::decision::unsigned,top_quartile_mean_absolute_delta,0.06658832745789268,0.03757343514328808,0.1596087398373983,0.09018697627968064,1717,1717,283
placebo,all_alfworld,all,absolute_readout,D_cos_centered_gate::decision::unsigned,top_quartile_lift,1.7042852564563709,0.8674284755115911,2.289236385890679,1.5746498031150333,1717,1717,283
placebo,all_alfworld,all,absolute_readout,D_cos_adv::decision::reward,spearman,0.21369582050898936,-0.33738659439471486,0.4880475084243376,0.0919194286967555,1717,1717,283
placebo,all_alfworld,all,absolute_readout,D_cos_adv::decision::reward,average_precision,0.5412698412698413,0.23021008403361345,0.823721340388007,0.5386843773100132,1716,1717,283
placebo,all_alfworld,all,absolute_readout,D_cos_adv::decision::reward,auroc_large_change_vs_rest,0.676923076923077,0.27258698092031425,0.7878279320987654,0.5373877642317841,1716,1717,283
placebo,all_alfworld,all,absolute_readout,D_cos_adv::decision::reward,top_quartile_mean_absolute_delta,0.03777529761904762,0.017497294372294372,0.1024361472868732,0.054188656635227025,1717,1717,283
placebo,all_alfworld,all,absolute_readout,D_cos_adv::decision::reward,top_quartile_lift,0.9668343574345684,0.3839485018686488,1.6311052784766262,0.9559443395367127,1717,1717,283
placebo,all_alfworld,all,absolute_readout,D_cos_adv::decision::unsigned,spearman,0.1825750699494278,-0.35150477816387615,0.4214823119415474,0.07123030884940745,1717,1717,283
placebo,all_alfworld,all,absolute_readout,D_cos_adv::decision::unsigned,average_precision,0.6240384615384615,0.2518162393162393,0.771988943543088,0.5568143899669733,1716,1717,283
placebo,all_alfworld,all,absolute_readout,D_cos_adv::decision::unsigned,auroc_large_change_vs_rest,0.6461538461538462,0.3053075396825397,0.7777777777777778,0.5420262734041786,1716,1717,283
placebo,all_alfworld,all,absolute_readout,D_cos_adv::decision::unsigned,top_quartile_mean_absolute_delta,0.04564164648910411,0.01794815340909091,0.11929717484008526,0.05840617129331568,1717,1717,283
placebo,all_alfworld,all,absolute_readout,D_cos_adv::decision::unsigned,top_quartile_lift,1.1681684787917561,0.37882713702348214,1.7355669975587023,1.0200436683357255,1717,1717,283
placebo,all_alfworld,all,absolute_readout,D_cos_negative::decision::reward,spearman,0.3506271229710602,-0.14354321938849665,0.5913603110390159,0.22651611086340318,1717,1717,283
placebo,all_alfworld,all,absolute_readout,D_cos_negative::decision::reward,average_precision,0.5755555555555556,0.3439194139194139,0.8612755535691056,0.6071150585409701,1716,1717,283
placebo,all_alfworld,all,absolute_readout,D_cos_negative::decision::reward,auroc_large_change_vs_rest,0.7076923076923077,0.375,0.8375,0.617687777677951,1716,1717,283
placebo,all_alfworld,all,absolute_readout,D_cos_negative::decision::reward,top_quartile_mean_absolute_delta,0.05820317891649414,0.03140539969624369,0.11822606084175957,0.0704046955769519,1717,1717,283
placebo,all_alfworld,all,absolute_readout,D_cos_negative::decision::reward,top_quartile_lift,1.4896727924124444,0.6103228801839754,1.985330993138452,1.2587533959138717,1717,1717,283
placebo,all_alfworld,all,absolute_readout,D_cos_negative::decision::unsigned,spearman,0.09543696838265545,-0.2245378043967847,0.5284395997389871,0.15826684653319822,1717,1717,283
placebo,all_alfworld,all,absolute_readout,D_cos_negative::decision::unsigned,average_precision,0.37202380952380953,0.25464564234784826,0.842367383773634,0.5206361642695219,1716,1717,283
placebo,all_alfworld,all,absolute_readout,D_cos_negative::decision::unsigned,auroc_large_change_vs_rest,0.5384615384615384,0.325,0.8055555555555556,0.5682482064170127,1716,1717,283
placebo,all_alfworld,all,absolute_readout,D_cos_negative::decision::unsigned,top_quartile_mean_absolute_delta,0.024010374010374008,0.018739222592736242,0.10818712369683628,0.05452339929544414,1717,1717,283
placebo,all_alfworld,all,absolute_readout,D_cos_negative::decision::unsigned,top_quartile_lift,0.6145300233552172,0.3865134044788745,1.6891756308837347,0.9579941336958907,1717,1717,283
placebo,all_alfworld,all,absolute_readout,D_soft::decision::reward,spearman,0.07365244299096235,-0.2412929440574801,0.4919172645957091,0.12974691037249864,1717,1717,283
placebo,all_alfworld,all,absolute_readout,D_soft::decision::reward,average_precision,0.42787878787878786,0.24753298682526625,0.7962566368816368,0.5448758576873586,1716,1717,283
placebo,all_alfworld,all,absolute_readout,D_soft::decision::reward,auroc_large_change_vs_rest,0.47692307692307695,0.3333333333333333,0.7922077922077922,0.5633101778922257,1716,1717,283
placebo,all_alfworld,all,absolute_readout,D_soft::decision::reward,top_quartile_mean_absolute_delta,0.03833333333333333,0.016666666666666666,0.13033333333333327,0.06401118474098776,1717,1717,283
placebo,all_alfworld,all,absolute_readout,D_soft::decision::reward,top_quartile_lift,0.9811169213123687,0.3811264721263851,1.8625130322814636,1.1039934727900325,1717,1717,283
placebo,all_alfworld,all,absolute_readout,D_soft::decision::unsigned,spearman,0.29668448866782016,-0.22720250410723447,0.5006351734214937,0.14189471931976683,1717,1717,283
placebo,all_alfworld,all,absolute_readout,D_soft::decision::unsigned,average_precision,0.43195693195693197,0.24832616321586912,0.7927566578301873,0.5531534911526808,1716,1717,283
placebo,all_alfworld,all,absolute_readout,D_soft::decision::unsigned,auroc_large_change_vs_rest,0.49230769230769234,0.3,0.7875,0.5601171215246784,1716,1717,283
placebo,all_alfworld,all,absolute_readout,D_soft::decision::unsigned,top_quartile_mean_absolute_delta,0.05077034661780425,0.020700570790692062,0.12518864468864468,0.06405878207277493,1717,1717,283
placebo,all_alfworld,all,absolute_readout,D_soft::decision::unsigned,top_quartile_lift,1.2994342478510073,0.45781627400181185,1.8515921617138205,1.120533945804579,1717,1717,283
placebo,all_alfworld,all,absolute_readout,D_soft_negative::decision::reward,spearman,0.4149433407941541,-0.3015127860150248,0.4606223306185427,0.0888021869142095,1717,1717,283
placebo,all_alfworld,all,absolute_readout,D_soft_negative::decision::reward,average_precision,0.4847222222222222,0.2951112255799756,0.8225883780571281,0.5287696558920109,1716,1717,283
placebo,all_alfworld,all,absolute_readout,D_soft_negative::decision::reward,auroc_large_change_vs_rest,0.676923076923077,0.32079475308641975,0.7916666666666666,0.553933554075171,1716,1717,283
placebo,all_alfworld,all,absolute_readout,D_soft_negative::decision::reward,top_quartile_mean_absolute_delta,0.05391024962356483,0.027929347173826474,0.11282092366415962,0.06472622618828645,1717,1717,283
placebo,all_alfworld,all,absolute_readout,D_soft_negative::decision::reward,top_quartile_lift,1.3797980383787796,0.5464465788452724,1.8325027468521913,1.15626465795659,1717,1717,283
placebo,all_alfworld,all,absolute_readout,D_soft_negative::decision::unsigned,spearman,0.12344564388626085,-0.4783628141903781,0.3269709881080601,-0.0674380191696957,1717,1717,283
placebo,all_alfworld,all,absolute_readout,D_soft_negative::decision::unsigned,average_precision,0.36987179487179483,0.2196207264957265,0.750059603433183,0.46041034752980553,1716,1717,283
placebo,all_alfworld,all,absolute_readout,D_soft_negative::decision::unsigned,auroc_large_change_vs_rest,0.5538461538461539,0.225,0.7125,0.47360623967051646,1716,1717,283
placebo,all_alfworld,all,absolute_readout,D_soft_negative::decision::unsigned,top_quartile_mean_absolute_delta,0.022929292929292928,0.010444919579065922,0.07202258708272859,0.036633242067899155,1717,1717,283
placebo,all_alfworld,all,absolute_readout,D_soft_negative::decision::unsigned,top_quartile_lift,0.5868604509562786,0.21643291037310425,1.1906080353115154,0.6487081501386608,1717,1717,283
placebo,all_alfworld,all,absolute_readout,D_soft_cos::decision::reward,spearman,0.15145431938986625,-0.15636021033372768,0.5803284916785866,0.20150047244965677,1717,1717,283
placebo,all_alfworld,all,absolute_readout,D_soft_cos::decision::reward,average_precision,0.3704761904761905,0.26442099567099564,0.8286359473859474,0.5272110822112218,1716,1717,283
placebo,all_alfworld,all,absolute_readout,D_soft_cos::decision::reward,auroc_large_change_vs_rest,0.5692307692307692,0.37662337662337664,0.8311688311688312,0.6005708018006483,1716,1717,283
placebo,all_alfworld,all,absolute_readout,D_soft_cos::decision::reward,top_quartile_mean_absolute_delta,0.03833333333333333,0.016666666666666666,0.13033333333333327,0.06401118474098776,1717,1717,283
placebo,all_alfworld,all,absolute_readout,D_soft_cos::decision::reward,top_quartile_lift,0.9811169213123687,0.3811264721263851,1.8625130322814636,1.1039934727900325,1717,1717,283
placebo,all_alfworld,all,absolute_readout,D_soft_cos::decision::unsigned,spearman,0.34232825615517715,-0.15822984579865693,0.5677659172775337,0.22331255809175232,1717,1717,283
placebo,all_alfworld,all,absolute_readout,D_soft_cos::decision::unsigned,average_precision,0.4299346405228758,0.2640047557970352,0.8409360431235432,0.5763744047976094,1716,1717,283
placebo,all_alfworld,all,absolute_readout,D_soft_cos::decision::unsigned,auroc_large_change_vs_rest,0.47692307692307695,0.3333333333333333,0.8311688311688312,0.5930535958501559,1716,1717,283
placebo,all_alfworld,all,absolute_readout,D_soft_cos::decision::unsigned,top_quartile_mean_absolute_delta,0.05077034661780425,0.020700570790692062,0.12518864468864468,0.06405878207277493,1717,1717,283
placebo,all_alfworld,all,absolute_readout,D_soft_cos::decision::unsigned,top_quartile_lift,1.2994342478510073,0.45781627400181185,1.8515921617138205,1.120533945804579,1717,1717,283
placebo,all_alfworld,all,absolute_readout,D_sigmoid::decision::reward,spearman,-0.10788526860648007,-0.38486347721369735,0.3702689346028806,-0.004505157501451837,1717,1717,283
placebo,all_alfworld,all,absolute_readout,D_sigmoid::decision::reward,average_precision,0.312156862745098,0.23888358373652493,0.7825490825084291,0.4922700799026239,1716,1717,283
placebo,all_alfworld,all,absolute_readout,D_sigmoid::decision::reward,auroc_large_change_vs_rest,0.38461538461538464,0.2747159090909091,0.7532467532467533,0.5138313868843144,1716,1717,283
placebo,all_alfworld,all,absolute_readout,D_sigmoid::decision::reward,top_quartile_mean_absolute_delta,0.03833333333333333,0.016666666666666666,0.13033333333333327,0.06401118474098776,1717,1717,283
placebo,all_alfworld,all,absolute_readout,D_sigmoid::decision::reward,top_quartile_lift,0.9811169213123687,0.3811264721263851,1.8625130322814636,1.1039934727900325,1717,1717,283
placebo,all_alfworld,all,absolute_readout,D_sigmoid::decision::unsigned,spearman,0.21888261226891628,-0.18742630240063585,0.582662299655813,0.212121727962345,1717,1717,283
placebo,all_alfworld,all,absolute_readout,D_sigmoid::decision::unsigned,average_precision,0.4984126984126984,0.27046266233766236,0.8739197530864197,0.5797826841712939,1716,1717,283
placebo,all_alfworld,all,absolute_readout,D_sigmoid::decision::unsigned,auroc_large_change_vs_rest,0.5538461538461539,0.3333333333333333,0.85,0.5939128025435815,1716,1717,283
placebo,all_alfworld,all,absolute_readout,D_sigmoid::decision::unsigned,top_quartile_mean_absolute_delta,0.05397497982243745,0.026219010016641064,0.13764973228721297,0.0724890072595238,1717,1717,283
placebo,all_alfworld,all,absolute_readout,D_sigmoid::decision::unsigned,top_quartile_lift,1.3814547660335754,0.5620396162553222,2.0001051655202144,1.2656815808373858,1717,1717,283
placebo,all_alfworld,all,absolute_readout,D_tauC_q25::decision::reward,spearman,0.08195130980684544,-0.23477264171628426,0.5142517884218887,0.13154317943245852,1717,1717,283
placebo,all_alfworld,all,absolute_readout,D_tauC_q25::decision::reward,average_precision,0.2994172494172494,0.2472203654188948,0.8081358508915326,0.49800944489692783,1716,1717,283
placebo,all_alfworld,all,absolute_readout,D_tauC_q25::decision::reward,auroc_large_change_vs_rest,0.46153846153846156,0.3333333333333333,0.8051948051948052,0.5624909120503497,1716,1717,283
placebo,all_alfworld,all,absolute_readout,D_tauC_q25::decision::reward,top_quartile_mean_absolute_delta,0.04441441441441441,0.020066468253968257,0.12550385154061625,0.0630583420011152,1717,1717,283
placebo,all_alfworld,all,absolute_readout,D_tauC_q25::decision::reward,top_quartile_lift,1.136758266056399,0.4495588202867895,1.8180274152398321,1.0986515915558919,1717,1717,283
placebo,all_alfworld,all,absolute_readout,D_tauC_q25::decision::unsigned,spearman,0.2572648712923755,-0.22472352639343324,0.5388005823969735,0.16612465797108966,1717,1717,283
placebo,all_alfworld,all,absolute_readout,D_tauC_q25::decision::unsigned,average_precision,0.4238265002970885,0.258398761845453,0.832681131164587,0.5686893171400437,1716,1717,283
placebo,all_alfworld,all,absolute_readout,D_tauC_q25::decision::unsigned,auroc_large_change_vs_rest,0.4153846153846154,0.32098765432098764,0.8441558441558441,0.5731395476958431,1716,1717,283
placebo,all_alfworld,all,absolute_readout,D_tauC_q25::decision::unsigned,top_quartile_mean_absolute_delta,0.05077034661780425,0.020700570790692062,0.12518864468864468,0.06405878207277493,1717,1717,283
placebo,all_alfworld,all,absolute_readout,D_tauC_q25::decision::unsigned,top_quartile_lift,1.2994342478510073,0.45781627400181185,1.8515921617138205,1.120533945804579,1717,1717,283
placebo,all_alfworld,all,absolute_readout,D_tauC_q50::decision::reward,spearman,0.08091395145486005,-0.2579365409485965,0.49189014312236407,0.12470827534968464,1717,1717,283
placebo,all_alfworld,all,absolute_readout,D_tauC_q50::decision::reward,average_precision,0.3026619132501486,0.24218397207367795,0.7995818435529459,0.4969947310570246,1716,1717,283
placebo,all_alfworld,all,absolute_readout,D_tauC_q50::decision::reward,auroc_large_change_vs_rest,0.46153846153846156,0.3333333333333333,0.7931818181818182,0.560004927751754,1716,1717,283
placebo,all_alfworld,all,absolute_readout,D_tauC_q50::decision::reward,top_quartile_mean_absolute_delta,0.04515151515151515,0.01885923410061699,0.1213481055981056,0.06165658611441145,1717,1717,283
placebo,all_alfworld,all,absolute_readout,D_tauC_q50::decision::reward,top_quartile_lift,1.15562388360113,0.425127880534587,1.8091243000119694,1.0717609214820667,1717,1717,283
placebo,all_alfworld,all,absolute_readout,D_tauC_q50::decision::unsigned,spearman,0.3734490067147387,-0.2331991040131601,0.4937427006838332,0.14305552050129877,1717,1717,283
placebo,all_alfworld,all,absolute_readout,D_tauC_q50::decision::unsigned,average_precision,0.43741147741147746,0.24702784960137902,0.8155159179056237,0.5519659398209587,1716,1717,283
placebo,all_alfworld,all,absolute_readout,D_tauC_q50::decision::unsigned,auroc_large_change_vs_rest,0.5076923076923077,0.3055555555555556,0.7878279320987654,0.5625837137859939,1716,1717,283
placebo,all_alfworld,all,absolute_readout,D_tauC_q50::decision::unsigned,top_quartile_mean_absolute_delta,0.051232596232596225,0.021091478696741855,0.1270000878410804,0.06518046596163075,1717,1717,283
placebo,all_alfworld,all,absolute_readout,D_tauC_q50::decision::unsigned,top_quartile_lift,1.3112652283451602,0.4673131874242381,1.8467571363673692,1.1356391711474465,1717,1717,283
placebo,all_alfworld,all,absolute_readout,D_tauC_q75::decision::reward,spearman,-0.05705470935919619,-0.457754249984562,0.32699249633173433,-0.05388893743412143,1717,1717,283
placebo,all_alfworld,all,absolute_readout,D_tauC_q75::decision::reward,average_precision,0.39497737556561086,0.22437754851357788,0.7732269151303242,0.520606104091261,1716,1717,283
placebo,all_alfworld,all,absolute_readout,D_tauC_q75::decision::reward,auroc_large_change_vs_rest,0.35384615384615387,0.24444444444444444,0.7152777777777778,0.48583655723414454,1716,1717,283
placebo,all_alfworld,all,absolute_readout,D_tauC_q75::decision::reward,top_quartile_mean_absolute_delta,0.04515151515151515,0.01775558943089431,0.1356293859649122,0.06613330870150333,1717,1717,283
placebo,all_alfworld,all,absolute_readout,D_tauC_q75::decision::reward,top_quartile_lift,1.15562388360113,0.4097449829031975,1.9146064865082304,1.140981052381587,1717,1717,283
placebo,all_alfworld,all,absolute_readout,D_tauC_q75::decision::unsigned,spearman,0.11099734366243623,-0.44573244143281787,0.2836043837213226,-0.06932787554115742,1717,1717,283
placebo,all_alfworld,all,absolute_readout,D_tauC_q75::decision::unsigned,average_precision,0.4393650793650794,0.22214781746031745,0.767102508738538,0.5157815763386574,1716,1717,283
placebo,all_alfworld,all,absolute_readout,D_tauC_q75::decision::unsigned,auroc_large_change_vs_rest,0.47692307692307695,0.22204184704184704,0.7012987012987013,0.4681538691038382,1716,1717,283
placebo,all_alfworld,all,absolute_readout,D_tauC_q75::decision::unsigned,top_quartile_mean_absolute_delta,0.049255195102652735,0.020297448671089978,0.11484824165870358,0.059418085977369646,1717,1717,283
placebo,all_alfworld,all,absolute_readout,D_tauC_q75::decision::unsigned,top_quartile_lift,1.2606549228979491,0.42227736647279507,1.744573056789812,1.0415699840925934,1717,1717,283
placebo,all_alfworld,all,absolute_readout,D_delta_q25::decision::reward,spearman,0.008298866815883082,-0.4550821573272176,0.3299390456483064,-0.055370407543083186,1717,1717,283
placebo,all_alfworld,all,absolute_readout,D_delta_q25::decision::reward,average_precision,0.3205118411000764,0.2368326118326118,0.6654932606386483,0.456474160132497,1716,1717,283
placebo,all_alfworld,all,absolute_readout,D_delta_q25::decision::reward,auroc_large_change_vs_rest,0.4153846153846154,0.24675324675324675,0.7225694444444444,0.481041461304856,1716,1717,283
placebo,all_alfworld,all,absolute_readout,D_delta_q25::decision::reward,top_quartile_mean_absolute_delta,0.03833333333333333,0.013103708791208793,0.10983676046176043,0.05221444624360861,1717,1717,283
placebo,all_alfworld,all,absolute_readout,D_delta_q25::decision::reward,top_quartile_lift,0.9811169213123687,0.2932001977661007,1.6317074531706741,0.9050869706923921,1717,1717,283
placebo,all_alfworld,all,absolute_readout,D_delta_q25::decision::unsigned,spearman,0.12137092718229008,-0.406747818669428,0.3721124248175702,0.0028807838894702106,1717,1717,283
placebo,all_alfworld,all,absolute_readout,D_delta_q25::decision::unsigned,average_precision,0.3430860805860806,0.24919082653457653,0.7341242784992784,0.46701649057053674,1716,1717,283
placebo,all_alfworld,all,absolute_readout,D_delta_q25::decision::unsigned,auroc_large_change_vs_rest,0.5384615384615384,0.275,0.7378449675324675,0.5066134431908976,1716,1717,283
placebo,all_alfworld,all,absolute_readout,D_delta_q25::decision::unsigned,top_quartile_mean_absolute_delta,0.036355932203389826,0.012120028409090908,0.10048477235438884,0.04645206625934751,1717,1717,283
placebo,all_alfworld,all,absolute_readout,D_delta_q25::decision::unsigned,top_quartile_lift,0.9305066158651574,0.26534763440633047,1.4992167576793336,0.8110177836375392,1717,1717,283
placebo,all_alfworld,all,absolute_readout,D_delta_q50::decision::reward,spearman,0.040456975727430025,-0.29812828201024005,0.4422250049995723,0.084687793096575,1717,1717,283
placebo,all_alfworld,all,absolute_readout,D_delta_q50::decision::reward,average_precision,0.4488888888888889,0.2627852182539683,0.7867880036630035,0.5611506887689941,1716,1717,283
placebo,all_alfworld,all,absolute_readout,D_delta_q50::decision::reward,auroc_large_change_vs_rest,0.47692307692307695,0.3194444444444444,0.7878279320987654,0.5572501220589856,1716,1717,283
placebo,all_alfworld,all,absolute_readout,D_delta_q50::decision::reward,top_quartile_mean_absolute_delta,0.060507246376811596,0.027303841991341993,0.13403652597402596,0.07486635793508217,1717,1717,283
placebo,all_alfworld,all,absolute_readout,D_delta_q50::decision::reward,top_quartile_lift,1.5486439117123403,0.6304145614144773,1.9943763158926031,1.3118650513520134,1717,1717,283
placebo,all_alfworld,all,absolute_readout,D_delta_q50::decision::unsigned,spearman,0.0985490434386116,-0.29361444070654064,0.4311702262076659,0.0873719354193697,1717,1717,283
placebo,all_alfworld,all,absolute_readout,D_delta_q50::decision::unsigned,average_precision,0.348109243697479,0.2529423701298701,0.7846214601135416,0.5026460669936145,1716,1717,283
placebo,all_alfworld,all,absolute_readout,D_delta_q50::decision::unsigned,auroc_large_change_vs_rest,0.49230769230769234,0.3055555555555556,0.7875,0.5474346015853426,1716,1717,283
placebo,all_alfworld,all,absolute_readout,D_delta_q50::decision::unsigned,top_quartile_mean_absolute_delta,0.03743701328447091,0.016183501031991742,0.10587920702179175,0.05254548498951334,1717,1717,283
placebo,all_alfworld,all,absolute_readout,D_delta_q50::decision::unsigned,top_quartile_lift,0.9581761882640961,0.3264400690306755,1.6204443190953641,0.9213972650971286,1717,1717,283
placebo,all_alfworld,all,absolute_readout,D_delta_q75::decision::reward,spearman,-0.034232825615517715,-0.4563259673421183,0.3070497898731863,-0.06934571976174746,1717,1717,283
placebo,all_alfworld,all,absolute_readout,D_delta_q75::decision::reward,average_precision,0.3342368742368742,0.22788691700456407,0.7696440278471529,0.4834642858834266,1716,1717,283
placebo,all_alfworld,all,absolute_readout,D_delta_q75::decision::reward,auroc_large_change_vs_rest,0.46153846153846156,0.23426477072310403,0.725,0.4781973609892933,1716,1717,283
placebo,all_alfworld,all,absolute_readout,D_delta_q75::decision::reward,top_quartile_mean_absolute_delta,0.040151515151515146,0.01662828837828838,0.1159082708916373,0.05690610908707071,1717,1717,283
placebo,all_alfworld,all,absolute_readout,D_delta_q75::decision::reward,top_quartile_lift,1.0276521112560384,0.35671463317387886,1.7211101945394707,0.9885757820781564,1717,1717,283
placebo,all_alfworld,all,absolute_readout,D_delta_q75::decision::unsigned,spearman,0.1338192274061147,-0.3947541970697017,0.38622545649723855,0.003503755505067231,1717,1717,283
placebo,all_alfworld,all,absolute_readout,D_delta_q75::decision::unsigned,average_precision,0.33403846153846156,0.23254922161172162,0.8061188811188811,0.5018961166100416,1716,1717,283
placebo,all_alfworld,all,absolute_readout,D_delta_q75::decision::unsigned,auroc_large_change_vs_rest,0.47692307692307695,0.22970085470085472,0.75,0.4993693071190329,1716,1717,283
placebo,all_alfworld,all,absolute_readout,D_delta_q75::decision::unsigned,top_quartile_mean_absolute_delta,0.04623259623259623,0.023714195526695528,0.13108530912364943,0.06775000484457729,1717,1717,283
placebo,all_alfworld,all,absolute_readout,D_delta_q75::decision::unsigned,top_quartile_lift,1.1832934560000687,0.5196608031768523,1.8885035483870445,1.1821404029416562,1717,1717,283
placebo,all_alfworld,all,absolute_readout,D_winsor::decision::reward,spearman,0.09025017662272852,-0.4203517185543348,0.3893949431371932,-0.009298525514011072,1717,1717,283
placebo,all_alfworld,all,absolute_readout,D_winsor::decision::reward,average_precision,0.4401010101010101,0.24657915817842285,0.7221444141710686,0.5208175486602135,1716,1717,283
placebo,all_alfworld,all,absolute_readout,D_winsor::decision::reward,auroc_large_change_vs_rest,0.4461538461538462,0.2597402597402597,0.765735229276896,0.504045946454406,1716,1717,283
placebo,all_alfworld,all,absolute_readout,D_winsor::decision::reward,top_quartile_mean_absolute_delta,0.0655072463768116,0.026317279942279944,0.1314474789915966,0.07229681905213566,1717,1717,283
placebo,all_alfworld,all,absolute_readout,D_winsor::decision::reward,top_quartile_lift,1.676615684057432,0.5873714886099419,1.9620021898997555,1.2653638195578032,1717,1717,283
placebo,all_alfworld,all,absolute_readout,D_winsor::decision::unsigned,spearman,0.12863243564618776,-0.4057288732234431,0.4020269866019438,0.02339544904477191,1717,1717,283
placebo,all_alfworld,all,absolute_readout,D_winsor::decision::unsigned,average_precision,0.3986813186813187,0.2414320054945055,0.7637474051055783,0.48718313508857486,1716,1717,283
placebo,all_alfworld,all,absolute_readout,D_winsor::decision::unsigned,auroc_large_change_vs_rest,0.6,0.2747159090909091,0.7531064614397948,0.5132557083636029,1716,1717,283
placebo,all_alfworld,all,absolute_readout,D_winsor::decision::unsigned,top_quartile_mean_absolute_delta,0.04564164648910411,0.01794815340909091,0.11929717484008526,0.05840617129331568,1717,1717,283
placebo,all_alfworld,all,absolute_readout,D_winsor::decision::unsigned,top_quartile_lift,1.1681684787917561,0.37882713702348214,1.7355669975587023,1.0200436683357255,1717,1717,283
placebo,all_alfworld,all,absolute_readout,D_tanh::decision::reward,spearman,0.05912942606316696,-0.41109659033806994,0.3476786590572727,-0.024852797112481558,1717,1717,283
placebo,all_alfworld,all,absolute_readout,D_tanh::decision::reward,average_precision,0.34336898395721926,0.24587535014005604,0.6717849705441616,0.46521323460843583,1716,1717,283
placebo,all_alfworld,all,absolute_readout,D_tanh::decision::reward,auroc_large_change_vs_rest,0.4461538461538462,0.2638888888888889,0.7544034090909091,0.502434291828517,1716,1717,283
placebo,all_alfworld,all,absolute_readout,D_tanh::decision::reward,top_quartile_mean_absolute_delta,0.0655072463768116,0.026317279942279944,0.1314474789915966,0.07229681905213566,1717,1717,283
placebo,all_alfworld,all,absolute_readout,D_tanh::decision::reward,top_quartile_lift,1.676615684057432,0.5873714886099419,1.9620021898997555,1.2653638195578032,1717,1717,283
placebo,all_alfworld,all,absolute_readout,D_tanh::decision::unsigned,spearman,0.19606072852523782,-0.36556232430205515,0.4442895155194353,0.06862411923704466,1717,1717,283
placebo,all_alfworld,all,absolute_readout,D_tanh::decision::unsigned,average_precision,0.552014652014652,0.24979385198135198,0.8088102578982104,0.5338180616278012,1716,1717,283
placebo,all_alfworld,all,absolute_readout,D_tanh::decision::unsigned,auroc_large_change_vs_rest,0.6461538461538462,0.2875,0.7777777777777778,0.5358660192074939,1716,1717,283
placebo,all_alfworld,all,absolute_readout,D_tanh::decision::unsigned,top_quartile_mean_absolute_delta,0.04564164648910411,0.01794815340909091,0.11929717484008526,0.05840617129331568,1717,1717,283
placebo,all_alfworld,all,absolute_readout,D_tanh::decision::unsigned,top_quartile_lift,1.1681684787917561,0.37882713702348214,1.7355669975587023,1.0200436683357255,1717,1717,283
placebo,all_alfworld,all,absolute_readout,D_action_sign::decision::reward,spearman,0.12344564388626085,-0.38201440321821745,0.45652647849560135,0.020875154195400605,1717,1717,283
placebo,all_alfworld,all,absolute_readout,D_action_sign::decision::reward,average_precision,0.3480952380952381,0.25113185425685425,0.7988410894660894,0.5131221416409097,1716,1717,283
placebo,all_alfworld,all,absolute_readout,D_action_sign::decision::reward,auroc_large_change_vs_rest,0.5846153846153846,0.2923076923076923,0.7922077922077922,0.5435110315293653,1716,1717,283
placebo,all_alfworld,all,absolute_readout,D_action_sign::decision::reward,top_quartile_mean_absolute_delta,0.051618357487922706,0.027949404761904766,0.13583974358974357,0.07315304946921064,1717,1717,283
placebo,all_alfworld,all,absolute_readout,D_action_sign::decision::reward,top_quartile_lift,1.3211385386543997,0.5846742154688193,2.0827624704560304,1.2868554628136986,1717,1717,283
placebo,all_alfworld,all,absolute_readout,D_action_sign::decision::unsigned,spearman,-0.04356905078338618,-0.3829196716079384,0.42321653973051865,0.01922695882180737,1717,1717,283
placebo,all_alfworld,all,absolute_readout,D_action_sign::decision::unsigned,average_precision,0.2453205128205128,0.24579861111111112,0.7932423999611499,0.5039433577172777,1716,1717,283
placebo,all_alfworld,all,absolute_readout,D_action_sign::decision::unsigned,auroc_large_change_vs_rest,0.3384615384615385,0.2777777777777778,0.7777777777777778,0.5303459287112277,1716,1717,283
placebo,all_alfworld,all,absolute_readout,D_action_sign::decision::unsigned,top_quartile_mean_absolute_delta,0.022985842985842986,0.01311840804218853,0.10992460317460313,0.05211537237425452,1717,1717,283
placebo,all_alfworld,all,absolute_readout,D_action_sign::decision::unsigned,top_quartile_lift,0.5883078131488638,0.2763433342984176,1.647344214437328,0.9107803471350905,1717,1717,283
placebo,all_alfworld,all,absolute_readout,D_action_adv::decision::reward,spearman,0.06120414276713773,-0.31541837486823554,0.4715071062142583,0.07912350252950483,1717,1717,283
placebo,all_alfworld,all,absolute_readout,D_action_adv::decision::reward,average_precision,0.32142857142857145,0.2407275883838384,0.8093863414635474,0.5160313680724811,1716,1717,283
placebo,all_alfworld,all,absolute_readout,D_action_adv::decision::reward,auroc_large_change_vs_rest,0.5230769230769231,0.2875,0.7916666666666666,0.5401068169783318,1716,1717,283
placebo,all_alfworld,all,absolute_readout,D_action_adv::decision::reward,top_quartile_mean_absolute_delta,0.03052552552552552,0.01671323529411765,0.10101471226142275,0.05211783392081101,1717,1717,283
placebo,all_alfworld,all,absolute_readout,D_action_adv::decision::reward,top_quartile_lift,0.7812811206533669,0.33135336853188435,1.650476460906538,0.9212367327141463,1717,1717,283
placebo,all_alfworld,all,absolute_readout,D_action_adv::decision::unsigned,spearman,-0.04356905078338618,-0.3829196716079384,0.42321653973051865,0.01922695882180737,1717,1717,283
placebo,all_alfworld,all,absolute_readout,D_action_adv::decision::unsigned,average_precision,0.2453205128205128,0.24579861111111112,0.7932423999611499,0.5039433577172777,1716,1717,283
placebo,all_alfworld,all,absolute_readout,D_action_adv::decision::unsigned,auroc_large_change_vs_rest,0.3384615384615385,0.2777777777777778,0.7777777777777778,0.5303459287112277,1716,1717,283
placebo,all_alfworld,all,absolute_readout,D_action_adv::decision::unsigned,top_quartile_mean_absolute_delta,0.022985842985842986,0.01311840804218853,0.10992460317460313,0.05211537237425452,1717,1717,283
placebo,all_alfworld,all,absolute_readout,D_action_adv::decision::unsigned,top_quartile_lift,0.5883078131488638,0.2763433342984176,1.647344214437328,0.9107803471350905,1717,1717,283
placebo,all_alfworld,all,absolute_readout,D_action_adv_clip::decision::reward,spearman,-0.06950300958302082,-0.41567750291650174,0.4445714137133208,-0.0107828853905693,1717,1717,283
placebo,all_alfworld,all,absolute_readout,D_action_adv_clip::decision::reward,average_precision,0.2930905695611578,0.2331669419904714,0.81248314140471,0.5121403249504556,1716,1717,283
placebo,all_alfworld,all,absolute_readout,D_action_adv_clip::decision::reward,auroc_large_change_vs_rest,0.4,0.24675324675324675,0.7922077922077922,0.5052962625687899,1716,1717,283
placebo,all_alfworld,all,absolute_readout,D_action_adv_clip::decision::reward,top_quartile_mean_absolute_delta,0.03052552552552552,0.015968490351112304,0.11300021425690664,0.05659455650790289,1717,1717,283
placebo,all_alfworld,all,absolute_readout,D_action_adv_clip::decision::reward,top_quartile_lift,0.7812811206533669,0.3274534910377316,1.75075649198256,0.9904568636136667,1717,1717,283
placebo,all_alfworld,all,absolute_readout,D_action_adv_clip::decision::unsigned,spearman,-0.04356905078338618,-0.3829196716079384,0.42321653973051865,0.01922695882180737,1717,1717,283
placebo,all_alfworld,all,absolute_readout,D_action_adv_clip::decision::unsigned,average_precision,0.2453205128205128,0.24579861111111112,0.7932423999611499,0.5039433577172777,1716,1717,283
placebo,all_alfworld,all,absolute_readout,D_action_adv_clip::decision::unsigned,auroc_large_change_vs_rest,0.3384615384615385,0.2777777777777778,0.7777777777777778,0.5303459287112277,1716,1717,283
placebo,all_alfworld,all,absolute_readout,D_action_adv_clip::decision::unsigned,top_quartile_mean_absolute_delta,0.022985842985842986,0.01311840804218853,0.10992460317460313,0.05211537237425452,1717,1717,283
placebo,all_alfworld,all,absolute_readout,D_action_adv_clip::decision::unsigned,top_quartile_lift,0.5883078131488638,0.2763433342984176,1.647344214437328,0.9107803471350905,1717,1717,283
placebo,all_alfworld,all,absolute_readout,D_ratio_adv::decision::reward,spearman,0.03734490067147387,-0.30724813369429566,0.4590424649046259,0.07322357812095318,1717,1717,283
placebo,all_alfworld,all,absolute_readout,D_ratio_adv::decision::reward,average_precision,0.3390659340659341,0.23856932997557995,0.8039110079735079,0.4993603488585805,1716,1717,283
placebo,all_alfworld,all,absolute_readout,D_ratio_adv::decision::reward,auroc_large_change_vs_rest,0.5846153846153846,0.29411764705882354,0.7875,0.5397386780833807,1716,1717,283
placebo,all_alfworld,all,absolute_readout,D_ratio_adv::decision::reward,top_quartile_mean_absolute_delta,0.03238095238095238,0.017600298408488067,0.10606011021142597,0.05465838586639163,1717,1717,283
placebo,all_alfworld,all,absolute_readout,D_ratio_adv::decision::reward,top_quartile_lift,0.8287695732824978,0.3874343188165978,1.6555498250337526,0.961938902574336,1717,1717,283
placebo,all_alfworld,all,absolute_readout,D_ratio_adv::decision::unsigned,spearman,-0.2323682708447263,-0.5018606283775735,0.3024229184009283,-0.11162338144662604,1717,1717,283
placebo,all_alfworld,all,absolute_readout,D_ratio_adv::decision::unsigned,average_precision,0.24055860805860804,0.22293693438914028,0.7500600325600325,0.4765652741899126,1716,1717,283
placebo,all_alfworld,all,absolute_readout,D_ratio_adv::decision::unsigned,auroc_large_change_vs_rest,0.3230769230769231,0.23591820987654322,0.7230769230769231,0.4704219621606156,1716,1717,283
placebo,all_alfworld,all,absolute_readout,D_ratio_adv::decision::unsigned,top_quartile_mean_absolute_delta,0.02015151515151515,0.007214285714285715,0.09207702020202017,0.040072191361730854,1717,1717,283
placebo,all_alfworld,all,absolute_readout,D_ratio_adv::decision::unsigned,top_quartile_lift,0.5157650218756721,0.1531066523317847,1.4248834810076079,0.6944035047928855,1717,1717,283
placebo,all_alfworld,all,absolute_readout,D_policy_action_adv::decision::reward,spearman,0.35996334813892866,-0.10041386523415977,0.6352180636521806,0.28781999439575995,1717,1717,283
placebo,all_alfworld,all,absolute_readout,D_policy_action_adv::decision::reward,average_precision,0.3663170163170163,0.26960805398305393,0.8614820075757577,0.5760108050519435,1716,1717,283
placebo,all_alfworld,all,absolute_readout,D_policy_action_adv::decision::reward,auroc_large_change_vs_rest,0.5692307692307692,0.375,0.8441558441558441,0.620846511750675,1716,1717,283
placebo,all_alfworld,all,absolute_readout,D_policy_action_adv::decision::reward,top_quartile_mean_absolute_delta,0.04650744735490498,0.023804149566803465,0.1262469064792935,0.06522656506901774,1717,1717,283
placebo,all_alfworld,all,absolute_readout,D_policy_action_adv::decision::reward,top_quartile_lift,1.1903280930506464,0.5098055557222653,1.9018858899480322,1.1401445075249637,1717,1717,283
placebo,all_alfworld,all,absolute_readout,D_policy_action_adv::decision::unsigned,spearman,0.35373919802701637,-0.12306679018108566,0.6712409499263622,0.2909851164392611,1717,1717,283
placebo,all_alfworld,all,absolute_readout,D_policy_action_adv::decision::unsigned,average_precision,0.5580952380952381,0.29373759920634923,0.8930994477563104,0.5880746031470145,1716,1717,283
placebo,all_alfworld,all,absolute_readout,D_policy_action_adv::decision::unsigned,auroc_large_change_vs_rest,0.7692307692307693,0.38961038961038963,0.8875,0.640400874152488,1716,1717,283
placebo,all_alfworld,all,absolute_readout,D_policy_action_adv::decision::unsigned,top_quartile_mean_absolute_delta,0.05234844219219219,0.026115988469826348,0.1402351759245351,0.07515310652420845,1717,1717,283
placebo,all_alfworld,all,absolute_readout,D_policy_action_adv::decision::unsigned,top_quartile_lift,1.3398245853678812,0.5830639657322528,2.0984856369446234,1.3134352516277228,1717,1717,283
placebo,all_alfworld,all,absolute_readout,D_reward_only::decision::reward,spearman,-0.3030650594660058,-0.5304618875218874,0.18029595395447337,-0.17380386701159656,1717,1717,283
placebo,all_alfworld,all,absolute_readout,D_reward_only::decision::reward,average_precision,0.3072438672438672,0.2080771475256769,0.7310727537608195,0.45086003305184696,1716,1717,283
placebo,all_alfworld,all,absolute_readout,D_reward_only::decision::reward,auroc_large_change_vs_rest,0.38461538461538464,0.1875,0.675,0.42811289386437074,1716,1717,283
placebo,all_alfworld,all,absolute_readout,D_reward_only::decision::reward,top_quartile_mean_absolute_delta,0.033174603174603176,0.0159375,0.09732738095238089,0.050634640936937016,1717,1717,283
placebo,all_alfworld,all,absolute_readout,D_reward_only::decision::reward,top_quartile_lift,0.8490825530198141,0.3373497116493411,1.524281500039045,0.8896866300119421,1717,1717,283
placebo,all_alfworld,all,absolute_readout,D_reward_only::decision::unsigned,spearman,,,,,0,1717,283
placebo,all_alfworld,all,absolute_readout,D_reward_only::decision::unsigned,average_precision,0.2777777777777778,0.2222222222222222,0.6111111111111112,0.41825304325304324,1716,1717,283
placebo,all_alfworld,all,absolute_readout,D_reward_only::decision::unsigned,auroc_large_change_vs_rest,0.5,0.5,0.5,0.5,1716,1717,283
placebo,all_alfworld,all,absolute_readout,D_reward_only::decision::unsigned,top_quartile_mean_absolute_delta,0.039071116296779,0.03474220452129379,0.08291097508650455,0.05658861168882727,1717,1717,283
placebo,all_alfworld,all,absolute_readout,D_reward_only::decision::unsigned,top_quartile_lift,1.0,0.9999999999999998,1.0000000000000004,1.0,1717,1717,283
placebo,all_alfworld,all,absolute_readout,D_adv_negative_fraction::decision::reward,spearman,0.39336184088224724,-0.18145963447580818,0.6105226204470492,0.21722504547827085,1717,1717,283
placebo,all_alfworld,all,absolute_readout,D_adv_negative_fraction::decision::reward,average_precision,0.5301190476190476,0.2796350351037851,0.8495306429681431,0.5428717559001718,1716,1717,283
placebo,all_alfworld,all,absolute_readout,D_adv_negative_fraction::decision::reward,auroc_large_change_vs_rest,0.7230769230769231,0.36923076923076925,0.8311688311688312,0.5957265378248399,1716,1717,283
placebo,all_alfworld,all,absolute_readout,D_adv_negative_fraction::decision::reward,top_quartile_mean_absolute_delta,0.05820317891649414,0.03140539969624369,0.11822606084175957,0.0704046955769519,1717,1717,283
placebo,all_alfworld,all,absolute_readout,D_adv_negative_fraction::decision::reward,top_quartile_lift,1.4896727924124444,0.6103228801839754,1.985330993138452,1.2587533959138717,1717,1717,283
placebo,all_alfworld,all,absolute_readout,D_adv_negative_fraction::decision::unsigned,spearman,,,,,0,1717,283
placebo,all_alfworld,all,absolute_readout,D_adv_negative_fraction::decision::unsigned,average_precision,0.2777777777777778,0.2222222222222222,0.6111111111111112,0.41825304325304324,1716,1717,283
placebo,all_alfworld,all,absolute_readout,D_adv_negative_fraction::decision::unsigned,auroc_large_change_vs_rest,0.5,0.5,0.5,0.5,1716,1717,283
placebo,all_alfworld,all,absolute_readout,D_adv_negative_fraction::decision::unsigned,top_quartile_mean_absolute_delta,0.039071116296779,0.03474220452129379,0.08291097508650455,0.05658861168882727,1717,1717,283
placebo,all_alfworld,all,absolute_readout,D_adv_negative_fraction::decision::unsigned,top_quartile_lift,1.0,0.9999999999999998,1.0000000000000004,1.0,1717,1717,283
placebo,all_alfworld,all,absolute_readout,C_raw::decision::reward,spearman,0.09025017662272852,-0.37044524794372324,0.40603400210492196,0.030494181540190495,1717,1717,283
placebo,all_alfworld,all,absolute_readout,C_raw::decision::reward,average_precision,0.333109243697479,0.24624737394957985,0.771315281940282,0.5310534847430602,1716,1717,283
placebo,all_alfworld,all,absolute_readout,C_raw::decision::reward,auroc_large_change_vs_rest,0.46153846153846156,0.2638888888888889,0.7777777777777778,0.5319819795600652,1716,1717,283
placebo,all_alfworld,all,absolute_readout,C_raw::decision::reward,top_quartile_mean_absolute_delta,0.03968926553672316,0.01647885739991003,0.12515160497397337,0.06026114778530677,1717,1717,283
placebo,all_alfworld,all,absolute_readout,C_raw::decision::reward,top_quartile_lift,1.0158211307618852,0.3616003275538206,1.826201721199983,1.0426906876348097,1717,1717,283
placebo,all_alfworld,all,absolute_readout,C_raw::decision::unsigned,spearman,0.07987659310287466,-0.3225144427831914,0.47456631916407466,0.08443725657255145,1717,1717,283
placebo,all_alfworld,all,absolute_readout,C_raw::decision::unsigned,average_precision,0.2770286576168929,0.2487785685855539,0.815325473137973,0.5025916151783787,1716,1717,283
placebo,all_alfworld,all,absolute_readout,C_raw::decision::unsigned,auroc_large_change_vs_rest,0.38461538461538464,0.2677083333333333,0.7922077922077922,0.5299629349827313,1716,1717,283
placebo,all_alfworld,all,absolute_readout,C_raw::decision::unsigned,top_quartile_mean_absolute_delta,0.04614087843994897,0.022387026136921034,0.1225453088392428,0.06325261401827818,1717,1717,283
placebo,all_alfworld,all,absolute_readout,C_raw::decision::unsigned,top_quartile_lift,1.1809459983039388,0.47750225818690867,1.8507231683354257,1.110064694353862,1717,1717,283
placebo,all_alfworld,all,absolute_readout,C_centered::decision::reward,spearman,-0.18050035324545705,-0.524064685910632,0.27908715731762096,-0.13868524920873654,1717,1717,283
placebo,all_alfworld,all,absolute_readout,C_centered::decision::reward,average_precision,0.28773809523809524,0.21550013354700853,0.7099509041305916,0.4522879912457962,1716,1717,283
placebo,all_alfworld,all,absolute_readout,C_centered::decision::reward,auroc_large_change_vs_rest,0.46153846153846156,0.23004807692307694,0.7042824074074074,0.4583192847179576,1716,1717,283
placebo,all_alfworld,all,absolute_readout,C_centered::decision::reward,top_quartile_mean_absolute_delta,0.010555555555555556,0.00469951923076923,0.07821861471861472,0.031643961406799134,1717,1717,283
placebo,all_alfworld,all,absolute_readout,C_centered::decision::reward,top_quartile_lift,0.27016263050630446,0.10261636883491491,1.2280738460689435,0.5507441955058258,1717,1717,283
placebo,all_alfworld,all,absolute_readout,C_centered::decision::unsigned,spearman,-0.1825750699494278,-0.5230522693855604,0.2644707809199333,-0.14380285009641192,1717,1717,283
placebo,all_alfworld,all,absolute_readout,C_centered::decision::unsigned,average_precision,0.29296703296703297,0.20729834401709402,0.7394040681540681,0.4585674756957126,1716,1717,283
placebo,all_alfworld,all,absolute_readout,C_centered::decision::unsigned,auroc_large_change_vs_rest,0.47692307692307695,0.20826569264069264,0.7088541666666667,0.4493203968125697,1716,1717,283
placebo,all_alfworld,all,absolute_readout,C_centered::decision::unsigned,top_quartile_mean_absolute_delta,0.01515625,0.006035880708294502,0.08349107142857143,0.035197977105089144,1717,1717,283
placebo,all_alfworld,all,absolute_readout,C_centered::decision::unsigned,top_quartile_lift,0.38791443492105887,0.12209210107438666,1.3307089944017476,0.617001905030596,1717,1717,283
placebo,all_alfworld,all,absolute_readout,C_adv_centered::decision::reward,spearman,0.02178452539169309,-0.4511208855255789,0.3526863417298444,-0.04572695066440879,1717,1717,283
placebo,all_alfworld,all,absolute_readout,C_adv_centered::decision::reward,average_precision,0.352014652014652,0.23070245726495725,0.7810306895193975,0.5008306125030059,1716,1717,283
placebo,all_alfworld,all,absolute_readout,C_adv_centered::decision::reward,auroc_large_change_vs_rest,0.5692307692307692,0.23376623376623376,0.7362847222222223,0.4897624256187262,1716,1717,283
placebo,all_alfworld,all,absolute_readout,C_adv_centered::decision::reward,top_quartile_mean_absolute_delta,0.027619047619047616,0.013978174603174605,0.11419345238095235,0.054654649462524206,1717,1717,283
placebo,all_alfworld,all,absolute_readout,C_adv_centered::decision::reward,top_quartile_lift,0.706891694858601,0.3077485181768545,1.6196480265242479,0.9496269493034278,1717,1717,283
placebo,all_alfworld,all,absolute_readout,C_adv_centered::decision::unsigned,spearman,-0.1825750699494278,-0.5230522693855604,0.2644707809199333,-0.14380285009641192,1717,1717,283
placebo,all_alfworld,all,absolute_readout,C_adv_centered::decision::unsigned,average_precision,0.29296703296703297,0.20729834401709402,0.7394040681540681,0.4585674756957126,1716,1717,283
placebo,all_alfworld,all,absolute_readout,C_adv_centered::decision::unsigned,auroc_large_change_vs_rest,0.47692307692307695,0.20826569264069264,0.7088541666666667,0.4493203968125697,1716,1717,283
placebo,all_alfworld,all,absolute_readout,C_adv_centered::decision::unsigned,top_quartile_mean_absolute_delta,0.01515625,0.006035880708294502,0.08349107142857143,0.035197977105089144,1717,1717,283
placebo,all_alfworld,all,absolute_readout,C_adv_centered::decision::unsigned,top_quartile_lift,0.38791443492105887,0.12209210107438666,1.3307089944017476,0.617001905030596,1717,1717,283
placebo,all_alfworld,all,absolute_readout,M_delta_raw::decision::magnitude,spearman,-0.26971317151620017,-0.4452554885291224,0.25627522986171414,-0.09933826446648758,1717,1717,283
placebo,all_alfworld,all,absolute_readout,M_delta_raw::decision::magnitude,average_precision,0.24214285714285713,0.2196306818181818,0.6674199585137085,0.4308470910602675,1716,1717,283
placebo,all_alfworld,all,absolute_readout,M_delta_raw::decision::magnitude,auroc_large_change_vs_rest,0.3230769230769231,0.23214285714285715,0.7001623376623376,0.46546260932366046,1716,1717,283
placebo,all_alfworld,all,absolute_readout,M_delta_raw::decision::magnitude,top_quartile_mean_absolute_delta,0.017985842985842986,0.013015289090656737,0.08961996336996335,0.04288817275982191,1717,1717,283
placebo,all_alfworld,all,absolute_readout,M_delta_raw::decision::magnitude,top_quartile_lift,0.46033604080377216,0.25155274569281894,1.4087325917133457,0.7583750768316598,1717,1717,283
placebo,all_alfworld,all,absolute_readout,M_delta_centered::decision::magnitude,spearman,-0.4294663577219495,-0.6072101536555751,0.17241314210195485,-0.24915005111975036,1717,1717,283
placebo,all_alfworld,all,absolute_readout,M_delta_centered::decision::magnitude,average_precision,0.215,0.18988095238095237,0.6931750262883285,0.4231183367419646,1716,1717,283
placebo,all_alfworld,all,absolute_readout,M_delta_centered::decision::magnitude,auroc_large_change_vs_rest,0.2153846153846154,0.1388888888888889,0.6363636363636364,0.38635659239534526,1716,1717,283
placebo,all_alfworld,all,absolute_readout,M_delta_centered::decision::magnitude,top_quartile_mean_absolute_delta,0.019414414414414417,0.008333333333333333,0.07910937499999995,0.03699722466134272,1717,1717,283
placebo,all_alfworld,all,absolute_readout,M_delta_centered::decision::magnitude,top_quartile_lift,0.49689940433094126,0.1636366222308372,1.2721024734140667,0.6520740439671906,1717,1717,283
placebo,all_alfworld,all,absolute_readout,M_original_norm::decision::magnitude,spearman,-0.5238659677526195,-0.6544263561513429,0.16348310687814516,-0.2710722480200253,1717,1717,283
placebo,all_alfworld,all,absolute_readout,M_original_norm::decision::magnitude,average_precision,0.23913003663003668,0.18925518925518925,0.738258547008547,0.43994886447322906,1716,1717,283
placebo,all_alfworld,all,absolute_readout,M_original_norm::decision::magnitude,auroc_large_change_vs_rest,0.3076923076923077,0.1111111111111111,0.6625,0.378460641898399,1716,1717,283
placebo,all_alfworld,all,absolute_readout,M_original_norm::decision::magnitude,top_quartile_mean_absolute_delta,0.021974431818181817,0.0123357683982684,0.09406331503088536,0.04464011697589198,1717,1717,283
placebo,all_alfworld,all,absolute_readout,M_original_norm::decision::magnitude,top_quartile_lift,0.5624213972098201,0.27222632006483155,1.4853694348460733,0.7836758558202707,1717,1717,283
placebo,all_alfworld,all,absolute_readout,M_control_norm::decision::magnitude,spearman,-0.35685127308297254,-0.6739766739956544,0.12309535046046793,-0.29782425606497703,1717,1717,283
placebo,all_alfworld,all,absolute_readout,M_control_norm::decision::magnitude,average_precision,0.28596638655462187,0.19446301247771838,0.6503317284567285,0.4262277088433875,1716,1717,283
placebo,all_alfworld,all,absolute_readout,M_control_norm::decision::magnitude,auroc_large_change_vs_rest,0.4307692307692308,0.1375,0.6388888888888888,0.378651959974161,1716,1717,283
placebo,all_alfworld,all,absolute_readout,M_control_norm::decision::magnitude,top_quartile_mean_absolute_delta,0.035555555555555556,0.008809210526315791,0.11328422619047616,0.05038506283628433,1717,1717,283
placebo,all_alfworld,all,absolute_readout,M_control_norm::decision::magnitude,top_quartile_lift,0.9100214922317624,0.19095368826379308,1.6601554449249758,0.8676353718964069,1717,1717,283
placebo,all_alfworld,all,absolute_readout,M_kl::decision::magnitude,spearman,0.37137429001076794,-0.18201538990247576,0.6220159356729432,0.24423801537001594,1717,1717,283
placebo,all_alfworld,all,absolute_readout,M_kl::decision::magnitude,average_precision,0.3667932067932068,0.2629750457875457,0.8511244735203067,0.5625737428427482,1716,1717,283
placebo,all_alfworld,all,absolute_readout,M_kl::decision::magnitude,auroc_large_change_vs_rest,0.5692307692307692,0.35,0.8441558441558441,0.602399103563462,1716,1717,283
placebo,all_alfworld,all,absolute_readout,M_kl::decision::magnitude,top_quartile_mean_absolute_delta,0.04524482109227872,0.021061822989677584,0.1358884008148714,0.06803787775709874,1717,1717,283
placebo,all_alfworld,all,absolute_readout,M_kl::decision::magnitude,top_quartile_lift,1.158011988923098,0.4650008422965514,1.9825312418215029,1.1816568704409645,1717,1717,283
placebo,all_alfworld,all,absolute_readout,M_js::decision::magnitude,spearman,0.3941961737544464,-0.17786286891543637,0.6177467312189472,0.2416515944327729,1717,1717,283
placebo,all_alfworld,all,absolute_readout,M_js::decision::magnitude,average_precision,0.35424242424242425,0.2551068722943723,0.8583399933399934,0.5444131627613724,1716,1717,283
placebo,all_alfworld,all,absolute_readout,M_js::decision::magnitude,auroc_large_change_vs_rest,0.6153846153846154,0.3607253086419753,0.8441558441558441,0.6034111106149362,1716,1717,283
placebo,all_alfworld,all,absolute_readout,M_js::decision::magnitude,top_quartile_mean_absolute_delta,0.04570707070707071,0.019816335625159155,0.13695750276854923,0.06915956164595455,1717,1717,283
placebo,all_alfworld,all,absolute_readout,M_js::decision::magnitude,top_quartile_lift,1.1698429694172514,0.4330005743883538,2.0300642813718697,1.1967620957838314,1717,1717,283
placebo,all_alfworld,all,absolute_readout,M_action_abs::decision::magnitude,spearman,0.23755506260465323,-0.2150749820469575,0.564999719081421,0.17124812850909485,1717,1717,283
placebo,all_alfworld,all,absolute_readout,M_action_abs::decision::magnitude,average_precision,0.31722222222222224,0.2604273504273504,0.8400688431938432,0.5480852321818124,1716,1717,283
placebo,all_alfworld,all,absolute_readout,M_action_abs::decision::magnitude,auroc_large_change_vs_rest,0.5076923076923077,0.3472222222222222,0.831439393939394,0.5870014467502356,1716,1717,283
placebo,all_alfworld,all,absolute_readout,M_action_abs::decision::magnitude,top_quartile_mean_absolute_delta,0.03052552552552552,0.015968490351112304,0.11300021425690664,0.05659455650790289,1717,1717,283
placebo,all_alfworld,all,absolute_readout,M_action_abs::decision::magnitude,top_quartile_lift,0.7812811206533669,0.3274534910377316,1.75075649198256,0.9904568636136667,1717,1717,283
placebo,all_alfworld,all,absolute_readout,D_original::game::reward,spearman,0.32158108911546945,-0.34383195881770773,0.45943598743722397,0.05770121499281141,1717,1717,283
placebo,all_alfworld,all,absolute_readout,D_original::game::reward,average_precision,0.4045378151260504,0.24679738562091505,0.7807338249985308,0.4880780002912564,1716,1717,283
placebo,all_alfworld,all,absolute_readout,D_original::game::reward,auroc_large_change_vs_rest,0.6,0.2716049382716049,0.7662337662337663,0.5179351928885586,1716,1717,283
placebo,all_alfworld,all,absolute_readout,D_original::game::reward,top_quartile_mean_absolute_delta,0.03953715583251873,0.018476689290338445,0.0848128454338724,0.04811216064775714,1717,1717,283
placebo,all_alfworld,all,absolute_readout,D_original::game::reward,top_quartile_lift,1.0119279810742994,0.37086042612447634,1.4291259770817115,0.8608398088900387,1717,1717,283
placebo,all_alfworld,all,absolute_readout,D_original::game::unsigned,spearman,-0.07572715969493313,-0.5698659443802927,0.272983074747185,-0.1580982929894776,1717,1717,283
placebo,all_alfworld,all,absolute_readout,D_original::game::unsigned,average_precision,0.3482142857142857,0.2111080586080586,0.740687252647271,0.444816114769476,1716,1717,283
placebo,all_alfworld,all,absolute_readout,D_original::game::unsigned,auroc_large_change_vs_rest,0.5230769230769231,0.18721064814814814,0.6883116883116883,0.4349535907024681,1716,1717,283
placebo,all_alfworld,all,absolute_readout,D_original::game::unsigned,top_quartile_mean_absolute_delta,0.03308554292929293,0.012394272179155902,0.07654205412652966,0.04064397182769386,1717,1717,283
placebo,all_alfworld,all,absolute_readout,D_original::game::unsigned,top_quartile_lift,0.8468031135322459,0.24800285074143144,1.2675440310815744,0.724245671271466,1717,1717,283
placebo,all_alfworld,all,absolute_readout,D_centered_gate::game::reward,spearman,0.32158108911546945,-0.34383195881770773,0.45943598743722397,0.05770121499281141,1717,1717,283
placebo,all_alfworld,all,absolute_readout,D_centered_gate::game::reward,average_precision,0.4045378151260504,0.24679738562091505,0.7807338249985308,0.4880780002912564,1716,1717,283
placebo,all_alfworld,all,absolute_readout,D_centered_gate::game::reward,auroc_large_change_vs_rest,0.6,0.2716049382716049,0.7662337662337663,0.5179351928885586,1716,1717,283
placebo,all_alfworld,all,absolute_readout,D_centered_gate::game::reward,top_quartile_mean_absolute_delta,0.03953715583251873,0.018476689290338445,0.0848128454338724,0.04811216064775714,1717,1717,283
placebo,all_alfworld,all,absolute_readout,D_centered_gate::game::reward,top_quartile_lift,1.0119279810742994,0.37086042612447634,1.4291259770817115,0.8608398088900387,1717,1717,283
placebo,all_alfworld,all,absolute_readout,D_centered_gate::game::unsigned,spearman,-0.07572715969493313,-0.5698659443802927,0.272983074747185,-0.1580982929894776,1717,1717,283
placebo,all_alfworld,all,absolute_readout,D_centered_gate::game::unsigned,average_precision,0.3482142857142857,0.2111080586080586,0.740687252647271,0.444816114769476,1716,1717,283
placebo,all_alfworld,all,absolute_readout,D_centered_gate::game::unsigned,auroc_large_change_vs_rest,0.5230769230769231,0.18721064814814814,0.6883116883116883,0.4349535907024681,1716,1717,283
placebo,all_alfworld,all,absolute_readout,D_centered_gate::game::unsigned,top_quartile_mean_absolute_delta,0.03308554292929293,0.012394272179155902,0.07654205412652966,0.04064397182769386,1717,1717,283
placebo,all_alfworld,all,absolute_readout,D_centered_gate::game::unsigned,top_quartile_lift,0.8468031135322459,0.24800285074143144,1.2675440310815744,0.724245671271466,1717,1717,283
placebo,all_alfworld,all,absolute_readout,D_ungated::game::reward,spearman,0.01970980868772232,-0.3839805894788698,0.42489692094174414,0.002970433033112172,1717,1717,283
placebo,all_alfworld,all,absolute_readout,D_ungated::game::reward,average_precision,0.44215686274509797,0.29059436274509803,0.7972402832053567,0.5063495979885019,1716,1717,283
placebo,all_alfworld,all,absolute_readout,D_ungated::game::reward,auroc_large_change_vs_rest,0.5538461538461539,0.2638888888888889,0.7662337662337663,0.5011456223813107,1716,1717,283
placebo,all_alfworld,all,absolute_readout,D_ungated::game::reward,top_quartile_mean_absolute_delta,0.04685645272601794,0.023740728900255754,0.10732341269841263,0.06077108133138198,1717,1717,283
placebo,all_alfworld,all,absolute_readout,D_ungated::game::reward,top_quartile_lift,1.1992606602305027,0.4659033293939649,1.812401229680914,1.083170677287598,1717,1717,283
placebo,all_alfworld,all,absolute_readout,D_ungated::game::unsigned,spearman,0.04149433407941541,-0.3776777268880666,0.38838424769455293,0.0017978051321270682,1717,1717,283
placebo,all_alfworld,all,absolute_readout,D_ungated::game::unsigned,average_precision,0.4015476190476191,0.2301118326118326,0.8166762457627842,0.49574728948574603,1716,1717,283
placebo,all_alfworld,all,absolute_readout,D_ungated::game::unsigned,auroc_large_change_vs_rest,0.5538461538461539,0.25,0.7648968678380442,0.5061892426984239,1716,1717,283
placebo,all_alfworld,all,absolute_readout,D_ungated::game::unsigned,top_quartile_mean_absolute_delta,0.03416662401037401,0.022363146868234218,0.09415214019851115,0.054057406468146954,1717,1717,283
placebo,all_alfworld,all,absolute_readout,D_ungated::game::unsigned,top_quartile_lift,0.8744726859311845,0.4588748208714499,1.5790586184822335,0.9643115239291755,1717,1717,283
placebo,all_alfworld,all,absolute_readout,D_signed::game::reward,spearman,-0.26971317151620017,-0.5952584522506482,0.1797471932753195,-0.22686450084503698,1717,1717,283
placebo,all_alfworld,all,absolute_readout,D_signed::game::reward,average_precision,0.2624114774114774,0.1966799693362193,0.6533139185161244,0.42515479499470016,1716,1717,283
placebo,all_alfworld,all,absolute_readout,D_signed::game::reward,auroc_large_change_vs_rest,0.4,0.16923076923076924,0.6419753086419753,0.3959484669563398,1716,1717,283
placebo,all_alfworld,all,absolute_readout,D_signed::game::reward,top_quartile_mean_absolute_delta,0.008571428571428572,0.004166666666666667,0.06029166666666665,0.025568099263386643,1717,1717,283
placebo,all_alfworld,all,absolute_readout,D_signed::game::reward,top_quartile_lift,0.21938018116301417,0.08295657440092156,0.9989149288681828,0.4537311396752307,1717,1717,283
placebo,all_alfworld,all,absolute_readout,D_signed::game::unsigned,spearman,-0.26348902140428787,-0.4660169336609193,0.3478984021169497,-0.07561529113728255,1717,1717,283
placebo,all_alfworld,all,absolute_readout,D_signed::game::unsigned,average_precision,0.26326797385620915,0.21476278011204483,0.75093582972719,0.4534391020335343,1716,1717,283
placebo,all_alfworld,all,absolute_readout,D_signed::game::unsigned,auroc_large_change_vs_rest,0.36923076923076925,0.19444444444444445,0.7127232142857143,0.4464911487489502,1716,1717,283
placebo,all_alfworld,all,absolute_readout,D_signed::game::unsigned,top_quartile_mean_absolute_delta,0.024213075060532684,0.015213059163059163,0.08861831839485719,0.04584266027930183,1717,1717,283
placebo,all_alfworld,all,absolute_readout,D_signed::game::unsigned,top_quartile_lift,0.6197180258842206,0.3127569154400853,1.4382234714750273,0.8143257498202245,1717,1717,283
placebo,all_alfworld,all,absolute_readout,D_signed_gate::game::reward,spearman,-0.16701469466964702,-0.36629123408603953,0.4124642231829991,0.005075402820880208,1717,1717,283
placebo,all_alfworld,all,absolute_readout,D_signed_gate::game::reward,average_precision,0.30653679653679655,0.22544609189829778,0.7644162394763356,0.4663918471490055,1716,1717,283
placebo,all_alfworld,all,absolute_readout,D_signed_gate::game::reward,auroc_large_change_vs_rest,0.5230769230769231,0.2596801346801347,0.7504058441558441,0.5048479797756359,1716,1717,283
placebo,all_alfworld,all,absolute_readout,D_signed_gate::game::reward,top_quartile_mean_absolute_delta,0.016904761904761905,0.0125,0.10558928571428565,0.048591492527035235,1717,1717,283
placebo,all_alfworld,all,absolute_readout,D_signed_gate::game::reward,top_quartile_lift,0.43266646840483347,0.25071908583927716,1.6120784146839855,0.8469020974697108,1717,1717,283
placebo,all_alfworld,all,absolute_readout,D_signed_gate::game::unsigned,spearman,-0.09647432673464083,-0.24183606322907736,0.46908143654144263,0.10175678731330741,1717,1717,283
placebo,all_alfworld,all,absolute_readout,D_signed_gate::game::unsigned,average_precision,0.3076143790849673,0.2554878618113912,0.738339461883014,0.4906152547957879,1716,1717,283
placebo,all_alfworld,all,absolute_readout,D_signed_gate::game::unsigned,auroc_large_change_vs_rest,0.4307692307692308,0.3125,0.7917343073593073,0.5481907017341252,1716,1717,283
placebo,all_alfworld,all,absolute_readout,D_signed_gate::game::unsigned,top_quartile_mean_absolute_delta,0.058529845246868085,0.02955089777372386,0.13888212875309408,0.07643688173785164,1717,1717,283
placebo,all_alfworld,all,absolute_readout,D_signed_gate::game::unsigned,top_quartile_lift,1.4980336062651287,0.6797583857077353,2.0384150148866587,1.3383894520015014,1717,1717,283
placebo,all_alfworld,all,absolute_readout,D_sign_balance::game::reward,spearman,-0.24377921271656552,-0.5246013815155482,0.19094809539658944,-0.17956506774978498,1717,1717,283
placebo,all_alfworld,all,absolute_readout,D_sign_balance::game::reward,average_precision,0.278560606060606,0.20985846516636955,0.6740320703138216,0.4267086288428695,1716,1717,283
placebo,all_alfworld,all,absolute_readout,D_sign_balance::game::reward,auroc_large_change_vs_rest,0.4461538461538462,0.19719015552348884,0.675,0.43642745310925984,1716,1717,283
placebo,all_alfworld,all,absolute_readout,D_sign_balance::game::reward,top_quartile_mean_absolute_delta,0.016904761904761905,0.00909090909090909,0.08104464285714286,0.03679475402965608,1717,1717,283
placebo,all_alfworld,all,absolute_readout,D_sign_balance::game::reward,top_quartile_lift,0.43266646840483347,0.1834518122788283,1.2958115839001483,0.6479955953720704,1717,1717,283
placebo,all_alfworld,all,absolute_readout,D_sign_balance::game::unsigned,spearman,-0.1618279029097201,-0.41497471176125306,0.31282162062214686,-0.05776253988543732,1717,1717,283
placebo,all_alfworld,all,absolute_readout,D_sign_balance::game::unsigned,average_precision,0.43010101010101004,0.21075644739247676,0.7531927202699261,0.4943566536575176,1716,1717,283
placebo,all_alfworld,all,absolute_readout,D_sign_balance::game::unsigned,auroc_large_change_vs_rest,0.4461538461538462,0.23376623376623376,0.7163869598765432,0.4747239991549604,1716,1717,283
placebo,all_alfworld,all,absolute_readout,D_sign_balance::game::unsigned,top_quartile_mean_absolute_delta,0.025641646489104115,0.010067911255411259,0.07742261904761899,0.037095530980883945,1717,1717,283
placebo,all_alfworld,all,absolute_readout,D_sign_balance::game::unsigned,top_quartile_lift,0.6562813894113898,0.20672487021045616,1.263674728711736,0.6566512601509343,1717,1717,283
placebo,all_alfworld,all,absolute_readout,D_negative_fraction::game::reward,spearman,0.28423618844399556,-0.22502453971080752,0.536381934429118,0.1427593271343894,1717,1717,283
placebo,all_alfworld,all,absolute_readout,D_negative_fraction::game::reward,average_precision,0.5101190476190476,0.2846367521367521,0.8435056610056609,0.5302789894123421,1716,1717,283
placebo,all_alfworld,all,absolute_readout,D_negative_fraction::game::reward,auroc_large_change_vs_rest,0.7076923076923077,0.33766233766233766,0.8181818181818182,0.5747627482576663,1716,1717,283
placebo,all_alfworld,all,absolute_readout,D_negative_fraction::game::reward,top_quartile_mean_absolute_delta,0.05354368070860882,0.027914764816080608,0.10687215801439934,0.0627522751375469,1717,1717,283
placebo,all_alfworld,all,absolute_readout,D_negative_fraction::game::reward,top_quartile_lift,1.370415943632072,0.5289431385301627,1.8102273317530406,1.1261848447854883,1717,1717,283
placebo,all_alfworld,all,absolute_readout,D_negative_fraction::game::unsigned,spearman,0.018672450335736935,-0.34498367261387186,0.4515151679906864,0.04846679943301604,1717,1717,283
placebo,all_alfworld,all,absolute_readout,D_negative_fraction::game::unsigned,average_precision,0.4615384615384615,0.23888125763125764,0.8369489123349417,0.5142320235177154,1716,1717,283
placebo,all_alfworld,all,absolute_readout,D_negative_fraction::game::unsigned,auroc_large_change_vs_rest,0.6307692307692307,0.25852272727272724,0.8,0.532700462824883,1716,1717,283
placebo,all_alfworld,all,absolute_readout,D_negative_fraction::game::unsigned,top_quartile_mean_absolute_delta,0.02808554292929293,0.01830919284889339,0.10823988245040875,0.055010249208019536,1717,1717,283
placebo,all_alfworld,all,absolute_readout,D_negative_fraction::game::unsigned,top_quartile_lift,0.7188313411871543,0.4009237480296778,1.6904929557113326,0.9696534051633162,1717,1717,283
placebo,all_alfworld,all,absolute_readout,D_adv::game::reward,spearman,0.008298866815883082,-0.30715205360915754,0.4857647777581416,0.090428175346302,1717,1717,283
placebo,all_alfworld,all,absolute_readout,D_adv::game::reward,average_precision,0.41935188994012523,0.24088086749851456,0.8093034743034744,0.5240273168437927,1716,1717,283
placebo,all_alfworld,all,absolute_readout,D_adv::game::reward,auroc_large_change_vs_rest,0.4461538461538462,0.2637152777777778,0.7753472222222222,0.5237349271265213,1716,1717,283
placebo,all_alfworld,all,absolute_readout,D_adv::game::reward,top_quartile_mean_absolute_delta,0.027380952380952377,0.01789366883116883,0.10063555194805195,0.05276409003898959,1717,1717,283
placebo,all_alfworld,all,absolute_readout,D_adv::game::reward,top_quartile_lift,0.7007978009374062,0.37554729170760365,1.615146543872273,0.9301272199752466,1717,1717,283
placebo,all_alfworld,all,absolute_readout,D_adv::game::unsigned,spearman,-0.26348902140428787,-0.4660169336609193,0.3478984021169497,-0.07561529113728255,1717,1717,283
placebo,all_alfworld,all,absolute_readout,D_adv::game::unsigned,average_precision,0.26326797385620915,0.21476278011204483,0.75093582972719,0.4534391020335343,1716,1717,283
placebo,all_alfworld,all,absolute_readout,D_adv::game::unsigned,auroc_large_change_vs_rest,0.36923076923076925,0.19444444444444445,0.7127232142857143,0.4464911487489502,1716,1717,283
placebo,all_alfworld,all,absolute_readout,D_adv::game::unsigned,top_quartile_mean_absolute_delta,0.024213075060532684,0.015213059163059163,0.08861831839485719,0.04584266027930183,1717,1717,283
placebo,all_alfworld,all,absolute_readout,D_adv::game::unsigned,top_quartile_lift,0.6197180258842206,0.3127569154400853,1.4382234714750273,0.8143257498202245,1717,1717,283
placebo,all_alfworld,all,absolute_readout,D_adv_gate::game::reward,spearman,0.22303204567685783,-0.19525088381354888,0.5670337803879885,0.18178705133380207,1717,1717,283
placebo,all_alfworld,all,absolute_readout,D_adv_gate::game::reward,average_precision,0.46025641025641023,0.24881262120232708,0.8236163720538722,0.5545044633806832,1716,1717,283
placebo,all_alfworld,all,absolute_readout,D_adv_gate::game::reward,auroc_large_change_vs_rest,0.5692307692307692,0.3249594155844156,0.8148148148148148,0.5740440734311141,1716,1717,283
placebo,all_alfworld,all,absolute_readout,D_adv_gate::game::reward,top_quartile_mean_absolute_delta,0.03846203346203346,0.019444875776397513,0.11072385509227613,0.058182265713610924,1717,1717,283
placebo,all_alfworld,all,absolute_readout,D_adv_gate::game::reward,top_quartile_lift,0.9844109180265281,0.40794200898722216,1.7160105262882517,1.025817152239716,1717,1717,283
placebo,all_alfworld,all,absolute_readout,D_adv_gate::game::unsigned,spearman,-0.09647432673464083,-0.24183606322907736,0.46908143654144263,0.10175678731330741,1717,1717,283
placebo,all_alfworld,all,absolute_readout,D_adv_gate::game::unsigned,average_precision,0.3076143790849673,0.2554878618113912,0.738339461883014,0.4906152547957879,1716,1717,283
placebo,all_alfworld,all,absolute_readout,D_adv_gate::game::unsigned,auroc_large_change_vs_rest,0.4307692307692308,0.3125,0.7917343073593073,0.5481907017341252,1716,1717,283
placebo,all_alfworld,all,absolute_readout,D_adv_gate::game::unsigned,top_quartile_mean_absolute_delta,0.058529845246868085,0.02955089777372386,0.13888212875309408,0.07643688173785164,1717,1717,283
placebo,all_alfworld,all,absolute_readout,D_adv_gate::game::unsigned,top_quartile_lift,1.4980336062651287,0.6797583857077353,2.0384150148866587,1.3383894520015014,1717,1717,283
placebo,all_alfworld,all,absolute_readout,D_sqrtadv::game::reward,spearman,-0.029046033855590788,-0.48639829391384315,0.31601802844006244,-0.08590691929232946,1717,1717,283
placebo,all_alfworld,all,absolute_readout,D_sqrtadv::game::reward,average_precision,0.41037878787878784,0.2113000194250194,0.7243680104617605,0.48625645795480454,1716,1717,283
placebo,all_alfworld,all,absolute_readout,D_sqrtadv::game::reward,auroc_large_change_vs_rest,0.4153846153846154,0.2077922077922078,0.7012987012987013,0.46051736729305687,1716,1717,283
placebo,all_alfworld,all,absolute_readout,D_sqrtadv::game::reward,top_quartile_mean_absolute_delta,0.031190476190476185,0.013333333333333332,0.0996845238095238,0.0490355013806164,1717,1717,283
placebo,all_alfworld,all,absolute_readout,D_sqrtadv::game::reward,top_quartile_lift,0.7983001036765236,0.28000984041292615,1.550070631429106,0.8618937050808676,1717,1717,283
placebo,all_alfworld,all,absolute_readout,D_sqrtadv::game::unsigned,spearman,-0.26348902140428787,-0.4660169336609193,0.3478984021169497,-0.07561529113728255,1717,1717,283
placebo,all_alfworld,all,absolute_readout,D_sqrtadv::game::unsigned,average_precision,0.26326797385620915,0.21476278011204483,0.75093582972719,0.4534391020335343,1716,1717,283
placebo,all_alfworld,all,absolute_readout,D_sqrtadv::game::unsigned,auroc_large_change_vs_rest,0.36923076923076925,0.19444444444444445,0.7127232142857143,0.4464911487489502,1716,1717,283
placebo,all_alfworld,all,absolute_readout,D_sqrtadv::game::unsigned,top_quartile_mean_absolute_delta,0.024213075060532684,0.015213059163059163,0.08861831839485719,0.04584266027930183,1717,1717,283
placebo,all_alfworld,all,absolute_readout,D_sqrtadv::game::unsigned,top_quartile_lift,0.6197180258842206,0.3127569154400853,1.4382234714750273,0.8143257498202245,1717,1717,283
placebo,all_alfworld,all,absolute_readout,D_work::game::reward,spearman,0.3900467403465049,-0.12736392993587237,0.6393694872608572,0.2700440574966732,1717,1717,283
placebo,all_alfworld,all,absolute_readout,D_work::game::reward,average_precision,0.3616161616161616,0.2636289197594345,0.8890377967249625,0.5774771224458004,1716,1717,283
placebo,all_alfworld,all,absolute_readout,D_work::game::reward,auroc_large_change_vs_rest,0.5384615384615384,0.33766233766233766,0.8707386363636364,0.6115142527868486,1716,1717,283
placebo,all_alfworld,all,absolute_readout,D_work::game::reward,top_quartile_mean_absolute_delta,0.059199134199134196,0.02820079423836659,0.14579269670388087,0.07809115013933891,1717,1717,283
placebo,all_alfworld,all,absolute_readout,D_work::game::reward,top_quartile_lift,1.5151636249516254,0.6276350718112731,2.0786704673098724,1.3623188903506813,1717,1717,283
placebo,all_alfworld,all,absolute_readout,D_work::game::unsigned,spearman,-0.08195130980684544,-0.3701488647294663,0.40985416108332745,0.022803694219217838,1717,1717,283
placebo,all_alfworld,all,absolute_readout,D_work::game::unsigned,average_precision,0.25658263305322127,0.24348833356186297,0.8076046465418123,0.5141290822819423,1716,1717,283
placebo,all_alfworld,all,absolute_readout,D_work::game::unsigned,auroc_large_change_vs_rest,0.2923076923076923,0.2638888888888889,0.7654320987654321,0.516576417221085,1716,1717,283
placebo,all_alfworld,all,absolute_readout,D_work::game::unsigned,top_quartile_mean_absolute_delta,0.037899262899262896,0.014368473587223589,0.12051801097262303,0.05814389146546103,1717,1717,283
placebo,all_alfworld,all,absolute_readout,D_work::game::unsigned,top_quartile_lift,0.9700071687582494,0.3238801938129831,1.7614693290045476,1.005722621339516,1717,1717,283
placebo,all_alfworld,all,absolute_readout,D_work_gate::game::reward,spearman,0.42324220761003717,-0.15159747600919918,0.641492255934896,0.26661511090622314,1717,1717,283
placebo,all_alfworld,all,absolute_readout,D_work_gate::game::reward,average_precision,0.3827272727272727,0.2583234922756982,0.8697075840825842,0.5708338551327758,1716,1717,283
placebo,all_alfworld,all,absolute_readout,D_work_gate::game::reward,auroc_large_change_vs_rest,0.6,0.3470293209876543,0.85,0.6097439925517077,1716,1717,283
placebo,all_alfworld,all,absolute_readout,D_work_gate::game::reward,top_quartile_mean_absolute_delta,0.034199134199134194,0.021709349593495936,0.10963451095687936,0.059350048709853734,1717,1717,283
placebo,all_alfworld,all,absolute_readout,D_work_gate::game::reward,top_quartile_lift,0.8753047632261675,0.4808843706870914,1.710274830270598,1.0454277139601003,1717,1717,283
placebo,all_alfworld,all,absolute_readout,D_work_gate::game::unsigned,spearman,0.16493997796567625,-0.3719034612873766,0.42658282403553766,0.04326184787779068,1717,1717,283
placebo,all_alfworld,all,absolute_readout,D_work_gate::game::unsigned,average_precision,0.2532967032967033,0.21218711843711843,0.8212770562770563,0.5153899825829308,1716,1717,283
placebo,all_alfworld,all,absolute_readout,D_work_gate::game::unsigned,auroc_large_change_vs_rest,0.3384615384615385,0.23376623376623376,0.7662337662337663,0.5024385673365575,1716,1717,283
placebo,all_alfworld,all,absolute_readout,D_work_gate::game::unsigned,top_quartile_mean_absolute_delta,0.037899262899262896,0.02278739778513971,0.10198831399578683,0.05726621082577781,1717,1717,283
placebo,all_alfworld,all,absolute_readout,D_work_gate::game::unsigned,top_quartile_lift,0.9700071687582494,0.46743746547846615,1.6456294336247352,1.0140053557079454,1717,1717,283
placebo,all_alfworld,all,absolute_readout,D_cos_raw::game::reward,spearman,-0.5259406844565904,-0.6376623412169651,0.08378181304770704,-0.29935650466451824,1717,1717,283
placebo,all_alfworld,all,absolute_readout,D_cos_raw::game::reward,average_precision,0.2313265819148172,0.19547232995762406,0.6625109530991883,0.40734783039809985,1716,1717,283
placebo,all_alfworld,all,absolute_readout,D_cos_raw::game::reward,auroc_large_change_vs_rest,0.2923076923076923,0.13728780864197532,0.625,0.3778667100356135,1716,1717,283
placebo,all_alfworld,all,absolute_readout,D_cos_raw::game::reward,top_quartile_mean_absolute_delta,0.008571428571428572,0.00225378787878788,0.07916666666666666,0.03004482185047852,1717,1717,283
placebo,all_alfworld,all,absolute_readout,D_cos_raw::game::reward,top_quartile_lift,0.21938018116301417,0.03474556778423644,1.2416660923962393,0.522951270574751,1717,1717,283
placebo,all_alfworld,all,absolute_readout,D_cos_raw::game::unsigned,spearman,-0.3008339220757617,-0.46648886030266523,0.27639604601035955,-0.11573127995561815,1717,1717,283
placebo,all_alfworld,all,absolute_readout,D_cos_raw::game::unsigned,average_precision,0.3133333333333333,0.2107575145442793,0.7365364664384272,0.4570106438511915,1716,1717,283
placebo,all_alfworld,all,absolute_readout,D_cos_raw::game::unsigned,auroc_large_change_vs_rest,0.4,0.2,0.716820987654321,0.4528663323871486,1716,1717,283
placebo,all_alfworld,all,absolute_readout,D_cos_raw::game::unsigned,top_quartile_mean_absolute_delta,0.029213075060532685,0.01629177897574124,0.09288015232974903,0.047736956106703886,1717,1717,283
placebo,all_alfworld,all,absolute_readout,D_cos_raw::game::unsigned,top_quartile_lift,0.7476897982293123,0.32528194806492194,1.5268167112083881,0.8461374324193139,1717,1717,283
placebo,all_alfworld,all,absolute_readout,D_cos_centered::game::reward,spearman,-0.39108409869849026,-0.6122561603453321,0.09421784509013754,-0.27551190070010934,1717,1717,283
placebo,all_alfworld,all,absolute_readout,D_cos_centered::game::reward,average_precision,0.23940781440781436,0.1932952545820193,0.6596762351664311,0.4221416266382021,1716,1717,283
placebo,all_alfworld,all,absolute_readout,D_cos_centered::game::reward,auroc_large_change_vs_rest,0.3230769230769231,0.14285714285714285,0.6307692307692307,0.3799235400937518,1716,1717,283
placebo,all_alfworld,all,absolute_readout,D_cos_centered::game::reward,top_quartile_mean_absolute_delta,0.008571428571428572,0.004166666666666667,0.06029166666666665,0.025568099263386643,1717,1717,283
placebo,all_alfworld,all,absolute_readout,D_cos_centered::game::reward,top_quartile_lift,0.21938018116301417,0.08295657440092156,0.9989149288681828,0.4537311396752307,1717,1717,283
placebo,all_alfworld,all,absolute_readout,D_cos_centered::game::unsigned,spearman,-0.18568714500538397,-0.398485543980232,0.40469907086821094,-0.01214316158273677,1717,1717,283
placebo,all_alfworld,all,absolute_readout,D_cos_centered::game::unsigned,average_precision,0.3092997198879552,0.22456954656862743,0.7895927601809954,0.4830690306601548,1716,1717,283
placebo,all_alfworld,all,absolute_readout,D_cos_centered::game::unsigned,auroc_large_change_vs_rest,0.46153846153846156,0.23004807692307694,0.7638888888888888,0.48886842026546484,1716,1717,283
placebo,all_alfworld,all,absolute_readout,D_cos_centered::game::unsigned,top_quartile_mean_absolute_delta,0.028974979822437446,0.020889919911270455,0.09962567301875377,0.05478695398060972,1717,1717,283
placebo,all_alfworld,all,absolute_readout,D_cos_centered::game::unsigned,top_quartile_lift,0.7415959043081174,0.4296226901350168,1.6443378381384524,0.9741707483839523,1717,1717,283
placebo,all_alfworld,all,absolute_readout,D_cos_centered_gate::game::reward,spearman,-0.29253505525987866,-0.4857838730846779,0.3545775685230588,-0.0980969508928257,1717,1717,283
placebo,all_alfworld,all,absolute_readout,D_cos_centered_gate::game::reward,average_precision,0.2621156621156621,0.20770344851227202,0.7299145067895069,0.4432371265689269,1716,1717,283
placebo,all_alfworld,all,absolute_readout,D_cos_centered_gate::game::reward,auroc_large_change_vs_rest,0.38461538461538464,0.19642857142857142,0.7083333333333334,0.44786388320420667,1716,1717,283
placebo,all_alfworld,all,absolute_readout,D_cos_centered_gate::game::reward,top_quartile_mean_absolute_delta,0.016904761904761905,0.0125,0.10558928571428565,0.048591492527035235,1717,1717,283
placebo,all_alfworld,all,absolute_readout,D_cos_centered_gate::game::reward,top_quartile_lift,0.43266646840483347,0.25071908583927716,1.6120784146839855,0.8469020974697108,1717,1717,283
placebo,all_alfworld,all,absolute_readout,D_cos_centered_gate::game::unsigned,spearman,-0.08195130980684544,-0.2142577048134494,0.5003110417449395,0.1371308398623429,1717,1717,283
placebo,all_alfworld,all,absolute_readout,D_cos_centered_gate::game::unsigned,average_precision,0.4347572362278244,0.32072139461845345,0.7797375233204109,0.5686991665050831,1716,1717,283
placebo,all_alfworld,all,absolute_readout,D_cos_centered_gate::game::unsigned,auroc_large_change_vs_rest,0.4461538461538462,0.3249594155844156,0.8024691358024691,0.5643124259942184,1716,1717,283
placebo,all_alfworld,all,absolute_readout,D_cos_centered_gate::game::unsigned,top_quartile_mean_absolute_delta,0.03829175000877285,0.024193628604432277,0.11413950085002708,0.06217623929932577,1717,1717,283
placebo,all_alfworld,all,absolute_readout,D_cos_centered_gate::game::unsigned,top_quartile_lift,0.9800526229635675,0.48102324524991885,1.8786955998905965,1.1030303597813487,1717,1717,283
placebo,all_alfworld,all,absolute_readout,D_cos_adv::game::reward,spearman,0.10062376014258237,-0.259849283385989,0.5217756067256135,0.13649318625844203,1717,1717,283
placebo,all_alfworld,all,absolute_readout,D_cos_adv::game::reward,average_precision,0.4282051282051282,0.2450846028971029,0.8224145067895069,0.5423451776960514,1716,1717,283
placebo,all_alfworld,all,absolute_readout,D_cos_adv::game::reward,auroc_large_change_vs_rest,0.47692307692307695,0.2839506172839506,0.7903163580246914,0.5452641088729775,1716,1717,283
placebo,all_alfworld,all,absolute_readout,D_cos_adv::game::reward,top_quartile_mean_absolute_delta,0.03373688458434221,0.021565626401800892,0.10939723698432713,0.058228364820997906,1717,1717,283
placebo,all_alfworld,all,absolute_readout,D_cos_adv::game::reward,top_quartile_lift,0.8634737827320141,0.4340533048120738,1.7403403507358752,1.030322488617233,1717,1717,283
placebo,all_alfworld,all,absolute_readout,D_cos_adv::game::unsigned,spearman,-0.18568714500538397,-0.398485543980232,0.40469907086821094,-0.01214316158273677,1717,1717,283
placebo,all_alfworld,all,absolute_readout,D_cos_adv::game::unsigned,average_precision,0.3092997198879552,0.22456954656862743,0.7895927601809954,0.4830690306601548,1716,1717,283
placebo,all_alfworld,all,absolute_readout,D_cos_adv::game::unsigned,auroc_large_change_vs_rest,0.46153846153846156,0.23004807692307694,0.7638888888888888,0.48886842026546484,1716,1717,283
placebo,all_alfworld,all,absolute_readout,D_cos_adv::game::unsigned,top_quartile_mean_absolute_delta,0.028974979822437446,0.020889919911270455,0.09962567301875377,0.05478695398060972,1717,1717,283
placebo,all_alfworld,all,absolute_readout,D_cos_adv::game::unsigned,top_quartile_lift,0.7415959043081174,0.4296226901350168,1.6443378381384524,0.9741707483839523,1717,1717,283
placebo,all_alfworld,all,absolute_readout,D_cos_negative::game::reward,spearman,0.11307206036640699,-0.2612609357588172,0.4752855654569929,0.09667445139921055,1717,1717,283
placebo,all_alfworld,all,absolute_readout,D_cos_negative::game::reward,average_precision,0.4038095238095238,0.299115728021978,0.8035023940705757,0.5181968769977169,1716,1717,283
placebo,all_alfworld,all,absolute_readout,D_cos_negative::game::reward,auroc_large_change_vs_rest,0.5846153846153846,0.3194444444444444,0.7878279320987654,0.5440887471427601,1716,1717,283
placebo,all_alfworld,all,absolute_readout,D_cos_negative::game::reward,top_quartile_mean_absolute_delta,0.05330806562924375,0.028107508299421716,0.11124404730779357,0.06538308895150659,1717,1717,283
placebo,all_alfworld,all,absolute_readout,D_cos_negative::game::reward,top_quartile_lift,1.3643855277725565,0.5429518244942192,1.8995164008261438,1.1683913581013499,1717,1717,283
placebo,all_alfworld,all,absolute_readout,D_cos_negative::game::unsigned,spearman,0.07987659310287466,-0.28142877387450027,0.49050439408637525,0.10708470358848253,1717,1717,283
placebo,all_alfworld,all,absolute_readout,D_cos_negative::game::unsigned,average_precision,0.40820512820512816,0.24986378205128204,0.8402261800699301,0.5206433058570415,1716,1717,283
placebo,all_alfworld,all,absolute_readout,D_cos_negative::game::unsigned,auroc_large_change_vs_rest,0.6,0.2923076923076923,0.8132102272727273,0.5516322970912703,1716,1717,283
placebo,all_alfworld,all,absolute_readout,D_cos_negative::game::unsigned,top_quartile_mean_absolute_delta,0.04510320597277119,0.02779713938983479,0.13025756476228176,0.07108189225675188,1717,1717,283
placebo,all_alfworld,all,absolute_readout,D_cos_negative::game::unsigned,top_quartile_lift,1.15438744135625,0.583401627604536,2.034493612594254,1.2543927328959223,1717,1717,283
placebo,all_alfworld,all,absolute_readout,D_soft::game::reward,spearman,-0.4356905078338618,-0.5410471553712621,0.2551263067451249,-0.16841663476991756,1717,1717,283
placebo,all_alfworld,all,absolute_readout,D_soft::game::reward,average_precision,0.23725723622782446,0.1998141339869281,0.7342232232008814,0.4408253811278769,1716,1717,283
placebo,all_alfworld,all,absolute_readout,D_soft::game::reward,auroc_large_change_vs_rest,0.26153846153846155,0.18181818181818182,0.6888111888111889,0.4191318629287115,1716,1717,283
placebo,all_alfworld,all,absolute_readout,D_soft::game::reward,top_quartile_mean_absolute_delta,0.03357142857142857,0.0151348581973582,0.12514772727272727,0.06056977390059957,1717,1717,283
placebo,all_alfworld,all,absolute_readout,D_soft::game::reward,top_quartile_lift,0.8592390428884721,0.3558296633518504,1.787706357063429,1.047841732556752,1717,1717,283
placebo,all_alfworld,all,absolute_readout,D_soft::game::unsigned,spearman,-0.09336225167868467,-0.4957333783589863,0.23855024229311314,-0.13362676727275152,1717,1717,283
placebo,all_alfworld,all,absolute_readout,D_soft::game::unsigned,average_precision,0.39532051282051284,0.21392551892551892,0.7244564871403105,0.49637712716348686,1716,1717,283
placebo,all_alfworld,all,absolute_readout,D_soft::game::unsigned,auroc_large_change_vs_rest,0.35384615384615387,0.18518518518518517,0.687601461038961,0.4319054164758807,1716,1717,283
placebo,all_alfworld,all,absolute_readout,D_soft::game::unsigned,top_quartile_mean_absolute_delta,0.042437013284470915,0.015439177059712775,0.10488439688063392,0.05283212730650551,1717,1717,283
placebo,all_alfworld,all,absolute_readout,D_soft::game::unsigned,top_quartile_lift,1.086147960609188,0.3296986983741424,1.6244083965626066,0.9262694901077397,1717,1717,283
placebo,all_alfworld,all,absolute_readout,D_soft_negative::game::reward,spearman,0.18568714500538397,-0.4286814322762259,0.4082542741037132,-0.01307814579079703,1717,1717,283
placebo,all_alfworld,all,absolute_readout,D_soft_negative::game::reward,average_precision,0.40549019607843134,0.2467476627403098,0.7882764541082554,0.4847534388708675,1716,1717,283
placebo,all_alfworld,all,absolute_readout,D_soft_negative::game::reward,auroc_large_change_vs_rest,0.5846153846153846,0.24646464646464647,0.7640817901234568,0.5008540138394251,1716,1717,283
placebo,all_alfworld,all,absolute_readout,D_soft_negative::game::reward,top_quartile_mean_absolute_delta,0.036656971500721496,0.017700183204594967,0.09062732686774869,0.051285396953513786,1717,1717,283
placebo,all_alfworld,all,absolute_readout,D_soft_negative::game::reward,top_quartile_lift,0.9382115223501682,0.34456696135982334,1.5351250561633867,0.9137318435398455,1717,1717,283
placebo,all_alfworld,all,absolute_readout,D_soft_negative::game::unsigned,spearman,0.10062376014258237,-0.45018075178403416,0.3154690123427621,-0.060694316603653195,1717,1717,283
placebo,all_alfworld,all,absolute_readout,D_soft_negative::game::unsigned,average_precision,0.36263736263736257,0.22069749694749696,0.7531274714868466,0.4566835082131333,1716,1717,283
placebo,all_alfworld,all,absolute_readout,D_soft_negative::game::unsigned,auroc_large_change_vs_rest,0.6,0.23376623376623376,0.7142857142857143,0.4805817089932994,1716,1717,283
placebo,all_alfworld,all,absolute_readout,D_soft_negative::game::unsigned,top_quartile_mean_absolute_delta,0.022929292929292928,0.010444919579065922,0.07202258708272859,0.036633242067899155,1717,1717,283
placebo,all_alfworld,all,absolute_readout,D_soft_negative::game::unsigned,top_quartile_lift,0.5868604509562786,0.21643291037310425,1.1906080353115154,0.6487081501386608,1717,1717,283
placebo,all_alfworld,all,absolute_readout,D_soft_cos::game::reward,spearman,-0.36929957330679714,-0.4536817203654144,0.3011158576917405,-0.08745535212658893,1717,1717,283
placebo,all_alfworld,all,absolute_readout,D_soft_cos::game::reward,average_precision,0.2564425770308123,0.21236286181139125,0.7477673501711963,0.45436756795588445,1716,1717,283
placebo,all_alfworld,all,absolute_readout,D_soft_cos::game::reward,auroc_large_change_vs_rest,0.36923076923076925,0.2201048951048951,0.7222222222222222,0.4601923757393186,1716,1717,283
placebo,all_alfworld,all,absolute_readout,D_soft_cos::game::reward,top_quartile_mean_absolute_delta,0.016904761904761905,0.0125,0.10558928571428565,0.048591492527035235,1717,1717,283
placebo,all_alfworld,all,absolute_readout,D_soft_cos::game::reward,top_quartile_lift,0.43266646840483347,0.25071908583927716,1.6120784146839855,0.8469020974697108,1717,1717,283
placebo,all_alfworld,all,absolute_readout,D_soft_cos::game::unsigned,spearman,-0.0051867917599269266,-0.33648506471374395,0.3404350611234334,0.0008385711943635154,1717,1717,283
placebo,all_alfworld,all,absolute_readout,D_soft_cos::game::unsigned,average_precision,0.29888888888888887,0.23324346405228755,0.7410073184020377,0.4847842534249791,1716,1717,283
placebo,all_alfworld,all,absolute_readout,D_soft_cos::game::unsigned,auroc_large_change_vs_rest,0.35384615384615387,0.25810185185185186,0.7361111111111112,0.4886231475308044,1716,1717,283
placebo,all_alfworld,all,absolute_readout,D_soft_cos::game::unsigned,top_quartile_mean_absolute_delta,0.042437013284470915,0.015439177059712775,0.10488439688063392,0.05283212730650551,1717,1717,283
placebo,all_alfworld,all,absolute_readout,D_soft_cos::game::unsigned,top_quartile_lift,1.086147960609188,0.3296986983741424,1.6244083965626066,0.9262694901077397,1717,1717,283
placebo,all_alfworld,all,absolute_readout,D_sigmoid::game::reward,spearman,-0.28423618844399556,-0.45121991652470683,0.32877058230562,-0.0742067272478171,1717,1717,283
placebo,all_alfworld,all,absolute_readout,D_sigmoid::game::reward,average_precision,0.2885714285714286,0.21699710012210013,0.7470582062953386,0.4556324088288552,1716,1717,283
placebo,all_alfworld,all,absolute_readout,D_sigmoid::game::reward,auroc_large_change_vs_rest,0.47692307692307695,0.22077922077922077,0.7272727272727273,0.4731641588259235,1716,1717,283
placebo,all_alfworld,all,absolute_readout,D_sigmoid::game::reward,top_quartile_mean_absolute_delta,0.016904761904761905,0.0125,0.10558928571428565,0.048591492527035235,1717,1717,283
placebo,all_alfworld,all,absolute_readout,D_sigmoid::game::reward,top_quartile_lift,0.43266646840483347,0.25071908583927716,1.6120784146839855,0.8469020974697108,1717,1717,283
placebo,all_alfworld,all,absolute_readout,D_sigmoid::game::unsigned,spearman,-0.06742829287905004,-0.23082951862850573,0.4374767996203054,0.11622447866391544,1717,1717,283
placebo,all_alfworld,all,absolute_readout,D_sigmoid::game::unsigned,average_precision,0.3246031746031746,0.24571886446886448,0.7216986057243411,0.46904616386119213,1716,1717,283
placebo,all_alfworld,all,absolute_readout,D_sigmoid::game::unsigned,auroc_large_change_vs_rest,0.47692307692307695,0.3053075396825397,0.7532467532467533,0.5327682039463314,1716,1717,283
placebo,all_alfworld,all,absolute_readout,D_sigmoid::game::unsigned,top_quartile_mean_absolute_delta,0.04564164648910411,0.02015488991295443,0.12196176309322859,0.06126235249325437,1717,1717,283
placebo,all_alfworld,all,absolute_readout,D_sigmoid::game::unsigned,top_quartile_lift,1.1681684787917561,0.42801886343489326,1.791829921968257,1.0714171251405464,1717,1717,283
placebo,all_alfworld,all,absolute_readout,D_tauC_q25::game::reward,spearman,-0.15041696103788085,-0.37060126169169993,0.4333326365727091,-0.0004439526841894191,1717,1717,283
placebo,all_alfworld,all,absolute_readout,D_tauC_q25::game::reward,average_precision,0.2767888973771327,0.22638467129275958,0.754337496653673,0.46532698024841396,1716,1717,283
placebo,all_alfworld,all,absolute_readout,D_tauC_q25::game::reward,auroc_large_change_vs_rest,0.4307692307692308,0.24667832167832168,0.7538461538461538,0.4993168304259276,1716,1717,283
placebo,all_alfworld,all,absolute_readout,D_tauC_q25::game::reward,top_quartile_mean_absolute_delta,0.016904761904761905,0.0125,0.10558928571428565,0.048591492527035235,1717,1717,283
placebo,all_alfworld,all,absolute_readout,D_tauC_q25::game::reward,top_quartile_lift,0.43266646840483347,0.25071908583927716,1.6120784146839855,0.8469020974697108,1717,1717,283
placebo,all_alfworld,all,absolute_readout,D_tauC_q25::game::unsigned,spearman,-0.07261508463897696,-0.36319541828009716,0.3440404258832972,-0.02899408793518646,1717,1717,283
placebo,all_alfworld,all,absolute_readout,D_tauC_q25::game::unsigned,average_precision,0.23321266968325788,0.2238237388972683,0.6797286518157559,0.4358910657584251,1716,1717,283
placebo,all_alfworld,all,absolute_readout,D_tauC_q25::game::unsigned,auroc_large_change_vs_rest,0.27692307692307694,0.24675324675324675,0.7145061728395061,0.47248608423486443,1716,1717,283
placebo,all_alfworld,all,absolute_readout,D_tauC_q25::game::unsigned,top_quartile_mean_absolute_delta,0.042437013284470915,0.015439177059712775,0.10488439688063392,0.05283212730650551,1717,1717,283
placebo,all_alfworld,all,absolute_readout,D_tauC_q25::game::unsigned,top_quartile_lift,1.086147960609188,0.3296986983741424,1.6244083965626066,0.9262694901077397,1717,1717,283
placebo,all_alfworld,all,absolute_readout,D_tauC_q50::game::reward,spearman,-0.3350667476912794,-0.502185178196125,0.24711441277440283,-0.13485269460186575,1717,1717,283
placebo,all_alfworld,all,absolute_readout,D_tauC_q50::game::reward,average_precision,0.24928104575163398,0.20624999999999996,0.7344057016216108,0.4456967042816872,1716,1717,283
placebo,all_alfworld,all,absolute_readout,D_tauC_q50::game::reward,auroc_large_change_vs_rest,0.2923076923076923,0.19969135802469137,0.6805555555555556,0.43417415090616274,1716,1717,283
placebo,all_alfworld,all,absolute_readout,D_tauC_q50::game::reward,top_quartile_mean_absolute_delta,0.0270610119047619,0.015777140198511168,0.09523992673992673,0.04812549969973805,1717,1717,283
placebo,all_alfworld,all,absolute_readout,D_tauC_q50::game::reward,top_quartile_lift,0.6926091309808006,0.3242538495379905,1.5276675816237457,0.8532194877029956,1717,1717,283
placebo,all_alfworld,all,absolute_readout,D_tauC_q50::game::unsigned,spearman,0.022821883743678474,-0.44252788290582284,0.27500369911132555,-0.09299037824689912,1717,1717,283
placebo,all_alfworld,all,absolute_readout,D_tauC_q50::game::unsigned,average_precision,0.26886363636363636,0.2200954861111111,0.7565322473686444,0.4577340767617211,1716,1717,283
placebo,all_alfworld,all,absolute_readout,D_tauC_q50::game::unsigned,auroc_large_change_vs_rest,0.35384615384615387,0.19622564935064934,0.687601461038961,0.44768714025585626,1716,1717,283
placebo,all_alfworld,all,absolute_readout,D_tauC_q50::game::unsigned,top_quartile_mean_absolute_delta,0.049255195102652735,0.020297448671089978,0.11484824165870358,0.059418085977369646,1717,1717,283
placebo,all_alfworld,all,absolute_readout,D_tauC_q50::game::unsigned,top_quartile_lift,1.2606549228979491,0.42227736647279507,1.744573056789812,1.0415699840925934,1717,1717,283
placebo,all_alfworld,all,absolute_readout,D_tauC_q75::game::reward,spearman,-0.35685127308297254,-0.5508869415997113,0.1902425295634916,-0.19812575919221334,1717,1717,283
placebo,all_alfworld,all,absolute_readout,D_tauC_q75::game::reward,average_precision,0.3121381886087768,0.20665827228327227,0.6947825785325786,0.4303745253176853,1716,1717,283
placebo,all_alfworld,all,absolute_readout,D_tauC_q75::game::reward,auroc_large_change_vs_rest,0.36923076923076925,0.19753086419753085,0.6875,0.4269782006671547,1716,1717,283
placebo,all_alfworld,all,absolute_readout,D_tauC_q75::game::reward,top_quartile_mean_absolute_delta,0.04015625,0.011949404761904762,0.11442187499999996,0.05393907853457434,1717,1717,283
placebo,all_alfworld,all,absolute_readout,D_tauC_q75::game::reward,top_quartile_lift,1.0277732966465167,0.26745592502451176,1.7102262659384697,0.9338930814211774,1717,1717,283
placebo,all_alfworld,all,absolute_readout,D_tauC_q75::game::unsigned,spearman,-0.08817545991875775,-0.5929921157612846,0.13875938619007475,-0.23640309203113466,1717,1717,283
placebo,all_alfworld,all,absolute_readout,D_tauC_q75::game::unsigned,average_precision,0.3226984126984127,0.21129586304218656,0.7043086192810458,0.44031907425226197,1716,1717,283
placebo,all_alfworld,all,absolute_readout,D_tauC_q75::game::unsigned,auroc_large_change_vs_rest,0.4307692307692308,0.15991261824595157,0.6314685314685314,0.3969624157239136,1716,1717,283
placebo,all_alfworld,all,absolute_readout,D_tauC_q75::game::unsigned,top_quartile_mean_absolute_delta,0.042437013284470915,0.013350615971575025,0.10259675324675323,0.049975946106566804,1717,1717,283
placebo,all_alfworld,all,absolute_readout,D_tauC_q75::game::unsigned,top_quartile_lift,1.086147960609188,0.2853458929168016,1.571952442431189,0.8748960333029189,1717,1717,283
placebo,all_alfworld,all,absolute_readout,D_delta_q25::game::reward,spearman,-0.35996334813892866,-0.6042849078773307,0.12519528909013444,-0.2653349166446541,1717,1717,283
placebo,all_alfworld,all,absolute_readout,D_delta_q25::game::reward,average_precision,0.26129870129870125,0.186882215007215,0.6323217797827172,0.3991206859173403,1716,1717,283
placebo,all_alfworld,all,absolute_readout,D_delta_q25::game::reward,auroc_large_change_vs_rest,0.38461538461538464,0.15625,0.610479797979798,0.3750818915079593,1716,1717,283
placebo,all_alfworld,all,absolute_readout,D_delta_q25::game::reward,top_quartile_mean_absolute_delta,0.008571428571428572,0.004166666666666667,0.06029166666666665,0.025568099263386643,1717,1717,283
placebo,all_alfworld,all,absolute_readout,D_delta_q25::game::reward,top_quartile_lift,0.21938018116301417,0.08295657440092156,0.9989149288681828,0.4537311396752307,1717,1717,283
placebo,all_alfworld,all,absolute_readout,D_delta_q25::game::unsigned,spearman,-0.46058710828151106,-0.60084011595418,0.16466867485315131,-0.23471251394859566,1717,1717,283
placebo,all_alfworld,all,absolute_readout,D_delta_q25::game::unsigned,average_precision,0.22559120617944148,0.19871787016088488,0.660593004551895,0.40700971729804086,1716,1717,283
placebo,all_alfworld,all,absolute_readout,D_delta_q25::game::unsigned,auroc_large_change_vs_rest,0.26153846153846155,0.14976851851851852,0.6363636363636364,0.378156843010984,1716,1717,283
placebo,all_alfworld,all,absolute_readout,D_delta_q25::game::unsigned,top_quartile_mean_absolute_delta,0.014927360774818401,0.009685002497502497,0.07083424908424908,0.03388855524533367,1717,1717,283
placebo,all_alfworld,all,absolute_readout,D_delta_q25::game::unsigned,top_quartile_lift,0.38205616295762207,0.19069540192028814,1.1931059756880067,0.6052998651220381,1717,1717,283
placebo,all_alfworld,all,absolute_readout,D_delta_q50::game::reward,spearman,-0.5041561590648972,-0.5255278865624466,0.15610441598143157,-0.1962065030980391,1717,1717,283
placebo,all_alfworld,all,absolute_readout,D_delta_q50::game::reward,average_precision,0.25861111111111107,0.20168296011586453,0.6805842237827532,0.4252184802720254,1716,1717,283
placebo,all_alfworld,all,absolute_readout,D_delta_q50::game::reward,auroc_large_change_vs_rest,0.38461538461538464,0.18166035353535354,0.6625,0.416415583390765,1716,1717,283
placebo,all_alfworld,all,absolute_readout,D_delta_q50::game::reward,top_quartile_mean_absolute_delta,0.011904761904761904,0.008566558441558443,0.07816964285714281,0.03490045820225403,1717,1717,283
placebo,all_alfworld,all,absolute_readout,D_delta_q50::game::reward,top_quartile_lift,0.30469469605974187,0.16776937433570135,1.2522608332329048,0.6161839127729808,1717,1717,283
placebo,all_alfworld,all,absolute_readout,D_delta_q50::game::unsigned,spearman,-0.4595497499295257,-0.4970043974351404,0.19553334627264304,-0.14313925246625936,1717,1717,283
placebo,all_alfworld,all,absolute_readout,D_delta_q50::game::unsigned,average_precision,0.2351731601731602,0.209963474025974,0.6829718892218892,0.4249433856077186,1716,1717,283
placebo,all_alfworld,all,absolute_readout,D_delta_q50::game::unsigned,auroc_large_change_vs_rest,0.3076923076923077,0.2077922077922078,0.6623376623376623,0.43069568181497714,1716,1717,283
placebo,all_alfworld,all,absolute_readout,D_delta_q50::game::unsigned,top_quartile_mean_absolute_delta,0.009927360774818402,0.00788234540882846,0.06349213286713286,0.029138078217992927,1717,1717,283
placebo,all_alfworld,all,absolute_readout,D_delta_q50::game::unsigned,top_quartile_lift,0.2540843906125305,0.15020036895254701,1.0777412299329232,0.5221147257181278,1717,1717,283
placebo,all_alfworld,all,absolute_readout,D_delta_q75::game::reward,spearman,-0.2022848786371501,-0.3869767422733545,0.3058885929755664,-0.05513060831232552,1717,1717,283
placebo,all_alfworld,all,absolute_readout,D_delta_q75::game::reward,average_precision,0.27708513708513705,0.22107139388389388,0.71023305754075,0.44472691372136863,1716,1717,283
placebo,all_alfworld,all,absolute_readout,D_delta_q75::game::reward,auroc_large_change_vs_rest,0.4461538461538462,0.2375,0.7,0.46304002718444076,1716,1717,283
placebo,all_alfworld,all,absolute_readout,D_delta_q75::game::reward,top_quartile_mean_absolute_delta,0.03833333333333333,0.014672619047619047,0.1125079365079365,0.05507062744354731,1717,1717,283
placebo,all_alfworld,all,absolute_readout,D_delta_q75::game::reward,top_quartile_lift,0.9811169213123687,0.33648708869217103,1.6729719443014919,0.9564604274972129,1717,1717,283
placebo,all_alfworld,all,absolute_readout,D_delta_q75::game::unsigned,spearman,-0.10062376014258237,-0.3954410037768289,0.27946291111581806,-0.06967728359827191,1717,1717,283
placebo,all_alfworld,all,absolute_readout,D_delta_q75::game::unsigned,average_precision,0.25999999999999995,0.2051552614052614,0.7176277321163685,0.44154318882480076,1716,1717,283
placebo,all_alfworld,all,absolute_readout,D_delta_q75::game::unsigned,auroc_large_change_vs_rest,0.35384615384615387,0.22077922077922077,0.6609172077922078,0.4380815130679441,1716,1717,283
placebo,all_alfworld,all,absolute_readout,D_delta_q75::game::unsigned,top_quartile_mean_absolute_delta,0.040151515151515146,0.018780212842712845,0.11750121753246753,0.059762290287009405,1717,1717,283
placebo,all_alfworld,all,absolute_readout,D_delta_q75::game::unsigned,top_quartile_lift,1.0276521112560384,0.3913374180471459,1.7711814795582532,1.039949238882977,1717,1717,283
placebo,all_alfworld,all,absolute_readout,D_winsor::game::reward,spearman,-0.29149769690789323,-0.5805624263248441,0.1911164990455634,-0.22201701515683456,1717,1717,283
placebo,all_alfworld,all,absolute_readout,D_winsor::game::reward,average_precision,0.2624114774114774,0.19775484931734932,0.6695354471916971,0.43005724787660465,1716,1717,283
placebo,all_alfworld,all,absolute_readout,D_winsor::game::reward,auroc_large_change_vs_rest,0.4,0.16923076923076924,0.6462669683257919,0.402727525799307,1716,1717,283
placebo,all_alfworld,all,absolute_readout,D_winsor::game::reward,top_quartile_mean_absolute_delta,0.008571428571428572,0.004166666666666667,0.06029166666666665,0.025568099263386643,1717,1717,283
placebo,all_alfworld,all,absolute_readout,D_winsor::game::reward,top_quartile_lift,0.21938018116301417,0.08295657440092156,0.9989149288681828,0.4537311396752307,1717,1717,283
placebo,all_alfworld,all,absolute_readout,D_winsor::game::unsigned,spearman,-0.2323682708447263,-0.46499281443536356,0.35198788777528295,-0.0666427159763324,1717,1717,283
placebo,all_alfworld,all,absolute_readout,D_winsor::game::unsigned,average_precision,0.28148989898989896,0.20996031746031746,0.7660896973396975,0.46086840248202277,1716,1717,283
placebo,all_alfworld,all,absolute_readout,D_winsor::game::unsigned,auroc_large_change_vs_rest,0.4,0.19622564935064934,0.7160493827160493,0.4533362930107525,1716,1717,283
placebo,all_alfworld,all,absolute_readout,D_winsor::game::unsigned,top_quartile_mean_absolute_delta,0.029213075060532685,0.01629177897574124,0.09288015232974903,0.047736956106703886,1717,1717,283
placebo,all_alfworld,all,absolute_readout,D_winsor::game::unsigned,top_quartile_lift,0.7476897982293123,0.32528194806492194,1.5268167112083881,0.8461374324193139,1717,1717,283
placebo,all_alfworld,all,absolute_readout,D_tanh::game::reward,spearman,-0.2811241133880394,-0.5737823560058132,0.15289853311937318,-0.23004205300685554,1717,1717,283
placebo,all_alfworld,all,absolute_readout,D_tanh::game::reward,average_precision,0.25850606909430435,0.193586292690153,0.6821339262798538,0.421090989910581,1716,1717,283
placebo,all_alfworld,all,absolute_readout,D_tanh::game::reward,auroc_large_change_vs_rest,0.38461538461538464,0.1625,0.6424976258309592,0.40040227914323795,1716,1717,283
placebo,all_alfworld,all,absolute_readout,D_tanh::game::reward,top_quartile_mean_absolute_delta,0.016904761904761905,0.00909090909090909,0.08104464285714286,0.03679475402965608,1717,1717,283
placebo,all_alfworld,all,absolute_readout,D_tanh::game::reward,top_quartile_lift,0.43266646840483347,0.1834518122788283,1.2958115839001483,0.6479955953720704,1717,1717,283
placebo,all_alfworld,all,absolute_readout,D_tanh::game::unsigned,spearman,-0.16597733631766165,-0.42535786744372306,0.3729727093126637,-0.03398952280368353,1717,1717,283
placebo,all_alfworld,all,absolute_readout,D_tanh::game::unsigned,average_precision,0.3292997198879552,0.21344932844932846,0.771125806754149,0.4762434995308254,1716,1717,283
placebo,all_alfworld,all,absolute_readout,D_tanh::game::unsigned,auroc_large_change_vs_rest,0.4461538461538462,0.22077922077922077,0.7375,0.4776927679985406,1716,1717,283
placebo,all_alfworld,all,absolute_readout,D_tanh::game::unsigned,top_quartile_mean_absolute_delta,0.029213075060532685,0.01629177897574124,0.09288015232974903,0.047736956106703886,1717,1717,283
placebo,all_alfworld,all,absolute_readout,D_tanh::game::unsigned,top_quartile_lift,0.7476897982293123,0.32528194806492194,1.5268167112083881,0.8461374324193139,1717,1717,283
placebo,all_alfworld,all,absolute_readout,D_action_sign::game::reward,spearman,-0.2095463871010478,-0.5574309115224877,0.266165210340715,-0.16745121060806156,1717,1717,283
placebo,all_alfworld,all,absolute_readout,D_action_sign::game::reward,average_precision,0.25336898395721924,0.22487824675324675,0.7520339066570684,0.4697951006834673,1716,1717,283
placebo,all_alfworld,all,absolute_readout,D_action_sign::game::reward,auroc_large_change_vs_rest,0.3384615384615385,0.2,0.7001623376623376,0.4484857755573967,1716,1717,283
placebo,all_alfworld,all,absolute_readout,D_action_sign::game::reward,top_quartile_mean_absolute_delta,0.024444444444444442,0.008333333333333333,0.10139705882352941,0.04575066075039631,1717,1717,283
placebo,all_alfworld,all,absolute_readout,D_action_sign::game::reward,top_quartile_lift,0.6256397759093366,0.17598933717668164,1.560850098956152,0.796892242750167,1717,1717,283
placebo,all_alfworld,all,absolute_readout,D_action_sign::game::unsigned,spearman,0.026971317151620017,-0.38591450273720607,0.4514045490260204,0.027923384427602237,1717,1717,283
placebo,all_alfworld,all,absolute_readout,D_action_sign::game::unsigned,average_precision,0.27555555555555555,0.25204158586511527,0.8150959978307262,0.5238184416526962,1716,1717,283
placebo,all_alfworld,all,absolute_readout,D_action_sign::game::unsigned,auroc_large_change_vs_rest,0.38461538461538464,0.275,0.7922077922077922,0.5322254879217321,1716,1717,283
placebo,all_alfworld,all,absolute_readout,D_action_sign::game::unsigned,top_quartile_mean_absolute_delta,0.04407867494824016,0.025,0.13237103174603174,0.06867386533556227,1717,1717,283
placebo,all_alfworld,all,absolute_readout,D_action_sign::game::unsigned,top_quartile_lift,1.1281652311498962,0.5329485772131254,1.9821924334003125,1.207178946335122,1717,1717,283
placebo,all_alfworld,all,absolute_readout,D_action_adv::game::reward,spearman,0.19398601182126704,-0.2567571725251275,0.5102939105215126,0.12739356876420732,1717,1717,283
placebo,all_alfworld,all,absolute_readout,D_action_adv::game::reward,average_precision,0.3372222222222222,0.25406249999999997,0.8274638257669934,0.5360929433835987,1716,1717,283
placebo,all_alfworld,all,absolute_readout,D_action_adv::game::reward,auroc_large_change_vs_rest,0.5692307692307692,0.3076923076923077,0.825,0.5699352797560554,1716,1717,283
placebo,all_alfworld,all,absolute_readout,D_action_adv::game::reward,top_quartile_mean_absolute_delta,0.03602453102453102,0.019505939796637475,0.10369132653061221,0.055196537025066585,1717,1717,283
placebo,all_alfworld,all,absolute_readout,D_action_adv::game::reward,top_quartile_lift,0.9220246166219945,0.4208665615674253,1.6511286501182076,0.9758781468107497,1717,1717,283
placebo,all_alfworld,all,absolute_readout,D_action_adv::game::unsigned,spearman,0.026971317151620017,-0.38591450273720607,0.4514045490260204,0.027923384427602237,1717,1717,283
placebo,all_alfworld,all,absolute_readout,D_action_adv::game::unsigned,average_precision,0.27555555555555555,0.25204158586511527,0.8150959978307262,0.5238184416526962,1716,1717,283
placebo,all_alfworld,all,absolute_readout,D_action_adv::game::unsigned,auroc_large_change_vs_rest,0.38461538461538464,0.275,0.7922077922077922,0.5322254879217321,1716,1717,283
placebo,all_alfworld,all,absolute_readout,D_action_adv::game::unsigned,top_quartile_mean_absolute_delta,0.04407867494824016,0.025,0.13237103174603174,0.06867386533556227,1717,1717,283
placebo,all_alfworld,all,absolute_readout,D_action_adv::game::unsigned,top_quartile_lift,1.1281652311498962,0.5329485772131254,1.9821924334003125,1.207178946335122,1717,1717,283
placebo,all_alfworld,all,absolute_readout,D_action_adv_clip::game::reward,spearman,0.18879922006134012,-0.3064498463246471,0.48134136934485977,0.0710963147265809,1717,1717,283
placebo,all_alfworld,all,absolute_readout,D_action_adv_clip::game::reward,average_precision,0.3361111111111111,0.24305555555555555,0.8127798821548823,0.5231304194977546,1716,1717,283
placebo,all_alfworld,all,absolute_readout,D_action_adv_clip::game::reward,auroc_large_change_vs_rest,0.5384615384615384,0.2857142857142857,0.7922077922077922,0.5403116027588266,1716,1717,283
placebo,all_alfworld,all,absolute_readout,D_action_adv_clip::game::reward,top_quartile_mean_absolute_delta,0.03602453102453102,0.019505939796637475,0.10369132653061221,0.055196537025066585,1717,1717,283
placebo,all_alfworld,all,absolute_readout,D_action_adv_clip::game::reward,top_quartile_lift,0.9220246166219945,0.4208665615674253,1.6511286501182076,0.9758781468107497,1717,1717,283
placebo,all_alfworld,all,absolute_readout,D_action_adv_clip::game::unsigned,spearman,0.026971317151620017,-0.38591450273720607,0.4514045490260204,0.027923384427602237,1717,1717,283
placebo,all_alfworld,all,absolute_readout,D_action_adv_clip::game::unsigned,average_precision,0.27555555555555555,0.25204158586511527,0.8150959978307262,0.5238184416526962,1716,1717,283
placebo,all_alfworld,all,absolute_readout,D_action_adv_clip::game::unsigned,auroc_large_change_vs_rest,0.38461538461538464,0.275,0.7922077922077922,0.5322254879217321,1716,1717,283
placebo,all_alfworld,all,absolute_readout,D_action_adv_clip::game::unsigned,top_quartile_mean_absolute_delta,0.04407867494824016,0.025,0.13237103174603174,0.06867386533556227,1717,1717,283
placebo,all_alfworld,all,absolute_readout,D_action_adv_clip::game::unsigned,top_quartile_lift,1.1281652311498962,0.5329485772131254,1.9821924334003125,1.207178946335122,1717,1717,283
placebo,all_alfworld,all,absolute_readout,D_ratio_adv::game::reward,spearman,-0.2831988300920102,-0.5440385146028267,0.21621640530173525,-0.1782965038686429,1717,1717,283
placebo,all_alfworld,all,absolute_readout,D_ratio_adv::game::reward,average_precision,0.3197572362278245,0.20358928040913335,0.7458685666865814,0.4571540090945808,1716,1717,283
placebo,all_alfworld,all,absolute_readout,D_ratio_adv::game::reward,auroc_large_change_vs_rest,0.4,0.16883116883116883,0.6625,0.4111643460500384,1716,1717,283
placebo,all_alfworld,all,absolute_readout,D_ratio_adv::game::reward,top_quartile_mean_absolute_delta,0.027619047619047616,0.0125,0.09252976190476188,0.04571409216508375,1717,1717,283
placebo,all_alfworld,all,absolute_readout,D_ratio_adv::game::reward,top_quartile_lift,0.706891694858601,0.26543902728723917,1.4387851497069388,0.8020939040106081,1717,1717,283
placebo,all_alfworld,all,absolute_readout,D_ratio_adv::game::unsigned,spearman,-0.12344564388626085,-0.5548146270021115,0.3039404313953055,-0.13999403702441912,1717,1717,283
placebo,all_alfworld,all,absolute_readout,D_ratio_adv::game::unsigned,average_precision,0.2703619909502263,0.22188355897914722,0.757528852320519,0.48609475440391037,1716,1717,283
placebo,all_alfworld,all,absolute_readout,D_ratio_adv::game::unsigned,auroc_large_change_vs_rest,0.4153846153846154,0.20968364197530864,0.7142857142857143,0.4588239165912821,1716,1717,283
placebo,all_alfworld,all,absolute_readout,D_ratio_adv::game::unsigned,top_quartile_mean_absolute_delta,0.02015151515151515,0.009164540816326531,0.09576103490108248,0.042928372561669544,1717,1717,283
placebo,all_alfworld,all,absolute_readout,D_ratio_adv::game::unsigned,top_quartile_lift,0.5157650218756721,0.19489725408327627,1.4655561944122921,0.7457769615977063,1717,1717,283
placebo,all_alfworld,all,absolute_readout,D_policy_action_adv::game::reward,spearman,0.27697467998009784,-0.1768894671425773,0.5696872940742169,0.217021362146204,1717,1717,283
placebo,all_alfworld,all,absolute_readout,D_policy_action_adv::game::reward,average_precision,0.5350140056022408,0.27367604617604613,0.8734722222222221,0.5875654474173926,1716,1717,283
placebo,all_alfworld,all,absolute_readout,D_policy_action_adv::game::reward,auroc_large_change_vs_rest,0.5846153846153846,0.3333333333333333,0.8395061728395061,0.5948009916084325,1716,1717,283
placebo,all_alfworld,all,absolute_readout,D_policy_action_adv::game::reward,top_quartile_mean_absolute_delta,0.05443722943722944,0.026468073593073595,0.14136032850128594,0.07361069114837962,1717,1717,283
placebo,all_alfworld,all,absolute_readout,D_policy_action_adv::game::reward,top_quartile_lift,1.3932857465277286,0.5840636095105499,2.025169367399192,1.2807868061802528,1717,1717,283
placebo,all_alfworld,all,absolute_readout,D_policy_action_adv::game::unsigned,spearman,0.3724116483627533,-0.14321429173218547,0.6752858290206626,0.2908283620479251,1717,1717,283
placebo,all_alfworld,all,absolute_readout,D_policy_action_adv::game::unsigned,average_precision,0.518560606060606,0.30087737936083525,0.8831931089743591,0.5981264791265433,1716,1717,283
placebo,all_alfworld,all,absolute_readout,D_policy_action_adv::game::unsigned,auroc_large_change_vs_rest,0.676923076923077,0.38961038961038963,0.875,0.6370877141501227,1716,1717,283
placebo,all_alfworld,all,absolute_readout,D_policy_action_adv::game::unsigned,top_quartile_mean_absolute_delta,0.0696409563579792,0.036990913347671114,0.15395357330841203,0.08870130979738126,1717,1717,283
placebo,all_alfworld,all,absolute_readout,D_policy_action_adv::game::unsigned,top_quartile_lift,1.7824153225875548,0.8646723897011709,2.2428260040670196,1.5561786839436365,1717,1717,283
placebo,all_alfworld,all,absolute_readout,D_reward_only::game::reward,spearman,0.10690308604451575,-0.28133911537179007,0.5045485400865303,0.11604859855871005,1717,1717,283
placebo,all_alfworld,all,absolute_readout,D_reward_only::game::reward,average_precision,0.513997113997114,0.2398771367521368,0.819769069314524,0.5402231839023751,1716,1717,283
placebo,all_alfworld,all,absolute_readout,D_reward_only::game::reward,auroc_large_change_vs_rest,0.6,0.2921401515151515,0.8003086419753087,0.5450592729613137,1716,1717,283
placebo,all_alfworld,all,absolute_readout,D_reward_only::game::reward,top_quartile_mean_absolute_delta,0.044047619047619044,0.020955357142857144,0.12354045709192767,0.06474237141255393,1717,1717,283
placebo,all_alfworld,all,absolute_readout,D_reward_only::game::reward,top_quartile_lift,1.127370375421045,0.4881639408000654,1.8574625718644,1.1310668550622875,1717,1717,283
placebo,all_alfworld,all,absolute_readout,D_reward_only::game::unsigned,spearman,,,,,0,1717,283
placebo,all_alfworld,all,absolute_readout,D_reward_only::game::unsigned,average_precision,0.2777777777777778,0.2222222222222222,0.6111111111111112,0.41825304325304324,1716,1717,283
placebo,all_alfworld,all,absolute_readout,D_reward_only::game::unsigned,auroc_large_change_vs_rest,0.5,0.5,0.5,0.5,1716,1717,283
placebo,all_alfworld,all,absolute_readout,D_reward_only::game::unsigned,top_quartile_mean_absolute_delta,0.039071116296779,0.03474220452129379,0.08291097508650455,0.05658861168882727,1717,1717,283
placebo,all_alfworld,all,absolute_readout,D_reward_only::game::unsigned,top_quartile_lift,1.0,0.9999999999999998,1.0000000000000004,1.0,1717,1717,283
placebo,all_alfworld,all,absolute_readout,D_adv_negative_fraction::game::reward,spearman,0.0025960763932164296,-0.37022294144968293,0.4201685934071713,0.023639326058337753,1717,1717,283
placebo,all_alfworld,all,absolute_readout,D_adv_negative_fraction::game::reward,average_precision,0.37583333333333335,0.22938936063936063,0.7595126661532912,0.47016814054357914,1716,1717,283
placebo,all_alfworld,all,absolute_readout,D_adv_negative_fraction::game::reward,auroc_large_change_vs_rest,0.5538461538461539,0.25284090909090906,0.7274130190796858,0.4902544297777026,1716,1717,283
placebo,all_alfworld,all,absolute_readout,D_adv_negative_fraction::game::reward,top_quartile_mean_absolute_delta,0.03515873015873015,0.019179881521986786,0.10234855769230762,0.055696159159651815,1717,1717,283
placebo,all_alfworld,all,absolute_readout,D_adv_negative_fraction::game::reward,top_quartile_lift,0.8998650023631042,0.39127156608955477,1.6296560655258023,0.9854636788196316,1717,1717,283
placebo,all_alfworld,all,absolute_readout,D_adv_negative_fraction::game::unsigned,spearman,,,,,0,1717,283
placebo,all_alfworld,all,absolute_readout,D_adv_negative_fraction::game::unsigned,average_precision,0.2777777777777778,0.2222222222222222,0.6111111111111112,0.41825304325304324,1716,1717,283
placebo,all_alfworld,all,absolute_readout,D_adv_negative_fraction::game::unsigned,auroc_large_change_vs_rest,0.5,0.5,0.5,0.5,1716,1717,283
placebo,all_alfworld,all,absolute_readout,D_adv_negative_fraction::game::unsigned,top_quartile_mean_absolute_delta,0.039071116296779,0.03474220452129379,0.08291097508650455,0.05658861168882727,1717,1717,283
placebo,all_alfworld,all,absolute_readout,D_adv_negative_fraction::game::unsigned,top_quartile_lift,1.0,0.9999999999999998,1.0000000000000004,1.0,1717,1717,283
placebo,all_alfworld,all,absolute_readout,C_raw::game::reward,spearman,-0.2624516630523025,-0.43363841653143737,0.36055603899513483,-0.046874415509652774,1717,1717,283
placebo,all_alfworld,all,absolute_readout,C_raw::game::reward,average_precision,0.2615384615384615,0.24063657883510825,0.7837657134532136,0.4975145814308657,1716,1717,283
placebo,all_alfworld,all,absolute_readout,C_raw::game::reward,auroc_large_change_vs_rest,0.38461538461538464,0.2222222222222222,0.75,0.49519075504766685,1716,1717,283
placebo,all_alfworld,all,absolute_readout,C_raw::game::reward,top_quartile_mean_absolute_delta,0.0369047619047619,0.018875,0.13139285714285714,0.06543829812911836,1717,1717,283
placebo,all_alfworld,all,absolute_readout,C_raw::game::reward,top_quartile_lift,0.9445535577851997,0.430562686756322,1.9170988870154222,1.1319815912612023,1717,1717,283
placebo,all_alfworld,all,absolute_readout,C_raw::game::unsigned,spearman,-0.16493997796567625,-0.38416628358800703,0.3768377419311233,-0.0014682052792601272,1717,1717,283
placebo,all_alfworld,all,absolute_readout,C_raw::game::unsigned,average_precision,0.27497737556561086,0.2367631347410759,0.7795890399429002,0.49308694118239865,1716,1717,283
placebo,all_alfworld,all,absolute_readout,C_raw::game::unsigned,auroc_large_change_vs_rest,0.36923076923076925,0.24559659090909092,0.7625,0.49178216916016293,1716,1717,283
placebo,all_alfworld,all,absolute_readout,C_raw::game::unsigned,top_quartile_mean_absolute_delta,0.041378973678044204,0.021215853901488228,0.1260839168010158,0.06428792576498185,1717,1717,283
placebo,all_alfworld,all,absolute_readout,C_raw::game::unsigned,top_quartile_lift,1.059068119880042,0.4552267487516316,1.84514536712195,1.1231330850201018,1717,1717,283
placebo,all_alfworld,all,absolute_readout,C_centered::game::reward,spearman,-0.3941961737544464,-0.6413442990421829,0.14194853080797504,-0.2736935306442495,1717,1717,283
placebo,all_alfworld,all,absolute_readout,C_centered::game::reward,average_precision,0.2770286576168929,0.1956261783559578,0.7011524620531973,0.43183131079292436,1716,1717,283
placebo,all_alfworld,all,absolute_readout,C_centered::game::reward,auroc_large_change_vs_rest,0.4307692307692308,0.14910714285714285,0.6527777777777778,0.39351835811304653,1716,1717,283
placebo,all_alfworld,all,absolute_readout,C_centered::game::reward,top_quartile_mean_absolute_delta,0.01611111111111111,0.007339114832535885,0.09123229949874685,0.03898784069447547,1717,1717,283
placebo,all_alfworld,all,absolute_readout,C_centered::game::reward,top_quartile_lift,0.4123534886675173,0.1431966084455836,1.3963239510934187,0.6809407014466268,1717,1717,283
placebo,all_alfworld,all,absolute_readout,C_centered::game::unsigned,spearman,-0.1836124283014132,-0.5007817563147127,0.29770563949217665,-0.12284617635376686,1717,1717,283
placebo,all_alfworld,all,absolute_readout,C_centered::game::unsigned,average_precision,0.3102564102564102,0.20770758040978626,0.747252347297339,0.4646263173646354,1716,1717,283
placebo,all_alfworld,all,absolute_readout,C_centered::game::unsigned,auroc_large_change_vs_rest,0.5230769230769231,0.21217206790123455,0.7362847222222223,0.4643838338676996,1716,1717,283
placebo,all_alfworld,all,absolute_readout,C_centered::game::unsigned,top_quartile_mean_absolute_delta,0.01515625,0.006035880708294502,0.08349107142857143,0.035197977105089144,1717,1717,283
placebo,all_alfworld,all,absolute_readout,C_centered::game::unsigned,top_quartile_lift,0.38791443492105887,0.12209210107438666,1.3307089944017476,0.617001905030596,1717,1717,283
placebo,all_alfworld,all,absolute_readout,C_adv_centered::game::reward,spearman,-0.08091395145486005,-0.3417318640152464,0.36637835618975306,0.002954944154030014,1717,1717,283
placebo,all_alfworld,all,absolute_readout,C_adv_centered::game::reward,average_precision,0.3048841354723708,0.2298683954933955,0.7456955906634215,0.4685560299817961,1716,1717,283
placebo,all_alfworld,all,absolute_readout,C_adv_centered::game::reward,auroc_large_change_vs_rest,0.49230769230769234,0.2673611111111111,0.75,0.5015447774902474,1716,1717,283
placebo,all_alfworld,all,absolute_readout,C_adv_centered::game::reward,top_quartile_mean_absolute_delta,0.03693581780538302,0.020119117647058822,0.09683537953414867,0.05412953775762761,1717,1717,283
placebo,all_alfworld,all,absolute_readout,C_adv_centered::game::reward,top_quartile_lift,0.9453484135140512,0.39974027147485514,1.6253335522636672,0.9654266428389311,1717,1717,283
placebo,all_alfworld,all,absolute_readout,C_adv_centered::game::unsigned,spearman,-0.1836124283014132,-0.5007817563147127,0.29770563949217665,-0.12284617635376686,1717,1717,283
placebo,all_alfworld,all,absolute_readout,C_adv_centered::game::unsigned,average_precision,0.3102564102564102,0.20770758040978626,0.747252347297339,0.4646263173646354,1716,1717,283
placebo,all_alfworld,all,absolute_readout,C_adv_centered::game::unsigned,auroc_large_change_vs_rest,0.5230769230769231,0.21217206790123455,0.7362847222222223,0.4643838338676996,1716,1717,283
placebo,all_alfworld,all,absolute_readout,C_adv_centered::game::unsigned,top_quartile_mean_absolute_delta,0.01515625,0.006035880708294502,0.08349107142857143,0.035197977105089144,1717,1717,283
placebo,all_alfworld,all,absolute_readout,C_adv_centered::game::unsigned,top_quartile_lift,0.38791443492105887,0.12209210107438666,1.3307089944017476,0.617001905030596,1717,1717,283
placebo,all_alfworld,all,absolute_readout,M_delta_raw::game::magnitude,spearman,-0.12033356883030469,-0.42788660542832824,0.27247565441330923,-0.07292457875404451,1717,1717,283
placebo,all_alfworld,all,absolute_readout,M_delta_raw::game::magnitude,average_precision,0.27161616161616153,0.22193709680842033,0.6700653329513624,0.43703460356790524,1716,1717,283
placebo,all_alfworld,all,absolute_readout,M_delta_raw::game::magnitude,auroc_large_change_vs_rest,0.4153846153846154,0.2345679012345679,0.7142857142857143,0.47776202722612526,1716,1717,283
placebo,all_alfworld,all,absolute_readout,M_delta_raw::game::magnitude,top_quartile_mean_absolute_delta,0.02123259623259623,0.013128148695375586,0.08198608005366725,0.041688887504804824,1717,1717,283
placebo,all_alfworld,all,absolute_readout,M_delta_raw::game::magnitude,top_quartile_lift,0.5434345942746108,0.27132956942512443,1.2983918826747414,0.7355628553529547,1717,1717,283
placebo,all_alfworld,all,absolute_readout,M_delta_centered::game::magnitude,spearman,-0.3734490067147387,-0.5978494282696839,0.14527327582518548,-0.2544101338625023,1717,1717,283
placebo,all_alfworld,all,absolute_readout,M_delta_centered::game::magnitude,average_precision,0.21341269841269844,0.19159313725490196,0.6692244229422537,0.4085604514711252,1716,1717,283
placebo,all_alfworld,all,absolute_readout,M_delta_centered::game::magnitude,auroc_large_change_vs_rest,0.2153846153846154,0.14285714285714285,0.6363636363636364,0.3813278294933792,1716,1717,283
placebo,all_alfworld,all,absolute_readout,M_delta_centered::game::magnitude,top_quartile_mean_absolute_delta,0.019414414414414417,0.008333333333333333,0.07910937499999995,0.03699722466134272,1717,1717,283
placebo,all_alfworld,all,absolute_readout,M_delta_centered::game::magnitude,top_quartile_lift,0.49689940433094126,0.1636366222308372,1.2721024734140667,0.6520740439671906,1717,1717,283
placebo,all_alfworld,all,absolute_readout,M_original_norm::game::magnitude,spearman,-0.5103803091768095,-0.6752836007526211,0.14503668644727125,-0.28908842122565187,1717,1717,283
placebo,all_alfworld,all,absolute_readout,M_original_norm::game::magnitude,average_precision,0.2769078144078144,0.18963675213675213,0.7173450309611022,0.43521396112621813,1716,1717,283
placebo,all_alfworld,all,absolute_readout,M_original_norm::game::magnitude,auroc_large_change_vs_rest,0.38461538461538464,0.11232638888888889,0.6623579545454545,0.3737092187019915,1716,1717,283
placebo,all_alfworld,all,absolute_readout,M_original_norm::game::magnitude,top_quartile_mean_absolute_delta,0.01515625,0.007650252525252524,0.08504605348355347,0.038054158305027834,1717,1717,283
placebo,all_alfworld,all,absolute_readout,M_original_norm::game::magnitude,top_quartile_lift,0.38791443492105887,0.16010717685428202,1.3986163397191878,0.6683753618354169,1717,1717,283
placebo,all_alfworld,all,absolute_readout,M_control_norm::game::magnitude,spearman,-0.4014576822183441,-0.6653590562772941,0.12541988584647523,-0.29728520907554556,1717,1717,283
placebo,all_alfworld,all,absolute_readout,M_control_norm::game::magnitude,average_precision,0.2870286576168929,0.19830748091777503,0.65327476084122,0.42591340654463533,1716,1717,283
placebo,all_alfworld,all,absolute_readout,M_control_norm::game::magnitude,auroc_large_change_vs_rest,0.4307692307692308,0.1375,0.6388888888888888,0.38011289693682054,1716,1717,283
placebo,all_alfworld,all,absolute_readout,M_control_norm::game::magnitude,top_quartile_mean_absolute_delta,0.03,0.006586538461538464,0.10462662337662329,0.04546451406443105,1717,1717,283
placebo,all_alfworld,all,absolute_readout,M_control_norm::game::magnitude,top_quartile_lift,0.7678306340705495,0.14095251437742368,1.5563670208576479,0.7800426458950729,1717,1717,283
placebo,all_alfworld,all,absolute_readout,M_kl::game::magnitude,spearman,0.39108409869849026,-0.13393704748387328,0.653883388300091,0.2780633575740927,1717,1717,283
placebo,all_alfworld,all,absolute_readout,M_kl::game::magnitude,average_precision,0.34025641025641024,0.2626914173789174,0.864008747460452,0.5558624602220302,1716,1717,283
placebo,all_alfworld,all,absolute_readout,M_kl::game::magnitude,auroc_large_change_vs_rest,0.5692307692307692,0.375,0.8571428571428571,0.6207636535530149,1716,1717,283
placebo,all_alfworld,all,absolute_readout,M_kl::game::magnitude,top_quartile_mean_absolute_delta,0.05080037664783428,0.02601435742607446,0.14242158826671694,0.07538175704477507,1717,1717,283
placebo,all_alfworld,all,absolute_readout,M_kl::game::magnitude,top_quartile_lift,1.300202847084311,0.5799988855729699,2.0903138444555345,1.3118533763817655,1717,1717,283
placebo,all_alfworld,all,absolute_readout,M_js::game::magnitude,spearman,0.36826221495481176,-0.1562021573077941,0.6247496299217795,0.25693472795637223,1717,1717,283
placebo,all_alfworld,all,absolute_readout,M_js::game::magnitude,average_precision,0.30692307692307697,0.2551354895104895,0.8418286863599362,0.5426945577695605,1716,1717,283
placebo,all_alfworld,all,absolute_readout,M_js::game::magnitude,auroc_large_change_vs_rest,0.5230769230769231,0.35336538461538464,0.8441558441558441,0.6079707656886401,1716,1717,283
placebo,all_alfworld,all,absolute_readout,M_js::game::magnitude,top_quartile_mean_absolute_delta,0.027063002910460533,0.016536210990502034,0.10523651960784314,0.051418900288129094,1717,1717,283
placebo,all_alfworld,all,absolute_readout,M_js::game::magnitude,top_quartile_lift,0.6926600894864012,0.34639558463535525,1.5809962356564395,0.9017532736419376,1717,1717,283
placebo,all_alfworld,all,absolute_readout,M_action_abs::game::magnitude,spearman,0.20850902874906244,-0.25956907708985527,0.5249730592785796,0.1381558438118854,1717,1717,283
placebo,all_alfworld,all,absolute_readout,M_action_abs::game::magnitude,average_precision,0.27246336996336995,0.25612231416459363,0.8262679334554335,0.5394405963676299,1716,1717,283
placebo,all_alfworld,all,absolute_readout,M_action_abs::game::magnitude,auroc_large_change_vs_rest,0.4,0.33229166666666665,0.8148148148148148,0.5698543426798117,1716,1717,283
placebo,all_alfworld,all,absolute_readout,M_action_abs::game::magnitude,top_quartile_mean_absolute_delta,0.031262626262626256,0.015653102935711632,0.11034634906594214,0.05519280062119916,1717,1717,283
placebo,all_alfworld,all,absolute_readout,M_action_abs::game::magnitude,top_quartile_lift,0.8001467381980977,0.3281076496047141,1.6823138471771122,0.9635661935398414,1717,1717,283
placebo,all_alfworld,all,absolute_readout,B_activation_l8_norm,spearman,-0.09025017662272852,-0.3905391551671534,0.34766692346328026,-0.03587348009584075,1717,1717,283
placebo,all_alfworld,all,absolute_readout,B_activation_l8_norm,average_precision,0.2592997198879552,0.22049958619811563,0.7822274553760897,0.4945615565940701,1716,1717,283
placebo,all_alfworld,all,absolute_readout,B_activation_l8_norm,auroc_large_change_vs_rest,0.38461538461538464,0.23426477072310403,0.7386863136863138,0.48563051946654656,1716,1717,283
placebo,all_alfworld,all,absolute_readout,B_activation_l8_norm,top_quartile_mean_absolute_delta,0.025770346617804245,0.014501307635453976,0.09082303113553114,0.04531768064328974,1717,1717,283
placebo,all_alfworld,all,absolute_readout,B_activation_l8_norm,top_quartile_lift,0.6595753861255491,0.2891281267294634,1.470608742002141,0.803642769413998,1717,1717,283
placebo,all_alfworld,all,absolute_readout,B_activation_l16_norm,spearman,-0.009336225167868467,-0.477279834762356,0.3371942750516805,-0.059248956013915194,1717,1717,283
placebo,all_alfworld,all,absolute_readout,B_activation_l16_norm,average_precision,0.281956931956932,0.21721420940170938,0.7511735344831936,0.4845206873509969,1716,1717,283
placebo,all_alfworld,all,absolute_readout,B_activation_l16_norm,auroc_large_change_vs_rest,0.4461538461538462,0.2344676928010261,0.7223290598290598,0.47827034755067915,1716,1717,283
placebo,all_alfworld,all,absolute_readout,B_activation_l16_norm,top_quartile_mean_absolute_delta,0.03052552552552552,0.012306818181818181,0.09055780157342655,0.044797818010523745,1717,1717,283
placebo,all_alfworld,all,absolute_readout,B_activation_l16_norm,top_quartile_lift,0.7812811206533669,0.2281977136589299,1.4953569454387619,0.7915503615160264,1717,1717,283
placebo,all_alfworld,all,absolute_readout,B_activation_l24_norm,spearman,-0.05912942606316696,-0.4504963009669285,0.3535267020078176,-0.05231901935603448,1717,1717,283
placebo,all_alfworld,all,absolute_readout,B_activation_l24_norm,average_precision,0.26824314574314573,0.2222271294881589,0.7507960738199709,0.45955127119719785,1716,1717,283
placebo,all_alfworld,all,absolute_readout,B_activation_l24_norm,auroc_large_change_vs_rest,0.4153846153846154,0.25,0.7272727272727273,0.4832704403017974,1716,1717,283
placebo,all_alfworld,all,absolute_readout,B_activation_l24_norm,top_quartile_mean_absolute_delta,0.019414414414414417,0.008333333333333333,0.07910937499999995,0.03699722466134272,1717,1717,283
placebo,all_alfworld,all,absolute_readout,B_activation_l24_norm,top_quartile_lift,0.49689940433094126,0.1636366222308372,1.2721024734140667,0.6520740439671906,1717,1717,283
placebo,all_alfworld,all,absolute_readout,B_activation_l32_norm,spearman,-0.38278523188260716,-0.5609840226048226,0.18943252384519632,-0.20554271524736728,1717,1717,283
placebo,all_alfworld,all,absolute_readout,B_activation_l32_norm,average_precision,0.22115384615384617,0.19677019773527127,0.7050188449667616,0.4298256453714963,1716,1717,283
placebo,all_alfworld,all,absolute_readout,B_activation_l32_norm,auroc_large_change_vs_rest,0.24615384615384617,0.17743055555555556,0.65,0.410315014536314,1716,1717,283
placebo,all_alfworld,all,absolute_readout,B_activation_l32_norm,top_quartile_mean_absolute_delta,0.019414414414414417,0.008333333333333333,0.07910937499999995,0.03699722466134272,1717,1717,283
placebo,all_alfworld,all,absolute_readout,B_activation_l32_norm,top_quartile_lift,0.49689940433094126,0.1636366222308372,1.2721024734140667,0.6520740439671906,1717,1717,283
placebo,all_alfworld,all,absolute_readout,B_old_margin,spearman,0.1839497164928899,-0.14547538600946908,0.6077449272072946,0.22352895977387513,1717,1717,283
placebo,all_alfworld,all,absolute_readout,B_old_margin,average_precision,0.5101587301587301,0.3264781746031746,0.8211997204184704,0.583269097589572,1716,1717,283
placebo,all_alfworld,all,absolute_readout,B_old_margin,auroc_large_change_vs_rest,0.6615384615384615,0.3675031565656566,0.8333333333333334,0.5990790909880706,1716,1717,283
placebo,all_alfworld,all,absolute_readout,B_old_margin,top_quartile_mean_absolute_delta,0.04685645272601794,0.02737698412698413,0.11391556776556774,0.06523491604173058,1717,1717,283
placebo,all_alfworld,all,absolute_readout,B_old_margin,top_quartile_lift,1.1992606602305027,0.5300614456223911,1.8685146278343923,1.1614835916808972,1717,1717,283
placebo,all_alfworld,all,absolute_readout,B_random_expected,spearman,,,,,0,1717,283
placebo,all_alfworld,all,absolute_readout,B_random_expected,average_precision,0.2777777777777778,0.2222222222222222,0.6111111111111112,0.41825304325304324,1716,1717,283
placebo,all_alfworld,all,absolute_readout,B_random_expected,auroc_large_change_vs_rest,0.5,0.5,0.5,0.5,1716,1717,283
placebo,all_alfworld,all,absolute_readout,B_random_expected,top_quartile_mean_absolute_delta,0.039071116296779,0.03474220452129379,0.08291097508650455,0.05658861168882727,1717,1717,283
placebo,all_alfworld,all,absolute_readout,B_random_expected,top_quartile_lift,1.0,0.9999999999999998,1.0000000000000004,1.0,1717,1717,283
placebo,all_alfworld,all,absolute_readout,D_real::token::reward,spearman,0.3817478735306218,-0.10244891075370667,0.6272170281820633,0.2777979824026637,1717,1717,283
placebo,all_alfworld,all,absolute_readout,D_real::token::reward,average_precision,0.4734598734598734,0.2712010375245669,0.8626214991188252,0.5867112575867814,1716,1717,283
placebo,all_alfworld,all,absolute_readout,D_real::token::reward,auroc_large_change_vs_rest,0.6,0.375,0.8441558441558441,0.6180671726744731,1716,1717,283
placebo,all_alfworld,all,absolute_readout,D_real::token::reward,top_quartile_mean_absolute_delta,0.04650744735490498,0.023804149566803465,0.1262469064792935,0.06522656506901774,1717,1717,283
placebo,all_alfworld,all,absolute_readout,D_real::token::reward,top_quartile_lift,1.1903280930506464,0.5098055557222653,1.9018858899480322,1.1401445075249637,1717,1717,283
placebo,all_alfworld,all,absolute_readout,D_real_A1::token::reward_free,spearman,0.2863109051479663,-0.11495725333248831,0.6504691267972509,0.2794162802962818,1717,1717,283
placebo,all_alfworld,all,absolute_readout,D_real_A1::token::reward_free,average_precision,0.5247619047619047,0.2852137445887446,0.8732472966847965,0.581519445569704,1716,1717,283
placebo,all_alfworld,all,absolute_readout,D_real_A1::token::reward_free,auroc_large_change_vs_rest,0.7384615384615385,0.3950617283950617,0.86116452991453,0.6279384759537675,1716,1717,283
placebo,all_alfworld,all,absolute_readout,D_real_A1::token::reward_free,top_quartile_mean_absolute_delta,0.05262329331450094,0.02565615712903449,0.13390405017634682,0.07262966674864892,1717,1717,283
placebo,all_alfworld,all,absolute_readout,D_real_A1::token::reward_free,top_quartile_lift,1.3468592224184588,0.5566665299645956,2.029043362436827,1.2714393562110302,1717,1717,283
placebo,all_alfworld,all,absolute_readout,D_real_absA::token::reward_sign_removed,spearman,0.44087729959378874,-0.08912115122775188,0.6385546034330041,0.30179394369000473,1717,1717,283
placebo,all_alfworld,all,absolute_readout,D_real_absA::token::reward_sign_removed,average_precision,0.549047619047619,0.2736060049019608,0.8544825965280511,0.5880598756785255,1716,1717,283
placebo,all_alfworld,all,absolute_readout,D_real_absA::token::reward_sign_removed,auroc_large_change_vs_rest,0.7230769230769231,0.3887152777777778,0.8472222222222222,0.6282861392758439,1716,1717,283
placebo,all_alfworld,all,absolute_readout,D_real_absA::token::reward_sign_removed,top_quartile_mean_absolute_delta,0.048548124395582024,0.026747731628536584,0.12591516457680252,0.06766609424898164,1717,1717,283
placebo,all_alfworld,all,absolute_readout,D_real_absA::token::reward_sign_removed,top_quartile_lift,1.242557904586522,0.5659172215113046,1.904715622212849,1.1905599538440848,1717,1717,283
placebo,all_alfworld,all,absolute_readout,D_real_projection_only::token::geometry_only,spearman,-0.2468912877725217,-0.5071182905853499,0.2821484197148791,-0.1270668490035401,1717,1717,283
placebo,all_alfworld,all,absolute_readout,D_real_projection_only::token::geometry_only,average_precision,0.23787878787878788,0.21386846405228763,0.7555672603749527,0.47602432706684134,1716,1717,283
placebo,all_alfworld,all,absolute_readout,D_real_projection_only::token::geometry_only,auroc_large_change_vs_rest,0.3076923076923077,0.19480519480519481,0.716820987654321,0.44929530205622575,1716,1717,283
placebo,all_alfworld,all,absolute_readout,D_real_projection_only::token::geometry_only,top_quartile_mean_absolute_delta,0.019414414414414417,0.008333333333333333,0.07910937499999995,0.03699722466134272,1717,1717,283
placebo,all_alfworld,all,absolute_readout,D_real_projection_only::token::geometry_only,top_quartile_lift,0.49689940433094126,0.1636366222308372,1.2721024734140667,0.6520740439671906,1717,1717,283
placebo,all_alfworld,all,absolute_readout,D_real::decision::reward,spearman,0.37033693165878256,-0.0986320752177785,0.6213910029062275,0.2759386089109089,1717,1717,283
placebo,all_alfworld,all,absolute_readout,D_real::decision::reward,average_precision,0.3548701298701299,0.2660599561794415,0.8608204536023163,0.5612793128845077,1716,1717,283
placebo,all_alfworld,all,absolute_readout,D_real::decision::reward,auroc_large_change_vs_rest,0.6,0.375,0.8462873931623931,0.6177557723750705,1716,1717,283
placebo,all_alfworld,all,absolute_readout,D_real::decision::reward,top_quartile_mean_absolute_delta,0.04623259623259623,0.023714195526695528,0.13108530912364943,0.06775000484457729,1717,1717,283
placebo,all_alfworld,all,absolute_readout,D_real::decision::reward,top_quartile_lift,1.1832934560000687,0.5196608031768523,1.8885035483870445,1.1821404029416562,1717,1717,283
placebo,all_alfworld,all,absolute_readout,D_real_A1::decision::reward_free,spearman,0.15871582785376395,-0.22445080148879132,0.6073796519602256,0.20947470608460086,1717,1717,283
placebo,all_alfworld,all,absolute_readout,D_real_A1::decision::reward_free,average_precision,0.4936507936507937,0.2760332872465226,0.8607832942886674,0.5649296586844142,1716,1717,283
placebo,all_alfworld,all,absolute_readout,D_real_A1::decision::reward_free,auroc_large_change_vs_rest,0.7076923076923077,0.3375,0.8472222222222222,0.6016717455280118,1716,1717,283
placebo,all_alfworld,all,absolute_readout,D_real_A1::decision::reward_free,top_quartile_mean_absolute_delta,0.03091987076362076,0.021238095238095236,0.11560214363523183,0.059733414310255924,1717,1717,283
placebo,all_alfworld,all,absolute_readout,D_real_A1::decision::reward_free,top_quartile_lift,0.7913741324603458,0.42931333225489715,1.8090199474229636,1.0563438763074011,1717,1717,283
placebo,all_alfworld,all,absolute_readout,D_real_absA::decision::reward_sign_removed,spearman,0.46058710828151106,-0.054915112391236975,0.6580128343807439,0.31431409282478057,1717,1717,283
placebo,all_alfworld,all,absolute_readout,D_real_absA::decision::reward_sign_removed,average_precision,0.47555555555555556,0.2725122549019608,0.8860006313131313,0.5551365063289542,1716,1717,283
placebo,all_alfworld,all,absolute_readout,D_real_absA::decision::reward_sign_removed,auroc_large_change_vs_rest,0.7538461538461538,0.4027777777777778,0.875,0.6384889537873706,1716,1717,283
placebo,all_alfworld,all,absolute_readout,D_real_absA::decision::reward_sign_removed,top_quartile_mean_absolute_delta,0.05234844219219219,0.02703635684756375,0.12927207127910453,0.07067638393711659,1717,1717,283
placebo,all_alfworld,all,absolute_readout,D_real_absA::decision::reward_sign_removed,top_quartile_lift,1.3398245853678812,0.6023034263152405,1.968562482038984,1.2442151207282024,1717,1717,283
placebo,all_alfworld,all,absolute_readout,D_real_projection_only::decision::geometry_only,spearman,-0.34544033121113327,-0.5159492211030116,0.2823316856407408,-0.14341763005009486,1717,1717,283
placebo,all_alfworld,all,absolute_readout,D_real_projection_only::decision::geometry_only,average_precision,0.24333333333333332,0.21319635225885225,0.7534444696439182,0.4764417211991267,1716,1717,283
placebo,all_alfworld,all,absolute_readout,D_real_projection_only::decision::geometry_only,auroc_large_change_vs_rest,0.3230769230769231,0.2,0.7364049145299145,0.4481399592803507,1716,1717,283
placebo,all_alfworld,all,absolute_readout,D_real_projection_only::decision::geometry_only,top_quartile_mean_absolute_delta,0.019414414414414417,0.008333333333333333,0.07910937499999995,0.03699722466134272,1717,1717,283
placebo,all_alfworld,all,absolute_readout,D_real_projection_only::decision::geometry_only,top_quartile_lift,0.49689940433094126,0.1636366222308372,1.2721024734140667,0.6520740439671906,1717,1717,283
placebo,all_alfworld,all,absolute_readout,D_real::game::reward,spearman,0.23444298754869708,-0.16943530817591104,0.5856325636696416,0.22809309532890717,1717,1717,283
placebo,all_alfworld,all,absolute_readout,D_real::game::reward,average_precision,0.3282174688057041,0.24790954892057832,0.8662998932885297,0.5463892627187145,1716,1717,283
placebo,all_alfworld,all,absolute_readout,D_real::game::reward,auroc_large_change_vs_rest,0.5230769230769231,0.33229166666666665,0.85,0.593970466531127,1716,1717,283
placebo,all_alfworld,all,absolute_readout,D_real::game::reward,top_quartile_mean_absolute_delta,0.04054834054834054,0.022873949579831934,0.11381484962406008,0.06267018306807545,1717,1717,283
placebo,all_alfworld,all,absolute_readout,D_real::game::reward,top_quartile_lift,1.0378086011246963,0.5064383642248361,1.7744324369298092,1.1033719473385075,1717,1717,283
placebo,all_alfworld,all,absolute_readout,D_real_A1::game::reward_free,spearman,0.3610007064909141,-0.11614062645239787,0.6438018333840398,0.2899108162226886,1717,1717,283
placebo,all_alfworld,all,absolute_readout,D_real_A1::game::reward_free,average_precision,0.5,0.30950126262626265,0.8716296820463487,0.5883567940762376,1716,1717,283
placebo,all_alfworld,all,absolute_readout,D_real_A1::game::reward_free,auroc_large_change_vs_rest,0.7076923076923077,0.39938271604938275,0.8611111111111112,0.6345163267941675,1716,1717,283
placebo,all_alfworld,all,absolute_readout,D_real_A1::game::reward_free,top_quartile_mean_absolute_delta,0.05019651191353476,0.03073412543448009,0.1242373154353274,0.07041692242940076,1717,1717,283
placebo,all_alfworld,all,absolute_readout,D_real_A1::game::reward_free,top_quartile_lift,1.2847473190233096,0.6385209499357157,1.9936161636878758,1.24856731916109,1717,1717,283
placebo,all_alfworld,all,absolute_readout,D_real_absA::game::reward_sign_removed,spearman,0.524903326104605,0.014522260323580054,0.6857819189699214,0.3800679104051233,1717,1717,283
placebo,all_alfworld,all,absolute_readout,D_real_absA::game::reward_sign_removed,average_precision,0.6631313131313131,0.3248027898027898,0.895337185962186,0.6106197517968175,1716,1717,283
placebo,all_alfworld,all,absolute_readout,D_real_absA::game::reward_sign_removed,auroc_large_change_vs_rest,0.8,0.4307425213675214,0.875,0.6668980002728262,1716,1717,283
placebo,all_alfworld,all,absolute_readout,D_real_absA::game::reward_sign_removed,top_quartile_mean_absolute_delta,0.06936610523567045,0.03835901719053893,0.1457819778652789,0.08674802698584892,1717,1717,283
placebo,all_alfworld,all,absolute_readout,D_real_absA::game::reward_sign_removed,top_quartile_lift,1.775380685536977,0.8468793631799574,2.1883985445476157,1.5289544484608084,1717,1717,283
placebo,all_alfworld,all,absolute_readout,D_real_projection_only::game::geometry_only,spearman,-0.3734490067147387,-0.5725741900686387,0.18094466448465393,-0.2133512835476735,1717,1717,283
placebo,all_alfworld,all,absolute_readout,D_real_projection_only::game::geometry_only,average_precision,0.22945845004668533,0.2043790849673203,0.715543961757197,0.4365502413693526,1716,1717,283
placebo,all_alfworld,all,absolute_readout,D_real_projection_only::game::geometry_only,auroc_large_change_vs_rest,0.27692307692307694,0.1728395061728395,0.6792052469135803,0.41093585093239443,1716,1717,283
placebo,all_alfworld,all,absolute_readout,D_real_projection_only::game::geometry_only,top_quartile_mean_absolute_delta,0.019414414414414417,0.008333333333333333,0.07910937499999995,0.03699722466134272,1717,1717,283
placebo,all_alfworld,all,absolute_readout,D_real_projection_only::game::geometry_only,top_quartile_lift,0.49689940433094126,0.1636366222308372,1.2721024734140667,0.6520740439671906,1717,1717,283
placebo,all_alfworld,all,absolute_readout,D_factor::token::reward,spearman,-0.5612108684240934,-0.6558507140473615,0.12844173746125356,-0.29576039023100437,1717,1717,283
placebo,all_alfworld,all,absolute_readout,D_factor::token::reward,average_precision,0.23311688311688314,0.19850213103889575,0.650793485239508,0.4054330993612398,1716,1717,283
placebo,all_alfworld,all,absolute_readout,D_factor::token::reward,auroc_large_change_vs_rest,0.2923076923076923,0.1423611111111111,0.6465534465534466,0.37828442494946335,1716,1717,283
placebo,all_alfworld,all,absolute_readout,D_factor::token::reward,top_quartile_mean_absolute_delta,0.008571428571428572,0.00225378787878788,0.07916666666666666,0.03004482185047852,1717,1717,283
placebo,all_alfworld,all,absolute_readout,D_factor::token::reward,top_quartile_lift,0.21938018116301417,0.03474556778423644,1.2416660923962393,0.522951270574751,1717,1717,283
placebo,all_alfworld,all,absolute_readout,D_orientation::token::reward,spearman,-0.5643229434800496,-0.6580292027314976,0.09527270903266194,-0.3018778699413817,1717,1717,283
placebo,all_alfworld,all,absolute_readout,D_orientation::token::reward,average_precision,0.23638485697309228,0.20109106069584012,0.6244105282900402,0.39714076253522157,1716,1717,283
placebo,all_alfworld,all,absolute_readout,D_orientation::token::reward,auroc_large_change_vs_rest,0.3076923076923077,0.1423076923076923,0.6363636363636364,0.37452008113358604,1716,1717,283
placebo,all_alfworld,all,absolute_readout,D_orientation::token::reward,top_quartile_mean_absolute_delta,0.008571428571428572,0.00225378787878788,0.07916666666666666,0.03004482185047852,1717,1717,283
placebo,all_alfworld,all,absolute_readout,D_orientation::token::reward,top_quartile_lift,0.21938018116301417,0.03474556778423644,1.2416660923962393,0.522951270574751,1717,1717,283
placebo,all_alfworld,all,absolute_readout,D_factor_A1::token::reward_free,spearman,-0.34025353945120634,-0.5477636972216089,0.24493675019192973,-0.16403248827738273,1717,1717,283
placebo,all_alfworld,all,absolute_readout,D_factor_A1::token::reward_free,average_precision,0.21397801544860373,0.2175274806892454,0.7231767946629372,0.4441908158276892,1716,1717,283
placebo,all_alfworld,all,absolute_readout,D_factor_A1::token::reward_free,auroc_large_change_vs_rest,0.2153846153846154,0.2,0.7039760348583878,0.44724298642717847,1716,1717,283
placebo,all_alfworld,all,absolute_readout,D_factor_A1::token::reward_free,top_quartile_mean_absolute_delta,0.016904761904761905,0.007142857142857143,0.09644841269841269,0.04127147661674795,1717,1717,283
placebo,all_alfworld,all,absolute_readout,D_factor_A1::token::reward_free,top_quartile_lift,0.43266646840483347,0.13669466913368994,1.4413974809683827,0.7172157262715907,1717,1717,283
placebo,all_alfworld,all,absolute_readout,D_orientation_A1::token::reward_free,spearman,-0.19917280358119396,-0.4971805464570113,0.29714017876373844,-0.10943612444159165,1717,1717,283
placebo,all_alfworld,all,absolute_readout,D_orientation_A1::token::reward_free,average_precision,0.24603174603174605,0.22935606060606062,0.7436723945246673,0.4591174574519041,1716,1717,283
placebo,all_alfworld,all,absolute_readout,D_orientation_A1::token::reward_free,auroc_large_change_vs_rest,0.3230769230769231,0.225,0.7233173076923076,0.4779067472810617,1716,1717,283
placebo,all_alfworld,all,absolute_readout,D_orientation_A1::token::reward_free,top_quartile_mean_absolute_delta,0.016904761904761905,0.007142857142857143,0.09644841269841269,0.04127147661674795,1717,1717,283
placebo,all_alfworld,all,absolute_readout,D_orientation_A1::token::reward_free,top_quartile_lift,0.43266646840483347,0.13669466913368994,1.4413974809683827,0.7172157262715907,1717,1717,283
placebo,all_alfworld,all,absolute_readout,D_factor::decision::reward,spearman,-0.6307138780071142,-0.6923466855220889,0.09006786994669115,-0.33312635996826356,1717,1717,283
placebo,all_alfworld,all,absolute_readout,D_factor::decision::reward,average_precision,0.22826797385620914,0.19541254803203334,0.6440850056352507,0.398469273380918,1716,1717,283
placebo,all_alfworld,all,absolute_readout,D_factor::decision::reward,auroc_large_change_vs_rest,0.27692307692307694,0.125,0.625,0.36068586493773025,1716,1717,283
placebo,all_alfworld,all,absolute_readout,D_factor::decision::reward,top_quartile_mean_absolute_delta,0.008571428571428572,0.00225378787878788,0.07916666666666666,0.03004482185047852,1717,1717,283
placebo,all_alfworld,all,absolute_readout,D_factor::decision::reward,top_quartile_lift,0.21938018116301417,0.03474556778423644,1.2416660923962393,0.522951270574751,1717,1717,283
placebo,all_alfworld,all,absolute_readout,D_orientation::decision::reward,spearman,-0.5912942606316696,-0.6774987396816551,0.09522393763969572,-0.31992691144857055,1717,1717,283
placebo,all_alfworld,all,absolute_readout,D_orientation::decision::reward,average_precision,0.23638485697309228,0.1990621000731295,0.6281505131918734,0.39386104812844586,1716,1717,283
placebo,all_alfworld,all,absolute_readout,D_orientation::decision::reward,auroc_large_change_vs_rest,0.3076923076923077,0.12926136363636362,0.625,0.3675043515857624,1716,1717,283
placebo,all_alfworld,all,absolute_readout,D_orientation::decision::reward,top_quartile_mean_absolute_delta,0.008571428571428572,0.00225378787878788,0.07916666666666666,0.03004482185047852,1717,1717,283
placebo,all_alfworld,all,absolute_readout,D_orientation::decision::reward,top_quartile_lift,0.21938018116301417,0.03474556778423644,1.2416660923962393,0.522951270574751,1717,1717,283
placebo,all_alfworld,all,absolute_readout,D_factor_A1::decision::reward_free,spearman,-0.266601096460244,-0.5045230099166435,0.2638531707834029,-0.13442812501963908,1717,1717,283
placebo,all_alfworld,all,absolute_readout,D_factor_A1::decision::reward_free,average_precision,0.23118580765639588,0.22404295051353876,0.7130306560269796,0.4473940523182767,1716,1717,283
placebo,all_alfworld,all,absolute_readout,D_factor_A1::decision::reward_free,auroc_large_change_vs_rest,0.27692307692307694,0.225,0.7039760348583878,0.46506815056615947,1716,1717,283
placebo,all_alfworld,all,absolute_readout,D_factor_A1::decision::reward_free,top_quartile_mean_absolute_delta,0.016904761904761905,0.007142857142857143,0.09644841269841269,0.04127147661674795,1717,1717,283
placebo,all_alfworld,all,absolute_readout,D_factor_A1::decision::reward_free,top_quartile_lift,0.43266646840483347,0.13669466913368994,1.4413974809683827,0.7172157262715907,1717,1717,283
placebo,all_alfworld,all,absolute_readout,D_orientation_A1::decision::reward_free,spearman,-0.21577053721296013,-0.48222587898339786,0.3011283813887994,-0.10104958886617021,1717,1717,283
placebo,all_alfworld,all,absolute_readout,D_orientation_A1::decision::reward_free,average_precision,0.24975723622782448,0.23374717194570135,0.7440854403630138,0.463002349998803,1716,1717,283
placebo,all_alfworld,all,absolute_readout,D_orientation_A1::decision::reward_free,auroc_large_change_vs_rest,0.3230769230769231,0.23591820987654322,0.7223290598290598,0.4815692840044101,1716,1717,283
placebo,all_alfworld,all,absolute_readout,D_orientation_A1::decision::reward_free,top_quartile_mean_absolute_delta,0.03574534161490683,0.015610119047619048,0.10952916666666664,0.05459102936935414,1717,1717,283
placebo,all_alfworld,all,absolute_readout,D_orientation_A1::decision::reward_free,top_quartile_lift,0.914878943908077,0.3425666709707517,1.7125641605399153,0.9615410338334617,1717,1717,283
placebo,all_alfworld,all,absolute_readout,D_factor::game::reward,spearman,-0.4937825755450434,-0.6497825285496782,0.12657177214944065,-0.29383649563039554,1717,1717,283
placebo,all_alfworld,all,absolute_readout,D_factor::game::reward,average_precision,0.24335497835497835,0.2017383658008658,0.6570634920634921,0.4053846184907418,1716,1717,283
placebo,all_alfworld,all,absolute_readout,D_factor::game::reward,auroc_large_change_vs_rest,0.3384615384615385,0.1527777777777778,0.65,0.3869093402080227,1716,1717,283
placebo,all_alfworld,all,absolute_readout,D_factor::game::reward,top_quartile_mean_absolute_delta,0.008571428571428572,0.00225378787878788,0.07916666666666666,0.03004482185047852,1717,1717,283
placebo,all_alfworld,all,absolute_readout,D_factor::game::reward,top_quartile_lift,0.21938018116301417,0.03474556778423644,1.2416660923962393,0.522951270574751,1717,1717,283
placebo,all_alfworld,all,absolute_readout,D_orientation::game::reward,spearman,-0.46888597509739416,-0.6359555276103717,0.13149852549558563,-0.2798938542520219,1717,1717,283
placebo,all_alfworld,all,absolute_readout,D_orientation::game::reward,average_precision,0.24775058275058273,0.20226925851925853,0.6377741997833073,0.40047939502442464,1716,1717,283
placebo,all_alfworld,all,absolute_readout,D_orientation::game::reward,auroc_large_change_vs_rest,0.35384615384615387,0.16068672839506173,0.654320987654321,0.3945569174478745,1716,1717,283
placebo,all_alfworld,all,absolute_readout,D_orientation::game::reward,top_quartile_mean_absolute_delta,0.008571428571428572,0.00225378787878788,0.07916666666666666,0.03004482185047852,1717,1717,283
placebo,all_alfworld,all,absolute_readout,D_orientation::game::reward,top_quartile_lift,0.21938018116301417,0.03474556778423644,1.2416660923962393,0.522951270574751,1717,1717,283
placebo,all_alfworld,all,absolute_readout,D_factor_A1::game::reward_free,spearman,-0.17012676972560317,-0.5387056371103437,0.2661226081496288,-0.14623066341364496,1717,1717,283
placebo,all_alfworld,all,absolute_readout,D_factor_A1::game::reward_free,average_precision,0.25975723622782443,0.22604166666666664,0.7243456359816653,0.44763813205708264,1716,1717,283
placebo,all_alfworld,all,absolute_readout,D_factor_A1::game::reward_free,auroc_large_change_vs_rest,0.35384615384615387,0.20833333333333334,0.707772435897436,0.45889441896457756,1716,1717,283
placebo,all_alfworld,all,absolute_readout,D_factor_A1::game::reward_free,top_quartile_mean_absolute_delta,0.016904761904761905,0.007142857142857143,0.09644841269841269,0.04127147661674795,1717,1717,283
placebo,all_alfworld,all,absolute_readout,D_factor_A1::game::reward_free,top_quartile_lift,0.43266646840483347,0.13669466913368994,1.4413974809683827,0.7172157262715907,1717,1717,283
placebo,all_alfworld,all,absolute_readout,D_orientation_A1::game::reward_free,spearman,-0.14211809422199778,-0.5260785535382568,0.2667565010690643,-0.14167856311988053,1717,1717,283
placebo,all_alfworld,all,absolute_readout,D_orientation_A1::game::reward_free,average_precision,0.256031746031746,0.2283459249084249,0.7230307539682538,0.44707041405206005,1716,1717,283
placebo,all_alfworld,all,absolute_readout,D_orientation_A1::game::reward_free,auroc_large_change_vs_rest,0.35384615384615387,0.20833333333333334,0.7076923076923077,0.46076747794976464,1716,1717,283
placebo,all_alfworld,all,absolute_readout,D_orientation_A1::game::reward_free,top_quartile_mean_absolute_delta,0.016904761904761905,0.007142857142857143,0.09644841269841269,0.04127147661674795,1717,1717,283
placebo,all_alfworld,all,absolute_readout,D_orientation_A1::game::reward_free,top_quartile_lift,0.43266646840483347,0.13669466913368994,1.4413974809683827,0.7172157262715907,1717,1717,283
null,all_alfworld,all,raw,D_original::token::reward,spearman,0.17243161822920575,-0.21825992865154173,0.5929074729258725,0.20831066691404407,1717,1717,283
null,all_alfworld,all,raw,D_original::token::reward,average_precision,0.3303603259485613,0.3072703889248007,0.8792147884794943,0.5819159238072404,1717,1717,283
null,all_alfworld,all,raw,D_original::token::reward,auroc_large_change_vs_rest,0.5230769230769231,0.325,0.8441558441558441,0.5890206083651531,1717,1717,283
null,all_alfworld,all,raw,D_original::token::reward,top_quartile_mean_absolute_delta,0.04964425897170462,0.03696195777906304,0.12354122807017544,0.07578366927337879,1717,1717,283
null,all_alfworld,all,raw,D_original::token::reward,top_quartile_lift,1.264026948190985,0.722159466359988,1.995465902744957,1.3184097959595757,1717,1717,283
null,all_alfworld,all,raw,D_original::token::unsigned,spearman,-0.07537430018402407,-0.44285943958939783,0.43835094182464546,-0.011614037776846971,1717,1717,283
null,all_alfworld,all,raw,D_original::token::unsigned,average_precision,0.23989801048624576,0.24396529124470304,0.8169597940186174,0.514832314820097,1717,1717,283
null,all_alfworld,all,raw,D_original::token::unsigned,auroc_large_change_vs_rest,0.3230769230769231,0.23019230769230772,0.7777777777777778,0.4919958280033993,1717,1717,283
null,all_alfworld,all,raw,D_original::token::unsigned,top_quartile_mean_absolute_delta,0.029026199494949494,0.019658493373188375,0.09499210488572189,0.05188326550805396,1717,1717,283
null,all_alfworld,all,raw,D_original::token::unsigned,top_quartile_lift,0.7390562196949217,0.3975699605923145,1.5158892018884043,0.8980838489743268,1717,1717,283
null,all_alfworld,all,raw,D_centered_gate::token::reward,spearman,0.17243161822920575,-0.21825992865154173,0.5929074729258725,0.20831066691404407,1717,1717,283
null,all_alfworld,all,raw,D_centered_gate::token::reward,average_precision,0.3303603259485613,0.3072703889248007,0.8792147884794943,0.5819159238072404,1717,1717,283
null,all_alfworld,all,raw,D_centered_gate::token::reward,auroc_large_change_vs_rest,0.5230769230769231,0.325,0.8441558441558441,0.5890206083651531,1717,1717,283
null,all_alfworld,all,raw,D_centered_gate::token::reward,top_quartile_mean_absolute_delta,0.04964425897170462,0.03696195777906304,0.12354122807017544,0.07578366927337879,1717,1717,283
null,all_alfworld,all,raw,D_centered_gate::token::reward,top_quartile_lift,1.264026948190985,0.722159466359988,1.995465902744957,1.3184097959595757,1717,1717,283
null,all_alfworld,all,raw,D_centered_gate::token::unsigned,spearman,-0.07537430018402407,-0.44285943958939783,0.43835094182464546,-0.011614037776846971,1717,1717,283
null,all_alfworld,all,raw,D_centered_gate::token::unsigned,average_precision,0.23989801048624576,0.24396529124470304,0.8169597940186174,0.514832314820097,1717,1717,283
null,all_alfworld,all,raw,D_centered_gate::token::unsigned,auroc_large_change_vs_rest,0.3230769230769231,0.23019230769230772,0.7777777777777778,0.4919958280033993,1717,1717,283
null,all_alfworld,all,raw,D_centered_gate::token::unsigned,top_quartile_mean_absolute_delta,0.029026199494949494,0.019658493373188375,0.09499210488572189,0.05188326550805396,1717,1717,283
null,all_alfworld,all,raw,D_centered_gate::token::unsigned,top_quartile_lift,0.7390562196949217,0.3975699605923145,1.5158892018884043,0.8980838489743268,1717,1717,283
null,all_alfworld,all,raw,D_ungated::token::reward,spearman,-0.022715542521212734,-0.21800921389921674,0.6171583644717689,0.19513137416272808,1717,1717,283
null,all_alfworld,all,raw,D_ungated::token::reward,average_precision,0.3087868993751347,0.3114764320646673,0.8825632633283806,0.582368294432767,1717,1717,283
null,all_alfworld,all,raw,D_ungated::token::reward,auroc_large_change_vs_rest,0.4307692307692308,0.345679012345679,0.8465384615384611,0.59545519749849,1717,1717,283
null,all_alfworld,all,raw,D_ungated::token::reward,top_quartile_mean_absolute_delta,0.05896060656930222,0.036672182223906356,0.14390886193186953,0.08186871143150895,1717,1717,283
null,all_alfworld,all,raw,D_ungated::token::reward,top_quartile_lift,1.5012369431833497,0.7780289236011723,2.1076174933182146,1.4113174988648443,1717,1717,283
null,all_alfworld,all,raw,D_ungated::token::unsigned,spearman,-0.08982964542479581,-0.2789526918381302,0.5599885805707485,0.13671465205867725,1717,1717,283
null,all_alfworld,all,raw,D_ungated::token::unsigned,average_precision,0.2942997198879552,0.27037475596299126,0.8432038712921066,0.5459877782380264,1717,1717,283
null,all_alfworld,all,raw,D_ungated::token::unsigned,auroc_large_change_vs_rest,0.4461538461538462,0.2987012987012987,0.8194444444444444,0.5620710359838684,1717,1717,283
null,all_alfworld,all,raw,D_ungated::token::unsigned,top_quartile_mean_absolute_delta,0.021989958708708707,0.019745936355311352,0.11314973669191934,0.05772689144230724,1717,1717,283
null,all_alfworld,all,raw,D_ungated::token::unsigned,top_quartile_lift,0.5599016074196508,0.40149861344144944,1.7330040979321393,0.9909321649009206,1717,1717,283
null,all_alfworld,all,raw,D_signed::token::reward,spearman,0.18275686482975698,-0.2467861501972292,0.5932546436085092,0.15835752260209446,1717,1717,283
null,all_alfworld,all,raw,D_signed::token::reward,average_precision,0.3088888888888889,0.27222222222222225,0.8526517072670918,0.5607079164551149,1717,1717,283
null,all_alfworld,all,raw,D_signed::token::reward,auroc_large_change_vs_rest,0.49230769230769234,0.325,0.8217857142857139,0.578788843654889,1717,1717,283
null,all_alfworld,all,raw,D_signed::token::reward,top_quartile_mean_absolute_delta,0.055996847355543014,0.03414533408060194,0.13653171836799513,0.07782133323773753,1717,1717,283
null,all_alfworld,all,raw,D_signed::token::reward,top_quartile_lift,1.425774611954351,0.7488157269899391,2.050707254520544,1.341359450986584,1717,1717,283
null,all_alfworld,all,raw,D_signed::token::unsigned,spearman,-0.04130098640220497,-0.29211413023243504,0.5388356994314033,0.12460372202576277,1717,1717,283
null,all_alfworld,all,raw,D_signed::token::unsigned,average_precision,0.2893939393939394,0.2556985294117647,0.8196676076448803,0.5340285823449794,1717,1717,283
null,all_alfworld,all,raw,D_signed::token::unsigned,auroc_large_change_vs_rest,0.47692307692307695,0.2916666666666667,0.7922077922077922,0.5511859257551842,1717,1717,283
null,all_alfworld,all,raw,D_signed::token::unsigned,top_quartile_mean_absolute_delta,0.01902619949494949,0.016745050963529226,0.10829968173481495,0.05367951324853583,1717,1717,283
null,all_alfworld,all,raw,D_signed::token::unsigned,top_quartile_lift,0.48443927619065197,0.33772742753284396,1.6410915717156822,0.9209741170226607,1717,1717,283
null,all_alfworld,all,raw,D_signed_gate::token::reward,spearman,0.20650493201102485,-0.3773697356468892,0.46193827865387893,0.022862332349590682,1717,1717,283
null,all_alfworld,all,raw,D_signed_gate::token::reward,average_precision,0.3188235294117647,0.2456944444444444,0.8231425682160972,0.5266269426673504,1717,1717,283
null,all_alfworld,all,raw,D_signed_gate::token::reward,auroc_large_change_vs_rest,0.49230769230769234,0.23376623376623376,0.7901234567901234,0.5123018277102436,1717,1717,283
null,all_alfworld,all,raw,D_signed_gate::token::reward,top_quartile_mean_absolute_delta,0.04501082251082251,0.020871678743961352,0.09974999999999998,0.05580904078570444,1717,1717,283
null,all_alfworld,all,raw,D_signed_gate::token::reward,top_quartile_lift,1.1460518052318804,0.4148598320157484,1.5733765985839547,0.9664633662116042,1717,1717,283
null,all_alfworld,all,raw,D_signed_gate::token::unsigned,spearman,-0.06298400426336258,-0.4733265383626252,0.32340353641578007,-0.07013493429775274,1717,1717,283
null,all_alfworld,all,raw,D_signed_gate::token::unsigned,average_precision,0.24313492063492062,0.22420115995115994,0.8181798675181025,0.508134508779245,1717,1717,283
null,all_alfworld,all,raw,D_signed_gate::token::unsigned,auroc_large_change_vs_rest,0.3230769230769231,0.20701298701298707,0.7283950617283951,0.4687709333312129,1717,1717,283
null,all_alfworld,all,raw,D_signed_gate::token::unsigned,top_quartile_mean_absolute_delta,0.034978580447330446,0.022328441346553613,0.09942307692307692,0.056071882599546215,1717,1717,283
null,all_alfworld,all,raw,D_signed_gate::token::unsigned,top_quartile_lift,0.8906139241617489,0.44442462058921584,1.6259382442900552,0.9745316733324423,1717,1717,283
null,all_alfworld,all,raw,D_sign_balance::token::reward,spearman,0.24780591841322983,-0.19142713621752924,0.6231408283784589,0.1990912504026061,1717,1717,283
null,all_alfworld,all,raw,D_sign_balance::token::reward,average_precision,0.32999999999999996,0.2873504273504273,0.8627510545010544,0.5721669340995997,1717,1717,283
null,all_alfworld,all,raw,D_sign_balance::token::reward,auroc_large_change_vs_rest,0.5538461538461539,0.35,0.8271604938271605,0.5973614656139894,1717,1717,283
null,all_alfworld,all,raw,D_sign_balance::token::reward,top_quartile_mean_absolute_delta,0.055996847355543014,0.03414533408060194,0.13653171836799513,0.07782133323773753,1717,1717,283
null,all_alfworld,all,raw,D_sign_balance::token::reward,top_quartile_lift,1.425774611954351,0.7488157269899391,2.050707254520544,1.341359450986584,1717,1717,283
null,all_alfworld,all,raw,D_sign_balance::token::unsigned,spearman,-0.18069181550964675,-0.3671642495504403,0.4884455718376955,0.05452561485408828,1717,1717,283
null,all_alfworld,all,raw,D_sign_balance::token::unsigned,average_precision,0.25566544566544563,0.24504273504273505,0.8156686243049878,0.521579442305851,1717,1717,283
null,all_alfworld,all,raw,D_sign_balance::token::unsigned,auroc_large_change_vs_rest,0.36923076923076925,0.2466933066933067,0.7679945054945054,0.5164782619269612,1717,1717,283
null,all_alfworld,all,raw,D_sign_balance::token::unsigned,top_quartile_mean_absolute_delta,0.01902619949494949,0.016745050963529226,0.10829968173481495,0.05367951324853583,1717,1717,283
null,all_alfworld,all,raw,D_sign_balance::token::unsigned,top_quartile_lift,0.48443927619065197,0.33772742753284396,1.6410915717156822,0.9209741170226607,1717,1717,283
null,all_alfworld,all,raw,D_negative_fraction::token::reward,spearman,-0.08879712076474068,-0.2903942560808094,0.6001878615478888,0.15208471288991138,1717,1717,283
null,all_alfworld,all,raw,D_negative_fraction::token::reward,average_precision,0.3388235294117647,0.2828823529411765,0.8770499033394957,0.5701778166046656,1717,1717,283
null,all_alfworld,all,raw,D_negative_fraction::token::reward,auroc_large_change_vs_rest,0.49230769230769234,0.32098765432098764,0.8443556443556441,0.577294813981865,1717,1717,283
null,all_alfworld,all,raw,D_negative_fraction::token::reward,top_quartile_mean_absolute_delta,0.05896060656930222,0.036672182223906356,0.14390886193186953,0.08186871143150895,1717,1717,283
null,all_alfworld,all,raw,D_negative_fraction::token::reward,top_quartile_lift,1.5012369431833497,0.7780289236011723,2.1076174933182146,1.4113174988648443,1717,1717,283
null,all_alfworld,all,raw,D_negative_fraction::token::unsigned,spearman,-0.34279818713830124,-0.3628326485371783,0.5299484722037568,0.08500992362040179,1717,1717,283
null,all_alfworld,all,raw,D_negative_fraction::token::unsigned,average_precision,0.2554901960784314,0.2662142857142857,0.8388022454160727,0.5367809863153126,1717,1717,283
null,all_alfworld,all,raw,D_negative_fraction::token::unsigned,auroc_large_change_vs_rest,0.3230769230769231,0.27261503928170594,0.8051948051948052,0.5357099942738653,1717,1717,283
null,all_alfworld,all,raw,D_negative_fraction::token::unsigned,top_quartile_mean_absolute_delta,0.021989958708708707,0.019745936355311352,0.11314973669191934,0.05772689144230724,1717,1717,283
null,all_alfworld,all,raw,D_negative_fraction::token::unsigned,top_quartile_lift,0.5599016074196508,0.40149861344144944,1.7330040979321393,0.9909321649009206,1717,1717,283
null,all_alfworld,all,raw,D_adv::token::reward,spearman,0.07743934950413432,-0.4235447005612124,0.4124398201785148,-0.02135393300382356,1717,1717,283
null,all_alfworld,all,raw,D_adv::token::reward,average_precision,0.26535714285714285,0.2570903402153402,0.8203126084574047,0.5192318821591144,1717,1717,283
null,all_alfworld,all,raw,D_adv::token::reward,auroc_large_change_vs_rest,0.36923076923076925,0.2468975468975469,0.7792207792207793,0.5047645674841851,1717,1717,283
null,all_alfworld,all,raw,D_adv::token::reward,top_quartile_mean_absolute_delta,0.05610507246376811,0.029390168654874538,0.1280988848108413,0.07036653583646256,1717,1717,283
null,all_alfworld,all,raw,D_adv::token::reward,top_quartile_lift,1.4285302065810204,0.6173339012078881,1.923217051848684,1.2088811210896147,1717,1717,283
null,all_alfworld,all,raw,D_adv::token::unsigned,spearman,-0.04130098640220497,-0.29211413023243504,0.5388356994314033,0.12460372202576277,1717,1717,283
null,all_alfworld,all,raw,D_adv::token::unsigned,average_precision,0.2893939393939394,0.2556985294117647,0.8196676076448803,0.5340285823449794,1717,1717,283
null,all_alfworld,all,raw,D_adv::token::unsigned,auroc_large_change_vs_rest,0.47692307692307695,0.2916666666666667,0.7922077922077922,0.5511859257551842,1717,1717,283
null,all_alfworld,all,raw,D_adv::token::unsigned,top_quartile_mean_absolute_delta,0.01902619949494949,0.016745050963529226,0.10829968173481495,0.05367951324853583,1717,1717,283
null,all_alfworld,all,raw,D_adv::token::unsigned,top_quartile_lift,0.48443927619065197,0.33772742753284396,1.6410915717156822,0.9209741170226607,1717,1717,283
null,all_alfworld,all,raw,D_adv_gate::token::reward,spearman,-0.06504905358347282,-0.5683611793195195,0.30872487335648213,-0.1395464492838419,1717,1717,283
null,all_alfworld,all,raw,D_adv_gate::token::reward,average_precision,0.2688270063270063,0.23153624153624153,0.7791533319621555,0.4882242976290551,1717,1717,283
null,all_alfworld,all,raw,D_adv_gate::token::reward,auroc_large_change_vs_rest,0.35384615384615387,0.19375000000000003,0.7232692307692306,0.4527399592738848,1717,1717,283
null,all_alfworld,all,raw,D_adv_gate::token::reward,top_quartile_mean_absolute_delta,0.039058441558441556,0.015541619924925573,0.1054286963036963,0.053869326853882536,1717,1717,283
null,all_alfworld,all,raw,D_adv_gate::token::reward,top_quartile_lift,0.9944941007650534,0.33124341798903084,1.662830383208408,0.9231397616496385,1717,1717,283
null,all_alfworld,all,raw,D_adv_gate::token::unsigned,spearman,-0.06298400426336258,-0.4733265383626252,0.32340353641578007,-0.07013493429775274,1717,1717,283
null,all_alfworld,all,raw,D_adv_gate::token::unsigned,average_precision,0.24313492063492062,0.22420115995115994,0.8181798675181025,0.508134508779245,1717,1717,283
null,all_alfworld,all,raw,D_adv_gate::token::unsigned,auroc_large_change_vs_rest,0.3230769230769231,0.20701298701298707,0.7283950617283951,0.4687709333312129,1717,1717,283
null,all_alfworld,all,raw,D_adv_gate::token::unsigned,top_quartile_mean_absolute_delta,0.034978580447330446,0.022328441346553613,0.09942307692307692,0.056071882599546215,1717,1717,283
null,all_alfworld,all,raw,D_adv_gate::token::unsigned,top_quartile_lift,0.8906139241617489,0.44442462058921584,1.6259382442900552,0.9745316733324423,1717,1717,283
null,all_alfworld,all,raw,D_sqrtadv::token::reward,spearman,0.1528136496881584,-0.29571587502783336,0.5235623243237695,0.09221294632918248,1717,1717,283
null,all_alfworld,all,raw,D_sqrtadv::token::reward,average_precision,0.29676767676767674,0.2842075163398693,0.8462090336134455,0.5614714213790574,1717,1717,283
null,all_alfworld,all,raw,D_sqrtadv::token::reward,auroc_large_change_vs_rest,0.4153846153846154,0.3074786324786325,0.8217857142857139,0.5542743594189915,1717,1717,283
null,all_alfworld,all,raw,D_sqrtadv::token::reward,top_quartile_mean_absolute_delta,0.05372412008281573,0.030799172601591953,0.13155688854489161,0.07358111352771513,1717,1717,283
null,all_alfworld,all,raw,D_sqrtadv::token::reward,top_quartile_lift,1.3679071247942893,0.667866860301508,1.9976200064505594,1.267017884276772,1717,1717,283
null,all_alfworld,all,raw,D_sqrtadv::token::unsigned,spearman,-0.04130098640220497,-0.29211413023243504,0.5388356994314033,0.12460372202576277,1717,1717,283
null,all_alfworld,all,raw,D_sqrtadv::token::unsigned,average_precision,0.2893939393939394,0.2556985294117647,0.8196676076448803,0.5340285823449794,1717,1717,283
null,all_alfworld,all,raw,D_sqrtadv::token::unsigned,auroc_large_change_vs_rest,0.47692307692307695,0.2916666666666667,0.7922077922077922,0.5511859257551842,1717,1717,283
null,all_alfworld,all,raw,D_sqrtadv::token::unsigned,top_quartile_mean_absolute_delta,0.01902619949494949,0.016745050963529226,0.10829968173481495,0.05367951324853583,1717,1717,283
null,all_alfworld,all,raw,D_sqrtadv::token::unsigned,top_quartile_lift,0.48443927619065197,0.33772742753284396,1.6410915717156822,0.9209741170226607,1717,1717,283
null,all_alfworld,all,raw,D_work::token::reward,spearman,-0.054723806982921584,-0.48404840398380033,0.4102459813729155,-0.052152994222015345,1717,1717,283
null,all_alfworld,all,raw,D_work::token::reward,average_precision,0.26709401709401714,0.2321008044243338,0.7948314047064045,0.5014626092211613,1717,1717,283
null,all_alfworld,all,raw,D_work::token::reward,auroc_large_change_vs_rest,0.4,0.22077922077922077,0.7530864197530864,0.4822267616045523,1717,1717,283
null,all_alfworld,all,raw,D_work::token::reward,top_quartile_mean_absolute_delta,0.030328282828282826,0.011962723915122783,0.1022711474225873,0.048132735264283855,1717,1717,283
null,all_alfworld,all,raw,D_work::token::reward,top_quartile_lift,0.7722094675470401,0.24016796988919006,1.5326938318718095,0.8226698694723005,1717,1717,283
null,all_alfworld,all,raw,D_work::token::unsigned,spearman,0.07021167688374845,-0.17497452108774286,0.6053822632131253,0.2175017580024117,1717,1717,283
null,all_alfworld,all,raw,D_work::token::unsigned,average_precision,0.407967032967033,0.3326399286987522,0.8650775046485831,0.5893642216234525,1717,1717,283
null,all_alfworld,all,raw,D_work::token::unsigned,auroc_large_change_vs_rest,0.6,0.3635227272727273,0.8381655844155839,0.6014427553776709,1717,1717,283
null,all_alfworld,all,raw,D_work::token::unsigned,top_quartile_mean_absolute_delta,0.04797759230503796,0.03652673666489457,0.13493033720665287,0.07855395641410036,1717,1717,283
null,all_alfworld,all,raw,D_work::token::unsigned,top_quartile_lift,1.2215907909402735,0.7422414890782055,2.0723293755518353,1.3596111251788678,1717,1717,283
null,all_alfworld,all,raw,D_work_gate::token::reward,spearman,-0.022715542521212734,-0.5516690973663074,0.3331963504493032,-0.12904660965534323,1717,1717,283
null,all_alfworld,all,raw,D_work_gate::token::reward,average_precision,0.2770286576168929,0.23297928868517104,0.7817708333333331,0.4902241192631862,1717,1717,283
null,all_alfworld,all,raw,D_work_gate::token::reward,auroc_large_change_vs_rest,0.38461538461538464,0.1947691197691198,0.7375,0.4533240459541178,1717,1717,283
null,all_alfworld,all,raw,D_work_gate::token::reward,top_quartile_mean_absolute_delta,0.03609126984126984,0.013476190476190477,0.10851369902027795,0.05204231435363073,1717,1717,283
null,all_alfworld,all,raw,D_work_gate::token::reward,top_quartile_lift,0.9189448814171955,0.28708154600895647,1.6456536147380538,0.8921112456944492,1717,1717,283
null,all_alfworld,all,raw,D_work_gate::token::unsigned,spearman,0.13835830444738664,-0.3071443437313422,0.51223307336056,0.08908895799305937,1717,1717,283
null,all_alfworld,all,raw,D_work_gate::token::unsigned,average_precision,0.4454256854256854,0.24729581529581532,0.811717696444969,0.5438914005854674,1717,1717,283
null,all_alfworld,all,raw,D_work_gate::token::unsigned,auroc_large_change_vs_rest,0.5076923076923077,0.2962962962962963,0.7929870129870124,0.5365335361464755,1717,1717,283
null,all_alfworld,all,raw,D_work_gate::token::unsigned,top_quartile_mean_absolute_delta,0.03131696428571429,0.01282987451737452,0.10414178475033735,0.05055552890351788,1717,1717,283
null,all_alfworld,all,raw,D_work_gate::token::unsigned,top_quartile_lift,0.7973829726260947,0.2687106465684931,1.6114973320947847,0.8678884653969619,1717,1717,283
null,all_alfworld,all,raw,D_cos_raw::token::reward,spearman,0.2127000799713556,-0.19921764155630578,0.6096779856460726,0.1907866584186744,1717,1717,283
null,all_alfworld,all,raw,D_cos_raw::token::reward,average_precision,0.3402272727272727,0.28604978354978355,0.8592574647574647,0.5690975673808556,1717,1717,283
null,all_alfworld,all,raw,D_cos_raw::token::reward,auroc_large_change_vs_rest,0.5538461538461539,0.3576068376068376,0.8275213675213672,0.5921577034346399,1717,1717,283
null,all_alfworld,all,raw,D_cos_raw::token::reward,top_quartile_mean_absolute_delta,0.06175983436853002,0.03656113632744067,0.13680986473536774,0.08173091232708439,1717,1717,283
null,all_alfworld,all,raw,D_cos_raw::token::reward,top_quartile_lift,1.5725100258245062,0.78853672972899,2.126265204475719,1.410800827208733,1717,1717,283
null,all_alfworld,all,raw,D_cos_raw::token::unsigned,spearman,-0.13009810716694564,-0.33180498778718326,0.5072069423608416,0.08078894369208721,1717,1717,283
null,all_alfworld,all,raw,D_cos_raw::token::unsigned,average_precision,0.26218253968253963,0.2496031746031746,0.8127061385584111,0.5227946160373969,1717,1717,283
null,all_alfworld,all,raw,D_cos_raw::token::unsigned,auroc_large_change_vs_rest,0.4,0.27212121212121215,0.7662337662337663,0.5263405133697309,1717,1717,283
null,all_alfworld,all,raw,D_cos_raw::token::unsigned,top_quartile_mean_absolute_delta,0.024494949494949493,0.01582150265385364,0.1051431595365419,0.05275309148887809,1717,1717,283
null,all_alfworld,all,raw,D_cos_raw::token::unsigned,top_quartile_lift,0.6236829171695495,0.3258553001507652,1.6010812572941688,0.901883846565525,1717,1717,283
null,all_alfworld,all,raw,D_cos_centered::token::reward,spearman,0.25400106637356057,-0.2017180177153632,0.6158262719025965,0.1963278922120867,1717,1717,283
null,all_alfworld,all,raw,D_cos_centered::token::reward,average_precision,0.3258333333333333,0.28595286576168927,0.8623890109656916,0.5717526839391477,1717,1717,283
null,all_alfworld,all,raw,D_cos_centered::token::reward,auroc_large_change_vs_rest,0.5384615384615384,0.35384615384615387,0.8337499999999997,0.5964505216143248,1717,1717,283
null,all_alfworld,all,raw,D_cos_centered::token::reward,top_quartile_mean_absolute_delta,0.055996847355543014,0.03414533408060194,0.13653171836799513,0.07782133323773753,1717,1717,283
null,all_alfworld,all,raw,D_cos_centered::token::reward,top_quartile_lift,1.425774611954351,0.7488157269899391,2.050707254520544,1.341359450986584,1717,1717,283
null,all_alfworld,all,raw,D_cos_centered::token::unsigned,spearman,-0.10738256464573293,-0.3185766794479547,0.5135067515019202,0.09429766565146372,1717,1717,283
null,all_alfworld,all,raw,D_cos_centered::token::unsigned,average_precision,0.27379870129870126,0.2546152866741102,0.8199840267303502,0.5267565090154451,1717,1717,283
null,all_alfworld,all,raw,D_cos_centered::token::unsigned,auroc_large_change_vs_rest,0.4307692307692308,0.27692307692307694,0.7792207792207793,0.5338227404403875,1717,1717,283
null,all_alfworld,all,raw,D_cos_centered::token::unsigned,top_quartile_mean_absolute_delta,0.01902619949494949,0.016745050963529226,0.10829968173481495,0.05367951324853583,1717,1717,283
null,all_alfworld,all,raw,D_cos_centered::token::unsigned,top_quartile_lift,0.48443927619065197,0.33772742753284396,1.6410915717156822,0.9209741170226607,1717,1717,283
null,all_alfworld,all,raw,D_cos_centered_gate::token::reward,spearman,0.20237483337080434,-0.3662233738577138,0.4817990364529426,0.04724765527048897,1717,1717,283
null,all_alfworld,all,raw,D_cos_centered_gate::token::reward,average_precision,0.3058333333333333,0.24838562091503272,0.8357683210454702,0.5356491568852206,1717,1717,283
null,all_alfworld,all,raw,D_cos_centered_gate::token::reward,auroc_large_change_vs_rest,0.49230769230769234,0.24969135802469136,0.7922077922077922,0.5237363697674803,1717,1717,283
null,all_alfworld,all,raw,D_cos_centered_gate::token::reward,top_quartile_mean_absolute_delta,0.04501082251082251,0.020871678743961352,0.09974999999999998,0.05580904078570444,1717,1717,283
null,all_alfworld,all,raw,D_cos_centered_gate::token::reward,top_quartile_lift,1.1460518052318804,0.4148598320157484,1.5733765985839547,0.9664633662116042,1717,1717,283
null,all_alfworld,all,raw,D_cos_centered_gate::token::unsigned,spearman,0.030975739801653728,-0.42777703381322707,0.3318535114116096,-0.057106173203175126,1717,1717,283
null,all_alfworld,all,raw,D_cos_centered_gate::token::unsigned,average_precision,0.2567256273138626,0.22447038255861784,0.8058953029541265,0.502236476421367,1717,1717,283
null,all_alfworld,all,raw,D_cos_centered_gate::token::unsigned,auroc_large_change_vs_rest,0.35384615384615387,0.2222222222222222,0.7160493827160493,0.4660297545052932,1717,1717,283
null,all_alfworld,all,raw,D_cos_centered_gate::token::unsigned,top_quartile_mean_absolute_delta,0.04044733044733044,0.019829740482629497,0.09945299145299143,0.055145460839888465,1717,1717,283
null,all_alfworld,all,raw,D_cos_centered_gate::token::unsigned,top_quartile_lift,1.0298575651406463,0.40694522481587053,1.607227567560558,0.9554414028753068,1717,1717,283
null,all_alfworld,all,raw,D_cos_adv::token::reward,spearman,0.12700053318678028,-0.41212881975841403,0.4133023949351199,-0.015435451832765736,1717,1717,283
null,all_alfworld,all,raw,D_cos_adv::token::reward,average_precision,0.27249999999999996,0.25443598068598067,0.8208998153681412,0.5205203294501412,1717,1717,283
null,all_alfworld,all,raw,D_cos_adv::token::reward,auroc_large_change_vs_rest,0.4,0.25,0.7792207792207793,0.5086294846086634,1717,1717,283
null,all_alfworld,all,raw,D_cos_adv::token::reward,top_quartile_mean_absolute_delta,0.05610507246376811,0.029390168654874538,0.1280988848108413,0.07036653583646256,1717,1717,283
null,all_alfworld,all,raw,D_cos_adv::token::reward,top_quartile_lift,1.4285302065810204,0.6173339012078881,1.923217051848684,1.2088811210896147,1717,1717,283
null,all_alfworld,all,raw,D_cos_adv::token::unsigned,spearman,-0.10738256464573293,-0.3185766794479547,0.5135067515019202,0.09429766565146372,1717,1717,283
null,all_alfworld,all,raw,D_cos_adv::token::unsigned,average_precision,0.27379870129870126,0.2546152866741102,0.8199840267303502,0.5267565090154451,1717,1717,283
null,all_alfworld,all,raw,D_cos_adv::token::unsigned,auroc_large_change_vs_rest,0.4307692307692308,0.27692307692307694,0.7792207792207793,0.5338227404403875,1717,1717,283
null,all_alfworld,all,raw,D_cos_adv::token::unsigned,top_quartile_mean_absolute_delta,0.01902619949494949,0.016745050963529226,0.10829968173481495,0.05367951324853583,1717,1717,283
null,all_alfworld,all,raw,D_cos_adv::token::unsigned,top_quartile_lift,0.48443927619065197,0.33772742753284396,1.6410915717156822,0.9209741170226607,1717,1717,283
null,all_alfworld,all,raw,D_cos_negative::token::reward,spearman,-0.004130098640220497,-0.21172768982342835,0.6303571504024577,0.2102899772441422,1717,1717,283
null,all_alfworld,all,raw,D_cos_negative::token::reward,average_precision,0.3292997198879552,0.3092352941176471,0.8864028944911295,0.5870069641042005,1717,1717,283
null,all_alfworld,all,raw,D_cos_negative::token::reward,auroc_large_change_vs_rest,0.49230769230769234,0.35064935064935066,0.8611538461538462,0.603834479682616,1717,1717,283
null,all_alfworld,all,raw,D_cos_negative::token::reward,top_quartile_mean_absolute_delta,0.05896060656930222,0.036672182223906356,0.14390886193186953,0.08186871143150895,1717,1717,283
null,all_alfworld,all,raw,D_cos_negative::token::reward,top_quartile_lift,1.5012369431833497,0.7780289236011723,2.1076174933182146,1.4113174988648443,1717,1717,283
null,all_alfworld,all,raw,D_cos_negative::token::unsigned,spearman,-0.22715542521212734,-0.32116504481886665,0.5564738327704796,0.12707717605600635,1717,1717,283
null,all_alfworld,all,raw,D_cos_negative::token::unsigned,average_precision,0.2692997198879552,0.2624918480212598,0.8350788860904723,0.5386833606382762,1717,1717,283
null,all_alfworld,all,raw,D_cos_negative::token::unsigned,auroc_large_change_vs_rest,0.4,0.2916666666666667,0.8127314814814812,0.5518012569859299,1717,1717,283
null,all_alfworld,all,raw,D_cos_negative::token::unsigned,top_quartile_mean_absolute_delta,0.01902619949494949,0.016745050963529226,0.10829968173481495,0.05367951324853583,1717,1717,283
null,all_alfworld,all,raw,D_cos_negative::token::unsigned,top_quartile_lift,0.48443927619065197,0.33772742753284396,1.6410915717156822,0.9209741170226607,1717,1717,283
null,all_alfworld,all,raw,D_soft::token::reward,spearman,0.23954572113278882,-0.4001486008503803,0.4603939526493091,0.017788019399708407,1717,1717,283
null,all_alfworld,all,raw,D_soft::token::reward,average_precision,0.30784798534798535,0.24173949579831935,0.8381566211566209,0.527667625122771,1717,1717,283
null,all_alfworld,all,raw,D_soft::token::reward,auroc_large_change_vs_rest,0.47692307692307695,0.24615384615384617,0.7916666666666666,0.5089502847972077,1717,1717,283
null,all_alfworld,all,raw,D_soft::token::reward,top_quartile_mean_absolute_delta,0.04501082251082251,0.020871678743961352,0.09974999999999998,0.05580904078570444,1717,1717,283
null,all_alfworld,all,raw,D_soft::token::reward,top_quartile_lift,1.1460518052318804,0.4148598320157484,1.5733765985839547,0.9664633662116042,1717,1717,283
null,all_alfworld,all,raw,D_soft::token::unsigned,spearman,0.12183790988650466,-0.38414336426484735,0.4310082699459515,0.019898097290550948,1717,1717,283
null,all_alfworld,all,raw,D_soft::token::unsigned,average_precision,0.26825396825396824,0.2443650793650794,0.8377543004381237,0.5246809817732552,1717,1717,283
null,all_alfworld,all,raw,D_soft::token::unsigned,auroc_large_change_vs_rest,0.4153846153846154,0.2345679012345679,0.7901234567901234,0.5143148712091635,1717,1717,283
null,all_alfworld,all,raw,D_soft::token::unsigned,top_quartile_mean_absolute_delta,0.034978580447330446,0.022328441346553613,0.09942307692307692,0.056071882599546215,1717,1717,283
null,all_alfworld,all,raw,D_soft::token::unsigned,top_quartile_lift,0.8906139241617489,0.44442462058921584,1.6259382442900552,0.9745316733324423,1717,1717,283
null,all_alfworld,all,raw,D_soft_negative::token::reward,spearman,0.14145587842755203,-0.280162750285948,0.5599313693021646,0.16230044145378694,1717,1717,283
null,all_alfworld,all,raw,D_soft_negative::token::reward,average_precision,0.2863095238095238,0.2681691919191919,0.864350240891016,0.5466278923108258,1717,1717,283
null,all_alfworld,all,raw,D_soft_negative::token::reward,auroc_large_change_vs_rest,0.46153846153846156,0.2987012987012987,0.8255769230769225,0.5619445224885916,1717,1717,283
null,all_alfworld,all,raw,D_soft_negative::token::reward,top_quartile_mean_absolute_delta,0.05677809735554301,0.03506007152430364,0.12288010025637902,0.0735117095300876,1717,1717,283
null,all_alfworld,all,raw,D_soft_negative::token::reward,top_quartile_lift,1.445666560665622,0.6806637789019943,1.9059284437841333,1.2783014442446825,1717,1717,283
null,all_alfworld,all,raw,D_soft_negative::token::unsigned,spearman,0.04543108504242547,-0.38388405465831804,0.4791034568873002,0.03928134618915267,1717,1717,283
null,all_alfworld,all,raw,D_soft_negative::token::unsigned,average_precision,0.24884920634920632,0.2559191984486103,0.8359594303127057,0.5277899453015791,1717,1717,283
null,all_alfworld,all,raw,D_soft_negative::token::unsigned,auroc_large_change_vs_rest,0.35384615384615387,0.25,0.8,0.5194143359426799,1717,1717,283
null,all_alfworld,all,raw,D_soft_negative::token::unsigned,top_quartile_mean_absolute_delta,0.033800505050505046,0.019041800930898675,0.09896990740740741,0.05337005095816681,1717,1717,283
null,all_alfworld,all,raw,D_soft_negative::token::unsigned,top_quartile_lift,0.8606181284860226,0.40487649704323286,1.5622303847650165,0.922306629271814,1717,1717,283
null,all_alfworld,all,raw,D_soft_cos::token::reward,spearman,0.21889522793168634,-0.3911235237495149,0.46892028739895397,0.025949299918570506,1717,1717,283
null,all_alfworld,all,raw,D_soft_cos::token::reward,average_precision,0.3007051282051282,0.23913003663003662,0.8347156877812983,0.5319500328145459,1717,1717,283
null,all_alfworld,all,raw,D_soft_cos::token::reward,auroc_large_change_vs_rest,0.47692307692307695,0.2468975468975469,0.7916666666666666,0.513952289881721,1717,1717,283
null,all_alfworld,all,raw,D_soft_cos::token::reward,top_quartile_mean_absolute_delta,0.04501082251082251,0.020871678743961352,0.09974999999999998,0.05580904078570444,1717,1717,283
null,all_alfworld,all,raw,D_soft_cos::token::reward,top_quartile_lift,1.1460518052318804,0.4148598320157484,1.5733765985839547,0.9664633662116042,1717,1717,283
null,all_alfworld,all,raw,D_soft_cos::token::unsigned,spearman,0.19308211143030823,-0.3705840597402117,0.43625786387431537,0.03683078391633786,1717,1717,283
null,all_alfworld,all,raw,D_soft_cos::token::unsigned,average_precision,0.2986235986235986,0.2497034207622443,0.8404219669219669,0.5290760199782246,1717,1717,283
null,all_alfworld,all,raw,D_soft_cos::token::unsigned,auroc_large_change_vs_rest,0.46153846153846156,0.24582792207792212,0.7901234567901234,0.5232273237199465,1717,1717,283
null,all_alfworld,all,raw,D_soft_cos::token::unsigned,top_quartile_mean_absolute_delta,0.034978580447330446,0.022328441346553613,0.09942307692307692,0.056071882599546215,1717,1717,283
null,all_alfworld,all,raw,D_soft_cos::token::unsigned,top_quartile_lift,0.8906139241617489,0.44442462058921584,1.6259382442900552,0.9745316733324423,1717,1717,283
null,all_alfworld,all,raw,D_sigmoid::token::reward,spearman,0.157976272988434,-0.3397018451982758,0.5342221907027495,0.08423075968826052,1717,1717,283
null,all_alfworld,all,raw,D_sigmoid::token::reward,average_precision,0.2943650793650794,0.25252202590437883,0.8329978731675562,0.5408312747794936,1717,1717,283
null,all_alfworld,all,raw,D_sigmoid::token::reward,auroc_large_change_vs_rest,0.46153846153846156,0.27261503928170594,0.8024691358024691,0.5452074649305769,1717,1717,283
null,all_alfworld,all,raw,D_sigmoid::token::reward,top_quartile_mean_absolute_delta,0.03876082251082251,0.022154491341991343,0.11760091991341988,0.06104508625301212,1717,1717,283
null,all_alfworld,all,raw,D_sigmoid::token::reward,top_quartile_lift,0.986916215541712,0.4768096211429327,1.757718951980617,1.0486116434106416,1717,1717,283
null,all_alfworld,all,raw,D_sigmoid::token::unsigned,spearman,-0.0072276726203858695,-0.3593409331277374,0.44592893091043695,0.040626999624001035,1717,1717,283
null,all_alfworld,all,raw,D_sigmoid::token::unsigned,average_precision,0.2467765567765568,0.2522161172161172,0.8266711066711068,0.5249555462742479,1717,1717,283
null,all_alfworld,all,raw,D_sigmoid::token::unsigned,auroc_large_change_vs_rest,0.35384615384615387,0.25,0.7792207792207793,0.5178847942522472,1717,1717,283
null,all_alfworld,all,raw,D_sigmoid::token::unsigned,top_quartile_mean_absolute_delta,0.028244949494949496,0.016713815961167073,0.11140670289855073,0.05619288921570388,1717,1717,283
null,all_alfworld,all,raw,D_sigmoid::token::unsigned,top_quartile_lift,0.7191642709836507,0.3664367901062257,1.6697270527848331,0.9611418557162286,1717,1717,283
null,all_alfworld,all,raw,D_tauC_q25::token::reward,spearman,0.19101706211019798,-0.4131585162362496,0.45133990682848746,-0.00420370914874798,1717,1717,283
null,all_alfworld,all,raw,D_tauC_q25::token::reward,average_precision,0.3215741121623475,0.2383057138939492,0.8217231102231101,0.521007181375351,1717,1717,283
null,all_alfworld,all,raw,D_tauC_q25::token::reward,auroc_large_change_vs_rest,0.47692307692307695,0.2222222222222222,0.7698076923076919,0.4988293113499384,1717,1717,283
null,all_alfworld,all,raw,D_tauC_q25::token::reward,top_quartile_mean_absolute_delta,0.04977272727272727,0.02004526994744386,0.1034520348837209,0.055987355903878676,1717,1717,283
null,all_alfworld,all,raw,D_tauC_q25::token::reward,top_quartile_lift,1.2672979688053423,0.40263869712645417,1.6084122843089728,0.9662595391762511,1717,1717,283
null,all_alfworld,all,raw,D_tauC_q25::token::unsigned,spearman,0.06814662756363819,-0.42161189540239347,0.3942150863879636,-0.01848040268379113,1717,1717,283
null,all_alfworld,all,raw,D_tauC_q25::token::unsigned,average_precision,0.2502777777777777,0.23055555555555557,0.8260105431061311,0.5112763564905927,1717,1717,283
null,all_alfworld,all,raw,D_tauC_q25::token::unsigned,auroc_large_change_vs_rest,0.35384615384615387,0.23448773448773447,0.7562499999999993,0.48910239494106705,1717,1717,283
null,all_alfworld,all,raw,D_tauC_q25::token::unsigned,top_quartile_mean_absolute_delta,0.041923024891774886,0.020165147352647354,0.09646604634649225,0.05352088485410962,1717,1717,283
null,all_alfworld,all,raw,D_tauC_q25::token::unsigned,top_quartile_lift,1.067431246039714,0.41430425141032495,1.5111323932900345,0.927416873481582,1717,1717,283
null,all_alfworld,all,raw,D_tauC_q50::token::reward,spearman,0.11564276192617391,-0.4247298223363322,0.4249170803637812,-0.015379354256718165,1717,1717,283
null,all_alfworld,all,raw,D_tauC_q50::token::reward,average_precision,0.29579670329670327,0.23417353479853478,0.8329667962756196,0.5251347656242237,1717,1717,283
null,all_alfworld,all,raw,D_tauC_q50::token::reward,auroc_large_change_vs_rest,0.4307692307692308,0.23200549450549451,0.7662337662337663,0.4943555455883159,1717,1717,283
null,all_alfworld,all,raw,D_tauC_q50::token::reward,top_quartile_mean_absolute_delta,0.04947510822510822,0.026019770408163268,0.1132675620737891,0.06316311530300826,1717,1717,283
null,all_alfworld,all,raw,D_tauC_q50::token::reward,top_quartile_lift,1.2597200835820008,0.5379708737074115,1.7341042369290012,1.0917314209372542,1717,1717,283
null,all_alfworld,all,raw,D_tauC_q50::token::unsigned,spearman,0.08569954678457531,-0.4091576695487855,0.4252557343811036,0.0030753720842540437,1717,1717,283
null,all_alfworld,all,raw,D_tauC_q50::token::unsigned,average_precision,0.2648232323232323,0.2422156177156177,0.8441977870182996,0.5254953522920528,1717,1717,283
null,all_alfworld,all,raw,D_tauC_q50::token::unsigned,auroc_large_change_vs_rest,0.38461538461538464,0.23076923076923078,0.7875,0.5070305996788719,1717,1717,283
null,all_alfworld,all,raw,D_tauC_q50::token::unsigned,top_quartile_mean_absolute_delta,0.034978580447330446,0.022328441346553613,0.09942307692307692,0.056071882599546215,1717,1717,283
null,all_alfworld,all,raw,D_tauC_q50::token::unsigned,top_quartile_lift,0.8906139241617489,0.44442462058921584,1.6259382442900552,0.9745316733324423,1717,1717,283
null,all_alfworld,all,raw,D_tauC_q75::token::reward,spearman,0.12183790988650466,-0.44916134907682675,0.3915291345415053,-0.037749688058818245,1717,1717,283
null,all_alfworld,all,raw,D_tauC_q75::token::reward,average_precision,0.2682051282051282,0.2287701350936645,0.8204023627887264,0.5125481609578317,1717,1717,283
null,all_alfworld,all,raw,D_tauC_q75::token::reward,auroc_large_change_vs_rest,0.4153846153846154,0.22057629870129872,0.7638888888888888,0.48552352115373854,1717,1717,283
null,all_alfworld,all,raw,D_tauC_q75::token::reward,top_quartile_mean_absolute_delta,0.04431637806637806,0.0237094176818014,0.10357371904440912,0.05822224799547505,1717,1717,283
null,all_alfworld,all,raw,D_tauC_q75::token::reward,top_quartile_lift,1.128370073044084,0.4934341616847489,1.6300983285222952,1.009776416966227,1717,1717,283
null,all_alfworld,all,raw,D_tauC_q75::token::unsigned,spearman,0.1280330578468354,-0.41596143098180577,0.39880197895852054,-0.017753523327397755,1717,1717,283
null,all_alfworld,all,raw,D_tauC_q75::token::unsigned,average_precision,0.2612121212121212,0.2395561954385484,0.8233430054793689,0.5121510925956052,1717,1717,283
null,all_alfworld,all,raw,D_tauC_q75::token::unsigned,auroc_large_change_vs_rest,0.4,0.22207792207792207,0.7777777777777778,0.4970333949828223,1717,1717,283
null,all_alfworld,all,raw,D_tauC_q75::token::unsigned,top_quartile_mean_absolute_delta,0.026248421717171715,0.019575088699964948,0.09195553985435491,0.05033529100994753,1717,1717,283
null,all_alfworld,all,raw,D_tauC_q75::token::unsigned,top_quartile_lift,0.6683292909437356,0.35870405638881553,1.4958396196958437,0.8740617811551041,1717,1717,283
null,all_alfworld,all,raw,D_delta_q25::token::reward,spearman,0.18482191414986723,-0.24949615325352228,0.6005926083339689,0.16103611881728305,1717,1717,283
null,all_alfworld,all,raw,D_delta_q25::token::reward,average_precision,0.3088888888888889,0.27526495726495726,0.8535169189784572,0.5613311269411113,1717,1717,283
null,all_alfworld,all,raw,D_delta_q25::token::reward,auroc_large_change_vs_rest,0.49230769230769234,0.3325,0.8275213675213672,0.5803108700046188,1717,1717,283
null,all_alfworld,all,raw,D_delta_q25::token::reward,top_quartile_mean_absolute_delta,0.055996847355543014,0.03414533408060194,0.13653171836799513,0.07782133323773753,1717,1717,283
null,all_alfworld,all,raw,D_delta_q25::token::reward,top_quartile_lift,1.425774611954351,0.7488157269899391,2.050707254520544,1.341359450986584,1717,1717,283
null,all_alfworld,all,raw,D_delta_q25::token::unsigned,spearman,-0.02168301786115761,-0.2718779405411271,0.5443188095252391,0.12953238694633196,1717,1717,283
null,all_alfworld,all,raw,D_delta_q25::token::unsigned,average_precision,0.2893939393939394,0.25406162464985993,0.8234822187616306,0.5349569689644403,1717,1717,283
null,all_alfworld,all,raw,D_delta_q25::token::unsigned,auroc_large_change_vs_rest,0.47692307692307695,0.29987012987012984,0.7922077922077922,0.553414865969467,1717,1717,283
null,all_alfworld,all,raw,D_delta_q25::token::unsigned,top_quartile_mean_absolute_delta,0.01902619949494949,0.016745050963529226,0.10829968173481495,0.05367951324853583,1717,1717,283
null,all_alfworld,all,raw,D_delta_q25::token::unsigned,top_quartile_lift,0.48443927619065197,0.33772742753284396,1.6410915717156822,0.9209741170226607,1717,1717,283
null,all_alfworld,all,raw,D_delta_q50::token::reward,spearman,0.15900879764848913,-0.2153024980028476,0.5744596314700616,0.16685171315510627,1717,1717,283
null,all_alfworld,all,raw,D_delta_q50::token::reward,average_precision,0.3322222222222222,0.2878297682709447,0.8706338596044477,0.571790236844516,1717,1717,283
null,all_alfworld,all,raw,D_delta_q50::token::reward,auroc_large_change_vs_rest,0.5230769230769231,0.3375,0.8333333333333334,0.5823177471000709,1717,1717,283
null,all_alfworld,all,raw,D_delta_q50::token::reward,top_quartile_mean_absolute_delta,0.060282561641257296,0.039715888278388276,0.14153294728302593,0.082531334310281,1717,1717,283
null,all_alfworld,all,raw,D_delta_q50::token::reward,top_quartile_lift,1.5348961591704664,0.8174117974422452,2.128416712415469,1.4258843847678417,1717,1717,283
null,all_alfworld,all,raw,D_delta_q50::token::unsigned,spearman,0.04852865902259084,-0.2938872270848147,0.49630712979015473,0.10195058068332818,1717,1717,283
null,all_alfworld,all,raw,D_delta_q50::token::unsigned,average_precision,0.2724098124098124,0.2596804529892765,0.8214486179983916,0.529353155860795,1717,1717,283
null,all_alfworld,all,raw,D_delta_q50::token::unsigned,auroc_large_change_vs_rest,0.4307692307692308,0.2916666666666667,0.8,0.5457025797117526,1717,1717,283
null,all_alfworld,all,raw,D_delta_q50::token::unsigned,top_quartile_mean_absolute_delta,0.01902619949494949,0.016745050963529226,0.10829968173481495,0.05367951324853583,1717,1717,283
null,all_alfworld,all,raw,D_delta_q50::token::unsigned,top_quartile_lift,0.48443927619065197,0.33772742753284396,1.6410915717156822,0.9209741170226607,1717,1717,283
null,all_alfworld,all,raw,D_delta_q75::token::reward,spearman,0.11254518794600854,-0.31603053100068174,0.4989667669597717,0.08231016521144713,1717,1717,283
null,all_alfworld,all,raw,D_delta_q75::token::reward,average_precision,0.26129870129870125,0.24485238944062476,0.8415430863575916,0.5372680557876923,1717,1717,283
null,all_alfworld,all,raw,D_delta_q75::token::reward,auroc_large_change_vs_rest,0.38461538461538464,0.28732142857142856,0.8002469135802467,0.5395104382412672,1717,1717,283
null,all_alfworld,all,raw,D_delta_q75::token::reward,top_quartile_mean_absolute_delta,0.03003066378066378,0.017756643446852426,0.11029113429543137,0.05530849466341344,1717,1717,283
null,all_alfworld,all,raw,D_delta_q75::token::reward,top_quartile_lift,0.7646315823236988,0.37175777922565506,1.6507346931714568,0.9481417512333035,1717,1717,283
null,all_alfworld,all,raw,D_delta_q75::token::unsigned,spearman,-0.04749613436253571,-0.3208575758316176,0.49901888808314837,0.08591803844802352,1717,1717,283
null,all_alfworld,all,raw,D_delta_q75::token::unsigned,average_precision,0.27072829131652665,0.24940973106414285,0.8316504996167425,0.5279408226793658,1717,1717,283
null,all_alfworld,all,raw,D_delta_q75::token::unsigned,auroc_large_change_vs_rest,0.4153846153846154,0.2727272727272727,0.8,0.5368598887648587,1717,1717,283
null,all_alfworld,all,raw,D_delta_q75::token::unsigned,top_quartile_mean_absolute_delta,0.02319286616161616,0.015668560606060606,0.1027253764955377,0.04958054100499282,1717,1717,283
null,all_alfworld,all,raw,D_delta_q75::token::unsigned,top_quartile_lift,0.590529669317431,0.31622126586495763,1.5418568232038457,0.849837249352578,1717,1717,283
null,all_alfworld,all,raw,D_winsor::token::reward,spearman,0.19308211143030823,-0.2346435035090897,0.5952351888507729,0.1613896844857152,1717,1717,283
null,all_alfworld,all,raw,D_winsor::token::reward,average_precision,0.3088888888888889,0.27222222222222225,0.8526517072670918,0.5613743868790526,1717,1717,283
null,all_alfworld,all,raw,D_winsor::token::reward,auroc_large_change_vs_rest,0.49230769230769234,0.3333333333333333,0.8277777777777773,0.5808761874804876,1717,1717,283
null,all_alfworld,all,raw,D_winsor::token::reward,top_quartile_mean_absolute_delta,0.055996847355543014,0.03414533408060194,0.13653171836799513,0.07782133323773753,1717,1717,283
null,all_alfworld,all,raw,D_winsor::token::reward,top_quartile_lift,1.425774611954351,0.7488157269899391,2.050707254520544,1.341359450986584,1717,1717,283
null,all_alfworld,all,raw,D_winsor::token::unsigned,spearman,-0.05369128232286646,-0.2768606580768163,0.5371699276019859,0.1266287450505062,1717,1717,283
null,all_alfworld,all,raw,D_winsor::token::unsigned,average_precision,0.2846320346320346,0.2571220326514444,0.8236285810149446,0.5343291884311906,1717,1717,283
null,all_alfworld,all,raw,D_winsor::token::unsigned,auroc_large_change_vs_rest,0.46153846153846156,0.2987012987012987,0.7922077922077922,0.5522958061894676,1717,1717,283
null,all_alfworld,all,raw,D_winsor::token::unsigned,top_quartile_mean_absolute_delta,0.01902619949494949,0.016745050963529226,0.10829968173481495,0.05367951324853583,1717,1717,283
null,all_alfworld,all,raw,D_winsor::token::unsigned,top_quartile_lift,0.48443927619065197,0.33772742753284396,1.6410915717156822,0.9209741170226607,1717,1717,283
null,all_alfworld,all,raw,D_tanh::token::reward,spearman,0.2127000799713556,-0.2159111367257915,0.6050465049316216,0.17727961801459866,1717,1717,283
null,all_alfworld,all,raw,D_tanh::token::reward,average_precision,0.312156862745098,0.2754901960784314,0.8552791719341493,0.562536992096243,1717,1717,283
null,all_alfworld,all,raw,D_tanh::token::reward,auroc_large_change_vs_rest,0.5076923076923077,0.3376461038961039,0.8252160493827159,0.5861347299708782,1717,1717,283
null,all_alfworld,all,raw,D_tanh::token::reward,top_quartile_mean_absolute_delta,0.055996847355543014,0.03414533408060194,0.13653171836799513,0.07782133323773753,1717,1717,283
null,all_alfworld,all,raw,D_tanh::token::reward,top_quartile_lift,1.425774611954351,0.7488157269899391,2.050707254520544,1.341359450986584,1717,1717,283
null,all_alfworld,all,raw,D_tanh::token::unsigned,spearman,-0.10944761396584317,-0.3024518959783154,0.5363017613450163,0.11156638698414459,1717,1717,283
null,all_alfworld,all,raw,D_tanh::token::unsigned,average_precision,0.26927655677655676,0.2579828191960545,0.8211543174962291,0.5310321783233075,1717,1717,283
null,all_alfworld,all,raw,D_tanh::token::unsigned,auroc_large_change_vs_rest,0.4153846153846154,0.28875,0.7875,0.5430543243310182,1717,1717,283
null,all_alfworld,all,raw,D_tanh::token::unsigned,top_quartile_mean_absolute_delta,0.01902619949494949,0.016745050963529226,0.10829968173481495,0.05367951324853583,1717,1717,283
null,all_alfworld,all,raw,D_tanh::token::unsigned,top_quartile_lift,0.48443927619065197,0.33772742753284396,1.6410915717156822,0.9209741170226607,1717,1717,283
null,all_alfworld,all,raw,D_action_sign::token::reward,spearman,-0.21373260463141072,-0.4896531668457174,0.341879878273531,-0.09088782814526195,1717,1717,283
null,all_alfworld,all,raw,D_action_sign::token::reward,average_precision,0.2419047619047619,0.21378524743230626,0.7852169701213816,0.49244712455955114,1717,1717,283
null,all_alfworld,all,raw,D_action_sign::token::reward,auroc_large_change_vs_rest,0.3230769230769231,0.18433566433566437,0.7125,0.44916631369019255,1717,1717,283
null,all_alfworld,all,raw,D_action_sign::token::reward,top_quartile_mean_absolute_delta,0.023739299777435368,0.016589213272438258,0.10363572395811928,0.0499452259059504,1717,1717,283
null,all_alfworld,all,raw,D_action_sign::token::reward,top_quartile_lift,0.6044427950262183,0.33390387485672685,1.5756132440406692,0.8577222527888756,1717,1717,283
null,all_alfworld,all,raw,D_action_sign::token::unsigned,spearman,0.2973671020958758,-0.19137467774322142,0.6374402413135588,0.23535612481200463,1717,1717,283
null,all_alfworld,all,raw,D_action_sign::token::unsigned,average_precision,0.4482142857142858,0.29281942322383503,0.87265873015873,0.5815574641776203,1717,1717,283
null,all_alfworld,all,raw,D_action_sign::token::unsigned,auroc_large_change_vs_rest,0.6615384615384615,0.3625,0.8641975308641975,0.6199241729369375,1717,1717,283
null,all_alfworld,all,raw,D_action_sign::token::unsigned,top_quartile_mean_absolute_delta,0.04530844155844156,0.02210054347826087,0.11820127015638925,0.06216868778331173,1717,1717,283
null,all_alfworld,all,raw,D_action_sign::token::unsigned,top_quartile_lift,1.1536296904552221,0.4569129571528067,1.7552477481422244,1.0635312853406587,1717,1717,283
null,all_alfworld,all,raw,D_action_adv::token::reward,spearman,-0.011357771260606367,-0.44949041388843247,0.40607124522741506,-0.04009865348816237,1717,1717,283
null,all_alfworld,all,raw,D_action_adv::token::reward,average_precision,0.39382352941176474,0.2326744415715004,0.8027657903593731,0.5160112682999921,1717,1717,283
null,all_alfworld,all,raw,D_action_adv::token::reward,auroc_large_change_vs_rest,0.5846153846153846,0.23448773448773447,0.7698076923076919,0.4971854024355965,1717,1717,283
null,all_alfworld,all,raw,D_action_adv::token::reward,top_quartile_mean_absolute_delta,0.03680555555555556,0.015969078947368424,0.1094090909090909,0.055956591144108746,1717,1717,283
null,all_alfworld,all,raw,D_action_adv::token::reward,top_quartile_lift,0.9371318059532149,0.33905311937253185,1.66714264933802,0.9581212912693957,1717,1717,283
null,all_alfworld,all,raw,D_action_adv::token::unsigned,spearman,0.2973671020958758,-0.19137467774322142,0.6374402413135588,0.23535612481200463,1717,1717,283
null,all_alfworld,all,raw,D_action_adv::token::unsigned,average_precision,0.4482142857142858,0.29281942322383503,0.87265873015873,0.5815574641776203,1717,1717,283
null,all_alfworld,all,raw,D_action_adv::token::unsigned,auroc_large_change_vs_rest,0.6615384615384615,0.3625,0.8641975308641975,0.6199241729369375,1717,1717,283
null,all_alfworld,all,raw,D_action_adv::token::unsigned,top_quartile_mean_absolute_delta,0.04530844155844156,0.02210054347826087,0.11820127015638925,0.06216868778331173,1717,1717,283
null,all_alfworld,all,raw,D_action_adv::token::unsigned,top_quartile_lift,1.1536296904552221,0.4569129571528067,1.7552477481422244,1.0635312853406587,1717,1717,283
null,all_alfworld,all,raw,D_action_adv_clip::token::reward,spearman,-0.07950439882424457,-0.5015561757749063,0.3793482705149258,-0.07554656968547768,1717,1717,283
null,all_alfworld,all,raw,D_action_adv_clip::token::reward,average_precision,0.36888888888888893,0.22770588235294117,0.7943207671957669,0.50654201336767,1717,1717,283
null,all_alfworld,all,raw,D_action_adv_clip::token::reward,auroc_large_change_vs_rest,0.5384615384615384,0.20972222222222223,0.7530864197530864,0.4752562638652718,1717,1717,283
null,all_alfworld,all,raw,D_action_adv_clip::token::reward,top_quartile_mean_absolute_delta,0.031042568542568545,0.014787889453853011,0.10706965578317922,0.05204701205476187,1717,1717,283
null,all_alfworld,all,raw,D_action_adv_clip::token::reward,top_quartile_lift,0.7903963920830596,0.3284389406206017,1.5741862734551764,0.888679915047247,1717,1717,283
null,all_alfworld,all,raw,D_action_adv_clip::token::unsigned,spearman,0.2973671020958758,-0.19137467774322142,0.6374402413135588,0.23535612481200463,1717,1717,283
null,all_alfworld,all,raw,D_action_adv_clip::token::unsigned,average_precision,0.4482142857142858,0.29281942322383503,0.87265873015873,0.5815574641776203,1717,1717,283
null,all_alfworld,all,raw,D_action_adv_clip::token::unsigned,auroc_large_change_vs_rest,0.6615384615384615,0.3625,0.8641975308641975,0.6199241729369375,1717,1717,283
null,all_alfworld,all,raw,D_action_adv_clip::token::unsigned,top_quartile_mean_absolute_delta,0.04530844155844156,0.02210054347826087,0.11820127015638925,0.06216868778331173,1717,1717,283
null,all_alfworld,all,raw,D_action_adv_clip::token::unsigned,top_quartile_lift,1.1536296904552221,0.4569129571528067,1.7552477481422244,1.0635312853406587,1717,1717,283
null,all_alfworld,all,raw,D_ratio_adv::token::reward,spearman,-0.052658757662811334,-0.46645819083208817,0.3988845370971257,-0.06024373689252038,1717,1717,283
null,all_alfworld,all,raw,D_ratio_adv::token::reward,average_precision,0.273109243697479,0.23513309566250742,0.7883386613386614,0.5019102818590799,1717,1717,283
null,all_alfworld,all,raw,D_ratio_adv::token::reward,auroc_large_change_vs_rest,0.4153846153846154,0.2152747252747253,0.7530864197530864,0.4843475263636397,1717,1717,283
null,all_alfworld,all,raw,D_ratio_adv::token::reward,top_quartile_mean_absolute_delta,0.02866161616161616,0.014287055206698065,0.10200792866553735,0.04865411924533508,1717,1717,283
null,all_alfworld,all,raw,D_ratio_adv::token::reward,top_quartile_lift,0.7297733102963285,0.29402214972689283,1.5031598980144438,0.8307469788954425,1717,1717,283
null,all_alfworld,all,raw,D_ratio_adv::token::unsigned,spearman,0.09912236736529192,-0.22634581301643453,0.6003222311975083,0.1830603328375622,1717,1717,283
null,all_alfworld,all,raw,D_ratio_adv::token::unsigned,average_precision,0.36453781512605044,0.2856497641791759,0.8591035458472434,0.5656976658918448,1717,1717,283
null,all_alfworld,all,raw,D_ratio_adv::token::unsigned,auroc_large_change_vs_rest,0.5076923076923077,0.3333333333333333,0.8375,0.5847907691275483,1717,1717,283
null,all_alfworld,all,raw,D_ratio_adv::token::unsigned,top_quartile_mean_absolute_delta,0.03241161616161616,0.019966008047408067,0.11978089605407376,0.06053106843725606,1717,1717,283
null,all_alfworld,all,raw,D_ratio_adv::token::unsigned,top_quartile_lift,0.8252546641104297,0.41115391621096486,1.7394724164623834,1.0341982608334033,1717,1717,283
null,all_alfworld,all,raw,D_policy_action_adv::token::reward,spearman,-0.14248840308760716,-0.5512876418857321,0.3491691318620979,-0.12522853409749848,1717,1717,283
null,all_alfworld,all,raw,D_policy_action_adv::token::reward,average_precision,0.30784798534798535,0.23573850373482727,0.7821688464041405,0.4944731277717037,1717,1717,283
null,all_alfworld,all,raw,D_policy_action_adv::token::reward,auroc_large_change_vs_rest,0.47692307692307695,0.1947691197691198,0.7375,0.45899223671379563,1717,1717,283
null,all_alfworld,all,raw,D_policy_action_adv::token::reward,top_quartile_mean_absolute_delta,0.03609126984126984,0.013476190476190477,0.10851369902027795,0.05204231435363073,1717,1717,283
null,all_alfworld,all,raw,D_policy_action_adv::token::reward,top_quartile_lift,0.9189448814171955,0.28708154600895647,1.6456536147380538,0.8921112456944492,1717,1717,283
null,all_alfworld,all,raw,D_policy_action_adv::token::unsigned,spearman,-0.41507491334215996,-0.2729577381674089,0.5078847947517907,0.11038857712114311,1717,1717,283
null,all_alfworld,all,raw,D_policy_action_adv::token::unsigned,average_precision,0.24329670329670328,0.25366770647653003,0.8189239926739926,0.5207847947922852,1717,1717,283
null,all_alfworld,all,raw,D_policy_action_adv::token::unsigned,auroc_large_change_vs_rest,0.3384615384615385,0.2962962962962963,0.775,0.529395141535988,1717,1717,283
null,all_alfworld,all,raw,D_policy_action_adv::token::unsigned,top_quartile_mean_absolute_delta,0.011831155838041433,0.0164012224093232,0.1055059872922776,0.05073040019912874,1717,1717,283
null,all_alfworld,all,raw,D_policy_action_adv::token::unsigned,top_quartile_lift,0.3012412737604806,0.318446034079951,1.583271272076451,0.8736078242062819,1717,1717,283
null,all_alfworld,all,raw,D_reward_only::token::reward,spearman,0.1859504132231405,-0.3219684300487902,0.5004725057346163,0.07995369635888724,1717,1717,283
null,all_alfworld,all,raw,D_reward_only::token::reward,average_precision,0.317156862745098,0.25137867647058826,0.8256605716360613,0.5096514604097024,1717,1717,283
null,all_alfworld,all,raw,D_reward_only::token::reward,auroc_large_change_vs_rest,0.5076923076923077,0.26875,0.7875,0.5259468992803539,1717,1717,283
null,all_alfworld,all,raw,D_reward_only::token::reward,top_quartile_mean_absolute_delta,0.03841101694915254,0.01676587301587302,0.09596621538838518,0.04979491217510473,1717,1717,283
null,all_alfworld,all,raw,D_reward_only::token::reward,top_quartile_lift,0.9780095732483919,0.32726232048286885,1.4770642251335713,0.8575688909671271,1717,1717,283
null,all_alfworld,all,raw,D_reward_only::token::unsigned,spearman,,,,,0,1717,283
null,all_alfworld,all,raw,D_reward_only::token::unsigned,average_precision,0.2777777777777778,0.2222222222222222,0.6666666666666666,0.43988222351646933,1717,1717,283
null,all_alfworld,all,raw,D_reward_only::token::unsigned,auroc_large_change_vs_rest,0.5,0.5,0.5,0.5,1717,1717,283
null,all_alfworld,all,raw,D_reward_only::token::unsigned,top_quartile_mean_absolute_delta,0.03927468401109099,0.035669714646088264,0.0831052709560181,0.057881026017261646,1717,1717,283
null,all_alfworld,all,raw,D_reward_only::token::unsigned,top_quartile_lift,1.0,0.9999999999999998,1.0000000000000004,1.0,1717,1717,283
null,all_alfworld,all,raw,D_adv_negative_fraction::token::reward,spearman,0.23760330578512398,-0.16142756080498236,0.6382096675866258,0.26414392571289547,1717,1717,283
null,all_alfworld,all,raw,D_adv_negative_fraction::token::reward,average_precision,0.3346320346320346,0.3049741924741925,0.8728033330306055,0.5873197452192653,1717,1717,283
null,all_alfworld,all,raw,D_adv_negative_fraction::token::reward,auroc_large_change_vs_rest,0.5538461538461539,0.35714285714285715,0.8462606837606836,0.6073936019122633,1717,1717,283
null,all_alfworld,all,raw,D_adv_negative_fraction::token::reward,top_quartile_mean_absolute_delta,0.04964425897170462,0.03696195777906304,0.12354122807017544,0.07578366927337879,1717,1717,283
null,all_alfworld,all,raw,D_adv_negative_fraction::token::reward,top_quartile_lift,1.264026948190985,0.722159466359988,1.995465902744957,1.3184097959595757,1717,1717,283
null,all_alfworld,all,raw,D_adv_negative_fraction::token::unsigned,spearman,,,,,0,1717,283
null,all_alfworld,all,raw,D_adv_negative_fraction::token::unsigned,average_precision,0.2777777777777778,0.2222222222222222,0.6666666666666666,0.43988222351646933,1717,1717,283
null,all_alfworld,all,raw,D_adv_negative_fraction::token::unsigned,auroc_large_change_vs_rest,0.5,0.5,0.5,0.5,1717,1717,283
null,all_alfworld,all,raw,D_adv_negative_fraction::token::unsigned,top_quartile_mean_absolute_delta,0.03927468401109099,0.035669714646088264,0.0831052709560181,0.057881026017261646,1717,1717,283
null,all_alfworld,all,raw,D_adv_negative_fraction::token::unsigned,top_quartile_lift,1.0,0.9999999999999998,1.0000000000000004,1.0,1717,1717,283
null,all_alfworld,all,raw,C_raw::token::reward,spearman,-0.03613836310192935,-0.546075597727501,0.2868090298456303,-0.11412996659476182,1717,1717,283
null,all_alfworld,all,raw,C_raw::token::reward,average_precision,0.30761904761904757,0.23163958916900096,0.7606691837574189,0.4787803972182544,1717,1717,283
null,all_alfworld,all,raw,C_raw::token::reward,auroc_large_change_vs_rest,0.47692307692307695,0.18726851851851853,0.691358024691358,0.44078087677510125,1717,1717,283
null,all_alfworld,all,raw,C_raw::token::reward,top_quartile_mean_absolute_delta,0.03049435028248588,0.013529104477611941,0.08502495908346969,0.043755603126084466,1717,1717,283
null,all_alfworld,all,raw,C_raw::token::reward,top_quartile_lift,0.7764378263075118,0.2748504958297156,1.348028362032725,0.7529242072586438,1717,1717,283
null,all_alfworld,all,raw,C_raw::token::unsigned,spearman,0.2818792321950489,-0.3983255300889133,0.42554177220513095,0.03274540531057946,1717,1717,283
null,all_alfworld,all,raw,C_raw::token::unsigned,average_precision,0.46571428571428575,0.2552053093964859,0.7944234992948225,0.5210825180525221,1717,1717,283
null,all_alfworld,all,raw,C_raw::token::unsigned,auroc_large_change_vs_rest,0.7384615384615385,0.2613586413586414,0.7797602397602393,0.5232956478151586,1717,1717,283
null,all_alfworld,all,raw,C_raw::token::unsigned,top_quartile_mean_absolute_delta,0.03675530369078756,0.014666575531537782,0.09119468390804594,0.047456846075925214,1717,1717,283
null,all_alfworld,all,raw,C_raw::token::unsigned,top_quartile_lift,0.9358523083319532,0.2915520664496889,1.4122435754475318,0.8166515741990628,1717,1717,283
null,all_alfworld,all,raw,C_centered::token::reward,spearman,0.32627779257741923,-0.20137358115652412,0.6117312800974626,0.21768799660034324,1717,1717,283
null,all_alfworld,all,raw,C_centered::token::reward,average_precision,0.34415584415584416,0.3062049062049062,0.8593116605616603,0.5682250964645911,1717,1717,283
null,all_alfworld,all,raw,C_centered::token::reward,auroc_large_change_vs_rest,0.5692307692307692,0.3375,0.8311688311688312,0.5854318951072008,1717,1717,283
null,all_alfworld,all,raw,C_centered::token::reward,top_quartile_mean_absolute_delta,0.05202521135265701,0.034816585594811406,0.12066359456826205,0.07256909158212622,1717,1717,283
null,all_alfworld,all,raw,C_centered::token::reward,top_quartile_lift,1.324650029977716,0.6775568999419481,1.9248013297993611,1.2602730327724183,1717,1717,283
null,all_alfworld,all,raw,C_centered::token::unsigned,spearman,0.24780591841322983,-0.35597267808991495,0.5139618024858642,0.10090155961006393,1717,1717,283
null,all_alfworld,all,raw,C_centered::token::unsigned,average_precision,0.5524891774891775,0.25471007342330876,0.8255910518477362,0.5489838278297692,1717,1717,283
null,all_alfworld,all,raw,C_centered::token::unsigned,auroc_large_change_vs_rest,0.6615384615384615,0.2597402597402597,0.8,0.5339880188101408,1717,1717,283
null,all_alfworld,all,raw,C_centered::token::unsigned,top_quartile_mean_absolute_delta,0.04037698412698413,0.02274529284068758,0.11307330659536538,0.06294056373159904,1717,1717,283
null,all_alfworld,all,raw,C_centered::token::unsigned,top_quartile_lift,1.0280664286333112,0.48063195994656666,1.7458153388290714,1.0877052324668144,1717,1717,283
null,all_alfworld,all,raw,C_adv_centered::token::reward,spearman,0.09602479338512655,-0.36660318620803106,0.4764748211519641,0.05869174319367671,1717,1717,283
null,all_alfworld,all,raw,C_adv_centered::token::reward,average_precision,0.3055555555555555,0.24943404634581107,0.8146540616246498,0.5156567271725565,1717,1717,283
null,all_alfworld,all,raw,C_adv_centered::token::reward,auroc_large_change_vs_rest,0.46153846153846156,0.24969135802469136,0.7849038461538459,0.5136895345337881,1717,1717,283
null,all_alfworld,all,raw,C_adv_centered::token::reward,top_quartile_mean_absolute_delta,0.03659650082012028,0.018402343526847508,0.09604711174242424,0.05046084558964399,1717,1717,283
null,all_alfworld,all,raw,C_adv_centered::token::reward,top_quartile_lift,0.9318089181770526,0.3649187753529712,1.4832212131596827,0.8713070357867522,1717,1717,283
null,all_alfworld,all,raw,C_adv_centered::token::unsigned,spearman,0.24780591841322983,-0.35597267808991495,0.5139618024858642,0.10090155961006393,1717,1717,283
null,all_alfworld,all,raw,C_adv_centered::token::unsigned,average_precision,0.5524891774891775,0.25471007342330876,0.8255910518477362,0.5489838278297692,1717,1717,283
null,all_alfworld,all,raw,C_adv_centered::token::unsigned,auroc_large_change_vs_rest,0.6615384615384615,0.2597402597402597,0.8,0.5339880188101408,1717,1717,283
null,all_alfworld,all,raw,C_adv_centered::token::unsigned,top_quartile_mean_absolute_delta,0.04037698412698413,0.02274529284068758,0.11307330659536538,0.06294056373159904,1717,1717,283
null,all_alfworld,all,raw,C_adv_centered::token::unsigned,top_quartile_lift,1.0280664286333112,0.48063195994656666,1.7458153388290714,1.0877052324668144,1717,1717,283
null,all_alfworld,all,raw,M_delta_raw::token::magnitude,spearman,0.09499226872507142,-0.4182572574243077,0.3853666635534342,-0.0036085875740071434,1717,1717,283
null,all_alfworld,all,raw,M_delta_raw::token::magnitude,average_precision,0.41010101010101013,0.2606464646464646,0.8248927335290969,0.5344744769929215,1717,1717,283
null,all_alfworld,all,raw,M_delta_raw::token::magnitude,auroc_large_change_vs_rest,0.5230769230769231,0.25,0.775,0.5175618943151947,1717,1717,283
null,all_alfworld,all,raw,M_delta_raw::token::magnitude,top_quartile_mean_absolute_delta,0.04223143598143598,0.02516460345138342,0.11664549807076978,0.06410400485479342,1717,1717,283
null,all_alfworld,all,raw,M_delta_raw::token::magnitude,top_quartile_lift,1.0752839149389468,0.5270516603518338,1.7503976555972234,1.10442670764558,1717,1717,283
null,all_alfworld,all,raw,M_delta_centered::token::magnitude,spearman,0.0030975739801653726,-0.5154553810244394,0.31302327893594695,-0.0982456676416189,1717,1717,283
null,all_alfworld,all,raw,M_delta_centered::token::magnitude,average_precision,0.45174603174603173,0.24297306315688666,0.7971281056801413,0.520809035802056,1717,1717,283
null,all_alfworld,all,raw,M_delta_centered::token::magnitude,auroc_large_change_vs_rest,0.4307692307692308,0.21483380816714154,0.7386413586413585,0.4735633108218529,1717,1717,283
null,all_alfworld,all,raw,M_delta_centered::token::magnitude,top_quartile_mean_absolute_delta,0.04231981981981982,0.015110926336536094,0.09848519163763063,0.050230710388211745,1717,1717,283
null,all_alfworld,all,raw,M_delta_centered::token::magnitude,top_quartile_lift,1.0775343172173937,0.30445228241697464,1.4721005577183564,0.8621714385301409,1717,1717,283
null,all_alfworld,all,raw,M_original_norm::token::magnitude,spearman,-0.21373260463141072,-0.6038138218236936,0.25761581953016377,-0.19373333209355267,1717,1717,283
null,all_alfworld,all,raw,M_original_norm::token::magnitude,average_precision,0.2280298786181139,0.22724124405006757,0.7683992673992673,0.4811954506823981,1717,1717,283
null,all_alfworld,all,raw,M_original_norm::token::magnitude,auroc_large_change_vs_rest,0.27692307692307694,0.16861471861471863,0.6875,0.4293679480172394,1717,1717,283
null,all_alfworld,all,raw,M_original_norm::token::magnitude,top_quartile_mean_absolute_delta,0.026856060606060606,0.008583333333333335,0.09638198017914998,0.04312001673231881,1717,1717,283
null,all_alfworld,all,raw,M_original_norm::token::magnitude,top_quartile_lift,0.6838008066080576,0.19118499737853625,1.4169257625468996,0.733970144159898,1717,1717,283
null,all_alfworld,all,raw,M_control_norm::token::magnitude,spearman,-0.18791948813003262,-0.6737402159304033,0.15097091633891718,-0.2774026111069619,1717,1717,283
null,all_alfworld,all,raw,M_control_norm::token::magnitude,average_precision,0.2412121212121212,0.2074141414141414,0.6894621822028238,0.44768618255051,1717,1717,283
null,all_alfworld,all,raw,M_control_norm::token::magnitude,auroc_large_change_vs_rest,0.3230769230769231,0.14285714285714285,0.6494155844155843,0.39266741539843847,1717,1717,283
null,all_alfworld,all,raw,M_control_norm::token::magnitude,top_quartile_mean_absolute_delta,0.021805555555555557,0.00566919191919192,0.09006919740887132,0.037331822524189984,1717,1717,283
null,all_alfworld,all,raw,M_control_norm::token::magnitude,top_quartile_lift,0.5552063906968103,0.11027477126290736,1.3441726344033103,0.6356065096308634,1717,1717,283
null,all_alfworld,all,raw,M_kl::token::magnitude,spearman,-0.27361903491460793,-0.34317675646696777,0.49878687024923657,0.06809861681048719,1717,1717,283
null,all_alfworld,all,raw,M_kl::token::magnitude,average_precision,0.278482905982906,0.23824786324786323,0.8051151878424605,0.5135492712915075,1717,1717,283
null,all_alfworld,all,raw,M_kl::token::magnitude,auroc_large_change_vs_rest,0.4307692307692308,0.2638888888888889,0.7698076923076919,0.5124418655953795,1717,1717,283
null,all_alfworld,all,raw,M_kl::token::magnitude,top_quartile_mean_absolute_delta,0.026596500820120283,0.016170812387037298,0.10652324893020844,0.05225709333012587,1717,1717,283
null,all_alfworld,all,raw,M_kl::token::magnitude,top_quartile_lift,0.6771919746727829,0.33010975450770774,1.6154663462946586,0.8941973038350861,1717,1717,283
null,all_alfworld,all,raw,M_js::token::magnitude,spearman,-0.2756840842347182,-0.34732610713563095,0.4978833910785807,0.06551232226187266,1717,1717,283
null,all_alfworld,all,raw,M_js::token::magnitude,average_precision,0.28075396825396826,0.24645923058423058,0.8245226224392891,0.5199286819533215,1717,1717,283
null,all_alfworld,all,raw,M_js::token::magnitude,auroc_large_change_vs_rest,0.4,0.2638888888888889,0.7777777777777778,0.5116652612345196,1717,1717,283
null,all_alfworld,all,raw,M_js::token::magnitude,top_quartile_mean_absolute_delta,0.027716572504708097,0.017394229484867636,0.11024062742812739,0.0540043671253572,1717,1717,283
null,all_alfworld,all,raw,M_js::token::magnitude,top_quartile_lift,0.7057108975563257,0.35875583827623253,1.6651068777323779,0.9237722097700837,1717,1717,283
null,all_alfworld,all,raw,M_action_abs::token::magnitude,spearman,-0.023748067181267856,-0.2606385409405756,0.5548799620133786,0.14787169497534758,1717,1717,283
null,all_alfworld,all,raw,M_action_abs::token::magnitude,average_precision,0.4022222222222222,0.2662981000481001,0.8328008438447996,0.5450337465671574,1717,1717,283
null,all_alfworld,all,raw,M_action_abs::token::magnitude,auroc_large_change_vs_rest,0.5692307692307692,0.3194444444444444,0.8055555555555556,0.5638042305631124,1717,1717,283
null,all_alfworld,all,raw,M_action_abs::token::magnitude,top_quartile_mean_absolute_delta,0.0371702307083663,0.020885919813805397,0.11262749367265579,0.0594018655944966,1717,1717,283
null,all_alfworld,all,raw,M_action_abs::token::magnitude,top_quartile_lift,0.9464170532312773,0.43866876044012504,1.690131226795363,1.0175684131836034,1717,1717,283
null,all_alfworld,all,raw,D_original::decision::reward,spearman,0.15074860036804813,-0.23106910759097266,0.5749743148690465,0.19215070668176662,1717,1717,283
null,all_alfworld,all,raw,D_original::decision::reward,average_precision,0.3303603259485613,0.30383583736524916,0.8711748699479791,0.5798640042112253,1717,1717,283
null,all_alfworld,all,raw,D_original::decision::reward,auroc_large_change_vs_rest,0.5230769230769231,0.3246753246753247,0.8443556443556441,0.5832812713685359,1717,1717,283
null,all_alfworld,all,raw,D_original::decision::reward,top_quartile_mean_absolute_delta,0.04964425897170462,0.03696195777906304,0.12354122807017544,0.07578366927337879,1717,1717,283
null,all_alfworld,all,raw,D_original::decision::reward,top_quartile_lift,1.264026948190985,0.722159466359988,1.995465902744957,1.3184097959595757,1717,1717,283
null,all_alfworld,all,raw,D_original::decision::unsigned,spearman,-0.1280330578468354,-0.46187571518612525,0.4292159928085371,-0.021892477224950788,1717,1717,283
null,all_alfworld,all,raw,D_original::decision::unsigned,average_precision,0.2283473389355742,0.242120232708468,0.8128661616161613,0.5113678643740831,1717,1717,283
null,all_alfworld,all,raw,D_original::decision::unsigned,auroc_large_change_vs_rest,0.27692307692307694,0.20833333333333334,0.7662337662337663,0.48279984138433957,1717,1717,283
null,all_alfworld,all,raw,D_original::decision::unsigned,top_quartile_mean_absolute_delta,0.029026199494949494,0.019658493373188375,0.09499210488572189,0.05188326550805396,1717,1717,283
null,all_alfworld,all,raw,D_original::decision::unsigned,top_quartile_lift,0.7390562196949217,0.3975699605923145,1.5158892018884043,0.8980838489743268,1717,1717,283
null,all_alfworld,all,raw,D_centered_gate::decision::reward,spearman,0.15074860036804813,-0.23106910759097266,0.5749743148690465,0.19215070668176662,1717,1717,283
null,all_alfworld,all,raw,D_centered_gate::decision::reward,average_precision,0.3303603259485613,0.30383583736524916,0.8711748699479791,0.5798640042112253,1717,1717,283
null,all_alfworld,all,raw,D_centered_gate::decision::reward,auroc_large_change_vs_rest,0.5230769230769231,0.3246753246753247,0.8443556443556441,0.5832812713685359,1717,1717,283
null,all_alfworld,all,raw,D_centered_gate::decision::reward,top_quartile_mean_absolute_delta,0.04964425897170462,0.03696195777906304,0.12354122807017544,0.07578366927337879,1717,1717,283
null,all_alfworld,all,raw,D_centered_gate::decision::reward,top_quartile_lift,1.264026948190985,0.722159466359988,1.995465902744957,1.3184097959595757,1717,1717,283
null,all_alfworld,all,raw,D_centered_gate::decision::unsigned,spearman,-0.1280330578468354,-0.46187571518612525,0.4292159928085371,-0.021892477224950788,1717,1717,283
null,all_alfworld,all,raw,D_centered_gate::decision::unsigned,average_precision,0.2283473389355742,0.242120232708468,0.8128661616161613,0.5113678643740831,1717,1717,283
null,all_alfworld,all,raw,D_centered_gate::decision::unsigned,auroc_large_change_vs_rest,0.27692307692307694,0.20833333333333334,0.7662337662337663,0.48279984138433957,1717,1717,283
null,all_alfworld,all,raw,D_centered_gate::decision::unsigned,top_quartile_mean_absolute_delta,0.029026199494949494,0.019658493373188375,0.09499210488572189,0.05188326550805396,1717,1717,283
null,all_alfworld,all,raw,D_centered_gate::decision::unsigned,top_quartile_lift,0.7390562196949217,0.3975699605923145,1.5158892018884043,0.8980838489743268,1717,1717,283
null,all_alfworld,all,raw,D_ungated::decision::reward,spearman,-0.02478059184132298,-0.22138667148751212,0.6061392277757746,0.18606462359530843,1717,1717,283
null,all_alfworld,all,raw,D_ungated::decision::reward,average_precision,0.3087868993751347,0.30797225650166826,0.877018315018315,0.5785872600988927,1717,1717,283
null,all_alfworld,all,raw,D_ungated::decision::reward,auroc_large_change_vs_rest,0.4307692307692308,0.33766233766233766,0.8441558441558441,0.5895962735144448,1717,1717,283
null,all_alfworld,all,raw,D_ungated::decision::reward,top_quartile_mean_absolute_delta,0.05896060656930222,0.036672182223906356,0.14390886193186953,0.08186871143150895,1717,1717,283
null,all_alfworld,all,raw,D_ungated::decision::reward,top_quartile_lift,1.5012369431833497,0.7780289236011723,2.1076174933182146,1.4113174988648443,1717,1717,283
null,all_alfworld,all,raw,D_ungated::decision::unsigned,spearman,-0.08156944814435481,-0.2702563564709169,0.5745573006341609,0.1522780610642535,1717,1717,283
null,all_alfworld,all,raw,D_ungated::decision::unsigned,average_precision,0.28596638655462187,0.27774743230625587,0.8463024126794179,0.5508720124100345,1717,1717,283
null,all_alfworld,all,raw,D_ungated::decision::unsigned,auroc_large_change_vs_rest,0.4307692307692308,0.3116883116883117,0.8307692307692308,0.5710167251821785,1717,1717,283
null,all_alfworld,all,raw,D_ungated::decision::unsigned,top_quartile_mean_absolute_delta,0.021989958708708707,0.019745936355311352,0.11314973669191934,0.05772689144230724,1717,1717,283
null,all_alfworld,all,raw,D_ungated::decision::unsigned,top_quartile_lift,0.5599016074196508,0.40149861344144944,1.7330040979321393,0.9909321649009206,1717,1717,283
null,all_alfworld,all,raw,D_signed::decision::reward,spearman,0.20237483337080434,-0.24598312312638065,0.5943600452669885,0.15791319993698344,1717,1717,283
null,all_alfworld,all,raw,D_signed::decision::reward,average_precision,0.322156862745098,0.28296568627450985,0.8583556204144438,0.5676804152837175,1717,1717,283
null,all_alfworld,all,raw,D_signed::decision::reward,auroc_large_change_vs_rest,0.5230769230769231,0.32496753246753246,0.8308091908091908,0.5812461593426456,1717,1717,283
null,all_alfworld,all,raw,D_signed::decision::reward,top_quartile_mean_absolute_delta,0.055996847355543014,0.03414533408060194,0.13653171836799513,0.07782133323773753,1717,1717,283
null,all_alfworld,all,raw,D_signed::decision::reward,top_quartile_lift,1.425774611954351,0.7488157269899391,2.050707254520544,1.341359450986584,1717,1717,283
null,all_alfworld,all,raw,D_signed::decision::unsigned,spearman,-0.04439856038237034,-0.3258600526974011,0.5126835684386085,0.09781224671600382,1717,1717,283
null,all_alfworld,all,raw,D_signed::decision::unsigned,average_precision,0.2782051282051282,0.255982905982906,0.823658508158508,0.5316557966052761,1717,1717,283
null,all_alfworld,all,raw,D_signed::decision::unsigned,auroc_large_change_vs_rest,0.4461538461538462,0.2777777777777778,0.7916666666666666,0.5437793461077775,1717,1717,283
null,all_alfworld,all,raw,D_signed::decision::unsigned,top_quartile_mean_absolute_delta,0.01902619949494949,0.016745050963529226,0.10829968173481495,0.05367951324853583,1717,1717,283
null,all_alfworld,all,raw,D_signed::decision::unsigned,top_quartile_lift,0.48443927619065197,0.33772742753284396,1.6410915717156822,0.9209741170226607,1717,1717,283
null,all_alfworld,all,raw,D_signed_gate::decision::reward,spearman,0.2509034923933952,-0.348065667719598,0.49047285178101674,0.05275015314535876,1717,1717,283
null,all_alfworld,all,raw,D_signed_gate::decision::reward,average_precision,0.3279761904761905,0.254134517443341,0.8369488536155202,0.5371157632466997,1717,1717,283
null,all_alfworld,all,raw,D_signed_gate::decision::reward,auroc_large_change_vs_rest,0.5076923076923077,0.25,0.7916666666666666,0.525531883298579,1717,1717,283
null,all_alfworld,all,raw,D_signed_gate::decision::reward,top_quartile_mean_absolute_delta,0.04501082251082251,0.020871678743961352,0.09974999999999998,0.05580904078570444,1717,1717,283
null,all_alfworld,all,raw,D_signed_gate::decision::reward,top_quartile_lift,1.1460518052318804,0.4148598320157484,1.5733765985839547,0.9664633662116042,1717,1717,283
null,all_alfworld,all,raw,D_signed_gate::decision::unsigned,spearman,-0.058853905623142085,-0.4662855471202496,0.3386474757133088,-0.06482442339913859,1717,1717,283
null,all_alfworld,all,raw,D_signed_gate::decision::unsigned,average_precision,0.24313492063492062,0.2238255763843999,0.8070895308395307,0.5045682226365176,1717,1717,283
null,all_alfworld,all,raw,D_signed_gate::decision::unsigned,auroc_large_change_vs_rest,0.3230769230769231,0.20972222222222223,0.7402597402597403,0.47050615484050745,1717,1717,283
null,all_alfworld,all,raw,D_signed_gate::decision::unsigned,top_quartile_mean_absolute_delta,0.034978580447330446,0.022328441346553613,0.09942307692307692,0.056071882599546215,1717,1717,283
null,all_alfworld,all,raw,D_signed_gate::decision::unsigned,top_quartile_lift,0.8906139241617489,0.44442462058921584,1.6259382442900552,0.9745316733324423,1717,1717,283
null,all_alfworld,all,raw,D_sign_balance::decision::reward,spearman,0.21579765395152095,-0.21764734415567308,0.6149878192274367,0.18405828338398178,1717,1717,283
null,all_alfworld,all,raw,D_sign_balance::decision::reward,average_precision,0.32999999999999996,0.2887767094017094,0.8562349379016043,0.5705338536643357,1717,1717,283
null,all_alfworld,all,raw,D_sign_balance::decision::reward,auroc_large_change_vs_rest,0.5538461538461539,0.3383816183816184,0.8275213675213672,0.591360367946225,1717,1717,283
null,all_alfworld,all,raw,D_sign_balance::decision::reward,top_quartile_mean_absolute_delta,0.055996847355543014,0.03414533408060194,0.13653171836799513,0.07782133323773753,1717,1717,283
null,all_alfworld,all,raw,D_sign_balance::decision::reward,top_quartile_lift,1.425774611954351,0.7488157269899391,2.050707254520544,1.341359450986584,1717,1717,283
null,all_alfworld,all,raw,D_sign_balance::decision::unsigned,spearman,-0.1528136496881584,-0.3417764118125481,0.5056039449176642,0.07098698140070558,1717,1717,283
null,all_alfworld,all,raw,D_sign_balance::decision::unsigned,average_precision,0.2612044817927171,0.25032156623333096,0.8183808919838328,0.5253734171984898,1717,1717,283
null,all_alfworld,all,raw,D_sign_balance::decision::unsigned,auroc_large_change_vs_rest,0.38461538461538464,0.2625,0.7875,0.5302371711709705,1717,1717,283
null,all_alfworld,all,raw,D_sign_balance::decision::unsigned,top_quartile_mean_absolute_delta,0.01902619949494949,0.016745050963529226,0.10829968173481495,0.05367951324853583,1717,1717,283
null,all_alfworld,all,raw,D_sign_balance::decision::unsigned,top_quartile_lift,0.48443927619065197,0.33772742753284396,1.6410915717156822,0.9209741170226607,1717,1717,283
null,all_alfworld,all,raw,D_negative_fraction::decision::reward,spearman,-0.1104801386258983,-0.30754159000994025,0.5796923226051822,0.13526100913193542,1717,1717,283
null,all_alfworld,all,raw,D_negative_fraction::decision::reward,average_precision,0.3388235294117647,0.2837619047619048,0.8738046802054154,0.5674633550055214,1717,1717,283
null,all_alfworld,all,raw,D_negative_fraction::decision::reward,auroc_large_change_vs_rest,0.49230769230769234,0.30864197530864196,0.8437905844155844,0.5710589034555255,1717,1717,283
null,all_alfworld,all,raw,D_negative_fraction::decision::reward,top_quartile_mean_absolute_delta,0.05818840579710145,0.03450490196078432,0.1411295199898141,0.08093518804501894,1717,1717,283
null,all_alfworld,all,raw,D_negative_fraction::decision::reward,top_quartile_lift,1.48157540314441,0.7366074402108811,2.1092422160917055,1.3922859390024223,1717,1717,283
null,all_alfworld,all,raw,D_negative_fraction::decision::unsigned,spearman,-0.3035622500562065,-0.36764712257714294,0.5119438879250916,0.07112315037128925,1717,1717,283
null,all_alfworld,all,raw,D_negative_fraction::decision::unsigned,average_precision,0.26164404223227755,0.27029007756948936,0.8323569613030396,0.5374681220688562,1717,1717,283
null,all_alfworld,all,raw,D_negative_fraction::decision::unsigned,auroc_large_change_vs_rest,0.35384615384615387,0.26375000000000004,0.8062499999999994,0.5372985343136769,1717,1717,283
null,all_alfworld,all,raw,D_negative_fraction::decision::unsigned,top_quartile_mean_absolute_delta,0.021989958708708707,0.019745936355311352,0.11314973669191934,0.05772689144230724,1717,1717,283
null,all_alfworld,all,raw,D_negative_fraction::decision::unsigned,top_quartile_lift,0.5599016074196508,0.40149861344144944,1.7330040979321393,0.9909321649009206,1717,1717,283
null,all_alfworld,all,raw,D_adv::decision::reward,spearman,0.04956118368264596,-0.4286071811316786,0.44221651220398084,-0.017670230033322114,1717,1717,283
null,all_alfworld,all,raw,D_adv::decision::reward,average_precision,0.25928104575163397,0.2569173065496595,0.830612820594438,0.5276812587022421,1717,1717,283
null,all_alfworld,all,raw,D_adv::decision::reward,auroc_large_change_vs_rest,0.3076923076923077,0.2373611111111111,0.78125,0.5003722241164,1717,1717,283
null,all_alfworld,all,raw,D_adv::decision::reward,top_quartile_mean_absolute_delta,0.05610507246376811,0.029390168654874538,0.1280988848108413,0.07036653583646256,1717,1717,283
null,all_alfworld,all,raw,D_adv::decision::reward,top_quartile_lift,1.4285302065810204,0.6173339012078881,1.923217051848684,1.2088811210896147,1717,1717,283
null,all_alfworld,all,raw,D_adv::decision::unsigned,spearman,-0.04439856038237034,-0.3258600526974011,0.5126835684386085,0.09781224671600382,1717,1717,283
null,all_alfworld,all,raw,D_adv::decision::unsigned,average_precision,0.2782051282051282,0.255982905982906,0.823658508158508,0.5316557966052761,1717,1717,283
null,all_alfworld,all,raw,D_adv::decision::unsigned,auroc_large_change_vs_rest,0.4461538461538462,0.2777777777777778,0.7916666666666666,0.5437793461077775,1717,1717,283
null,all_alfworld,all,raw,D_adv::decision::unsigned,top_quartile_mean_absolute_delta,0.01902619949494949,0.016745050963529226,0.10829968173481495,0.05367951324853583,1717,1717,283
null,all_alfworld,all,raw,D_adv::decision::unsigned,top_quartile_lift,0.48443927619065197,0.33772742753284396,1.6410915717156822,0.9209741170226607,1717,1717,283
null,all_alfworld,all,raw,D_adv_gate::decision::reward,spearman,-0.21373260463141072,-0.6398613149253484,0.2618932042298143,-0.20459536638208142,1717,1717,283
null,all_alfworld,all,raw,D_adv_gate::decision::reward,average_precision,0.24555555555555558,0.22340654443595623,0.7678398969055076,0.4760051479498738,1717,1717,283
null,all_alfworld,all,raw,D_adv_gate::decision::reward,auroc_large_change_vs_rest,0.24615384615384617,0.1527777777777778,0.6944444444444444,0.4135878938393014,1717,1717,283
null,all_alfworld,all,raw,D_adv_gate::decision::reward,top_quartile_mean_absolute_delta,0.039058441558441556,0.015541619924925573,0.1054286963036963,0.053869326853882536,1717,1717,283
null,all_alfworld,all,raw,D_adv_gate::decision::reward,top_quartile_lift,0.9944941007650534,0.33124341798903084,1.662830383208408,0.9231397616496385,1717,1717,283
null,all_alfworld,all,raw,D_adv_gate::decision::unsigned,spearman,-0.058853905623142085,-0.4662855471202496,0.3386474757133088,-0.06482442339913859,1717,1717,283
null,all_alfworld,all,raw,D_adv_gate::decision::unsigned,average_precision,0.24313492063492062,0.2238255763843999,0.8070895308395307,0.5045682226365176,1717,1717,283
null,all_alfworld,all,raw,D_adv_gate::decision::unsigned,auroc_large_change_vs_rest,0.3230769230769231,0.20972222222222223,0.7402597402597403,0.47050615484050745,1717,1717,283
null,all_alfworld,all,raw,D_adv_gate::decision::unsigned,top_quartile_mean_absolute_delta,0.034978580447330446,0.022328441346553613,0.09942307692307692,0.056071882599546215,1717,1717,283
null,all_alfworld,all,raw,D_adv_gate::decision::unsigned,top_quartile_lift,0.8906139241617489,0.44442462058921584,1.6259382442900552,0.9745316733324423,1717,1717,283
null,all_alfworld,all,raw,D_sqrtadv::decision::reward,spearman,0.16210637162865452,-0.2984459741242844,0.5201583922824857,0.08760577148585262,1717,1717,283
null,all_alfworld,all,raw,D_sqrtadv::decision::reward,average_precision,0.29676767676767674,0.282625,0.8459355047804245,0.5583900316679647,1717,1717,283
null,all_alfworld,all,raw,D_sqrtadv::decision::reward,auroc_large_change_vs_rest,0.4153846153846154,0.3,0.8127314814814812,0.5468454126979171,1717,1717,283
null,all_alfworld,all,raw,D_sqrtadv::decision::reward,top_quartile_mean_absolute_delta,0.05372412008281573,0.030799172601591953,0.13155688854489161,0.07358111352771513,1717,1717,283
null,all_alfworld,all,raw,D_sqrtadv::decision::reward,top_quartile_lift,1.3679071247942893,0.667866860301508,1.9976200064505594,1.267017884276772,1717,1717,283
null,all_alfworld,all,raw,D_sqrtadv::decision::unsigned,spearman,-0.04439856038237034,-0.3258600526974011,0.5126835684386085,0.09781224671600382,1717,1717,283
null,all_alfworld,all,raw,D_sqrtadv::decision::unsigned,average_precision,0.2782051282051282,0.255982905982906,0.823658508158508,0.5316557966052761,1717,1717,283
null,all_alfworld,all,raw,D_sqrtadv::decision::unsigned,auroc_large_change_vs_rest,0.4461538461538462,0.2777777777777778,0.7916666666666666,0.5437793461077775,1717,1717,283
null,all_alfworld,all,raw,D_sqrtadv::decision::unsigned,top_quartile_mean_absolute_delta,0.01902619949494949,0.016745050963529226,0.10829968173481495,0.05367951324853583,1717,1717,283
null,all_alfworld,all,raw,D_sqrtadv::decision::unsigned,top_quartile_lift,0.48443927619065197,0.33772742753284396,1.6410915717156822,0.9209741170226607,1717,1717,283
null,all_alfworld,all,raw,D_work::decision::reward,spearman,-0.06917915222369332,-0.49266685892749945,0.40951278555602577,-0.05818205711195164,1717,1717,283
null,all_alfworld,all,raw,D_work::decision::reward,average_precision,0.3005555555555556,0.23162698412698413,0.79153391053391,0.5020222918036965,1717,1717,283
null,all_alfworld,all,raw,D_work::decision::reward,auroc_large_change_vs_rest,0.4461538461538462,0.20701298701298707,0.7503086419753083,0.4767957248482874,1717,1717,283
null,all_alfworld,all,raw,D_work::decision::reward,top_quartile_mean_absolute_delta,0.03251984126984127,0.013319444444444445,0.10938048245614035,0.05124659007156527,1717,1717,283
null,all_alfworld,all,raw,D_work::decision::reward,top_quartile_lift,0.8280102587370992,0.27380295559951306,1.6023522213946133,0.8735963574881384,1717,1717,283
null,all_alfworld,all,raw,D_work::decision::unsigned,spearman,0.057821380963086956,-0.18537642023871767,0.60871981399211,0.20246007368119084,1717,1717,283
null,all_alfworld,all,raw,D_work::decision::unsigned,average_precision,0.39880952380952384,0.3282539682539682,0.8614285714285713,0.5857435415261413,1717,1717,283
null,all_alfworld,all,raw,D_work::decision::unsigned,auroc_large_change_vs_rest,0.5692307692307692,0.35384615384615387,0.8308091908091908,0.5931372808957258,1717,1717,283
null,all_alfworld,all,raw,D_work::decision::unsigned,top_quartile_mean_absolute_delta,0.04797759230503796,0.03652673666489457,0.13493033720665287,0.07855395641410036,1717,1717,283
null,all_alfworld,all,raw,D_work::decision::unsigned,top_quartile_lift,1.2215907909402735,0.7422414890782055,2.0723293755518353,1.3596111251788678,1717,1717,283
null,all_alfworld,all,raw,D_work_gate::decision::reward,spearman,-0.17243161822920575,-0.6367509817570908,0.25675815938808516,-0.20285197960272955,1717,1717,283
null,all_alfworld,all,raw,D_work_gate::decision::reward,average_precision,0.25477633477633477,0.22021589521589524,0.7685336027608756,0.4751194366939404,1717,1717,283
null,all_alfworld,all,raw,D_work_gate::decision::reward,auroc_large_change_vs_rest,0.2923076923076923,0.14981481481481482,0.6944444444444444,0.4129485361090875,1717,1717,283
null,all_alfworld,all,raw,D_work_gate::decision::reward,top_quartile_mean_absolute_delta,0.03609126984126984,0.013476190476190477,0.10851369902027795,0.05204231435363073,1717,1717,283
null,all_alfworld,all,raw,D_work_gate::decision::reward,top_quartile_lift,0.9189448814171955,0.28708154600895647,1.6456536147380538,0.8921112456944492,1717,1717,283
null,all_alfworld,all,raw,D_work_gate::decision::unsigned,spearman,0.10738256464573293,-0.31540915444303536,0.503409359530542,0.07821019287746378,1717,1717,283
null,all_alfworld,all,raw,D_work_gate::decision::unsigned,average_precision,0.4298412698412698,0.24864713064713065,0.8152463760986488,0.5417707563094694,1717,1717,283
null,all_alfworld,all,raw,D_work_gate::decision::unsigned,auroc_large_change_vs_rest,0.46153846153846156,0.2855379188712522,0.7857142857142857,0.53046126723568,1717,1717,283
null,all_alfworld,all,raw,D_work_gate::decision::unsigned,top_quartile_mean_absolute_delta,0.03131696428571429,0.01282987451737452,0.10414178475033735,0.05055552890351788,1717,1717,283
null,all_alfworld,all,raw,D_work_gate::decision::unsigned,top_quartile_lift,0.7973829726260947,0.2687106465684931,1.6114973320947847,0.8678884653969619,1717,1717,283
null,all_alfworld,all,raw,D_cos_raw::decision::reward,spearman,0.2127000799713556,-0.19921764155630578,0.6096779856460726,0.1907866584186744,1717,1717,283
null,all_alfworld,all,raw,D_cos_raw::decision::reward,average_precision,0.3402272727272727,0.28604978354978355,0.8592574647574647,0.5690975673808556,1717,1717,283
null,all_alfworld,all,raw,D_cos_raw::decision::reward,auroc_large_change_vs_rest,0.5538461538461539,0.3576068376068376,0.8275213675213672,0.5921577034346399,1717,1717,283
null,all_alfworld,all,raw,D_cos_raw::decision::reward,top_quartile_mean_absolute_delta,0.06175983436853002,0.03656113632744067,0.13680986473536774,0.08173091232708439,1717,1717,283
null,all_alfworld,all,raw,D_cos_raw::decision::reward,top_quartile_lift,1.5725100258245062,0.78853672972899,2.126265204475719,1.410800827208733,1717,1717,283
null,all_alfworld,all,raw,D_cos_raw::decision::unsigned,spearman,-0.06504905358347282,-0.3197946010708283,0.5126035793126513,0.09231914138751916,1717,1717,283
null,all_alfworld,all,raw,D_cos_raw::decision::unsigned,average_precision,0.27153846153846156,0.2515168165168165,0.8196291457829916,0.5280633175727697,1717,1717,283
null,all_alfworld,all,raw,D_cos_raw::decision::unsigned,auroc_large_change_vs_rest,0.4307692307692308,0.2777777777777778,0.7797602397602393,0.5395450817347052,1717,1717,283
null,all_alfworld,all,raw,D_cos_raw::decision::unsigned,top_quartile_mean_absolute_delta,0.024494949494949493,0.01582150265385364,0.1051431595365419,0.05275309148887809,1717,1717,283
null,all_alfworld,all,raw,D_cos_raw::decision::unsigned,top_quartile_lift,0.6236829171695495,0.3258553001507652,1.6010812572941688,0.901883846565525,1717,1717,283
null,all_alfworld,all,raw,D_cos_centered::decision::reward,spearman,0.2436758197730093,-0.20259973916852328,0.6161627507149928,0.19329573032846598,1717,1717,283
null,all_alfworld,all,raw,D_cos_centered::decision::reward,average_precision,0.3258333333333333,0.2854389140271493,0.8617156917156917,0.5710862135152098,1717,1717,283
null,all_alfworld,all,raw,D_cos_centered::decision::reward,auroc_large_change_vs_rest,0.5384615384615384,0.3495679012345679,0.8310256410256408,0.5943631777887262,1717,1717,283
null,all_alfworld,all,raw,D_cos_centered::decision::reward,top_quartile_mean_absolute_delta,0.055996847355543014,0.03414533408060194,0.13653171836799513,0.07782133323773753,1717,1717,283
null,all_alfworld,all,raw,D_cos_centered::decision::reward,top_quartile_lift,1.425774611954351,0.7488157269899391,2.050707254520544,1.341359450986584,1717,1717,283
null,all_alfworld,all,raw,D_cos_centered::decision::unsigned,spearman,-0.06091895494325233,-0.3074730155284682,0.5090609709089288,0.10071185650962136,1717,1717,283
null,all_alfworld,all,raw,D_cos_centered::decision::unsigned,average_precision,0.2827272727272727,0.2541926406926407,0.8200055962555962,0.5298524915997008,1717,1717,283
null,all_alfworld,all,raw,D_cos_centered::decision::unsigned,auroc_large_change_vs_rest,0.46153846153846156,0.28732142857142856,0.7857142857142857,0.5429390041819667,1717,1717,283
null,all_alfworld,all,raw,D_cos_centered::decision::unsigned,top_quartile_mean_absolute_delta,0.01902619949494949,0.016745050963529226,0.10829968173481495,0.05367951324853583,1717,1717,283
null,all_alfworld,all,raw,D_cos_centered::decision::unsigned,top_quartile_lift,0.48443927619065197,0.33772742753284396,1.6410915717156822,0.9209741170226607,1717,1717,283
null,all_alfworld,all,raw,D_cos_centered_gate::decision::reward,spearman,0.1868869634699775,-0.38022460054460555,0.4470891705493545,0.020055342210794358,1717,1717,283
null,all_alfworld,all,raw,D_cos_centered_gate::decision::reward,average_precision,0.2994172494172494,0.23605080213903745,0.8220079484785366,0.5282167735049867,1717,1717,283
null,all_alfworld,all,raw,D_cos_centered_gate::decision::reward,auroc_large_change_vs_rest,0.47692307692307695,0.2345679012345679,0.7678571428571429,0.5068404632785335,1717,1717,283
null,all_alfworld,all,raw,D_cos_centered_gate::decision::reward,top_quartile_mean_absolute_delta,0.04501082251082251,0.020871678743961352,0.09974999999999998,0.05580904078570444,1717,1717,283
null,all_alfworld,all,raw,D_cos_centered_gate::decision::reward,top_quartile_lift,1.1460518052318804,0.4148598320157484,1.5733765985839547,0.9664633662116042,1717,1717,283
null,all_alfworld,all,raw,D_cos_centered_gate::decision::unsigned,spearman,0.0020650493201102484,-0.4681755532032089,0.3091316212410855,-0.08802049816850947,1717,1717,283
null,all_alfworld,all,raw,D_cos_centered_gate::decision::unsigned,average_precision,0.2567256273138626,0.22216914947797303,0.7993167108441172,0.49741134578505464,1717,1717,283
null,all_alfworld,all,raw,D_cos_centered_gate::decision::unsigned,auroc_large_change_vs_rest,0.35384615384615387,0.20972222222222223,0.7142857142857143,0.4555588175261539,1717,1717,283
null,all_alfworld,all,raw,D_cos_centered_gate::decision::unsigned,top_quartile_mean_absolute_delta,0.03983969155844156,0.017176381757777106,0.08973299532653434,0.049559703146232606,1717,1717,283
null,all_alfworld,all,raw,D_cos_centered_gate::decision::unsigned,top_quartile_lift,1.0143860494763246,0.3466768741863304,1.4701897966991713,0.8600817549077368,1717,1717,283
null,all_alfworld,all,raw,D_cos_adv::decision::reward,spearman,0.04646360970248059,-0.4619646364986839,0.41410346381253615,-0.04858755968617956,1717,1717,283
null,all_alfworld,all,raw,D_cos_adv::decision::reward,average_precision,0.25213818860877685,0.24594257703081235,0.8173512394468274,0.5147007748787956,1717,1717,283
null,all_alfworld,all,raw,D_cos_adv::decision::reward,auroc_large_change_vs_rest,0.3076923076923077,0.22991452991452999,0.7655122655122654,0.48795367470382034,1717,1717,283
null,all_alfworld,all,raw,D_cos_adv::decision::reward,top_quartile_mean_absolute_delta,0.05610507246376811,0.029390168654874538,0.1280988848108413,0.07036653583646256,1717,1717,283
null,all_alfworld,all,raw,D_cos_adv::decision::reward,top_quartile_lift,1.4285302065810204,0.6173339012078881,1.923217051848684,1.2088811210896147,1717,1717,283
null,all_alfworld,all,raw,D_cos_adv::decision::unsigned,spearman,-0.06091895494325233,-0.3074730155284682,0.5090609709089288,0.10071185650962136,1717,1717,283
null,all_alfworld,all,raw,D_cos_adv::decision::unsigned,average_precision,0.2827272727272727,0.2541926406926407,0.8200055962555962,0.5298524915997008,1717,1717,283
null,all_alfworld,all,raw,D_cos_adv::decision::unsigned,auroc_large_change_vs_rest,0.46153846153846156,0.28732142857142856,0.7857142857142857,0.5429390041819667,1717,1717,283
null,all_alfworld,all,raw,D_cos_adv::decision::unsigned,top_quartile_mean_absolute_delta,0.01902619949494949,0.016745050963529226,0.10829968173481495,0.05367951324853583,1717,1717,283
null,all_alfworld,all,raw,D_cos_adv::decision::unsigned,top_quartile_lift,0.48443927619065197,0.33772742753284396,1.6410915717156822,0.9209741170226607,1717,1717,283
null,all_alfworld,all,raw,D_cos_negative::decision::reward,spearman,-0.04543108504242547,-0.22522874972020052,0.6240062261901143,0.19699464790348636,1717,1717,283
null,all_alfworld,all,raw,D_cos_negative::decision::reward,average_precision,0.31882352941176473,0.3019812540400776,0.8795444547282781,0.5821476319312053,1717,1717,283
null,all_alfworld,all,raw,D_cos_negative::decision::reward,auroc_large_change_vs_rest,0.46153846153846156,0.3472222222222222,0.85,0.5955014876352966,1717,1717,283
null,all_alfworld,all,raw,D_cos_negative::decision::reward,top_quartile_mean_absolute_delta,0.05896060656930222,0.036672182223906356,0.14390886193186953,0.08186871143150895,1717,1717,283
null,all_alfworld,all,raw,D_cos_negative::decision::reward,top_quartile_lift,1.5012369431833497,0.7780289236011723,2.1076174933182146,1.4113174988648443,1717,1717,283
null,all_alfworld,all,raw,D_cos_negative::decision::unsigned,spearman,-0.23335057317245808,-0.30093135718991243,0.5592248288017063,0.12780989095272463,1717,1717,283
null,all_alfworld,all,raw,D_cos_negative::decision::unsigned,average_precision,0.25717850776674306,0.2644237788355436,0.8407977441453376,0.5392822767514015,1717,1717,283
null,all_alfworld,all,raw,D_cos_negative::decision::unsigned,auroc_large_change_vs_rest,0.36923076923076925,0.29125000000000006,0.8194444444444444,0.5533906119459895,1717,1717,283
null,all_alfworld,all,raw,D_cos_negative::decision::unsigned,top_quartile_mean_absolute_delta,0.01902619949494949,0.016745050963529226,0.10829968173481495,0.05367951324853583,1717,1717,283
null,all_alfworld,all,raw,D_cos_negative::decision::unsigned,top_quartile_lift,0.48443927619065197,0.33772742753284396,1.6410915717156822,0.9209741170226607,1717,1717,283
null,all_alfworld,all,raw,D_soft::decision::reward,spearman,0.22302532657190682,-0.40496772828852723,0.45821515801478696,0.016619471291130908,1717,1717,283
null,all_alfworld,all,raw,D_soft::decision::reward,average_precision,0.2911813186813187,0.2410253357753358,0.8402136197136195,0.5265000235802423,1717,1717,283
null,all_alfworld,all,raw,D_soft::decision::reward,auroc_large_change_vs_rest,0.46153846153846156,0.245982905982906,0.7875,0.5082082470259524,1717,1717,283
null,all_alfworld,all,raw,D_soft::decision::reward,top_quartile_mean_absolute_delta,0.04501082251082251,0.020871678743961352,0.09974999999999998,0.05580904078570444,1717,1717,283
null,all_alfworld,all,raw,D_soft::decision::reward,top_quartile_lift,1.1460518052318804,0.4148598320157484,1.5733765985839547,0.9664633662116042,1717,1717,283
null,all_alfworld,all,raw,D_soft::decision::unsigned,spearman,0.09499226872507142,-0.4101241857862206,0.3906972738455766,-0.013597541311574991,1717,1717,283
null,all_alfworld,all,raw,D_soft::decision::unsigned,average_precision,0.2561327561327561,0.2368326118326118,0.8280797489794813,0.513163049095202,1717,1717,283
null,all_alfworld,all,raw,D_soft::decision::unsigned,auroc_large_change_vs_rest,0.38461538461538464,0.21995129870129873,0.7698076923076919,0.49828125755008884,1717,1717,283
null,all_alfworld,all,raw,D_soft::decision::unsigned,top_quartile_mean_absolute_delta,0.029026199494949494,0.019658493373188375,0.09499210488572189,0.05188326550805396,1717,1717,283
null,all_alfworld,all,raw,D_soft::decision::unsigned,top_quartile_lift,0.7390562196949217,0.3975699605923145,1.5158892018884043,0.8980838489743268,1717,1717,283
null,all_alfworld,all,raw,D_soft_negative::decision::reward,spearman,0.15384617434821352,-0.2785004924241025,0.5717427256438816,0.1681081832641707,1717,1717,283
null,all_alfworld,all,raw,D_soft_negative::decision::reward,average_precision,0.2863095238095238,0.2681691919191919,0.8668019732792458,0.5545435459748778,1717,1717,283
null,all_alfworld,all,raw,D_soft_negative::decision::reward,auroc_large_change_vs_rest,0.46153846153846156,0.3,0.8313852813852812,0.5655349598649443,1717,1717,283
null,all_alfworld,all,raw,D_soft_negative::decision::reward,top_quartile_mean_absolute_delta,0.05677809735554301,0.03506007152430364,0.12288010025637902,0.0735117095300876,1717,1717,283
null,all_alfworld,all,raw,D_soft_negative::decision::reward,top_quartile_lift,1.445666560665622,0.6806637789019943,1.9059284437841333,1.2783014442446825,1717,1717,283
null,all_alfworld,all,raw,D_soft_negative::decision::unsigned,spearman,0.04543108504242547,-0.38388405465831804,0.4791034568873002,0.03928134618915267,1717,1717,283
null,all_alfworld,all,raw,D_soft_negative::decision::unsigned,average_precision,0.24884920634920632,0.2559191984486103,0.8359594303127057,0.5277899453015791,1717,1717,283
null,all_alfworld,all,raw,D_soft_negative::decision::unsigned,auroc_large_change_vs_rest,0.35384615384615387,0.25,0.8,0.5194143359426799,1717,1717,283
null,all_alfworld,all,raw,D_soft_negative::decision::unsigned,top_quartile_mean_absolute_delta,0.033800505050505046,0.019041800930898675,0.09896990740740741,0.05337005095816681,1717,1717,283
null,all_alfworld,all,raw,D_soft_negative::decision::unsigned,top_quartile_lift,0.8606181284860226,0.40487649704323286,1.5622303847650165,0.922306629271814,1717,1717,283
null,all_alfworld,all,raw,D_soft_cos::decision::reward,spearman,0.23128552385234782,-0.40403248028929406,0.4567727405256484,0.014624513444833565,1717,1717,283
null,all_alfworld,all,raw,D_soft_cos::decision::reward,average_precision,0.3140384615384616,0.24148076923076928,0.8337294780383014,0.5325144133972972,1717,1717,283
null,all_alfworld,all,raw,D_soft_cos::decision::reward,auroc_large_change_vs_rest,0.49230769230769234,0.2359567901234568,0.7916666666666666,0.5090278550856594,1717,1717,283
null,all_alfworld,all,raw,D_soft_cos::decision::reward,top_quartile_mean_absolute_delta,0.04947510822510822,0.026019770408163268,0.1132675620737891,0.06316311530300826,1717,1717,283
null,all_alfworld,all,raw,D_soft_cos::decision::reward,top_quartile_lift,1.2597200835820008,0.5379708737074115,1.7341042369290012,1.0917314209372542,1717,1717,283
null,all_alfworld,all,raw,D_soft_cos::decision::unsigned,spearman,0.09499226872507142,-0.4374655126655856,0.36396667806800026,-0.039691640985789374,1717,1717,283
null,all_alfworld,all,raw,D_soft_cos::decision::unsigned,average_precision,0.26835497835497835,0.2353286713286713,0.8151674926380807,0.5099435053832422,1717,1717,283
null,all_alfworld,all,raw,D_soft_cos::decision::unsigned,auroc_large_change_vs_rest,0.4,0.22023976023976027,0.7625,0.488981157776052,1717,1717,283
null,all_alfworld,all,raw,D_soft_cos::decision::unsigned,top_quartile_mean_absolute_delta,0.034978580447330446,0.022328441346553613,0.09942307692307692,0.056071882599546215,1717,1717,283
null,all_alfworld,all,raw,D_soft_cos::decision::unsigned,top_quartile_lift,0.8906139241617489,0.44442462058921584,1.6259382442900552,0.9745316733324423,1717,1717,283
null,all_alfworld,all,raw,D_sigmoid::decision::reward,spearman,0.1951471607504185,-0.323297268725763,0.5356019283658491,0.08915408055531228,1717,1717,283
null,all_alfworld,all,raw,D_sigmoid::decision::reward,average_precision,0.3013095238095238,0.2526098901098901,0.8329081825037706,0.5416296227875139,1717,1717,283
null,all_alfworld,all,raw,D_sigmoid::decision::reward,auroc_large_change_vs_rest,0.49230769230769234,0.275,0.8024691358024691,0.5483569733023722,1717,1717,283
null,all_alfworld,all,raw,D_sigmoid::decision::reward,top_quartile_mean_absolute_delta,0.03876082251082251,0.022154491341991343,0.11760091991341988,0.06104508625301212,1717,1717,283
null,all_alfworld,all,raw,D_sigmoid::decision::reward,top_quartile_lift,0.986916215541712,0.4768096211429327,1.757718951980617,1.0486116434106416,1717,1717,283
null,all_alfworld,all,raw,D_sigmoid::decision::unsigned,spearman,-0.037170887761984475,-0.3793360853268251,0.43743630271935724,0.02170490421149682,1717,1717,283
null,all_alfworld,all,raw,D_sigmoid::decision::unsigned,average_precision,0.2426098901098901,0.2493458855958856,0.8264940244940244,0.5228042043422202,1717,1717,283
null,all_alfworld,all,raw,D_sigmoid::decision::unsigned,auroc_large_change_vs_rest,0.3384615384615385,0.2452884615384616,0.7777777777777778,0.510538907936258,1717,1717,283
null,all_alfworld,all,raw,D_sigmoid::decision::unsigned,top_quartile_mean_absolute_delta,0.028244949494949496,0.016713815961167073,0.11140670289855073,0.05619288921570388,1717,1717,283
null,all_alfworld,all,raw,D_sigmoid::decision::unsigned,top_quartile_lift,0.7191642709836507,0.3664367901062257,1.6697270527848331,0.9611418557162286,1717,1717,283
null,all_alfworld,all,raw,D_tauC_q25::decision::reward,spearman,0.2385131964727337,-0.39654400991386096,0.4677820656036386,0.014644317630237573,1717,1717,283
null,all_alfworld,all,raw,D_tauC_q25::decision::reward,average_precision,0.3263095238095238,0.23857259570494863,0.8215735930735931,0.523227669186662,1717,1717,283
null,all_alfworld,all,raw,D_tauC_q25::decision::reward,auroc_large_change_vs_rest,0.49230769230769234,0.23587662337662338,0.775,0.5032016717975755,1717,1717,283
null,all_alfworld,all,raw,D_tauC_q25::decision::reward,top_quartile_mean_absolute_delta,0.04977272727272727,0.02004526994744386,0.1034520348837209,0.055987355903878676,1717,1717,283
null,all_alfworld,all,raw,D_tauC_q25::decision::reward,top_quartile_lift,1.2672979688053423,0.40263869712645417,1.6084122843089728,0.9662595391762511,1717,1717,283
null,all_alfworld,all,raw,D_tauC_q25::decision::unsigned,spearman,0.05369128232286646,-0.44534376251319546,0.3764422475209877,-0.04380735013955175,1717,1717,283
null,all_alfworld,all,raw,D_tauC_q25::decision::unsigned,average_precision,0.2502777777777777,0.23055555555555557,0.8227928538279216,0.5089198487371084,1717,1717,283
null,all_alfworld,all,raw,D_tauC_q25::decision::unsigned,auroc_large_change_vs_rest,0.35384615384615387,0.22472222222222224,0.7538461538461538,0.4823538200261167,1717,1717,283
null,all_alfworld,all,raw,D_tauC_q25::decision::unsigned,top_quartile_mean_absolute_delta,0.041923024891774886,0.020165147352647354,0.09646604634649225,0.05352088485410962,1717,1717,283
null,all_alfworld,all,raw,D_tauC_q25::decision::unsigned,top_quartile_lift,1.067431246039714,0.41430425141032495,1.5111323932900345,0.927416873481582,1717,1717,283
null,all_alfworld,all,raw,D_tauC_q50::decision::reward,spearman,0.149716075707993,-0.4097484534518728,0.4406830940959261,0.001626851185870889,1717,1717,283
null,all_alfworld,all,raw,D_tauC_q50::decision::reward,average_precision,0.29964285714285716,0.23616239316239318,0.8350721076309309,0.5275998142999595,1717,1717,283
null,all_alfworld,all,raw,D_tauC_q50::decision::reward,auroc_large_change_vs_rest,0.4461538461538462,0.23376623376623376,0.775,0.5017616812316871,1717,1717,283
null,all_alfworld,all,raw,D_tauC_q50::decision::reward,top_quartile_mean_absolute_delta,0.04947510822510822,0.026019770408163268,0.1132675620737891,0.06316311530300826,1717,1717,283
null,all_alfworld,all,raw,D_tauC_q50::decision::reward,top_quartile_lift,1.2597200835820008,0.5379708737074115,1.7341042369290012,1.0917314209372542,1717,1717,283
null,all_alfworld,all,raw,D_tauC_q50::decision::unsigned,spearman,0.1063500399856778,-0.40599195217628387,0.4305764977133432,0.010223134880971457,1717,1717,283
null,all_alfworld,all,raw,D_tauC_q50::decision::unsigned,average_precision,0.2686327561327561,0.24342032967032964,0.8448856572720209,0.5268764820016624,1717,1717,283
null,all_alfworld,all,raw,D_tauC_q50::decision::unsigned,auroc_large_change_vs_rest,0.4,0.23288961038961042,0.787762345679012,0.5115088563011296,1717,1717,283
null,all_alfworld,all,raw,D_tauC_q50::decision::unsigned,top_quartile_mean_absolute_delta,0.034978580447330446,0.022328441346553613,0.09942307692307692,0.056071882599546215,1717,1717,283
null,all_alfworld,all,raw,D_tauC_q50::decision::unsigned,top_quartile_lift,0.8906139241617489,0.44442462058921584,1.6259382442900552,0.9745316733324423,1717,1717,283
null,all_alfworld,all,raw,D_tauC_q75::decision::reward,spearman,0.15900879764848913,-0.43235821960361287,0.41442429477181686,-0.018056214388584013,1717,1717,283
null,all_alfworld,all,raw,D_tauC_q75::decision::reward,average_precision,0.2798934398934399,0.23461149961149966,0.8268775921048647,0.5170284988339199,1717,1717,283
null,all_alfworld,all,raw,D_tauC_q75::decision::reward,auroc_large_change_vs_rest,0.4461538461538462,0.225,0.775,0.4953785168791963,1717,1717,283
null,all_alfworld,all,raw,D_tauC_q75::decision::reward,top_quartile_mean_absolute_delta,0.04431637806637806,0.0237094176818014,0.10357371904440912,0.05822224799547505,1717,1717,283
null,all_alfworld,all,raw,D_tauC_q75::decision::reward,top_quartile_lift,1.128370073044084,0.4934341616847489,1.6300983285222952,1.009776416966227,1717,1717,283
null,all_alfworld,all,raw,D_tauC_q75::decision::unsigned,spearman,0.11564276192617391,-0.4129950259963136,0.39305888374546166,-0.022272882777429715,1717,1717,283
null,all_alfworld,all,raw,D_tauC_q75::decision::unsigned,average_precision,0.2564502164502164,0.23722943722943723,0.8225778388278387,0.5103549822276503,1717,1717,283
null,all_alfworld,all,raw,D_tauC_q75::decision::unsigned,auroc_large_change_vs_rest,0.38461538461538464,0.2153846153846154,0.7777777777777778,0.494490991017151,1717,1717,283
null,all_alfworld,all,raw,D_tauC_q75::decision::unsigned,top_quartile_mean_absolute_delta,0.026248421717171715,0.019575088699964948,0.09195553985435491,0.05033529100994753,1717,1717,283
null,all_alfworld,all,raw,D_tauC_q75::decision::unsigned,top_quartile_lift,0.6683292909437356,0.35870405638881553,1.4958396196958437,0.8740617811551041,1717,1717,283
null,all_alfworld,all,raw,D_delta_q25::decision::reward,spearman,0.24161077045289908,-0.21096690213739464,0.5967751872347626,0.18142967770944093,1717,1717,283
null,all_alfworld,all,raw,D_delta_q25::decision::reward,average_precision,0.3158333333333333,0.27905138298520654,0.8583680670134289,0.5634859935389508,1717,1717,283
null,all_alfworld,all,raw,D_delta_q25::decision::reward,auroc_large_change_vs_rest,0.5230769230769231,0.3376461038961039,0.8252160493827159,0.5889119254254666,1717,1717,283
null,all_alfworld,all,raw,D_delta_q25::decision::reward,top_quartile_mean_absolute_delta,0.055996847355543014,0.03414533408060194,0.13653171836799513,0.07782133323773753,1717,1717,283
null,all_alfworld,all,raw,D_delta_q25::decision::reward,top_quartile_lift,1.425774611954351,0.7488157269899391,2.050707254520544,1.341359450986584,1717,1717,283
null,all_alfworld,all,raw,D_delta_q25::decision::unsigned,spearman,-0.02478059184132298,-0.3282306023070395,0.5145415820326363,0.09404351258261104,1717,1717,283
null,all_alfworld,all,raw,D_delta_q25::decision::unsigned,average_precision,0.2966666666666667,0.25243666056166053,0.8238518556606793,0.5332369053056814,1717,1717,283
null,all_alfworld,all,raw,D_delta_q25::decision::unsigned,auroc_large_change_vs_rest,0.49230769230769234,0.2855379188712522,0.7922077922077922,0.5452305408394033,1717,1717,283
null,all_alfworld,all,raw,D_delta_q25::decision::unsigned,top_quartile_mean_absolute_delta,0.01902619949494949,0.016745050963529226,0.10829968173481495,0.05367951324853583,1717,1717,283
null,all_alfworld,all,raw,D_delta_q25::decision::unsigned,top_quartile_lift,0.48443927619065197,0.33772742753284396,1.6410915717156822,0.9209741170226607,1717,1717,283
null,all_alfworld,all,raw,D_delta_q50::decision::reward,spearman,0.15178112502810326,-0.24404488707703087,0.5566907475826189,0.14470652332062556,1717,1717,283
null,all_alfworld,all,raw,D_delta_q50::decision::reward,average_precision,0.3322222222222222,0.28333964646464643,0.8684953934953934,0.5689359052069978,1717,1717,283
null,all_alfworld,all,raw,D_delta_q50::decision::reward,auroc_large_change_vs_rest,0.5230769230769231,0.32098765432098764,0.8277777777777773,0.573062223221173,1717,1717,283
null,all_alfworld,all,raw,D_delta_q50::decision::reward,top_quartile_mean_absolute_delta,0.060282561641257296,0.039715888278388276,0.14153294728302593,0.082531334310281,1717,1717,283
null,all_alfworld,all,raw,D_delta_q50::decision::reward,top_quartile_lift,1.5348961591704664,0.8174117974422452,2.128416712415469,1.4258843847678417,1717,1717,283
null,all_alfworld,all,raw,D_delta_q50::decision::unsigned,spearman,-0.013422820580716616,-0.35672044461751035,0.47840934619042497,0.05645850712952301,1717,1717,283
null,all_alfworld,all,raw,D_delta_q50::decision::unsigned,average_precision,0.2688383838383838,0.2548338458926694,0.8090641765641763,0.5201993308699242,1717,1717,283
null,all_alfworld,all,raw,D_delta_q50::decision::unsigned,auroc_large_change_vs_rest,0.4153846153846154,0.2663888888888889,0.7901234567901234,0.5284341922215636,1717,1717,283
null,all_alfworld,all,raw,D_delta_q50::decision::unsigned,top_quartile_mean_absolute_delta,0.01902619949494949,0.016745050963529226,0.10829968173481495,0.05367951324853583,1717,1717,283
null,all_alfworld,all,raw,D_delta_q50::decision::unsigned,top_quartile_lift,0.48443927619065197,0.33772742753284396,1.6410915717156822,0.9209741170226607,1717,1717,283
null,all_alfworld,all,raw,D_delta_q75::decision::reward,spearman,0.11667528658622904,-0.3299268872441524,0.4934860606564473,0.07621731538927903,1717,1717,283
null,all_alfworld,all,raw,D_delta_q75::decision::reward,average_precision,0.266060606060606,0.2489638188608777,0.8434918319945057,0.5421928449397145,1717,1717,283
null,all_alfworld,all,raw,D_delta_q75::decision::reward,auroc_large_change_vs_rest,0.4,0.2857142857142857,0.8024691358024691,0.54212016924597,1717,1717,283
null,all_alfworld,all,raw,D_delta_q75::decision::reward,top_quartile_mean_absolute_delta,0.03003066378066378,0.017756643446852426,0.11029113429543137,0.05530849466341344,1717,1717,283
null,all_alfworld,all,raw,D_delta_q75::decision::reward,top_quartile_lift,0.7646315823236988,0.37175777922565506,1.6507346931714568,0.9481417512333035,1717,1717,283
null,all_alfworld,all,raw,D_delta_q75::decision::unsigned,spearman,-0.06504905358347282,-0.352077973878964,0.48733398653480803,0.07462451993774684,1717,1717,283
null,all_alfworld,all,raw,D_delta_q75::decision::unsigned,average_precision,0.2767888973771327,0.2493244949494949,0.8265489641077874,0.5279481042362866,1717,1717,283
null,all_alfworld,all,raw,D_delta_q75::decision::unsigned,auroc_large_change_vs_rest,0.4307692307692308,0.2625,0.8,0.5333270876915315,1717,1717,283
null,all_alfworld,all,raw,D_delta_q75::decision::unsigned,top_quartile_mean_absolute_delta,0.01902619949494949,0.016745050963529226,0.10829968173481495,0.05367951324853583,1717,1717,283
null,all_alfworld,all,raw,D_delta_q75::decision::unsigned,top_quartile_lift,0.48443927619065197,0.33772742753284396,1.6410915717156822,0.9209741170226607,1717,1717,283
null,all_alfworld,all,raw,D_winsor::decision::reward,spearman,0.1951471607504185,-0.22889603181734972,0.6044323013553364,0.1719119744824359,1717,1717,283
null,all_alfworld,all,raw,D_winsor::decision::reward,average_precision,0.3188888888888889,0.28330280830280835,0.8591904187082758,0.5688288943576886,1717,1717,283
null,all_alfworld,all,raw,D_winsor::decision::reward,auroc_large_change_vs_rest,0.5076923076923077,0.3375,0.8308091908091908,0.5854425372868394,1717,1717,283
null,all_alfworld,all,raw,D_winsor::decision::reward,top_quartile_mean_absolute_delta,0.055996847355543014,0.03414533408060194,0.13653171836799513,0.07782133323773753,1717,1717,283
null,all_alfworld,all,raw,D_winsor::decision::reward,top_quartile_lift,1.425774611954351,0.7488157269899391,2.050707254520544,1.341359450986584,1717,1717,283
null,all_alfworld,all,raw,D_winsor::decision::unsigned,spearman,-0.06504905358347282,-0.2968143805642205,0.5305078564894332,0.11395821900480925,1717,1717,283
null,all_alfworld,all,raw,D_winsor::decision::unsigned,average_precision,0.2782051282051282,0.2556458587708588,0.823658508158508,0.5334341628164552,1717,1717,283
null,all_alfworld,all,raw,D_winsor::decision::unsigned,auroc_large_change_vs_rest,0.4461538461538462,0.2875,0.8,0.5497636591659596,1717,1717,283
null,all_alfworld,all,raw,D_winsor::decision::unsigned,top_quartile_mean_absolute_delta,0.01902619949494949,0.016745050963529226,0.10829968173481495,0.05367951324853583,1717,1717,283
null,all_alfworld,all,raw,D_winsor::decision::unsigned,top_quartile_lift,0.48443927619065197,0.33772742753284396,1.6410915717156822,0.9209741170226607,1717,1717,283
null,all_alfworld,all,raw,D_tanh::decision::reward,spearman,0.22509037589201708,-0.2047096161489924,0.6154493315602578,0.1908340698949401,1717,1717,283
null,all_alfworld,all,raw,D_tanh::decision::reward,average_precision,0.322156862745098,0.2854389140271493,0.8594144374144371,0.5706579699988167,1717,1717,283
null,all_alfworld,all,raw,D_tanh::decision::reward,auroc_large_change_vs_rest,0.5230769230769231,0.35,0.8311688311688312,0.5927884236028285,1717,1717,283
null,all_alfworld,all,raw,D_tanh::decision::reward,top_quartile_mean_absolute_delta,0.055996847355543014,0.03414533408060194,0.13653171836799513,0.07782133323773753,1717,1717,283
null,all_alfworld,all,raw,D_tanh::decision::reward,top_quartile_lift,1.425774611954351,0.7488157269899391,2.050707254520544,1.341359450986584,1717,1717,283
null,all_alfworld,all,raw,D_tanh::decision::unsigned,spearman,-0.07950439882424457,-0.29805590380254554,0.5326243154840753,0.11196088319205971,1717,1717,283
null,all_alfworld,all,raw,D_tanh::decision::unsigned,average_precision,0.2734432234432234,0.2525975274725275,0.8200346320346318,0.5329985748014097,1717,1717,283
null,all_alfworld,all,raw,D_tanh::decision::unsigned,auroc_large_change_vs_rest,0.4307692307692308,0.2875,0.8,0.5484666106936055,1717,1717,283
null,all_alfworld,all,raw,D_tanh::decision::unsigned,top_quartile_mean_absolute_delta,0.01902619949494949,0.016745050963529226,0.10829968173481495,0.05367951324853583,1717,1717,283
null,all_alfworld,all,raw,D_tanh::decision::unsigned,top_quartile_lift,0.48443927619065197,0.33772742753284396,1.6410915717156822,0.9209741170226607,1717,1717,283
null,all_alfworld,all,raw,D_action_sign::decision::reward,spearman,-0.1951471607504185,-0.4828858782227193,0.3627104196201348,-0.0766954206582004,1717,1717,283
null,all_alfworld,all,raw,D_action_sign::decision::reward,average_precision,0.24214285714285713,0.21019374416433237,0.7898234486102131,0.49369029112066914,1717,1717,283
null,all_alfworld,all,raw,D_action_sign::decision::reward,auroc_large_change_vs_rest,0.3230769230769231,0.18518518518518517,0.725,0.4564544369667161,1717,1717,283
null,all_alfworld,all,raw,D_action_sign::decision::reward,top_quartile_mean_absolute_delta,0.023739299777435368,0.016589213272438258,0.10363572395811928,0.0499452259059504,1717,1717,283
null,all_alfworld,all,raw,D_action_sign::decision::reward,top_quartile_lift,0.6044427950262183,0.33390387485672685,1.5756132440406692,0.8577222527888756,1717,1717,283
null,all_alfworld,all,raw,D_action_sign::decision::unsigned,spearman,0.2973671020958758,-0.17897971710719066,0.6423121701899889,0.24230544075277444,1717,1717,283
null,all_alfworld,all,raw,D_action_sign::decision::unsigned,average_precision,0.4523809523809524,0.29037640056022407,0.8742956652357913,0.5823760664684934,1717,1717,283
null,all_alfworld,all,raw,D_action_sign::decision::unsigned,auroc_large_change_vs_rest,0.676923076923077,0.36363636363636365,0.8701298701298701,0.6232441722589267,1717,1717,283
null,all_alfworld,all,raw,D_action_sign::decision::unsigned,top_quartile_mean_absolute_delta,0.04530844155844156,0.02210054347826087,0.11820127015638925,0.06216868778331173,1717,1717,283
null,all_alfworld,all,raw,D_action_sign::decision::unsigned,top_quartile_lift,1.1536296904552221,0.4569129571528067,1.7552477481422244,1.0635312853406587,1717,1717,283
null,all_alfworld,all,raw,D_action_adv::decision::reward,spearman,-0.17965929084959162,-0.570813195142685,0.3347968816161792,-0.12520797353967397,1717,1717,283
null,all_alfworld,all,raw,D_action_adv::decision::reward,average_precision,0.36222222222222217,0.21847400475341655,0.7694345238095237,0.4946893293312298,1717,1717,283
null,all_alfworld,all,raw,D_action_adv::decision::reward,auroc_large_change_vs_rest,0.5076923076923077,0.17478395061728394,0.7091049382716043,0.44964066169778655,1717,1717,283
null,all_alfworld,all,raw,D_action_adv::decision::reward,top_quartile_mean_absolute_delta,0.03680555555555556,0.015969078947368424,0.1094090909090909,0.055956591144108746,1717,1717,283
null,all_alfworld,all,raw,D_action_adv::decision::reward,top_quartile_lift,0.9371318059532149,0.33905311937253185,1.66714264933802,0.9581212912693957,1717,1717,283
null,all_alfworld,all,raw,D_action_adv::decision::unsigned,spearman,0.2973671020958758,-0.17897971710719066,0.6423121701899889,0.24230544075277444,1717,1717,283
null,all_alfworld,all,raw,D_action_adv::decision::unsigned,average_precision,0.4523809523809524,0.29037640056022407,0.8742956652357913,0.5823760664684934,1717,1717,283
null,all_alfworld,all,raw,D_action_adv::decision::unsigned,auroc_large_change_vs_rest,0.676923076923077,0.36363636363636365,0.8701298701298701,0.6232441722589267,1717,1717,283
null,all_alfworld,all,raw,D_action_adv::decision::unsigned,top_quartile_mean_absolute_delta,0.04530844155844156,0.02210054347826087,0.11820127015638925,0.06216868778331173,1717,1717,283
null,all_alfworld,all,raw,D_action_adv::decision::unsigned,top_quartile_lift,1.1536296904552221,0.4569129571528067,1.7552477481422244,1.0635312853406587,1717,1717,283
null,all_alfworld,all,raw,D_action_adv_clip::decision::reward,spearman,-0.1951471607504185,-0.5384300393747561,0.38461991592077127,-0.09247937873703774,1717,1717,283
null,all_alfworld,all,raw,D_action_adv_clip::decision::reward,average_precision,0.3287823287823287,0.21271963330786858,0.7898437395937394,0.5009244372713815,1717,1717,283
null,all_alfworld,all,raw,D_action_adv_clip::decision::reward,auroc_large_change_vs_rest,0.4461538461538462,0.175,0.7230769230769231,0.45791863347435074,1717,1717,283
null,all_alfworld,all,raw,D_action_adv_clip::decision::reward,top_quartile_mean_absolute_delta,0.02751984126984127,0.015457513977250821,0.10923479481045266,0.052523904279645685,1717,1717,283
null,all_alfworld,all,raw,D_action_adv_clip::decision::reward,top_quartile_lift,0.7007017869849644,0.32006146717698114,1.5924169933937224,0.8958702754671768,1717,1717,283
null,all_alfworld,all,raw,D_action_adv_clip::decision::unsigned,spearman,0.2973671020958758,-0.17897971710719066,0.6423121701899889,0.24230544075277444,1717,1717,283
null,all_alfworld,all,raw,D_action_adv_clip::decision::unsigned,average_precision,0.4523809523809524,0.29037640056022407,0.8742956652357913,0.5823760664684934,1717,1717,283
null,all_alfworld,all,raw,D_action_adv_clip::decision::unsigned,auroc_large_change_vs_rest,0.676923076923077,0.36363636363636365,0.8701298701298701,0.6232441722589267,1717,1717,283
null,all_alfworld,all,raw,D_action_adv_clip::decision::unsigned,top_quartile_mean_absolute_delta,0.04530844155844156,0.02210054347826087,0.11820127015638925,0.06216868778331173,1717,1717,283
null,all_alfworld,all,raw,D_action_adv_clip::decision::unsigned,top_quartile_lift,1.1536296904552221,0.4569129571528067,1.7552477481422244,1.0635312853406587,1717,1717,283
null,all_alfworld,all,raw,D_ratio_adv::decision::reward,spearman,-0.1868869634699775,-0.5363441395116634,0.3355057259876851,-0.12411121102664814,1717,1717,283
null,all_alfworld,all,raw,D_ratio_adv::decision::reward,average_precision,0.24333333333333332,0.21867201426024957,0.7735019928717405,0.4861478916940858,1717,1717,283
null,all_alfworld,all,raw,D_ratio_adv::decision::reward,auroc_large_change_vs_rest,0.3230769230769231,0.17478395061728394,0.7125,0.44493486481449984,1717,1717,283
null,all_alfworld,all,raw,D_ratio_adv::decision::reward,top_quartile_mean_absolute_delta,0.02866161616161616,0.014287055206698065,0.10200792866553735,0.04865411924533508,1717,1717,283
null,all_alfworld,all,raw,D_ratio_adv::decision::reward,top_quartile_lift,0.7297733102963285,0.29402214972689283,1.5031598980144438,0.8307469788954425,1717,1717,283
null,all_alfworld,all,raw,D_ratio_adv::decision::unsigned,spearman,0.12390295920661491,-0.21820472502399763,0.5952935420171626,0.20002443236883435,1717,1717,283
null,all_alfworld,all,raw,D_ratio_adv::decision::unsigned,average_precision,0.3657051282051282,0.28129670329670325,0.866316378066378,0.5679287846439635,1717,1717,283
null,all_alfworld,all,raw,D_ratio_adv::decision::unsigned,auroc_large_change_vs_rest,0.5384615384615384,0.3375,0.8472222222222222,0.5946336654512252,1717,1717,283
null,all_alfworld,all,raw,D_ratio_adv::decision::unsigned,top_quartile_mean_absolute_delta,0.03241161616161616,0.019966008047408067,0.11978089605407376,0.06053106843725606,1717,1717,283
null,all_alfworld,all,raw,D_ratio_adv::decision::unsigned,top_quartile_lift,0.8252546641104297,0.41115391621096486,1.7394724164623834,1.0341982608334033,1717,1717,283
null,all_alfworld,all,raw,D_policy_action_adv::decision::reward,spearman,-0.12700053318678028,-0.5288363296787595,0.3749500483084131,-0.09238190143631,1717,1717,283
null,all_alfworld,all,raw,D_policy_action_adv::decision::reward,average_precision,0.38376068376068373,0.23279451757392933,0.7986175864576597,0.5089456369611046,1717,1717,283
null,all_alfworld,all,raw,D_policy_action_adv::decision::reward,auroc_large_change_vs_rest,0.5230769230769231,0.21208333333333335,0.7503086419753083,0.471286095247462,1717,1717,283
null,all_alfworld,all,raw,D_policy_action_adv::decision::reward,top_quartile_mean_absolute_delta,0.03680555555555556,0.015969078947368424,0.1094090909090909,0.055956591144108746,1717,1717,283
null,all_alfworld,all,raw,D_policy_action_adv::decision::reward,top_quartile_lift,0.9371318059532149,0.33905311937253185,1.66714264933802,0.9581212912693957,1717,1717,283
null,all_alfworld,all,raw,D_policy_action_adv::decision::unsigned,spearman,-0.33247294053775,-0.22581999143639822,0.5559516807105419,0.16612206048414432,1717,1717,283
null,all_alfworld,all,raw,D_policy_action_adv::decision::unsigned,average_precision,0.2866300366300366,0.2694642857142857,0.8333333333333333,0.5465216525934836,1717,1717,283
null,all_alfworld,all,raw,D_policy_action_adv::decision::unsigned,auroc_large_change_vs_rest,0.4307692307692308,0.3333333333333333,0.7929870129870124,0.5628744787500369,1717,1717,283
null,all_alfworld,all,raw,D_policy_action_adv::decision::unsigned,top_quartile_mean_absolute_delta,0.018656625375375373,0.020930405405405403,0.11475175619360675,0.05848282166933645,1717,1717,283
null,all_alfworld,all,raw,D_policy_action_adv::decision::unsigned,top_quartile_lift,0.4750292929182276,0.4396910366145371,1.7036385079390888,1.0051289734568172,1717,1717,283
null,all_alfworld,all,raw,D_reward_only::decision::reward,spearman,0.34710743801652894,-0.28298902008102594,0.566108490465498,0.1521448082529658,1717,1717,283
null,all_alfworld,all,raw,D_reward_only::decision::reward,average_precision,0.40607627666451196,0.2733193195693196,0.8446022309766651,0.5587529313898615,1717,1717,283
null,all_alfworld,all,raw,D_reward_only::decision::reward,auroc_large_change_vs_rest,0.5692307692307692,0.3113836780503447,0.8247077922077922,0.5647999093658918,1717,1717,283
null,all_alfworld,all,raw,D_reward_only::decision::reward,top_quartile_mean_absolute_delta,0.06622412008281572,0.033198356883588284,0.13651690305308725,0.07664442898983663,1717,1717,283
null,all_alfworld,all,raw,D_reward_only::decision::reward,top_quartile_lift,1.6861783041746263,0.6876740029326178,2.0497762440697436,1.325261130768755,1717,1717,283
null,all_alfworld,all,raw,D_reward_only::decision::unsigned,spearman,,,,,0,1717,283
null,all_alfworld,all,raw,D_reward_only::decision::unsigned,average_precision,0.2777777777777778,0.2222222222222222,0.6666666666666666,0.43988222351646933,1717,1717,283
null,all_alfworld,all,raw,D_reward_only::decision::unsigned,auroc_large_change_vs_rest,0.5,0.5,0.5,0.5,1717,1717,283
null,all_alfworld,all,raw,D_reward_only::decision::unsigned,top_quartile_mean_absolute_delta,0.03927468401109099,0.035669714646088264,0.0831052709560181,0.057881026017261646,1717,1717,283
null,all_alfworld,all,raw,D_reward_only::decision::unsigned,top_quartile_lift,1.0,0.9999999999999998,1.0000000000000004,1.0,1717,1717,283
null,all_alfworld,all,raw,D_adv_negative_fraction::decision::reward,spearman,0.29545454545454547,-0.16451985126803978,0.6463023994945785,0.26791815443408307,1717,1717,283
null,all_alfworld,all,raw,D_adv_negative_fraction::decision::reward,average_precision,0.3473992673992674,0.30932844932844933,0.8730630480630477,0.5893213041840364,1717,1717,283
null,all_alfworld,all,raw,D_adv_negative_fraction::decision::reward,auroc_large_change_vs_rest,0.5846153846153846,0.36414141414141415,0.8472222222222222,0.6109159480598279,1717,1717,283
null,all_alfworld,all,raw,D_adv_negative_fraction::decision::reward,top_quartile_mean_absolute_delta,0.04964425897170462,0.03696195777906304,0.12354122807017544,0.07578366927337879,1717,1717,283
null,all_alfworld,all,raw,D_adv_negative_fraction::decision::reward,top_quartile_lift,1.264026948190985,0.722159466359988,1.995465902744957,1.3184097959595757,1717,1717,283
null,all_alfworld,all,raw,D_adv_negative_fraction::decision::unsigned,spearman,,,,,0,1717,283
null,all_alfworld,all,raw,D_adv_negative_fraction::decision::unsigned,average_precision,0.2777777777777778,0.2222222222222222,0.6666666666666666,0.43988222351646933,1717,1717,283
null,all_alfworld,all,raw,D_adv_negative_fraction::decision::unsigned,auroc_large_change_vs_rest,0.5,0.5,0.5,0.5,1717,1717,283
null,all_alfworld,all,raw,D_adv_negative_fraction::decision::unsigned,top_quartile_mean_absolute_delta,0.03927468401109099,0.035669714646088264,0.0831052709560181,0.057881026017261646,1717,1717,283
null,all_alfworld,all,raw,D_adv_negative_fraction::decision::unsigned,top_quartile_lift,1.0,0.9999999999999998,1.0000000000000004,1.0,1717,1717,283
null,all_alfworld,all,raw,C_raw::decision::reward,spearman,-0.061951479603307456,-0.5711773277238644,0.24303276969074755,-0.14955555697011008,1717,1717,283
null,all_alfworld,all,raw,C_raw::decision::reward,average_precision,0.4229395604395604,0.22056446331446333,0.7379411689023988,0.4857478035634099,1717,1717,283
null,all_alfworld,all,raw,C_raw::decision::reward,auroc_large_change_vs_rest,0.4461538461538462,0.17857142857142858,0.675,0.428138932770315,1717,1717,283
null,all_alfworld,all,raw,C_raw::decision::reward,top_quartile_mean_absolute_delta,0.027716572504708097,0.01391838023088023,0.08498692871336312,0.04220762862797804,1717,1717,283
null,all_alfworld,all,raw,C_raw::decision::reward,top_quartile_lift,0.7057108975563257,0.27139120537672595,1.279591701007891,0.7289021394394215,1717,1717,283
null,all_alfworld,all,raw,C_raw::decision::unsigned,spearman,0.02684564116143323,-0.43803942846400334,0.44230491676195954,-0.0013604607658697883,1717,1717,283
null,all_alfworld,all,raw,C_raw::decision::unsigned,average_precision,0.33298368298368297,0.24158967122202415,0.7839655378468402,0.4836696739928098,1717,1717,283
null,all_alfworld,all,raw,C_raw::decision::unsigned,auroc_large_change_vs_rest,0.5692307692307692,0.225,0.7626388888888888,0.48623805819495974,1717,1717,283
null,all_alfworld,all,raw,C_raw::decision::unsigned,top_quartile_mean_absolute_delta,0.03492983415345362,0.018536082139023316,0.09472470951924097,0.05098222957069521,1717,1717,283
null,all_alfworld,all,raw,C_raw::decision::unsigned,top_quartile_lift,0.889372760926341,0.37100822171197234,1.499644798271978,0.8793841452098943,1717,1717,283
null,all_alfworld,all,raw,C_centered::decision::reward,spearman,0.3613836310192935,-0.18552263051501813,0.6261523793852684,0.228411958529075,1717,1717,283
null,all_alfworld,all,raw,C_centered::decision::reward,average_precision,0.3560606060606061,0.30826839826839825,0.8618896759805847,0.5707216240945212,1717,1717,283
null,all_alfworld,all,raw,C_centered::decision::reward,auroc_large_change_vs_rest,0.6,0.33766233766233766,0.8441558441558441,0.5920016479131214,1717,1717,283
null,all_alfworld,all,raw,C_centered::decision::reward,top_quartile_mean_absolute_delta,0.05202521135265701,0.034816585594811406,0.12066359456826205,0.07256909158212622,1717,1717,283
null,all_alfworld,all,raw,C_centered::decision::reward,top_quartile_lift,1.324650029977716,0.6775568999419481,1.9248013297993611,1.2602730327724183,1717,1717,283
null,all_alfworld,all,raw,C_centered::decision::unsigned,spearman,0.27774913355482844,-0.3352901392026982,0.5400942715121132,0.11973668667202918,1717,1717,283
null,all_alfworld,all,raw,C_centered::decision::unsigned,average_precision,0.556060606060606,0.2591934046345811,0.8245964795008912,0.5512056721571419,1717,1717,283
null,all_alfworld,all,raw,C_centered::decision::unsigned,auroc_large_change_vs_rest,0.676923076923077,0.26153846153846155,0.8052308802308803,0.5411772361248192,1717,1717,283
null,all_alfworld,all,raw,C_centered::decision::unsigned,top_quartile_mean_absolute_delta,0.043988095238095236,0.02424107142857143,0.11141622899159659,0.06114549621319166,1717,1717,283
null,all_alfworld,all,raw,C_centered::decision::unsigned,top_quartile_lift,1.120011436009853,0.4997081893607396,1.7356633546095483,1.0547872411718506,1717,1717,283
null,all_alfworld,all,raw,C_adv_centered::decision::reward,spearman,0.21476512929146585,-0.37049414595861097,0.5162658610554588,0.08511829161246563,1717,1717,283
null,all_alfworld,all,raw,C_adv_centered::decision::reward,average_precision,0.43391053391053386,0.2540124105197635,0.8261453905571549,0.5427475118516316,1717,1717,283
null,all_alfworld,all,raw,C_adv_centered::decision::reward,auroc_large_change_vs_rest,0.47692307692307695,0.2597402597402597,0.8,0.5311636506877722,1717,1717,283
null,all_alfworld,all,raw,C_adv_centered::decision::reward,top_quartile_mean_absolute_delta,0.03841101694915254,0.01676587301587302,0.09596621538838518,0.04979491217510473,1717,1717,283
null,all_alfworld,all,raw,C_adv_centered::decision::reward,top_quartile_lift,0.9780095732483919,0.32726232048286885,1.4770642251335713,0.8575688909671271,1717,1717,283
null,all_alfworld,all,raw,C_adv_centered::decision::unsigned,spearman,0.27774913355482844,-0.3352901392026982,0.5400942715121132,0.11973668667202918,1717,1717,283
null,all_alfworld,all,raw,C_adv_centered::decision::unsigned,average_precision,0.556060606060606,0.2591934046345811,0.8245964795008912,0.5512056721571419,1717,1717,283
null,all_alfworld,all,raw,C_adv_centered::decision::unsigned,auroc_large_change_vs_rest,0.676923076923077,0.26153846153846155,0.8052308802308803,0.5411772361248192,1717,1717,283
null,all_alfworld,all,raw,C_adv_centered::decision::unsigned,top_quartile_mean_absolute_delta,0.043988095238095236,0.02424107142857143,0.11141622899159659,0.06114549621319166,1717,1717,283
null,all_alfworld,all,raw,C_adv_centered::decision::unsigned,top_quartile_lift,1.120011436009853,0.4997081893607396,1.7356633546095483,1.0547872411718506,1717,1717,283
null,all_alfworld,all,raw,M_delta_raw::decision::magnitude,spearman,0.11770781124628417,-0.398780868259252,0.40248285680066653,0.01159859517455309,1717,1717,283
null,all_alfworld,all,raw,M_delta_raw::decision::magnitude,average_precision,0.41555555555555557,0.26461688311688314,0.8275225468975468,0.5374690694259514,1717,1717,283
null,all_alfworld,all,raw,M_delta_raw::decision::magnitude,auroc_large_change_vs_rest,0.5384615384615384,0.2597402597402597,0.7797602397602393,0.5254817104385149,1717,1717,283
null,all_alfworld,all,raw,M_delta_raw::decision::magnitude,top_quartile_mean_absolute_delta,0.04223143598143598,0.02516460345138342,0.11664549807076978,0.06410400485479342,1717,1717,283
null,all_alfworld,all,raw,M_delta_raw::decision::magnitude,top_quartile_lift,1.0752839149389468,0.5270516603518338,1.7503976555972234,1.10442670764558,1717,1717,283
null,all_alfworld,all,raw,M_delta_centered::decision::magnitude,spearman,-0.0640165289234177,-0.5596828801821003,0.28525773695221873,-0.13539216870421397,1717,1717,283
null,all_alfworld,all,raw,M_delta_centered::decision::magnitude,average_precision,0.34555555555555556,0.24198168498168496,0.795336149019407,0.5032701100145807,1717,1717,283
null,all_alfworld,all,raw,M_delta_centered::decision::magnitude,auroc_large_change_vs_rest,0.38461538461538464,0.19444444444444445,0.7128549382716046,0.450870594089144,1717,1717,283
null,all_alfworld,all,raw,M_delta_centered::decision::magnitude,top_quartile_mean_absolute_delta,0.04231981981981982,0.015110926336536094,0.09848519163763063,0.050230710388211745,1717,1717,283
null,all_alfworld,all,raw,M_delta_centered::decision::magnitude,top_quartile_lift,1.0775343172173937,0.30445228241697464,1.4721005577183564,0.8621714385301409,1717,1717,283
null,all_alfworld,all,raw,M_original_norm::decision::magnitude,spearman,-0.19308211143030823,-0.5798833187598303,0.29665654942175396,-0.16151823410448288,1717,1717,283
null,all_alfworld,all,raw,M_original_norm::decision::magnitude,average_precision,0.22948717948717948,0.22819978632478632,0.7827318017692348,0.48973337020494123,1717,1717,283
null,all_alfworld,all,raw,M_original_norm::decision::magnitude,auroc_large_change_vs_rest,0.27692307692307694,0.16861471861471863,0.7086111111111109,0.4381365389106604,1717,1717,283
null,all_alfworld,all,raw,M_original_norm::decision::magnitude,top_quartile_mean_absolute_delta,0.027637310606060606,0.014285631661571511,0.106420514433289,0.05060713152204803,1717,1717,283
null,all_alfworld,all,raw,M_original_norm::decision::magnitude,top_quartile_lift,0.7036927553193287,0.29452987704027983,1.5740072872517865,0.8657822077486584,1717,1717,283
null,all_alfworld,all,raw,M_control_norm::decision::magnitude,spearman,-0.3221476939371988,-0.6939063996171866,0.1457272432096408,-0.3129657136920656,1717,1717,283
null,all_alfworld,all,raw,M_control_norm::decision::magnitude,average_precision,0.2110866910866911,0.19830715363068305,0.6890750426044544,0.44276514042874204,1717,1717,283
null,all_alfworld,all,raw,M_control_norm::decision::magnitude,auroc_large_change_vs_rest,0.2,0.12484567901234568,0.6363636363636364,0.36868167900249055,1717,1717,283
null,all_alfworld,all,raw,M_control_norm::decision::magnitude,top_quartile_mean_absolute_delta,0.020555555555555556,0.009156250000000001,0.09643387658093536,0.0420489344590962,1717,1717,283
null,all_alfworld,all,raw,M_control_norm::decision::magnitude,top_quartile_lift,0.5233792727587766,0.17640944504457284,1.4194813240596627,0.7171384367606052,1717,1717,283
null,all_alfworld,all,raw,M_kl::decision::magnitude,spearman,-0.26742388695427716,-0.3538853627464025,0.5036466333591236,0.06834140539934201,1717,1717,283
null,all_alfworld,all,raw,M_kl::decision::magnitude,average_precision,0.29514957264957264,0.24507967032967032,0.8172185327298961,0.5185060038471617,1717,1717,283
null,all_alfworld,all,raw,M_kl::decision::magnitude,auroc_large_change_vs_rest,0.4461538461538462,0.2716049382716049,0.7698076923076919,0.5135128390200221,1717,1717,283
null,all_alfworld,all,raw,M_kl::decision::magnitude,top_quartile_mean_absolute_delta,0.027716572504708097,0.017394229484867636,0.11024062742812739,0.0540043671253572,1717,1717,283
null,all_alfworld,all,raw,M_kl::decision::magnitude,top_quartile_lift,0.7057108975563257,0.35875583827623253,1.6651068777323779,0.9237722097700837,1717,1717,283
null,all_alfworld,all,raw,M_js::decision::magnitude,spearman,-0.29013942947548993,-0.35557870213505577,0.49783216971251454,0.0679701889874564,1717,1717,283
null,all_alfworld,all,raw,M_js::decision::magnitude,average_precision,0.28085497835497836,0.2448649544899545,0.822712912087912,0.5212562660760207,1717,1717,283
null,all_alfworld,all,raw,M_js::decision::magnitude,auroc_large_change_vs_rest,0.4,0.26746031746031745,0.7875,0.5143918997588188,1717,1717,283
null,all_alfworld,all,raw,M_js::decision::magnitude,top_quartile_mean_absolute_delta,0.03157828282828283,0.018143013784461152,0.11491596937341618,0.05770941040179347,1717,1717,283
null,all_alfworld,all,raw,M_js::decision::magnitude,top_quartile_lift,0.804036585485074,0.3854277214227685,1.680365946652837,0.9853353111423591,1717,1717,283
null,all_alfworld,all,raw,M_action_abs::decision::magnitude,spearman,0.010325246600551242,-0.2087488489997906,0.6131914965431098,0.20634432373864017,1717,1717,283
null,all_alfworld,all,raw,M_action_abs::decision::magnitude,average_precision,0.44453781512605045,0.28931054239877774,0.8583499547837782,0.5676415670956133,1717,1717,283
null,all_alfworld,all,raw,M_action_abs::decision::magnitude,auroc_large_change_vs_rest,0.6,0.3497222222222222,0.8311688311688312,0.5934155478770602,1717,1717,283
null,all_alfworld,all,raw,M_action_abs::decision::magnitude,top_quartile_mean_absolute_delta,0.026156625375375376,0.02135203732655853,0.12280043712530786,0.06206507066385942,1717,1717,283
null,all_alfworld,all,raw,M_action_abs::decision::magnitude,top_quartile_lift,0.6659920005464299,0.45574053622275384,1.784979137112572,1.0639885700180953,1717,1717,283
null,all_alfworld,all,raw,D_original::game::reward,spearman,0.08466702212452018,-0.338895839615844,0.4983733535093246,0.08995989901069071,1717,1717,283
null,all_alfworld,all,raw,D_original::game::reward,average_precision,0.27360028860028857,0.24397111875053054,0.8147641880549633,0.5163468977092057,1717,1717,283
null,all_alfworld,all,raw,D_original::game::reward,auroc_large_change_vs_rest,0.4307692307692308,0.2597402597402597,0.7901234567901234,0.521844668441203,1717,1717,283
null,all_alfworld,all,raw,D_original::game::reward,top_quartile_mean_absolute_delta,0.030525014063149652,0.02197774739880003,0.09677501790189759,0.05470659787323491,1717,1717,283
null,all_alfworld,all,raw,D_original::game::reward,top_quartile_lift,0.7772185781184013,0.43054287718591316,1.5388421137492456,0.9499088070418857,1717,1717,283
null,all_alfworld,all,raw,D_original::game::unsigned,spearman,0.014455345240771739,-0.48704346360937456,0.3823945050520267,-0.0657230979838185,1717,1717,283
null,all_alfworld,all,raw,D_original::game::unsigned,average_precision,0.24333333333333332,0.22777777777777777,0.818513736263736,0.5041019359493675,1717,1717,283
null,all_alfworld,all,raw,D_original::game::unsigned,auroc_large_change_vs_rest,0.3230769230769231,0.19626623376623378,0.7503246753246751,0.4677437110496225,1717,1717,283
null,all_alfworld,all,raw,D_original::game::unsigned,top_quartile_mean_absolute_delta,0.026942866161616164,0.016613883209813444,0.08916950039015333,0.04792208380017694,1717,1717,283
null,all_alfworld,all,raw,D_original::game::unsigned,top_quartile_lift,0.6860110231315323,0.3187846153271007,1.4439496384226103,0.8307487304004815,1717,1717,283
null,all_alfworld,all,raw,D_centered_gate::game::reward,spearman,0.08466702212452018,-0.338895839615844,0.4983733535093246,0.08995989901069071,1717,1717,283
null,all_alfworld,all,raw,D_centered_gate::game::reward,average_precision,0.27360028860028857,0.24397111875053054,0.8147641880549633,0.5163468977092057,1717,1717,283
null,all_alfworld,all,raw,D_centered_gate::game::reward,auroc_large_change_vs_rest,0.4307692307692308,0.2597402597402597,0.7901234567901234,0.521844668441203,1717,1717,283
null,all_alfworld,all,raw,D_centered_gate::game::reward,top_quartile_mean_absolute_delta,0.030525014063149652,0.02197774739880003,0.09677501790189759,0.05470659787323491,1717,1717,283
null,all_alfworld,all,raw,D_centered_gate::game::reward,top_quartile_lift,0.7772185781184013,0.43054287718591316,1.5388421137492456,0.9499088070418857,1717,1717,283
null,all_alfworld,all,raw,D_centered_gate::game::unsigned,spearman,0.014455345240771739,-0.48704346360937456,0.3823945050520267,-0.0657230979838185,1717,1717,283
null,all_alfworld,all,raw,D_centered_gate::game::unsigned,average_precision,0.24333333333333332,0.22777777777777777,0.818513736263736,0.5041019359493675,1717,1717,283
null,all_alfworld,all,raw,D_centered_gate::game::unsigned,auroc_large_change_vs_rest,0.3230769230769231,0.19626623376623378,0.7503246753246751,0.4677437110496225,1717,1717,283
null,all_alfworld,all,raw,D_centered_gate::game::unsigned,top_quartile_mean_absolute_delta,0.026942866161616164,0.016613883209813444,0.08916950039015333,0.04792208380017694,1717,1717,283
null,all_alfworld,all,raw,D_centered_gate::game::unsigned,top_quartile_lift,0.6860110231315323,0.3187846153271007,1.4439496384226103,0.8307487304004815,1717,1717,283
null,all_alfworld,all,raw,D_ungated::game::reward,spearman,0.005162623300275621,-0.26253821436737357,0.578376994480655,0.13293428805806018,1717,1717,283
null,all_alfworld,all,raw,D_ungated::game::reward,average_precision,0.3017094017094017,0.29222222222222227,0.850061071407225,0.5581874936231871,1717,1717,283
null,all_alfworld,all,raw,D_ungated::game::reward,auroc_large_change_vs_rest,0.4,0.3125,0.8051948051948052,0.56019592123868,1717,1717,283
null,all_alfworld,all,raw,D_ungated::game::reward,top_quartile_mean_absolute_delta,0.05766924256607382,0.03405998612788224,0.1335878736970942,0.0752281284659655,1717,1717,283
null,all_alfworld,all,raw,D_ungated::game::reward,top_quartile_lift,1.4683566276380045,0.6779274817757952,1.9954905677528567,1.2986240824413782,1717,1717,283
null,all_alfworld,all,raw,D_ungated::game::unsigned,spearman,-0.13526073046722129,-0.2722341161717634,0.5641261198046883,0.1453485624487839,1717,1717,283
null,all_alfworld,all,raw,D_ungated::game::unsigned,average_precision,0.25841269841269837,0.2836485042735043,0.8591676841676841,0.5558232323563026,1717,1717,283
null,all_alfworld,all,raw,D_ungated::game::unsigned,auroc_large_change_vs_rest,0.3384615384615385,0.3113836780503447,0.8271604938271605,0.5652788881021263,1717,1717,283
null,all_alfworld,all,raw,D_ungated::game::unsigned,top_quartile_mean_absolute_delta,0.049766688625384276,0.033338492727079685,0.13749443195882996,0.07767913727297275,1717,1717,283
null,all_alfworld,all,raw,D_ungated::game::unsigned,top_quartile_lift,1.267144214612405,0.7027898022847913,2.0563524918102964,1.338414597073429,1717,1717,283
null,all_alfworld,all,raw,D_signed::game::reward,spearman,0.09912236736529192,-0.34841890767808587,0.5481651055597059,0.08580958624372757,1717,1717,283
null,all_alfworld,all,raw,D_signed::game::reward,average_precision,0.32274294333117864,0.2618253968253968,0.8281933409727525,0.5358938336285393,1717,1717,283
null,all_alfworld,all,raw,D_signed::game::reward,auroc_large_change_vs_rest,0.5076923076923077,0.2833333333333334,0.8125,0.5408513154788149,1717,1717,283
null,all_alfworld,all,raw,D_signed::game::reward,top_quartile_mean_absolute_delta,0.036488095238095236,0.015507352941176474,0.11351388888888886,0.05680486654298972,1717,1717,283
null,all_alfworld,all,raw,D_signed::game::reward,top_quartile_lift,0.9290487283816508,0.3259055710811396,1.7403127306834176,0.9742700767008295,1717,1717,283
null,all_alfworld,all,raw,D_signed::game::unsigned,spearman,-0.16417142094876475,-0.35865676180154715,0.5135926692797489,0.08601932894975235,1717,1717,283
null,all_alfworld,all,raw,D_signed::game::unsigned,average_precision,0.2790947940947941,0.25397244503862154,0.833950589851325,0.5298813366279241,1717,1717,283
null,all_alfworld,all,raw,D_signed::game::unsigned,auroc_large_change_vs_rest,0.4461538461538462,0.2727272727272727,0.7929870129870124,0.5369095123887883,1717,1717,283
null,all_alfworld,all,raw,D_signed::game::unsigned,top_quartile_mean_absolute_delta,0.02380050505050505,0.01693956739487869,0.11016652774470104,0.05516629869864868,1717,1717,283
null,all_alfworld,all,raw,D_signed::game::unsigned,top_quartile_lift,0.606001184981753,0.3542453929951857,1.6373619129530894,0.9451968973201479,1717,1717,283
null,all_alfworld,all,raw,D_signed_gate::game::reward,spearman,0.01239029592066149,-0.5426519199735234,0.30715205360915754,-0.14474767812978515,1717,1717,283
null,all_alfworld,all,raw,D_signed_gate::game::reward,average_precision,0.31418831168831163,0.22165018315018314,0.7862263741265435,0.4931790270079914,1717,1717,283
null,all_alfworld,all,raw,D_signed_gate::game::reward,auroc_large_change_vs_rest,0.4153846153846154,0.18055555555555555,0.7015392015392014,0.4356086595785198,1717,1717,283
null,all_alfworld,all,raw,D_signed_gate::game::reward,top_quartile_mean_absolute_delta,0.03983969155844156,0.017176381757777106,0.08973299532653434,0.049559703146232606,1717,1717,283
null,all_alfworld,all,raw,D_signed_gate::game::reward,top_quartile_lift,1.0143860494763246,0.3466768741863304,1.4701897966991713,0.8600817549077368,1717,1717,283
null,all_alfworld,all,raw,D_signed_gate::game::unsigned,spearman,-0.17759424152948136,-0.5047580599463789,0.2687259153110985,-0.10705989307536733,1717,1717,283
null,all_alfworld,all,raw,D_signed_gate::game::unsigned,average_precision,0.24433066933066935,0.2315924369747899,0.7956722172163346,0.4992326048174177,1717,1717,283
null,all_alfworld,all,raw,D_signed_gate::game::unsigned,auroc_large_change_vs_rest,0.3384615384615385,0.19480519480519481,0.7232692307692306,0.46389504290154643,1717,1717,283
null,all_alfworld,all,raw,D_signed_gate::game::unsigned,top_quartile_mean_absolute_delta,0.029026199494949494,0.019658493373188375,0.09499210488572189,0.05188326550805396,1717,1717,283
null,all_alfworld,all,raw,D_signed_gate::game::unsigned,top_quartile_lift,0.7390562196949217,0.3975699605923145,1.5158892018884043,0.8980838489743268,1717,1717,283
null,all_alfworld,all,raw,D_sign_balance::game::reward,spearman,-0.06504905358347282,-0.48141974941367116,0.41107898011293587,-0.06191386460809058,1717,1717,283
null,all_alfworld,all,raw,D_sign_balance::game::reward,average_precision,0.28964285714285715,0.24523687423687426,0.7942779107563771,0.5124252296031019,1717,1717,283
null,all_alfworld,all,raw,D_sign_balance::game::reward,auroc_large_change_vs_rest,0.4153846153846154,0.22023976023976027,0.7662337662337663,0.4805743049615599,1717,1717,283
null,all_alfworld,all,raw,D_sign_balance::game::reward,top_quartile_mean_absolute_delta,0.036488095238095236,0.015507352941176474,0.11351388888888886,0.05680486654298972,1717,1717,283
null,all_alfworld,all,raw,D_sign_balance::game::reward,top_quartile_lift,0.9290487283816508,0.3259055710811396,1.7403127306834176,0.9742700767008295,1717,1717,283
null,all_alfworld,all,raw,D_sign_balance::game::unsigned,spearman,-0.4367579312033176,-0.5220137542506716,0.33164609332234085,-0.1002857489022464,1717,1717,283
null,all_alfworld,all,raw,D_sign_balance::game::unsigned,average_precision,0.22632700632700634,0.2350140056022409,0.7876422709235207,0.4947382751632076,1717,1717,283
null,all_alfworld,all,raw,D_sign_balance::game::unsigned,auroc_large_change_vs_rest,0.26153846153846155,0.18181818181818182,0.725,0.4547543064566459,1717,1717,283
null,all_alfworld,all,raw,D_sign_balance::game::unsigned,top_quartile_mean_absolute_delta,0.01902619949494949,0.016745050963529226,0.10829968173481495,0.05367951324853583,1717,1717,283
null,all_alfworld,all,raw,D_sign_balance::game::unsigned,top_quartile_lift,0.48443927619065197,0.33772742753284396,1.6410915717156822,0.9209741170226607,1717,1717,283
null,all_alfworld,all,raw,D_negative_fraction::game::reward,spearman,-0.29220447879560013,-0.444427060283945,0.4058031674791258,-0.02220446661584563,1717,1717,283
null,all_alfworld,all,raw,D_negative_fraction::game::reward,average_precision,0.27936507936507937,0.26338275694893337,0.8139116505187934,0.5281769753822351,1717,1717,283
null,all_alfworld,all,raw,D_negative_fraction::game::reward,auroc_large_change_vs_rest,0.4,0.2596921596921597,0.7662337662337663,0.508452150160071,1717,1717,283
null,all_alfworld,all,raw,D_negative_fraction::game::reward,top_quartile_mean_absolute_delta,0.047474120082815735,0.02705788084464555,0.12276161338661337,0.06702042049764365,1717,1717,283
null,all_alfworld,all,raw,D_negative_fraction::game::reward,top_quartile_lift,1.208771535104121,0.5796665323775103,1.8701848629815145,1.1542960911451472,1717,1717,283
null,all_alfworld,all,raw,D_negative_fraction::game::unsigned,spearman,-0.41507491334215996,-0.4935116083789997,0.378995406586894,-0.05065227815900855,1717,1717,283
null,all_alfworld,all,raw,D_negative_fraction::game::unsigned,average_precision,0.2530905695611578,0.2541752854988149,0.795564114534702,0.5098295354971163,1717,1717,283
null,all_alfworld,all,raw,D_negative_fraction::game::unsigned,auroc_large_change_vs_rest,0.3384615384615385,0.2125,0.7540170940170938,0.4892961304677476,1717,1717,283
null,all_alfworld,all,raw,D_negative_fraction::game::unsigned,top_quartile_mean_absolute_delta,0.010503472222222221,0.009658094098883574,0.09421030161161738,0.042878600508441944,1717,1717,283
null,all_alfworld,all,raw,D_negative_fraction::game::unsigned,top_quartile_lift,0.2674361993404221,0.20234641628767233,1.466936848493271,0.7339107571812236,1717,1717,283
null,all_alfworld,all,raw,D_adv::game::reward,spearman,-0.1321631564870559,-0.5573853134239309,0.34877229591370956,-0.1168122943461639,1717,1717,283
null,all_alfworld,all,raw,D_adv::game::reward,average_precision,0.23876822523881353,0.22845493558728852,0.7807821198409434,0.48527570979474627,1717,1717,283
null,all_alfworld,all,raw,D_adv::game::reward,auroc_large_change_vs_rest,0.2923076923076923,0.1816919191919192,0.73625,0.4488235635403661,1717,1717,283
null,all_alfworld,all,raw,D_adv::game::reward,top_quartile_mean_absolute_delta,0.038869047619047616,0.013047077922077923,0.10694940476190476,0.05359028885173716,1717,1717,283
null,all_alfworld,all,raw,D_adv::game::reward,top_quartile_lift,0.9896718101683816,0.2776584118718924,1.64233920149972,0.9161333135136719,1717,1717,283
null,all_alfworld,all,raw,D_adv::game::unsigned,spearman,-0.16417142094876475,-0.35865676180154715,0.5135926692797489,0.08601932894975235,1717,1717,283
null,all_alfworld,all,raw,D_adv::game::unsigned,average_precision,0.2790947940947941,0.25397244503862154,0.833950589851325,0.5298813366279241,1717,1717,283
null,all_alfworld,all,raw,D_adv::game::unsigned,auroc_large_change_vs_rest,0.4461538461538462,0.2727272727272727,0.7929870129870124,0.5369095123887883,1717,1717,283
null,all_alfworld,all,raw,D_adv::game::unsigned,top_quartile_mean_absolute_delta,0.02380050505050505,0.01693956739487869,0.11016652774470104,0.05516629869864868,1717,1717,283
null,all_alfworld,all,raw,D_adv::game::unsigned,top_quartile_lift,0.606001184981753,0.3542453929951857,1.6373619129530894,0.9451968973201479,1717,1717,283
null,all_alfworld,all,raw,D_adv_gate::game::reward,spearman,-0.299432151415986,-0.6369380281190266,0.23598495502236996,-0.21962353260834164,1717,1717,283
null,all_alfworld,all,raw,D_adv_gate::game::reward,average_precision,0.235042735042735,0.2106254431842667,0.7493719174467836,0.4633361543298299,1717,1717,283
null,all_alfworld,all,raw,D_adv_gate::game::reward,auroc_large_change_vs_rest,0.26153846153846155,0.14246031746031748,0.7,0.40387412062329553,1717,1717,283
null,all_alfworld,all,raw,D_adv_gate::game::reward,top_quartile_mean_absolute_delta,0.03131696428571429,0.009580882352941175,0.0766078869047619,0.03875879040613873,1717,1717,283
null,all_alfworld,all,raw,D_adv_gate::game::reward,top_quartile_lift,0.7973829726260947,0.1834361287,1.2875130039913438,0.6730183950662997,1717,1717,283
null,all_alfworld,all,raw,D_adv_gate::game::unsigned,spearman,-0.17759424152948136,-0.5047580599463789,0.2687259153110985,-0.10705989307536733,1717,1717,283
null,all_alfworld,all,raw,D_adv_gate::game::unsigned,average_precision,0.24433066933066935,0.2315924369747899,0.7956722172163346,0.4992326048174177,1717,1717,283
null,all_alfworld,all,raw,D_adv_gate::game::unsigned,auroc_large_change_vs_rest,0.3384615384615385,0.19480519480519481,0.7232692307692306,0.46389504290154643,1717,1717,283
null,all_alfworld,all,raw,D_adv_gate::game::unsigned,top_quartile_mean_absolute_delta,0.029026199494949494,0.019658493373188375,0.09499210488572189,0.05188326550805396,1717,1717,283
null,all_alfworld,all,raw,D_adv_gate::game::unsigned,top_quartile_lift,0.7390562196949217,0.3975699605923145,1.5158892018884043,0.8980838489743268,1717,1717,283
null,all_alfworld,all,raw,D_sqrtadv::game::reward,spearman,-0.03200826446170885,-0.5008036653300667,0.41208958005820057,-0.06151959939771382,1717,1717,283
null,all_alfworld,all,raw,D_sqrtadv::game::reward,average_precision,0.279281045751634,0.2455065359477124,0.8044236704653367,0.5012226649954196,1717,1717,283
null,all_alfworld,all,raw,D_sqrtadv::game::reward,auroc_large_change_vs_rest,0.38461538461538464,0.2077922077922078,0.7752777777777775,0.47248758399505825,1717,1717,283
null,all_alfworld,all,raw,D_sqrtadv::game::reward,top_quartile_mean_absolute_delta,0.03131696428571429,0.01282987451737452,0.10414178475033735,0.05055552890351788,1717,1717,283
null,all_alfworld,all,raw,D_sqrtadv::game::reward,top_quartile_lift,0.7973829726260947,0.2687106465684931,1.6114973320947847,0.8678884653969619,1717,1717,283
null,all_alfworld,all,raw,D_sqrtadv::game::unsigned,spearman,-0.16417142094876475,-0.35865676180154715,0.5135926692797489,0.08601932894975235,1717,1717,283
null,all_alfworld,all,raw,D_sqrtadv::game::unsigned,average_precision,0.2790947940947941,0.25397244503862154,0.833950589851325,0.5298813366279241,1717,1717,283
null,all_alfworld,all,raw,D_sqrtadv::game::unsigned,auroc_large_change_vs_rest,0.4461538461538462,0.2727272727272727,0.7929870129870124,0.5369095123887883,1717,1717,283
null,all_alfworld,all,raw,D_sqrtadv::game::unsigned,top_quartile_mean_absolute_delta,0.02380050505050505,0.01693956739487869,0.11016652774470104,0.05516629869864868,1717,1717,283
null,all_alfworld,all,raw,D_sqrtadv::game::unsigned,top_quartile_lift,0.606001184981753,0.3542453929951857,1.6373619129530894,0.9451968973201479,1717,1717,283
null,all_alfworld,all,raw,D_work::game::reward,spearman,-0.24161077045289908,-0.4981647079746746,0.352820621338722,-0.08359503081040352,1717,1717,283
null,all_alfworld,all,raw,D_work::game::reward,average_precision,0.27376068376068374,0.24826751679692854,0.7798320028208523,0.4934150712164579,1717,1717,283
null,all_alfworld,all,raw,D_work::game::reward,auroc_large_change_vs_rest,0.4153846153846154,0.20987654320987653,0.753102453102453,0.46978069161868424,1717,1717,283
null,all_alfworld,all,raw,D_work::game::reward,top_quartile_mean_absolute_delta,0.044108544685990334,0.02854411734982618,0.11726856279981279,0.06630518537118807,1717,1717,283
null,all_alfworld,all,raw,D_work::game::reward,top_quartile_lift,1.1230782830368355,0.6050109150744362,1.7999840572219337,1.144691314576824,1717,1717,283
null,all_alfworld,all,raw,D_work::game::unsigned,spearman,0.06504905358347282,-0.27040465783476103,0.5853846769960467,0.15364222530849786,1717,1717,283
null,all_alfworld,all,raw,D_work::game::unsigned,average_precision,0.44130036630036623,0.2941315628815629,0.8595128103689028,0.5838322189734141,1717,1717,283
null,all_alfworld,all,raw,D_work::game::unsigned,auroc_large_change_vs_rest,0.6153846153846154,0.3125,0.8399711399711395,0.5784070594896162,1717,1717,283
null,all_alfworld,all,raw,D_work::game::unsigned,top_quartile_mean_absolute_delta,0.057196342305037964,0.03665812629399587,0.13790811965811967,0.08106733238126843,1717,1717,283
null,all_alfworld,all,raw,D_work::game::unsigned,top_quartile_lift,1.4563157857332723,0.739183377982055,2.1075496716874764,1.3997788638724358,1717,1717,283
null,all_alfworld,all,raw,D_work_gate::game::reward,spearman,-0.14661850172782764,-0.5958481558678118,0.31020606613546914,-0.14535063945360285,1717,1717,283
null,all_alfworld,all,raw,D_work_gate::game::reward,average_precision,0.2838095238095238,0.2249206349206349,0.7751535765821479,0.48530134568526945,1717,1717,283
null,all_alfworld,all,raw,D_work_gate::game::reward,auroc_large_change_vs_rest,0.4,0.1728395061728395,0.7402597402597403,0.44837555085322506,1717,1717,283
null,all_alfworld,all,raw,D_work_gate::game::reward,top_quartile_mean_absolute_delta,0.030535714285714288,0.007142857142857143,0.09481249999999998,0.04306841411378866,1717,1717,283
null,all_alfworld,all,raw,D_work_gate::game::reward,top_quartile_lift,0.7774910239148236,0.14906275228312654,1.4704939884755623,0.7360764018082014,1717,1717,283
null,all_alfworld,all,raw,D_work_gate::game::unsigned,spearman,0.08260197280440994,-0.36565203948494845,0.4966693903979632,0.06262098831398094,1717,1717,283
null,all_alfworld,all,raw,D_work_gate::game::unsigned,average_precision,0.4746031746031746,0.25218559218559217,0.8276873820623819,0.5543478939456399,1717,1717,283
null,all_alfworld,all,raw,D_work_gate::game::unsigned,auroc_large_change_vs_rest,0.5230769230769231,0.2776923076923077,0.8,0.531249427329072,1717,1717,283
null,all_alfworld,all,raw,D_work_gate::game::unsigned,top_quartile_mean_absolute_delta,0.062057453416149065,0.029904017857142855,0.13007307692307676,0.07455515292795481,1717,1717,283
null,all_alfworld,all,raw,D_work_gate::game::unsigned,top_quartile_lift,1.5800879110478476,0.6340967222184735,2.0023092319432134,1.28532894544773,1717,1717,283
null,all_alfworld,all,raw,D_cos_raw::game::reward,spearman,0.04956118368264596,-0.3140985830585872,0.5466763297438535,0.0984073665120835,1717,1717,283
null,all_alfworld,all,raw,D_cos_raw::game::reward,average_precision,0.30644257703081235,0.2553037518037518,0.8195259315847548,0.5337530367882232,1717,1717,283
null,all_alfworld,all,raw,D_cos_raw::game::reward,auroc_large_change_vs_rest,0.46153846153846156,0.2958974358974359,0.8,0.5411947925112846,1717,1717,283
null,all_alfworld,all,raw,D_cos_raw::game::reward,top_quartile_mean_absolute_delta,0.036488095238095236,0.015507352941176474,0.11351388888888886,0.05680486654298972,1717,1717,283
null,all_alfworld,all,raw,D_cos_raw::game::reward,top_quartile_lift,0.9290487283816508,0.3259055710811396,1.7403127306834176,0.9742700767008295,1717,1717,283
null,all_alfworld,all,raw,D_cos_raw::game::unsigned,spearman,-0.2096025059911902,-0.3407828369887355,0.4913131012056895,0.07762289455972414,1717,1717,283
null,all_alfworld,all,raw,D_cos_raw::game::unsigned,average_precision,0.2624114774114774,0.2546023965141612,0.8276522089022088,0.5268029087602178,1717,1717,283
null,all_alfworld,all,raw,D_cos_raw::game::unsigned,auroc_large_change_vs_rest,0.4,0.2767307692307693,0.7792207792207793,0.5302807852519074,1717,1717,283
null,all_alfworld,all,raw,D_cos_raw::game::unsigned,top_quartile_mean_absolute_delta,0.02380050505050505,0.01693956739487869,0.11016652774470104,0.05516629869864868,1717,1717,283
null,all_alfworld,all,raw,D_cos_raw::game::unsigned,top_quartile_lift,0.606001184981753,0.3542453929951857,1.6373619129530894,0.9451968973201479,1717,1717,283
null,all_alfworld,all,raw,D_cos_centered::game::reward,spearman,0.0805369234842997,-0.33286469086008774,0.538255105286736,0.0830689895963034,1717,1717,283
null,all_alfworld,all,raw,D_cos_centered::game::reward,average_precision,0.30178571428571427,0.24847926991309346,0.8169979755340717,0.5252765157364805,1717,1717,283
null,all_alfworld,all,raw,D_cos_centered::game::reward,auroc_large_change_vs_rest,0.47692307692307695,0.2857142857142857,0.8,0.5335505058981083,1717,1717,283
null,all_alfworld,all,raw,D_cos_centered::game::reward,top_quartile_mean_absolute_delta,0.036488095238095236,0.015507352941176474,0.11351388888888886,0.05680486654298972,1717,1717,283
null,all_alfworld,all,raw,D_cos_centered::game::reward,top_quartile_lift,0.9290487283816508,0.3259055710811396,1.7403127306834176,0.9742700767008295,1717,1717,283
null,all_alfworld,all,raw,D_cos_centered::game::unsigned,spearman,-0.17139909356915062,-0.357578641153815,0.5161978934094462,0.08705258543017584,1717,1717,283
null,all_alfworld,all,raw,D_cos_centered::game::unsigned,average_precision,0.2719047619047619,0.2567577030812325,0.8341364896450678,0.5324651546953005,1717,1717,283
null,all_alfworld,all,raw,D_cos_centered::game::unsigned,auroc_large_change_vs_rest,0.4307692307692308,0.2727272727272727,0.7916666666666666,0.5385613308601563,1717,1717,283
null,all_alfworld,all,raw,D_cos_centered::game::unsigned,top_quartile_mean_absolute_delta,0.022680433365917234,0.015925097334705852,0.10703565440952124,0.05341902490341735,1717,1717,283
null,all_alfworld,all,raw,D_cos_centered::game::unsigned,top_quartile_lift,0.5774822620982102,0.3286966107919766,1.6489571818023971,0.9156219913851503,1717,1717,283
null,all_alfworld,all,raw,D_cos_centered_gate::game::reward,spearman,-0.08466702212452018,-0.552875643883168,0.27805388458743696,-0.16803221510606034,1717,1717,283
null,all_alfworld,all,raw,D_cos_centered_gate::game::reward,average_precision,0.3021969696969697,0.21508021390374335,0.7735594850782016,0.4866517319120655,1717,1717,283
null,all_alfworld,all,raw,D_cos_centered_gate::game::reward,auroc_large_change_vs_rest,0.36923076923076925,0.16049382716049382,0.6875,0.4179674685219725,1717,1717,283
null,all_alfworld,all,raw,D_cos_centered_gate::game::reward,top_quartile_mean_absolute_delta,0.03597798123486683,0.014667754141755918,0.08534494663600835,0.045854659869796324,1717,1717,283
null,all_alfworld,all,raw,D_cos_centered_gate::game::reward,top_quartile_lift,0.9160603615475762,0.2894041610530774,1.4152623226166356,0.7985186535354614,1717,1717,283
null,all_alfworld,all,raw,D_cos_centered_gate::game::unsigned,spearman,-0.31801759529697826,-0.5696715687134238,0.20401212897673313,-0.18087567860872758,1717,1717,283
null,all_alfworld,all,raw,D_cos_centered_gate::game::unsigned,average_precision,0.22111111111111112,0.22140962795374558,0.7857102758352758,0.4915178718460458,1717,1717,283
null,all_alfworld,all,raw,D_cos_centered_gate::game::unsigned,auroc_large_change_vs_rest,0.24615384615384617,0.16883116883116883,0.6754845154845154,0.4263499343811419,1717,1717,283
null,all_alfworld,all,raw,D_cos_centered_gate::game::unsigned,top_quartile_mean_absolute_delta,0.020692866161616162,0.01593629110251451,0.10715394656019656,0.053158129267484616,1717,1717,283
null,all_alfworld,all,raw,D_cos_centered_gate::game::unsigned,top_quartile_lift,0.5268754334413637,0.3234442002246913,1.6059143631834654,0.9128970075995186,1717,1717,283
null,all_alfworld,all,raw,D_cos_adv::game::reward,spearman,-0.09499226872507142,-0.5207439839091413,0.35643117043320194,-0.0979314609428396,1717,1717,283
null,all_alfworld,all,raw,D_cos_adv::game::reward,average_precision,0.24885225885225887,0.2373949579831933,0.7901939237233353,0.49524733602337234,1717,1717,283
null,all_alfworld,all,raw,D_cos_adv::game::reward,auroc_large_change_vs_rest,0.3230769230769231,0.1875,0.7407407407407407,0.45858904333836387,1717,1717,283
null,all_alfworld,all,raw,D_cos_adv::game::reward,top_quartile_mean_absolute_delta,0.038869047619047616,0.013047077922077923,0.10694940476190476,0.05359028885173716,1717,1717,283
null,all_alfworld,all,raw,D_cos_adv::game::reward,top_quartile_lift,0.9896718101683816,0.2776584118718924,1.64233920149972,0.9161333135136719,1717,1717,283
null,all_alfworld,all,raw,D_cos_adv::game::unsigned,spearman,-0.17139909356915062,-0.357578641153815,0.5161978934094462,0.08705258543017584,1717,1717,283
null,all_alfworld,all,raw,D_cos_adv::game::unsigned,average_precision,0.2719047619047619,0.2567577030812325,0.8341364896450678,0.5324651546953005,1717,1717,283
null,all_alfworld,all,raw,D_cos_adv::game::unsigned,auroc_large_change_vs_rest,0.4307692307692308,0.2727272727272727,0.7916666666666666,0.5385613308601563,1717,1717,283
null,all_alfworld,all,raw,D_cos_adv::game::unsigned,top_quartile_mean_absolute_delta,0.022680433365917234,0.015925097334705852,0.10703565440952124,0.05341902490341735,1717,1717,283
null,all_alfworld,all,raw,D_cos_adv::game::unsigned,top_quartile_lift,0.5774822620982102,0.3286966107919766,1.6489571818023971,0.9156219913851503,1717,1717,283
null,all_alfworld,all,raw,D_cos_negative::game::reward,spearman,-0.08569954678457531,-0.23153246238333028,0.5743983939630356,0.15114040086601715,1717,1717,283
null,all_alfworld,all,raw,D_cos_negative::game::reward,average_precision,0.29090354090354087,0.2936456043956044,0.8530252155252154,0.5623860791696078,1717,1717,283
null,all_alfworld,all,raw,D_cos_negative::game::reward,auroc_large_change_vs_rest,0.4153846153846154,0.325,0.8217857142857139,0.566989638524292,1717,1717,283
null,all_alfworld,all,raw,D_cos_negative::game::reward,top_quartile_mean_absolute_delta,0.05213513703196828,0.03316591920206659,0.1309986855417889,0.07411628996130125,1717,1717,283
null,all_alfworld,all,raw,D_cos_negative::game::reward,top_quartile_lift,1.3274489240256027,0.7009708135480326,1.969202411533639,1.2797963496143088,1717,1717,283
null,all_alfworld,all,raw,D_cos_negative::game::unsigned,spearman,-0.23335057317245808,-0.2989200055371183,0.5628165097462887,0.13281429163616737,1717,1717,283
null,all_alfworld,all,raw,D_cos_negative::game::unsigned,average_precision,0.24504273504273505,0.2687444091855857,0.8526776246629185,0.5476056015705428,1717,1717,283
null,all_alfworld,all,raw,D_cos_negative::game::unsigned,auroc_large_change_vs_rest,0.3230769230769231,0.2918269230769231,0.8055555555555556,0.5560662171672169,1717,1717,283
null,all_alfworld,all,raw,D_cos_negative::game::unsigned,top_quartile_mean_absolute_delta,0.049766688625384276,0.033338492727079685,0.13749443195882996,0.07767913727297275,1717,1717,283
null,all_alfworld,all,raw,D_cos_negative::game::unsigned,top_quartile_lift,1.267144214612405,0.7027898022847913,2.0563524918102964,1.338414597073429,1717,1717,283
null,all_alfworld,all,raw,D_soft::game::reward,spearman,0.09705731804518168,-0.5023149427739406,0.3720429567504278,-0.06899692148772288,1717,1717,283
null,all_alfworld,all,raw,D_soft::game::reward,average_precision,0.32302836052836054,0.23326243201243202,0.8122315613679248,0.5055606313575292,1717,1717,283
null,all_alfworld,all,raw,D_soft::game::reward,auroc_large_change_vs_rest,0.4461538461538462,0.2077922077922078,0.75,0.46852239015289876,1717,1717,283
null,all_alfworld,all,raw,D_soft::game::reward,top_quartile_mean_absolute_delta,0.03726934523809523,0.017737838650882132,0.09699336080586073,0.05249524283533978,1717,1717,283
null,all_alfworld,all,raw,D_soft::game::reward,top_quartile_lift,0.9489406770929217,0.35235714897338105,1.5664377989257094,0.9112120699589276,1717,1717,283
null,all_alfworld,all,raw,D_soft::game::unsigned,spearman,0.061951479603307456,-0.40999012055354,0.3648255018783306,-0.020921421240487327,1717,1717,283
null,all_alfworld,all,raw,D_soft::game::unsigned,average_precision,0.26467171717171717,0.24647804972804974,0.8217896825396825,0.514977997634838,1717,1717,283
null,all_alfworld,all,raw,D_soft::game::unsigned,auroc_large_change_vs_rest,0.4,0.23076923076923078,0.7662337662337663,0.5027586191607741,1717,1717,283
null,all_alfworld,all,raw,D_soft::game::unsigned,top_quartile_mean_absolute_delta,0.029026199494949494,0.019658493373188375,0.09499210488572189,0.05188326550805396,1717,1717,283
null,all_alfworld,all,raw,D_soft::game::unsigned,top_quartile_lift,0.7390562196949217,0.3975699605923145,1.5158892018884043,0.8980838489743268,1717,1717,283
null,all_alfworld,all,raw,D_soft_negative::game::reward,spearman,0.04543108504242547,-0.33161257472653904,0.4746154158222436,0.08024575701537025,1717,1717,283
null,all_alfworld,all,raw,D_soft_negative::game::reward,average_precision,0.2576406926406926,0.24555065359477127,0.8088191808191807,0.5108739777225171,1717,1717,283
null,all_alfworld,all,raw,D_soft_negative::game::reward,auroc_large_change_vs_rest,0.38461538461538464,0.2625,0.775,0.5143571713254785,1717,1717,283
null,all_alfworld,all,raw,D_soft_negative::game::reward,top_quartile_mean_absolute_delta,0.02991737517426076,0.01910662220874522,0.08968162130403826,0.049120840179579045,1717,1717,283
null,all_alfworld,all,raw,D_soft_negative::game::reward,top_quartile_lift,0.7617470624540793,0.3794466497177379,1.4053296105512516,0.8545491590743155,1717,1717,283
null,all_alfworld,all,raw,D_soft_negative::game::unsigned,spearman,0.054723806982921584,-0.4117678867654599,0.4483544561129285,0.014297018360603597,1717,1717,283
null,all_alfworld,all,raw,D_soft_negative::game::unsigned,average_precision,0.24357448107448104,0.23830900308841485,0.8358282095536995,0.5189260495773695,1717,1717,283
null,all_alfworld,all,raw,D_soft_negative::game::unsigned,auroc_large_change_vs_rest,0.3384615384615385,0.2359567901234568,0.7800487012987006,0.505912032702947,1717,1717,283
null,all_alfworld,all,raw,D_soft_negative::game::unsigned,top_quartile_mean_absolute_delta,0.029026199494949494,0.019658493373188375,0.09499210488572189,0.05188326550805396,1717,1717,283
null,all_alfworld,all,raw,D_soft_negative::game::unsigned,top_quartile_lift,0.7390562196949217,0.3975699605923145,1.5158892018884043,0.8980838489743268,1717,1717,283
null,all_alfworld,all,raw,D_soft_cos::game::reward,spearman,0.14352092774766226,-0.47413198259432776,0.3932760181974174,-0.05884526147683323,1717,1717,283
null,all_alfworld,all,raw,D_soft_cos::game::reward,average_precision,0.34264069264069263,0.23521162171162172,0.8023445084327436,0.506726475558119,1717,1717,283
null,all_alfworld,all,raw,D_soft_cos::game::reward,auroc_large_change_vs_rest,0.5076923076923077,0.2077922077922078,0.75,0.4733070622206227,1717,1717,283
null,all_alfworld,all,raw,D_soft_cos::game::reward,top_quartile_mean_absolute_delta,0.03726934523809523,0.017737838650882132,0.09699336080586073,0.05249524283533978,1717,1717,283
null,all_alfworld,all,raw,D_soft_cos::game::reward,top_quartile_lift,0.9489406770929217,0.35235714897338105,1.5664377989257094,0.9112120699589276,1717,1717,283
null,all_alfworld,all,raw,D_soft_cos::game::unsigned,spearman,0.08466702212452018,-0.4234705034700403,0.35523248942288926,-0.032566821652544056,1717,1717,283
null,all_alfworld,all,raw,D_soft_cos::game::unsigned,average_precision,0.2688383838383838,0.24187409812409813,0.8185966810966812,0.5126963565761118,1717,1717,283
null,all_alfworld,all,raw,D_soft_cos::game::unsigned,auroc_large_change_vs_rest,0.4153846153846154,0.23019230769230772,0.7625,0.49797314447382396,1717,1717,283
null,all_alfworld,all,raw,D_soft_cos::game::unsigned,top_quartile_mean_absolute_delta,0.029026199494949494,0.019658493373188375,0.09499210488572189,0.05188326550805396,1717,1717,283
null,all_alfworld,all,raw,D_soft_cos::game::unsigned,top_quartile_lift,0.7390562196949217,0.3975699605923145,1.5158892018884043,0.8980838489743268,1717,1717,283
null,all_alfworld,all,raw,D_sigmoid::game::reward,spearman,0.016520394560881987,-0.4582619581943893,0.44345789388293305,-0.02839978284998795,1717,1717,283
null,all_alfworld,all,raw,D_sigmoid::game::reward,average_precision,0.31051184110007635,0.23917821067821063,0.8080696937866054,0.5144312112433138,1717,1717,283
null,all_alfworld,all,raw,D_sigmoid::game::reward,auroc_large_change_vs_rest,0.4,0.22077922077922077,0.7625,0.487546713938434,1717,1717,283
null,all_alfworld,all,raw,D_sigmoid::game::reward,top_quartile_mean_absolute_delta,0.03131696428571429,0.01282987451737452,0.10414178475033735,0.05055552890351788,1717,1717,283
null,all_alfworld,all,raw,D_sigmoid::game::reward,top_quartile_lift,0.7973829726260947,0.2687106465684931,1.6114973320947847,0.8678884653969619,1717,1717,283
null,all_alfworld,all,raw,D_sigmoid::game::unsigned,spearman,-0.16313889628870962,-0.45545936124836406,0.3881166123068596,-0.02763506706415312,1717,1717,283
null,all_alfworld,all,raw,D_sigmoid::game::unsigned,average_precision,0.24433066933066935,0.24499479768597415,0.8144218874807109,0.5186024549790392,1717,1717,283
null,all_alfworld,all,raw,D_sigmoid::game::unsigned,auroc_large_change_vs_rest,0.3384615384615385,0.2077922077922078,0.7662337662337663,0.4984529763128579,1717,1717,283
null,all_alfworld,all,raw,D_sigmoid::game::unsigned,top_quartile_mean_absolute_delta,0.028244949494949496,0.016713815961167073,0.11140670289855073,0.05619288921570388,1717,1717,283
null,all_alfworld,all,raw,D_sigmoid::game::unsigned,top_quartile_lift,0.7191642709836507,0.3664367901062257,1.6697270527848331,0.9611418557162286,1717,1717,283
null,all_alfworld,all,raw,D_tauC_q25::game::reward,spearman,-0.008260197280440994,-0.5593352406459402,0.28540470430765247,-0.15555431480889295,1717,1717,283
null,all_alfworld,all,raw,D_tauC_q25::game::reward,average_precision,0.31024114774114775,0.21326451326451326,0.7780211096093447,0.4876502456284353,1717,1717,283
null,all_alfworld,all,raw,D_tauC_q25::game::reward,auroc_large_change_vs_rest,0.4,0.16883116883116883,0.7,0.42633623315287067,1717,1717,283
null,all_alfworld,all,raw,D_tauC_q25::game::reward,top_quartile_mean_absolute_delta,0.03597798123486683,0.014667754141755918,0.08534494663600835,0.045854659869796324,1717,1717,283
null,all_alfworld,all,raw,D_tauC_q25::game::reward,top_quartile_lift,0.9160603615475762,0.2894041610530774,1.4152623226166356,0.7985186535354614,1717,1717,283
null,all_alfworld,all,raw,D_tauC_q25::game::unsigned,spearman,-0.09705731804518168,-0.4810765201537706,0.28986772862789967,-0.08582086711025948,1717,1717,283
null,all_alfworld,all,raw,D_tauC_q25::game::unsigned,average_precision,0.24775058275058273,0.23049420024420023,0.7958055254930254,0.49905737549483226,1717,1717,283
null,all_alfworld,all,raw,D_tauC_q25::game::unsigned,auroc_large_change_vs_rest,0.35384615384615387,0.2,0.7277597402597399,0.4727219255538999,1717,1717,283
null,all_alfworld,all,raw,D_tauC_q25::game::unsigned,top_quartile_mean_absolute_delta,0.029026199494949494,0.019658493373188375,0.09499210488572189,0.05188326550805396,1717,1717,283
null,all_alfworld,all,raw,D_tauC_q25::game::unsigned,top_quartile_lift,0.7390562196949217,0.3975699605923145,1.5158892018884043,0.8980838489743268,1717,1717,283
null,all_alfworld,all,raw,D_tauC_q50::game::reward,spearman,0.05369128232286646,-0.45936679526845337,0.37855644187200704,-0.0372993433159082,1717,1717,283
null,all_alfworld,all,raw,D_tauC_q50::game::reward,average_precision,0.3140873015873016,0.23503034547152193,0.8223789173789173,0.5193663666810527,1717,1717,283
null,all_alfworld,all,raw,D_tauC_q50::game::reward,auroc_large_change_vs_rest,0.4153846153846154,0.23360389610389612,0.75,0.48146893708799166,1717,1717,283
null,all_alfworld,all,raw,D_tauC_q50::game::reward,top_quartile_mean_absolute_delta,0.03657490079365079,0.02079187675070028,0.10068689523225126,0.054908450045110385,1717,1717,283
null,all_alfworld,all,raw,D_tauC_q50::game::reward,top_quartile_lift,0.9312589449051253,0.42097919289490693,1.5974944399187097,0.9545251207135506,1717,1717,283
null,all_alfworld,all,raw,D_tauC_q50::game::unsigned,spearman,0.11667528658622904,-0.41599545266918575,0.4050202799382153,-0.012548564983123282,1717,1717,283
null,all_alfworld,all,raw,D_tauC_q50::game::unsigned,average_precision,0.2630283605283605,0.2430041023791024,0.8378141025641024,0.5211605191786232,1717,1717,283
null,all_alfworld,all,raw,D_tauC_q50::game::unsigned,auroc_large_change_vs_rest,0.4,0.23376623376623376,0.785892857142857,0.5050608863048195,1717,1717,283
null,all_alfworld,all,raw,D_tauC_q50::game::unsigned,top_quartile_mean_absolute_delta,0.04253066378066378,0.023018939393939394,0.10301926205264714,0.059106642547765494,1717,1717,283
null,all_alfworld,all,raw,D_tauC_q50::game::unsigned,top_quartile_lift,1.0829027617040359,0.4803802145246381,1.6558049116669165,1.0227765214491522,1717,1717,283
null,all_alfworld,all,raw,D_tauC_q75::game::reward,spearman,0.1104801386258983,-0.4792603920758639,0.36662222253667376,-0.05277400292381494,1717,1717,283
null,all_alfworld,all,raw,D_tauC_q75::game::reward,average_precision,0.3338095238095238,0.23844691582926877,0.8031850649350648,0.5127061541460427,1717,1717,283
null,all_alfworld,all,raw,D_tauC_q75::game::reward,auroc_large_change_vs_rest,0.47692307692307695,0.2222222222222222,0.7532467532467533,0.4808978420825635,1717,1717,283
null,all_alfworld,all,raw,D_tauC_q75::game::reward,top_quartile_mean_absolute_delta,0.03657490079365079,0.02079187675070028,0.10068689523225126,0.054908450045110385,1717,1717,283
null,all_alfworld,all,raw,D_tauC_q75::game::reward,top_quartile_lift,0.9312589449051253,0.42097919289490693,1.5974944399187097,0.9545251207135506,1717,1717,283
null,all_alfworld,all,raw,D_tauC_q75::game::unsigned,spearman,0.10118741668540217,-0.4027523413440963,0.3919189219420544,-0.009926624493463578,1717,1717,283
null,all_alfworld,all,raw,D_tauC_q75::game::unsigned,average_precision,0.26467171717171717,0.25157300950683303,0.8260903223954694,0.5169094094789172,1717,1717,283
null,all_alfworld,all,raw,D_tauC_q75::game::unsigned,auroc_large_change_vs_rest,0.4,0.2361111111111111,0.7752777777777775,0.5057122840866289,1717,1717,283
null,all_alfworld,all,raw,D_tauC_q75::game::unsigned,top_quartile_mean_absolute_delta,0.029026199494949494,0.019658493373188375,0.09499210488572189,0.05188326550805396,1717,1717,283
null,all_alfworld,all,raw,D_tauC_q75::game::unsigned,top_quartile_lift,0.7390562196949217,0.3975699605923145,1.5158892018884043,0.8980838489743268,1717,1717,283
null,all_alfworld,all,raw,D_delta_q25::game::reward,spearman,0.09705731804518168,-0.35556019069816885,0.552042007141805,0.08593402248562915,1717,1717,283
null,all_alfworld,all,raw,D_delta_q25::game::reward,average_precision,0.32274294333117864,0.261043956043956,0.8271660937102112,0.536152789190834,1717,1717,283
null,all_alfworld,all,raw,D_delta_q25::game::reward,auroc_large_change_vs_rest,0.5076923076923077,0.2839506172839506,0.8125,0.541128419654434,1717,1717,283
null,all_alfworld,all,raw,D_delta_q25::game::reward,top_quartile_mean_absolute_delta,0.036488095238095236,0.015507352941176474,0.11351388888888886,0.05680486654298972,1717,1717,283
null,all_alfworld,all,raw,D_delta_q25::game::reward,top_quartile_lift,0.9290487283816508,0.3259055710811396,1.7403127306834176,0.9742700767008295,1717,1717,283
null,all_alfworld,all,raw,D_delta_q25::game::unsigned,spearman,-0.174496667549316,-0.36114373997709487,0.5222202591826824,0.09369776246596123,1717,1717,283
null,all_alfworld,all,raw,D_delta_q25::game::unsigned,average_precision,0.2855050505050505,0.2549008325552443,0.8339346405228757,0.53057217651063,1717,1717,283
null,all_alfworld,all,raw,D_delta_q25::game::unsigned,auroc_large_change_vs_rest,0.46153846153846156,0.27083333333333337,0.7917207792207791,0.5408483352195738,1717,1717,283
null,all_alfworld,all,raw,D_delta_q25::game::unsigned,top_quartile_mean_absolute_delta,0.01902619949494949,0.016745050963529226,0.10829968173481495,0.05367951324853583,1717,1717,283
null,all_alfworld,all,raw,D_delta_q25::game::unsigned,top_quartile_lift,0.48443927619065197,0.33772742753284396,1.6410915717156822,0.9209741170226607,1717,1717,283
null,all_alfworld,all,raw,D_delta_q50::game::reward,spearman,0.030975739801653728,-0.36971313863563926,0.5134049905363305,0.055734288717852624,1717,1717,283
null,all_alfworld,all,raw,D_delta_q50::game::reward,average_precision,0.3286953242835596,0.25451797385620917,0.8135312886014757,0.5264683167435918,1717,1717,283
null,all_alfworld,all,raw,D_delta_q50::game::reward,auroc_large_change_vs_rest,0.5076923076923077,0.26375000000000004,0.8002469135802467,0.5283879694261173,1717,1717,283
null,all_alfworld,all,raw,D_delta_q50::game::reward,top_quartile_mean_absolute_delta,0.02726934523809524,0.01665320604048071,0.10802608884633312,0.05429149057582166,1717,1717,283
null,all_alfworld,all,raw,D_delta_q50::game::reward,top_quartile_lift,0.6943237335886522,0.33665313250435325,1.6952823240775203,0.9341023380072616,1717,1717,283
null,all_alfworld,all,raw,D_delta_q50::game::unsigned,spearman,-0.12493548386667003,-0.34081286838677016,0.50302924939552,0.09983739681358991,1717,1717,283
null,all_alfworld,all,raw,D_delta_q50::game::unsigned,average_precision,0.25576645576645574,0.2630015463838993,0.8456754838298954,0.5371474012724197,1717,1717,283
null,all_alfworld,all,raw,D_delta_q50::game::unsigned,auroc_large_change_vs_rest,0.38461538461538464,0.2663888888888889,0.8181818181818182,0.5497078196651095,1717,1717,283
null,all_alfworld,all,raw,D_delta_q50::game::unsigned,top_quartile_mean_absolute_delta,0.01902619949494949,0.016745050963529226,0.10829968173481495,0.05367951324853583,1717,1717,283
null,all_alfworld,all,raw,D_delta_q50::game::unsigned,top_quartile_lift,0.48443927619065197,0.33772742753284396,1.6410915717156822,0.9209741170226607,1717,1717,283
null,all_alfworld,all,raw,D_delta_q75::game::reward,spearman,0.12080538522644954,-0.44823974996431565,0.43455847642351636,-0.010601596549577446,1717,1717,283
null,all_alfworld,all,raw,D_delta_q75::game::reward,average_precision,0.3188235294117647,0.2517375326198856,0.8218704530021372,0.5123720218921813,1717,1717,283
null,all_alfworld,all,raw,D_delta_q75::game::reward,auroc_large_change_vs_rest,0.49230769230769234,0.25,0.785892857142857,0.5146386842052733,1717,1717,283
null,all_alfworld,all,raw,D_delta_q75::game::reward,top_quartile_mean_absolute_delta,0.036488095238095236,0.015507352941176474,0.11351388888888886,0.05680486654298972,1717,1717,283
null,all_alfworld,all,raw,D_delta_q75::game::reward,top_quartile_lift,0.9290487283816508,0.3259055710811396,1.7403127306834176,0.9742700767008295,1717,1717,283
null,all_alfworld,all,raw,D_delta_q75::game::unsigned,spearman,-0.2096025059911902,-0.4223744985187336,0.40176185748101617,-0.009605135700407013,1717,1717,283
null,all_alfworld,all,raw,D_delta_q75::game::unsigned,average_precision,0.2663492063492063,0.2470314407814408,0.8001819168485834,0.5139038177619398,1717,1717,283
null,all_alfworld,all,raw,D_delta_q75::game::unsigned,auroc_large_change_vs_rest,0.4153846153846154,0.22472222222222224,0.7846153846153846,0.5080751173318151,1717,1717,283
null,all_alfworld,all,raw,D_delta_q75::game::unsigned,top_quartile_mean_absolute_delta,0.01902619949494949,0.016745050963529226,0.10829968173481495,0.05367951324853583,1717,1717,283
null,all_alfworld,all,raw,D_delta_q75::game::unsigned,top_quartile_lift,0.48443927619065197,0.33772742753284396,1.6410915717156822,0.9209741170226607,1717,1717,283
null,all_alfworld,all,raw,D_winsor::game::reward,spearman,0.08879712076474068,-0.35068839635841637,0.5478724452742622,0.08235772885632948,1717,1717,283
null,all_alfworld,all,raw,D_winsor::game::reward,average_precision,0.3194749694749695,0.2603037240537241,0.8272965922965921,0.5354275240218,1717,1717,283
null,all_alfworld,all,raw,D_winsor::game::reward,auroc_large_change_vs_rest,0.49230769230769234,0.2833333333333334,0.8055555555555556,0.5389569762118782,1717,1717,283
null,all_alfworld,all,raw,D_winsor::game::reward,top_quartile_mean_absolute_delta,0.036488095238095236,0.015507352941176474,0.11351388888888886,0.05680486654298972,1717,1717,283
null,all_alfworld,all,raw,D_winsor::game::reward,top_quartile_lift,0.9290487283816508,0.3259055710811396,1.7403127306834176,0.9742700767008295,1717,1717,283
null,all_alfworld,all,raw,D_winsor::game::unsigned,spearman,-0.17243161822920575,-0.34528762394338863,0.510193119108515,0.08812936159404336,1717,1717,283
null,all_alfworld,all,raw,D_winsor::game::unsigned,average_precision,0.27360028860028857,0.2547126411170529,0.8321412672295024,0.5297984347294573,1717,1717,283
null,all_alfworld,all,raw,D_winsor::game::unsigned,auroc_large_change_vs_rest,0.4307692307692308,0.2776923076923077,0.7922077922077922,0.5366855476846255,1717,1717,283
null,all_alfworld,all,raw,D_winsor::game::unsigned,top_quartile_mean_absolute_delta,0.02380050505050505,0.01693956739487869,0.11016652774470104,0.05516629869864868,1717,1717,283
null,all_alfworld,all,raw,D_winsor::game::unsigned,top_quartile_lift,0.606001184981753,0.3542453929951857,1.6373619129530894,0.9451968973201479,1717,1717,283
null,all_alfworld,all,raw,D_tanh::game::reward,spearman,0.011357771260606367,-0.39128816033444674,0.5044207887543941,0.03789474280239466,1717,1717,283
null,all_alfworld,all,raw,D_tanh::game::reward,average_precision,0.29977591036414564,0.2549126984126984,0.8059244029779744,0.5258436188160612,1717,1717,283
null,all_alfworld,all,raw,D_tanh::game::reward,auroc_large_change_vs_rest,0.4461538461538462,0.26153846153846155,0.7916666666666666,0.5162591594485886,1717,1717,283
null,all_alfworld,all,raw,D_tanh::game::reward,top_quartile_mean_absolute_delta,0.036488095238095236,0.015507352941176474,0.11351388888888886,0.05680486654298972,1717,1717,283
null,all_alfworld,all,raw,D_tanh::game::reward,top_quartile_lift,0.9290487283816508,0.3259055710811396,1.7403127306834176,0.9742700767008295,1717,1717,283
null,all_alfworld,all,raw,D_tanh::game::unsigned,spearman,-0.2591636896738362,-0.3925929245707891,0.4615953908181457,0.047421156132697435,1717,1717,283
null,all_alfworld,all,raw,D_tanh::game::unsigned,average_precision,0.24764957264957266,0.2479583923701571,0.823163344950675,0.5213258672678998,1717,1717,283
null,all_alfworld,all,raw,D_tanh::game::unsigned,auroc_large_change_vs_rest,0.35384615384615387,0.25,0.7777777777777778,0.5159264510179381,1717,1717,283
null,all_alfworld,all,raw,D_tanh::game::unsigned,top_quartile_mean_absolute_delta,0.01902619949494949,0.016745050963529226,0.10829968173481495,0.05367951324853583,1717,1717,283
null,all_alfworld,all,raw,D_tanh::game::unsigned,top_quartile_lift,0.48443927619065197,0.33772742753284396,1.6410915717156822,0.9209741170226607,1717,1717,283
null,all_alfworld,all,raw,D_action_sign::game::reward,spearman,-0.056788856303031834,-0.3322651523004538,0.5101728955862446,0.07258137029310982,1717,1717,283
null,all_alfworld,all,raw,D_action_sign::game::reward,average_precision,0.287077497665733,0.27369771241830065,0.8198389355742295,0.5324919221677273,1717,1717,283
null,all_alfworld,all,raw,D_action_sign::game::reward,auroc_large_change_vs_rest,0.4153846153846154,0.2777777777777778,0.7797602397602393,0.5245818743064423,1717,1717,283
null,all_alfworld,all,raw,D_action_sign::game::reward,top_quartile_mean_absolute_delta,0.05110507246376812,0.0282994227994228,0.12878567813765182,0.07164385004454298,1717,1717,283
null,all_alfworld,all,raw,D_action_sign::game::reward,top_quartile_lift,1.3012217348288857,0.6385742505101598,1.9272891803479768,1.231155039068653,1717,1717,283
null,all_alfworld,all,raw,D_action_sign::game::unsigned,spearman,0.3118224473366475,-0.14781911960896274,0.6594608496688975,0.25985678323394046,1717,1717,283
null,all_alfworld,all,raw,D_action_sign::game::unsigned,average_precision,0.4909090909090909,0.3089028944911298,0.8864923616193668,0.591968635808339,1717,1717,283
null,all_alfworld,all,raw,D_action_sign::game::unsigned,auroc_large_change_vs_rest,0.7384615384615385,0.375,0.8706168831168827,0.6273266362314606,1717,1717,283
null,all_alfworld,all,raw,D_action_sign::game::unsigned,top_quartile_mean_absolute_delta,0.06830745341614906,0.034467171717171716,0.14703956582633051,0.082854513857384,1717,1717,283
null,all_alfworld,all,raw,D_action_sign::game::unsigned,top_quartile_lift,1.7392235007380161,0.7394942337809788,2.1650660364470835,1.4257204691387502,1717,1717,283
null,all_alfworld,all,raw,D_action_adv::game::reward,spearman,-0.12700053318678028,-0.4150858312101188,0.4432967620690056,0.015146784490482968,1717,1717,283
null,all_alfworld,all,raw,D_action_adv::game::reward,average_precision,0.44733044733044736,0.2695501443001443,0.8148134708428826,0.5417032348002299,1717,1717,283
null,all_alfworld,all,raw,D_action_adv::game::reward,auroc_large_change_vs_rest,0.6,0.25,0.7777777777777778,0.5095414831740303,1717,1717,283
null,all_alfworld,all,raw,D_action_adv::game::reward,top_quartile_mean_absolute_delta,0.05292150871568824,0.028994241751657004,0.12740041332023222,0.07098556433360281,1717,1717,283
null,all_alfworld,all,raw,D_action_adv::game::reward,top_quartile_lift,1.347471279482311,0.6209885039279632,1.8921015651627473,1.2212941929103407,1717,1717,283
null,all_alfworld,all,raw,D_action_adv::game::unsigned,spearman,0.3118224473366475,-0.14781911960896274,0.6594608496688975,0.25985678323394046,1717,1717,283
null,all_alfworld,all,raw,D_action_adv::game::unsigned,average_precision,0.4909090909090909,0.3089028944911298,0.8864923616193668,0.591968635808339,1717,1717,283
null,all_alfworld,all,raw,D_action_adv::game::unsigned,auroc_large_change_vs_rest,0.7384615384615385,0.375,0.8706168831168827,0.6273266362314606,1717,1717,283
null,all_alfworld,all,raw,D_action_adv::game::unsigned,top_quartile_mean_absolute_delta,0.06830745341614906,0.034467171717171716,0.14703956582633051,0.082854513857384,1717,1717,283
null,all_alfworld,all,raw,D_action_adv::game::unsigned,top_quartile_lift,1.7392235007380161,0.7394942337809788,2.1650660364470835,1.4257204691387502,1717,1717,283
null,all_alfworld,all,raw,D_action_adv_clip::game::reward,spearman,-0.16004132230854426,-0.4255565362118811,0.4138580156518567,-0.015325174002691741,1717,1717,283
null,all_alfworld,all,raw,D_action_adv_clip::game::reward,average_precision,0.3366161616161616,0.2687666010460128,0.8007753009023062,0.5205882210810922,1717,1717,283
null,all_alfworld,all,raw,D_action_adv_clip::game::reward,auroc_large_change_vs_rest,0.5230769230769231,0.25925925925925924,0.75,0.4937986068142834,1717,1717,283
null,all_alfworld,all,raw,D_action_adv_clip::game::reward,top_quartile_mean_absolute_delta,0.04832729468599034,0.029072805258467022,0.12591110248447202,0.07009587554643655,1717,1717,283
null,all_alfworld,all,raw,D_action_adv_clip::game::reward,top_quartile_lift,1.2304948060776997,0.6401801054263238,1.873178966287229,1.2071329712494303,1717,1717,283
null,all_alfworld,all,raw,D_action_adv_clip::game::unsigned,spearman,0.3118224473366475,-0.14781911960896274,0.6594608496688975,0.25985678323394046,1717,1717,283
null,all_alfworld,all,raw,D_action_adv_clip::game::unsigned,average_precision,0.4909090909090909,0.3089028944911298,0.8864923616193668,0.591968635808339,1717,1717,283
null,all_alfworld,all,raw,D_action_adv_clip::game::unsigned,auroc_large_change_vs_rest,0.7384615384615385,0.375,0.8706168831168827,0.6273266362314606,1717,1717,283
null,all_alfworld,all,raw,D_action_adv_clip::game::unsigned,top_quartile_mean_absolute_delta,0.06830745341614906,0.034467171717171716,0.14703956582633051,0.082854513857384,1717,1717,283
null,all_alfworld,all,raw,D_action_adv_clip::game::unsigned,top_quartile_lift,1.7392235007380161,0.7394942337809788,2.1650660364470835,1.4257204691387502,1717,1717,283
null,all_alfworld,all,raw,D_ratio_adv::game::reward,spearman,-0.18482191414986723,-0.4591631121531854,0.36018601114492677,-0.06367794661417842,1717,1717,283
null,all_alfworld,all,raw,D_ratio_adv::game::reward,average_precision,0.23594771241830062,0.23164343989343988,0.7726102329043505,0.4945438940692761,1717,1717,283
null,all_alfworld,all,raw,D_ratio_adv::game::reward,auroc_large_change_vs_rest,0.2923076923076923,0.2153846153846154,0.725,0.47053751077362993,1717,1717,283
null,all_alfworld,all,raw,D_ratio_adv::game::reward,top_quartile_mean_absolute_delta,0.027541544477028345,0.012829165023780774,0.09877508380401341,0.046906845450103755,1717,1717,283
null,all_alfworld,all,raw,D_ratio_adv::game::reward,top_quartile_lift,0.7012543874127858,0.2672969517767872,1.4747539204496034,0.8011720729604448,1717,1717,283
null,all_alfworld,all,raw,D_ratio_adv::game::unsigned,spearman,0.15074860036804813,-0.21922702371598,0.6011383854128192,0.2054892798837529,1717,1717,283
null,all_alfworld,all,raw,D_ratio_adv::game::unsigned,average_precision,0.4883333333333333,0.2806776556776556,0.8680063339438339,0.5779320703427743,1717,1717,283
null,all_alfworld,all,raw,D_ratio_adv::game::unsigned,auroc_large_change_vs_rest,0.6153846153846154,0.3246753246753247,0.8395061728395061,0.5986608656017509,1717,1717,283
null,all_alfworld,all,raw,D_ratio_adv::game::unsigned,top_quartile_mean_absolute_delta,0.03241161616161616,0.019966008047408067,0.11978089605407376,0.06053106843725606,1717,1717,283
null,all_alfworld,all,raw,D_ratio_adv::game::unsigned,top_quartile_lift,0.8252546641104297,0.41115391621096486,1.7394724164623834,1.0341982608334033,1717,1717,283
null,all_alfworld,all,raw,D_policy_action_adv::game::reward,spearman,-0.25400106637356057,-0.49278506802552285,0.40250454164458566,-0.05629279198887741,1717,1717,283
null,all_alfworld,all,raw,D_policy_action_adv::game::reward,average_precision,0.279281045751634,0.23652820218996692,0.7971076423576423,0.5128694240931914,1717,1717,283
null,all_alfworld,all,raw,D_policy_action_adv::game::reward,auroc_large_change_vs_rest,0.36923076923076925,0.2,0.7654320987654321,0.4789789443194122,1717,1717,283
null,all_alfworld,all,raw,D_policy_action_adv::game::reward,top_quartile_mean_absolute_delta,0.025622519841269842,0.018783272283272284,0.10557930459633245,0.054246050321368894,1717,1717,283
null,all_alfworld,all,raw,D_policy_action_adv::game::reward,top_quartile_lift,0.6523927686861632,0.3778330495191853,1.6477181135608778,0.9334754341306233,1717,1717,283
null,all_alfworld,all,raw,D_policy_action_adv::game::unsigned,spearman,-0.299432151415986,-0.21798313869919725,0.5641531935966122,0.1793250489169121,1717,1717,283
null,all_alfworld,all,raw,D_policy_action_adv::game::unsigned,average_precision,0.2638095238095238,0.27025356506238857,0.8527027894491129,0.555819914176058,1717,1717,283
null,all_alfworld,all,raw,D_policy_action_adv::game::unsigned,auroc_large_change_vs_rest,0.38461538461538464,0.3333333333333333,0.8052308802308803,0.5680612997735887,1717,1717,283
null,all_alfworld,all,raw,D_policy_action_adv::game::unsigned,top_quartile_mean_absolute_delta,0.042571644968476215,0.03145132243487506,0.12976470843651605,0.07473002422356569,1717,1717,283
null,all_alfworld,all,raw,D_policy_action_adv::game::unsigned,top_quartile_lift,1.0839462121822336,0.6823798071135473,1.9691109858829834,1.29104830425705,1717,1717,283
null,all_alfworld,all,raw,D_reward_only::game::reward,spearman,-0.07231404958677685,-0.600129440266907,0.31861170268551414,-0.15485022777873705,1717,1717,283
null,all_alfworld,all,raw,D_reward_only::game::reward,average_precision,0.32936507936507936,0.22213149704326177,0.7963836700181233,0.4780925083253797,1717,1717,283
null,all_alfworld,all,raw,D_reward_only::game::reward,auroc_large_change_vs_rest,0.4461538461538462,0.1554320987654321,0.7375961538461538,0.4344668503381618,1717,1717,283
null,all_alfworld,all,raw,D_reward_only::game::reward,top_quartile_mean_absolute_delta,0.04442460317460317,0.019339556277056278,0.1096145833333333,0.059204602059295244,1717,1717,283
null,all_alfworld,all,raw,D_reward_only::game::reward,top_quartile_lift,1.1311256676707537,0.3953201485324409,1.6985066925252579,1.0214913598565147,1717,1717,283
null,all_alfworld,all,raw,D_reward_only::game::unsigned,spearman,,,,,0,1717,283
null,all_alfworld,all,raw,D_reward_only::game::unsigned,average_precision,0.2777777777777778,0.2222222222222222,0.6666666666666666,0.43988222351646933,1717,1717,283
null,all_alfworld,all,raw,D_reward_only::game::unsigned,auroc_large_change_vs_rest,0.5,0.5,0.5,0.5,1717,1717,283
null,all_alfworld,all,raw,D_reward_only::game::unsigned,top_quartile_mean_absolute_delta,0.03927468401109099,0.035669714646088264,0.0831052709560181,0.057881026017261646,1717,1717,283
null,all_alfworld,all,raw,D_reward_only::game::unsigned,top_quartile_lift,1.0,0.9999999999999998,1.0000000000000004,1.0,1717,1717,283
null,all_alfworld,all,raw,D_adv_negative_fraction::game::reward,spearman,0.24496127302195905,-0.27768888162574423,0.5545850698883565,0.14405269923641675,1717,1717,283
null,all_alfworld,all,raw,D_adv_negative_fraction::game::reward,average_precision,0.28047619047619043,0.25995238095238093,0.8387944347319346,0.541882202807351,1717,1717,283
null,all_alfworld,all,raw,D_adv_negative_fraction::game::reward,auroc_large_change_vs_rest,0.45384615384615384,0.29359577922077923,0.8051948051948052,0.5507310016671063,1717,1717,283
null,all_alfworld,all,raw,D_adv_negative_fraction::game::reward,top_quartile_mean_absolute_delta,0.03638888888888889,0.022753734204392105,0.11266785714285713,0.0612464579548072,1717,1717,283
null,all_alfworld,all,raw,D_adv_negative_fraction::game::reward,top_quartile_lift,0.9265227666405369,0.4585500089185447,1.728623042387494,1.0553919482940322,1717,1717,283
null,all_alfworld,all,raw,D_adv_negative_fraction::game::unsigned,spearman,,,,,0,1717,283
null,all_alfworld,all,raw,D_adv_negative_fraction::game::unsigned,average_precision,0.2777777777777778,0.2222222222222222,0.6666666666666666,0.43988222351646933,1717,1717,283
null,all_alfworld,all,raw,D_adv_negative_fraction::game::unsigned,auroc_large_change_vs_rest,0.5,0.5,0.5,0.5,1717,1717,283
null,all_alfworld,all,raw,D_adv_negative_fraction::game::unsigned,top_quartile_mean_absolute_delta,0.03927468401109099,0.035669714646088264,0.0831052709560181,0.057881026017261646,1717,1717,283
null,all_alfworld,all,raw,D_adv_negative_fraction::game::unsigned,top_quartile_lift,1.0,0.9999999999999998,1.0000000000000004,1.0,1717,1717,283
null,all_alfworld,all,raw,C_raw::game::reward,spearman,0.025813116501378106,-0.47939280497646597,0.4112674881357216,-0.00997212301423538,1717,1717,283
null,all_alfworld,all,raw,C_raw::game::reward,average_precision,0.5326984126984127,0.25274850149850153,0.7796312234773773,0.5261089076916455,1717,1717,283
null,all_alfworld,all,raw,C_raw::game::reward,auroc_large_change_vs_rest,0.5846153846153846,0.23376623376623376,0.7530864197530864,0.49668810925120377,1717,1717,283
null,all_alfworld,all,raw,C_raw::game::reward,top_quartile_mean_absolute_delta,0.059736024844720494,0.026170454545454552,0.12983151092202813,0.07153936528601981,1717,1717,283
null,all_alfworld,all,raw,C_raw::game::reward,top_quartile_lift,1.520980406305785,0.5579856942692395,1.9317157015669664,1.2346094285808153,1717,1717,283
null,all_alfworld,all,raw,C_raw::game::unsigned,spearman,0.149716075707993,-0.42299616598187095,0.4004574187161264,-0.0033701598799856336,1717,1717,283
null,all_alfworld,all,raw,C_raw::game::unsigned,average_precision,0.3871428571428572,0.2361910442498678,0.7966024080086579,0.4949568934371692,1717,1717,283
null,all_alfworld,all,raw,C_raw::game::unsigned,auroc_large_change_vs_rest,0.6153846153846154,0.21223765432098765,0.7625,0.48405953708564853,1717,1717,283
null,all_alfworld,all,raw,C_raw::game::unsigned,top_quartile_mean_absolute_delta,0.03463221510583457,0.016302984525277262,0.08765800987382594,0.04687148573275827,1717,1717,283
null,all_alfworld,all,raw,C_raw::game::unsigned,top_quartile_lift,0.8817948757029996,0.32998467066906445,1.4494226296343506,0.8154404458769896,1717,1717,283
null,all_alfworld,all,raw,C_centered::game::reward,spearman,0.3097573980165373,-0.3471749826862427,0.5063042468944455,0.09057923003965097,1717,1717,283
null,all_alfworld,all,raw,C_centered::game::reward,average_precision,0.3073701298701299,0.24621090021090025,0.8250750335523063,0.5224706925230009,1717,1717,283
null,all_alfworld,all,raw,C_centered::game::reward,auroc_large_change_vs_rest,0.5076923076923077,0.26375000000000004,0.7777777777777778,0.5250249234863872,1717,1717,283
null,all_alfworld,all,raw,C_centered::game::reward,top_quartile_mean_absolute_delta,0.036686507936507934,0.017925904977375565,0.10195833333333332,0.05407069855567763,1717,1717,283
null,all_alfworld,all,raw,C_centered::game::reward,top_quartile_lift,0.9341006518638783,0.3674963356615488,1.555244436854879,0.9299200665330292,1717,1717,283
null,all_alfworld,all,raw,C_centered::game::unsigned,spearman,0.27981418287493864,-0.3477228193484616,0.5201861126672844,0.10852281285349674,1717,1717,283
null,all_alfworld,all,raw,C_centered::game::unsigned,average_precision,0.6096503496503496,0.2509394975939094,0.8254785557579674,0.5510653865881102,1717,1717,283
null,all_alfworld,all,raw,C_centered::game::unsigned,auroc_large_change_vs_rest,0.6615384615384615,0.262224025974026,0.7800487012987006,0.5332010600417221,1717,1717,283
null,all_alfworld,all,raw,C_centered::game::unsigned,top_quartile_mean_absolute_delta,0.04325228679042238,0.017914879493464052,0.0965317645841904,0.052201008522512575,1717,1717,283
null,all_alfworld,all,raw,C_centered::game::unsigned,top_quartile_lift,1.1012765062147447,0.37014822161664174,1.5394496083630278,0.9038749483732653,1717,1717,283
null,all_alfworld,all,raw,C_adv_centered::game::reward,spearman,-0.009292721940496119,-0.5856994813174787,0.2844893926303729,-0.15919482860611436,1717,1717,283
null,all_alfworld,all,raw,C_adv_centered::game::reward,average_precision,0.32085497835497834,0.22344436935613407,0.7851324431287663,0.48722956163622233,1717,1717,283
null,all_alfworld,all,raw,C_adv_centered::game::reward,auroc_large_change_vs_rest,0.47692307692307695,0.14246031746031748,0.7012987012987013,0.42906742161862527,1717,1717,283
null,all_alfworld,all,raw,C_adv_centered::game::reward,top_quartile_mean_absolute_delta,0.04442460317460317,0.019339556277056278,0.1096145833333333,0.059204602059295244,1717,1717,283
null,all_alfworld,all,raw,C_adv_centered::game::reward,top_quartile_lift,1.1311256676707537,0.3953201485324409,1.6985066925252579,1.0214913598565147,1717,1717,283
null,all_alfworld,all,raw,C_adv_centered::game::unsigned,spearman,0.27981418287493864,-0.3477228193484616,0.5201861126672844,0.10852281285349674,1717,1717,283
null,all_alfworld,all,raw,C_adv_centered::game::unsigned,average_precision,0.6096503496503496,0.2509394975939094,0.8254785557579674,0.5510653865881102,1717,1717,283
null,all_alfworld,all,raw,C_adv_centered::game::unsigned,auroc_large_change_vs_rest,0.6615384615384615,0.262224025974026,0.7800487012987006,0.5332010600417221,1717,1717,283
null,all_alfworld,all,raw,C_adv_centered::game::unsigned,top_quartile_mean_absolute_delta,0.04325228679042238,0.017914879493464052,0.0965317645841904,0.052201008522512575,1717,1717,283
null,all_alfworld,all,raw,C_adv_centered::game::unsigned,top_quartile_lift,1.1012765062147447,0.37014822161664174,1.5394496083630278,0.9038749483732653,1717,1717,283
null,all_alfworld,all,raw,M_delta_raw::game::magnitude,spearman,0.020650493201102484,-0.4521772596845362,0.3512067229422465,-0.044696582503492795,1717,1717,283
null,all_alfworld,all,raw,M_delta_raw::game::magnitude,average_precision,0.32928104575163397,0.2513636363636364,0.8141750857708148,0.5214043859083076,1717,1717,283
null,all_alfworld,all,raw,M_delta_raw::game::magnitude,auroc_large_change_vs_rest,0.4307692307692308,0.23214285714285715,0.7625,0.490525618585704,1717,1717,283
null,all_alfworld,all,raw,M_delta_raw::game::magnitude,top_quartile_mean_absolute_delta,0.04223143598143598,0.02516460345138342,0.11664549807076978,0.06410400485479342,1717,1717,283
null,all_alfworld,all,raw,M_delta_raw::game::magnitude,top_quartile_lift,1.0752839149389468,0.5270516603518338,1.7503976555972234,1.10442670764558,1717,1717,283
null,all_alfworld,all,raw,M_delta_centered::game::magnitude,spearman,0.05162623300275621,-0.5552523687383839,0.25539758954827024,-0.14123423619354228,1717,1717,283
null,all_alfworld,all,raw,M_delta_centered::game::magnitude,average_precision,0.34555555555555556,0.2413439885278121,0.7795752225715459,0.5000296474015424,1717,1717,283
null,all_alfworld,all,raw,M_delta_centered::game::magnitude,auroc_large_change_vs_rest,0.38461538461538464,0.18726851851851853,0.7015392015392014,0.4479338067937369,1717,1717,283
null,all_alfworld,all,raw,M_delta_centered::game::magnitude,top_quartile_mean_absolute_delta,0.04231981981981982,0.015110926336536094,0.09848519163763063,0.050230710388211745,1717,1717,283
null,all_alfworld,all,raw,M_delta_centered::game::magnitude,top_quartile_lift,1.0775343172173937,0.30445228241697464,1.4721005577183564,0.8621714385301409,1717,1717,283
null,all_alfworld,all,raw,M_original_norm::game::magnitude,spearman,-0.35105838441874226,-0.634134510266662,0.23282964782064738,-0.22548586566550638,1717,1717,283
null,all_alfworld,all,raw,M_original_norm::game::magnitude,average_precision,0.21004273504273505,0.22001981351981353,0.7525787037037037,0.4669484559056334,1717,1717,283
null,all_alfworld,all,raw,M_original_norm::game::magnitude,auroc_large_change_vs_rest,0.2,0.1375,0.675,0.40419429709616084,1717,1717,283
null,all_alfworld,all,raw,M_original_norm::game::magnitude,top_quartile_mean_absolute_delta,0.025364583333333336,0.011078052995391706,0.10185491427432217,0.046366911812025624,1717,1717,283
null,all_alfworld,all,raw,M_original_norm::game::magnitude,top_quartile_lift,0.6458252681592674,0.21883581634947866,1.5170026332267632,0.7914406410388465,1717,1717,283
null,all_alfworld,all,raw,M_control_norm::game::magnitude,spearman,-0.5513681684694364,-0.7495632668713477,0.08300998330534058,-0.3601833809192718,1717,1717,283
null,all_alfworld,all,raw,M_control_norm::game::magnitude,average_precision,0.19230880230880232,0.2013144841269841,0.695671983987492,0.4330978887638601,1717,1717,283
null,all_alfworld,all,raw,M_control_norm::game::magnitude,auroc_large_change_vs_rest,0.09230769230769231,0.08739197530864197,0.6111111111111112,0.33483681688035216,1717,1717,283
null,all_alfworld,all,raw,M_control_norm::game::magnitude,top_quartile_mean_absolute_delta,0.01703125,0.005717741935483871,0.08686827956989246,0.03584503707407713,1717,1717,283
null,all_alfworld,all,raw,M_control_norm::game::magnitude,top_quartile_lift,0.43364448190570937,0.11031592083252424,1.331791493677457,0.611383729333376,1717,1717,283
null,all_alfworld,all,raw,M_kl::game::magnitude,spearman,-0.23231804851240295,-0.30513254720611577,0.5430400052684828,0.11126539276441368,1717,1717,283
null,all_alfworld,all,raw,M_kl::game::magnitude,average_precision,0.3044444444444444,0.2558874458874459,0.8122134330316149,0.5225546409187019,1717,1717,283
null,all_alfworld,all,raw,M_kl::game::magnitude,auroc_large_change_vs_rest,0.47692307692307695,0.2839506172839506,0.7917207792207791,0.5368447305389161,1717,1717,283
null,all_alfworld,all,raw,M_kl::game::magnitude,top_quartile_mean_absolute_delta,0.02354990583804143,0.019317411868228565,0.11556944444444445,0.05810333936890019,1717,1717,283
null,all_alfworld,all,raw,M_kl::game::magnitude,top_quartile_lift,0.5996205044295466,0.3977016353897458,1.7449640005403146,0.9949090774401664,1717,1717,283
null,all_alfworld,all,raw,M_js::game::magnitude,spearman,-0.14145587842755203,-0.3066756761865149,0.5476060823060893,0.12719934299221813,1717,1717,283
null,all_alfworld,all,raw,M_js::game::magnitude,average_precision,0.34383838383838383,0.2568632756132756,0.8357497231604375,0.5371365046164894,1717,1717,283
null,all_alfworld,all,raw,M_js::game::magnitude,auroc_large_change_vs_rest,0.5076923076923077,0.2857142857142857,0.8051948051948052,0.5468974481302185,1717,1717,283
null,all_alfworld,all,raw,M_js::game::magnitude,top_quartile_mean_absolute_delta,0.03123929977743537,0.017100965813078635,0.10814545247639605,0.05352747490047338,1717,1717,283
null,all_alfworld,all,raw,M_js::game::magnitude,top_quartile_lift,0.7954055026544207,0.35797687853252097,1.6127412668173704,0.916581849350154,1717,1717,283
null,all_alfworld,all,raw,M_action_abs::game::magnitude,spearman,-0.01239029592066149,-0.24874647670323086,0.5958592632169969,0.17880522742054594,1717,1717,283
null,all_alfworld,all,raw,M_action_abs::game::magnitude,average_precision,0.3600356506238859,0.2826479207067442,0.8724987430869783,0.5679318522892703,1717,1717,283
null,all_alfworld,all,raw,M_action_abs::game::magnitude,auroc_large_change_vs_rest,0.5076923076923077,0.3125,0.8376785714285713,0.5830882232624613,1717,1717,283
null,all_alfworld,all,raw,M_action_abs::game::magnitude,top_quartile_mean_absolute_delta,0.05393335529205094,0.034889686853002075,0.14757579080412653,0.08201731649452494,1717,1717,283
null,all_alfworld,all,raw,M_action_abs::game::magnitude,top_quartile_lift,1.373234607739184,0.7251867906532113,2.156301825076544,1.4114710021906036,1717,1717,283
null,all_alfworld,all,raw,B_activation_l8_norm,spearman,-0.07847187416418944,-0.44271094636103625,0.3550640351352732,-0.04867674077877811,1717,1717,283
null,all_alfworld,all,raw,B_activation_l8_norm,average_precision,0.5588522588522589,0.25001154401154396,0.8002886002886003,0.5355419330279284,1717,1717,283
null,all_alfworld,all,raw,B_activation_l8_norm,auroc_large_change_vs_rest,0.49230769230769234,0.225,0.75,0.4866836980868237,1717,1717,283
null,all_alfworld,all,raw,B_activation_l8_norm,top_quartile_mean_absolute_delta,0.04698083676897237,0.01929588371398716,0.1065481174527227,0.057326579851869355,1717,1717,283
null,all_alfworld,all,raw,B_activation_l8_norm,top_quartile_lift,1.1962117061388755,0.42071035236945636,1.6239624016137888,0.9876716969993026,1717,1717,283
null,all_alfworld,all,raw,B_activation_l16_norm,spearman,0.1321631564870559,-0.4502740535943374,0.4143427392681854,-0.0008476328392027292,1717,1717,283
null,all_alfworld,all,raw,B_activation_l16_norm,average_precision,0.592967032967033,0.25960416217769156,0.7767546689421689,0.535026842030156,1717,1717,283
null,all_alfworld,all,raw,B_activation_l16_norm,auroc_large_change_vs_rest,0.6153846153846154,0.24691358024691357,0.7662337662337663,0.5132104144929325,1717,1717,283
null,all_alfworld,all,raw,B_activation_l16_norm,top_quartile_mean_absolute_delta,0.03370870870870871,0.018501723057644106,0.1023114316239316,0.05330309211469955,1717,1717,283
null,all_alfworld,all,raw,B_activation_l16_norm,top_quartile_lift,0.8582808380887169,0.3780675023423121,1.5307672618351942,0.9173633478041431,1717,1717,283
null,all_alfworld,all,raw,B_activation_l24_norm,spearman,0.04026846174214985,-0.4441579764134473,0.37288423032314283,-0.028505753214036433,1717,1717,283
null,all_alfworld,all,raw,B_activation_l24_norm,average_precision,0.5037121212121212,0.26193992118992115,0.7992307913046549,0.5317942091262245,1717,1717,283
null,all_alfworld,all,raw,B_activation_l24_norm,auroc_large_change_vs_rest,0.5230769230769231,0.24675324675324675,0.7638888888888888,0.5088181741574286,1717,1717,283
null,all_alfworld,all,raw,B_activation_l24_norm,top_quartile_mean_absolute_delta,0.04231981981981982,0.015110926336536094,0.09848519163763063,0.050230710388211745,1717,1717,283
null,all_alfworld,all,raw,B_activation_l24_norm,top_quartile_lift,1.0775343172173937,0.30445228241697464,1.4721005577183564,0.8621714385301409,1717,1717,283
null,all_alfworld,all,raw,B_activation_l32_norm,spearman,-0.1104801386258983,-0.553614660563804,0.26703304732143535,-0.1457903972246286,1717,1717,283
null,all_alfworld,all,raw,B_activation_l32_norm,average_precision,0.32555555555555554,0.2432571548821549,0.773229112390877,0.4943961759557092,1717,1717,283
null,all_alfworld,all,raw,B_activation_l32_norm,auroc_large_change_vs_rest,0.36923076923076925,0.19480519480519481,0.7012987012987013,0.4467654291644779,1717,1717,283
null,all_alfworld,all,raw,B_activation_l32_norm,top_quartile_mean_absolute_delta,0.04231981981981982,0.015110926336536094,0.09848519163763063,0.050230710388211745,1717,1717,283
null,all_alfworld,all,raw,B_activation_l32_norm,top_quartile_lift,1.0775343172173937,0.30445228241697464,1.4721005577183564,0.8621714385301409,1717,1717,283
null,all_alfworld,all,raw,B_old_margin,spearman,0.3214192217018995,-0.1965264396582887,0.5893042466252697,0.19080641175969637,1717,1717,283
null,all_alfworld,all,raw,B_old_margin,average_precision,0.3564705882352941,0.324421568627451,0.8558823529411761,0.5745523430200347,1717,1717,283
null,all_alfworld,all,raw,B_old_margin,auroc_large_change_vs_rest,0.47692307692307695,0.3494155844155844,0.8395833333333332,0.5824803040034305,1717,1717,283
null,all_alfworld,all,raw,B_old_margin,top_quartile_mean_absolute_delta,0.06689711450581017,0.03489278264006524,0.12556645049324078,0.0758312954827193,1717,1717,283
null,all_alfworld,all,raw,B_old_margin,top_quartile_lift,1.7033138824724527,0.733629711656715,1.9809695271561085,1.3143455092332723,1717,1717,283
null,all_alfworld,all,raw,B_random_expected,spearman,,,,,0,1717,283
null,all_alfworld,all,raw,B_random_expected,average_precision,0.2777777777777778,0.2222222222222222,0.6666666666666666,0.43988222351646933,1717,1717,283
null,all_alfworld,all,raw,B_random_expected,auroc_large_change_vs_rest,0.5,0.5,0.5,0.5,1717,1717,283
null,all_alfworld,all,raw,B_random_expected,top_quartile_mean_absolute_delta,0.03927468401109099,0.035669714646088264,0.0831052709560181,0.057881026017261646,1717,1717,283
null,all_alfworld,all,raw,B_random_expected,top_quartile_lift,1.0,0.9999999999999998,1.0000000000000004,1.0,1717,1717,283
null,all_alfworld,all,raw,D_real::token::reward,spearman,0.0072276726203858695,-0.47514242048862343,0.39902922706901045,-0.05606349888915014,1717,1717,283
null,all_alfworld,all,raw,D_real::token::reward,average_precision,0.40189393939393936,0.243041744475568,0.8079425505050504,0.5165980122946726,1717,1717,283
null,all_alfworld,all,raw,D_real::token::reward,auroc_large_change_vs_rest,0.5846153846153846,0.23076923076923078,0.7641233766233764,0.4940627562630572,1717,1717,283
null,all_alfworld,all,raw,D_real::token::reward,top_quartile_mean_absolute_delta,0.03680555555555556,0.015969078947368424,0.1094090909090909,0.055956591144108746,1717,1717,283
null,all_alfworld,all,raw,D_real::token::reward,top_quartile_lift,0.9371318059532149,0.33905311937253185,1.66714264933802,0.9581212912693957,1717,1717,283
null,all_alfworld,all,raw,D_real_A1::token::reward_free,spearman,-0.3231802185972539,-0.283601569555149,0.518197669114603,0.10365467505959026,1717,1717,283
null,all_alfworld,all,raw,D_real_A1::token::reward_free,average_precision,0.28095238095238095,0.23972924297924297,0.8134329559329558,0.5268568493806902,1717,1717,283
null,all_alfworld,all,raw,D_real_A1::token::reward_free,auroc_large_change_vs_rest,0.4461538461538462,0.28875,0.7846153846153846,0.5340773414678968,1717,1717,283
null,all_alfworld,all,raw,D_real_A1::token::reward_free,top_quartile_mean_absolute_delta,0.011831155838041433,0.0164012224093232,0.1055059872922776,0.05073040019912874,1717,1717,283
null,all_alfworld,all,raw,D_real_A1::token::reward_free,top_quartile_lift,0.3012412737604806,0.318446034079951,1.583271272076451,0.8736078242062819,1717,1717,283
null,all_alfworld,all,raw,D_real_absA::token::reward_sign_removed,spearman,-0.22922047453223757,-0.275381461634576,0.5251244882349748,0.12643773159894992,1717,1717,283
null,all_alfworld,all,raw,D_real_absA::token::reward_sign_removed,average_precision,0.2905118411000764,0.25482295482295486,0.8315336431245519,0.5317068169078766,1717,1717,283
null,all_alfworld,all,raw,D_real_absA::token::reward_sign_removed,auroc_large_change_vs_rest,0.4153846153846154,0.2857142857142857,0.8052308802308803,0.5379607787683889,1717,1717,283
null,all_alfworld,all,raw,D_real_absA::token::reward_sign_removed,top_quartile_mean_absolute_delta,0.031059119597255193,0.02261389465966618,0.10368039934203725,0.057095750585979564,1717,1717,283
null,all_alfworld,all,raw,D_real_absA::token::reward_sign_removed,top_quartile_lift,0.7908178099786681,0.44332290583506107,1.6174125608337242,0.9910104578479931,1717,1717,283
null,all_alfworld,all,raw,D_real_projection_only::token::geometry_only,spearman,-0.050593708342701084,-0.44679775907440905,0.4079221105594628,-0.024662203846581476,1717,1717,283
null,all_alfworld,all,raw,D_real_projection_only::token::geometry_only,average_precision,0.3904931669637552,0.2247726717726718,0.7898824312941959,0.4939750931561622,1717,1717,283
null,all_alfworld,all,raw,D_real_projection_only::token::geometry_only,auroc_large_change_vs_rest,0.4461538461538462,0.19480519480519481,0.7361111111111112,0.46732685923013045,1717,1717,283
null,all_alfworld,all,raw,D_real_projection_only::token::geometry_only,top_quartile_mean_absolute_delta,0.040685483870967744,0.017934788572083655,0.09820558278009303,0.053690383816475964,1717,1717,283
null,all_alfworld,all,raw,D_real_projection_only::token::geometry_only,top_quartile_lift,1.035921354821807,0.3904795204844185,1.546665107903821,0.9279300352651026,1717,1717,283
null,all_alfworld,all,raw,D_real::decision::reward,spearman,-0.08569954678457531,-0.5061315980108334,0.3934419074475146,-0.07297829189324936,1717,1717,283
null,all_alfworld,all,raw,D_real::decision::reward,average_precision,0.38888888888888884,0.2361088486676722,0.8023666863439589,0.5134139638147012,1717,1717,283
null,all_alfworld,all,raw,D_real::decision::reward,auroc_large_change_vs_rest,0.5384615384615384,0.2222222222222222,0.7638888888888888,0.48297762329382404,1717,1717,283
null,all_alfworld,all,raw,D_real::decision::reward,top_quartile_mean_absolute_delta,0.03680555555555556,0.015969078947368424,0.1094090909090909,0.055956591144108746,1717,1717,283
null,all_alfworld,all,raw,D_real::decision::reward,top_quartile_lift,0.9371318059532149,0.33905311937253185,1.66714264933802,0.9581212912693957,1717,1717,283
null,all_alfworld,all,raw,D_real_A1::decision::reward_free,spearman,-0.1920495867702531,-0.22555356281535027,0.5721695292374951,0.16815503208858884,1717,1717,283
null,all_alfworld,all,raw,D_real_A1::decision::reward_free,average_precision,0.31834733893557426,0.26202194211017743,0.839656862745098,0.5494107339564851,1717,1717,283
null,all_alfworld,all,raw,D_real_A1::decision::reward_free,auroc_large_change_vs_rest,0.49230769230769234,0.3246753246753247,0.8148717948717947,0.569108226316778,1717,1717,283
null,all_alfworld,all,raw,D_real_A1::decision::reward_free,top_quartile_mean_absolute_delta,0.019212180930930932,0.02000498232344536,0.11026452892985147,0.056178916944200824,1717,1717,283
null,all_alfworld,all,raw,D_real_A1::decision::reward_free,top_quartile_lift,0.48917467866846487,0.39857575382047783,1.679361360303666,0.9669100970816983,1717,1717,283
null,all_alfworld,all,raw,D_real_absA::decision::reward_sign_removed,spearman,-0.20753745667107998,-0.2598357263282909,0.5479563223105773,0.14419522433128767,1717,1717,283
null,all_alfworld,all,raw,D_real_absA::decision::reward_sign_removed,average_precision,0.4292997198879552,0.26116386554621845,0.8431847733265799,0.5604765353601369,1717,1717,283
null,all_alfworld,all,raw,D_real_absA::decision::reward_sign_removed,auroc_large_change_vs_rest,0.46153846153846156,0.2962962962962963,0.825,0.5504201975627427,1717,1717,283
null,all_alfworld,all,raw,D_real_absA::decision::reward_sign_removed,top_quartile_mean_absolute_delta,0.027179352648102645,0.02242421183817904,0.10383539114520099,0.057486995912051184,1717,1717,283
null,all_alfworld,all,raw,D_real_absA::decision::reward_sign_removed,top_quartile_lift,0.6920323697684574,0.44586130209173547,1.6120766599184313,0.997322262967592,1717,1717,283
null,all_alfworld,all,raw,D_real_projection_only::decision::geometry_only,spearman,-0.0640165289234177,-0.4236353140449291,0.4294064789361194,-0.0027018333695136535,1717,1717,283
null,all_alfworld,all,raw,D_real_projection_only::decision::geometry_only,average_precision,0.3934343434343434,0.22671085858585863,0.8003818118156351,0.4973025683629755,1717,1717,283
null,all_alfworld,all,raw,D_real_projection_only::decision::geometry_only,auroc_large_change_vs_rest,0.46153846153846156,0.2077922077922078,0.75,0.47397286943734235,1717,1717,283
null,all_alfworld,all,raw,D_real_projection_only::decision::geometry_only,top_quartile_mean_absolute_delta,0.039096500820120283,0.020640658284985316,0.09922453969180721,0.05422556025006209,1717,1717,283
null,all_alfworld,all,raw,D_real_projection_only::decision::geometry_only,top_quartile_lift,0.99546315405312,0.4127350000416339,1.5706040437802664,0.9407085006026396,1717,1717,283
null,all_alfworld,all,raw,D_real::game::reward,spearman,-0.20650493201102485,-0.5539672928213332,0.3511311427111805,-0.1082441097504669,1717,1717,283
null,all_alfworld,all,raw,D_real::game::reward,average_precision,0.29603174603174603,0.23641630591630594,0.7942800731403672,0.5051047703645698,1717,1717,283
null,all_alfworld,all,raw,D_real::game::reward,auroc_large_change_vs_rest,0.4153846153846154,0.18433566433566437,0.7532467532467533,0.4654776113339984,1717,1717,283
null,all_alfworld,all,raw,D_real::game::reward,top_quartile_mean_absolute_delta,0.03553571428571428,0.014273809523809524,0.10881196581196581,0.05434621907876635,1717,1717,283
null,all_alfworld,all,raw,D_real::game::reward,top_quartile_lift,0.9047994956669583,0.2968805418961441,1.6624926707047372,0.9303301220695683,1717,1717,283
null,all_alfworld,all,raw,D_real_A1::game::reward_free,spearman,-0.2581311650137811,-0.1723693617904348,0.5782340238289054,0.19880091288538299,1717,1717,283
null,all_alfworld,all,raw,D_real_A1::game::reward_free,average_precision,0.30216450216450214,0.29084733893557424,0.8418304235871079,0.570373159826726,1717,1717,283
null,all_alfworld,all,raw,D_real_A1::game::reward_free,auroc_large_change_vs_rest,0.46153846153846156,0.35,0.8148148148148148,0.5790834404671524,1717,1717,283
null,all_alfworld,all,raw,D_real_A1::game::reward_free,top_quartile_mean_absolute_delta,0.04346618357487923,0.03316516364070712,0.1314822418866536,0.07660805499975014,1717,1717,283
null,all_alfworld,all,raw,D_real_A1::game::reward_free,top_quartile_lift,1.106722680763124,0.7179918598471083,1.9863395937171855,1.321582889674136,1717,1717,283
null,all_alfworld,all,raw,D_real_absA::game::reward_sign_removed,spearman,-0.2849768061752143,-0.2377147807935157,0.531215200921705,0.1482295639978465,1717,1717,283
null,all_alfworld,all,raw,D_real_absA::game::reward_sign_removed,average_precision,0.3183473389355742,0.28522692503574854,0.8508618386389879,0.5766656965759782,1717,1717,283
null,all_alfworld,all,raw,D_real_absA::game::reward_sign_removed,auroc_large_change_vs_rest,0.4,0.3076923076923077,0.8035714285714286,0.5549907219049133,1717,1717,283
null,all_alfworld,all,raw,D_real_absA::game::reward_sign_removed,top_quartile_mean_absolute_delta,0.053832598376777896,0.03735811236476333,0.12678726737658624,0.07791233364100499,1717,1717,283
null,all_alfworld,all,raw,D_real_absA::game::reward_sign_removed,top_quartile_lift,1.37066916595881,0.7536742427712297,1.9917300228340624,1.3541593211281733,1717,1717,283
null,all_alfworld,all,raw,D_real_projection_only::game::geometry_only,spearman,-0.09602479338512655,-0.36572159829305945,0.4626505980982127,0.03963364581028515,1717,1717,283
null,all_alfworld,all,raw,D_real_projection_only::game::geometry_only,average_precision,0.3967023172905526,0.2345318733554028,0.8076042013542013,0.5042150812324823,1717,1717,283
null,all_alfworld,all,raw,D_real_projection_only::game::geometry_only,auroc_large_change_vs_rest,0.47692307692307695,0.23200549450549451,0.7532467532467533,0.4905591609132184,1717,1717,283
null,all_alfworld,all,raw,D_real_projection_only::game::geometry_only,top_quartile_mean_absolute_delta,0.03521673387096774,0.021831626905892264,0.09728154178337992,0.0546168055761337,1717,1717,283
null,all_alfworld,all,raw,D_real_projection_only::game::geometry_only,top_quartile_lift,0.8966777138429095,0.4218306277901471,1.5530629817958352,0.9470203057222383,1717,1717,283
null,all_alfworld,all,raw,D_factor::token::reward,spearman,-0.15178112502810326,-0.3888229004827422,0.435758942745408,0.009296892281041073,1717,1717,283
null,all_alfworld,all,raw,D_factor::token::reward,average_precision,0.2909663865546218,0.23302864414996768,0.7901278702234582,0.501838827357206,1717,1717,283
null,all_alfworld,all,raw,D_factor::token::reward,auroc_large_change_vs_rest,0.4307692307692308,0.25,0.7407407407407407,0.4925428722215754,1717,1717,283
null,all_alfworld,all,raw,D_factor::token::reward,top_quartile_mean_absolute_delta,0.031042568542568545,0.014787889453853011,0.10706965578317922,0.05204701205476187,1717,1717,283
null,all_alfworld,all,raw,D_factor::token::reward,top_quartile_lift,0.7903963920830596,0.3284389406206017,1.5741862734551764,0.888679915047247,1717,1717,283
null,all_alfworld,all,raw,D_orientation::token::reward,spearman,-0.12596800852672516,-0.38517110858757825,0.4100346964239918,0.0039416219074060906,1717,1717,283
null,all_alfworld,all,raw,D_orientation::token::reward,average_precision,0.2876984126984127,0.23469239094239094,0.7905039636289635,0.4903661062192234,1717,1717,283
null,all_alfworld,all,raw,D_orientation::token::reward,auroc_large_change_vs_rest,0.4153846153846154,0.25,0.7402597402597403,0.4895848711406369,1717,1717,283
null,all_alfworld,all,raw,D_orientation::token::reward,top_quartile_mean_absolute_delta,0.031042568542568545,0.014787889453853011,0.10706965578317922,0.05204701205476187,1717,1717,283
null,all_alfworld,all,raw,D_orientation::token::reward,top_quartile_lift,0.7903963920830596,0.3284389406206017,1.5741862734551764,0.888679915047247,1717,1717,283
null,all_alfworld,all,raw,D_factor_A1::token::reward_free,spearman,0.4057821914016638,-0.21189088924798594,0.6388689157329659,0.21817845180857917,1717,1717,283
null,all_alfworld,all,raw,D_factor_A1::token::reward_free,average_precision,0.42146464646464643,0.2858999946132299,0.8694289881241752,0.5711864038429346,1717,1717,283
null,all_alfworld,all,raw,D_factor_A1::token::reward_free,auroc_large_change_vs_rest,0.6923076923076923,0.35,0.850185185185185,0.6140880057534589,1717,1717,283
null,all_alfworld,all,raw,D_factor_A1::token::reward_free,top_quartile_mean_absolute_delta,0.04530844155844156,0.02210054347826087,0.11820127015638925,0.06216868778331173,1717,1717,283
null,all_alfworld,all,raw,D_factor_A1::token::reward_free,top_quartile_lift,1.1536296904552221,0.4569129571528067,1.7552477481422244,1.0635312853406587,1717,1717,283
null,all_alfworld,all,raw,D_orientation_A1::token::reward_free,spearman,0.41507491334215996,-0.1808593737987597,0.6444988725383993,0.22532908770686083,1717,1717,283
null,all_alfworld,all,raw,D_orientation_A1::token::reward_free,average_precision,0.42329004329004327,0.2849229161361515,0.8759894198938316,0.572742403555551,1717,1717,283
null,all_alfworld,all,raw,D_orientation_A1::token::reward_free,auroc_large_change_vs_rest,0.7076923076923077,0.3611111111111111,0.8571428571428571,0.6177824761485701,1717,1717,283
null,all_alfworld,all,raw,D_orientation_A1::token::reward_free,top_quartile_mean_absolute_delta,0.04352272727272727,0.020601613965744402,0.11895580863924513,0.061223401371186356,1717,1717,283
null,all_alfworld,all,raw,D_orientation_A1::token::reward_free,top_quartile_lift,1.1081623791151738,0.4474911247395182,1.7168140627432498,1.0484078163752883,1717,1717,283
null,all_alfworld,all,raw,D_factor::decision::reward,spearman,-0.18482191414986723,-0.3942266806339452,0.4205798861484089,-0.00017583643149247653,1717,1717,283
null,all_alfworld,all,raw,D_factor::decision::reward,average_precision,0.2826330532212885,0.23748949579831932,0.7827155524214349,0.4963585687024727,1717,1717,283
null,all_alfworld,all,raw,D_factor::decision::reward,auroc_large_change_vs_rest,0.4153846153846154,0.2466933066933067,0.7375,0.484596863541486,1717,1717,283
null,all_alfworld,all,raw,D_factor::decision::reward,top_quartile_mean_absolute_delta,0.027180858218993815,0.014147958046855105,0.10210497387148895,0.04834196877832559,1717,1717,283
null,all_alfworld,all,raw,D_factor::decision::reward,top_quartile_lift,0.6920707041543113,0.291727357237791,1.5285969652006721,0.8271168136749717,1717,1717,283
null,all_alfworld,all,raw,D_orientation::decision::reward,spearman,-0.17552919220937113,-0.3925358959816887,0.39212108107861365,-0.01527365407256546,1717,1717,283
null,all_alfworld,all,raw,D_orientation::decision::reward,average_precision,0.2876984126984127,0.23311059039000218,0.7871940641058287,0.48240501826801446,1717,1717,283
null,all_alfworld,all,raw,D_orientation::decision::reward,auroc_large_change_vs_rest,0.4153846153846154,0.245982905982906,0.7272727272727273,0.47665780368168253,1717,1717,283
null,all_alfworld,all,raw,D_orientation::decision::reward,top_quartile_mean_absolute_delta,0.027180858218993815,0.014147958046855105,0.10210497387148895,0.04834196877832559,1717,1717,283
null,all_alfworld,all,raw,D_orientation::decision::reward,top_quartile_lift,0.6920707041543113,0.291727357237791,1.5285969652006721,0.8271168136749717,1717,1717,283
null,all_alfworld,all,raw,D_factor_A1::decision::reward_free,spearman,0.4863191148859635,-0.15188530680740012,0.6881277155659791,0.2751367614639869,1717,1717,283
null,all_alfworld,all,raw,D_factor_A1::decision::reward_free,average_precision,0.4866666666666667,0.3078347338935574,0.887681165825962,0.5939026987074727,1717,1717,283
null,all_alfworld,all,raw,D_factor_A1::decision::reward_free,auroc_large_change_vs_rest,0.7692307692307693,0.3875,0.8875,0.643193779039974,1717,1717,283
null,all_alfworld,all,raw,D_factor_A1::decision::reward_free,top_quartile_mean_absolute_delta,0.06830745341614906,0.034467171717171716,0.14703956582633051,0.082854513857384,1717,1717,283
null,all_alfworld,all,raw,D_factor_A1::decision::reward_free,top_quartile_lift,1.7392235007380161,0.7394942337809788,2.1650660364470835,1.4257204691387502,1717,1717,283
null,all_alfworld,all,raw,D_orientation_A1::decision::reward_free,spearman,0.45844094906447513,-0.15703300265690687,0.6795194108277626,0.26133559372674936,1717,1717,283
null,all_alfworld,all,raw,D_orientation_A1::decision::reward_free,average_precision,0.4866666666666667,0.29538562091503273,0.8925771654815771,0.5886524437891855,1717,1717,283
null,all_alfworld,all,raw,D_orientation_A1::decision::reward_free,auroc_large_change_vs_rest,0.7692307692307693,0.3888888888888889,0.8701298701298701,0.635610351687327,1717,1717,283
null,all_alfworld,all,raw,D_orientation_A1::decision::reward_free,top_quartile_mean_absolute_delta,0.06652173913043477,0.03567460317460318,0.1396130952380952,0.08190922744525864,1717,1717,283
null,all_alfworld,all,raw,D_orientation_A1::decision::reward_free,top_quartile_lift,1.6937561893979678,0.7657882817856232,2.0749487584858137,1.4105970001733799,1717,1717,283
null,all_alfworld,all,raw,D_factor::game::reward,spearman,-0.08982964542479581,-0.31680846030288007,0.48144727368145973,0.06596788915792545,1717,1717,283
null,all_alfworld,all,raw,D_factor::game::reward,average_precision,0.3445378151260504,0.2602673437673438,0.8170271534021534,0.5078709187971834,1717,1717,283
null,all_alfworld,all,raw,D_factor::game::reward,auroc_large_change_vs_rest,0.5076923076923077,0.2833333333333334,0.7625,0.5163170462165803,1717,1717,283
null,all_alfworld,all,raw,D_factor::game::reward,top_quartile_mean_absolute_delta,0.05404158040027605,0.030861032929918385,0.129715905646078,0.07273283812883415,1717,1717,283
null,all_alfworld,all,raw,D_factor::game::reward,top_quartile_lift,1.3759902023658535,0.660385804995734,1.8921964035107586,1.2508690988453384,1717,1717,283
null,all_alfworld,all,raw,D_orientation::game::reward,spearman,-0.0980898427052368,-0.31318106191304834,0.4683119399218518,0.060508016748266204,1717,1717,283
null,all_alfworld,all,raw,D_orientation::game::reward,average_precision,0.3412698412698413,0.25822039072039077,0.8158393934496873,0.5072428283064735,1717,1717,283
null,all_alfworld,all,raw,D_orientation::game::reward,auroc_large_change_vs_rest,0.49230769230769234,0.2857142857142857,0.7532467532467533,0.5137982484056062,1717,1717,283
null,all_alfworld,all,raw,D_orientation::game::reward,top_quartile_mean_absolute_delta,0.05404158040027605,0.030861032929918385,0.129715905646078,0.07273283812883415,1717,1717,283
null,all_alfworld,all,raw,D_orientation::game::reward,top_quartile_lift,1.3759902023658535,0.660385804995734,1.8921964035107586,1.2508690988453384,1717,1717,283
null,all_alfworld,all,raw,D_factor_A1::game::reward_free,spearman,0.40991229004188434,-0.14488934232095724,0.6525688411696243,0.2595756818649985,1717,1717,283
null,all_alfworld,all,raw,D_factor_A1::game::reward_free,average_precision,0.5199999999999999,0.31173992673992673,0.883456349206349,0.5863212535676657,1717,1717,283
null,all_alfworld,all,raw,D_factor_A1::game::reward_free,auroc_large_change_vs_rest,0.8,0.375,0.875,0.6286630963247154,1717,1717,283
null,all_alfworld,all,raw,D_factor_A1::game::reward_free,top_quartile_mean_absolute_delta,0.06830745341614906,0.034467171717171716,0.14703956582633051,0.082854513857384,1717,1717,283
null,all_alfworld,all,raw,D_factor_A1::game::reward_free,top_quartile_lift,1.7392235007380161,0.7394942337809788,2.1650660364470835,1.42572046913875,1717,1717,283
null,all_alfworld,all,raw,D_orientation_A1::game::reward_free,spearman,0.3613836310192935,-0.16197498825798165,0.6394267711027307,0.24086054689735284,1717,1717,283
null,all_alfworld,all,raw,D_orientation_A1::game::reward_free,average_precision,0.510909090909091,0.3019773070067188,0.8747707457108719,0.5777368002058664,1717,1717,283
null,all_alfworld,all,raw,D_orientation_A1::game::reward_free,auroc_large_change_vs_rest,0.7846153846153846,0.3625,0.8571428571428571,0.6193512996706552,1717,1717,283
null,all_alfworld,all,raw,D_orientation_A1::game::reward_free,top_quartile_mean_absolute_delta,0.0475,0.022467261904761907,0.12779761904761902,0.06528254259059313,1717,1717,283
null,all_alfworld,all,raw,D_orientation_A1::game::reward_free,top_quartile_lift,1.209430481645281,0.44805146384683636,1.7913141698787542,1.1144577733564967,1717,1717,283
null,all_alfworld,all,absolute_readout,D_original::token::reward,spearman,0.17243161822920575,-0.21825992865154173,0.5929074729258725,0.20831066691404407,1717,1717,283
null,all_alfworld,all,absolute_readout,D_original::token::reward,average_precision,0.3303603259485613,0.3072703889248007,0.8792147884794943,0.5819159238072404,1717,1717,283
null,all_alfworld,all,absolute_readout,D_original::token::reward,auroc_large_change_vs_rest,0.5230769230769231,0.325,0.8441558441558441,0.5890206083651531,1717,1717,283
null,all_alfworld,all,absolute_readout,D_original::token::reward,top_quartile_mean_absolute_delta,0.04964425897170462,0.03696195777906304,0.12354122807017544,0.07578366927337879,1717,1717,283
null,all_alfworld,all,absolute_readout,D_original::token::reward,top_quartile_lift,1.264026948190985,0.722159466359988,1.995465902744957,1.3184097959595757,1717,1717,283
null,all_alfworld,all,absolute_readout,D_original::token::unsigned,spearman,-0.07537430018402407,-0.44285943958939783,0.43835094182464546,-0.011614037776846971,1717,1717,283
null,all_alfworld,all,absolute_readout,D_original::token::unsigned,average_precision,0.23989801048624576,0.24396529124470304,0.8169597940186174,0.514832314820097,1717,1717,283
null,all_alfworld,all,absolute_readout,D_original::token::unsigned,auroc_large_change_vs_rest,0.3230769230769231,0.23019230769230772,0.7777777777777778,0.4919958280033993,1717,1717,283
null,all_alfworld,all,absolute_readout,D_original::token::unsigned,top_quartile_mean_absolute_delta,0.029026199494949494,0.019658493373188375,0.09499210488572189,0.05188326550805396,1717,1717,283
null,all_alfworld,all,absolute_readout,D_original::token::unsigned,top_quartile_lift,0.7390562196949217,0.3975699605923145,1.5158892018884043,0.8980838489743268,1717,1717,283
null,all_alfworld,all,absolute_readout,D_centered_gate::token::reward,spearman,0.17243161822920575,-0.21825992865154173,0.5929074729258725,0.20831066691404407,1717,1717,283
null,all_alfworld,all,absolute_readout,D_centered_gate::token::reward,average_precision,0.3303603259485613,0.3072703889248007,0.8792147884794943,0.5819159238072404,1717,1717,283
null,all_alfworld,all,absolute_readout,D_centered_gate::token::reward,auroc_large_change_vs_rest,0.5230769230769231,0.325,0.8441558441558441,0.5890206083651531,1717,1717,283
null,all_alfworld,all,absolute_readout,D_centered_gate::token::reward,top_quartile_mean_absolute_delta,0.04964425897170462,0.03696195777906304,0.12354122807017544,0.07578366927337879,1717,1717,283
null,all_alfworld,all,absolute_readout,D_centered_gate::token::reward,top_quartile_lift,1.264026948190985,0.722159466359988,1.995465902744957,1.3184097959595757,1717,1717,283
null,all_alfworld,all,absolute_readout,D_centered_gate::token::unsigned,spearman,-0.07537430018402407,-0.44285943958939783,0.43835094182464546,-0.011614037776846971,1717,1717,283
null,all_alfworld,all,absolute_readout,D_centered_gate::token::unsigned,average_precision,0.23989801048624576,0.24396529124470304,0.8169597940186174,0.514832314820097,1717,1717,283
null,all_alfworld,all,absolute_readout,D_centered_gate::token::unsigned,auroc_large_change_vs_rest,0.3230769230769231,0.23019230769230772,0.7777777777777778,0.4919958280033993,1717,1717,283
null,all_alfworld,all,absolute_readout,D_centered_gate::token::unsigned,top_quartile_mean_absolute_delta,0.029026199494949494,0.019658493373188375,0.09499210488572189,0.05188326550805396,1717,1717,283
null,all_alfworld,all,absolute_readout,D_centered_gate::token::unsigned,top_quartile_lift,0.7390562196949217,0.3975699605923145,1.5158892018884043,0.8980838489743268,1717,1717,283
null,all_alfworld,all,absolute_readout,D_ungated::token::reward,spearman,-0.022715542521212734,-0.21800921389921674,0.6171583644717689,0.19513137416272808,1717,1717,283
null,all_alfworld,all,absolute_readout,D_ungated::token::reward,average_precision,0.3087868993751347,0.3114764320646673,0.8825632633283806,0.582368294432767,1717,1717,283
null,all_alfworld,all,absolute_readout,D_ungated::token::reward,auroc_large_change_vs_rest,0.4307692307692308,0.345679012345679,0.8465384615384611,0.59545519749849,1717,1717,283
null,all_alfworld,all,absolute_readout,D_ungated::token::reward,top_quartile_mean_absolute_delta,0.05896060656930222,0.036672182223906356,0.14390886193186953,0.08186871143150895,1717,1717,283
null,all_alfworld,all,absolute_readout,D_ungated::token::reward,top_quartile_lift,1.5012369431833497,0.7780289236011723,2.1076174933182146,1.4113174988648443,1717,1717,283
null,all_alfworld,all,absolute_readout,D_ungated::token::unsigned,spearman,-0.08982964542479581,-0.2789526918381302,0.5599885805707485,0.13671465205867725,1717,1717,283
null,all_alfworld,all,absolute_readout,D_ungated::token::unsigned,average_precision,0.2942997198879552,0.27037475596299126,0.8432038712921066,0.5459877782380264,1717,1717,283
null,all_alfworld,all,absolute_readout,D_ungated::token::unsigned,auroc_large_change_vs_rest,0.4461538461538462,0.2987012987012987,0.8194444444444444,0.5620710359838684,1717,1717,283
null,all_alfworld,all,absolute_readout,D_ungated::token::unsigned,top_quartile_mean_absolute_delta,0.021989958708708707,0.019745936355311352,0.11314973669191934,0.05772689144230724,1717,1717,283
null,all_alfworld,all,absolute_readout,D_ungated::token::unsigned,top_quartile_lift,0.5599016074196508,0.40149861344144944,1.7330040979321393,0.9909321649009206,1717,1717,283
null,all_alfworld,all,absolute_readout,D_signed::token::reward,spearman,-0.36861130363967937,-0.5743427087366794,0.2579410192941159,-0.16374647338857878,1717,1717,283
null,all_alfworld,all,absolute_readout,D_signed::token::reward,average_precision,0.2825152625152625,0.23178129468570646,0.7345794973000853,0.4853772847664615,1717,1717,283
null,all_alfworld,all,absolute_readout,D_signed::token::reward,auroc_large_change_vs_rest,0.27692307692307694,0.20701298701298707,0.7,0.4456034078413228,1717,1717,283
null,all_alfworld,all,absolute_readout,D_signed::token::reward,top_quartile_mean_absolute_delta,0.027500000000000004,0.011416666666666669,0.10501923076923077,0.04793508817875479,1717,1717,283
null,all_alfworld,all,absolute_readout,D_signed::token::reward,top_quartile_lift,0.7001965946367418,0.23425340438141576,1.555424237979503,0.8142169096970026,1717,1717,283
null,all_alfworld,all,absolute_readout,D_signed::token::unsigned,spearman,-0.3665462543195691,-0.5721532332185347,0.2587696189191636,-0.17730520691102292,1717,1717,283
null,all_alfworld,all,absolute_readout,D_signed::token::unsigned,average_precision,0.22362554112554114,0.2270681818181818,0.7332921298786681,0.4743141145704672,1717,1717,283
null,all_alfworld,all,absolute_readout,D_signed::token::unsigned,auroc_large_change_vs_rest,0.26153846153846155,0.1875,0.6805555555555556,0.439004707094641,1717,1717,283
null,all_alfworld,all,absolute_readout,D_signed::token::unsigned,top_quartile_mean_absolute_delta,0.023333333333333334,0.009821428571428571,0.09735389610389608,0.04359690895720262,1717,1717,283
null,all_alfworld,all,absolute_readout,D_signed::token::unsigned,top_quartile_lift,0.5941062015099626,0.19331176151619084,1.4441845810135086,0.7411605045798279,1717,1717,283
null,all_alfworld,all,absolute_readout,D_signed_gate::token::reward,spearman,-0.04956118368264596,-0.4696348057209545,0.36981687447083766,-0.050884705898616885,1717,1717,283
null,all_alfworld,all,absolute_readout,D_signed_gate::token::reward,average_precision,0.2888235294117647,0.24641806722689075,0.7983625524801994,0.5106519253470706,1717,1717,283
null,all_alfworld,all,absolute_readout,D_signed_gate::token::reward,auroc_large_change_vs_rest,0.4153846153846154,0.20987654320987653,0.7562499999999993,0.4800362289963824,1717,1717,283
null,all_alfworld,all,absolute_readout,D_signed_gate::token::reward,top_quartile_mean_absolute_delta,0.037222222222222226,0.02043882275132275,0.1103035714285714,0.059733096902709226,1717,1717,283
null,all_alfworld,all,absolute_readout,D_signed_gate::token::reward,top_quartile_lift,0.9477408452658929,0.42650349571297785,1.6695774328861435,1.0265754626281411,1717,1717,283
null,all_alfworld,all,absolute_readout,D_signed_gate::token::unsigned,spearman,0.20753745667107998,-0.33545375856891085,0.48040774682807286,0.07160577560710427,1717,1717,283
null,all_alfworld,all,absolute_readout,D_signed_gate::token::unsigned,average_precision,0.4218939393939394,0.2722222222222222,0.8436624360487996,0.542927855987492,1717,1717,283
null,all_alfworld,all,absolute_readout,D_signed_gate::token::unsigned,auroc_large_change_vs_rest,0.6307692307692307,0.275,0.8037337662337661,0.5363525837159597,1717,1717,283
null,all_alfworld,all,absolute_readout,D_signed_gate::token::unsigned,top_quartile_mean_absolute_delta,0.06516924256607382,0.03615691523281159,0.13432882210275351,0.07956875813616741,1717,1717,283
null,all_alfworld,all,absolute_readout,D_signed_gate::token::unsigned,top_quartile_lift,1.6593193352662066,0.7254690749990121,2.06494116471787,1.3791412469123991,1717,1717,283
null,all_alfworld,all,absolute_readout,D_sign_balance::token::reward,spearman,-0.3624161556793486,-0.5654271573331179,0.275855161735405,-0.15749550939035742,1717,1717,283
null,all_alfworld,all,absolute_readout,D_sign_balance::token::reward,average_precision,0.22535714285714287,0.22780952380952382,0.7352938611341973,0.4785443678658214,1717,1717,283
null,all_alfworld,all,absolute_readout,D_sign_balance::token::reward,auroc_large_change_vs_rest,0.26153846153846155,0.2082792207792208,0.7037037037037037,0.4502020361125389,1717,1717,283
null,all_alfworld,all,absolute_readout,D_sign_balance::token::reward,top_quartile_mean_absolute_delta,0.023333333333333334,0.009821428571428571,0.09735389610389608,0.04359690895720262,1717,1717,283
null,all_alfworld,all,absolute_readout,D_sign_balance::token::reward,top_quartile_lift,0.5941062015099626,0.19331176151619084,1.4441845810135086,0.7411605045798279,1717,1717,283
null,all_alfworld,all,absolute_readout,D_sign_balance::token::unsigned,spearman,-0.2581311650137811,-0.5256488047573278,0.31721472816647983,-0.13091744246540943,1717,1717,283
null,all_alfworld,all,absolute_readout,D_sign_balance::token::unsigned,average_precision,0.2683473389355743,0.23786594614535794,0.7799358615240967,0.4958693946442097,1717,1717,283
null,all_alfworld,all,absolute_readout,D_sign_balance::token::unsigned,auroc_large_change_vs_rest,0.3384615384615385,0.19642857142857142,0.7142857142857143,0.4581029573276224,1717,1717,283
null,all_alfworld,all,absolute_readout,D_sign_balance::token::unsigned,top_quartile_mean_absolute_delta,0.029047619047619044,0.009961538461538464,0.10209722222222221,0.046233871539600215,1717,1717,283
null,all_alfworld,all,absolute_readout,D_sign_balance::token::unsigned,top_quartile_lift,0.7396015977981166,0.20498923948684017,1.4933446822272307,0.784896632175736,1717,1717,283
null,all_alfworld,all,absolute_readout,D_negative_fraction::token::reward,spearman,-0.08879712076474068,-0.2903942560808094,0.6001878615478888,0.15208471288991138,1717,1717,283
null,all_alfworld,all,absolute_readout,D_negative_fraction::token::reward,average_precision,0.3388235294117647,0.2828823529411765,0.8770499033394957,0.5701778166046656,1717,1717,283
null,all_alfworld,all,absolute_readout,D_negative_fraction::token::reward,auroc_large_change_vs_rest,0.49230769230769234,0.32098765432098764,0.8443556443556441,0.577294813981865,1717,1717,283
null,all_alfworld,all,absolute_readout,D_negative_fraction::token::reward,top_quartile_mean_absolute_delta,0.05896060656930222,0.036672182223906356,0.14390886193186953,0.08186871143150895,1717,1717,283
null,all_alfworld,all,absolute_readout,D_negative_fraction::token::reward,top_quartile_lift,1.5012369431833497,0.7780289236011723,2.1076174933182146,1.4113174988648443,1717,1717,283
null,all_alfworld,all,absolute_readout,D_negative_fraction::token::unsigned,spearman,-0.34279818713830124,-0.3628326485371783,0.5299484722037568,0.08500992362040179,1717,1717,283
null,all_alfworld,all,absolute_readout,D_negative_fraction::token::unsigned,average_precision,0.2554901960784314,0.2662142857142857,0.8388022454160727,0.5367809863153126,1717,1717,283
null,all_alfworld,all,absolute_readout,D_negative_fraction::token::unsigned,auroc_large_change_vs_rest,0.3230769230769231,0.27261503928170594,0.8051948051948052,0.5357099942738653,1717,1717,283
null,all_alfworld,all,absolute_readout,D_negative_fraction::token::unsigned,top_quartile_mean_absolute_delta,0.021989958708708707,0.019745936355311352,0.11314973669191934,0.05772689144230724,1717,1717,283
null,all_alfworld,all,absolute_readout,D_negative_fraction::token::unsigned,top_quartile_lift,0.5599016074196508,0.40149861344144944,1.7330040979321393,0.9909321649009206,1717,1717,283
null,all_alfworld,all,absolute_readout,D_adv::token::reward,spearman,-0.006195147960330745,-0.35804168606811065,0.3675588336504881,0.0038122943011086,1717,1717,283
null,all_alfworld,all,absolute_readout,D_adv::token::reward,average_precision,0.3682142857142857,0.24577380952380953,0.8144415266106442,0.5026390155933783,1717,1717,283
null,all_alfworld,all,absolute_readout,D_adv::token::reward,auroc_large_change_vs_rest,0.5384615384615384,0.2361111111111111,0.7407407407407407,0.4948818684658812,1717,1717,283
null,all_alfworld,all,absolute_readout,D_adv::token::reward,top_quartile_mean_absolute_delta,0.04120863599677159,0.01958101851851852,0.10637244152046783,0.05767037067345976,1717,1717,283
null,all_alfworld,all,absolute_readout,D_adv::token::reward,top_quartile_lift,1.0492416943478007,0.42528033591254966,1.6213197179563268,0.9909140551159188,1717,1717,283
null,all_alfworld,all,absolute_readout,D_adv::token::unsigned,spearman,-0.3665462543195691,-0.5721532332185347,0.2587696189191636,-0.17730520691102292,1717,1717,283
null,all_alfworld,all,absolute_readout,D_adv::token::unsigned,average_precision,0.22362554112554114,0.2270681818181818,0.7332921298786681,0.4743141145704672,1717,1717,283
null,all_alfworld,all,absolute_readout,D_adv::token::unsigned,auroc_large_change_vs_rest,0.26153846153846155,0.1875,0.6805555555555556,0.439004707094641,1717,1717,283
null,all_alfworld,all,absolute_readout,D_adv::token::unsigned,top_quartile_mean_absolute_delta,0.023333333333333334,0.009821428571428571,0.09735389610389608,0.04359690895720262,1717,1717,283
null,all_alfworld,all,absolute_readout,D_adv::token::unsigned,top_quartile_lift,0.5941062015099626,0.19331176151619084,1.4441845810135086,0.7411605045798279,1717,1717,283
null,all_alfworld,all,absolute_readout,D_adv_gate::token::reward,spearman,0.15591122366832375,-0.30821529644581686,0.5310745779345848,0.11272914913422867,1717,1717,283
null,all_alfworld,all,absolute_readout,D_adv_gate::token::reward,average_precision,0.3634920634920634,0.2582530663780664,0.8291714458381124,0.5187321372991889,1717,1717,283
null,all_alfworld,all,absolute_readout,D_adv_gate::token::reward,auroc_large_change_vs_rest,0.5692307692307692,0.2716049382716049,0.8,0.5372633921799133,1717,1717,283
null,all_alfworld,all,absolute_readout,D_adv_gate::token::reward,top_quartile_mean_absolute_delta,0.04049435028248588,0.019067460317460316,0.10155442176870746,0.05375609388298174,1717,1717,283
null,all_alfworld,all,absolute_readout,D_adv_gate::token::reward,top_quartile_lift,1.0310547698117816,0.37462909585075177,1.533818236465051,0.9249040095409723,1717,1717,283
null,all_alfworld,all,absolute_readout,D_adv_gate::token::unsigned,spearman,0.20753745667107998,-0.33545375856891085,0.48040774682807286,0.07160577560710427,1717,1717,283
null,all_alfworld,all,absolute_readout,D_adv_gate::token::unsigned,average_precision,0.4218939393939394,0.2722222222222222,0.8436624360487996,0.542927855987492,1717,1717,283
null,all_alfworld,all,absolute_readout,D_adv_gate::token::unsigned,auroc_large_change_vs_rest,0.6307692307692307,0.275,0.8037337662337661,0.5363525837159597,1717,1717,283
null,all_alfworld,all,absolute_readout,D_adv_gate::token::unsigned,top_quartile_mean_absolute_delta,0.06516924256607382,0.03615691523281159,0.13432882210275351,0.07956875813616741,1717,1717,283
null,all_alfworld,all,absolute_readout,D_adv_gate::token::unsigned,top_quartile_lift,1.6593193352662066,0.7254690749990121,2.06494116471787,1.3791412469123991,1717,1717,283
null,all_alfworld,all,absolute_readout,D_sqrtadv::token::reward,spearman,-0.13422820580716616,-0.4466387067406502,0.38156821895077403,-0.030642186946630925,1717,1717,283
null,all_alfworld,all,absolute_readout,D_sqrtadv::token::reward,average_precision,0.466060606060606,0.2436590909090909,0.8054300976800975,0.5238414407025347,1717,1717,283
null,all_alfworld,all,absolute_readout,D_sqrtadv::token::reward,auroc_large_change_vs_rest,0.5692307692307692,0.2361111111111111,0.7654320987654321,0.4953969141347806,1717,1717,283
null,all_alfworld,all,absolute_readout,D_sqrtadv::token::reward,top_quartile_mean_absolute_delta,0.03216101694915254,0.017491293532338307,0.11107701489686783,0.0550309576424124,1717,1717,283
null,all_alfworld,all,absolute_readout,D_sqrtadv::token::reward,top_quartile_lift,0.8188739835582233,0.3557725936130223,1.6536535699439523,0.9397171681661644,1717,1717,283
null,all_alfworld,all,absolute_readout,D_sqrtadv::token::unsigned,spearman,-0.3665462543195691,-0.5721532332185347,0.2587696189191636,-0.17730520691102292,1717,1717,283
null,all_alfworld,all,absolute_readout,D_sqrtadv::token::unsigned,average_precision,0.22362554112554114,0.2270681818181818,0.7332921298786681,0.4743141145704672,1717,1717,283
null,all_alfworld,all,absolute_readout,D_sqrtadv::token::unsigned,auroc_large_change_vs_rest,0.26153846153846155,0.1875,0.6805555555555556,0.439004707094641,1717,1717,283
null,all_alfworld,all,absolute_readout,D_sqrtadv::token::unsigned,top_quartile_mean_absolute_delta,0.023333333333333334,0.009821428571428571,0.09735389610389608,0.04359690895720262,1717,1717,283
null,all_alfworld,all,absolute_readout,D_sqrtadv::token::unsigned,top_quartile_lift,0.5941062015099626,0.19331176151619084,1.4441845810135086,0.7411605045798279,1717,1717,283
null,all_alfworld,all,absolute_readout,D_work::token::reward,spearman,-0.16520394560881987,-0.4229868756806146,0.42472353306891353,0.016780123501936924,1717,1717,283
null,all_alfworld,all,absolute_readout,D_work::token::reward,average_precision,0.4545454545454545,0.2539759001891355,0.8250104405398521,0.5344362971157719,1717,1717,283
null,all_alfworld,all,absolute_readout,D_work::token::reward,auroc_large_change_vs_rest,0.5384615384615384,0.23376623376623376,0.7792207792207793,0.5083453628796766,1717,1717,283
null,all_alfworld,all,absolute_readout,D_work::token::reward,top_quartile_mean_absolute_delta,0.03188323917137477,0.021259037990196076,0.10668193881198283,0.05682847560946954,1717,1717,283
null,all_alfworld,all,absolute_readout,D_work::token::reward,top_quartile_lift,0.8118012906831048,0.4226457856705037,1.6158447378400866,0.9800959188149745,1717,1717,283
null,all_alfworld,all,absolute_readout,D_work::token::unsigned,spearman,-0.29530205277576554,-0.5653881745201043,0.29117195413554503,-0.13674713305294067,1717,1717,283
null,all_alfworld,all,absolute_readout,D_work::token::unsigned,average_precision,0.2767857142857143,0.2246827731092437,0.6771994301994299,0.44579298193215144,1717,1717,283
null,all_alfworld,all,absolute_readout,D_work::token::unsigned,auroc_large_change_vs_rest,0.4307692307692308,0.1875,0.7041025641025638,0.4522305503013132,1717,1717,283
null,all_alfworld,all,absolute_readout,D_work::token::unsigned,top_quartile_mean_absolute_delta,0.017994350282485878,0.008529265873015874,0.09694110591737852,0.04069228766396295,1717,1717,283
null,all_alfworld,all,absolute_readout,D_work::token::unsigned,top_quartile_lift,0.4581666469271746,0.16033740923070802,1.4256429593500046,0.6946809607666611,1717,1717,283
null,all_alfworld,all,absolute_readout,D_work_gate::token::reward,spearman,0.020650493201102484,-0.32496163086572455,0.54714319455465,0.12724372532263417,1717,1717,283
null,all_alfworld,all,absolute_readout,D_work_gate::token::reward,average_precision,0.400093370681606,0.26544514853338386,0.8490442645589702,0.5426736094691768,1717,1717,283
null,all_alfworld,all,absolute_readout,D_work_gate::token::reward,auroc_large_change_vs_rest,0.6,0.2625,0.8052308802308803,0.5464928348397577,1717,1717,283
null,all_alfworld,all,absolute_readout,D_work_gate::token::reward,top_quartile_mean_absolute_delta,0.03188323917137477,0.021259037990196076,0.10668193881198283,0.05682847560946954,1717,1717,283
null,all_alfworld,all,absolute_readout,D_work_gate::token::reward,top_quartile_lift,0.8118012906831048,0.4226457856705037,1.6158447378400866,0.9800959188149745,1717,1717,283
null,all_alfworld,all,absolute_readout,D_work_gate::token::unsigned,spearman,-0.05369128232286646,-0.499226636224816,0.32822018256817553,-0.06278604532209113,1717,1717,283
null,all_alfworld,all,absolute_readout,D_work_gate::token::unsigned,average_precision,0.45,0.23814285714285716,0.7281108058608058,0.49344934294453513,1717,1717,283
null,all_alfworld,all,absolute_readout,D_work_gate::token::unsigned,auroc_large_change_vs_rest,0.5384615384615384,0.2222222222222222,0.7142857142857143,0.4759070228020431,1717,1717,283
null,all_alfworld,all,absolute_readout,D_work_gate::token::unsigned,top_quartile_mean_absolute_delta,0.03138888888888889,0.014080043859649123,0.09062908496732025,0.04563363390226895,1717,1717,283
null,all_alfworld,all,absolute_readout,D_work_gate::token::unsigned,top_quartile_lift,0.7992142948884021,0.2703995931291723,1.3771058605036008,0.78345879267573,1717,1717,283
null,all_alfworld,all,absolute_readout,D_cos_raw::token::reward,spearman,-0.23541562249256834,-0.5122624483281805,0.3053554062959887,-0.12363217086229007,1717,1717,283
null,all_alfworld,all,absolute_readout,D_cos_raw::token::reward,average_precision,0.2593518899401252,0.23700846321434563,0.7264482014250919,0.477672857397166,1717,1717,283
null,all_alfworld,all,absolute_readout,D_cos_raw::token::reward,auroc_large_change_vs_rest,0.38461538461538464,0.2222222222222222,0.727384960718294,0.4689938230427941,1717,1717,283
null,all_alfworld,all,absolute_readout,D_cos_raw::token::reward,top_quartile_mean_absolute_delta,0.027500000000000004,0.011416666666666669,0.10501923076923077,0.04793508817875479,1717,1717,283
null,all_alfworld,all,absolute_readout,D_cos_raw::token::reward,top_quartile_lift,0.7001965946367418,0.23425340438141576,1.555424237979503,0.8142169096970026,1717,1717,283
null,all_alfworld,all,absolute_readout,D_cos_raw::token::unsigned,spearman,-0.15694374832837887,-0.5456789643433878,0.28355739885306414,-0.14731073073841097,1717,1717,283
null,all_alfworld,all,absolute_readout,D_cos_raw::token::unsigned,average_precision,0.2870851370851371,0.23986686189627365,0.7209558968215386,0.4742075267997796,1717,1717,283
null,all_alfworld,all,absolute_readout,D_cos_raw::token::unsigned,auroc_large_change_vs_rest,0.46153846153846156,0.20987654320987653,0.7142857142857143,0.45780394359553744,1717,1717,283
null,all_alfworld,all,absolute_readout,D_cos_raw::token::unsigned,top_quartile_mean_absolute_delta,0.029047619047619044,0.009961538461538464,0.10209722222222221,0.046233871539600215,1717,1717,283
null,all_alfworld,all,absolute_readout,D_cos_raw::token::unsigned,top_quartile_lift,0.7396015977981166,0.20498923948684017,1.4933446822272307,0.784896632175736,1717,1717,283
null,all_alfworld,all,absolute_readout,D_cos_centered::token::reward,spearman,-0.36551372965951395,-0.566398789112952,0.26692830715027116,-0.1622164626263272,1717,1717,283
null,all_alfworld,all,absolute_readout,D_cos_centered::token::reward,average_precision,0.2313776419658773,0.22999458874458875,0.707154769621347,0.468741539641752,1717,1717,283
null,all_alfworld,all,absolute_readout,D_cos_centered::token::reward,auroc_large_change_vs_rest,0.27692307692307694,0.20987654320987653,0.7001298701298699,0.4493603040365805,1717,1717,283
null,all_alfworld,all,absolute_readout,D_cos_centered::token::reward,top_quartile_mean_absolute_delta,0.027500000000000004,0.011416666666666669,0.10501923076923077,0.04793508817875479,1717,1717,283
null,all_alfworld,all,absolute_readout,D_cos_centered::token::reward,top_quartile_lift,0.7001965946367418,0.23425340438141576,1.555424237979503,0.8142169096970026,1717,1717,283
null,all_alfworld,all,absolute_readout,D_cos_centered::token::unsigned,spearman,-0.27981418287493864,-0.5299997354961521,0.3004343372491463,-0.14301973865932616,1717,1717,283
null,all_alfworld,all,absolute_readout,D_cos_centered::token::unsigned,average_precision,0.2421969696969697,0.23320290820290818,0.7485507674144037,0.48249056957907843,1717,1717,283
null,all_alfworld,all,absolute_readout,D_cos_centered::token::unsigned,auroc_large_change_vs_rest,0.3230769230769231,0.2077922077922078,0.7086111111111109,0.4577680033319715,1717,1717,283
null,all_alfworld,all,absolute_readout,D_cos_centered::token::unsigned,top_quartile_mean_absolute_delta,0.029047619047619044,0.009961538461538464,0.10209722222222221,0.046233871539600215,1717,1717,283
null,all_alfworld,all,absolute_readout,D_cos_centered::token::unsigned,top_quartile_lift,0.7396015977981166,0.20498923948684017,1.4933446822272307,0.784896632175736,1717,1717,283
null,all_alfworld,all,absolute_readout,D_cos_centered_gate::token::reward,spearman,-0.10531751532562267,-0.4823716336732041,0.36628200161526736,-0.05705876094001522,1717,1717,283
null,all_alfworld,all,absolute_readout,D_cos_centered_gate::token::reward,average_precision,0.2655555555555556,0.24174236874236876,0.791827922077922,0.5066984586273141,1717,1717,283
null,all_alfworld,all,absolute_readout,D_cos_centered_gate::token::reward,auroc_large_change_vs_rest,0.36923076923076925,0.22023976023976027,0.7538461538461538,0.4777876656892867,1717,1717,283
null,all_alfworld,all,absolute_readout,D_cos_centered_gate::token::reward,top_quartile_mean_absolute_delta,0.037222222222222226,0.02043882275132275,0.1103035714285714,0.059733096902709226,1717,1717,283
null,all_alfworld,all,absolute_readout,D_cos_centered_gate::token::reward,top_quartile_lift,0.9477408452658929,0.42650349571297785,1.6695774328861435,1.0265754626281411,1717,1717,283
null,all_alfworld,all,absolute_readout,D_cos_centered_gate::token::unsigned,spearman,0.06504905358347282,-0.31901115761508286,0.4352251930676058,0.05615245613236864,1717,1717,283
null,all_alfworld,all,absolute_readout,D_cos_centered_gate::token::unsigned,average_precision,0.41120448179271707,0.31444469881969883,0.7887982514943299,0.5519144784927726,1717,1717,283
null,all_alfworld,all,absolute_readout,D_cos_centered_gate::token::unsigned,auroc_large_change_vs_rest,0.6153846153846154,0.2916666666666667,0.7777777777777778,0.5365526021017674,1717,1717,283
null,all_alfworld,all,absolute_readout,D_cos_centered_gate::token::unsigned,top_quartile_mean_absolute_delta,0.047135137031968276,0.029164545625942683,0.10728722259277225,0.06359686567200251,1717,1717,283
null,all_alfworld,all,absolute_readout,D_cos_centered_gate::token::unsigned,top_quartile_lift,1.2001404522734678,0.5527486442077201,1.7140536552817662,1.107200197262685,1717,1717,283
null,all_alfworld,all,absolute_readout,D_cos_adv::token::reward,spearman,-0.055756331642976706,-0.35767574944979885,0.33631710229705536,-0.002106186869949231,1717,1717,283
null,all_alfworld,all,absolute_readout,D_cos_adv::token::reward,average_precision,0.3491666666666666,0.23736134453781513,0.8047575757575757,0.5100092157086512,1717,1717,283
null,all_alfworld,all,absolute_readout,D_cos_adv::token::reward,auroc_large_change_vs_rest,0.5076923076923077,0.225,0.725,0.49101695134140294,1717,1717,283
null,all_alfworld,all,absolute_readout,D_cos_adv::token::reward,top_quartile_mean_absolute_delta,0.04120863599677159,0.01958101851851852,0.10637244152046783,0.05767037067345976,1717,1717,283
null,all_alfworld,all,absolute_readout,D_cos_adv::token::reward,top_quartile_lift,1.0492416943478007,0.42528033591254966,1.6213197179563268,0.9909140551159188,1717,1717,283
null,all_alfworld,all,absolute_readout,D_cos_adv::token::unsigned,spearman,-0.27981418287493864,-0.5299997354961521,0.3004343372491463,-0.14301973865932616,1717,1717,283
null,all_alfworld,all,absolute_readout,D_cos_adv::token::unsigned,average_precision,0.2421969696969697,0.23320290820290818,0.7485507674144037,0.48249056957907843,1717,1717,283
null,all_alfworld,all,absolute_readout,D_cos_adv::token::unsigned,auroc_large_change_vs_rest,0.3230769230769231,0.2077922077922078,0.7086111111111109,0.4577680033319715,1717,1717,283
null,all_alfworld,all,absolute_readout,D_cos_adv::token::unsigned,top_quartile_mean_absolute_delta,0.029047619047619044,0.009961538461538464,0.10209722222222221,0.046233871539600215,1717,1717,283
null,all_alfworld,all,absolute_readout,D_cos_adv::token::unsigned,top_quartile_lift,0.7396015977981166,0.20498923948684017,1.4933446822272307,0.784896632175736,1717,1717,283
null,all_alfworld,all,absolute_readout,D_cos_negative::token::reward,spearman,-0.004130098640220497,-0.21172768982342835,0.6303571504024577,0.2102899772441422,1717,1717,283
null,all_alfworld,all,absolute_readout,D_cos_negative::token::reward,average_precision,0.3292997198879552,0.3092352941176471,0.8864028944911295,0.5870069641042005,1717,1717,283
null,all_alfworld,all,absolute_readout,D_cos_negative::token::reward,auroc_large_change_vs_rest,0.49230769230769234,0.35064935064935066,0.8611538461538462,0.603834479682616,1717,1717,283
null,all_alfworld,all,absolute_readout,D_cos_negative::token::reward,top_quartile_mean_absolute_delta,0.05896060656930222,0.036672182223906356,0.14390886193186953,0.08186871143150895,1717,1717,283
null,all_alfworld,all,absolute_readout,D_cos_negative::token::reward,top_quartile_lift,1.5012369431833497,0.7780289236011723,2.1076174933182146,1.4113174988648443,1717,1717,283
null,all_alfworld,all,absolute_readout,D_cos_negative::token::unsigned,spearman,-0.22715542521212734,-0.32116504481886665,0.5564738327704796,0.12707717605600635,1717,1717,283
null,all_alfworld,all,absolute_readout,D_cos_negative::token::unsigned,average_precision,0.2692997198879552,0.2624918480212598,0.8350788860904723,0.5386833606382762,1717,1717,283
null,all_alfworld,all,absolute_readout,D_cos_negative::token::unsigned,auroc_large_change_vs_rest,0.4,0.2916666666666667,0.8127314814814812,0.5518012569859299,1717,1717,283
null,all_alfworld,all,absolute_readout,D_cos_negative::token::unsigned,top_quartile_mean_absolute_delta,0.01902619949494949,0.016745050963529226,0.10829968173481495,0.05367951324853583,1717,1717,283
null,all_alfworld,all,absolute_readout,D_cos_negative::token::unsigned,top_quartile_lift,0.48443927619065197,0.33772742753284396,1.6410915717156822,0.9209741170226607,1717,1717,283
null,all_alfworld,all,absolute_readout,D_soft::token::reward,spearman,-0.05369128232286646,-0.4069145079234244,0.39339189548100234,-0.004988889100734553,1717,1717,283
null,all_alfworld,all,absolute_readout,D_soft::token::reward,average_precision,0.2867857142857143,0.24577322595704945,0.8122025534483113,0.5185137950113669,1717,1717,283
null,all_alfworld,all,absolute_readout,D_soft::token::reward,auroc_large_change_vs_rest,0.4461538461538462,0.2372067901234568,0.7625,0.5052560858775671,1717,1717,283
null,all_alfworld,all,absolute_readout,D_soft::token::reward,top_quartile_mean_absolute_delta,0.04049435028248588,0.019067460317460316,0.10155442176870746,0.05375609388298174,1717,1717,283
null,all_alfworld,all,absolute_readout,D_soft::token::reward,top_quartile_lift,1.0310547698117816,0.37462909585075177,1.533818236465051,0.9249040095409723,1717,1717,283
null,all_alfworld,all,absolute_readout,D_soft::token::unsigned,spearman,0.022715542521212734,-0.40901123242248977,0.37170200702502276,-0.029931400776739017,1717,1717,283
null,all_alfworld,all,absolute_readout,D_soft::token::unsigned,average_precision,0.3018939393939394,0.24016883116883117,0.7978026762076535,0.5011799250107855,1717,1717,283
null,all_alfworld,all,absolute_readout,D_soft::token::unsigned,auroc_large_change_vs_rest,0.49230769230769234,0.2222222222222222,0.7503086419753083,0.48665113454353415,1717,1717,283
null,all_alfworld,all,absolute_readout,D_soft::token::unsigned,top_quartile_mean_absolute_delta,0.03558298730660677,0.01837425310001909,0.0931861781794057,0.05044908256400863,1717,1717,283
null,all_alfworld,all,absolute_readout,D_soft::token::unsigned,top_quartile_lift,0.9060031468759442,0.3634319179936966,1.4924384235368986,0.8752151266838043,1717,1717,283
null,all_alfworld,all,absolute_readout,D_soft_negative::token::reward,spearman,0.14145587842755203,-0.280162750285948,0.5599313693021646,0.16230044145378694,1717,1717,283
null,all_alfworld,all,absolute_readout,D_soft_negative::token::reward,average_precision,0.2863095238095238,0.2681691919191919,0.864350240891016,0.5466278923108258,1717,1717,283
null,all_alfworld,all,absolute_readout,D_soft_negative::token::reward,auroc_large_change_vs_rest,0.46153846153846156,0.2987012987012987,0.8255769230769225,0.5619445224885916,1717,1717,283
null,all_alfworld,all,absolute_readout,D_soft_negative::token::reward,top_quartile_mean_absolute_delta,0.05677809735554301,0.03506007152430364,0.12288010025637902,0.0735117095300876,1717,1717,283
null,all_alfworld,all,absolute_readout,D_soft_negative::token::reward,top_quartile_lift,1.445666560665622,0.6806637789019943,1.9059284437841333,1.2783014442446825,1717,1717,283
null,all_alfworld,all,absolute_readout,D_soft_negative::token::unsigned,spearman,0.04543108504242547,-0.38388405465831804,0.4791034568873002,0.03928134618915267,1717,1717,283
null,all_alfworld,all,absolute_readout,D_soft_negative::token::unsigned,average_precision,0.24884920634920632,0.2559191984486103,0.8359594303127057,0.5277899453015791,1717,1717,283
null,all_alfworld,all,absolute_readout,D_soft_negative::token::unsigned,auroc_large_change_vs_rest,0.35384615384615387,0.25,0.8,0.5194143359426799,1717,1717,283
null,all_alfworld,all,absolute_readout,D_soft_negative::token::unsigned,top_quartile_mean_absolute_delta,0.033800505050505046,0.019041800930898675,0.09896990740740741,0.05337005095816681,1717,1717,283
null,all_alfworld,all,absolute_readout,D_soft_negative::token::unsigned,top_quartile_lift,0.8606181284860226,0.40487649704323286,1.5622303847650165,0.922306629271814,1717,1717,283
null,all_alfworld,all,absolute_readout,D_soft_cos::token::reward,spearman,-0.09292721940496118,-0.41221163197438054,0.3931601890358583,-0.0243780602151964,1717,1717,283
null,all_alfworld,all,absolute_readout,D_soft_cos::token::reward,average_precision,0.276031746031746,0.2449035409035409,0.802995501230795,0.5141139181296642,1717,1717,283
null,all_alfworld,all,absolute_readout,D_soft_cos::token::reward,auroc_large_change_vs_rest,0.4,0.225,0.7562499999999993,0.49434704948804153,1717,1717,283
null,all_alfworld,all,absolute_readout,D_soft_cos::token::reward,top_quartile_mean_absolute_delta,0.04049435028248588,0.019067460317460316,0.10155442176870746,0.05375609388298174,1717,1717,283
null,all_alfworld,all,absolute_readout,D_soft_cos::token::reward,top_quartile_lift,1.0310547698117816,0.37462909585075177,1.533818236465051,0.9249040095409723,1717,1717,283
null,all_alfworld,all,absolute_readout,D_soft_cos::token::unsigned,spearman,-0.07537430018402407,-0.4258786357537788,0.3612872598880213,-0.04954853787985366,1717,1717,283
null,all_alfworld,all,absolute_readout,D_soft_cos::token::unsigned,average_precision,0.2854256854256854,0.22944877344877343,0.7965060366698066,0.49526115596595344,1717,1717,283
null,all_alfworld,all,absolute_readout,D_soft_cos::token::unsigned,auroc_large_change_vs_rest,0.4461538461538462,0.22077922077922077,0.7416666666666658,0.4742274572210507,1717,1717,283
null,all_alfworld,all,absolute_readout,D_soft_cos::token::unsigned,top_quartile_mean_absolute_delta,0.030048881772501236,0.018137653809336865,0.09323266317016315,0.04933724405934437,1717,1717,283
null,all_alfworld,all,absolute_readout,D_soft_cos::token::unsigned,top_quartile_lift,0.7650954432635427,0.35842134293702677,1.4453072585744722,0.8563873938567351,1717,1717,283
null,all_alfworld,all,absolute_readout,D_sigmoid::token::reward,spearman,-0.166236470268875,-0.5442618346355683,0.2725285994326269,-0.14202379194232057,1717,1717,283
null,all_alfworld,all,absolute_readout,D_sigmoid::token::reward,average_precision,0.2988235294117647,0.23581297134238313,0.7748660224579342,0.49305102587950334,1717,1717,283
null,all_alfworld,all,absolute_readout,D_sigmoid::token::reward,auroc_large_change_vs_rest,0.3384615384615385,0.1875,0.6879807692307688,0.4369960833887741,1717,1717,283
null,all_alfworld,all,absolute_readout,D_sigmoid::token::reward,top_quartile_mean_absolute_delta,0.035833333333333335,0.012939664502164501,0.09270833333333332,0.046660224419324145,1717,1717,283
null,all_alfworld,all,absolute_readout,D_sigmoid::token::reward,top_quartile_lift,0.9123773808902998,0.2711260397458466,1.3833577300905227,0.7994037510718106,1717,1717,283
null,all_alfworld,all,absolute_readout,D_sigmoid::token::unsigned,spearman,-0.030975739801653728,-0.4608877625936425,0.36931884278753996,-0.04078768330074716,1717,1717,283
null,all_alfworld,all,absolute_readout,D_sigmoid::token::unsigned,average_precision,0.32096638655462184,0.23966569541569543,0.7720928091516327,0.4914444771484653,1717,1717,283
null,all_alfworld,all,absolute_readout,D_sigmoid::token::unsigned,auroc_large_change_vs_rest,0.5230769230769231,0.225,0.75,0.4845347402387298,1717,1717,283
null,all_alfworld,all,absolute_readout,D_sigmoid::token::unsigned,top_quartile_mean_absolute_delta,0.03049435028248588,0.013529104477611941,0.08502495908346969,0.043755603126084466,1717,1717,283
null,all_alfworld,all,absolute_readout,D_sigmoid::token::unsigned,top_quartile_lift,0.7764378263075118,0.2748504958297156,1.348028362032725,0.7529242072586438,1717,1717,283
null,all_alfworld,all,absolute_readout,D_tauC_q25::token::reward,spearman,-0.029943215141598603,-0.41306325920138615,0.4236194201866781,-0.0054405210718235985,1717,1717,283
null,all_alfworld,all,absolute_readout,D_tauC_q25::token::reward,average_precision,0.2992997198879552,0.2551928314060667,0.8016797819555169,0.5189855343540264,1717,1717,283
null,all_alfworld,all,absolute_readout,D_tauC_q25::token::reward,auroc_large_change_vs_rest,0.4307692307692308,0.2452884615384616,0.7662337662337663,0.503554755838293,1717,1717,283
null,all_alfworld,all,absolute_readout,D_tauC_q25::token::reward,top_quartile_mean_absolute_delta,0.04049435028248588,0.019067460317460316,0.10155442176870746,0.05375609388298174,1717,1717,283
null,all_alfworld,all,absolute_readout,D_tauC_q25::token::reward,top_quartile_lift,1.0310547698117816,0.37462909585075177,1.533818236465051,0.9249040095409723,1717,1717,283
null,all_alfworld,all,absolute_readout,D_tauC_q25::token::unsigned,spearman,0.08879712076474068,-0.3962765455659324,0.4091682594318813,0.005429224680785624,1717,1717,283
null,all_alfworld,all,absolute_readout,D_tauC_q25::token::unsigned,average_precision,0.3402272727272727,0.25553030303030305,0.8125854415192648,0.5201017006464921,1717,1717,283
null,all_alfworld,all,absolute_readout,D_tauC_q25::token::unsigned,auroc_large_change_vs_rest,0.5538461538461539,0.2375,0.7777777777777778,0.5107874416867816,1717,1717,283
null,all_alfworld,all,absolute_readout,D_tauC_q25::token::unsigned,top_quartile_mean_absolute_delta,0.043647503435639036,0.021218482905982907,0.10858146663314766,0.05808251007889856,1717,1717,283
null,all_alfworld,all,absolute_readout,D_tauC_q25::token::unsigned,top_quartile_lift,1.111339391637452,0.4297273029139291,1.6303633225029048,1.001868505555199,1717,1717,283
null,all_alfworld,all,absolute_readout,D_tauC_q50::token::reward,spearman,0.09705731804518168,-0.3530495256282666,0.43737413681008186,0.04164807927393056,1717,1717,283
null,all_alfworld,all,absolute_readout,D_tauC_q50::token::reward,average_precision,0.31821428571428567,0.25830747602071136,0.8213280812324925,0.5297070765519852,1717,1717,283
null,all_alfworld,all,absolute_readout,D_tauC_q50::token::reward,auroc_large_change_vs_rest,0.49230769230769234,0.2625,0.7779220779220778,0.5279476823194063,1717,1717,283
null,all_alfworld,all,absolute_readout,D_tauC_q50::token::reward,top_quartile_mean_absolute_delta,0.04049435028248588,0.019067460317460316,0.10155442176870746,0.05375609388298174,1717,1717,283
null,all_alfworld,all,absolute_readout,D_tauC_q50::token::reward,top_quartile_lift,1.0310547698117816,0.37462909585075177,1.533818236465051,0.9249040095409723,1717,1717,283
null,all_alfworld,all,absolute_readout,D_tauC_q50::token::unsigned,spearman,0.10428499066556755,-0.4033436633717657,0.39712329661435924,-0.013477611612597746,1717,1717,283
null,all_alfworld,all,absolute_readout,D_tauC_q50::token::unsigned,average_precision,0.3154901960784314,0.23874595992243053,0.8047465455610251,0.5121071352851613,1717,1717,283
null,all_alfworld,all,absolute_readout,D_tauC_q50::token::unsigned,auroc_large_change_vs_rest,0.49230769230769234,0.23076923076923078,0.753102453102453,0.4910014646691991,1717,1717,283
null,all_alfworld,all,absolute_readout,D_tauC_q50::token::unsigned,top_quartile_mean_absolute_delta,0.043647503435639036,0.021218482905982907,0.10858146663314766,0.05808251007889856,1717,1717,283
null,all_alfworld,all,absolute_readout,D_tauC_q50::token::unsigned,top_quartile_lift,1.111339391637452,0.4297273029139291,1.6303633225029048,1.001868505555199,1717,1717,283
null,all_alfworld,all,absolute_readout,D_tauC_q75::token::reward,spearman,0.04130098640220497,-0.3465184290390687,0.455607788191981,0.061030107068028874,1717,1717,283
null,all_alfworld,all,absolute_readout,D_tauC_q75::token::reward,average_precision,0.27596638655462186,0.2486653828197946,0.8089558219558217,0.5241256046095039,1717,1717,283
null,all_alfworld,all,absolute_readout,D_tauC_q75::token::reward,auroc_large_change_vs_rest,0.4153846153846154,0.2613586413586414,0.7777777777777778,0.5282744576619552,1717,1717,283
null,all_alfworld,all,absolute_readout,D_tauC_q75::token::reward,top_quartile_mean_absolute_delta,0.04049435028248588,0.019067460317460316,0.10155442176870746,0.05375609388298174,1717,1717,283
null,all_alfworld,all,absolute_readout,D_tauC_q75::token::reward,top_quartile_lift,1.0310547698117816,0.37462909585075177,1.533818236465051,0.9249040095409723,1717,1717,283
null,all_alfworld,all,absolute_readout,D_tauC_q75::token::unsigned,spearman,-0.0805369234842997,-0.39244938221167097,0.4381230040631097,0.008029530912142466,1717,1717,283
null,all_alfworld,all,absolute_readout,D_tauC_q75::token::unsigned,average_precision,0.27272727272727276,0.23648484848484846,0.7963974394589366,0.5086706313167353,1717,1717,283
null,all_alfworld,all,absolute_readout,D_tauC_q75::token::unsigned,auroc_large_change_vs_rest,0.4153846153846154,0.23376623376623376,0.7626388888888888,0.4962831395004759,1717,1717,283
null,all_alfworld,all,absolute_readout,D_tauC_q75::token::unsigned,top_quartile_mean_absolute_delta,0.03558298730660677,0.01837425310001909,0.0931861781794057,0.05044908256400863,1717,1717,283
null,all_alfworld,all,absolute_readout,D_tauC_q75::token::unsigned,top_quartile_lift,0.9060031468759442,0.3634319179936966,1.4924384235368986,0.8752151266838043,1717,1717,283
null,all_alfworld,all,absolute_readout,D_delta_q25::token::reward,spearman,-0.3397006131581359,-0.5760532133579408,0.2748580645066739,-0.15978960284061822,1717,1717,283
null,all_alfworld,all,absolute_readout,D_delta_q25::token::reward,average_precision,0.28174603174603174,0.23544679585120765,0.7377976897829839,0.48614765436366075,1717,1717,283
null,all_alfworld,all,absolute_readout,D_delta_q25::token::reward,auroc_large_change_vs_rest,0.27692307692307694,0.2,0.7087499999999997,0.4482405745692001,1717,1717,283
null,all_alfworld,all,absolute_readout,D_delta_q25::token::reward,top_quartile_mean_absolute_delta,0.030833333333333334,0.009166666666666667,0.10347023809523803,0.047179157951725594,1717,1717,283
null,all_alfworld,all,absolute_readout,D_delta_q25::token::reward,top_quartile_lift,0.785068909138165,0.20334497280068173,1.5479617026268215,0.8000201011411061,1717,1717,283
null,all_alfworld,all,absolute_readout,D_delta_q25::token::unsigned,spearman,-0.42746520926282144,-0.5949449869382079,0.2341899979683531,-0.19235674331780087,1717,1717,283
null,all_alfworld,all,absolute_readout,D_delta_q25::token::unsigned,average_precision,0.2100140056022409,0.22388364576599873,0.7317144443247382,0.4710484239825718,1717,1717,283
null,all_alfworld,all,absolute_readout,D_delta_q25::token::unsigned,auroc_large_change_vs_rest,0.2,0.176923076923077,0.6805555555555556,0.4281052000014337,1717,1717,283
null,all_alfworld,all,absolute_readout,D_delta_q25::token::unsigned,top_quartile_mean_absolute_delta,0.023333333333333334,0.009821428571428571,0.09735389610389608,0.04359690895720262,1717,1717,283
null,all_alfworld,all,absolute_readout,D_delta_q25::token::unsigned,top_quartile_lift,0.5941062015099626,0.19331176151619084,1.4441845810135086,0.7411605045798279,1717,1717,283
null,all_alfworld,all,absolute_readout,D_delta_q50::token::reward,spearman,-0.40474966674160867,-0.5556319479858034,0.33216203412164885,-0.12065749095432775,1717,1717,283
null,all_alfworld,all,absolute_readout,D_delta_q50::token::reward,average_precision,0.29525252525252527,0.23323953823953822,0.7731019225872164,0.49563244954884583,1717,1717,283
null,all_alfworld,all,absolute_readout,D_delta_q50::token::reward,auroc_large_change_vs_rest,0.3384615384615385,0.19642857142857142,0.73625,0.4570400303874387,1717,1717,283
null,all_alfworld,all,absolute_readout,D_delta_q50::token::reward,top_quartile_mean_absolute_delta,0.02583333333333333,0.010401785714285714,0.10579945054945052,0.04845647215980601,1717,1717,283
null,all_alfworld,all,absolute_readout,D_delta_q50::token::reward,top_quartile_lift,0.65776043738603,0.23123192379402596,1.56366218519163,0.8222940191201447,1717,1717,283
null,all_alfworld,all,absolute_readout,D_delta_q50::token::unsigned,spearman,-0.5947342041917516,-0.6654619302817202,0.24308839803232515,-0.21296998966193603,1717,1717,283
null,all_alfworld,all,absolute_readout,D_delta_q50::token::unsigned,average_precision,0.21078323637147167,0.20990616246498597,0.7306351001939237,0.4629187430164485,1717,1717,283
null,all_alfworld,all,absolute_readout,D_delta_q50::token::unsigned,auroc_large_change_vs_rest,0.2,0.14285714285714285,0.6812499999999994,0.40562590218118266,1717,1717,283
null,all_alfworld,all,absolute_readout,D_delta_q50::token::unsigned,top_quartile_mean_absolute_delta,0.017994350282485878,0.008529265873015874,0.09694110591737852,0.04069228766396295,1717,1717,283
null,all_alfworld,all,absolute_readout,D_delta_q50::token::unsigned,top_quartile_lift,0.4581666469271746,0.16033740923070802,1.4256429593500046,0.6946809607666611,1717,1717,283
null,all_alfworld,all,absolute_readout,D_delta_q75::token::reward,spearman,-0.2767166088947733,-0.5781979443662746,0.20203026172746893,-0.20609804204567914,1717,1717,283
null,all_alfworld,all,absolute_readout,D_delta_q75::token::reward,average_precision,0.36868580765639586,0.21911735649970945,0.7546244429961007,0.48540163945260584,1717,1717,283
null,all_alfworld,all,absolute_readout,D_delta_q75::token::reward,auroc_large_change_vs_rest,0.2153846153846154,0.13836538461538464,0.6629166666666663,0.4034786694391625,1717,1717,283
null,all_alfworld,all,absolute_readout,D_delta_q75::token::reward,top_quartile_mean_absolute_delta,0.03049435028248588,0.013529104477611941,0.08502495908346969,0.043755603126084466,1717,1717,283
null,all_alfworld,all,absolute_readout,D_delta_q75::token::reward,top_quartile_lift,0.7764378263075118,0.2748504958297156,1.348028362032725,0.7529242072586438,1717,1717,283
null,all_alfworld,all,absolute_readout,D_delta_q75::token::unsigned,spearman,-0.2684564116143323,-0.5888089047844844,0.23539865875280905,-0.19749988493778917,1717,1717,283
null,all_alfworld,all,absolute_readout,D_delta_q75::token::unsigned,average_precision,0.22011437908496728,0.21140637140637136,0.7862784368409367,0.47772007823031165,1717,1717,283
null,all_alfworld,all,absolute_readout,D_delta_q75::token::unsigned,auroc_large_change_vs_rest,0.2153846153846154,0.125,0.6753246753246753,0.3961636721561979,1717,1717,283
null,all_alfworld,all,absolute_readout,D_delta_q75::token::unsigned,top_quartile_mean_absolute_delta,0.0351373106060606,0.019945885985359672,0.10365333871366907,0.05494776119224997,1717,1717,283
null,all_alfworld,all,absolute_readout,D_delta_q75::token::unsigned,top_quartile_lift,0.8946554629475308,0.40072917270955105,1.5871240387372858,0.9462993722196797,1717,1717,283
null,all_alfworld,all,absolute_readout,D_winsor::token::reward,spearman,-0.3665462543195691,-0.5849847116231968,0.2567337060987345,-0.16870934518569902,1717,1717,283
null,all_alfworld,all,absolute_readout,D_winsor::token::reward,average_precision,0.2825152625152625,0.22854686979686978,0.7280221637023108,0.4838033870305495,1717,1717,283
null,all_alfworld,all,absolute_readout,D_winsor::token::reward,auroc_large_change_vs_rest,0.27692307692307694,0.2077922077922078,0.6949999999999995,0.4432200850893823,1717,1717,283
null,all_alfworld,all,absolute_readout,D_winsor::token::reward,top_quartile_mean_absolute_delta,0.027500000000000004,0.011416666666666669,0.10501923076923077,0.04793508817875479,1717,1717,283
null,all_alfworld,all,absolute_readout,D_winsor::token::reward,top_quartile_lift,0.7001965946367418,0.23425340438141576,1.555424237979503,0.8142169096970026,1717,1717,283
null,all_alfworld,all,absolute_readout,D_winsor::token::unsigned,spearman,-0.3830666488804511,-0.582300016851997,0.257411380772763,-0.1863065198547276,1717,1717,283
null,all_alfworld,all,absolute_readout,D_winsor::token::unsigned,average_precision,0.2247109752992106,0.22432282913165263,0.7303694140826493,0.4721157051503565,1717,1717,283
null,all_alfworld,all,absolute_readout,D_winsor::token::unsigned,auroc_large_change_vs_rest,0.26153846153846155,0.18484848484848485,0.6812499999999994,0.4335623515127494,1717,1717,283
null,all_alfworld,all,absolute_readout,D_winsor::token::unsigned,top_quartile_mean_absolute_delta,0.022994350282485875,0.006673022598870057,0.09131868131868127,0.03941497345588253,1717,1717,283
null,all_alfworld,all,absolute_readout,D_winsor::token::unsigned,top_quartile_lift,0.5854751186793095,0.14527230398510194,1.394162651947521,0.6724070427876226,1717,1717,283
null,all_alfworld,all,absolute_readout,D_tanh::token::reward,spearman,-0.36551372965951395,-0.5830562810797768,0.23383818701663422,-0.1756123181945611,1717,1717,283
null,all_alfworld,all,absolute_readout,D_tanh::token::reward,average_precision,0.23945970695970695,0.2293933843933844,0.7086192749244219,0.46812106277399473,1717,1717,283
null,all_alfworld,all,absolute_readout,D_tanh::token::reward,auroc_large_change_vs_rest,0.27692307692307694,0.2082792207792208,0.6883116883116883,0.4437134086352685,1717,1717,283
null,all_alfworld,all,absolute_readout,D_tanh::token::reward,top_quartile_mean_absolute_delta,0.027500000000000004,0.011416666666666669,0.10501923076923077,0.04793508817875479,1717,1717,283
null,all_alfworld,all,absolute_readout,D_tanh::token::reward,top_quartile_lift,0.7001965946367418,0.23425340438141576,1.555424237979503,0.8142169096970026,1717,1717,283
null,all_alfworld,all,absolute_readout,D_tanh::token::unsigned,spearman,-0.3582860570391281,-0.5732778992874752,0.26466200891493674,-0.1763796947387775,1717,1717,283
null,all_alfworld,all,absolute_readout,D_tanh::token::unsigned,average_precision,0.236125116713352,0.22486465495289024,0.7383738238885298,0.4763362928920996,1717,1717,283
null,all_alfworld,all,absolute_readout,D_tanh::token::unsigned,auroc_large_change_vs_rest,0.2923076923076923,0.18512820512820513,0.6875811688311687,0.43969022800075025,1717,1717,283
null,all_alfworld,all,absolute_readout,D_tanh::token::unsigned,top_quartile_mean_absolute_delta,0.029047619047619044,0.009961538461538464,0.10209722222222221,0.046233871539600215,1717,1717,283
null,all_alfworld,all,absolute_readout,D_tanh::token::unsigned,top_quartile_lift,0.7396015977981166,0.20498923948684017,1.4933446822272307,0.784896632175736,1717,1717,283
null,all_alfworld,all,absolute_readout,D_action_sign::token::reward,spearman,-0.166236470268875,-0.38374512310086545,0.47634322938545665,0.04395564855694621,1717,1717,283
null,all_alfworld,all,absolute_readout,D_action_sign::token::reward,average_precision,0.34964285714285714,0.27058836996337,0.8422210884353741,0.5471212792410288,1717,1717,283
null,all_alfworld,all,absolute_readout,D_action_sign::token::reward,auroc_large_change_vs_rest,0.47692307692307695,0.275,0.8156643356643354,0.5421534784825893,1717,1717,283
null,all_alfworld,all,absolute_readout,D_action_sign::token::reward,top_quartile_mean_absolute_delta,0.05541062801932367,0.033060135862645446,0.14334375,0.08121689451132834,1717,1717,283
null,all_alfworld,all,absolute_readout,D_action_sign::token::reward,top_quartile_lift,1.410848474393224,0.7047169896590791,2.1606783765783395,1.396387444631495,1717,1717,283
null,all_alfworld,all,absolute_readout,D_action_sign::token::unsigned,spearman,0.20237483337080434,-0.31672164710368955,0.5697011152404158,0.14663277977071568,1717,1717,283
null,all_alfworld,all,absolute_readout,D_action_sign::token::unsigned,average_precision,0.44453781512605045,0.28823045581869117,0.8642566158588885,0.5723533637477883,1717,1717,283
null,all_alfworld,all,absolute_readout,D_action_sign::token::unsigned,auroc_large_change_vs_rest,0.6461538461538462,0.3125,0.850185185185185,0.590274566762142,1717,1717,283
null,all_alfworld,all,absolute_readout,D_action_sign::token::unsigned,top_quartile_mean_absolute_delta,0.04530844155844156,0.02210054347826087,0.11820127015638925,0.06216868778331173,1717,1717,283
null,all_alfworld,all,absolute_readout,D_action_sign::token::unsigned,top_quartile_lift,1.1536296904552221,0.4569129571528067,1.7552477481422244,1.0635312853406587,1717,1717,283
null,all_alfworld,all,absolute_readout,D_action_adv::token::reward,spearman,-0.12390295920661491,-0.3525456933472959,0.4141932558060065,0.029307197636606466,1717,1717,283
null,all_alfworld,all,absolute_readout,D_action_adv::token::reward,average_precision,0.32765469824293353,0.24355395693630988,0.8059315194609311,0.5195817989816457,1717,1717,283
null,all_alfworld,all,absolute_readout,D_action_adv::token::reward,auroc_large_change_vs_rest,0.4461538461538462,0.2625,0.75,0.5044470082557347,1717,1717,283
null,all_alfworld,all,absolute_readout,D_action_adv::token::reward,top_quartile_mean_absolute_delta,0.04049435028248588,0.019067460317460316,0.10155442176870746,0.05375609388298174,1717,1717,283
null,all_alfworld,all,absolute_readout,D_action_adv::token::reward,top_quartile_lift,1.0310547698117816,0.37462909585075177,1.533818236465051,0.9249040095409723,1717,1717,283
null,all_alfworld,all,absolute_readout,D_action_adv::token::unsigned,spearman,0.20237483337080434,-0.31672164710368955,0.5697011152404158,0.14663277977071568,1717,1717,283
null,all_alfworld,all,absolute_readout,D_action_adv::token::unsigned,average_precision,0.44453781512605045,0.28823045581869117,0.8642566158588885,0.5723533637477883,1717,1717,283
null,all_alfworld,all,absolute_readout,D_action_adv::token::unsigned,auroc_large_change_vs_rest,0.6461538461538462,0.3125,0.850185185185185,0.590274566762142,1717,1717,283
null,all_alfworld,all,absolute_readout,D_action_adv::token::unsigned,top_quartile_mean_absolute_delta,0.04530844155844156,0.02210054347826087,0.11820127015638925,0.06216868778331173,1717,1717,283
null,all_alfworld,all,absolute_readout,D_action_adv::token::unsigned,top_quartile_lift,1.1536296904552221,0.4569129571528067,1.7552477481422244,1.0635312853406587,1717,1717,283
null,all_alfworld,all,absolute_readout,D_action_adv_clip::token::reward,spearman,-0.10738256464573293,-0.3285895665235319,0.4763185704852342,0.07304709152643618,1717,1717,283
null,all_alfworld,all,absolute_readout,D_action_adv_clip::token::reward,average_precision,0.4281565656565657,0.2585075757575757,0.8187055444555443,0.5438805913069515,1717,1717,283
null,all_alfworld,all,absolute_readout,D_action_adv_clip::token::reward,auroc_large_change_vs_rest,0.47692307692307695,0.275,0.775,0.5325825718480056,1717,1717,283
null,all_alfworld,all,absolute_readout,D_action_adv_clip::token::reward,top_quartile_mean_absolute_delta,0.02888888888888889,0.019258928571428573,0.12159848484848483,0.06100796066213988,1717,1717,283
null,all_alfworld,all,absolute_readout,D_action_adv_clip::token::reward,top_quartile_lift,0.7355600590123348,0.40346464331899196,1.7638708700864802,1.0413886212533332,1717,1717,283
null,all_alfworld,all,absolute_readout,D_action_adv_clip::token::unsigned,spearman,0.20237483337080434,-0.31672164710368955,0.5697011152404158,0.14663277977071568,1717,1717,283
null,all_alfworld,all,absolute_readout,D_action_adv_clip::token::unsigned,average_precision,0.44453781512605045,0.28823045581869117,0.8642566158588885,0.5723533637477883,1717,1717,283
null,all_alfworld,all,absolute_readout,D_action_adv_clip::token::unsigned,auroc_large_change_vs_rest,0.6461538461538462,0.3125,0.850185185185185,0.590274566762142,1717,1717,283
null,all_alfworld,all,absolute_readout,D_action_adv_clip::token::unsigned,top_quartile_mean_absolute_delta,0.04530844155844156,0.02210054347826087,0.11820127015638925,0.06216868778331173,1717,1717,283
null,all_alfworld,all,absolute_readout,D_action_adv_clip::token::unsigned,top_quartile_lift,1.1536296904552221,0.4569129571528067,1.7552477481422244,1.0635312853406587,1717,1717,283
null,all_alfworld,all,absolute_readout,D_ratio_adv::token::reward,spearman,-0.11564276192617391,-0.393656447846453,0.41387146237305217,0.00012612349341838323,1717,1717,283
null,all_alfworld,all,absolute_readout,D_ratio_adv::token::reward,average_precision,0.3254901960784314,0.23910204991087344,0.8127041133257709,0.5185867008455152,1717,1717,283
null,all_alfworld,all,absolute_readout,D_ratio_adv::token::reward,auroc_large_change_vs_rest,0.4153846153846154,0.23376623376623376,0.7533066933066933,0.48893099955151015,1717,1717,283
null,all_alfworld,all,absolute_readout,D_ratio_adv::token::reward,top_quartile_mean_absolute_delta,0.04049435028248588,0.019067460317460316,0.10155442176870746,0.05375609388298174,1717,1717,283
null,all_alfworld,all,absolute_readout,D_ratio_adv::token::reward,top_quartile_lift,1.0310547698117816,0.37462909585075177,1.533818236465051,0.9249040095409723,1717,1717,283
null,all_alfworld,all,absolute_readout,D_ratio_adv::token::unsigned,spearman,-0.11357771260606367,-0.46405870476878264,0.43147441494353195,-0.01716363495439399,1717,1717,283
null,all_alfworld,all,absolute_readout,D_ratio_adv::token::unsigned,average_precision,0.33769841269841266,0.262864010989011,0.8169047619047619,0.5316527253050746,1717,1717,283
null,all_alfworld,all,absolute_readout,D_ratio_adv::token::unsigned,auroc_large_change_vs_rest,0.4461538461538462,0.2452884615384616,0.7777777777777778,0.5137919849856852,1717,1717,283
null,all_alfworld,all,absolute_readout,D_ratio_adv::token::unsigned,top_quartile_mean_absolute_delta,0.03241161616161616,0.019966008047408067,0.11978089605407376,0.06053106843725606,1717,1717,283
null,all_alfworld,all,absolute_readout,D_ratio_adv::token::unsigned,top_quartile_lift,0.8252546641104297,0.41115391621096486,1.7394724164623834,1.0341982608334033,1717,1717,283
null,all_alfworld,all,absolute_readout,D_policy_action_adv::token::reward,spearman,0.017552919220937113,-0.2866609108203578,0.564368535605164,0.1504745840158524,1717,1717,283
null,all_alfworld,all,absolute_readout,D_policy_action_adv::token::reward,average_precision,0.3196428571428571,0.25769346122287295,0.8393123965481017,0.5362502446153948,1717,1717,283
null,all_alfworld,all,absolute_readout,D_policy_action_adv::token::reward,auroc_large_change_vs_rest,0.49230769230769234,0.2777777777777778,0.8153846153846154,0.5544029547050805,1717,1717,283
null,all_alfworld,all,absolute_readout,D_policy_action_adv::token::reward,top_quartile_mean_absolute_delta,0.03901707755521315,0.019799449750434194,0.10381539251856348,0.05455651586617835,1717,1717,283
null,all_alfworld,all,absolute_readout,D_policy_action_adv::token::reward,top_quartile_lift,0.9934409031577416,0.4076107789336147,1.5719620232206057,0.939987567100081,1717,1717,283
null,all_alfworld,all,absolute_readout,D_policy_action_adv::token::unsigned,spearman,-0.46257104770469565,-0.31540915444303536,0.4902928010150704,0.0813291269901854,1717,1717,283
null,all_alfworld,all,absolute_readout,D_policy_action_adv::token::unsigned,average_precision,0.24329670329670328,0.24967676767676766,0.8164286248510847,0.5179466421476452,1717,1717,283
null,all_alfworld,all,absolute_readout,D_policy_action_adv::token::unsigned,auroc_large_change_vs_rest,0.3384615384615385,0.2727272727272727,0.7679945054945054,0.5184448351284887,1717,1717,283
null,all_alfworld,all,absolute_readout,D_policy_action_adv::token::unsigned,top_quartile_mean_absolute_delta,0.011831155838041433,0.0164012224093232,0.1055059872922776,0.05073040019912874,1717,1717,283
null,all_alfworld,all,absolute_readout,D_policy_action_adv::token::unsigned,top_quartile_lift,0.3012412737604806,0.318446034079951,1.583271272076451,0.8736078242062819,1717,1717,283
null,all_alfworld,all,absolute_readout,D_reward_only::token::reward,spearman,-0.030991735537190084,-0.4886776753833497,0.2903732583799557,-0.1141602205175371,1717,1717,283
null,all_alfworld,all,absolute_readout,D_reward_only::token::reward,average_precision,0.2994172494172494,0.22566239316239317,0.7812903918719423,0.4754825783584317,1717,1717,283
null,all_alfworld,all,absolute_readout,D_reward_only::token::reward,auroc_large_change_vs_rest,0.47692307692307695,0.18176136363636364,0.70130772005772,0.43830929398962304,1717,1717,283
null,all_alfworld,all,absolute_readout,D_reward_only::token::reward,top_quartile_mean_absolute_delta,0.03870863599677159,0.017420558608058606,0.09925471017452149,0.05281080747085637,1717,1717,283
null,all_alfworld,all,absolute_readout,D_reward_only::token::reward,top_quartile_lift,0.9855874584717331,0.3621415942013042,1.513863293422839,0.9097805405756021,1717,1717,283
null,all_alfworld,all,absolute_readout,D_reward_only::token::unsigned,spearman,,,,,0,1717,283
null,all_alfworld,all,absolute_readout,D_reward_only::token::unsigned,average_precision,0.2777777777777778,0.2222222222222222,0.6666666666666666,0.43988222351646933,1717,1717,283
null,all_alfworld,all,absolute_readout,D_reward_only::token::unsigned,auroc_large_change_vs_rest,0.5,0.5,0.5,0.5,1717,1717,283
null,all_alfworld,all,absolute_readout,D_reward_only::token::unsigned,top_quartile_mean_absolute_delta,0.03927468401109099,0.035669714646088264,0.0831052709560181,0.057881026017261646,1717,1717,283
null,all_alfworld,all,absolute_readout,D_reward_only::token::unsigned,top_quartile_lift,1.0,0.9999999999999998,1.0000000000000004,1.0,1717,1717,283
null,all_alfworld,all,absolute_readout,D_adv_negative_fraction::token::reward,spearman,0.23760330578512398,-0.16142756080498236,0.6382096675866258,0.26414392571289547,1717,1717,283
null,all_alfworld,all,absolute_readout,D_adv_negative_fraction::token::reward,average_precision,0.3346320346320346,0.3049741924741925,0.8728033330306055,0.5873197452192653,1717,1717,283
null,all_alfworld,all,absolute_readout,D_adv_negative_fraction::token::reward,auroc_large_change_vs_rest,0.5538461538461539,0.35714285714285715,0.8462606837606836,0.6073936019122633,1717,1717,283
null,all_alfworld,all,absolute_readout,D_adv_negative_fraction::token::reward,top_quartile_mean_absolute_delta,0.04964425897170462,0.03696195777906304,0.12354122807017544,0.07578366927337879,1717,1717,283
null,all_alfworld,all,absolute_readout,D_adv_negative_fraction::token::reward,top_quartile_lift,1.264026948190985,0.722159466359988,1.995465902744957,1.3184097959595757,1717,1717,283
null,all_alfworld,all,absolute_readout,D_adv_negative_fraction::token::unsigned,spearman,,,,,0,1717,283
null,all_alfworld,all,absolute_readout,D_adv_negative_fraction::token::unsigned,average_precision,0.2777777777777778,0.2222222222222222,0.6666666666666666,0.43988222351646933,1717,1717,283
null,all_alfworld,all,absolute_readout,D_adv_negative_fraction::token::unsigned,auroc_large_change_vs_rest,0.5,0.5,0.5,0.5,1717,1717,283
null,all_alfworld,all,absolute_readout,D_adv_negative_fraction::token::unsigned,top_quartile_mean_absolute_delta,0.03927468401109099,0.035669714646088264,0.0831052709560181,0.057881026017261646,1717,1717,283
null,all_alfworld,all,absolute_readout,D_adv_negative_fraction::token::unsigned,top_quartile_lift,1.0,0.9999999999999998,1.0000000000000004,1.0,1717,1717,283
null,all_alfworld,all,absolute_readout,C_raw::token::reward,spearman,-0.24574086909311957,-0.5632281397233264,0.25507144702973367,-0.15727227705542082,1717,1717,283
null,all_alfworld,all,absolute_readout,C_raw::token::reward,average_precision,0.27999999999999997,0.2206791329585447,0.7603211233211231,0.47856589854433373,1717,1717,283
null,all_alfworld,all,absolute_readout,C_raw::token::reward,auroc_large_change_vs_rest,0.38461538461538464,0.17478395061728394,0.6883116883116883,0.43514045808624535,1717,1717,283
null,all_alfworld,all,absolute_readout,C_raw::token::reward,top_quartile_mean_absolute_delta,0.022161016949152543,0.00990981240981241,0.09939420215201465,0.04503046688551512,1717,1717,283
null,all_alfworld,all,absolute_readout,C_raw::token::reward,top_quartile_lift,0.5642570400539536,0.224096411261127,1.490143608763131,0.7677373658838359,1717,1717,283
null,all_alfworld,all,absolute_readout,C_raw::token::unsigned,spearman,0.08466702212452018,-0.4251522679201205,0.35772542567968707,-0.023745981630290007,1717,1717,283
null,all_alfworld,all,absolute_readout,C_raw::token::unsigned,average_precision,0.40499999999999997,0.2435014005602241,0.7797444151214202,0.5115341156627866,1717,1717,283
null,all_alfworld,all,absolute_readout,C_raw::token::unsigned,auroc_large_change_vs_rest,0.6461538461538462,0.2452884615384616,0.7777777777777778,0.5096937734605178,1717,1717,283
null,all_alfworld,all,absolute_readout,C_raw::token::unsigned,top_quartile_mean_absolute_delta,0.025268817204301075,0.00946991736234084,0.098855600539811,0.044405293639439056,1717,1717,283
null,all_alfworld,all,absolute_readout,C_raw::token::unsigned,top_quartile_lift,0.6433869002527245,0.19508127550270693,1.4844164212231155,0.754500236810028,1717,1717,283
null,all_alfworld,all,absolute_readout,C_centered::token::reward,spearman,-0.2653588376341669,-0.5240453671544786,0.3174494085585465,-0.10544034503760703,1717,1717,283
null,all_alfworld,all,absolute_readout,C_centered::token::reward,average_precision,0.22688213747037275,0.24768552933994115,0.7671603369397486,0.49033089282481707,1717,1717,283
null,all_alfworld,all,absolute_readout,C_centered::token::reward,auroc_large_change_vs_rest,0.27692307692307694,0.21208333333333335,0.73625,0.47657457483340804,1717,1717,283
null,all_alfworld,all,absolute_readout,C_centered::token::reward,top_quartile_mean_absolute_delta,0.02388888888888889,0.0075000000000000015,0.0939047619047619,0.041293004232067006,1717,1717,283
null,all_alfworld,all,absolute_readout,C_centered::token::reward,top_quartile_lift,0.6082515872601999,0.16449446347472366,1.3899815959492552,0.7029416282047087,1717,1717,283
null,all_alfworld,all,absolute_readout,C_centered::token::unsigned,spearman,-0.24780591841322983,-0.5139618024858642,0.3559726780899149,-0.10090155961006393,1717,1717,283
null,all_alfworld,all,absolute_readout,C_centered::token::unsigned,average_precision,0.25010101010101005,0.24483820346320345,0.7905602003462965,0.4977938647115723,1717,1717,283
null,all_alfworld,all,absolute_readout,C_centered::token::unsigned,auroc_large_change_vs_rest,0.3384615384615385,0.2,0.7402597402597403,0.46601198118985926,1717,1717,283
null,all_alfworld,all,absolute_readout,C_centered::token::unsigned,top_quartile_mean_absolute_delta,0.03060106981981982,0.016196509009009007,0.10793885124793125,0.05465450971581945,1717,1717,283
null,all_alfworld,all,absolute_readout,C_centered::token::unsigned,top_quartile_lift,0.7791550865483277,0.3495886440165742,1.6454787731554954,0.9357402556269185,1717,1717,283
null,all_alfworld,all,absolute_readout,C_adv_centered::token::reward,spearman,-0.18275686482975698,-0.5031428984506562,0.25562579114742173,-0.12643962747251264,1717,1717,283
null,all_alfworld,all,absolute_readout,C_adv_centered::token::reward,average_precision,0.3101010101010101,0.22445452423393603,0.7800700057518236,0.4885373100896995,1717,1717,283
null,all_alfworld,all,absolute_readout,C_adv_centered::token::reward,auroc_large_change_vs_rest,0.4307692307692308,0.17478395061728394,0.6883116883116883,0.4319739566160164,1717,1717,283
null,all_alfworld,all,absolute_readout,C_adv_centered::token::reward,top_quartile_mean_absolute_delta,0.04287530266343825,0.021574131089217297,0.11003832511265377,0.057148986692408546,1717,1717,283
null,all_alfworld,all,absolute_readout,C_adv_centered::token::reward,top_quartile_lift,1.0916778515985122,0.4378610258477067,1.590710207649237,0.9828369456927769,1717,1717,283
null,all_alfworld,all,absolute_readout,C_adv_centered::token::unsigned,spearman,-0.24780591841322983,-0.5139618024858642,0.3559726780899149,-0.10090155961006393,1717,1717,283
null,all_alfworld,all,absolute_readout,C_adv_centered::token::unsigned,average_precision,0.25010101010101005,0.24483820346320345,0.7905602003462965,0.4977938647115723,1717,1717,283
null,all_alfworld,all,absolute_readout,C_adv_centered::token::unsigned,auroc_large_change_vs_rest,0.3384615384615385,0.2,0.7402597402597403,0.46601198118985926,1717,1717,283
null,all_alfworld,all,absolute_readout,C_adv_centered::token::unsigned,top_quartile_mean_absolute_delta,0.03060106981981982,0.016196509009009007,0.10793885124793125,0.05465450971581945,1717,1717,283
null,all_alfworld,all,absolute_readout,C_adv_centered::token::unsigned,top_quartile_lift,0.7791550865483277,0.3495886440165742,1.6454787731554954,0.9357402556269185,1717,1717,283
null,all_alfworld,all,absolute_readout,M_delta_raw::token::magnitude,spearman,0.09499226872507142,-0.4182572574243077,0.3853666635534342,-0.0036085875740071434,1717,1717,283
null,all_alfworld,all,absolute_readout,M_delta_raw::token::magnitude,average_precision,0.41010101010101013,0.2606464646464646,0.8248927335290969,0.5344744769929215,1717,1717,283
null,all_alfworld,all,absolute_readout,M_delta_raw::token::magnitude,auroc_large_change_vs_rest,0.5230769230769231,0.25,0.775,0.5175618943151947,1717,1717,283
null,all_alfworld,all,absolute_readout,M_delta_raw::token::magnitude,top_quartile_mean_absolute_delta,0.04223143598143598,0.02516460345138342,0.11664549807076978,0.06410400485479342,1717,1717,283
null,all_alfworld,all,absolute_readout,M_delta_raw::token::magnitude,top_quartile_lift,1.0752839149389468,0.5270516603518338,1.7503976555972234,1.10442670764558,1717,1717,283
null,all_alfworld,all,absolute_readout,M_delta_centered::token::magnitude,spearman,0.0030975739801653726,-0.5154553810244394,0.31302327893594695,-0.0982456676416189,1717,1717,283
null,all_alfworld,all,absolute_readout,M_delta_centered::token::magnitude,average_precision,0.45174603174603173,0.24297306315688666,0.7971281056801413,0.520809035802056,1717,1717,283
null,all_alfworld,all,absolute_readout,M_delta_centered::token::magnitude,auroc_large_change_vs_rest,0.4307692307692308,0.21483380816714154,0.7386413586413585,0.4735633108218529,1717,1717,283
null,all_alfworld,all,absolute_readout,M_delta_centered::token::magnitude,top_quartile_mean_absolute_delta,0.04231981981981982,0.015110926336536094,0.09848519163763063,0.050230710388211745,1717,1717,283
null,all_alfworld,all,absolute_readout,M_delta_centered::token::magnitude,top_quartile_lift,1.0775343172173937,0.30445228241697464,1.4721005577183564,0.8621714385301409,1717,1717,283
null,all_alfworld,all,absolute_readout,M_original_norm::token::magnitude,spearman,-0.21373260463141072,-0.6038138218236936,0.25761581953016377,-0.19373333209355267,1717,1717,283
null,all_alfworld,all,absolute_readout,M_original_norm::token::magnitude,average_precision,0.2280298786181139,0.22724124405006757,0.7683992673992673,0.4811954506823981,1717,1717,283
null,all_alfworld,all,absolute_readout,M_original_norm::token::magnitude,auroc_large_change_vs_rest,0.27692307692307694,0.16861471861471863,0.6875,0.4293679480172394,1717,1717,283
null,all_alfworld,all,absolute_readout,M_original_norm::token::magnitude,top_quartile_mean_absolute_delta,0.026856060606060606,0.008583333333333335,0.09638198017914998,0.04312001673231881,1717,1717,283
null,all_alfworld,all,absolute_readout,M_original_norm::token::magnitude,top_quartile_lift,0.6838008066080576,0.19118499737853625,1.4169257625468996,0.733970144159898,1717,1717,283
null,all_alfworld,all,absolute_readout,M_control_norm::token::magnitude,spearman,-0.18791948813003262,-0.6737402159304033,0.15097091633891718,-0.2774026111069619,1717,1717,283
null,all_alfworld,all,absolute_readout,M_control_norm::token::magnitude,average_precision,0.2412121212121212,0.2074141414141414,0.6894621822028238,0.44768618255051,1717,1717,283
null,all_alfworld,all,absolute_readout,M_control_norm::token::magnitude,auroc_large_change_vs_rest,0.3230769230769231,0.14285714285714285,0.6494155844155843,0.39266741539843847,1717,1717,283
null,all_alfworld,all,absolute_readout,M_control_norm::token::magnitude,top_quartile_mean_absolute_delta,0.021805555555555557,0.00566919191919192,0.09006919740887132,0.037331822524189984,1717,1717,283
null,all_alfworld,all,absolute_readout,M_control_norm::token::magnitude,top_quartile_lift,0.5552063906968103,0.11027477126290736,1.3441726344033103,0.6356065096308634,1717,1717,283
null,all_alfworld,all,absolute_readout,M_kl::token::magnitude,spearman,-0.27361903491460793,-0.34317675646696777,0.49878687024923657,0.06809861681048719,1717,1717,283
null,all_alfworld,all,absolute_readout,M_kl::token::magnitude,average_precision,0.278482905982906,0.23824786324786323,0.8051151878424605,0.5135492712915075,1717,1717,283
null,all_alfworld,all,absolute_readout,M_kl::token::magnitude,auroc_large_change_vs_rest,0.4307692307692308,0.2638888888888889,0.7698076923076919,0.5124418655953795,1717,1717,283
null,all_alfworld,all,absolute_readout,M_kl::token::magnitude,top_quartile_mean_absolute_delta,0.026596500820120283,0.016170812387037298,0.10652324893020844,0.05225709333012587,1717,1717,283
null,all_alfworld,all,absolute_readout,M_kl::token::magnitude,top_quartile_lift,0.6771919746727829,0.33010975450770774,1.6154663462946586,0.8941973038350861,1717,1717,283
null,all_alfworld,all,absolute_readout,M_js::token::magnitude,spearman,-0.2756840842347182,-0.34732610713563095,0.4978833910785807,0.06551232226187266,1717,1717,283
null,all_alfworld,all,absolute_readout,M_js::token::magnitude,average_precision,0.28075396825396826,0.24645923058423058,0.8245226224392891,0.5199286819533215,1717,1717,283
null,all_alfworld,all,absolute_readout,M_js::token::magnitude,auroc_large_change_vs_rest,0.4,0.2638888888888889,0.7777777777777778,0.5116652612345196,1717,1717,283
null,all_alfworld,all,absolute_readout,M_js::token::magnitude,top_quartile_mean_absolute_delta,0.027716572504708097,0.017394229484867636,0.11024062742812739,0.0540043671253572,1717,1717,283
null,all_alfworld,all,absolute_readout,M_js::token::magnitude,top_quartile_lift,0.7057108975563257,0.35875583827623253,1.6651068777323779,0.9237722097700837,1717,1717,283
null,all_alfworld,all,absolute_readout,M_action_abs::token::magnitude,spearman,-0.023748067181267856,-0.2606385409405756,0.5548799620133786,0.14787169497534758,1717,1717,283
null,all_alfworld,all,absolute_readout,M_action_abs::token::magnitude,average_precision,0.4022222222222222,0.2662981000481001,0.8328008438447996,0.5450337465671574,1717,1717,283
null,all_alfworld,all,absolute_readout,M_action_abs::token::magnitude,auroc_large_change_vs_rest,0.5692307692307692,0.3194444444444444,0.8055555555555556,0.5638042305631124,1717,1717,283
null,all_alfworld,all,absolute_readout,M_action_abs::token::magnitude,top_quartile_mean_absolute_delta,0.0371702307083663,0.020885919813805397,0.11262749367265579,0.0594018655944966,1717,1717,283
null,all_alfworld,all,absolute_readout,M_action_abs::token::magnitude,top_quartile_lift,0.9464170532312773,0.43866876044012504,1.690131226795363,1.0175684131836034,1717,1717,283
null,all_alfworld,all,absolute_readout,D_original::decision::reward,spearman,0.15074860036804813,-0.23106910759097266,0.5749743148690465,0.19215070668176662,1717,1717,283
null,all_alfworld,all,absolute_readout,D_original::decision::reward,average_precision,0.3303603259485613,0.30383583736524916,0.8711748699479791,0.5798640042112253,1717,1717,283
null,all_alfworld,all,absolute_readout,D_original::decision::reward,auroc_large_change_vs_rest,0.5230769230769231,0.3246753246753247,0.8443556443556441,0.5832812713685359,1717,1717,283
null,all_alfworld,all,absolute_readout,D_original::decision::reward,top_quartile_mean_absolute_delta,0.04964425897170462,0.03696195777906304,0.12354122807017544,0.07578366927337879,1717,1717,283
null,all_alfworld,all,absolute_readout,D_original::decision::reward,top_quartile_lift,1.264026948190985,0.722159466359988,1.995465902744957,1.3184097959595757,1717,1717,283
null,all_alfworld,all,absolute_readout,D_original::decision::unsigned,spearman,-0.1280330578468354,-0.46187571518612525,0.4292159928085371,-0.021892477224950788,1717,1717,283
null,all_alfworld,all,absolute_readout,D_original::decision::unsigned,average_precision,0.2283473389355742,0.242120232708468,0.8128661616161613,0.5113678643740831,1717,1717,283
null,all_alfworld,all,absolute_readout,D_original::decision::unsigned,auroc_large_change_vs_rest,0.27692307692307694,0.20833333333333334,0.7662337662337663,0.48279984138433957,1717,1717,283
null,all_alfworld,all,absolute_readout,D_original::decision::unsigned,top_quartile_mean_absolute_delta,0.029026199494949494,0.019658493373188375,0.09499210488572189,0.05188326550805396,1717,1717,283
null,all_alfworld,all,absolute_readout,D_original::decision::unsigned,top_quartile_lift,0.7390562196949217,0.3975699605923145,1.5158892018884043,0.8980838489743268,1717,1717,283
null,all_alfworld,all,absolute_readout,D_centered_gate::decision::reward,spearman,0.15074860036804813,-0.23106910759097266,0.5749743148690465,0.19215070668176662,1717,1717,283
null,all_alfworld,all,absolute_readout,D_centered_gate::decision::reward,average_precision,0.3303603259485613,0.30383583736524916,0.8711748699479791,0.5798640042112253,1717,1717,283
null,all_alfworld,all,absolute_readout,D_centered_gate::decision::reward,auroc_large_change_vs_rest,0.5230769230769231,0.3246753246753247,0.8443556443556441,0.5832812713685359,1717,1717,283
null,all_alfworld,all,absolute_readout,D_centered_gate::decision::reward,top_quartile_mean_absolute_delta,0.04964425897170462,0.03696195777906304,0.12354122807017544,0.07578366927337879,1717,1717,283
null,all_alfworld,all,absolute_readout,D_centered_gate::decision::reward,top_quartile_lift,1.264026948190985,0.722159466359988,1.995465902744957,1.3184097959595757,1717,1717,283
null,all_alfworld,all,absolute_readout,D_centered_gate::decision::unsigned,spearman,-0.1280330578468354,-0.46187571518612525,0.4292159928085371,-0.021892477224950788,1717,1717,283
null,all_alfworld,all,absolute_readout,D_centered_gate::decision::unsigned,average_precision,0.2283473389355742,0.242120232708468,0.8128661616161613,0.5113678643740831,1717,1717,283
null,all_alfworld,all,absolute_readout,D_centered_gate::decision::unsigned,auroc_large_change_vs_rest,0.27692307692307694,0.20833333333333334,0.7662337662337663,0.48279984138433957,1717,1717,283
null,all_alfworld,all,absolute_readout,D_centered_gate::decision::unsigned,top_quartile_mean_absolute_delta,0.029026199494949494,0.019658493373188375,0.09499210488572189,0.05188326550805396,1717,1717,283
null,all_alfworld,all,absolute_readout,D_centered_gate::decision::unsigned,top_quartile_lift,0.7390562196949217,0.3975699605923145,1.5158892018884043,0.8980838489743268,1717,1717,283
null,all_alfworld,all,absolute_readout,D_ungated::decision::reward,spearman,-0.02478059184132298,-0.22138667148751212,0.6061392277757746,0.18606462359530843,1717,1717,283
null,all_alfworld,all,absolute_readout,D_ungated::decision::reward,average_precision,0.3087868993751347,0.30797225650166826,0.877018315018315,0.5785872600988927,1717,1717,283
null,all_alfworld,all,absolute_readout,D_ungated::decision::reward,auroc_large_change_vs_rest,0.4307692307692308,0.33766233766233766,0.8441558441558441,0.5895962735144448,1717,1717,283
null,all_alfworld,all,absolute_readout,D_ungated::decision::reward,top_quartile_mean_absolute_delta,0.05896060656930222,0.036672182223906356,0.14390886193186953,0.08186871143150895,1717,1717,283
null,all_alfworld,all,absolute_readout,D_ungated::decision::reward,top_quartile_lift,1.5012369431833497,0.7780289236011723,2.1076174933182146,1.4113174988648443,1717,1717,283
null,all_alfworld,all,absolute_readout,D_ungated::decision::unsigned,spearman,-0.08156944814435481,-0.2702563564709169,0.5745573006341609,0.1522780610642535,1717,1717,283
null,all_alfworld,all,absolute_readout,D_ungated::decision::unsigned,average_precision,0.28596638655462187,0.27774743230625587,0.8463024126794179,0.5508720124100345,1717,1717,283
null,all_alfworld,all,absolute_readout,D_ungated::decision::unsigned,auroc_large_change_vs_rest,0.4307692307692308,0.3116883116883117,0.8307692307692308,0.5710167251821785,1717,1717,283
null,all_alfworld,all,absolute_readout,D_ungated::decision::unsigned,top_quartile_mean_absolute_delta,0.021989958708708707,0.019745936355311352,0.11314973669191934,0.05772689144230724,1717,1717,283
null,all_alfworld,all,absolute_readout,D_ungated::decision::unsigned,top_quartile_lift,0.5599016074196508,0.40149861344144944,1.7330040979321393,0.9909321649009206,1717,1717,283
null,all_alfworld,all,absolute_readout,D_signed::decision::reward,spearman,-0.34279818713830124,-0.5477797483123822,0.3095229250269743,-0.12791378319100796,1717,1717,283
null,all_alfworld,all,absolute_readout,D_signed::decision::reward,average_precision,0.25144300144300147,0.2363188478188478,0.7644599408315985,0.4940348467058557,1717,1717,283
null,all_alfworld,all,absolute_readout,D_signed::decision::reward,auroc_large_change_vs_rest,0.27692307692307694,0.20972222222222223,0.7232692307692306,0.4608538187636906,1717,1717,283
null,all_alfworld,all,absolute_readout,D_signed::decision::reward,top_quartile_mean_absolute_delta,0.027500000000000004,0.011416666666666669,0.10501923076923077,0.04793508817875479,1717,1717,283
null,all_alfworld,all,absolute_readout,D_signed::decision::reward,top_quartile_lift,0.7001965946367418,0.23425340438141576,1.555424237979503,0.8142169096970026,1717,1717,283
null,all_alfworld,all,absolute_readout,D_signed::decision::unsigned,spearman,-0.34279818713830124,-0.5555051910151003,0.2827147752534209,-0.15621375715316507,1717,1717,283
null,all_alfworld,all,absolute_readout,D_signed::decision::unsigned,average_precision,0.23358543417366948,0.2253436759319112,0.7592625838214073,0.4804405670409153,1717,1717,283
null,all_alfworld,all,absolute_readout,D_signed::decision::unsigned,auroc_large_change_vs_rest,0.2923076923076923,0.1947691197691198,0.6925213675213673,0.43999479532992447,1717,1717,283
null,all_alfworld,all,absolute_readout,D_signed::decision::unsigned,top_quartile_mean_absolute_delta,0.017994350282485878,0.008529265873015874,0.09694110591737852,0.04069228766396295,1717,1717,283
null,all_alfworld,all,absolute_readout,D_signed::decision::unsigned,top_quartile_lift,0.4581666469271746,0.16033740923070802,1.4256429593500046,0.6946809607666611,1717,1717,283
null,all_alfworld,all,absolute_readout,D_signed_gate::decision::reward,spearman,-0.0980898427052368,-0.47287162885797396,0.36949482464662536,-0.05955876514806014,1717,1717,283
null,all_alfworld,all,absolute_readout,D_signed_gate::decision::reward,average_precision,0.27555555555555555,0.24034523809523808,0.7952640621905326,0.509823081971263,1717,1717,283
null,all_alfworld,all,absolute_readout,D_signed_gate::decision::reward,auroc_large_change_vs_rest,0.38461538461538464,0.21509615384615388,0.7503086419753083,0.4779380807882555,1717,1717,283
null,all_alfworld,all,absolute_readout,D_signed_gate::decision::reward,top_quartile_mean_absolute_delta,0.037222222222222226,0.02043882275132275,0.1103035714285714,0.059733096902709226,1717,1717,283
null,all_alfworld,all,absolute_readout,D_signed_gate::decision::reward,top_quartile_lift,0.9477408452658929,0.42650349571297785,1.6695774328861435,1.0265754626281411,1717,1717,283
null,all_alfworld,all,absolute_readout,D_signed_gate::decision::unsigned,spearman,0.22715542521212734,-0.32597426250743666,0.48345313173197474,0.08082498977396897,1717,1717,283
null,all_alfworld,all,absolute_readout,D_signed_gate::decision::unsigned,average_precision,0.4218939393939394,0.27381724484665665,0.8459147701117953,0.5418484910844142,1717,1717,283
null,all_alfworld,all,absolute_readout,D_signed_gate::decision::unsigned,auroc_large_change_vs_rest,0.6307692307692307,0.275,0.8062499999999994,0.5400925154104148,1717,1717,283
null,all_alfworld,all,absolute_readout,D_signed_gate::decision::unsigned,top_quartile_mean_absolute_delta,0.06516924256607382,0.03615691523281159,0.13432882210275351,0.07956875813616741,1717,1717,283
null,all_alfworld,all,absolute_readout,D_signed_gate::decision::unsigned,top_quartile_lift,1.6593193352662066,0.7254690749990121,2.06494116471787,1.3791412469123991,1717,1717,283
null,all_alfworld,all,absolute_readout,D_sign_balance::decision::reward,spearman,-0.3551884830589627,-0.5493004560062,0.2987152544732623,-0.13794055593340254,1717,1717,283
null,all_alfworld,all,absolute_readout,D_sign_balance::decision::reward,average_precision,0.22535714285714287,0.23174842436974794,0.7579965236783418,0.4865233761967541,1717,1717,283
null,all_alfworld,all,absolute_readout,D_sign_balance::decision::reward,auroc_large_change_vs_rest,0.26153846153846155,0.2125,0.7125,0.4566491533427565,1717,1717,283
null,all_alfworld,all,absolute_readout,D_sign_balance::decision::reward,top_quartile_mean_absolute_delta,0.023333333333333334,0.009821428571428571,0.09735389610389608,0.04359690895720262,1717,1717,283
null,all_alfworld,all,absolute_readout,D_sign_balance::decision::reward,top_quartile_lift,0.5941062015099626,0.19331176151619084,1.4441845810135086,0.7411605045798279,1717,1717,283
null,all_alfworld,all,absolute_readout,D_sign_balance::decision::unsigned,spearman,-0.31698507063692316,-0.5643837423416733,0.28766980546265436,-0.15636822788504523,1717,1717,283
null,all_alfworld,all,absolute_readout,D_sign_balance::decision::unsigned,average_precision,0.2559663865546219,0.23032116412998768,0.7673337046198009,0.4844030107885282,1717,1717,283
null,all_alfworld,all,absolute_readout,D_sign_balance::decision::unsigned,auroc_large_change_vs_rest,0.3230769230769231,0.18461538461538463,0.7,0.43834715485123177,1717,1717,283
null,all_alfworld,all,absolute_readout,D_sign_balance::decision::unsigned,top_quartile_mean_absolute_delta,0.03370863599677158,0.015100746268656717,0.11067994350282481,0.05332974100325783,1717,1717,283
null,all_alfworld,all,absolute_readout,D_sign_balance::decision::unsigned,top_quartile_lift,0.8582789867195982,0.314935990921129,1.645973033819481,0.9103968906448977,1717,1717,283
null,all_alfworld,all,absolute_readout,D_negative_fraction::decision::reward,spearman,-0.1104801386258983,-0.30754159000994025,0.5796923226051822,0.13526100913193542,1717,1717,283
null,all_alfworld,all,absolute_readout,D_negative_fraction::decision::reward,average_precision,0.3388235294117647,0.2837619047619048,0.8738046802054154,0.5674633550055214,1717,1717,283
null,all_alfworld,all,absolute_readout,D_negative_fraction::decision::reward,auroc_large_change_vs_rest,0.49230769230769234,0.30864197530864196,0.8437905844155844,0.5710589034555255,1717,1717,283
null,all_alfworld,all,absolute_readout,D_negative_fraction::decision::reward,top_quartile_mean_absolute_delta,0.05818840579710145,0.03450490196078432,0.1411295199898141,0.08093518804501894,1717,1717,283
null,all_alfworld,all,absolute_readout,D_negative_fraction::decision::reward,top_quartile_lift,1.48157540314441,0.7366074402108811,2.1092422160917055,1.3922859390024223,1717,1717,283
null,all_alfworld,all,absolute_readout,D_negative_fraction::decision::unsigned,spearman,-0.3035622500562065,-0.36764712257714294,0.5119438879250916,0.07112315037128925,1717,1717,283
null,all_alfworld,all,absolute_readout,D_negative_fraction::decision::unsigned,average_precision,0.26164404223227755,0.27029007756948936,0.8323569613030396,0.5374681220688562,1717,1717,283
null,all_alfworld,all,absolute_readout,D_negative_fraction::decision::unsigned,auroc_large_change_vs_rest,0.35384615384615387,0.26375000000000004,0.8062499999999994,0.5372985343136769,1717,1717,283
null,all_alfworld,all,absolute_readout,D_negative_fraction::decision::unsigned,top_quartile_mean_absolute_delta,0.021989958708708707,0.019745936355311352,0.11314973669191934,0.05772689144230724,1717,1717,283
null,all_alfworld,all,absolute_readout,D_negative_fraction::decision::unsigned,top_quartile_lift,0.5599016074196508,0.40149861344144944,1.7330040979321393,0.9909321649009206,1717,1717,283
null,all_alfworld,all,absolute_readout,D_adv::decision::reward,spearman,0.08982964542479581,-0.35565680715222264,0.42406111924095646,0.0377357845303812,1717,1717,283
null,all_alfworld,all,absolute_readout,D_adv::decision::reward,average_precision,0.6159663865546218,0.25372029930853457,0.8270109884174052,0.5516716888014198,1717,1717,283
null,all_alfworld,all,absolute_readout,D_adv::decision::reward,auroc_large_change_vs_rest,0.6153846153846154,0.2496753246753247,0.766388888888888,0.5202550018702221,1717,1717,283
null,all_alfworld,all,absolute_readout,D_adv::decision::reward,top_quartile_mean_absolute_delta,0.04293650793650793,0.02234935897435897,0.11498298983625069,0.06237005948510682,1717,1717,283
null,all_alfworld,all,absolute_readout,D_adv::decision::reward,top_quartile_lift,1.0932362415540469,0.47053065277199013,1.708968473572573,1.0703115902240492,1717,1717,283
null,all_alfworld,all,absolute_readout,D_adv::decision::unsigned,spearman,-0.34279818713830124,-0.5555051910151003,0.2827147752534209,-0.15621375715316507,1717,1717,283
null,all_alfworld,all,absolute_readout,D_adv::decision::unsigned,average_precision,0.23358543417366948,0.2253436759319112,0.7592625838214073,0.4804405670409153,1717,1717,283
null,all_alfworld,all,absolute_readout,D_adv::decision::unsigned,auroc_large_change_vs_rest,0.2923076923076923,0.1947691197691198,0.6925213675213673,0.43999479532992447,1717,1717,283
null,all_alfworld,all,absolute_readout,D_adv::decision::unsigned,top_quartile_mean_absolute_delta,0.017994350282485878,0.008529265873015874,0.09694110591737852,0.04069228766396295,1717,1717,283
null,all_alfworld,all,absolute_readout,D_adv::decision::unsigned,top_quartile_lift,0.4581666469271746,0.16033740923070802,1.4256429593500046,0.6946809607666611,1717,1717,283
null,all_alfworld,all,absolute_readout,D_adv_gate::decision::reward,spearman,0.3314404158776949,-0.27785238602083395,0.6049111248319674,0.17793900524296222,1717,1717,283
null,all_alfworld,all,absolute_readout,D_adv_gate::decision::reward,average_precision,0.5755555555555556,0.28183653846153844,0.8593537181772475,0.5741602213950342,1717,1717,283
null,all_alfworld,all,absolute_readout,D_adv_gate::decision::reward,auroc_large_change_vs_rest,0.676923076923077,0.3,0.8333333333333334,0.5782304286684503,1717,1717,283
null,all_alfworld,all,absolute_readout,D_adv_gate::decision::reward,top_quartile_mean_absolute_delta,0.05303410553410552,0.023707409688013135,0.11727823291050032,0.06414547793558704,1717,1717,283
null,all_alfworld,all,absolute_readout,D_adv_gate::decision::reward,top_quartile_lift,1.3503381852576823,0.4888093751674318,1.7435923061727525,1.1001612863874157,1717,1717,283
null,all_alfworld,all,absolute_readout,D_adv_gate::decision::unsigned,spearman,0.22715542521212734,-0.32597426250743666,0.48345313173197474,0.08082498977396897,1717,1717,283
null,all_alfworld,all,absolute_readout,D_adv_gate::decision::unsigned,average_precision,0.4218939393939394,0.27381724484665665,0.8459147701117953,0.5418484910844142,1717,1717,283
null,all_alfworld,all,absolute_readout,D_adv_gate::decision::unsigned,auroc_large_change_vs_rest,0.6307692307692307,0.275,0.8062499999999994,0.5400925154104148,1717,1717,283
null,all_alfworld,all,absolute_readout,D_adv_gate::decision::unsigned,top_quartile_mean_absolute_delta,0.06516924256607382,0.03615691523281159,0.13432882210275351,0.07956875813616741,1717,1717,283
null,all_alfworld,all,absolute_readout,D_adv_gate::decision::unsigned,top_quartile_lift,1.6593193352662066,0.7254690749990121,2.06494116471787,1.3791412469123991,1717,1717,283
null,all_alfworld,all,absolute_readout,D_sqrtadv::decision::reward,spearman,-0.16004132230854426,-0.4494950473614575,0.4019013405058897,-0.024728943104894315,1717,1717,283
null,all_alfworld,all,absolute_readout,D_sqrtadv::decision::reward,average_precision,0.4618939393939394,0.256187834496658,0.8214936914936914,0.5356782688975436,1717,1717,283
null,all_alfworld,all,absolute_readout,D_sqrtadv::decision::reward,auroc_large_change_vs_rest,0.5538461538461539,0.24675324675324675,0.7777777777777778,0.5069247357832098,1717,1717,283
null,all_alfworld,all,absolute_readout,D_sqrtadv::decision::reward,top_quartile_mean_absolute_delta,0.02888888888888889,0.019258928571428573,0.12159848484848483,0.06100796066213988,1717,1717,283
null,all_alfworld,all,absolute_readout,D_sqrtadv::decision::reward,top_quartile_lift,0.7355600590123348,0.40346464331899196,1.7638708700864802,1.0413886212533332,1717,1717,283
null,all_alfworld,all,absolute_readout,D_sqrtadv::decision::unsigned,spearman,-0.34279818713830124,-0.5555051910151003,0.2827147752534209,-0.15621375715316507,1717,1717,283
null,all_alfworld,all,absolute_readout,D_sqrtadv::decision::unsigned,average_precision,0.23358543417366948,0.2253436759319112,0.7592625838214073,0.4804405670409153,1717,1717,283
null,all_alfworld,all,absolute_readout,D_sqrtadv::decision::unsigned,auroc_large_change_vs_rest,0.2923076923076923,0.1947691197691198,0.6925213675213673,0.43999479532992447,1717,1717,283
null,all_alfworld,all,absolute_readout,D_sqrtadv::decision::unsigned,top_quartile_mean_absolute_delta,0.017994350282485878,0.008529265873015874,0.09694110591737852,0.04069228766396295,1717,1717,283
null,all_alfworld,all,absolute_readout,D_sqrtadv::decision::unsigned,top_quartile_lift,0.4581666469271746,0.16033740923070802,1.4256429593500046,0.6946809607666611,1717,1717,283
null,all_alfworld,all,absolute_readout,D_work::decision::reward,spearman,-0.16313889628870962,-0.43092694183342795,0.4293938675447165,0.013443200780627522,1717,1717,283
null,all_alfworld,all,absolute_readout,D_work::decision::reward,average_precision,0.45888888888888885,0.2559874847374847,0.8336912542794894,0.543253413503171,1717,1717,283
null,all_alfworld,all,absolute_readout,D_work::decision::reward,auroc_large_change_vs_rest,0.46153846153846156,0.22472222222222224,0.7777777777777778,0.5089007040921718,1717,1717,283
null,all_alfworld,all,absolute_readout,D_work::decision::reward,top_quartile_mean_absolute_delta,0.038708708708708704,0.02470238704613705,0.11768593559218558,0.06458089707967725,1717,1717,283
null,all_alfworld,all,absolute_readout,D_work::decision::reward,top_quartile_lift,0.9855893098408517,0.5192804486474191,1.7747148166308677,1.1116170680655098,1717,1717,283
null,all_alfworld,all,absolute_readout,D_work::decision::unsigned,spearman,-0.3097573980165373,-0.5594895211470902,0.27377068948489175,-0.14081322467620191,1717,1717,283
null,all_alfworld,all,absolute_readout,D_work::decision::unsigned,average_precision,0.2826330532212885,0.23096498599439774,0.6781426416720532,0.44580224975440447,1717,1717,283
null,all_alfworld,all,absolute_readout,D_work::decision::unsigned,auroc_large_change_vs_rest,0.4307692307692308,0.20701298701298707,0.7,0.45131921823583643,1717,1717,283
null,all_alfworld,all,absolute_readout,D_work::decision::unsigned,top_quartile_mean_absolute_delta,0.022161016949152543,0.00990981240981241,0.09939420215201465,0.04503046688551512,1717,1717,283
null,all_alfworld,all,absolute_readout,D_work::decision::unsigned,top_quartile_lift,0.5642570400539536,0.224096411261127,1.490143608763131,0.7677373658838359,1717,1717,283
null,all_alfworld,all,absolute_readout,D_work_gate::decision::reward,spearman,0.1703665689090955,-0.257404999408956,0.6267448303600776,0.20104909527002043,1717,1717,283
null,all_alfworld,all,absolute_readout,D_work_gate::decision::reward,average_precision,0.5788235294117647,0.2825704842543078,0.8799006746867707,0.582657816178242,1717,1717,283
null,all_alfworld,all,absolute_readout,D_work_gate::decision::reward,auroc_large_change_vs_rest,0.6923076923076923,0.30833333333333335,0.850185185185185,0.5868683446847881,1717,1717,283
null,all_alfworld,all,absolute_readout,D_work_gate::decision::reward,top_quartile_mean_absolute_delta,0.044422994422994425,0.02591227998974709,0.12214758852258838,0.06721785966207483,1717,1717,283
null,all_alfworld,all,absolute_readout,D_work_gate::decision::reward,top_quartile_lift,1.131084706129006,0.5587374229732288,1.8086535943295723,1.155353195661418,1717,1717,283
null,all_alfworld,all,absolute_readout,D_work_gate::decision::unsigned,spearman,-0.022715542521212734,-0.48937361875956165,0.338194473214042,-0.05190728020649553,1717,1717,283
null,all_alfworld,all,absolute_readout,D_work_gate::decision::unsigned,average_precision,0.48,0.24028241692947575,0.7362757034632034,0.4976790824732568,1717,1717,283
null,all_alfworld,all,absolute_readout,D_work_gate::decision::unsigned,auroc_large_change_vs_rest,0.5846153846153846,0.225,0.7222222222222222,0.4819792917128386,1717,1717,283
null,all_alfworld,all,absolute_readout,D_work_gate::decision::unsigned,top_quartile_mean_absolute_delta,0.034542042042042045,0.017271013001556118,0.09730831668331667,0.04996005009818575,1717,1717,283
null,all_alfworld,all,absolute_readout,D_work_gate::decision::unsigned,top_quartile_lift,0.8794989167140729,0.33038644691465835,1.463439517437545,0.8604232886899569,1717,1717,283
null,all_alfworld,all,absolute_readout,D_cos_raw::decision::reward,spearman,-0.23541562249256834,-0.5122624483281805,0.3053554062959887,-0.12363217086229007,1717,1717,283
null,all_alfworld,all,absolute_readout,D_cos_raw::decision::reward,average_precision,0.2593518899401252,0.23700846321434563,0.7264482014250919,0.477672857397166,1717,1717,283
null,all_alfworld,all,absolute_readout,D_cos_raw::decision::reward,auroc_large_change_vs_rest,0.38461538461538464,0.2222222222222222,0.727384960718294,0.4689938230427941,1717,1717,283
null,all_alfworld,all,absolute_readout,D_cos_raw::decision::reward,top_quartile_mean_absolute_delta,0.027500000000000004,0.011416666666666669,0.10501923076923077,0.04793508817875479,1717,1717,283
null,all_alfworld,all,absolute_readout,D_cos_raw::decision::reward,top_quartile_lift,0.7001965946367418,0.23425340438141576,1.555424237979503,0.8142169096970026,1717,1717,283
null,all_alfworld,all,absolute_readout,D_cos_raw::decision::unsigned,spearman,-0.2467733937531747,-0.5503054854350677,0.2539146519588249,-0.16387042613021324,1717,1717,283
null,all_alfworld,all,absolute_readout,D_cos_raw::decision::unsigned,average_precision,0.26608391608391607,0.22854007104007104,0.7270699137463842,0.46812655054808816,1717,1717,283
null,all_alfworld,all,absolute_readout,D_cos_raw::decision::unsigned,auroc_large_change_vs_rest,0.4153846153846154,0.18181818181818182,0.6967857142857139,0.4412149829326106,1717,1717,283
null,all_alfworld,all,absolute_readout,D_cos_raw::decision::unsigned,top_quartile_mean_absolute_delta,0.019661016949152545,0.009366189883913764,0.09012592633355344,0.04017090368291173,1717,1717,283
null,all_alfworld,all,absolute_readout,D_cos_raw::decision::unsigned,top_quartile_lift,0.5006028041778863,0.18695260011224032,1.395046648308665,0.6866038513435192,1717,1717,283
null,all_alfworld,all,absolute_readout,D_cos_centered::decision::reward,spearman,-0.373773926939955,-0.570532839398644,0.26895928008450465,-0.16497859780655402,1717,1717,283
null,all_alfworld,all,absolute_readout,D_cos_centered::decision::reward,average_precision,0.2281096681096681,0.23046116628469573,0.7099029772960255,0.46914425816137373,1717,1717,283
null,all_alfworld,all,absolute_readout,D_cos_centered::decision::reward,auroc_large_change_vs_rest,0.26153846153846155,0.2,0.7,0.4477537547172084,1717,1717,283
null,all_alfworld,all,absolute_readout,D_cos_centered::decision::reward,top_quartile_mean_absolute_delta,0.027500000000000004,0.011416666666666669,0.10501923076923077,0.04793508817875479,1717,1717,283
null,all_alfworld,all,absolute_readout,D_cos_centered::decision::reward,top_quartile_lift,0.7001965946367418,0.23425340438141576,1.555424237979503,0.8142169096970026,1717,1717,283
null,all_alfworld,all,absolute_readout,D_cos_centered::decision::unsigned,spearman,-0.30149720073609626,-0.5409628759878636,0.3001405988853315,-0.14863466510196732,1717,1717,283
null,all_alfworld,all,absolute_readout,D_cos_centered::decision::unsigned,average_precision,0.23440476190476192,0.23124947927889106,0.7545357876674722,0.4792782394808093,1717,1717,283
null,all_alfworld,all,absolute_readout,D_cos_centered::decision::unsigned,auroc_large_change_vs_rest,0.3076923076923077,0.2,0.7015392015392014,0.44914903093412123,1717,1717,283
null,all_alfworld,all,absolute_readout,D_cos_centered::decision::unsigned,top_quartile_mean_absolute_delta,0.022994350282485875,0.006673022598870057,0.09131868131868127,0.03941497345588253,1717,1717,283
null,all_alfworld,all,absolute_readout,D_cos_centered::decision::unsigned,top_quartile_lift,0.5854751186793095,0.14527230398510194,1.394162651947521,0.6724070427876226,1717,1717,283
null,all_alfworld,all,absolute_readout,D_cos_centered_gate::decision::reward,spearman,-0.08982964542479581,-0.44494317235400777,0.40290052730026255,-0.029866447880320605,1717,1717,283
null,all_alfworld,all,absolute_readout,D_cos_centered_gate::decision::reward,average_precision,0.26936507936507936,0.24820526695526696,0.8021236171236169,0.5149164661541322,1717,1717,283
null,all_alfworld,all,absolute_readout,D_cos_centered_gate::decision::reward,auroc_large_change_vs_rest,0.38461538461538464,0.2345679012345679,0.7779220779220778,0.4946835721782334,1717,1717,283
null,all_alfworld,all,absolute_readout,D_cos_centered_gate::decision::reward,top_quartile_mean_absolute_delta,0.037222222222222226,0.02043882275132275,0.1103035714285714,0.059733096902709226,1717,1717,283
null,all_alfworld,all,absolute_readout,D_cos_centered_gate::decision::reward,top_quartile_lift,0.9477408452658929,0.42650349571297785,1.6695774328861435,1.0265754626281411,1717,1717,283
null,all_alfworld,all,absolute_readout,D_cos_centered_gate::decision::unsigned,spearman,0.09395974406501631,-0.2962481456753851,0.4791034247744126,0.08706678109770297,1717,1717,283
null,all_alfworld,all,absolute_readout,D_cos_centered_gate::decision::unsigned,average_precision,0.41120448179271707,0.31538885297708824,0.8191154188948305,0.5638248438721246,1717,1717,283
null,all_alfworld,all,absolute_readout,D_cos_centered_gate::decision::unsigned,auroc_large_change_vs_rest,0.6153846153846154,0.2987012987012987,0.7916666666666666,0.5470235390809066,1717,1717,283
null,all_alfworld,all,absolute_readout,D_cos_centered_gate::decision::unsigned,top_quartile_mean_absolute_delta,0.047135137031968276,0.029164545625942683,0.10728722259277225,0.06359686567200251,1717,1717,283
null,all_alfworld,all,absolute_readout,D_cos_centered_gate::decision::unsigned,top_quartile_lift,1.2001404522734678,0.5527486442077201,1.7140536552817662,1.107200197262685,1717,1717,283
null,all_alfworld,all,absolute_readout,D_cos_adv::decision::reward,spearman,0.059886430283197206,-0.3608018134107896,0.40171447728147625,0.029936046432250424,1717,1717,283
null,all_alfworld,all,absolute_readout,D_cos_adv::decision::reward,average_precision,0.5978711484593837,0.25255493308434485,0.8237330447330445,0.5460295640750967,1717,1717,283
null,all_alfworld,all,absolute_readout,D_cos_adv::decision::reward,auroc_large_change_vs_rest,0.5846153846153846,0.25,0.7532467532467533,0.5134027310922574,1717,1717,283
null,all_alfworld,all,absolute_readout,D_cos_adv::decision::reward,top_quartile_mean_absolute_delta,0.04293650793650793,0.02234935897435897,0.11498298983625069,0.06237005948510682,1717,1717,283
null,all_alfworld,all,absolute_readout,D_cos_adv::decision::reward,top_quartile_lift,1.0932362415540469,0.47053065277199013,1.708968473572573,1.0703115902240492,1717,1717,283
null,all_alfworld,all,absolute_readout,D_cos_adv::decision::unsigned,spearman,-0.30149720073609626,-0.5409628759878636,0.3001405988853315,-0.14863466510196732,1717,1717,283
null,all_alfworld,all,absolute_readout,D_cos_adv::decision::unsigned,average_precision,0.23440476190476192,0.23124947927889106,0.7545357876674722,0.4792782394808093,1717,1717,283
null,all_alfworld,all,absolute_readout,D_cos_adv::decision::unsigned,auroc_large_change_vs_rest,0.3076923076923077,0.2,0.7015392015392014,0.44914903093412123,1717,1717,283
null,all_alfworld,all,absolute_readout,D_cos_adv::decision::unsigned,top_quartile_mean_absolute_delta,0.022994350282485875,0.006673022598870057,0.09131868131868127,0.03941497345588253,1717,1717,283
null,all_alfworld,all,absolute_readout,D_cos_adv::decision::unsigned,top_quartile_lift,0.5854751186793095,0.14527230398510194,1.394162651947521,0.6724070427876226,1717,1717,283
null,all_alfworld,all,absolute_readout,D_cos_negative::decision::reward,spearman,-0.04543108504242547,-0.22522874972020052,0.6240062261901143,0.19699464790348636,1717,1717,283
null,all_alfworld,all,absolute_readout,D_cos_negative::decision::reward,average_precision,0.31882352941176473,0.3019812540400776,0.8795444547282781,0.5821476319312053,1717,1717,283
null,all_alfworld,all,absolute_readout,D_cos_negative::decision::reward,auroc_large_change_vs_rest,0.46153846153846156,0.3472222222222222,0.85,0.5955014876352966,1717,1717,283
null,all_alfworld,all,absolute_readout,D_cos_negative::decision::reward,top_quartile_mean_absolute_delta,0.05896060656930222,0.036672182223906356,0.14390886193186953,0.08186871143150895,1717,1717,283
null,all_alfworld,all,absolute_readout,D_cos_negative::decision::reward,top_quartile_lift,1.5012369431833497,0.7780289236011723,2.1076174933182146,1.4113174988648443,1717,1717,283
null,all_alfworld,all,absolute_readout,D_cos_negative::decision::unsigned,spearman,-0.23335057317245808,-0.30093135718991243,0.5592248288017063,0.12780989095272463,1717,1717,283
null,all_alfworld,all,absolute_readout,D_cos_negative::decision::unsigned,average_precision,0.25717850776674306,0.2644237788355436,0.8407977441453376,0.5392822767514015,1717,1717,283
null,all_alfworld,all,absolute_readout,D_cos_negative::decision::unsigned,auroc_large_change_vs_rest,0.36923076923076925,0.29125000000000006,0.8194444444444444,0.5533906119459895,1717,1717,283
null,all_alfworld,all,absolute_readout,D_cos_negative::decision::unsigned,top_quartile_mean_absolute_delta,0.01902619949494949,0.016745050963529226,0.10829968173481495,0.05367951324853583,1717,1717,283
null,all_alfworld,all,absolute_readout,D_cos_negative::decision::unsigned,top_quartile_lift,0.48443927619065197,0.33772742753284396,1.6410915717156822,0.9209741170226607,1717,1717,283
null,all_alfworld,all,absolute_readout,D_soft::decision::reward,spearman,-0.059886430283197206,-0.41630154140622433,0.3999794508613851,-0.013558095585674725,1717,1717,283
null,all_alfworld,all,absolute_readout,D_soft::decision::reward,average_precision,0.2792997198879552,0.24137308769661714,0.8116432513564863,0.5178931332774932,1717,1717,283
null,all_alfworld,all,absolute_readout,D_soft::decision::reward,auroc_large_change_vs_rest,0.4153846153846154,0.2345679012345679,0.7530864197530864,0.5016078031706065,1717,1717,283
null,all_alfworld,all,absolute_readout,D_soft::decision::reward,top_quartile_mean_absolute_delta,0.04049435028248588,0.019067460317460316,0.10155442176870746,0.05375609388298174,1717,1717,283
null,all_alfworld,all,absolute_readout,D_soft::decision::reward,top_quartile_lift,1.0310547698117816,0.37462909585075177,1.533818236465051,0.9249040095409723,1717,1717,283
null,all_alfworld,all,absolute_readout,D_soft::decision::unsigned,spearman,0.04130098640220497,-0.39660676741311773,0.39215670441033945,-0.008435760864281437,1717,1717,283
null,all_alfworld,all,absolute_readout,D_soft::decision::unsigned,average_precision,0.30666666666666664,0.24362157287157288,0.8026844418208054,0.5054745349873939,1717,1717,283
null,all_alfworld,all,absolute_readout,D_soft::decision::unsigned,auroc_large_change_vs_rest,0.5076923076923077,0.23360389610389612,0.7626388888888888,0.4953635204520955,1717,1717,283
null,all_alfworld,all,absolute_readout,D_soft::decision::unsigned,top_quartile_mean_absolute_delta,0.03558298730660677,0.01837425310001909,0.0931861781794057,0.05044908256400863,1717,1717,283
null,all_alfworld,all,absolute_readout,D_soft::decision::unsigned,top_quartile_lift,0.9060031468759442,0.3634319179936966,1.4924384235368986,0.8752151266838043,1717,1717,283
null,all_alfworld,all,absolute_readout,D_soft_negative::decision::reward,spearman,0.15384617434821352,-0.2785004924241025,0.5717427256438816,0.1681081832641707,1717,1717,283
null,all_alfworld,all,absolute_readout,D_soft_negative::decision::reward,average_precision,0.2863095238095238,0.2681691919191919,0.8668019732792458,0.5545435459748778,1717,1717,283
null,all_alfworld,all,absolute_readout,D_soft_negative::decision::reward,auroc_large_change_vs_rest,0.46153846153846156,0.3,0.8313852813852812,0.5655349598649443,1717,1717,283
null,all_alfworld,all,absolute_readout,D_soft_negative::decision::reward,top_quartile_mean_absolute_delta,0.05677809735554301,0.03506007152430364,0.12288010025637902,0.0735117095300876,1717,1717,283
null,all_alfworld,all,absolute_readout,D_soft_negative::decision::reward,top_quartile_lift,1.445666560665622,0.6806637789019943,1.9059284437841333,1.2783014442446825,1717,1717,283
null,all_alfworld,all,absolute_readout,D_soft_negative::decision::unsigned,spearman,0.04543108504242547,-0.38388405465831804,0.4791034568873002,0.03928134618915267,1717,1717,283
null,all_alfworld,all,absolute_readout,D_soft_negative::decision::unsigned,average_precision,0.24884920634920632,0.2559191984486103,0.8359594303127057,0.5277899453015791,1717,1717,283
null,all_alfworld,all,absolute_readout,D_soft_negative::decision::unsigned,auroc_large_change_vs_rest,0.35384615384615387,0.25,0.8,0.5194143359426799,1717,1717,283
null,all_alfworld,all,absolute_readout,D_soft_negative::decision::unsigned,top_quartile_mean_absolute_delta,0.033800505050505046,0.019041800930898675,0.09896990740740741,0.05337005095816681,1717,1717,283
null,all_alfworld,all,absolute_readout,D_soft_negative::decision::unsigned,top_quartile_lift,0.8606181284860226,0.40487649704323286,1.5622303847650165,0.922306629271814,1717,1717,283
null,all_alfworld,all,absolute_readout,D_soft_cos::decision::reward,spearman,-0.0764068248440792,-0.38934247294739727,0.42291566839017203,0.00792453567532267,1717,1717,283
null,all_alfworld,all,absolute_readout,D_soft_cos::decision::reward,average_precision,0.2792997198879552,0.2492903828197946,0.8107404464222645,0.5223901596490382,1717,1717,283
null,all_alfworld,all,absolute_readout,D_soft_cos::decision::reward,auroc_large_change_vs_rest,0.4153846153846154,0.2375,0.775,0.5107193336675476,1717,1717,283
null,all_alfworld,all,absolute_readout,D_soft_cos::decision::reward,top_quartile_mean_absolute_delta,0.037222222222222226,0.02043882275132275,0.1103035714285714,0.059733096902709226,1717,1717,283
null,all_alfworld,all,absolute_readout,D_soft_cos::decision::reward,top_quartile_lift,0.9477408452658929,0.42650349571297785,1.6695774328861435,1.0265754626281411,1717,1717,283
null,all_alfworld,all,absolute_readout,D_soft_cos::decision::unsigned,spearman,0.035105838441874225,-0.3577624387267964,0.4400642339478367,0.027964074180310716,1717,1717,283
null,all_alfworld,all,absolute_readout,D_soft_cos::decision::unsigned,average_precision,0.322156862745098,0.24704108309990666,0.8167853878147991,0.5110618292607391,1717,1717,283
null,all_alfworld,all,absolute_readout,D_soft_cos::decision::unsigned,auroc_large_change_vs_rest,0.5230769230769231,0.24675324675324675,0.7777777777777778,0.50907425400121,1717,1717,283
null,all_alfworld,all,absolute_readout,D_soft_cos::decision::unsigned,top_quartile_mean_absolute_delta,0.03558298730660677,0.01837425310001909,0.0931861781794057,0.05044908256400863,1717,1717,283
null,all_alfworld,all,absolute_readout,D_soft_cos::decision::unsigned,top_quartile_lift,0.9060031468759442,0.3634319179936966,1.4924384235368986,0.8752151266838043,1717,1717,283
null,all_alfworld,all,absolute_readout,D_sigmoid::decision::reward,spearman,-0.19927725939063898,-0.5505260773986439,0.24144211322633027,-0.15565695951484682,1717,1717,283
null,all_alfworld,all,absolute_readout,D_sigmoid::decision::reward,average_precision,0.24882352941176472,0.22404295051353876,0.7714615014615014,0.48609254004722297,1717,1717,283
null,all_alfworld,all,absolute_readout,D_sigmoid::decision::reward,auroc_large_change_vs_rest,0.3076923076923077,0.18055555555555555,0.6790123456790124,0.4299914117498082,1717,1717,283
null,all_alfworld,all,absolute_readout,D_sigmoid::decision::reward,top_quartile_mean_absolute_delta,0.035833333333333335,0.012939664502164501,0.09270833333333332,0.046660224419324145,1717,1717,283
null,all_alfworld,all,absolute_readout,D_sigmoid::decision::reward,top_quartile_lift,0.9123773808902998,0.2711260397458466,1.3833577300905227,0.7994037510718106,1717,1717,283
null,all_alfworld,all,absolute_readout,D_sigmoid::decision::unsigned,spearman,-0.0010325246600551242,-0.44921798873378455,0.3915696865083089,-0.021865587888242954,1717,1717,283
null,all_alfworld,all,absolute_readout,D_sigmoid::decision::unsigned,average_precision,0.3376330532212885,0.2443466386554622,0.796852738826335,0.5010503935685925,1717,1717,283
null,all_alfworld,all,absolute_readout,D_sigmoid::decision::unsigned,auroc_large_change_vs_rest,0.5384615384615384,0.23360389610389612,0.7538461538461538,0.491880626554719,1717,1717,283
null,all_alfworld,all,absolute_readout,D_sigmoid::decision::unsigned,top_quartile_mean_absolute_delta,0.03049435028248588,0.013529104477611941,0.08502495908346969,0.043755603126084466,1717,1717,283
null,all_alfworld,all,absolute_readout,D_sigmoid::decision::unsigned,top_quartile_lift,0.7764378263075118,0.2748504958297156,1.348028362032725,0.7529242072586438,1717,1717,283
null,all_alfworld,all,absolute_readout,D_tauC_q25::decision::reward,spearman,-0.06091895494325233,-0.4368213925631866,0.3951010087784865,-0.0287299213792427,1717,1717,283
null,all_alfworld,all,absolute_readout,D_tauC_q25::decision::reward,average_precision,0.2855555555555555,0.2455972222222222,0.8017808835054823,0.5175143632908235,1717,1717,283
null,all_alfworld,all,absolute_readout,D_tauC_q25::decision::reward,auroc_large_change_vs_rest,0.4153846153846154,0.23376623376623376,0.7625,0.49725300108478127,1717,1717,283
null,all_alfworld,all,absolute_readout,D_tauC_q25::decision::reward,top_quartile_mean_absolute_delta,0.037222222222222226,0.02043882275132275,0.1103035714285714,0.059733096902709226,1717,1717,283
null,all_alfworld,all,absolute_readout,D_tauC_q25::decision::reward,top_quartile_lift,0.9477408452658929,0.42650349571297785,1.6695774328861435,1.0265754626281411,1717,1717,283
null,all_alfworld,all,absolute_readout,D_tauC_q25::decision::unsigned,spearman,0.08879712076474068,-0.3700415197698343,0.42934955555763854,0.02866452321255275,1717,1717,283
null,all_alfworld,all,absolute_readout,D_tauC_q25::decision::unsigned,average_precision,0.3402272727272727,0.2556818181818182,0.8234101315351314,0.519414765629538,1717,1717,283
null,all_alfworld,all,absolute_readout,D_tauC_q25::decision::unsigned,auroc_large_change_vs_rest,0.5538461538461539,0.24652236652236653,0.7849038461538459,0.5154250666214363,1717,1717,283
null,all_alfworld,all,absolute_readout,D_tauC_q25::decision::unsigned,top_quartile_mean_absolute_delta,0.043647503435639036,0.021218482905982907,0.10858146663314766,0.05808251007889856,1717,1717,283
null,all_alfworld,all,absolute_readout,D_tauC_q25::decision::unsigned,top_quartile_lift,1.111339391637452,0.4297273029139291,1.6303633225029048,1.001868505555199,1717,1717,283
null,all_alfworld,all,absolute_readout,D_tauC_q50::decision::reward,spearman,0.08466702212452018,-0.3563826945878957,0.44563817703601205,0.041318692815022866,1717,1717,283
null,all_alfworld,all,absolute_readout,D_tauC_q50::decision::reward,average_precision,0.3075,0.25391806722689075,0.8184731445025561,0.5279425602766076,1717,1717,283
null,all_alfworld,all,absolute_readout,D_tauC_q50::decision::reward,auroc_large_change_vs_rest,0.47692307692307695,0.2625,0.7752777777777775,0.526662737738257,1717,1717,283
null,all_alfworld,all,absolute_readout,D_tauC_q50::decision::reward,top_quartile_mean_absolute_delta,0.04049435028248588,0.019067460317460316,0.10155442176870746,0.05375609388298174,1717,1717,283
null,all_alfworld,all,absolute_readout,D_tauC_q50::decision::reward,top_quartile_lift,1.0310547698117816,0.37462909585075177,1.533818236465051,0.9249040095409723,1717,1717,283
null,all_alfworld,all,absolute_readout,D_tauC_q50::decision::unsigned,spearman,0.06917915222369332,-0.41303121371921203,0.38188322789497653,-0.022717023333308654,1717,1717,283
null,all_alfworld,all,absolute_readout,D_tauC_q50::decision::unsigned,average_precision,0.302156862745098,0.23532352941176474,0.7997595704948643,0.5034381904979871,1717,1717,283
null,all_alfworld,all,absolute_readout,D_tauC_q50::decision::unsigned,auroc_large_change_vs_rest,0.47692307692307695,0.225,0.75,0.48441225806664556,1717,1717,283
null,all_alfworld,all,absolute_readout,D_tauC_q50::decision::unsigned,top_quartile_mean_absolute_delta,0.03659650082012028,0.018402343526847508,0.09604711174242424,0.05046084558964399,1717,1717,283
null,all_alfworld,all,absolute_readout,D_tauC_q50::decision::unsigned,top_quartile_lift,0.9318089181770526,0.3649187753529712,1.4832212131596827,0.8713070357867522,1717,1717,283
null,all_alfworld,all,absolute_readout,D_tauC_q75::decision::reward,spearman,-0.010325246600551242,-0.38112962757202923,0.42299616598187095,0.027845302440877986,1717,1717,283
null,all_alfworld,all,absolute_readout,D_tauC_q75::decision::reward,average_precision,0.2605772005772006,0.24533297258297257,0.8029941370487587,0.5171787681283512,1717,1717,283
null,all_alfworld,all,absolute_readout,D_tauC_q75::decision::reward,auroc_large_change_vs_rest,0.36923076923076925,0.24675324675324675,0.7662337662337663,0.5119981240564623,1717,1717,283
null,all_alfworld,all,absolute_readout,D_tauC_q75::decision::reward,top_quartile_mean_absolute_delta,0.04049435028248588,0.019067460317460316,0.10155442176870746,0.05375609388298174,1717,1717,283
null,all_alfworld,all,absolute_readout,D_tauC_q75::decision::reward,top_quartile_lift,1.0310547698117816,0.37462909585075177,1.533818236465051,0.9249040095409723,1717,1717,283
null,all_alfworld,all,absolute_readout,D_tauC_q75::decision::unsigned,spearman,-0.08879712076474068,-0.40252535759931896,0.4207051433765794,-0.002980673684355145,1717,1717,283
null,all_alfworld,all,absolute_readout,D_tauC_q75::decision::unsigned,average_precision,0.2699346405228758,0.231984126984127,0.7954928330730467,0.5060657823947611,1717,1717,283
null,all_alfworld,all,absolute_readout,D_tauC_q75::decision::unsigned,auroc_large_change_vs_rest,0.4153846153846154,0.22472222222222224,0.75,0.49091457590778104,1717,1717,283
null,all_alfworld,all,absolute_readout,D_tauC_q75::decision::unsigned,top_quartile_mean_absolute_delta,0.03558298730660677,0.01837425310001909,0.0931861781794057,0.05044908256400863,1717,1717,283
null,all_alfworld,all,absolute_readout,D_tauC_q75::decision::unsigned,top_quartile_lift,0.9060031468759442,0.3634319179936966,1.4924384235368986,0.8752151266838043,1717,1717,283
null,all_alfworld,all,absolute_readout,D_delta_q25::decision::reward,spearman,-0.39958704344133306,-0.5828507573399401,0.26192102008418383,-0.17719356981104,1717,1717,283
null,all_alfworld,all,absolute_readout,D_delta_q25::decision::reward,average_precision,0.21880485527544352,0.22918249724132075,0.7337756687756688,0.47656273411889216,1717,1717,283
null,all_alfworld,all,absolute_readout,D_delta_q25::decision::reward,auroc_large_change_vs_rest,0.2153846153846154,0.19480519480519481,0.7012987012987013,0.43876568261760457,1717,1717,283
null,all_alfworld,all,absolute_readout,D_delta_q25::decision::reward,top_quartile_mean_absolute_delta,0.027500000000000004,0.011416666666666669,0.10501923076923077,0.04793508817875479,1717,1717,283
null,all_alfworld,all,absolute_readout,D_delta_q25::decision::reward,top_quartile_lift,0.7001965946367418,0.23425340438141576,1.555424237979503,0.8142169096970026,1717,1717,283
null,all_alfworld,all,absolute_readout,D_delta_q25::decision::unsigned,spearman,-0.39958704344133306,-0.5759561385634706,0.27992153008541126,-0.15606860453856344,1717,1717,283
null,all_alfworld,all,absolute_readout,D_delta_q25::decision::unsigned,average_precision,0.2110213316095669,0.2214010989010989,0.7628331657943955,0.48183022783577073,1717,1717,283
null,all_alfworld,all,absolute_readout,D_delta_q25::decision::unsigned,auroc_large_change_vs_rest,0.2,0.17243867243867245,0.7077564102564102,0.43678681647522655,1717,1717,283
null,all_alfworld,all,absolute_readout,D_delta_q25::decision::unsigned,top_quartile_mean_absolute_delta,0.02799435028248588,0.014823950244463617,0.1072887348969438,0.05069277842086023,1717,1717,283
null,all_alfworld,all,absolute_readout,D_delta_q25::decision::unsigned,top_quartile_lift,0.7127835904314443,0.3000087601221984,1.5786326373979889,0.8666607630489895,1717,1717,283
null,all_alfworld,all,absolute_readout,D_delta_q50::decision::reward,spearman,-0.4140423886821048,-0.554942081929606,0.3422522487430095,-0.11206361373890815,1717,1717,283
null,all_alfworld,all,absolute_readout,D_delta_q50::decision::reward,average_precision,0.28897801544860374,0.23652584670231733,0.793648744592372,0.5020642240489651,1717,1717,283
null,all_alfworld,all,absolute_readout,D_delta_q50::decision::reward,auroc_large_change_vs_rest,0.3076923076923077,0.2,0.7386413586413585,0.4592841911857637,1717,1717,283
null,all_alfworld,all,absolute_readout,D_delta_q50::decision::reward,top_quartile_mean_absolute_delta,0.02583333333333333,0.010401785714285714,0.10579945054945052,0.04845647215980601,1717,1717,283
null,all_alfworld,all,absolute_readout,D_delta_q50::decision::reward,top_quartile_lift,0.65776043738603,0.23123192379402596,1.56366218519163,0.8222940191201447,1717,1717,283
null,all_alfworld,all,absolute_readout,D_delta_q50::decision::unsigned,spearman,-0.5678885630303183,-0.632836215312257,0.287074134181351,-0.16375885065137694,1717,1717,283
null,all_alfworld,all,absolute_readout,D_delta_q50::decision::unsigned,average_precision,0.22279304029304026,0.21568938985850755,0.7675824005787238,0.4774080132544356,1717,1717,283
null,all_alfworld,all,absolute_readout,D_delta_q50::decision::unsigned,auroc_large_change_vs_rest,0.24615384615384617,0.15250000000000002,0.7015392015392014,0.42433877280387666,1717,1717,283
null,all_alfworld,all,absolute_readout,D_delta_q50::decision::unsigned,top_quartile_mean_absolute_delta,0.017994350282485878,0.008529265873015874,0.09694110591737852,0.04069228766396295,1717,1717,283
null,all_alfworld,all,absolute_readout,D_delta_q50::decision::unsigned,top_quartile_lift,0.4581666469271746,0.16033740923070802,1.4256429593500046,0.6946809607666611,1717,1717,283
null,all_alfworld,all,absolute_readout,D_delta_q75::decision::reward,spearman,-0.17346414288926087,-0.4996648639238044,0.3046694297897471,-0.11797314055632759,1717,1717,283
null,all_alfworld,all,absolute_readout,D_delta_q75::decision::reward,average_precision,0.3734477124183007,0.23067577030812325,0.7885365737203973,0.5036786939484758,1717,1717,283
null,all_alfworld,all,absolute_readout,D_delta_q75::decision::reward,auroc_large_change_vs_rest,0.24615384615384617,0.15584415584415584,0.7125,0.43766239261288764,1717,1717,283
null,all_alfworld,all,absolute_readout,D_delta_q75::decision::reward,top_quartile_mean_absolute_delta,0.031275600282485876,0.018353794642857142,0.09585768122964278,0.05124271791581369,1717,1717,283
null,all_alfworld,all,absolute_readout,D_delta_q75::decision::reward,top_quartile_lift,0.7963297750187828,0.3758711171149368,1.4878817051350508,0.8847362708474046,1717,1717,283
null,all_alfworld,all,absolute_readout,D_delta_q75::decision::unsigned,spearman,-0.2178627032716312,-0.5432094063888084,0.27225958697104885,-0.16049446399373105,1717,1717,283
null,all_alfworld,all,absolute_readout,D_delta_q75::decision::unsigned,average_precision,0.24564468211527038,0.21892860081095378,0.7925925925925926,0.4851863825220097,1717,1717,283
null,all_alfworld,all,absolute_readout,D_delta_q75::decision::unsigned,auroc_large_change_vs_rest,0.24615384615384617,0.14981481481481482,0.6805555555555556,0.4134316416810107,1717,1717,283
null,all_alfworld,all,absolute_readout,D_delta_q75::decision::unsigned,top_quartile_mean_absolute_delta,0.03901707755521315,0.019799449750434194,0.10381539251856348,0.05455651586617835,1717,1717,283
null,all_alfworld,all,absolute_readout,D_delta_q75::decision::unsigned,top_quartile_lift,0.9934409031577416,0.4076107789336147,1.5719620232206057,0.939987567100081,1717,1717,283
null,all_alfworld,all,absolute_readout,D_winsor::decision::reward,spearman,-0.3748064516000101,-0.5826323575425965,0.27993195313501446,-0.1682089937545233,1717,1717,283
null,all_alfworld,all,absolute_readout,D_winsor::decision::reward,average_precision,0.2788048552754435,0.23246191553544493,0.7332329900862655,0.4848300307851079,1717,1717,283
null,all_alfworld,all,absolute_readout,D_winsor::decision::reward,auroc_large_change_vs_rest,0.26153846153846155,0.19375000000000003,0.7041025641025638,0.4427697964438403,1717,1717,283
null,all_alfworld,all,absolute_readout,D_winsor::decision::reward,top_quartile_mean_absolute_delta,0.027500000000000004,0.011416666666666669,0.10501923076923077,0.04793508817875479,1717,1717,283
null,all_alfworld,all,absolute_readout,D_winsor::decision::reward,top_quartile_lift,0.7001965946367418,0.23425340438141576,1.555424237979503,0.8142169096970026,1717,1717,283
null,all_alfworld,all,absolute_readout,D_winsor::decision::unsigned,spearman,-0.3613836310192935,-0.5761452830906949,0.2637713190839702,-0.1768500746493153,1717,1717,283
null,all_alfworld,all,absolute_readout,D_winsor::decision::unsigned,average_precision,0.23358543417366948,0.22366378066378068,0.7417268405031009,0.47471586959810486,1717,1717,283
null,all_alfworld,all,absolute_readout,D_winsor::decision::unsigned,auroc_large_change_vs_rest,0.2923076923076923,0.19444444444444445,0.688616321949655,0.43384488627523954,1717,1717,283
null,all_alfworld,all,absolute_readout,D_winsor::decision::unsigned,top_quartile_mean_absolute_delta,0.022994350282485875,0.006673022598870057,0.09131868131868127,0.03941497345588253,1717,1717,283
null,all_alfworld,all,absolute_readout,D_winsor::decision::unsigned,top_quartile_lift,0.5854751186793095,0.14527230398510194,1.394162651947521,0.6724070427876226,1717,1717,283
null,all_alfworld,all,absolute_readout,D_tanh::decision::reward,spearman,-0.3799690749002857,-0.5838118141588642,0.25724829880915706,-0.17543719718126635,1717,1717,283
null,all_alfworld,all,absolute_readout,D_tanh::decision::reward,average_precision,0.23507936507936505,0.2310363247863248,0.7060034899740782,0.46833797717352726,1717,1717,283
null,all_alfworld,all,absolute_readout,D_tanh::decision::reward,auroc_large_change_vs_rest,0.26153846153846155,0.19975308641975312,0.6944444444444444,0.4427445031187023,1717,1717,283
null,all_alfworld,all,absolute_readout,D_tanh::decision::reward,top_quartile_mean_absolute_delta,0.027500000000000004,0.011416666666666669,0.10501923076923077,0.04793508817875479,1717,1717,283
null,all_alfworld,all,absolute_readout,D_tanh::decision::reward,top_quartile_lift,0.7001965946367418,0.23425340438141576,1.555424237979503,0.8142169096970026,1717,1717,283
null,all_alfworld,all,absolute_readout,D_tanh::decision::unsigned,spearman,-0.3717088776198447,-0.5848506971126171,0.2576913525221255,-0.1816506678049866,1717,1717,283
null,all_alfworld,all,absolute_readout,D_tanh::decision::unsigned,average_precision,0.2350140056022409,0.22213776419658773,0.7440892821775172,0.4741751828773335,1717,1717,283
null,all_alfworld,all,absolute_readout,D_tanh::decision::unsigned,auroc_large_change_vs_rest,0.2923076923076923,0.18726851851851853,0.6875,0.43095086653497644,1717,1717,283
null,all_alfworld,all,absolute_readout,D_tanh::decision::unsigned,top_quartile_mean_absolute_delta,0.022994350282485875,0.006673022598870057,0.09131868131868127,0.03941497345588253,1717,1717,283
null,all_alfworld,all,absolute_readout,D_tanh::decision::unsigned,top_quartile_lift,0.5854751186793095,0.14527230398510194,1.394162651947521,0.6724070427876226,1717,1717,283
null,all_alfworld,all,absolute_readout,D_action_sign::decision::reward,spearman,-0.29013942947548993,-0.42709501896712654,0.4430316518768108,0.0051435750772784485,1717,1717,283
null,all_alfworld,all,absolute_readout,D_action_sign::decision::reward,average_precision,0.3253571428571428,0.2585261544011544,0.820427317100111,0.5347131403327283,1717,1717,283
null,all_alfworld,all,absolute_readout,D_action_sign::decision::reward,auroc_large_change_vs_rest,0.4153846153846154,0.2597402597402597,0.8,0.5195057769351595,1717,1717,283
null,all_alfworld,all,absolute_readout,D_action_sign::decision::reward,top_quartile_mean_absolute_delta,0.02467013888888889,0.01806992337164751,0.11503787878787874,0.0572172704868914,1717,1717,283
null,all_alfworld,all,absolute_readout,D_action_sign::decision::reward,top_quartile_lift,0.628143535971471,0.3687213640422676,1.6988472876751715,0.9789469645807268,1717,1717,283
null,all_alfworld,all,absolute_readout,D_action_sign::decision::unsigned,spearman,0.19101706211019798,-0.32469025590077866,0.557897136961286,0.13712166073250717,1717,1717,283
null,all_alfworld,all,absolute_readout,D_action_sign::decision::unsigned,average_precision,0.4482142857142858,0.2810393772893773,0.8607351043564279,0.5704781116198375,1717,1717,283
null,all_alfworld,all,absolute_readout,D_action_sign::decision::unsigned,auroc_large_change_vs_rest,0.6615384615384615,0.3055555555555556,0.8518518518518519,0.5878234339540397,1717,1717,283
null,all_alfworld,all,absolute_readout,D_action_sign::decision::unsigned,top_quartile_mean_absolute_delta,0.04530844155844156,0.02210054347826087,0.11820127015638925,0.06216868778331173,1717,1717,283
null,all_alfworld,all,absolute_readout,D_action_sign::decision::unsigned,top_quartile_lift,1.1536296904552221,0.4569129571528067,1.7552477481422244,1.0635312853406587,1717,1717,283
null,all_alfworld,all,absolute_readout,D_action_adv::decision::reward,spearman,0.04749613436253571,-0.28048177829858145,0.5385033404475411,0.12028313087397718,1717,1717,283
null,all_alfworld,all,absolute_readout,D_action_adv::decision::reward,average_precision,0.47215686274509794,0.26958543417366954,0.8441557138395372,0.5561577227942232,1717,1717,283
null,all_alfworld,all,absolute_readout,D_action_adv::decision::reward,auroc_large_change_vs_rest,0.5538461538461539,0.2958974358974359,0.8,0.560594268191094,1717,1717,283
null,all_alfworld,all,absolute_readout,D_action_adv::decision::reward,top_quartile_mean_absolute_delta,0.04154761904761904,0.017499999999999998,0.12119642857142854,0.061093925499100886,1717,1717,283
null,all_alfworld,all,absolute_readout,D_action_adv::decision::reward,top_quartile_lift,1.0578727771784537,0.39509905617141544,1.7477580828521815,1.038009948998381,1717,1717,283
null,all_alfworld,all,absolute_readout,D_action_adv::decision::unsigned,spearman,0.19101706211019798,-0.32469025590077866,0.557897136961286,0.13712166073250717,1717,1717,283
null,all_alfworld,all,absolute_readout,D_action_adv::decision::unsigned,average_precision,0.4482142857142858,0.2810393772893773,0.8607351043564279,0.5704781116198375,1717,1717,283
null,all_alfworld,all,absolute_readout,D_action_adv::decision::unsigned,auroc_large_change_vs_rest,0.6615384615384615,0.3055555555555556,0.8518518518518519,0.5878234339540397,1717,1717,283
null,all_alfworld,all,absolute_readout,D_action_adv::decision::unsigned,top_quartile_mean_absolute_delta,0.04530844155844156,0.02210054347826087,0.11820127015638925,0.06216868778331173,1717,1717,283
null,all_alfworld,all,absolute_readout,D_action_adv::decision::unsigned,top_quartile_lift,1.1536296904552221,0.4569129571528067,1.7552477481422244,1.0635312853406587,1717,1717,283
null,all_alfworld,all,absolute_readout,D_action_adv_clip::decision::reward,spearman,-0.0010325246600551242,-0.32299657505540963,0.5211873440135877,0.10113097432504625,1717,1717,283
null,all_alfworld,all,absolute_readout,D_action_adv_clip::decision::reward,average_precision,0.4746428571428571,0.2663095238095238,0.8425311791383219,0.5556138868023572,1717,1717,283
null,all_alfworld,all,absolute_readout,D_action_adv_clip::decision::reward,auroc_large_change_vs_rest,0.5846153846153846,0.2775,0.8125,0.557577052550116,1717,1717,283
null,all_alfworld,all,absolute_readout,D_action_adv_clip::decision::reward,top_quartile_mean_absolute_delta,0.02467013888888889,0.01806992337164751,0.11503787878787874,0.0572172704868914,1717,1717,283
null,all_alfworld,all,absolute_readout,D_action_adv_clip::decision::reward,top_quartile_lift,0.628143535971471,0.3687213640422676,1.6988472876751715,0.9789469645807268,1717,1717,283
null,all_alfworld,all,absolute_readout,D_action_adv_clip::decision::unsigned,spearman,0.19101706211019798,-0.32469025590077866,0.557897136961286,0.13712166073250717,1717,1717,283
null,all_alfworld,all,absolute_readout,D_action_adv_clip::decision::unsigned,average_precision,0.4482142857142858,0.2810393772893773,0.8607351043564279,0.5704781116198375,1717,1717,283
null,all_alfworld,all,absolute_readout,D_action_adv_clip::decision::unsigned,auroc_large_change_vs_rest,0.6615384615384615,0.3055555555555556,0.8518518518518519,0.5878234339540397,1717,1717,283
null,all_alfworld,all,absolute_readout,D_action_adv_clip::decision::unsigned,top_quartile_mean_absolute_delta,0.04530844155844156,0.02210054347826087,0.11820127015638925,0.06216868778331173,1717,1717,283
null,all_alfworld,all,absolute_readout,D_action_adv_clip::decision::unsigned,top_quartile_lift,1.1536296904552221,0.4569129571528067,1.7552477481422244,1.0635312853406587,1717,1717,283
null,all_alfworld,all,absolute_readout,D_ratio_adv::decision::reward,spearman,0.01239029592066149,-0.3604156010515803,0.4673116370139431,0.04474067707473144,1717,1717,283
null,all_alfworld,all,absolute_readout,D_ratio_adv::decision::reward,average_precision,0.4703619909502262,0.2572808781632311,0.8304742761694632,0.5445172063115569,1717,1717,283
null,all_alfworld,all,absolute_readout,D_ratio_adv::decision::reward,auroc_large_change_vs_rest,0.5076923076923077,0.25,0.7779220779220778,0.5227547269917684,1717,1717,283
null,all_alfworld,all,absolute_readout,D_ratio_adv::decision::reward,top_quartile_mean_absolute_delta,0.04154761904761904,0.017499999999999998,0.12119642857142854,0.061093925499100886,1717,1717,283
null,all_alfworld,all,absolute_readout,D_ratio_adv::decision::reward,top_quartile_lift,1.0578727771784537,0.39509905617141544,1.7477580828521815,1.038009948998381,1717,1717,283
null,all_alfworld,all,absolute_readout,D_ratio_adv::decision::unsigned,spearman,-0.08260197280440994,-0.4721865503722691,0.43056027114520967,-0.021923399210045824,1717,1717,283
null,all_alfworld,all,absolute_readout,D_ratio_adv::decision::unsigned,average_precision,0.33964285714285714,0.25467717086834735,0.822009761072261,0.5308597327481844,1717,1717,283
null,all_alfworld,all,absolute_readout,D_ratio_adv::decision::unsigned,auroc_large_change_vs_rest,0.47692307692307695,0.23376623376623376,0.7916666666666666,0.5129630578693868,1717,1717,283
null,all_alfworld,all,absolute_readout,D_ratio_adv::decision::unsigned,top_quartile_mean_absolute_delta,0.03241161616161616,0.019966008047408067,0.11978089605407376,0.06053106843725606,1717,1717,283
null,all_alfworld,all,absolute_readout,D_ratio_adv::decision::unsigned,top_quartile_lift,0.8252546641104297,0.41115391621096486,1.7394724164623834,1.0341982608334033,1717,1717,283
null,all_alfworld,all,absolute_readout,D_policy_action_adv::decision::reward,spearman,0.018585443880992238,-0.31163737897961,0.5483484254427105,0.13692273132660648,1717,1717,283
null,all_alfworld,all,absolute_readout,D_policy_action_adv::decision::reward,average_precision,0.44525058275058277,0.2582036223580341,0.8506604502523618,0.5533434518814175,1717,1717,283
null,all_alfworld,all,absolute_readout,D_policy_action_adv::decision::reward,auroc_large_change_vs_rest,0.5076923076923077,0.2597402597402597,0.8127314814814812,0.5510628194633728,1717,1717,283
null,all_alfworld,all,absolute_readout,D_policy_action_adv::decision::reward,top_quartile_mean_absolute_delta,0.03901707755521315,0.019799449750434194,0.10381539251856348,0.05455651586617835,1717,1717,283
null,all_alfworld,all,absolute_readout,D_policy_action_adv::decision::reward,top_quartile_lift,0.9934409031577416,0.4076107789336147,1.5719620232206057,0.939987567100081,1717,1717,283
null,all_alfworld,all,absolute_readout,D_policy_action_adv::decision::unsigned,spearman,-0.37583897626006524,-0.2759269725917092,0.5438297385890558,0.13612209739355935,1717,1717,283
null,all_alfworld,all,absolute_readout,D_policy_action_adv::decision::unsigned,average_precision,0.2866300366300366,0.2676680672268907,0.8325183966360438,0.5436899236015895,1717,1717,283
null,all_alfworld,all,absolute_readout,D_policy_action_adv::decision::unsigned,auroc_large_change_vs_rest,0.4307692307692308,0.3116883116883117,0.7922077922077922,0.551947778497235,1717,1717,283
null,all_alfworld,all,absolute_readout,D_policy_action_adv::decision::unsigned,top_quartile_mean_absolute_delta,0.018656625375375373,0.020930405405405403,0.11475175619360675,0.05848282166933645,1717,1717,283
null,all_alfworld,all,absolute_readout,D_policy_action_adv::decision::unsigned,top_quartile_lift,0.4750292929182276,0.4396910366145371,1.7036385079390888,1.0051289734568172,1717,1717,283
null,all_alfworld,all,absolute_readout,D_reward_only::decision::reward,spearman,0.23760330578512398,-0.4974626529599689,0.3574454965990266,-0.06175813790536992,1717,1717,283
null,all_alfworld,all,absolute_readout,D_reward_only::decision::reward,average_precision,0.4143939393939394,0.2449429247223365,0.8173271291987868,0.514238653991416,1717,1717,283
null,all_alfworld,all,absolute_readout,D_reward_only::decision::reward,auroc_large_change_vs_rest,0.6153846153846154,0.22472222222222224,0.7571428571428569,0.4908114265647997,1717,1717,283
null,all_alfworld,all,absolute_readout,D_reward_only::decision::reward,top_quartile_mean_absolute_delta,0.047103174603174605,0.0194100790513834,0.10904734848484848,0.05827108724156382,1717,1717,283
null,all_alfworld,all,absolute_readout,D_reward_only::decision::reward,top_quartile_lift,1.199326634680826,0.4010974099392403,1.61085515563121,0.9991747225539666,1717,1717,283
null,all_alfworld,all,absolute_readout,D_reward_only::decision::unsigned,spearman,,,,,0,1717,283
null,all_alfworld,all,absolute_readout,D_reward_only::decision::unsigned,average_precision,0.2777777777777778,0.2222222222222222,0.6666666666666666,0.43988222351646933,1717,1717,283
null,all_alfworld,all,absolute_readout,D_reward_only::decision::unsigned,auroc_large_change_vs_rest,0.5,0.5,0.5,0.5,1717,1717,283
null,all_alfworld,all,absolute_readout,D_reward_only::decision::unsigned,top_quartile_mean_absolute_delta,0.03927468401109099,0.035669714646088264,0.0831052709560181,0.057881026017261646,1717,1717,283
null,all_alfworld,all,absolute_readout,D_reward_only::decision::unsigned,top_quartile_lift,1.0,0.9999999999999998,1.0000000000000004,1.0,1717,1717,283
null,all_alfworld,all,absolute_readout,D_adv_negative_fraction::decision::reward,spearman,0.29545454545454547,-0.16451985126803978,0.6463023994945785,0.26791815443408307,1717,1717,283
null,all_alfworld,all,absolute_readout,D_adv_negative_fraction::decision::reward,average_precision,0.3473992673992674,0.30932844932844933,0.8730630480630477,0.5893213041840364,1717,1717,283
null,all_alfworld,all,absolute_readout,D_adv_negative_fraction::decision::reward,auroc_large_change_vs_rest,0.5846153846153846,0.36414141414141415,0.8472222222222222,0.6109159480598279,1717,1717,283
null,all_alfworld,all,absolute_readout,D_adv_negative_fraction::decision::reward,top_quartile_mean_absolute_delta,0.04964425897170462,0.03696195777906304,0.12354122807017544,0.07578366927337879,1717,1717,283
null,all_alfworld,all,absolute_readout,D_adv_negative_fraction::decision::reward,top_quartile_lift,1.264026948190985,0.722159466359988,1.995465902744957,1.3184097959595757,1717,1717,283
null,all_alfworld,all,absolute_readout,D_adv_negative_fraction::decision::unsigned,spearman,,,,,0,1717,283
null,all_alfworld,all,absolute_readout,D_adv_negative_fraction::decision::unsigned,average_precision,0.2777777777777778,0.2222222222222222,0.6666666666666666,0.43988222351646933,1717,1717,283
null,all_alfworld,all,absolute_readout,D_adv_negative_fraction::decision::unsigned,auroc_large_change_vs_rest,0.5,0.5,0.5,0.5,1717,1717,283
null,all_alfworld,all,absolute_readout,D_adv_negative_fraction::decision::unsigned,top_quartile_mean_absolute_delta,0.03927468401109099,0.035669714646088264,0.0831052709560181,0.057881026017261646,1717,1717,283
null,all_alfworld,all,absolute_readout,D_adv_negative_fraction::decision::unsigned,top_quartile_lift,1.0,0.9999999999999998,1.0000000000000004,1.0,1717,1717,283
null,all_alfworld,all,absolute_readout,C_raw::decision::reward,spearman,-0.16933404424904036,-0.5203919183194217,0.3038807920949957,-0.09807279836427873,1717,1717,283
null,all_alfworld,all,absolute_readout,C_raw::decision::reward,average_precision,0.4593650793650793,0.24234167384902677,0.7539292904065629,0.5024167613406928,1717,1717,283
null,all_alfworld,all,absolute_readout,C_raw::decision::reward,auroc_large_change_vs_rest,0.5384615384615384,0.2077922077922078,0.725,0.4682219549793807,1717,1717,283
null,all_alfworld,all,absolute_readout,C_raw::decision::reward,top_quartile_mean_absolute_delta,0.022161016949152543,0.00990981240981241,0.09939420215201465,0.04503046688551512,1717,1717,283
null,all_alfworld,all,absolute_readout,C_raw::decision::reward,top_quartile_lift,0.5642570400539536,0.224096411261127,1.490143608763131,0.7677373658838359,1717,1717,283
null,all_alfworld,all,absolute_readout,C_raw::decision::unsigned,spearman,-0.15487869900826864,-0.4462001635816138,0.37674719412199,-0.03622471260792542,1717,1717,283
null,all_alfworld,all,absolute_readout,C_raw::decision::unsigned,average_precision,0.30999999999999994,0.2384818376068376,0.8008136560409287,0.4794571356979433,1717,1717,283
null,all_alfworld,all,absolute_readout,C_raw::decision::unsigned,auroc_large_change_vs_rest,0.5076923076923077,0.2077922077922078,0.7538461538461538,0.47894152187250616,1717,1717,283
null,all_alfworld,all,absolute_readout,C_raw::decision::unsigned,top_quartile_mean_absolute_delta,0.03492983415345362,0.018536082139023316,0.09472470951924097,0.05098222957069521,1717,1717,283
null,all_alfworld,all,absolute_readout,C_raw::decision::unsigned,top_quartile_lift,0.889372760926341,0.37100822171197234,1.499644798271978,0.8793841452098943,1717,1717,283
null,all_alfworld,all,absolute_readout,C_centered::decision::reward,spearman,-0.36448120499945885,-0.5439447618384095,0.30010346592165466,-0.1294208949536824,1717,1717,283
null,all_alfworld,all,absolute_readout,C_centered::decision::reward,average_precision,0.21049062049062045,0.24263492063492065,0.7637449424214128,0.48573249133837654,1717,1717,283
null,all_alfworld,all,absolute_readout,C_centered::decision::reward,auroc_large_change_vs_rest,0.2,0.1875,0.7272727272727273,0.4612270506211003,1717,1717,283
null,all_alfworld,all,absolute_readout,C_centered::decision::reward,top_quartile_mean_absolute_delta,0.02388888888888889,0.0075000000000000015,0.0939047619047619,0.041293004232067006,1717,1717,283
null,all_alfworld,all,absolute_readout,C_centered::decision::reward,top_quartile_lift,0.6082515872601999,0.16449446347472366,1.3899815959492552,0.7029416282047087,1717,1717,283
null,all_alfworld,all,absolute_readout,C_centered::decision::unsigned,spearman,-0.27774913355482844,-0.5400942715121133,0.335290139202698,-0.11973668667202918,1717,1717,283
null,all_alfworld,all,absolute_readout,C_centered::decision::unsigned,average_precision,0.24412698412698414,0.24501737233354878,0.7819149369149367,0.4917826875150887,1717,1717,283
null,all_alfworld,all,absolute_readout,C_centered::decision::unsigned,auroc_large_change_vs_rest,0.3230769230769231,0.1947691197691198,0.7384615384615385,0.4588227638751809,1717,1717,283
null,all_alfworld,all,absolute_readout,C_centered::decision::unsigned,top_quartile_mean_absolute_delta,0.019114583333333334,0.008327205882352941,0.09120499128160417,0.03980621878195415,1717,1717,283
null,all_alfworld,all,absolute_readout,C_centered::decision::unsigned,top_quartile_lift,0.4866896784690989,0.16816956848038872,1.4055367351585815,0.6787188479072215,1717,1717,283
null,all_alfworld,all,absolute_readout,C_adv_centered::decision::reward,spearman,-0.013422820580716616,-0.49173089054614033,0.33557051451791536,-0.08757944489282578,1717,1717,283
null,all_alfworld,all,absolute_readout,C_adv_centered::decision::reward,average_precision,0.506031746031746,0.24274603174603177,0.8103824198677139,0.5248608649724656,1717,1717,283
null,all_alfworld,all,absolute_readout,C_adv_centered::decision::reward,auroc_large_change_vs_rest,0.5230769230769231,0.2082792207792208,0.725,0.4679002105751766,1717,1717,283
null,all_alfworld,all,absolute_readout,C_adv_centered::decision::reward,top_quartile_mean_absolute_delta,0.04154761904761904,0.017499999999999998,0.12119642857142854,0.061093925499100886,1717,1717,283
null,all_alfworld,all,absolute_readout,C_adv_centered::decision::reward,top_quartile_lift,1.0578727771784537,0.39509905617141544,1.7477580828521815,1.038009948998381,1717,1717,283
null,all_alfworld,all,absolute_readout,C_adv_centered::decision::unsigned,spearman,-0.27774913355482844,-0.5400942715121133,0.335290139202698,-0.11973668667202918,1717,1717,283
null,all_alfworld,all,absolute_readout,C_adv_centered::decision::unsigned,average_precision,0.24412698412698414,0.24501737233354878,0.7819149369149367,0.4917826875150887,1717,1717,283
null,all_alfworld,all,absolute_readout,C_adv_centered::decision::unsigned,auroc_large_change_vs_rest,0.3230769230769231,0.1947691197691198,0.7384615384615385,0.4588227638751809,1717,1717,283
null,all_alfworld,all,absolute_readout,C_adv_centered::decision::unsigned,top_quartile_mean_absolute_delta,0.019114583333333334,0.008327205882352941,0.09120499128160417,0.03980621878195415,1717,1717,283
null,all_alfworld,all,absolute_readout,C_adv_centered::decision::unsigned,top_quartile_lift,0.4866896784690989,0.16816956848038872,1.4055367351585815,0.6787188479072215,1717,1717,283
null,all_alfworld,all,absolute_readout,M_delta_raw::decision::magnitude,spearman,0.11770781124628417,-0.398780868259252,0.40248285680066653,0.01159859517455309,1717,1717,283
null,all_alfworld,all,absolute_readout,M_delta_raw::decision::magnitude,average_precision,0.41555555555555557,0.26461688311688314,0.8275225468975468,0.5374690694259514,1717,1717,283
null,all_alfworld,all,absolute_readout,M_delta_raw::decision::magnitude,auroc_large_change_vs_rest,0.5384615384615384,0.2597402597402597,0.7797602397602393,0.5254817104385149,1717,1717,283
null,all_alfworld,all,absolute_readout,M_delta_raw::decision::magnitude,top_quartile_mean_absolute_delta,0.04223143598143598,0.02516460345138342,0.11664549807076978,0.06410400485479342,1717,1717,283
null,all_alfworld,all,absolute_readout,M_delta_raw::decision::magnitude,top_quartile_lift,1.0752839149389468,0.5270516603518338,1.7503976555972234,1.10442670764558,1717,1717,283
null,all_alfworld,all,absolute_readout,M_delta_centered::decision::magnitude,spearman,-0.0640165289234177,-0.5596828801821003,0.28525773695221873,-0.13539216870421397,1717,1717,283
null,all_alfworld,all,absolute_readout,M_delta_centered::decision::magnitude,average_precision,0.34555555555555556,0.24198168498168496,0.795336149019407,0.5032701100145807,1717,1717,283
null,all_alfworld,all,absolute_readout,M_delta_centered::decision::magnitude,auroc_large_change_vs_rest,0.38461538461538464,0.19444444444444445,0.7128549382716046,0.450870594089144,1717,1717,283
null,all_alfworld,all,absolute_readout,M_delta_centered::decision::magnitude,top_quartile_mean_absolute_delta,0.04231981981981982,0.015110926336536094,0.09848519163763063,0.050230710388211745,1717,1717,283
null,all_alfworld,all,absolute_readout,M_delta_centered::decision::magnitude,top_quartile_lift,1.0775343172173937,0.30445228241697464,1.4721005577183564,0.8621714385301409,1717,1717,283
null,all_alfworld,all,absolute_readout,M_original_norm::decision::magnitude,spearman,-0.19308211143030823,-0.5798833187598303,0.29665654942175396,-0.16151823410448288,1717,1717,283
null,all_alfworld,all,absolute_readout,M_original_norm::decision::magnitude,average_precision,0.22948717948717948,0.22819978632478632,0.7827318017692348,0.48973337020494123,1717,1717,283
null,all_alfworld,all,absolute_readout,M_original_norm::decision::magnitude,auroc_large_change_vs_rest,0.27692307692307694,0.16861471861471863,0.7086111111111109,0.4381365389106604,1717,1717,283
null,all_alfworld,all,absolute_readout,M_original_norm::decision::magnitude,top_quartile_mean_absolute_delta,0.027637310606060606,0.014285631661571511,0.106420514433289,0.05060713152204803,1717,1717,283
null,all_alfworld,all,absolute_readout,M_original_norm::decision::magnitude,top_quartile_lift,0.7036927553193287,0.29452987704027983,1.5740072872517865,0.8657822077486584,1717,1717,283
null,all_alfworld,all,absolute_readout,M_control_norm::decision::magnitude,spearman,-0.3221476939371988,-0.6939063996171866,0.1457272432096408,-0.3129657136920656,1717,1717,283
null,all_alfworld,all,absolute_readout,M_control_norm::decision::magnitude,average_precision,0.2110866910866911,0.19830715363068305,0.6890750426044544,0.44276514042874204,1717,1717,283
null,all_alfworld,all,absolute_readout,M_control_norm::decision::magnitude,auroc_large_change_vs_rest,0.2,0.12484567901234568,0.6363636363636364,0.36868167900249055,1717,1717,283
null,all_alfworld,all,absolute_readout,M_control_norm::decision::magnitude,top_quartile_mean_absolute_delta,0.020555555555555556,0.009156250000000001,0.09643387658093536,0.0420489344590962,1717,1717,283
null,all_alfworld,all,absolute_readout,M_control_norm::decision::magnitude,top_quartile_lift,0.5233792727587766,0.17640944504457284,1.4194813240596627,0.7171384367606052,1717,1717,283
null,all_alfworld,all,absolute_readout,M_kl::decision::magnitude,spearman,-0.26742388695427716,-0.3538853627464025,0.5036466333591236,0.06834140539934201,1717,1717,283
null,all_alfworld,all,absolute_readout,M_kl::decision::magnitude,average_precision,0.29514957264957264,0.24507967032967032,0.8172185327298961,0.5185060038471617,1717,1717,283
null,all_alfworld,all,absolute_readout,M_kl::decision::magnitude,auroc_large_change_vs_rest,0.4461538461538462,0.2716049382716049,0.7698076923076919,0.5135128390200221,1717,1717,283
null,all_alfworld,all,absolute_readout,M_kl::decision::magnitude,top_quartile_mean_absolute_delta,0.027716572504708097,0.017394229484867636,0.11024062742812739,0.0540043671253572,1717,1717,283
null,all_alfworld,all,absolute_readout,M_kl::decision::magnitude,top_quartile_lift,0.7057108975563257,0.35875583827623253,1.6651068777323779,0.9237722097700837,1717,1717,283
null,all_alfworld,all,absolute_readout,M_js::decision::magnitude,spearman,-0.29013942947548993,-0.35557870213505577,0.49783216971251454,0.0679701889874564,1717,1717,283
null,all_alfworld,all,absolute_readout,M_js::decision::magnitude,average_precision,0.28085497835497836,0.2448649544899545,0.822712912087912,0.5212562660760207,1717,1717,283
null,all_alfworld,all,absolute_readout,M_js::decision::magnitude,auroc_large_change_vs_rest,0.4,0.26746031746031745,0.7875,0.5143918997588188,1717,1717,283
null,all_alfworld,all,absolute_readout,M_js::decision::magnitude,top_quartile_mean_absolute_delta,0.03157828282828283,0.018143013784461152,0.11491596937341618,0.05770941040179347,1717,1717,283
null,all_alfworld,all,absolute_readout,M_js::decision::magnitude,top_quartile_lift,0.804036585485074,0.3854277214227685,1.680365946652837,0.9853353111423591,1717,1717,283
null,all_alfworld,all,absolute_readout,M_action_abs::decision::magnitude,spearman,0.010325246600551242,-0.2087488489997906,0.6131914965431098,0.20634432373864017,1717,1717,283
null,all_alfworld,all,absolute_readout,M_action_abs::decision::magnitude,average_precision,0.44453781512605045,0.28931054239877774,0.8583499547837782,0.5676415670956133,1717,1717,283
null,all_alfworld,all,absolute_readout,M_action_abs::decision::magnitude,auroc_large_change_vs_rest,0.6,0.3497222222222222,0.8311688311688312,0.5934155478770602,1717,1717,283
null,all_alfworld,all,absolute_readout,M_action_abs::decision::magnitude,top_quartile_mean_absolute_delta,0.026156625375375376,0.02135203732655853,0.12280043712530786,0.06206507066385942,1717,1717,283
null,all_alfworld,all,absolute_readout,M_action_abs::decision::magnitude,top_quartile_lift,0.6659920005464299,0.45574053622275384,1.784979137112572,1.0639885700180953,1717,1717,283
null,all_alfworld,all,absolute_readout,D_original::game::reward,spearman,0.08466702212452018,-0.338895839615844,0.4983733535093246,0.08995989901069071,1717,1717,283
null,all_alfworld,all,absolute_readout,D_original::game::reward,average_precision,0.27360028860028857,0.24397111875053054,0.8147641880549633,0.5163468977092057,1717,1717,283
null,all_alfworld,all,absolute_readout,D_original::game::reward,auroc_large_change_vs_rest,0.4307692307692308,0.2597402597402597,0.7901234567901234,0.521844668441203,1717,1717,283
null,all_alfworld,all,absolute_readout,D_original::game::reward,top_quartile_mean_absolute_delta,0.030525014063149652,0.02197774739880003,0.09677501790189759,0.05470659787323491,1717,1717,283
null,all_alfworld,all,absolute_readout,D_original::game::reward,top_quartile_lift,0.7772185781184013,0.43054287718591316,1.5388421137492456,0.9499088070418857,1717,1717,283
null,all_alfworld,all,absolute_readout,D_original::game::unsigned,spearman,0.014455345240771739,-0.48704346360937456,0.3823945050520267,-0.0657230979838185,1717,1717,283
null,all_alfworld,all,absolute_readout,D_original::game::unsigned,average_precision,0.24333333333333332,0.22777777777777777,0.818513736263736,0.5041019359493675,1717,1717,283
null,all_alfworld,all,absolute_readout,D_original::game::unsigned,auroc_large_change_vs_rest,0.3230769230769231,0.19626623376623378,0.7503246753246751,0.4677437110496225,1717,1717,283
null,all_alfworld,all,absolute_readout,D_original::game::unsigned,top_quartile_mean_absolute_delta,0.026942866161616164,0.016613883209813444,0.08916950039015333,0.04792208380017694,1717,1717,283
null,all_alfworld,all,absolute_readout,D_original::game::unsigned,top_quartile_lift,0.6860110231315323,0.3187846153271007,1.4439496384226103,0.8307487304004815,1717,1717,283
null,all_alfworld,all,absolute_readout,D_centered_gate::game::reward,spearman,0.08466702212452018,-0.338895839615844,0.4983733535093246,0.08995989901069071,1717,1717,283
null,all_alfworld,all,absolute_readout,D_centered_gate::game::reward,average_precision,0.27360028860028857,0.24397111875053054,0.8147641880549633,0.5163468977092057,1717,1717,283
null,all_alfworld,all,absolute_readout,D_centered_gate::game::reward,auroc_large_change_vs_rest,0.4307692307692308,0.2597402597402597,0.7901234567901234,0.521844668441203,1717,1717,283
null,all_alfworld,all,absolute_readout,D_centered_gate::game::reward,top_quartile_mean_absolute_delta,0.030525014063149652,0.02197774739880003,0.09677501790189759,0.05470659787323491,1717,1717,283
null,all_alfworld,all,absolute_readout,D_centered_gate::game::reward,top_quartile_lift,0.7772185781184013,0.43054287718591316,1.5388421137492456,0.9499088070418857,1717,1717,283
null,all_alfworld,all,absolute_readout,D_centered_gate::game::unsigned,spearman,0.014455345240771739,-0.48704346360937456,0.3823945050520267,-0.0657230979838185,1717,1717,283
null,all_alfworld,all,absolute_readout,D_centered_gate::game::unsigned,average_precision,0.24333333333333332,0.22777777777777777,0.818513736263736,0.5041019359493675,1717,1717,283
null,all_alfworld,all,absolute_readout,D_centered_gate::game::unsigned,auroc_large_change_vs_rest,0.3230769230769231,0.19626623376623378,0.7503246753246751,0.4677437110496225,1717,1717,283
null,all_alfworld,all,absolute_readout,D_centered_gate::game::unsigned,top_quartile_mean_absolute_delta,0.026942866161616164,0.016613883209813444,0.08916950039015333,0.04792208380017694,1717,1717,283
null,all_alfworld,all,absolute_readout,D_centered_gate::game::unsigned,top_quartile_lift,0.6860110231315323,0.3187846153271007,1.4439496384226103,0.8307487304004815,1717,1717,283
null,all_alfworld,all,absolute_readout,D_ungated::game::reward,spearman,0.005162623300275621,-0.26253821436737357,0.578376994480655,0.13293428805806018,1717,1717,283
null,all_alfworld,all,absolute_readout,D_ungated::game::reward,average_precision,0.3017094017094017,0.29222222222222227,0.850061071407225,0.5581874936231871,1717,1717,283
null,all_alfworld,all,absolute_readout,D_ungated::game::reward,auroc_large_change_vs_rest,0.4,0.3125,0.8051948051948052,0.56019592123868,1717,1717,283
null,all_alfworld,all,absolute_readout,D_ungated::game::reward,top_quartile_mean_absolute_delta,0.05766924256607382,0.03405998612788224,0.1335878736970942,0.0752281284659655,1717,1717,283
null,all_alfworld,all,absolute_readout,D_ungated::game::reward,top_quartile_lift,1.4683566276380045,0.6779274817757952,1.9954905677528567,1.2986240824413782,1717,1717,283
null,all_alfworld,all,absolute_readout,D_ungated::game::unsigned,spearman,-0.13526073046722129,-0.2722341161717634,0.5641261198046883,0.1453485624487839,1717,1717,283
null,all_alfworld,all,absolute_readout,D_ungated::game::unsigned,average_precision,0.25841269841269837,0.2836485042735043,0.8591676841676841,0.5558232323563026,1717,1717,283
null,all_alfworld,all,absolute_readout,D_ungated::game::unsigned,auroc_large_change_vs_rest,0.3384615384615385,0.3113836780503447,0.8271604938271605,0.5652788881021263,1717,1717,283
null,all_alfworld,all,absolute_readout,D_ungated::game::unsigned,top_quartile_mean_absolute_delta,0.049766688625384276,0.033338492727079685,0.13749443195882996,0.07767913727297275,1717,1717,283
null,all_alfworld,all,absolute_readout,D_ungated::game::unsigned,top_quartile_lift,1.267144214612405,0.7027898022847913,2.0563524918102964,1.338414597073429,1717,1717,283
null,all_alfworld,all,absolute_readout,D_signed::game::reward,spearman,-0.1280330578468354,-0.6130947200717544,0.2136222910216718,-0.2001991429804258,1717,1717,283
null,all_alfworld,all,absolute_readout,D_signed::game::reward,average_precision,0.2626143790849674,0.22631638296344178,0.777827194173348,0.48766683937077965,1717,1717,283
null,all_alfworld,all,absolute_readout,D_signed::game::reward,auroc_large_change_vs_rest,0.35384615384615387,0.16923076923076924,0.6772863247863244,0.429825485376592,1717,1717,283
null,all_alfworld,all,absolute_readout,D_signed::game::reward,top_quartile_mean_absolute_delta,0.037083333333333336,0.012870670995670996,0.11372673160173159,0.05373985098179707,1717,1717,283
null,all_alfworld,all,absolute_readout,D_signed::game::reward,top_quartile_lift,0.9442044988283336,0.27393360499799546,1.6501590414759382,0.912741894272731,1717,1717,283
null,all_alfworld,all,absolute_readout,D_signed::game::unsigned,spearman,-0.16313889628870962,-0.5342395512724734,0.2958409538487977,-0.1311119665475295,1717,1717,283
null,all_alfworld,all,absolute_readout,D_signed::game::unsigned,average_precision,0.24433066933066935,0.2256201151789387,0.7770255654036761,0.48816010609809884,1717,1717,283
null,all_alfworld,all,absolute_readout,D_signed::game::unsigned,auroc_large_change_vs_rest,0.3384615384615385,0.175,0.7142857142857143,0.4552892436859142,1717,1717,283
null,all_alfworld,all,absolute_readout,D_signed::game::unsigned,top_quartile_mean_absolute_delta,0.02894673123486683,0.01718422786214548,0.10800666766184006,0.05315142588508359,1717,1717,283
null,all_alfworld,all,absolute_readout,D_signed::game::unsigned,top_quartile_lift,0.7370328231461367,0.3466602917381731,1.657342717832781,0.9106007176802507,1717,1717,283
null,all_alfworld,all,absolute_readout,D_signed_gate::game::reward,spearman,0.2767166088947733,-0.2327515589023422,0.5653480462607025,0.16434583583938497,1717,1717,283
null,all_alfworld,all,absolute_readout,D_signed_gate::game::reward,average_precision,0.3466666666666667,0.2812540849673203,0.8561487042369392,0.5582854868129352,1717,1717,283
null,all_alfworld,all,absolute_readout,D_signed_gate::game::reward,auroc_large_change_vs_rest,0.6,0.3,0.8333333333333334,0.5789174439242387,1717,1717,283
null,all_alfworld,all,absolute_readout,D_signed_gate::game::reward,top_quartile_mean_absolute_delta,0.037222222222222226,0.02043882275132275,0.1103035714285714,0.059733096902709226,1717,1717,283
null,all_alfworld,all,absolute_readout,D_signed_gate::game::reward,top_quartile_lift,0.9477408452658929,0.42650349571297785,1.6695774328861435,1.0265754626281411,1717,1717,283
null,all_alfworld,all,absolute_readout,D_signed_gate::game::unsigned,spearman,0.33557051451791536,-0.26988306698714265,0.5119174143006103,0.1204633514848411,1717,1717,283
null,all_alfworld,all,absolute_readout,D_signed_gate::game::unsigned,average_precision,0.3443650793650794,0.2711365995115995,0.8235623508662723,0.5164255583932641,1717,1717,283
null,all_alfworld,all,absolute_readout,D_signed_gate::game::unsigned,auroc_large_change_vs_rest,0.6,0.2987012987012987,0.8148148148148148,0.5443796172962839,1717,1717,283
null,all_alfworld,all,absolute_readout,D_signed_gate::game::unsigned,top_quartile_mean_absolute_delta,0.053385137031968274,0.03365448330908857,0.11627527363940404,0.07015755870207399,1717,1717,283
null,all_alfworld,all,absolute_readout,D_signed_gate::game::unsigned,top_quartile_lift,1.3592760419636363,0.6780934779878101,1.867657532155353,1.2199219903943102,1717,1717,283
null,all_alfworld,all,absolute_readout,D_sign_balance::game::reward,spearman,0.0640165289234177,-0.3875308829617222,0.405041223536586,0.008373708781241494,1717,1717,283
null,all_alfworld,all,absolute_readout,D_sign_balance::game::reward,average_precision,0.3279365079365079,0.2519246031746032,0.821653439153439,0.5300047953609053,1717,1717,283
null,all_alfworld,all,absolute_readout,D_sign_balance::game::reward,auroc_large_change_vs_rest,0.5230769230769231,0.2625,0.7530864197530864,0.5180521260396528,1717,1717,283
null,all_alfworld,all,absolute_readout,D_sign_balance::game::reward,top_quartile_mean_absolute_delta,0.030436507936507935,0.018326923076923077,0.11895745798319322,0.0593067440229853,1717,1717,283
null,all_alfworld,all,absolute_readout,D_sign_balance::game::reward,top_quartile_lift,0.7749650621737098,0.3874178480241218,1.738463406910132,1.0120683437320666,1717,1717,283
null,all_alfworld,all,absolute_readout,D_sign_balance::game::unsigned,spearman,0.0764068248440792,-0.3140472391141143,0.501009848244113,0.0870255821832933,1717,1717,283
null,all_alfworld,all,absolute_readout,D_sign_balance::game::unsigned,average_precision,0.31320346320346315,0.24944020032255326,0.824876370208195,0.5299880024317803,1717,1717,283
null,all_alfworld,all,absolute_readout,D_sign_balance::game::unsigned,auroc_large_change_vs_rest,0.5384615384615384,0.2775,0.8,0.5471165233577872,1717,1717,283
null,all_alfworld,all,absolute_readout,D_sign_balance::game::unsigned,top_quartile_mean_absolute_delta,0.02894673123486683,0.01718422786214548,0.10800666766184006,0.05315142588508359,1717,1717,283
null,all_alfworld,all,absolute_readout,D_sign_balance::game::unsigned,top_quartile_lift,0.7370328231461367,0.3466602917381731,1.657342717832781,0.9106007176802507,1717,1717,283
null,all_alfworld,all,absolute_readout,D_negative_fraction::game::reward,spearman,-0.29220447879560013,-0.444427060283945,0.4058031674791258,-0.02220446661584563,1717,1717,283
null,all_alfworld,all,absolute_readout,D_negative_fraction::game::reward,average_precision,0.27936507936507937,0.26338275694893337,0.8139116505187934,0.5281769753822351,1717,1717,283
null,all_alfworld,all,absolute_readout,D_negative_fraction::game::reward,auroc_large_change_vs_rest,0.4,0.2596921596921597,0.7662337662337663,0.508452150160071,1717,1717,283
null,all_alfworld,all,absolute_readout,D_negative_fraction::game::reward,top_quartile_mean_absolute_delta,0.047474120082815735,0.02705788084464555,0.12276161338661337,0.06702042049764365,1717,1717,283
null,all_alfworld,all,absolute_readout,D_negative_fraction::game::reward,top_quartile_lift,1.208771535104121,0.5796665323775103,1.8701848629815145,1.1542960911451472,1717,1717,283
null,all_alfworld,all,absolute_readout,D_negative_fraction::game::unsigned,spearman,-0.41507491334215996,-0.4935116083789997,0.378995406586894,-0.05065227815900855,1717,1717,283
null,all_alfworld,all,absolute_readout,D_negative_fraction::game::unsigned,average_precision,0.2530905695611578,0.2541752854988149,0.795564114534702,0.5098295354971163,1717,1717,283
null,all_alfworld,all,absolute_readout,D_negative_fraction::game::unsigned,auroc_large_change_vs_rest,0.3384615384615385,0.2125,0.7540170940170938,0.4892961304677476,1717,1717,283
null,all_alfworld,all,absolute_readout,D_negative_fraction::game::unsigned,top_quartile_mean_absolute_delta,0.010503472222222221,0.009658094098883574,0.09421030161161738,0.042878600508441944,1717,1717,283
null,all_alfworld,all,absolute_readout,D_negative_fraction::game::unsigned,top_quartile_lift,0.2674361993404221,0.20234641628767233,1.466936848493271,0.7339107571812236,1717,1717,283
null,all_alfworld,all,absolute_readout,D_adv::game::reward,spearman,0.27878165821488354,-0.3337366459640273,0.3787907136597593,0.03357188885678443,1717,1717,283
null,all_alfworld,all,absolute_readout,D_adv::game::reward,average_precision,0.5126984126984127,0.24497061761767647,0.8255954814416353,0.537946576776694,1717,1717,283
null,all_alfworld,all,absolute_readout,D_adv::game::reward,auroc_large_change_vs_rest,0.5384615384615384,0.2596921596921597,0.7287698412698409,0.5064309776610787,1717,1717,283
null,all_alfworld,all,absolute_readout,D_adv::game::reward,top_quartile_mean_absolute_delta,0.042161016949152544,0.021877765064836005,0.11137627453783111,0.06012901813768313,1717,1717,283
null,all_alfworld,all,absolute_readout,D_adv::game::reward,top_quartile_lift,1.073490927062493,0.446265992648902,1.6687812378375675,1.0348540097471801,1717,1717,283
null,all_alfworld,all,absolute_readout,D_adv::game::unsigned,spearman,-0.16313889628870962,-0.5342395512724734,0.2958409538487977,-0.1311119665475295,1717,1717,283
null,all_alfworld,all,absolute_readout,D_adv::game::unsigned,average_precision,0.24433066933066935,0.2256201151789387,0.7770255654036761,0.48816010609809884,1717,1717,283
null,all_alfworld,all,absolute_readout,D_adv::game::unsigned,auroc_large_change_vs_rest,0.3384615384615385,0.175,0.7142857142857143,0.4552892436859142,1717,1717,283
null,all_alfworld,all,absolute_readout,D_adv::game::unsigned,top_quartile_mean_absolute_delta,0.02894673123486683,0.01718422786214548,0.10800666766184006,0.05315142588508359,1717,1717,283
null,all_alfworld,all,absolute_readout,D_adv::game::unsigned,top_quartile_lift,0.7370328231461367,0.3466602917381731,1.657342717832781,0.9106007176802507,1717,1717,283
null,all_alfworld,all,absolute_readout,D_adv_gate::game::reward,spearman,0.4811564915856879,-0.1914615603509037,0.6262612186912949,0.24013558561954426,1717,1717,283
null,all_alfworld,all,absolute_readout,D_adv_gate::game::reward,average_precision,0.581547619047619,0.27620811051693406,0.8587274245362478,0.5756952390756027,1717,1717,283
null,all_alfworld,all,absolute_readout,D_adv_gate::game::reward,auroc_large_change_vs_rest,0.6923076923076923,0.3497222222222222,0.8375,0.599210311212835,1717,1717,283
null,all_alfworld,all,absolute_readout,D_adv_gate::game::reward,top_quartile_mean_absolute_delta,0.0475,0.022315476190476188,0.11840178571428567,0.0630336394309228,1717,1717,283
null,all_alfworld,all,absolute_readout,D_adv_gate::game::reward,top_quartile_lift,1.209430481645281,0.4793969716744376,1.7150985799654281,1.0813335535603465,1717,1717,283
null,all_alfworld,all,absolute_readout,D_adv_gate::game::unsigned,spearman,0.33557051451791536,-0.26988306698714265,0.5119174143006103,0.1204633514848411,1717,1717,283
null,all_alfworld,all,absolute_readout,D_adv_gate::game::unsigned,average_precision,0.3443650793650794,0.2711365995115995,0.8235623508662723,0.5164255583932641,1717,1717,283
null,all_alfworld,all,absolute_readout,D_adv_gate::game::unsigned,auroc_large_change_vs_rest,0.6,0.2987012987012987,0.8148148148148148,0.5443796172962839,1717,1717,283
null,all_alfworld,all,absolute_readout,D_adv_gate::game::unsigned,top_quartile_mean_absolute_delta,0.053385137031968274,0.03365448330908857,0.11627527363940404,0.07015755870207399,1717,1717,283
null,all_alfworld,all,absolute_readout,D_adv_gate::game::unsigned,top_quartile_lift,1.3592760419636363,0.6780934779878101,1.867657532155353,1.2199219903943102,1717,1717,283
null,all_alfworld,all,absolute_readout,D_sqrtadv::game::reward,spearman,0.1486835510479379,-0.4287563369606364,0.3725025178720306,-0.01662621070684937,1717,1717,283
null,all_alfworld,all,absolute_readout,D_sqrtadv::game::reward,average_precision,0.5803619909502261,0.24324777183600713,0.8262508080155135,0.5397166430838869,1717,1717,283
null,all_alfworld,all,absolute_readout,D_sqrtadv::game::reward,auroc_large_change_vs_rest,0.5692307692307692,0.245982905982906,0.75,0.5067033230472369,1717,1717,283
null,all_alfworld,all,absolute_readout,D_sqrtadv::game::reward,top_quartile_mean_absolute_delta,0.039464285714285716,0.01662698412698413,0.12035119047619042,0.057132743791223864,1717,1717,283
null,all_alfworld,all,absolute_readout,D_sqrtadv::game::reward,top_quartile_lift,1.0048275806150644,0.3311370905469498,1.6831326033535805,0.9706748304245357,1717,1717,283
null,all_alfworld,all,absolute_readout,D_sqrtadv::game::unsigned,spearman,-0.16313889628870962,-0.5342395512724734,0.2958409538487977,-0.1311119665475295,1717,1717,283
null,all_alfworld,all,absolute_readout,D_sqrtadv::game::unsigned,average_precision,0.24433066933066935,0.2256201151789387,0.7770255654036761,0.48816010609809884,1717,1717,283
null,all_alfworld,all,absolute_readout,D_sqrtadv::game::unsigned,auroc_large_change_vs_rest,0.3384615384615385,0.175,0.7142857142857143,0.4552892436859142,1717,1717,283
null,all_alfworld,all,absolute_readout,D_sqrtadv::game::unsigned,top_quartile_mean_absolute_delta,0.02894673123486683,0.01718422786214548,0.10800666766184006,0.05315142588508359,1717,1717,283
null,all_alfworld,all,absolute_readout,D_sqrtadv::game::unsigned,top_quartile_lift,0.7370328231461367,0.3466602917381731,1.657342717832781,0.9106007176802507,1717,1717,283
null,all_alfworld,all,absolute_readout,D_work::game::reward,spearman,0.07950439882424457,-0.3363468966603894,0.4465440634701803,0.06081542780691619,1717,1717,283
null,all_alfworld,all,absolute_readout,D_work::game::reward,average_precision,0.45494949494949494,0.2352074918545507,0.8311216806069743,0.5425041384599962,1717,1717,283
null,all_alfworld,all,absolute_readout,D_work::game::reward,auroc_large_change_vs_rest,0.5230769230769231,0.23142857142857148,0.7625,0.5120611329430006,1717,1717,283
null,all_alfworld,all,absolute_readout,D_work::game::reward,top_quartile_mean_absolute_delta,0.03901707755521315,0.019799449750434194,0.10381539251856348,0.05455651586617835,1717,1717,283
null,all_alfworld,all,absolute_readout,D_work::game::reward,top_quartile_lift,0.9934409031577416,0.4076107789336147,1.5719620232206057,0.939987567100081,1717,1717,283
null,all_alfworld,all,absolute_readout,D_work::game::unsigned,spearman,-0.050593708342701084,-0.43428992842022573,0.4092581996557217,-0.020774610336586823,1717,1717,283
null,all_alfworld,all,absolute_readout,D_work::game::unsigned,average_precision,0.3169047619047619,0.2443650793650794,0.8058550477300476,0.5129726271029206,1717,1717,283
null,all_alfworld,all,absolute_readout,D_work::game::unsigned,auroc_large_change_vs_rest,0.5384615384615384,0.2468975468975469,0.7640432098765431,0.5099169675999418,1717,1717,283
null,all_alfworld,all,absolute_readout,D_work::game::unsigned,top_quartile_mean_absolute_delta,0.018183744221879815,0.010210922070144856,0.0943280395315279,0.04097132566610833,1717,1717,283
null,all_alfworld,all,absolute_readout,D_work::game::unsigned,top_quartile_lift,0.46298893752384634,0.19256781691434283,1.3745257945412164,0.7016874089026277,1717,1717,283
null,all_alfworld,all,absolute_readout,D_work_gate::game::reward,spearman,0.1528136496881584,-0.3094296788260147,0.5958481558678117,0.14900762753055302,1717,1717,283
null,all_alfworld,all,absolute_readout,D_work_gate::game::reward,average_precision,0.48916666666666664,0.252577119231531,0.8538968531468528,0.5528906947923882,1717,1717,283
null,all_alfworld,all,absolute_readout,D_work_gate::game::reward,auroc_large_change_vs_rest,0.6,0.26746031746031745,0.8271604938271605,0.5539601277516245,1717,1717,283
null,all_alfworld,all,absolute_readout,D_work_gate::game::reward,top_quartile_mean_absolute_delta,0.042161016949152544,0.021877765064836005,0.11137627453783111,0.06012901813768313,1717,1717,283
null,all_alfworld,all,absolute_readout,D_work_gate::game::reward,top_quartile_lift,1.073490927062493,0.446265992648902,1.6687812378375675,1.0348540097471801,1717,1717,283
null,all_alfworld,all,absolute_readout,D_work_gate::game::unsigned,spearman,0.09292721940496118,-0.45830187052180804,0.3797662698391659,-0.022676986736076443,1717,1717,283
null,all_alfworld,all,absolute_readout,D_work_gate::game::unsigned,average_precision,0.4948717948717949,0.2383748196248196,0.7943711632761407,0.5247351508367752,1717,1717,283
null,all_alfworld,all,absolute_readout,D_work_gate::game::unsigned,auroc_large_change_vs_rest,0.5846153846153846,0.23019230769230772,0.75,0.49105332990743594,1717,1717,283
null,all_alfworld,all,absolute_readout,D_work_gate::game::unsigned,top_quartile_mean_absolute_delta,0.0371702307083663,0.016712795940618523,0.08742744139196937,0.04760512709711746,1717,1717,283
null,all_alfworld,all,absolute_readout,D_work_gate::game::unsigned,top_quartile_lift,0.9464170532312773,0.33096338258298785,1.4082547370861394,0.822698342852941,1717,1717,283
null,all_alfworld,all,absolute_readout,D_cos_raw::game::reward,spearman,-0.08363449746446507,-0.6124317848334239,0.17218739476235606,-0.22873635985521812,1717,1717,283
null,all_alfworld,all,absolute_readout,D_cos_raw::game::reward,average_precision,0.28888888888888886,0.22113442113442114,0.7310547475400414,0.4746391199332528,1717,1717,283
null,all_alfworld,all,absolute_readout,D_cos_raw::game::reward,auroc_large_change_vs_rest,0.4153846153846154,0.18181818181818182,0.6623376623376623,0.4238877675115784,1717,1717,283
null,all_alfworld,all,absolute_readout,D_cos_raw::game::reward,top_quartile_mean_absolute_delta,0.030535714285714288,0.007142857142857143,0.09481249999999998,0.04306841411378866,1717,1717,283
null,all_alfworld,all,absolute_readout,D_cos_raw::game::reward,top_quartile_lift,0.7774910239148236,0.14906275228312654,1.4704939884755623,0.7360764018082014,1717,1717,283
null,all_alfworld,all,absolute_readout,D_cos_raw::game::unsigned,spearman,-0.057821380963086956,-0.5308864113051694,0.3077487328239542,-0.1361401502444907,1717,1717,283
null,all_alfworld,all,absolute_readout,D_cos_raw::game::unsigned,average_precision,0.27670662670662666,0.23314408467349645,0.7776428848928849,0.4851467667132076,1717,1717,283
null,all_alfworld,all,absolute_readout,D_cos_raw::game::unsigned,auroc_large_change_vs_rest,0.4461538461538462,0.1947691197691198,0.7232692307692306,0.4548838374733832,1717,1717,283
null,all_alfworld,all,absolute_readout,D_cos_raw::game::unsigned,top_quartile_mean_absolute_delta,0.02894673123486683,0.01718422786214548,0.10800666766184006,0.05315142588508359,1717,1717,283
null,all_alfworld,all,absolute_readout,D_cos_raw::game::unsigned,top_quartile_lift,0.7370328231461367,0.3466602917381731,1.657342717832781,0.9106007176802507,1717,1717,283
null,all_alfworld,all,absolute_readout,D_cos_centered::game::reward,spearman,-0.15178112502810326,-0.606202246815744,0.20445045079100996,-0.206888931123455,1717,1717,283
null,all_alfworld,all,absolute_readout,D_cos_centered::game::reward,average_precision,0.2654901960784314,0.22800420168067229,0.7396277870122407,0.4765152777782404,1717,1717,283
null,all_alfworld,all,absolute_readout,D_cos_centered::game::reward,auroc_large_change_vs_rest,0.38461538461538464,0.18055555555555555,0.676923076923077,0.43410550335540626,1717,1717,283
null,all_alfworld,all,absolute_readout,D_cos_centered::game::reward,top_quartile_mean_absolute_delta,0.030833333333333334,0.009166666666666667,0.10347023809523803,0.047179157951725594,1717,1717,283
null,all_alfworld,all,absolute_readout,D_cos_centered::game::reward,top_quartile_lift,0.785068909138165,0.20334497280068173,1.5479617026268215,0.8000201011411061,1717,1717,283
null,all_alfworld,all,absolute_readout,D_cos_centered::game::unsigned,spearman,-0.22405785123196195,-0.5355962147450831,0.3048012796482725,-0.14096162963927747,1717,1717,283
null,all_alfworld,all,absolute_readout,D_cos_centered::game::unsigned,average_precision,0.2471428571428571,0.2255952380952381,0.7770202664399093,0.48909161871558515,1717,1717,283
null,all_alfworld,all,absolute_readout,D_cos_centered::game::unsigned,auroc_large_change_vs_rest,0.35384615384615387,0.18055555555555555,0.7125,0.4505451145290497,1717,1717,283
null,all_alfworld,all,absolute_readout,D_cos_centered::game::unsigned,top_quartile_mean_absolute_delta,0.02894673123486683,0.01718422786214548,0.10800666766184006,0.05315142588508359,1717,1717,283
null,all_alfworld,all,absolute_readout,D_cos_centered::game::unsigned,top_quartile_lift,0.7370328231461367,0.3466602917381731,1.657342717832781,0.9106007176802507,1717,1717,283
null,all_alfworld,all,absolute_readout,D_cos_centered_gate::game::reward,spearman,0.36964382829973447,-0.2750116495527231,0.5644539646469471,0.15327786455816764,1717,1717,283
null,all_alfworld,all,absolute_readout,D_cos_centered_gate::game::reward,average_precision,0.37722222222222224,0.294091261679497,0.8651724664224665,0.5696293210573542,1717,1717,283
null,all_alfworld,all,absolute_readout,D_cos_centered_gate::game::reward,auroc_large_change_vs_rest,0.6461538461538462,0.2987012987012987,0.8462606837606836,0.5810510394571742,1717,1717,283
null,all_alfworld,all,absolute_readout,D_cos_centered_gate::game::reward,top_quartile_mean_absolute_delta,0.063743961352657,0.035847877816627814,0.1367803571428571,0.0799420307518977,1717,1717,283
null,all_alfworld,all,absolute_readout,D_cos_centered_gate::game::reward,top_quartile_lift,1.623029260646782,0.7167585166363568,2.0940911189231555,1.381574286006303,1717,1717,283
null,all_alfworld,all,absolute_readout,D_cos_centered_gate::game::unsigned,spearman,0.41094481470193944,-0.19663745696911772,0.5912979615034871,0.19154576801821493,1717,1717,283
null,all_alfworld,all,absolute_readout,D_cos_centered_gate::game::unsigned,average_precision,0.5746031746031746,0.40277864428599724,0.8583286011374245,0.6149507425669206,1717,1717,283
null,all_alfworld,all,absolute_readout,D_cos_centered_gate::game::unsigned,auroc_large_change_vs_rest,0.7538461538461538,0.32286799620132955,0.8333333333333334,0.5790494268399045,1717,1717,283
null,all_alfworld,all,absolute_readout,D_cos_centered_gate::game::unsigned,top_quartile_mean_absolute_delta,0.059099422746253995,0.03369873737584937,0.12047012263099215,0.0727945212844716,1717,1717,283
null,all_alfworld,all,absolute_readout,D_cos_centered_gate::game::unsigned,top_quartile_lift,1.5047714382517905,0.6940805133759226,1.9041263583124617,1.2636581179902182,1717,1717,283
null,all_alfworld,all,absolute_readout,D_cos_adv::game::reward,spearman,0.2932370034556553,-0.329426525071442,0.38082049949843333,0.040643096343161426,1717,1717,283
null,all_alfworld,all,absolute_readout,D_cos_adv::game::reward,average_precision,0.4793650793650793,0.245021645021645,0.8212943102648984,0.5449685457048714,1717,1717,283
null,all_alfworld,all,absolute_readout,D_cos_adv::game::reward,auroc_large_change_vs_rest,0.5230769230769231,0.27111111111111114,0.7325396825396822,0.5119546511679107,1717,1717,283
null,all_alfworld,all,absolute_readout,D_cos_adv::game::reward,top_quartile_mean_absolute_delta,0.042161016949152544,0.021877765064836005,0.11137627453783111,0.06012901813768313,1717,1717,283
null,all_alfworld,all,absolute_readout,D_cos_adv::game::reward,top_quartile_lift,1.073490927062493,0.446265992648902,1.6687812378375675,1.0348540097471801,1717,1717,283
null,all_alfworld,all,absolute_readout,D_cos_adv::game::unsigned,spearman,-0.22405785123196195,-0.5355962147450831,0.3048012796482725,-0.14096162963927747,1717,1717,283
null,all_alfworld,all,absolute_readout,D_cos_adv::game::unsigned,average_precision,0.2471428571428571,0.2255952380952381,0.7770202664399093,0.48909161871558515,1717,1717,283
null,all_alfworld,all,absolute_readout,D_cos_adv::game::unsigned,auroc_large_change_vs_rest,0.35384615384615387,0.18055555555555555,0.7125,0.4505451145290497,1717,1717,283
null,all_alfworld,all,absolute_readout,D_cos_adv::game::unsigned,top_quartile_mean_absolute_delta,0.02894673123486683,0.01718422786214548,0.10800666766184006,0.05315142588508359,1717,1717,283
null,all_alfworld,all,absolute_readout,D_cos_adv::game::unsigned,top_quartile_lift,0.7370328231461367,0.3466602917381731,1.657342717832781,0.9106007176802507,1717,1717,283
null,all_alfworld,all,absolute_readout,D_cos_negative::game::reward,spearman,-0.08569954678457531,-0.23153246238333028,0.5743983939630356,0.15114040086601715,1717,1717,283
null,all_alfworld,all,absolute_readout,D_cos_negative::game::reward,average_precision,0.29090354090354087,0.2936456043956044,0.8530252155252154,0.5623860791696078,1717,1717,283
null,all_alfworld,all,absolute_readout,D_cos_negative::game::reward,auroc_large_change_vs_rest,0.4153846153846154,0.325,0.8217857142857139,0.566989638524292,1717,1717,283
null,all_alfworld,all,absolute_readout,D_cos_negative::game::reward,top_quartile_mean_absolute_delta,0.05213513703196828,0.03316591920206659,0.1309986855417889,0.07411628996130125,1717,1717,283
null,all_alfworld,all,absolute_readout,D_cos_negative::game::reward,top_quartile_lift,1.3274489240256027,0.7009708135480326,1.969202411533639,1.2797963496143088,1717,1717,283
null,all_alfworld,all,absolute_readout,D_cos_negative::game::unsigned,spearman,-0.23335057317245808,-0.2989200055371183,0.5628165097462887,0.13281429163616737,1717,1717,283
null,all_alfworld,all,absolute_readout,D_cos_negative::game::unsigned,average_precision,0.24504273504273505,0.2687444091855857,0.8526776246629185,0.5476056015705428,1717,1717,283
null,all_alfworld,all,absolute_readout,D_cos_negative::game::unsigned,auroc_large_change_vs_rest,0.3230769230769231,0.2918269230769231,0.8055555555555556,0.5560662171672169,1717,1717,283
null,all_alfworld,all,absolute_readout,D_cos_negative::game::unsigned,top_quartile_mean_absolute_delta,0.049766688625384276,0.033338492727079685,0.13749443195882996,0.07767913727297275,1717,1717,283
null,all_alfworld,all,absolute_readout,D_cos_negative::game::unsigned,top_quartile_lift,1.267144214612405,0.7027898022847913,2.0563524918102964,1.338414597073429,1717,1717,283
null,all_alfworld,all,absolute_readout,D_soft::game::reward,spearman,0.10944761396584317,-0.3160921854395535,0.46686017065632107,0.07992119077282961,1717,1717,283
null,all_alfworld,all,absolute_readout,D_soft::game::reward,average_precision,0.32987012987012987,0.2614843258593258,0.8299450831402704,0.5327868088158091,1717,1717,283
null,all_alfworld,all,absolute_readout,D_soft::game::reward,auroc_large_change_vs_rest,0.5692307692307692,0.275,0.7916666666666666,0.5382670720566274,1717,1717,283
null,all_alfworld,all,absolute_readout,D_soft::game::reward,top_quartile_mean_absolute_delta,0.035833333333333335,0.016666666666666666,0.11820833333333326,0.05845696291670329,1717,1717,283
null,all_alfworld,all,absolute_readout,D_soft::game::reward,top_quartile_lift,0.9123773808902998,0.34473138487518024,1.7094565906769987,0.994273821402473,1717,1717,283
null,all_alfworld,all,absolute_readout,D_soft::game::unsigned,spearman,0.13732577978733151,-0.3562582224356034,0.39739403160427655,0.022333723447488518,1717,1717,283
null,all_alfworld,all,absolute_readout,D_soft::game::unsigned,average_precision,0.3040947940947941,0.24198262032085563,0.8065875790875792,0.4964067679482791,1717,1717,283
null,all_alfworld,all,absolute_readout,D_soft::game::unsigned,auroc_large_change_vs_rest,0.5076923076923077,0.23360389610389612,0.7638888888888888,0.5023275143627988,1717,1717,283
null,all_alfworld,all,absolute_readout,D_soft::game::unsigned,top_quartile_mean_absolute_delta,0.03558298730660677,0.01837425310001909,0.0931861781794057,0.05044908256400863,1717,1717,283
null,all_alfworld,all,absolute_readout,D_soft::game::unsigned,top_quartile_lift,0.9060031468759442,0.3634319179936966,1.4924384235368986,0.8752151266838043,1717,1717,283
null,all_alfworld,all,absolute_readout,D_soft_negative::game::reward,spearman,0.04543108504242547,-0.33161257472653904,0.4746154158222436,0.08024575701537025,1717,1717,283
null,all_alfworld,all,absolute_readout,D_soft_negative::game::reward,average_precision,0.2576406926406926,0.24555065359477127,0.8088191808191807,0.5108739777225171,1717,1717,283
null,all_alfworld,all,absolute_readout,D_soft_negative::game::reward,auroc_large_change_vs_rest,0.38461538461538464,0.2625,0.775,0.5143571713254785,1717,1717,283
null,all_alfworld,all,absolute_readout,D_soft_negative::game::reward,top_quartile_mean_absolute_delta,0.02991737517426076,0.01910662220874522,0.08968162130403826,0.049120840179579045,1717,1717,283
null,all_alfworld,all,absolute_readout,D_soft_negative::game::reward,top_quartile_lift,0.7617470624540793,0.3794466497177379,1.4053296105512516,0.8545491590743155,1717,1717,283
null,all_alfworld,all,absolute_readout,D_soft_negative::game::unsigned,spearman,0.054723806982921584,-0.4117678867654599,0.4483544561129285,0.014297018360603597,1717,1717,283
null,all_alfworld,all,absolute_readout,D_soft_negative::game::unsigned,average_precision,0.24357448107448104,0.23830900308841485,0.8358282095536995,0.5189260495773695,1717,1717,283
null,all_alfworld,all,absolute_readout,D_soft_negative::game::unsigned,auroc_large_change_vs_rest,0.3384615384615385,0.2359567901234568,0.7800487012987006,0.505912032702947,1717,1717,283
null,all_alfworld,all,absolute_readout,D_soft_negative::game::unsigned,top_quartile_mean_absolute_delta,0.029026199494949494,0.019658493373188375,0.09499210488572189,0.05188326550805396,1717,1717,283
null,all_alfworld,all,absolute_readout,D_soft_negative::game::unsigned,top_quartile_lift,0.7390562196949217,0.3975699605923145,1.5158892018884043,0.8980838489743268,1717,1717,283
null,all_alfworld,all,absolute_readout,D_soft_cos::game::reward,spearman,0.10944761396584317,-0.31596750767807197,0.46595759529089015,0.0769045727728752,1717,1717,283
null,all_alfworld,all,absolute_readout,D_soft_cos::game::reward,average_precision,0.30692307692307697,0.25480698386580736,0.8273991425755102,0.530792406584529,1717,1717,283
null,all_alfworld,all,absolute_readout,D_soft_cos::game::reward,auroc_large_change_vs_rest,0.5230769230769231,0.275,0.7879166666666663,0.5423526436982562,1717,1717,283
null,all_alfworld,all,absolute_readout,D_soft_cos::game::reward,top_quartile_mean_absolute_delta,0.02915770609318996,0.01795761932855586,0.09844608094608089,0.0520996693878193,1717,1717,283
null,all_alfworld,all,absolute_readout,D_soft_cos::game::reward,top_quartile_lift,0.7424046005043848,0.3610844247293585,1.5616783239148277,0.8999220837567463,1717,1717,283
null,all_alfworld,all,absolute_readout,D_soft_cos::game::unsigned,spearman,0.04336603572231522,-0.34976565415532773,0.3952354626935182,0.022639275644451177,1717,1717,283
null,all_alfworld,all,absolute_readout,D_soft_cos::game::unsigned,average_precision,0.3105050505050505,0.2472058823529412,0.8030609844948079,0.49571894993519044,1717,1717,283
null,all_alfworld,all,absolute_readout,D_soft_cos::game::unsigned,auroc_large_change_vs_rest,0.5230769230769231,0.2345679012345679,0.7658119658119654,0.5007500708323364,1717,1717,283
null,all_alfworld,all,absolute_readout,D_soft_cos::game::unsigned,top_quartile_mean_absolute_delta,0.03153536825898773,0.022105207262706202,0.10028119593289456,0.05418504423631241,1717,1717,283
null,all_alfworld,all,absolute_readout,D_soft_cos::game::unsigned,top_quartile_lift,0.8029439078385019,0.408151865566335,1.5709107119509271,0.9414289992941037,1717,1717,283
null,all_alfworld,all,absolute_readout,D_sigmoid::game::reward,spearman,0.3118224473366475,-0.3834314926431322,0.43308311103819563,0.02620673160073374,1717,1717,283
null,all_alfworld,all,absolute_readout,D_sigmoid::game::reward,average_precision,0.38995670995670995,0.2576975108225108,0.8179248529248527,0.5308036519634304,1717,1717,283
null,all_alfworld,all,absolute_readout,D_sigmoid::game::reward,auroc_large_change_vs_rest,0.6615384615384615,0.25833333333333336,0.7792207792207793,0.5220521768024681,1717,1717,283
null,all_alfworld,all,absolute_readout,D_sigmoid::game::reward,top_quartile_mean_absolute_delta,0.037222222222222226,0.02043882275132275,0.1103035714285714,0.059733096902709226,1717,1717,283
null,all_alfworld,all,absolute_readout,D_sigmoid::game::reward,top_quartile_lift,0.9477408452658929,0.42650349571297785,1.6695774328861435,1.0265754626281411,1717,1717,283
null,all_alfworld,all,absolute_readout,D_sigmoid::game::unsigned,spearman,0.20237483337080434,-0.3680978999042767,0.4566057944085943,0.045180968357286876,1717,1717,283
null,all_alfworld,all,absolute_readout,D_sigmoid::game::unsigned,average_precision,0.3376984126984127,0.23516907275730806,0.8089145398900298,0.4974761168350661,1717,1717,283
null,all_alfworld,all,absolute_readout,D_sigmoid::game::unsigned,auroc_large_change_vs_rest,0.5846153846153846,0.2375,0.7779220779220778,0.5091504575743072,1717,1717,283
null,all_alfworld,all,absolute_readout,D_sigmoid::game::unsigned,top_quartile_mean_absolute_delta,0.030196731234866832,0.017447501329080274,0.09511549316696376,0.049192694625856334,1717,1717,283
null,all_alfworld,all,absolute_readout,D_sigmoid::game::unsigned,top_quartile_lift,0.7688599410841704,0.352176005911318,1.4694656259417989,0.8507263584602518,1717,1717,283
null,all_alfworld,all,absolute_readout,D_tauC_q25::game::reward,spearman,0.2653588376341669,-0.2427696857458642,0.5516994265414318,0.1617827692409339,1717,1717,283
null,all_alfworld,all,absolute_readout,D_tauC_q25::game::reward,average_precision,0.35844155844155845,0.28196157654981185,0.8508090003678237,0.5593581196680301,1717,1717,283
null,all_alfworld,all,absolute_readout,D_tauC_q25::game::reward,auroc_large_change_vs_rest,0.6153846153846154,0.31875000000000003,0.8375,0.5838373297665183,1717,1717,283
null,all_alfworld,all,absolute_readout,D_tauC_q25::game::reward,top_quartile_mean_absolute_delta,0.037222222222222226,0.02043882275132275,0.1103035714285714,0.059733096902709226,1717,1717,283
null,all_alfworld,all,absolute_readout,D_tauC_q25::game::reward,top_quartile_lift,0.9477408452658929,0.42650349571297785,1.6695774328861435,1.0265754626281411,1717,1717,283
null,all_alfworld,all,absolute_readout,D_tauC_q25::game::unsigned,spearman,0.2942695281157104,-0.30903595440347525,0.46501690751328445,0.07576741667838721,1717,1717,283
null,all_alfworld,all,absolute_readout,D_tauC_q25::game::unsigned,average_precision,0.32073260073260074,0.24791084732261204,0.8157835494487079,0.49983147682907614,1717,1717,283
null,all_alfworld,all,absolute_readout,D_tauC_q25::game::unsigned,auroc_large_change_vs_rest,0.5538461538461539,0.2727272727272727,0.7902777777777776,0.5259578014200903,1717,1717,283
null,all_alfworld,all,absolute_readout,D_tauC_q25::game::unsigned,top_quartile_mean_absolute_delta,0.03739750343563904,0.016563447931868983,0.09565889538442847,0.049783149149469366,1717,1717,283
null,all_alfworld,all,absolute_readout,D_tauC_q25::game::unsigned,top_quartile_lift,0.9522038019472837,0.3251747808093098,1.4860854167860842,0.861476981864179,1717,1717,283
null,all_alfworld,all,absolute_readout,D_tauC_q50::game::reward,spearman,0.23231804851240295,-0.31180591026122156,0.45856335507786206,0.08490664768362292,1717,1717,283
null,all_alfworld,all,absolute_readout,D_tauC_q50::game::reward,average_precision,0.3638888888888889,0.2663532913165266,0.8273010912122901,0.5380757937210776,1717,1717,283
null,all_alfworld,all,absolute_readout,D_tauC_q50::game::reward,auroc_large_change_vs_rest,0.6307692307692307,0.2857142857142857,0.8,0.5506153251700232,1717,1717,283
null,all_alfworld,all,absolute_readout,D_tauC_q50::game::reward,top_quartile_mean_absolute_delta,0.040268817204301074,0.01824107142857143,0.10301293103448275,0.05388685086393489,1717,1717,283
null,all_alfworld,all,absolute_readout,D_tauC_q50::game::reward,top_quartile_lift,1.025312315509129,0.3908760242285549,1.5453119517415994,0.9258636890230609,1717,1717,283
null,all_alfworld,all,absolute_readout,D_tauC_q50::game::unsigned,spearman,0.0980898427052368,-0.39073968299689577,0.4108164045665688,-0.0008006276712265087,1717,1717,283
null,all_alfworld,all,absolute_readout,D_tauC_q50::game::unsigned,average_precision,0.2854901960784314,0.23404761904761903,0.8030541125541125,0.5122212325030363,1717,1717,283
null,all_alfworld,all,absolute_readout,D_tauC_q50::game::unsigned,auroc_large_change_vs_rest,0.4461538461538462,0.2222222222222222,0.753102453102453,0.49234400568728853,1717,1717,283
null,all_alfworld,all,absolute_readout,D_tauC_q50::game::unsigned,top_quartile_mean_absolute_delta,0.039670230708366304,0.020947063291243295,0.09969269921151058,0.05402336885949177,1717,1717,283
null,all_alfworld,all,absolute_readout,D_tauC_q50::game::unsigned,top_quartile_lift,1.010071289107345,0.40184444247465734,1.5307566682405436,0.935818548573991,1717,1717,283
null,all_alfworld,all,absolute_readout,D_tauC_q75::game::reward,spearman,0.02168301786115761,-0.309468184800967,0.4597904900333737,0.06779891857479918,1717,1717,283
null,all_alfworld,all,absolute_readout,D_tauC_q75::game::reward,average_precision,0.2948717948717948,0.24272109100050276,0.8249624977666424,0.5244368468241963,1717,1717,283
null,all_alfworld,all,absolute_readout,D_tauC_q75::game::reward,auroc_large_change_vs_rest,0.47692307692307695,0.2727272727272727,0.768571428571428,0.5213205260319899,1717,1717,283
null,all_alfworld,all,absolute_readout,D_tauC_q75::game::reward,top_quartile_mean_absolute_delta,0.035833333333333335,0.016666666666666666,0.11820833333333326,0.05845696291670329,1717,1717,283
null,all_alfworld,all,absolute_readout,D_tauC_q75::game::reward,top_quartile_lift,0.9123773808902998,0.34473138487518024,1.7094565906769987,0.994273821402473,1717,1717,283
null,all_alfworld,all,absolute_readout,D_tauC_q75::game::unsigned,spearman,0.08363449746446507,-0.3072076550911544,0.3999193396662193,0.03961031153224085,1717,1717,283
null,all_alfworld,all,absolute_readout,D_tauC_q75::game::unsigned,average_precision,0.2775124875124875,0.2390705128205128,0.7954276176312375,0.509697561133628,1717,1717,283
null,all_alfworld,all,absolute_readout,D_tauC_q75::game::unsigned,auroc_large_change_vs_rest,0.4307692307692308,0.25,0.75,0.5044014509725051,1717,1717,283
null,all_alfworld,all,absolute_readout,D_tauC_q75::game::unsigned,top_quartile_mean_absolute_delta,0.03558298730660677,0.01837425310001909,0.0931861781794057,0.05044908256400863,1717,1717,283
null,all_alfworld,all,absolute_readout,D_tauC_q75::game::unsigned,top_quartile_lift,0.9060031468759442,0.3634319179936966,1.4924384235368986,0.8752151266838043,1717,1717,283
null,all_alfworld,all,absolute_readout,D_delta_q25::game::reward,spearman,-0.09499226872507142,-0.5847661375634732,0.26135912662123556,-0.17435196677395662,1717,1717,283
null,all_alfworld,all,absolute_readout,D_delta_q25::game::reward,average_precision,0.25555555555555554,0.22509090909090906,0.7759411011967828,0.48792293599520803,1717,1717,283
null,all_alfworld,all,absolute_readout,D_delta_q25::game::reward,auroc_large_change_vs_rest,0.35384615384615387,0.18726851851851853,0.7,0.443265428945394,1717,1717,283
null,all_alfworld,all,absolute_readout,D_delta_q25::game::reward,top_quartile_mean_absolute_delta,0.037083333333333336,0.012870670995670996,0.11372673160173159,0.05373985098179707,1717,1717,283
null,all_alfworld,all,absolute_readout,D_delta_q25::game::reward,top_quartile_lift,0.9442044988283336,0.27393360499799546,1.6501590414759382,0.912741894272731,1717,1717,283
null,all_alfworld,all,absolute_readout,D_delta_q25::game::unsigned,spearman,-0.17759424152948136,-0.5758947820453658,0.29387203897912595,-0.15393164966027825,1717,1717,283
null,all_alfworld,all,absolute_readout,D_delta_q25::game::unsigned,average_precision,0.22632700632700634,0.22147496947496945,0.7664144189144185,0.48244399314298264,1717,1717,283
null,all_alfworld,all,absolute_readout,D_delta_q25::game::unsigned,auroc_large_change_vs_rest,0.26153846153846155,0.18518518518518517,0.7083333333333334,0.4442585142303644,1717,1717,283
null,all_alfworld,all,absolute_readout,D_delta_q25::game::unsigned,top_quartile_mean_absolute_delta,0.029244350282485877,0.010154568223215763,0.10089531004709575,0.045975666485954005,1717,1717,283
null,all_alfworld,all,absolute_readout,D_delta_q25::game::unsigned,top_quartile_lift,0.7446107083694781,0.21364955830849047,1.497914512817728,0.7851288359192478,1717,1717,283
null,all_alfworld,all,absolute_readout,D_delta_q50::game::reward,spearman,-0.3025297253961514,-0.5771759839840473,0.27978745713120823,-0.15381188524416267,1717,1717,283
null,all_alfworld,all,absolute_readout,D_delta_q50::game::reward,average_precision,0.29222222222222216,0.2326143790849673,0.7763042186571597,0.4919267880492568,1717,1717,283
null,all_alfworld,all,absolute_readout,D_delta_q50::game::reward,auroc_large_change_vs_rest,0.4153846153846154,0.18181818181818182,0.6923076923076923,0.4362993509093781,1717,1717,283
null,all_alfworld,all,absolute_readout,D_delta_q50::game::reward,top_quartile_mean_absolute_delta,0.03208333333333333,0.015663149350649355,0.11436210317460313,0.05501716518987749,1717,1717,283
null,all_alfworld,all,absolute_readout,D_delta_q50::game::reward,top_quartile_lift,0.8168960270761986,0.33518715049432973,1.6744152454918568,0.9350158122517694,1717,1717,283
null,all_alfworld,all,absolute_readout,D_delta_q50::game::unsigned,spearman,-0.3675787789796242,-0.6058546025380331,0.21671022468656395,-0.20207494061292136,1717,1717,283
null,all_alfworld,all,absolute_readout,D_delta_q50::game::unsigned,average_precision,0.23282051282051283,0.21054700854700856,0.7652864843489842,0.4743966104956439,1717,1717,283
null,all_alfworld,all,absolute_readout,D_delta_q50::game::unsigned,auroc_large_change_vs_rest,0.2923076923076923,0.15584415584415584,0.678615520282187,0.4101614029552779,1717,1717,283
null,all_alfworld,all,absolute_readout,D_delta_q50::game::unsigned,top_quartile_mean_absolute_delta,0.024244350282485876,0.012240862692805565,0.10312499999999993,0.04725298069403443,1717,1717,283
null,all_alfworld,all,absolute_readout,D_delta_q50::game::unsigned,top_quartile_lift,0.6173022366173432,0.25945129122919336,1.5446481996020602,0.8074027538982861,1717,1717,283
null,all_alfworld,all,absolute_readout,D_delta_q75::game::reward,spearman,0.16004132230854426,-0.3769557560339063,0.45742620726967903,0.03449271062327387,1717,1717,283
null,all_alfworld,all,absolute_readout,D_delta_q75::game::reward,average_precision,0.33391053391053394,0.24250509294626943,0.8203908166996401,0.5218966559163141,1717,1717,283
null,all_alfworld,all,absolute_readout,D_delta_q75::game::reward,auroc_large_change_vs_rest,0.4461538461538462,0.24691358024691357,0.7792207792207793,0.5134728739878225,1717,1717,283
null,all_alfworld,all,absolute_readout,D_delta_q75::game::reward,top_quartile_mean_absolute_delta,0.042083333333333334,0.016217532467532467,0.10107012432012426,0.05322091744939562,1717,1717,283
null,all_alfworld,all,absolute_readout,D_delta_q75::game::reward,top_quartile_lift,1.0715129705804682,0.3328279197077928,1.5203324108749485,0.9121255442034357,1717,1717,283
null,all_alfworld,all,absolute_readout,D_delta_q75::game::unsigned,spearman,0.058853905623142085,-0.4077610415536627,0.31930180619256004,-0.07085010867362646,1717,1717,283
null,all_alfworld,all,absolute_readout,D_delta_q75::game::unsigned,average_precision,0.24042735042735047,0.20857166689519632,0.789918995146268,0.48744541280301695,1717,1717,283
null,all_alfworld,all,absolute_readout,D_delta_q75::game::unsigned,auroc_large_change_vs_rest,0.3230769230769231,0.19480519480519481,0.6813311688311682,0.4424384176010074,1717,1717,283
null,all_alfworld,all,absolute_readout,D_delta_q75::game::unsigned,top_quartile_mean_absolute_delta,0.032767077555213145,0.016744491525423726,0.08690290029676814,0.04625715493674915,1717,1717,283
null,all_alfworld,all,absolute_readout,D_delta_q75::game::unsigned,top_quartile_lift,0.8343053134675729,0.32334247884087713,1.4288088569385264,0.7995960434090608,1717,1717,283
null,all_alfworld,all,absolute_readout,D_winsor::game::reward,spearman,-0.14765102638788277,-0.6227305153290051,0.19957643250366494,-0.21342776439194014,1717,1717,283
null,all_alfworld,all,absolute_readout,D_winsor::game::reward,average_precision,0.279281045751634,0.23215133232780294,0.7731199424214128,0.4869808341994804,1717,1717,283
null,all_alfworld,all,absolute_readout,D_winsor::game::reward,auroc_large_change_vs_rest,0.36923076923076925,0.17442307692307696,0.6674999999999992,0.4249899126682761,1717,1717,283
null,all_alfworld,all,absolute_readout,D_winsor::game::reward,top_quartile_mean_absolute_delta,0.030833333333333334,0.009166666666666667,0.10347023809523803,0.047179157951725594,1717,1717,283
null,all_alfworld,all,absolute_readout,D_winsor::game::reward,top_quartile_lift,0.785068909138165,0.20334497280068173,1.5479617026268215,0.8000201011411061,1717,1717,283
null,all_alfworld,all,absolute_readout,D_winsor::game::unsigned,spearman,-0.18172434016970188,-0.534113975895245,0.30216283200365435,-0.1323864369536513,1717,1717,283
null,all_alfworld,all,absolute_readout,D_winsor::game::unsigned,average_precision,0.2479020979020979,0.22378650761003704,0.7774870962370963,0.4889701440172618,1717,1717,283
null,all_alfworld,all,absolute_readout,D_winsor::game::unsigned,auroc_large_change_vs_rest,0.35384615384615387,0.19553571428571434,0.7223076923076922,0.45888479043084945,1717,1717,283
null,all_alfworld,all,absolute_readout,D_winsor::game::unsigned,top_quartile_mean_absolute_delta,0.02894673123486683,0.01718422786214548,0.10800666766184006,0.05315142588508359,1717,1717,283
null,all_alfworld,all,absolute_readout,D_winsor::game::unsigned,top_quartile_lift,0.7370328231461367,0.3466602917381731,1.657342717832781,0.9106007176802507,1717,1717,283
null,all_alfworld,all,absolute_readout,D_tanh::game::reward,spearman,-0.02684564116143323,-0.5278858839366546,0.275855161735405,-0.1237052145176693,1717,1717,283
null,all_alfworld,all,absolute_readout,D_tanh::game::reward,average_precision,0.298109243697479,0.2362673992673993,0.7937608143490491,0.5053096130795797,1717,1717,283
null,all_alfworld,all,absolute_readout,D_tanh::game::reward,auroc_large_change_vs_rest,0.46153846153846156,0.2077922077922078,0.7126785714285713,0.4725126560364864,1717,1717,283
null,all_alfworld,all,absolute_readout,D_tanh::game::reward,top_quartile_mean_absolute_delta,0.03222222222222222,0.017565507044125465,0.12275595238095235,0.06025203043511068,1717,1717,283
null,all_alfworld,all,absolute_readout,D_tanh::game::reward,top_quartile_lift,0.8204323735137579,0.38376502959652703,1.7965189774732444,1.0271918126974366,1717,1717,283
null,all_alfworld,all,absolute_readout,D_tanh::game::unsigned,spearman,-0.06298400426336258,-0.45871986324793734,0.36243550051599566,-0.06181496127951378,1717,1717,283
null,all_alfworld,all,absolute_readout,D_tanh::game::unsigned,average_precision,0.27074481074481077,0.23505769230769233,0.795091779877876,0.5045949851833469,1717,1717,283
null,all_alfworld,all,absolute_readout,D_tanh::game::unsigned,auroc_large_change_vs_rest,0.4307692307692308,0.20987654320987653,0.7530864197530864,0.4903671984396601,1717,1717,283
null,all_alfworld,all,absolute_readout,D_tanh::game::unsigned,top_quartile_mean_absolute_delta,0.02894673123486683,0.01718422786214548,0.10800666766184006,0.05315142588508359,1717,1717,283
null,all_alfworld,all,absolute_readout,D_tanh::game::unsigned,top_quartile_lift,0.7370328231461367,0.3466602917381731,1.657342717832781,0.9106007176802507,1717,1717,283
null,all_alfworld,all,absolute_readout,D_action_sign::game::reward,spearman,-0.1951471607504185,-0.535164268580888,0.3428692334709174,-0.0964040345782809,1717,1717,283
null,all_alfworld,all,absolute_readout,D_action_sign::game::reward,average_precision,0.3374891774891775,0.23999926544044192,0.8022529023264318,0.5095062535706146,1717,1717,283
null,all_alfworld,all,absolute_readout,D_action_sign::game::reward,auroc_large_change_vs_rest,0.5538461538461539,0.2077922077922078,0.7503086419753083,0.4802342851896336,1717,1717,283
null,all_alfworld,all,absolute_readout,D_action_sign::game::reward,top_quartile_mean_absolute_delta,0.02388888888888889,0.011659420289855072,0.10695448179271697,0.04973015569716218,1717,1717,283
null,all_alfworld,all,absolute_readout,D_action_sign::game::reward,top_quartile_lift,0.6082515872601999,0.22957859471202222,1.6115169040204036,0.8471349009919664,1717,1717,283
null,all_alfworld,all,absolute_readout,D_action_sign::game::unsigned,spearman,0.19101706211019798,-0.3123256745412789,0.5501243850206745,0.12054853708727765,1717,1717,283
null,all_alfworld,all,absolute_readout,D_action_sign::game::unsigned,average_precision,0.4760606060606061,0.2944357439945675,0.8683067545199897,0.573593338967683,1717,1717,283
null,all_alfworld,all,absolute_readout,D_action_sign::game::unsigned,auroc_large_change_vs_rest,0.7076923076923077,0.3,0.8399711399711395,0.5796271667316124,1717,1717,283
null,all_alfworld,all,absolute_readout,D_action_sign::game::unsigned,top_quartile_mean_absolute_delta,0.06830745341614906,0.034467171717171716,0.14703956582633051,0.082854513857384,1717,1717,283
null,all_alfworld,all,absolute_readout,D_action_sign::game::unsigned,top_quartile_lift,1.7392235007380161,0.7394942337809788,2.1650660364470835,1.4257204691387502,1717,1717,283
null,all_alfworld,all,absolute_readout,D_action_adv::game::reward,spearman,0.1837893894898121,-0.2888632908727646,0.5414259087419602,0.11531666782278659,1717,1717,283
null,all_alfworld,all,absolute_readout,D_action_adv::game::reward,average_precision,0.46828282828282825,0.2624963924963925,0.8409171384171383,0.5586276907491728,1717,1717,283
null,all_alfworld,all,absolute_readout,D_action_adv::game::reward,auroc_large_change_vs_rest,0.5384615384615384,0.2918269230769231,0.8181818181818182,0.559337088991525,1717,1717,283
null,all_alfworld,all,absolute_readout,D_action_adv::game::reward,top_quartile_mean_absolute_delta,0.04154761904761904,0.017499999999999998,0.12119642857142854,0.061093925499100886,1717,1717,283
null,all_alfworld,all,absolute_readout,D_action_adv::game::reward,top_quartile_lift,1.0578727771784537,0.39509905617141544,1.7477580828521815,1.038009948998381,1717,1717,283
null,all_alfworld,all,absolute_readout,D_action_adv::game::unsigned,spearman,0.19101706211019798,-0.3123256745412789,0.5501243850206745,0.12054853708727765,1717,1717,283
null,all_alfworld,all,absolute_readout,D_action_adv::game::unsigned,average_precision,0.4760606060606061,0.2944357439945675,0.8683067545199897,0.573593338967683,1717,1717,283
null,all_alfworld,all,absolute_readout,D_action_adv::game::unsigned,auroc_large_change_vs_rest,0.7076923076923077,0.3,0.8399711399711395,0.5796271667316124,1717,1717,283
null,all_alfworld,all,absolute_readout,D_action_adv::game::unsigned,top_quartile_mean_absolute_delta,0.06830745341614906,0.034467171717171716,0.14703956582633051,0.082854513857384,1717,1717,283
null,all_alfworld,all,absolute_readout,D_action_adv::game::unsigned,top_quartile_lift,1.7392235007380161,0.7394942337809788,2.1650660364470835,1.4257204691387502,1717,1717,283
null,all_alfworld,all,absolute_readout,D_action_adv_clip::game::reward,spearman,0.08363449746446507,-0.3630929383223891,0.49948356405542965,0.05412426638449054,1717,1717,283
null,all_alfworld,all,absolute_readout,D_action_adv_clip::game::reward,average_precision,0.4186327561327562,0.25529852092352096,0.8321535817124052,0.5517583272076217,1717,1717,283
null,all_alfworld,all,absolute_readout,D_action_adv_clip::game::reward,auroc_large_change_vs_rest,0.4461538461538462,0.26153846153846155,0.8002469135802467,0.5377773622277117,1717,1717,283
null,all_alfworld,all,absolute_readout,D_action_adv_clip::game::reward,top_quartile_mean_absolute_delta,0.029841269841269842,0.020815295815295815,0.12597635392829898,0.06346660812636325,1717,1717,283
null,all_alfworld,all,absolute_readout,D_action_adv_clip::game::reward,top_quartile_lift,0.759809291727027,0.4324164719582846,1.825025775538818,1.0853285758845943,1717,1717,283
null,all_alfworld,all,absolute_readout,D_action_adv_clip::game::unsigned,spearman,0.19101706211019798,-0.3123256745412789,0.5501243850206745,0.12054853708727765,1717,1717,283
null,all_alfworld,all,absolute_readout,D_action_adv_clip::game::unsigned,average_precision,0.4760606060606061,0.2944357439945675,0.8683067545199897,0.573593338967683,1717,1717,283
null,all_alfworld,all,absolute_readout,D_action_adv_clip::game::unsigned,auroc_large_change_vs_rest,0.7076923076923077,0.3,0.8399711399711395,0.5796271667316124,1717,1717,283
null,all_alfworld,all,absolute_readout,D_action_adv_clip::game::unsigned,top_quartile_mean_absolute_delta,0.06830745341614906,0.034467171717171716,0.14703956582633051,0.082854513857384,1717,1717,283
null,all_alfworld,all,absolute_readout,D_action_adv_clip::game::unsigned,top_quartile_lift,1.7392235007380161,0.7394942337809788,2.1650660364470835,1.4257204691387502,1717,1717,283
null,all_alfworld,all,absolute_readout,D_ratio_adv::game::reward,spearman,0.1920495867702531,-0.3829094777950721,0.39577183730321486,0.011444807705411637,1717,1717,283
null,all_alfworld,all,absolute_readout,D_ratio_adv::game::reward,average_precision,0.5659663865546218,0.243734827264239,0.8200910597339167,0.5353501747029682,1717,1717,283
null,all_alfworld,all,absolute_readout,D_ratio_adv::game::reward,auroc_large_change_vs_rest,0.5230769230769231,0.24675324675324675,0.75,0.4989877576244301,1717,1717,283
null,all_alfworld,all,absolute_readout,D_ratio_adv::game::reward,top_quartile_mean_absolute_delta,0.04779761904761905,0.017499999999999998,0.10687175324675319,0.05585788003179322,1717,1717,283
null,all_alfworld,all,absolute_readout,D_ratio_adv::game::reward,top_quartile_lift,1.2170083668686225,0.3778756665191218,1.5593177842514545,0.9558616717993437,1717,1717,283
null,all_alfworld,all,absolute_readout,D_ratio_adv::game::unsigned,spearman,0.057821380963086956,-0.4559488882299041,0.4295524622679805,-0.02121457159145629,1717,1717,283
null,all_alfworld,all,absolute_readout,D_ratio_adv::game::unsigned,average_precision,0.44630952380952377,0.256094654528478,0.8112946428571426,0.5345359166361835,1717,1717,283
null,all_alfworld,all,absolute_readout,D_ratio_adv::game::unsigned,auroc_large_change_vs_rest,0.5230769230769231,0.2345679012345679,0.7752777777777775,0.5062921102136788,1717,1717,283
null,all_alfworld,all,absolute_readout,D_ratio_adv::game::unsigned,top_quartile_mean_absolute_delta,0.03727272727272727,0.014938711694809256,0.11088019250253278,0.05401888898394246,1717,1717,283
null,all_alfworld,all,absolute_readout,D_ratio_adv::game::unsigned,top_quartile_lift,0.9490267894250052,0.3110701260252028,1.6369848749300209,0.9197483424086976,1717,1717,283
null,all_alfworld,all,absolute_readout,D_policy_action_adv::game::reward,spearman,0.11357771260606367,-0.3590576158206773,0.5069712131601628,0.08532753179579335,1717,1717,283
null,all_alfworld,all,absolute_readout,D_policy_action_adv::game::reward,average_precision,0.5926406926406926,0.2509968911807147,0.8463640934229164,0.5546738123989913,1717,1717,283
null,all_alfworld,all,absolute_readout,D_policy_action_adv::game::reward,auroc_large_change_vs_rest,0.6153846153846154,0.25833333333333336,0.8,0.5383338064467942,1717,1717,283
null,all_alfworld,all,absolute_readout,D_policy_action_adv::game::reward,top_quartile_mean_absolute_delta,0.045070346320346316,0.02075679181929182,0.11398647186147184,0.06137541394989604,1717,1717,283
null,all_alfworld,all,absolute_readout,D_policy_action_adv::game::reward,top_quartile_lift,1.1475673822765489,0.45300728759680087,1.7081757562547317,1.052477156488194,1717,1717,283
null,all_alfworld,all,absolute_readout,D_policy_action_adv::game::unsigned,spearman,-0.36861130363967937,-0.2849486760078296,0.542850152740714,0.13086731503459925,1717,1717,283
null,all_alfworld,all,absolute_readout,D_policy_action_adv::game::unsigned,average_precision,0.2596428571428572,0.26649963924963926,0.8477168174962292,0.5509433644353899,1717,1717,283
null,all_alfworld,all,absolute_readout,D_policy_action_adv::game::unsigned,auroc_large_change_vs_rest,0.36923076923076925,0.3055555555555556,0.8002469135802467,0.5500664189183408,1717,1717,283
null,all_alfworld,all,absolute_readout,D_policy_action_adv::game::unsigned,top_quartile_mean_absolute_delta,0.042571644968476215,0.03145132243487506,0.12976470843651605,0.07473002422356569,1717,1717,283
null,all_alfworld,all,absolute_readout,D_policy_action_adv::game::unsigned,top_quartile_lift,1.0839462121822336,0.6823798071135473,1.9691109858829834,1.29104830425705,1717,1717,283
null,all_alfworld,all,absolute_readout,D_reward_only::game::reward,spearman,0.40289256198347106,-0.2915396961628892,0.5473179818545587,0.13890365703450616,1717,1717,283
null,all_alfworld,all,absolute_readout,D_reward_only::game::reward,average_precision,0.45677655677655676,0.2570727258852259,0.8531354377945285,0.5567957183225836,1717,1717,283
null,all_alfworld,all,absolute_readout,D_reward_only::game::reward,auroc_large_change_vs_rest,0.5538461538461539,0.28104707792207795,0.8181818181818182,0.5539823972476612,1717,1717,283
null,all_alfworld,all,absolute_readout,D_reward_only::game::reward,top_quartile_mean_absolute_delta,0.03625,0.01986736542443064,0.10539949633699623,0.05601159270957403,1717,1717,283
null,all_alfworld,all,absolute_readout,D_reward_only::game::reward,top_quartile_lift,0.9229864202029776,0.40686437676482395,1.6050902428698701,0.963215947848365,1717,1717,283
null,all_alfworld,all,absolute_readout,D_reward_only::game::unsigned,spearman,,,,,0,1717,283
null,all_alfworld,all,absolute_readout,D_reward_only::game::unsigned,average_precision,0.2777777777777778,0.2222222222222222,0.6666666666666666,0.43988222351646933,1717,1717,283
null,all_alfworld,all,absolute_readout,D_reward_only::game::unsigned,auroc_large_change_vs_rest,0.5,0.5,0.5,0.5,1717,1717,283
null,all_alfworld,all,absolute_readout,D_reward_only::game::unsigned,top_quartile_mean_absolute_delta,0.03927468401109099,0.035669714646088264,0.0831052709560181,0.057881026017261646,1717,1717,283
null,all_alfworld,all,absolute_readout,D_reward_only::game::unsigned,top_quartile_lift,1.0,0.9999999999999998,1.0000000000000004,1.0,1717,1717,283
null,all_alfworld,all,absolute_readout,D_adv_negative_fraction::game::reward,spearman,0.24496127302195905,-0.27768888162574423,0.5545850698883565,0.14405269923641675,1717,1717,283
null,all_alfworld,all,absolute_readout,D_adv_negative_fraction::game::reward,average_precision,0.28047619047619043,0.25995238095238093,0.8387944347319346,0.541882202807351,1717,1717,283
null,all_alfworld,all,absolute_readout,D_adv_negative_fraction::game::reward,auroc_large_change_vs_rest,0.45384615384615384,0.29359577922077923,0.8051948051948052,0.5507310016671063,1717,1717,283
null,all_alfworld,all,absolute_readout,D_adv_negative_fraction::game::reward,top_quartile_mean_absolute_delta,0.03638888888888889,0.022753734204392105,0.11266785714285713,0.0612464579548072,1717,1717,283
null,all_alfworld,all,absolute_readout,D_adv_negative_fraction::game::reward,top_quartile_lift,0.9265227666405369,0.4585500089185447,1.728623042387494,1.0553919482940322,1717,1717,283
null,all_alfworld,all,absolute_readout,D_adv_negative_fraction::game::unsigned,spearman,,,,,0,1717,283
null,all_alfworld,all,absolute_readout,D_adv_negative_fraction::game::unsigned,average_precision,0.2777777777777778,0.2222222222222222,0.6666666666666666,0.43988222351646933,1717,1717,283
null,all_alfworld,all,absolute_readout,D_adv_negative_fraction::game::unsigned,auroc_large_change_vs_rest,0.5,0.5,0.5,0.5,1717,1717,283
null,all_alfworld,all,absolute_readout,D_adv_negative_fraction::game::unsigned,top_quartile_mean_absolute_delta,0.03927468401109099,0.035669714646088264,0.0831052709560181,0.057881026017261646,1717,1717,283
null,all_alfworld,all,absolute_readout,D_adv_negative_fraction::game::unsigned,top_quartile_lift,1.0,0.9999999999999998,1.0000000000000004,1.0,1717,1717,283
null,all_alfworld,all,absolute_readout,C_raw::game::reward,spearman,0.23748067181267857,-0.42463097930056726,0.42218093339217844,0.009890857209454807,1717,1717,283
null,all_alfworld,all,absolute_readout,C_raw::game::reward,average_precision,0.663888888888889,0.25671192696192696,0.8131072631072631,0.5521972844671145,1717,1717,283
null,all_alfworld,all,absolute_readout,C_raw::game::reward,auroc_large_change_vs_rest,0.7692307692307693,0.2375,0.7922077922077922,0.5324166130611481,1717,1717,283
null,all_alfworld,all,absolute_readout,C_raw::game::reward,top_quartile_mean_absolute_delta,0.038035714285714284,0.01880952380952381,0.1174305555555555,0.05920578228136974,1717,1717,283
null,all_alfworld,all,absolute_readout,C_raw::game::reward,top_quartile_lift,0.9684537315430258,0.39257320816747965,1.7531454305391572,1.011463636609885,1717,1717,283
null,all_alfworld,all,absolute_readout,C_raw::game::unsigned,spearman,-0.08776459610468557,-0.43698711655557837,0.36076411622326,-0.041075096794213,1717,1717,283
null,all_alfworld,all,absolute_readout,C_raw::game::unsigned,average_precision,0.35965034965034964,0.2332243867243867,0.7877593240093239,0.4919533117227444,1717,1717,283
null,all_alfworld,all,absolute_readout,C_raw::game::unsigned,auroc_large_change_vs_rest,0.5538461538461539,0.19753086419753085,0.7541720779220771,0.4759985119211483,1717,1717,283
null,all_alfworld,all,absolute_readout,C_raw::game::unsigned,top_quartile_mean_absolute_delta,0.02838221510583457,0.01679334119921132,0.10405370546851225,0.05210753120006594,1717,1717,283
null,all_alfworld,all,absolute_readout,C_raw::game::unsigned,top_quartile_lift,0.722659286012831,0.3360916733381299,1.598809764976153,0.8975887230760269,1717,1717,283
null,all_alfworld,all,absolute_readout,C_centered::game::reward,spearman,-0.29220447879560013,-0.6068781389783204,0.1718955597808982,-0.22722126259849676,1717,1717,283
null,all_alfworld,all,absolute_readout,C_centered::game::reward,average_precision,0.2437441643323996,0.21961856770680305,0.7366454991087343,0.4714978573446153,1717,1717,283
null,all_alfworld,all,absolute_readout,C_centered::game::reward,auroc_large_change_vs_rest,0.3384615384615385,0.1816919191919192,0.652932098765432,0.421093643336897,1717,1717,283
null,all_alfworld,all,absolute_readout,C_centered::game::reward,top_quartile_mean_absolute_delta,0.019722222222222224,0.008910714285714286,0.10001984126984126,0.04539197647561,1717,1717,283
null,all_alfworld,all,absolute_readout,C_centered::game::reward,top_quartile_lift,0.5021611941334209,0.19295880137951224,1.4998677180382394,0.7740784958747915,1717,1717,283
null,all_alfworld,all,absolute_readout,C_centered::game::unsigned,spearman,-0.27981418287493864,-0.5201861126672844,0.3477228193484616,-0.10852281285349674,1717,1717,283
null,all_alfworld,all,absolute_readout,C_centered::game::unsigned,average_precision,0.2526143790849673,0.24330832022008494,0.7799054741554738,0.49461259977184574,1717,1717,283
null,all_alfworld,all,absolute_readout,C_centered::game::unsigned,auroc_large_change_vs_rest,0.3384615384615385,0.21995129870129873,0.7377759740259738,0.4667989399582779,1717,1717,283
null,all_alfworld,all,absolute_readout,C_centered::game::unsigned,top_quartile_mean_absolute_delta,0.019114583333333334,0.008327205882352941,0.09120499128160417,0.03980621878195415,1717,1717,283
null,all_alfworld,all,absolute_readout,C_centered::game::unsigned,top_quartile_lift,0.4866896784690989,0.16816956848038872,1.4055367351585815,0.6787188479072215,1717,1717,283
null,all_alfworld,all,absolute_readout,C_adv_centered::game::reward,spearman,0.30872487335648213,-0.28308686193888705,0.5118860003356491,0.1084968609538654,1717,1717,283
null,all_alfworld,all,absolute_readout,C_adv_centered::game::reward,average_precision,0.30042568542568543,0.26899533146591975,0.84841119738847,0.5429500840803785,1717,1717,283
null,all_alfworld,all,absolute_readout,C_adv_centered::game::reward,auroc_large_change_vs_rest,0.47692307692307695,0.2916666666666667,0.8052308802308803,0.548310933675426,1717,1717,283
null,all_alfworld,all,absolute_readout,C_adv_centered::game::reward,top_quartile_mean_absolute_delta,0.062057453416149065,0.03265343757120073,0.12334684425052071,0.07230624976828447,1717,1717,283
null,all_alfworld,all,absolute_readout,C_adv_centered::game::reward,top_quartile_lift,1.5800879110478476,0.6811536136478535,1.8961044473818671,1.2522047256515803,1717,1717,283
null,all_alfworld,all,absolute_readout,C_adv_centered::game::unsigned,spearman,-0.27981418287493864,-0.5201861126672844,0.3477228193484616,-0.10852281285349674,1717,1717,283
null,all_alfworld,all,absolute_readout,C_adv_centered::game::unsigned,average_precision,0.2526143790849673,0.24330832022008494,0.7799054741554738,0.49461259977184574,1717,1717,283
null,all_alfworld,all,absolute_readout,C_adv_centered::game::unsigned,auroc_large_change_vs_rest,0.3384615384615385,0.21995129870129873,0.7377759740259738,0.4667989399582779,1717,1717,283
null,all_alfworld,all,absolute_readout,C_adv_centered::game::unsigned,top_quartile_mean_absolute_delta,0.019114583333333334,0.008327205882352941,0.09120499128160417,0.03980621878195415,1717,1717,283
null,all_alfworld,all,absolute_readout,C_adv_centered::game::unsigned,top_quartile_lift,0.4866896784690989,0.16816956848038872,1.4055367351585815,0.6787188479072215,1717,1717,283
null,all_alfworld,all,absolute_readout,M_delta_raw::game::magnitude,spearman,0.020650493201102484,-0.4521772596845362,0.3512067229422465,-0.044696582503492795,1717,1717,283
null,all_alfworld,all,absolute_readout,M_delta_raw::game::magnitude,average_precision,0.32928104575163397,0.2513636363636364,0.8141750857708148,0.5214043859083076,1717,1717,283
null,all_alfworld,all,absolute_readout,M_delta_raw::game::magnitude,auroc_large_change_vs_rest,0.4307692307692308,0.23214285714285715,0.7625,0.490525618585704,1717,1717,283
null,all_alfworld,all,absolute_readout,M_delta_raw::game::magnitude,top_quartile_mean_absolute_delta,0.04223143598143598,0.02516460345138342,0.11664549807076978,0.06410400485479342,1717,1717,283
null,all_alfworld,all,absolute_readout,M_delta_raw::game::magnitude,top_quartile_lift,1.0752839149389468,0.5270516603518338,1.7503976555972234,1.10442670764558,1717,1717,283
null,all_alfworld,all,absolute_readout,M_delta_centered::game::magnitude,spearman,0.05162623300275621,-0.5552523687383839,0.25539758954827024,-0.14123423619354228,1717,1717,283
null,all_alfworld,all,absolute_readout,M_delta_centered::game::magnitude,average_precision,0.34555555555555556,0.2413439885278121,0.7795752225715459,0.5000296474015424,1717,1717,283
null,all_alfworld,all,absolute_readout,M_delta_centered::game::magnitude,auroc_large_change_vs_rest,0.38461538461538464,0.18726851851851853,0.7015392015392014,0.4479338067937369,1717,1717,283
null,all_alfworld,all,absolute_readout,M_delta_centered::game::magnitude,top_quartile_mean_absolute_delta,0.04231981981981982,0.015110926336536094,0.09848519163763063,0.050230710388211745,1717,1717,283
null,all_alfworld,all,absolute_readout,M_delta_centered::game::magnitude,top_quartile_lift,1.0775343172173937,0.30445228241697464,1.4721005577183564,0.8621714385301409,1717,1717,283
null,all_alfworld,all,absolute_readout,M_original_norm::game::magnitude,spearman,-0.35105838441874226,-0.634134510266662,0.23282964782064738,-0.22548586566550638,1717,1717,283
null,all_alfworld,all,absolute_readout,M_original_norm::game::magnitude,average_precision,0.21004273504273505,0.22001981351981353,0.7525787037037037,0.4669484559056334,1717,1717,283
null,all_alfworld,all,absolute_readout,M_original_norm::game::magnitude,auroc_large_change_vs_rest,0.2,0.1375,0.675,0.40419429709616084,1717,1717,283
null,all_alfworld,all,absolute_readout,M_original_norm::game::magnitude,top_quartile_mean_absolute_delta,0.025364583333333336,0.011078052995391706,0.10185491427432217,0.046366911812025624,1717,1717,283
null,all_alfworld,all,absolute_readout,M_original_norm::game::magnitude,top_quartile_lift,0.6458252681592674,0.21883581634947866,1.5170026332267632,0.7914406410388465,1717,1717,283
null,all_alfworld,all,absolute_readout,M_control_norm::game::magnitude,spearman,-0.5513681684694364,-0.7495632668713477,0.08300998330534058,-0.3601833809192718,1717,1717,283
null,all_alfworld,all,absolute_readout,M_control_norm::game::magnitude,average_precision,0.19230880230880232,0.2013144841269841,0.695671983987492,0.4330978887638601,1717,1717,283
null,all_alfworld,all,absolute_readout,M_control_norm::game::magnitude,auroc_large_change_vs_rest,0.09230769230769231,0.08739197530864197,0.6111111111111112,0.33483681688035216,1717,1717,283
null,all_alfworld,all,absolute_readout,M_control_norm::game::magnitude,top_quartile_mean_absolute_delta,0.01703125,0.005717741935483871,0.08686827956989246,0.03584503707407713,1717,1717,283
null,all_alfworld,all,absolute_readout,M_control_norm::game::magnitude,top_quartile_lift,0.43364448190570937,0.11031592083252424,1.331791493677457,0.611383729333376,1717,1717,283
null,all_alfworld,all,absolute_readout,M_kl::game::magnitude,spearman,-0.23231804851240295,-0.30513254720611577,0.5430400052684828,0.11126539276441368,1717,1717,283
null,all_alfworld,all,absolute_readout,M_kl::game::magnitude,average_precision,0.3044444444444444,0.2558874458874459,0.8122134330316149,0.5225546409187019,1717,1717,283
null,all_alfworld,all,absolute_readout,M_kl::game::magnitude,auroc_large_change_vs_rest,0.47692307692307695,0.2839506172839506,0.7917207792207791,0.5368447305389161,1717,1717,283
null,all_alfworld,all,absolute_readout,M_kl::game::magnitude,top_quartile_mean_absolute_delta,0.02354990583804143,0.019317411868228565,0.11556944444444445,0.05810333936890019,1717,1717,283
null,all_alfworld,all,absolute_readout,M_kl::game::magnitude,top_quartile_lift,0.5996205044295466,0.3977016353897458,1.7449640005403146,0.9949090774401664,1717,1717,283
null,all_alfworld,all,absolute_readout,M_js::game::magnitude,spearman,-0.14145587842755203,-0.3066756761865149,0.5476060823060893,0.12719934299221813,1717,1717,283
null,all_alfworld,all,absolute_readout,M_js::game::magnitude,average_precision,0.34383838383838383,0.2568632756132756,0.8357497231604375,0.5371365046164894,1717,1717,283
null,all_alfworld,all,absolute_readout,M_js::game::magnitude,auroc_large_change_vs_rest,0.5076923076923077,0.2857142857142857,0.8051948051948052,0.5468974481302185,1717,1717,283
null,all_alfworld,all,absolute_readout,M_js::game::magnitude,top_quartile_mean_absolute_delta,0.03123929977743537,0.017100965813078635,0.10814545247639605,0.05352747490047338,1717,1717,283
null,all_alfworld,all,absolute_readout,M_js::game::magnitude,top_quartile_lift,0.7954055026544207,0.35797687853252097,1.6127412668173704,0.916581849350154,1717,1717,283
null,all_alfworld,all,absolute_readout,M_action_abs::game::magnitude,spearman,-0.01239029592066149,-0.24874647670323086,0.5958592632169969,0.17880522742054594,1717,1717,283
null,all_alfworld,all,absolute_readout,M_action_abs::game::magnitude,average_precision,0.3600356506238859,0.2826479207067442,0.8724987430869783,0.5679318522892703,1717,1717,283
null,all_alfworld,all,absolute_readout,M_action_abs::game::magnitude,auroc_large_change_vs_rest,0.5076923076923077,0.3125,0.8376785714285713,0.5830882232624613,1717,1717,283
null,all_alfworld,all,absolute_readout,M_action_abs::game::magnitude,top_quartile_mean_absolute_delta,0.05393335529205094,0.034889686853002075,0.14757579080412653,0.08201731649452494,1717,1717,283
null,all_alfworld,all,absolute_readout,M_action_abs::game::magnitude,top_quartile_lift,1.373234607739184,0.7251867906532113,2.156301825076544,1.4114710021906036,1717,1717,283
null,all_alfworld,all,absolute_readout,B_activation_l8_norm,spearman,-0.07847187416418944,-0.44271094636103625,0.3550640351352732,-0.04867674077877811,1717,1717,283
null,all_alfworld,all,absolute_readout,B_activation_l8_norm,average_precision,0.5588522588522589,0.25001154401154396,0.8002886002886003,0.5355419330279284,1717,1717,283
null,all_alfworld,all,absolute_readout,B_activation_l8_norm,auroc_large_change_vs_rest,0.49230769230769234,0.225,0.75,0.4866836980868237,1717,1717,283
null,all_alfworld,all,absolute_readout,B_activation_l8_norm,top_quartile_mean_absolute_delta,0.04698083676897237,0.01929588371398716,0.1065481174527227,0.057326579851869355,1717,1717,283
null,all_alfworld,all,absolute_readout,B_activation_l8_norm,top_quartile_lift,1.1962117061388755,0.42071035236945636,1.6239624016137888,0.9876716969993026,1717,1717,283
null,all_alfworld,all,absolute_readout,B_activation_l16_norm,spearman,0.1321631564870559,-0.4502740535943374,0.4143427392681854,-0.0008476328392027292,1717,1717,283
null,all_alfworld,all,absolute_readout,B_activation_l16_norm,average_precision,0.592967032967033,0.25960416217769156,0.7767546689421689,0.535026842030156,1717,1717,283
null,all_alfworld,all,absolute_readout,B_activation_l16_norm,auroc_large_change_vs_rest,0.6153846153846154,0.24691358024691357,0.7662337662337663,0.5132104144929325,1717,1717,283
null,all_alfworld,all,absolute_readout,B_activation_l16_norm,top_quartile_mean_absolute_delta,0.03370870870870871,0.018501723057644106,0.1023114316239316,0.05330309211469955,1717,1717,283
null,all_alfworld,all,absolute_readout,B_activation_l16_norm,top_quartile_lift,0.8582808380887169,0.3780675023423121,1.5307672618351942,0.9173633478041431,1717,1717,283
null,all_alfworld,all,absolute_readout,B_activation_l24_norm,spearman,0.04026846174214985,-0.4441579764134473,0.37288423032314283,-0.028505753214036433,1717,1717,283
null,all_alfworld,all,absolute_readout,B_activation_l24_norm,average_precision,0.5037121212121212,0.26193992118992115,0.7992307913046549,0.5317942091262245,1717,1717,283
null,all_alfworld,all,absolute_readout,B_activation_l24_norm,auroc_large_change_vs_rest,0.5230769230769231,0.24675324675324675,0.7638888888888888,0.5088181741574286,1717,1717,283
null,all_alfworld,all,absolute_readout,B_activation_l24_norm,top_quartile_mean_absolute_delta,0.04231981981981982,0.015110926336536094,0.09848519163763063,0.050230710388211745,1717,1717,283
null,all_alfworld,all,absolute_readout,B_activation_l24_norm,top_quartile_lift,1.0775343172173937,0.30445228241697464,1.4721005577183564,0.8621714385301409,1717,1717,283
null,all_alfworld,all,absolute_readout,B_activation_l32_norm,spearman,-0.1104801386258983,-0.553614660563804,0.26703304732143535,-0.1457903972246286,1717,1717,283
null,all_alfworld,all,absolute_readout,B_activation_l32_norm,average_precision,0.32555555555555554,0.2432571548821549,0.773229112390877,0.4943961759557092,1717,1717,283
null,all_alfworld,all,absolute_readout,B_activation_l32_norm,auroc_large_change_vs_rest,0.36923076923076925,0.19480519480519481,0.7012987012987013,0.4467654291644779,1717,1717,283
null,all_alfworld,all,absolute_readout,B_activation_l32_norm,top_quartile_mean_absolute_delta,0.04231981981981982,0.015110926336536094,0.09848519163763063,0.050230710388211745,1717,1717,283
null,all_alfworld,all,absolute_readout,B_activation_l32_norm,top_quartile_lift,1.0775343172173937,0.30445228241697464,1.4721005577183564,0.8621714385301409,1717,1717,283
null,all_alfworld,all,absolute_readout,B_old_margin,spearman,0.0936585811581694,-0.24873657892958442,0.5727675394006895,0.14065761237196844,1717,1717,283
null,all_alfworld,all,absolute_readout,B_old_margin,average_precision,0.3,0.2903751803751804,0.8333333333333334,0.5380034044765076,1717,1717,283
null,all_alfworld,all,absolute_readout,B_old_margin,auroc_large_change_vs_rest,0.4,0.3116883116883117,0.8148717948717947,0.5464734612466849,1717,1717,283
null,all_alfworld,all,absolute_readout,B_old_margin,top_quartile_mean_absolute_delta,0.05619187801932367,0.032974961116408484,0.11321816389599318,0.06847011933858323,1717,1717,283
null,all_alfworld,all,absolute_readout,B_old_margin,top_quartile_lift,1.430740423104495,0.6447577994299544,1.805160460456388,1.1891361651023356,1717,1717,283
null,all_alfworld,all,absolute_readout,B_random_expected,spearman,,,,,0,1717,283
null,all_alfworld,all,absolute_readout,B_random_expected,average_precision,0.2777777777777778,0.2222222222222222,0.6666666666666666,0.43988222351646933,1717,1717,283
null,all_alfworld,all,absolute_readout,B_random_expected,auroc_large_change_vs_rest,0.5,0.5,0.5,0.5,1717,1717,283
null,all_alfworld,all,absolute_readout,B_random_expected,top_quartile_mean_absolute_delta,0.03927468401109099,0.035669714646088264,0.0831052709560181,0.057881026017261646,1717,1717,283
null,all_alfworld,all,absolute_readout,B_random_expected,top_quartile_lift,1.0,0.9999999999999998,1.0000000000000004,1.0,1717,1717,283
null,all_alfworld,all,absolute_readout,D_real::token::reward,spearman,-0.17552919220937113,-0.3426215256523919,0.49537392624131,0.07827629361119948,1717,1717,283
null,all_alfworld,all,absolute_readout,D_real::token::reward,average_precision,0.2860185566067919,0.2453037158919512,0.820544048197791,0.5185947854549873,1717,1717,283
null,all_alfworld,all,absolute_readout,D_real::token::reward,auroc_large_change_vs_rest,0.4153846153846154,0.24615384615384617,0.7875,0.5216278286774307,1717,1717,283
null,all_alfworld,all,absolute_readout,D_real::token::reward,top_quartile_mean_absolute_delta,0.03901707755521315,0.019799449750434194,0.10381539251856348,0.05455651586617835,1717,1717,283
null,all_alfworld,all,absolute_readout,D_real::token::reward,top_quartile_lift,0.9934409031577416,0.4076107789336147,1.5719620232206057,0.939987567100081,1717,1717,283
null,all_alfworld,all,absolute_readout,D_real_A1::token::reward_free,spearman,-0.3779040255801755,-0.33596807295979525,0.5173497018193758,0.08017421541232077,1717,1717,283
null,all_alfworld,all,absolute_readout,D_real_A1::token::reward_free,average_precision,0.2692997198879552,0.233043372477196,0.8151623507211743,0.5238120165028433,1717,1717,283
null,all_alfworld,all,absolute_readout,D_real_A1::token::reward_free,auroc_large_change_vs_rest,0.4,0.2747727272727273,0.7752777777777775,0.523173270022183,1717,1717,283
null,all_alfworld,all,absolute_readout,D_real_A1::token::reward_free,top_quartile_mean_absolute_delta,0.011831155838041433,0.0164012224093232,0.1055059872922776,0.05073040019912874,1717,1717,283
null,all_alfworld,all,absolute_readout,D_real_A1::token::reward_free,top_quartile_lift,0.3012412737604806,0.318446034079951,1.583271272076451,0.8736078242062819,1717,1717,283
null,all_alfworld,all,absolute_readout,D_real_absA::token::reward_sign_removed,spearman,-0.16933404424904036,-0.32467333626577755,0.5285285208713397,0.11725949832339565,1717,1717,283
null,all_alfworld,all,absolute_readout,D_real_absA::token::reward_sign_removed,average_precision,0.2749074454956808,0.25178706709956705,0.8240673419717537,0.5256992652973843,1717,1717,283
null,all_alfworld,all,absolute_readout,D_real_absA::token::reward_sign_removed,auroc_large_change_vs_rest,0.4153846153846154,0.2597402597402597,0.7929870129870124,0.5344682932165946,1717,1717,283
null,all_alfworld,all,absolute_readout,D_real_absA::token::reward_sign_removed,top_quartile_mean_absolute_delta,0.030869725657861252,0.02207862162508544,0.10432482311320752,0.05681671258383419,1717,1717,283
null,all_alfworld,all,absolute_readout,D_real_absA::token::reward_sign_removed,top_quartile_lift,0.7859955193819963,0.4145128420537673,1.6343486945267989,0.9840040097120264,1717,1717,283
null,all_alfworld,all,absolute_readout,D_real_projection_only::token::geometry_only,spearman,0.050593708342701084,-0.407922110559463,0.4467977590744086,0.024662203846581476,1717,1717,283
null,all_alfworld,all,absolute_readout,D_real_projection_only::token::geometry_only,average_precision,0.5838235294117646,0.2737738527812057,0.8318842212781605,0.5576475473664159,1717,1717,283
null,all_alfworld,all,absolute_readout,D_real_projection_only::token::geometry_only,auroc_large_change_vs_rest,0.5538461538461539,0.2638888888888889,0.8051948051948052,0.5326731407698696,1717,1717,283
null,all_alfworld,all,absolute_readout,D_real_projection_only::token::geometry_only,top_quartile_mean_absolute_delta,0.04231981981981982,0.020786654135338343,0.12215737121317882,0.06202744888559089,1717,1717,283
null,all_alfworld,all,absolute_readout,D_real_projection_only::token::geometry_only,top_quartile_lift,1.0775343172173937,0.4298161316134665,1.7584311633663368,1.0570415088608032,1717,1717,283
null,all_alfworld,all,absolute_readout,D_real::decision::reward,spearman,-0.054723806982921584,-0.3165150834335331,0.526491923716778,0.10281185890350225,1717,1717,283
null,all_alfworld,all,absolute_readout,D_real::decision::reward,average_precision,0.4300356506238859,0.25226368729309906,0.8316697103277984,0.5433188726200107,1717,1717,283
null,all_alfworld,all,absolute_readout,D_real::decision::reward,auroc_large_change_vs_rest,0.47692307692307695,0.25,0.8051948051948052,0.5361892112862798,1717,1717,283
null,all_alfworld,all,absolute_readout,D_real::decision::reward,top_quartile_mean_absolute_delta,0.03901707755521315,0.019799449750434194,0.10381539251856348,0.05455651586617835,1717,1717,283
null,all_alfworld,all,absolute_readout,D_real::decision::reward,top_quartile_lift,0.9934409031577416,0.4076107789336147,1.5719620232206057,0.939987567100081,1717,1717,283
null,all_alfworld,all,absolute_readout,D_real_A1::decision::reward_free,spearman,-0.2529685417135054,-0.29278633562585915,0.5428416918071499,0.12801771427955036,1717,1717,283
null,all_alfworld,all,absolute_readout,D_real_A1::decision::reward_free,average_precision,0.32202380952380955,0.25975,0.8379964137170017,0.5455412407959063,1717,1717,283
null,all_alfworld,all,absolute_readout,D_real_A1::decision::reward_free,auroc_large_change_vs_rest,0.5076923076923077,0.3,0.8125,0.554577105972466,1717,1717,283
null,all_alfworld,all,absolute_readout,D_real_A1::decision::reward_free,top_quartile_mean_absolute_delta,0.019212180930930932,0.02000498232344536,0.11026452892985147,0.056178916944200824,1717,1717,283
null,all_alfworld,all,absolute_readout,D_real_A1::decision::reward_free,top_quartile_lift,0.48917467866846487,0.39857575382047783,1.679361360303666,0.9669100970816983,1717,1717,283
null,all_alfworld,all,absolute_readout,D_real_absA::decision::reward_sign_removed,spearman,-0.05162623300275621,-0.2860537537454214,0.5661039265421669,0.14643472790949943,1717,1717,283
null,all_alfworld,all,absolute_readout,D_real_absA::decision::reward_sign_removed,average_precision,0.35882352941176465,0.2684893088937207,0.8479146233379744,0.5484267333733098,1717,1717,283
null,all_alfworld,all,absolute_readout,D_real_absA::decision::reward_sign_removed,auroc_large_change_vs_rest,0.5230769230769231,0.2727272727272727,0.8062499999999994,0.5544215868473295,1717,1717,283
null,all_alfworld,all,absolute_readout,D_real_absA::decision::reward_sign_removed,top_quartile_mean_absolute_delta,0.026989958708708704,0.022722857720075106,0.10578321678321677,0.0572079579099058,1717,1717,283
null,all_alfworld,all,absolute_readout,D_real_absA::decision::reward_sign_removed,top_quartile_lift,0.6872100791717857,0.4259982071673341,1.648035224338943,0.9903158148316252,1717,1717,283
null,all_alfworld,all,absolute_readout,D_real_projection_only::decision::geometry_only,spearman,0.0640165289234177,-0.4294064789361196,0.42363531404492905,0.0027018333695136535,1717,1717,283
null,all_alfworld,all,absolute_readout,D_real_projection_only::decision::geometry_only,average_precision,0.517156862745098,0.27622453853336204,0.8258671802054155,0.5472954341642706,1717,1717,283
null,all_alfworld,all,absolute_readout,D_real_projection_only::decision::geometry_only,auroc_large_change_vs_rest,0.5384615384615384,0.25,0.7922077922077922,0.5260271305626576,1717,1717,283
null,all_alfworld,all,absolute_readout,D_real_projection_only::decision::geometry_only,top_quartile_mean_absolute_delta,0.04231981981981982,0.020786654135338343,0.12215737121317882,0.06202744888559089,1717,1717,283
null,all_alfworld,all,absolute_readout,D_real_projection_only::decision::geometry_only,top_quartile_lift,1.0775343172173937,0.4298161316134665,1.7584311633663368,1.0570415088608032,1717,1717,283
null,all_alfworld,all,absolute_readout,D_real::game::reward,spearman,-0.027878165821488353,-0.3612297695163927,0.5562755971013932,0.10542210641353413,1717,1717,283
null,all_alfworld,all,absolute_readout,D_real::game::reward,average_precision,0.5029761904761905,0.2584409101247337,0.8483954043155724,0.55488354262495,1717,1717,283
null,all_alfworld,all,absolute_readout,D_real::game::reward,auroc_large_change_vs_rest,0.5230769230769231,0.2375,0.8125,0.542122370051413,1717,1717,283
null,all_alfworld,all,absolute_readout,D_real::game::reward,top_quartile_mean_absolute_delta,0.04007034632034632,0.01915018315018315,0.12126448214944878,0.06189434748229749,1717,1717,283
null,all_alfworld,all,absolute_readout,D_real::game::reward,top_quartile_lift,1.020258910524414,0.40638619216919447,1.7525164515053273,1.0530935065574896,1717,1717,283
null,all_alfworld,all,absolute_readout,D_real_A1::game::reward_free,spearman,-0.3717088776198447,-0.2748362601762638,0.5406528973763666,0.12890973916279513,1717,1717,283
null,all_alfworld,all,absolute_readout,D_real_A1::game::reward_free,average_precision,0.2905118411000764,0.28457788671023965,0.8318791482210598,0.5627614892173813,1717,1717,283
null,all_alfworld,all,absolute_readout,D_real_A1::game::reward_free,auroc_large_change_vs_rest,0.4153846153846154,0.30864197530864196,0.7929870129870124,0.5518247278742813,1717,1717,283
null,all_alfworld,all,absolute_readout,D_real_A1::game::reward_free,top_quartile_mean_absolute_delta,0.04346618357487923,0.03316516364070712,0.1314822418866536,0.07660805499975014,1717,1717,283
null,all_alfworld,all,absolute_readout,D_real_A1::game::reward_free,top_quartile_lift,1.106722680763124,0.7179918598471083,1.9863395937171855,1.321582889674136,1717,1717,283
null,all_alfworld,all,absolute_readout,D_real_absA::game::reward_sign_removed,spearman,0.034073313781819096,-0.2133328487430971,0.6170221761620465,0.22256738628277192,1717,1717,283
null,all_alfworld,all,absolute_readout,D_real_absA::game::reward_sign_removed,average_precision,0.39249999999999996,0.2861890193140193,0.8845141895141895,0.5788902456010319,1717,1717,283
null,all_alfworld,all,absolute_readout,D_real_absA::game::reward_sign_removed,auroc_large_change_vs_rest,0.6307692307692307,0.3375,0.8399711399711395,0.593559437688005,1717,1717,283
null,all_alfworld,all,absolute_readout,D_real_absA::game::reward_sign_removed,top_quartile_mean_absolute_delta,0.058743961352657005,0.03449326360979175,0.1373333333333333,0.08121934495997811,1717,1717,283
null,all_alfworld,all,absolute_readout,D_real_absA::game::reward_sign_removed,top_quartile_lift,1.495720788894647,0.7163807561379929,2.104754083988423,1.4038482039853413,1717,1717,283
null,all_alfworld,all,absolute_readout,D_real_projection_only::game::geometry_only,spearman,0.09602479338512655,-0.4626505980982128,0.3657215982930594,-0.03963364581028515,1717,1717,283
null,all_alfworld,all,absolute_readout,D_real_projection_only::game::geometry_only,average_precision,0.417156862745098,0.27233333333333337,0.8043890056022409,0.5241284173290786,1717,1717,283
null,all_alfworld,all,absolute_readout,D_real_projection_only::game::geometry_only,auroc_large_change_vs_rest,0.5230769230769231,0.24675324675324675,0.7679945054945054,0.5094408390867816,1717,1717,283
null,all_alfworld,all,absolute_readout,D_real_projection_only::game::geometry_only,top_quartile_mean_absolute_delta,0.04231981981981982,0.015110926336536094,0.09848519163763063,0.050230710388211745,1717,1717,283
null,all_alfworld,all,absolute_readout,D_real_projection_only::game::geometry_only,top_quartile_lift,1.0775343172173937,0.30445228241697464,1.4721005577183564,0.8621714385301409,1717,1717,283
null,all_alfworld,all,absolute_readout,D_factor::token::reward,spearman,-0.058853905623142085,-0.573075214818676,0.29354676085367154,-0.15861344104910827,1717,1717,283
null,all_alfworld,all,absolute_readout,D_factor::token::reward,average_precision,0.3125,0.22910492285492287,0.7758537083831201,0.4912773123584261,1717,1717,283
null,all_alfworld,all,absolute_readout,D_factor::token::reward,auroc_large_change_vs_rest,0.47692307692307695,0.18181818181818182,0.7222222222222222,0.44869845716525975,1717,1717,283
null,all_alfworld,all,absolute_readout,D_factor::token::reward,top_quartile_mean_absolute_delta,0.04303571428571429,0.014982142857142857,0.11645833333333315,0.05792846807328932,1717,1717,283
null,all_alfworld,all,absolute_readout,D_factor::token::reward,top_quartile_lift,1.0957622032951608,0.3348494398586294,1.7760299438375737,0.9891897186308466,1717,1717,283
null,all_alfworld,all,absolute_readout,D_orientation::token::reward,spearman,-0.07950439882424457,-0.5731692685066692,0.28316130812091445,-0.16292447526227866,1717,1717,283
null,all_alfworld,all,absolute_readout,D_orientation::token::reward,average_precision,0.32916666666666666,0.23225280275280277,0.7680863738657853,0.47708231278658003,1717,1717,283
null,all_alfworld,all,absolute_readout,D_orientation::token::reward,auroc_large_change_vs_rest,0.49230769230769234,0.18181818181818182,0.7125,0.44475582658459767,1717,1717,283
null,all_alfworld,all,absolute_readout,D_orientation::token::reward,top_quartile_mean_absolute_delta,0.04303571428571429,0.014982142857142857,0.11645833333333315,0.05792846807328932,1717,1717,283
null,all_alfworld,all,absolute_readout,D_orientation::token::reward,top_quartile_lift,1.0957622032951608,0.3348494398586294,1.7760299438375737,0.9891897186308466,1717,1717,283
null,all_alfworld,all,absolute_readout,D_factor_A1::token::reward_free,spearman,0.16417142094876475,-0.4610544253015567,0.41566444671700226,-0.01848459536715198,1717,1717,283
null,all_alfworld,all,absolute_readout,D_factor_A1::token::reward_free,average_precision,0.37666666666666665,0.2576235006823242,0.8019665492459608,0.5237268690582985,1717,1717,283
null,all_alfworld,all,absolute_readout,D_factor_A1::token::reward_free,auroc_large_change_vs_rest,0.6307692307692307,0.25,0.7875,0.5291987733212737,1717,1717,283
null,all_alfworld,all,absolute_readout,D_factor_A1::token::reward_free,top_quartile_mean_absolute_delta,0.03678571428571429,0.013333333333333332,0.10472673160173154,0.05136777504321785,1717,1717,283
null,all_alfworld,all,absolute_readout,D_factor_A1::token::reward_free,top_quartile_lift,0.9366266136049922,0.26974434599818253,1.619363208598438,0.8764679254992216,1717,1717,283
null,all_alfworld,all,absolute_readout,D_orientation_A1::token::reward_free,spearman,0.17346414288926087,-0.4331506054133835,0.4339069810256637,-0.011333959468870298,1717,1717,283
null,all_alfworld,all,absolute_readout,D_orientation_A1::token::reward_free,average_precision,0.38055555555555554,0.25709752747252745,0.8068629426129424,0.5251064836562462,1717,1717,283
null,all_alfworld,all,absolute_readout,D_orientation_A1::token::reward_free,auroc_large_change_vs_rest,0.6461538461538462,0.262224025974026,0.7901234567901234,0.5328932437163848,1717,1717,283
null,all_alfworld,all,absolute_readout,D_orientation_A1::token::reward_free,top_quartile_mean_absolute_delta,0.03280844155844156,0.012692307692307692,0.09665400202634243,0.047308633823811064,1717,1717,283
null,all_alfworld,all,absolute_readout,D_orientation_A1::token::reward_free,top_quartile_lift,0.8353585110748848,0.2570175260704057,1.4813809142008374,0.8104179685180135,1717,1717,283
null,all_alfworld,all,absolute_readout,D_factor::decision::reward,spearman,-0.011357771260606367,-0.5796667669020718,0.30588569864425175,-0.1471433765238252,1717,1717,283
null,all_alfworld,all,absolute_readout,D_factor::decision::reward,average_precision,0.3246428571428571,0.22854535660418013,0.7795535767651148,0.4940807587209733,1717,1717,283
null,all_alfworld,all,absolute_readout,D_factor::decision::reward,auroc_large_change_vs_rest,0.5076923076923077,0.19480519480519481,0.7125,0.45794151431770347,1717,1717,283
null,all_alfworld,all,absolute_readout,D_factor::decision::reward,top_quartile_mean_absolute_delta,0.04303571428571429,0.014982142857142857,0.11645833333333315,0.05792846807328932,1717,1717,283
null,all_alfworld,all,absolute_readout,D_factor::decision::reward,top_quartile_lift,1.0957622032951608,0.3348494398586294,1.7760299438375737,0.9891897186308466,1717,1717,283
null,all_alfworld,all,absolute_readout,D_orientation::decision::reward,spearman,-0.015487869900826864,-0.5579226840187919,0.3037575890208911,-0.14171186346955758,1717,1717,283
null,all_alfworld,all,absolute_readout,D_orientation::decision::reward,average_precision,0.33749999999999997,0.23038934377169673,0.7671990083822662,0.4814254367681329,1717,1717,283
null,all_alfworld,all,absolute_readout,D_orientation::decision::reward,auroc_large_change_vs_rest,0.5076923076923077,0.1974206349206349,0.7163194444444442,0.4589799425159064,1717,1717,283
null,all_alfworld,all,absolute_readout,D_orientation::decision::reward,top_quartile_mean_absolute_delta,0.04303571428571429,0.014982142857142857,0.11645833333333315,0.05792846807328932,1717,1717,283
null,all_alfworld,all,absolute_readout,D_orientation::decision::reward,top_quartile_lift,1.0957622032951608,0.3348494398586294,1.7760299438375737,0.9891897186308466,1717,1717,283
null,all_alfworld,all,absolute_readout,D_factor_A1::decision::reward_free,spearman,0.2127000799713556,-0.4151833836459089,0.43662288723787984,0.018484116813117693,1717,1717,283
null,all_alfworld,all,absolute_readout,D_factor_A1::decision::reward_free,average_precision,0.40979797979797983,0.2732921245421246,0.7901846918513585,0.5294478706067186,1717,1717,283
null,all_alfworld,all,absolute_readout,D_factor_A1::decision::reward_free,auroc_large_change_vs_rest,0.6923076923076923,0.28732142857142856,0.8052308802308803,0.550310595593065,1717,1717,283
null,all_alfworld,all,absolute_readout,D_factor_A1::decision::reward_free,top_quartile_mean_absolute_delta,0.03678571428571429,0.013333333333333332,0.10472673160173154,0.05136777504321785,1717,1717,283
null,all_alfworld,all,absolute_readout,D_factor_A1::decision::reward_free,top_quartile_lift,0.9366266136049922,0.26974434599818253,1.619363208598438,0.8764679254992216,1717,1717,283
null,all_alfworld,all,absolute_readout,D_orientation_A1::decision::reward_free,spearman,0.21683017861157608,-0.40590033794828273,0.4571706738174434,0.02467254655101824,1717,1717,283
null,all_alfworld,all,absolute_readout,D_orientation_A1::decision::reward_free,average_precision,0.42646464646464644,0.2652902652902653,0.8223502577669243,0.5367907344051598,1717,1717,283
null,all_alfworld,all,absolute_readout,D_orientation_A1::decision::reward_free,auroc_large_change_vs_rest,0.7076923076923077,0.2839506172839506,0.8052308802308803,0.5507211192551418,1717,1717,283
null,all_alfworld,all,absolute_readout,D_orientation_A1::decision::reward_free,top_quartile_mean_absolute_delta,0.034999999999999996,0.013875000000000002,0.10315972222222218,0.050422488631092464,1717,1717,283
null,all_alfworld,all,absolute_readout,D_orientation_A1::decision::reward_free,top_quartile_lift,0.8911593022649439,0.2864038225881852,1.5286911028129397,0.8613444565338515,1717,1717,283
null,all_alfworld,all,absolute_readout,D_factor::game::reward,spearman,-0.01961796854104736,-0.6049332734229291,0.3010571086610012,-0.15637401836968184,1717,1717,283
null,all_alfworld,all,absolute_readout,D_factor::game::reward,average_precision,0.29603174603174603,0.23126443001443,0.7759031709031708,0.4864281906297505,1717,1717,283
null,all_alfworld,all,absolute_readout,D_factor::game::reward,auroc_large_change_vs_rest,0.4461538461538462,0.19753086419753085,0.7144620811287477,0.453161044575333,1717,1717,283
null,all_alfworld,all,absolute_readout,D_factor::game::reward,top_quartile_mean_absolute_delta,0.030535714285714288,0.007142857142857143,0.09481249999999998,0.04306841411378866,1717,1717,283
null,all_alfworld,all,absolute_readout,D_factor::game::reward,top_quartile_lift,0.7774910239148236,0.14906275228312654,1.4704939884755628,0.7360764018082014,1717,1717,283
null,all_alfworld,all,absolute_readout,D_orientation::game::reward,spearman,-0.030975739801653728,-0.5882975494809264,0.3025767142505721,-0.15623907225585063,1717,1717,283
null,all_alfworld,all,absolute_readout,D_orientation::game::reward,average_precision,0.32103174603174606,0.23320238095238097,0.765797952047952,0.47745778210161055,1717,1717,283
null,all_alfworld,all,absolute_readout,D_orientation::game::reward,auroc_large_change_vs_rest,0.47692307692307695,0.2,0.7142857142857143,0.4530540269874865,1717,1717,283
null,all_alfworld,all,absolute_readout,D_orientation::game::reward,top_quartile_mean_absolute_delta,0.030535714285714288,0.007142857142857143,0.09481249999999998,0.04306841411378866,1717,1717,283
null,all_alfworld,all,absolute_readout,D_orientation::game::reward,top_quartile_lift,0.7774910239148236,0.14906275228312654,1.4704939884755628,0.7360764018082014,1717,1717,283
null,all_alfworld,all,absolute_readout,D_factor_A1::game::reward_free,spearman,0.17552919220937113,-0.39753879350232185,0.4070212209937298,0.007462041349354862,1717,1717,283
null,all_alfworld,all,absolute_readout,D_factor_A1::game::reward_free,average_precision,0.43519480519480525,0.2768267701019802,0.7878217615717615,0.5239031211093399,1717,1717,283
null,all_alfworld,all,absolute_readout,D_factor_A1::game::reward_free,auroc_large_change_vs_rest,0.7230769230769231,0.275,0.7929870129870124,0.5391798050468697,1717,1717,283
null,all_alfworld,all,absolute_readout,D_factor_A1::game::reward_free,top_quartile_mean_absolute_delta,0.03678571428571429,0.013333333333333332,0.10472673160173154,0.05136777504321784,1717,1717,283
null,all_alfworld,all,absolute_readout,D_factor_A1::game::reward_free,top_quartile_lift,0.9366266136049922,0.26974434599818253,1.619363208598438,0.8764679254992216,1717,1717,283
null,all_alfworld,all,absolute_readout,D_orientation_A1::game::reward_free,spearman,0.12906558250689054,-0.4160836579462201,0.3977686789068574,-0.010046512659715564,1717,1717,283
null,all_alfworld,all,absolute_readout,D_orientation_A1::game::reward_free,average_precision,0.4276190476190477,0.26783689839572195,0.7800212974556865,0.5178724947761514,1717,1717,283
null,all_alfworld,all,absolute_readout,D_orientation_A1::game::reward_free,auroc_large_change_vs_rest,0.7076923076923077,0.2716049382716049,0.7792207792207793,0.5305376524059789,1717,1717,283
null,all_alfworld,all,absolute_readout,D_orientation_A1::game::reward_free,top_quartile_mean_absolute_delta,0.034999999999999996,0.013875000000000002,0.10315972222222218,0.050422488631092464,1717,1717,283
null,all_alfworld,all,absolute_readout,D_orientation_A1::game::reward_free,top_quartile_lift,0.8911593022649439,0.2864038225881852,1.5286911028129397,0.8613444565338515,1717,1717,283
