context_id,phase,score,k,n_candidates,events,threshold,target,expected_hits,precision_at_k,recall_at_k,captured_change_mass,spearman,kendall,seed
all_alfworld,all,C_upd,1,19,1,0.0,decline,0.0,0.0,0.0,0.0,-0.062969605609847,-0.04995124328435701,505
all_alfworld,all,C_upd,2,19,1,0.0,decline,0.0,0.0,0.0,0.0,-0.062969605609847,-0.04995124328435701,505
all_alfworld,all,C_upd,5,19,1,0.0,decline,0.0,0.0,0.0,0.0,-0.062969605609847,-0.04995124328435701,505
all_alfworld,all,C_upd,10,19,1,0.0,decline,1.0,0.1,1.0,1.0,-0.062969605609847,-0.04995124328435701,505
all_alfworld,all,D_contribution,1,19,1,0.0,decline,0.0,0.0,0.0,0.0,-0.05217481607673037,-0.012487810821089252,505
all_alfworld,all,D_contribution,2,19,1,0.0,decline,0.0,0.0,0.0,0.0,-0.05217481607673037,-0.012487810821089252,505
all_alfworld,all,D_contribution,5,19,1,0.0,decline,0.0,0.0,0.0,0.0,-0.05217481607673037,-0.012487810821089252,505
all_alfworld,all,D_contribution,10,19,1,0.0,decline,0.0,0.0,0.0,0.0,-0.05217481607673037,-0.012487810821089252,505
all_alfworld,all,D_ungated_contribution,1,19,1,0.0,decline,0.0,0.0,0.0,0.0,-0.10614876374231351,-0.062439054105446264,505
all_alfworld,all,D_ungated_contribution,2,19,1,0.0,decline,0.0,0.0,0.0,0.0,-0.10614876374231351,-0.062439054105446264,505
all_alfworld,all,D_ungated_contribution,5,19,1,0.0,decline,0.0,0.0,0.0,0.0,-0.10614876374231351,-0.062439054105446264,505
all_alfworld,all,D_ungated_contribution,10,19,1,0.0,decline,0.0,0.0,0.0,0.0,-0.10614876374231351,-0.062439054105446264,505
all_alfworld,all,P_int,1,19,1,0.0,decline,0.0,0.0,0.0,0.0,-0.021589579066233256,-0.012487810821089252,505
all_alfworld,all,P_int,2,19,1,0.0,decline,0.0,0.0,0.0,0.0,-0.021589579066233256,-0.012487810821089252,505
all_alfworld,all,P_int,5,19,1,0.0,decline,0.0,0.0,0.0,0.0,-0.021589579066233256,-0.012487810821089252,505
all_alfworld,all,P_int,10,19,1,0.0,decline,0.0,0.0,0.0,0.0,-0.021589579066233256,-0.012487810821089252,505
all_alfworld,all,activation_l16_norm,1,19,1,0.0,decline,0.0,0.0,0.0,0.0,-0.17991315888527712,-0.13736591903198178,505
all_alfworld,all,activation_l16_norm,2,19,1,0.0,decline,0.0,0.0,0.0,0.0,-0.17991315888527712,-0.13736591903198178,505
all_alfworld,all,activation_l16_norm,5,19,1,0.0,decline,0.0,0.0,0.0,0.0,-0.17991315888527712,-0.13736591903198178,505
all_alfworld,all,activation_l16_norm,10,19,1,0.0,decline,0.0,0.0,0.0,0.0,-0.17991315888527712,-0.13736591903198178,505
all_alfworld,all,activation_l24_norm,1,19,1,0.0,decline,0.0,0.0,0.0,0.0,-0.003598263177705543,-0.024975621642178505,505
all_alfworld,all,activation_l24_norm,2,19,1,0.0,decline,0.0,0.0,0.0,0.0,-0.003598263177705543,-0.024975621642178505,505
all_alfworld,all,activation_l24_norm,5,19,1,0.0,decline,1.0,0.2,1.0,1.0,-0.003598263177705543,-0.024975621642178505,505
all_alfworld,all,activation_l24_norm,10,19,1,0.0,decline,1.0,0.1,1.0,1.0,-0.003598263177705543,-0.024975621642178505,505
all_alfworld,all,activation_l32_norm,1,19,1,0.0,decline,0.0,0.0,0.0,0.0,-0.017991315888527717,-0.012487810821089252,505
all_alfworld,all,activation_l32_norm,2,19,1,0.0,decline,0.0,0.0,0.0,0.0,-0.017991315888527717,-0.012487810821089252,505
all_alfworld,all,activation_l32_norm,5,19,1,0.0,decline,0.0,0.0,0.0,0.0,-0.017991315888527717,-0.012487810821089252,505
all_alfworld,all,activation_l32_norm,10,19,1,0.0,decline,1.0,0.1,1.0,1.0,-0.017991315888527717,-0.012487810821089252,505
all_alfworld,all,activation_l8_norm,1,19,1,0.0,decline,0.0,0.0,0.0,0.0,-0.29865584374956006,-0.2122927839585173,505
all_alfworld,all,activation_l8_norm,2,19,1,0.0,decline,0.0,0.0,0.0,0.0,-0.29865584374956006,-0.2122927839585173,505
all_alfworld,all,activation_l8_norm,5,19,1,0.0,decline,0.0,0.0,0.0,0.0,-0.29865584374956006,-0.2122927839585173,505
all_alfworld,all,activation_l8_norm,10,19,1,0.0,decline,0.0,0.0,0.0,0.0,-0.29865584374956006,-0.2122927839585173,505
all_alfworld,all,delta_centered_norm,1,19,1,0.0,decline,0.0,0.0,0.0,0.0,0.1997036063626576,0.13736591903198178,505
all_alfworld,all,delta_centered_norm,2,19,1,0.0,decline,0.0,0.0,0.0,0.0,0.1997036063626576,0.13736591903198178,505
all_alfworld,all,delta_centered_norm,5,19,1,0.0,decline,0.0,0.0,0.0,0.0,0.1997036063626576,0.13736591903198178,505
all_alfworld,all,delta_centered_norm,10,19,1,0.0,decline,1.0,0.1,1.0,1.0,0.1997036063626576,0.13736591903198178,505
all_alfworld,all,delta_norm,1,19,1,0.0,decline,0.0,0.0,0.0,0.0,0.11514442168657738,0.062439054105446264,505
all_alfworld,all,delta_norm,2,19,1,0.0,decline,0.0,0.0,0.0,0.0,0.11514442168657738,0.062439054105446264,505
all_alfworld,all,delta_norm,5,19,1,0.0,decline,1.0,0.2,1.0,1.0,0.11514442168657738,0.062439054105446264,505
all_alfworld,all,delta_norm,10,19,1,0.0,decline,1.0,0.1,1.0,1.0,0.11514442168657738,0.062439054105446264,505
all_alfworld,all,forward_kl_original,1,19,1,0.0,decline,0.0,0.0,0.0,0.0,-0.3274419491712044,-0.23726840560069581,505
all_alfworld,all,forward_kl_original,2,19,1,0.0,decline,0.0,0.0,0.0,0.0,-0.3274419491712044,-0.23726840560069581,505
all_alfworld,all,forward_kl_original,5,19,1,0.0,decline,0.0,0.0,0.0,0.0,-0.3274419491712044,-0.23726840560069581,505
all_alfworld,all,forward_kl_original,10,19,1,0.0,decline,0.0,0.0,0.0,0.0,-0.3274419491712044,-0.23726840560069581,505
all_alfworld,all,js_original,1,19,1,0.0,decline,0.0,0.0,0.0,0.0,-0.22129318542889087,-0.13736591903198178,505
all_alfworld,all,js_original,2,19,1,0.0,decline,0.0,0.0,0.0,0.0,-0.22129318542889087,-0.13736591903198178,505
all_alfworld,all,js_original,5,19,1,0.0,decline,0.0,0.0,0.0,0.0,-0.22129318542889087,-0.13736591903198178,505
all_alfworld,all,js_original,10,19,1,0.0,decline,1.0,0.1,1.0,1.0,-0.22129318542889087,-0.13736591903198178,505
all_alfworld,all,old_margin,1,19,1,0.0,decline,0.0,0.0,0.0,0.0,-0.2741117043132535,-0.19398101800628886,505
all_alfworld,all,old_margin,2,19,1,0.0,decline,0.0,0.0,0.0,0.0,-0.2741117043132535,-0.19398101800628886,505
all_alfworld,all,old_margin,5,19,1,0.0,decline,0.0,0.0,0.0,0.0,-0.2741117043132535,-0.19398101800628886,505
all_alfworld,all,old_margin,10,19,1,0.0,decline,1.0,0.1,1.0,1.0,-0.2741117043132535,-0.19398101800628886,505
all_alfworld,all,u_control_norm,1,19,1,0.0,decline,0.0,0.0,0.0,0.0,0.5847177663771507,0.4495611895592131,505
all_alfworld,all,u_control_norm,2,19,1,0.0,decline,0.0,0.0,0.0,0.0,0.5847177663771507,0.4495611895592131,505
all_alfworld,all,u_control_norm,5,19,1,0.0,decline,1.0,0.2,1.0,1.0,0.5847177663771507,0.4495611895592131,505
all_alfworld,all,u_control_norm,10,19,1,0.0,decline,1.0,0.1,1.0,1.0,0.5847177663771507,0.4495611895592131,505
all_alfworld,all,u_original_norm,1,19,1,0.0,decline,0.0,0.0,0.0,0.0,0.45697942356860394,0.3746343246326776,505
all_alfworld,all,u_original_norm,2,19,1,0.0,decline,0.0,0.0,0.0,0.0,0.45697942356860394,0.3746343246326776,505
all_alfworld,all,u_original_norm,5,19,1,0.0,decline,1.0,0.2,1.0,1.0,0.45697942356860394,0.3746343246326776,505
all_alfworld,all,u_original_norm,10,19,1,0.0,decline,1.0,0.1,1.0,1.0,0.45697942356860394,0.3746343246326776,505
all_alfworld,all,random_expected,1,19,1,0.0,decline,0.05263157894736842,0.05263157894736842,0.05263157894736842,0.05263157894736842,,,505
all_alfworld,all,random_expected,2,19,1,0.0,decline,0.10526315789473684,0.05263157894736842,0.10526315789473684,0.10526315789473684,,,505
all_alfworld,all,random_expected,5,19,1,0.0,decline,0.2631578947368421,0.05263157894736842,0.2631578947368421,0.2631578947368421,,,505
all_alfworld,all,random_expected,10,19,1,0.0,decline,0.5263157894736842,0.05263157894736842,0.5263157894736842,0.5263157894736842,,,505
all_alfworld,all,C_upd,1,19,0,0.05,decline,0.0,0.0,,0.0,-0.062969605609847,-0.04995124328435701,505
all_alfworld,all,C_upd,2,19,0,0.05,decline,0.0,0.0,,0.0,-0.062969605609847,-0.04995124328435701,505
all_alfworld,all,C_upd,5,19,0,0.05,decline,0.0,0.0,,0.0,-0.062969605609847,-0.04995124328435701,505
all_alfworld,all,C_upd,10,19,0,0.05,decline,0.0,0.0,,1.0,-0.062969605609847,-0.04995124328435701,505
all_alfworld,all,D_contribution,1,19,0,0.05,decline,0.0,0.0,,0.0,-0.05217481607673037,-0.012487810821089252,505
all_alfworld,all,D_contribution,2,19,0,0.05,decline,0.0,0.0,,0.0,-0.05217481607673037,-0.012487810821089252,505
all_alfworld,all,D_contribution,5,19,0,0.05,decline,0.0,0.0,,0.0,-0.05217481607673037,-0.012487810821089252,505
all_alfworld,all,D_contribution,10,19,0,0.05,decline,0.0,0.0,,0.0,-0.05217481607673037,-0.012487810821089252,505
all_alfworld,all,D_ungated_contribution,1,19,0,0.05,decline,0.0,0.0,,0.0,-0.10614876374231351,-0.062439054105446264,505
all_alfworld,all,D_ungated_contribution,2,19,0,0.05,decline,0.0,0.0,,0.0,-0.10614876374231351,-0.062439054105446264,505
all_alfworld,all,D_ungated_contribution,5,19,0,0.05,decline,0.0,0.0,,0.0,-0.10614876374231351,-0.062439054105446264,505
all_alfworld,all,D_ungated_contribution,10,19,0,0.05,decline,0.0,0.0,,0.0,-0.10614876374231351,-0.062439054105446264,505
all_alfworld,all,P_int,1,19,0,0.05,decline,0.0,0.0,,0.0,-0.021589579066233256,-0.012487810821089252,505
all_alfworld,all,P_int,2,19,0,0.05,decline,0.0,0.0,,0.0,-0.021589579066233256,-0.012487810821089252,505
all_alfworld,all,P_int,5,19,0,0.05,decline,0.0,0.0,,0.0,-0.021589579066233256,-0.012487810821089252,505
all_alfworld,all,P_int,10,19,0,0.05,decline,0.0,0.0,,0.0,-0.021589579066233256,-0.012487810821089252,505
all_alfworld,all,activation_l16_norm,1,19,0,0.05,decline,0.0,0.0,,0.0,-0.17991315888527712,-0.13736591903198178,505
all_alfworld,all,activation_l16_norm,2,19,0,0.05,decline,0.0,0.0,,0.0,-0.17991315888527712,-0.13736591903198178,505
all_alfworld,all,activation_l16_norm,5,19,0,0.05,decline,0.0,0.0,,0.0,-0.17991315888527712,-0.13736591903198178,505
all_alfworld,all,activation_l16_norm,10,19,0,0.05,decline,0.0,0.0,,0.0,-0.17991315888527712,-0.13736591903198178,505
all_alfworld,all,activation_l24_norm,1,19,0,0.05,decline,0.0,0.0,,0.0,-0.003598263177705543,-0.024975621642178505,505
all_alfworld,all,activation_l24_norm,2,19,0,0.05,decline,0.0,0.0,,0.0,-0.003598263177705543,-0.024975621642178505,505
all_alfworld,all,activation_l24_norm,5,19,0,0.05,decline,0.0,0.0,,1.0,-0.003598263177705543,-0.024975621642178505,505
all_alfworld,all,activation_l24_norm,10,19,0,0.05,decline,0.0,0.0,,1.0,-0.003598263177705543,-0.024975621642178505,505
all_alfworld,all,activation_l32_norm,1,19,0,0.05,decline,0.0,0.0,,0.0,-0.017991315888527717,-0.012487810821089252,505
all_alfworld,all,activation_l32_norm,2,19,0,0.05,decline,0.0,0.0,,0.0,-0.017991315888527717,-0.012487810821089252,505
all_alfworld,all,activation_l32_norm,5,19,0,0.05,decline,0.0,0.0,,0.0,-0.017991315888527717,-0.012487810821089252,505
all_alfworld,all,activation_l32_norm,10,19,0,0.05,decline,0.0,0.0,,1.0,-0.017991315888527717,-0.012487810821089252,505
all_alfworld,all,activation_l8_norm,1,19,0,0.05,decline,0.0,0.0,,0.0,-0.29865584374956006,-0.2122927839585173,505
all_alfworld,all,activation_l8_norm,2,19,0,0.05,decline,0.0,0.0,,0.0,-0.29865584374956006,-0.2122927839585173,505
all_alfworld,all,activation_l8_norm,5,19,0,0.05,decline,0.0,0.0,,0.0,-0.29865584374956006,-0.2122927839585173,505
all_alfworld,all,activation_l8_norm,10,19,0,0.05,decline,0.0,0.0,,0.0,-0.29865584374956006,-0.2122927839585173,505
all_alfworld,all,delta_centered_norm,1,19,0,0.05,decline,0.0,0.0,,0.0,0.1997036063626576,0.13736591903198178,505
all_alfworld,all,delta_centered_norm,2,19,0,0.05,decline,0.0,0.0,,0.0,0.1997036063626576,0.13736591903198178,505
all_alfworld,all,delta_centered_norm,5,19,0,0.05,decline,0.0,0.0,,0.0,0.1997036063626576,0.13736591903198178,505
all_alfworld,all,delta_centered_norm,10,19,0,0.05,decline,0.0,0.0,,1.0,0.1997036063626576,0.13736591903198178,505
all_alfworld,all,delta_norm,1,19,0,0.05,decline,0.0,0.0,,0.0,0.11514442168657738,0.062439054105446264,505
all_alfworld,all,delta_norm,2,19,0,0.05,decline,0.0,0.0,,0.0,0.11514442168657738,0.062439054105446264,505
all_alfworld,all,delta_norm,5,19,0,0.05,decline,0.0,0.0,,1.0,0.11514442168657738,0.062439054105446264,505
all_alfworld,all,delta_norm,10,19,0,0.05,decline,0.0,0.0,,1.0,0.11514442168657738,0.062439054105446264,505
all_alfworld,all,forward_kl_original,1,19,0,0.05,decline,0.0,0.0,,0.0,-0.3274419491712044,-0.23726840560069581,505
all_alfworld,all,forward_kl_original,2,19,0,0.05,decline,0.0,0.0,,0.0,-0.3274419491712044,-0.23726840560069581,505
all_alfworld,all,forward_kl_original,5,19,0,0.05,decline,0.0,0.0,,0.0,-0.3274419491712044,-0.23726840560069581,505
all_alfworld,all,forward_kl_original,10,19,0,0.05,decline,0.0,0.0,,0.0,-0.3274419491712044,-0.23726840560069581,505
all_alfworld,all,js_original,1,19,0,0.05,decline,0.0,0.0,,0.0,-0.22129318542889087,-0.13736591903198178,505
all_alfworld,all,js_original,2,19,0,0.05,decline,0.0,0.0,,0.0,-0.22129318542889087,-0.13736591903198178,505
all_alfworld,all,js_original,5,19,0,0.05,decline,0.0,0.0,,0.0,-0.22129318542889087,-0.13736591903198178,505
all_alfworld,all,js_original,10,19,0,0.05,decline,0.0,0.0,,1.0,-0.22129318542889087,-0.13736591903198178,505
all_alfworld,all,old_margin,1,19,0,0.05,decline,0.0,0.0,,0.0,-0.2741117043132535,-0.19398101800628886,505
all_alfworld,all,old_margin,2,19,0,0.05,decline,0.0,0.0,,0.0,-0.2741117043132535,-0.19398101800628886,505
all_alfworld,all,old_margin,5,19,0,0.05,decline,0.0,0.0,,0.0,-0.2741117043132535,-0.19398101800628886,505
all_alfworld,all,old_margin,10,19,0,0.05,decline,0.0,0.0,,1.0,-0.2741117043132535,-0.19398101800628886,505
all_alfworld,all,u_control_norm,1,19,0,0.05,decline,0.0,0.0,,0.0,0.5847177663771507,0.4495611895592131,505
all_alfworld,all,u_control_norm,2,19,0,0.05,decline,0.0,0.0,,0.0,0.5847177663771507,0.4495611895592131,505
all_alfworld,all,u_control_norm,5,19,0,0.05,decline,0.0,0.0,,1.0,0.5847177663771507,0.4495611895592131,505
all_alfworld,all,u_control_norm,10,19,0,0.05,decline,0.0,0.0,,1.0,0.5847177663771507,0.4495611895592131,505
all_alfworld,all,u_original_norm,1,19,0,0.05,decline,0.0,0.0,,0.0,0.45697942356860394,0.3746343246326776,505
all_alfworld,all,u_original_norm,2,19,0,0.05,decline,0.0,0.0,,0.0,0.45697942356860394,0.3746343246326776,505
all_alfworld,all,u_original_norm,5,19,0,0.05,decline,0.0,0.0,,1.0,0.45697942356860394,0.3746343246326776,505
all_alfworld,all,u_original_norm,10,19,0,0.05,decline,0.0,0.0,,1.0,0.45697942356860394,0.3746343246326776,505
all_alfworld,all,random_expected,1,19,0,0.05,decline,0.0,0.0,,0.05263157894736842,,,505
all_alfworld,all,random_expected,2,19,0,0.05,decline,0.0,0.0,,0.10526315789473684,,,505
all_alfworld,all,random_expected,5,19,0,0.05,decline,0.0,0.0,,0.2631578947368421,,,505
all_alfworld,all,random_expected,10,19,0,0.05,decline,0.0,0.0,,0.5263157894736842,,,505
all_alfworld,all,C_upd,1,19,12,0.0,any_change,0.0,0.0,0.0,0.0,0.059371342432141455,0.062439054105446264,505
all_alfworld,all,C_upd,2,19,12,0.0,any_change,0.0,0.0,0.0,0.0,0.059371342432141455,0.062439054105446264,505
all_alfworld,all,C_upd,5,19,12,0.0,any_change,2.0,0.4,0.16666666666666666,0.2289259135986105,0.059371342432141455,0.062439054105446264,505
all_alfworld,all,C_upd,10,19,12,0.0,any_change,7.0,0.7,0.5833333333333334,0.5380314396723317,0.059371342432141455,0.062439054105446264,505
all_alfworld,all,D_contribution,1,19,12,0.0,any_change,0.0,0.0,0.0,0.0,-0.05397394766558314,-0.04995124328435701,505
all_alfworld,all,D_contribution,2,19,12,0.0,any_change,1.0,0.5,0.08333333333333333,0.04762888135273104,-0.05397394766558314,-0.04995124328435701,505
all_alfworld,all,D_contribution,5,19,12,0.0,any_change,2.0,0.4,0.16666666666666666,0.07620621016436965,-0.05397394766558314,-0.04995124328435701,505
all_alfworld,all,D_contribution,10,19,12,0.0,any_change,7.0,0.7,0.5833333333333334,0.40891862364747517,-0.05397394766558314,-0.04995124328435701,505
all_alfworld,all,D_ungated_contribution,1,19,12,0.0,any_change,1.0,1.0,0.08333333333333333,0.04762888135273104,0.003598263177705543,0.0,505
all_alfworld,all,D_ungated_contribution,2,19,12,0.0,any_change,2.0,1.0,0.16666666666666666,0.15479386439637588,0.003598263177705543,0.0,505
all_alfworld,all,D_ungated_contribution,5,19,12,0.0,any_change,2.0,0.4,0.16666666666666666,0.15479386439637588,0.003598263177705543,0.0,505
all_alfworld,all,D_ungated_contribution,10,19,12,0.0,any_change,7.0,0.7,0.5833333333333334,0.6038897540881709,0.003598263177705543,0.0,505
all_alfworld,all,P_int,1,19,12,0.0,any_change,1.0,1.0,0.08333333333333333,0.04762888135273104,-0.030585237010497115,-0.04995124328435701,505
all_alfworld,all,P_int,2,19,12,0.0,any_change,2.0,1.0,0.16666666666666666,0.07620621016436965,-0.030585237010497115,-0.04995124328435701,505
all_alfworld,all,P_int,5,19,12,0.0,any_change,3.0,0.6,0.25,0.13211837523061912,-0.030585237010497115,-0.04995124328435701,505
all_alfworld,all,P_int,10,19,12,0.0,any_change,6.0,0.6,0.5,0.569133543371313,-0.030585237010497115,-0.04995124328435701,505
all_alfworld,all,activation_l16_norm,1,19,12,0.0,any_change,1.0,1.0,0.08333333333333333,0.034756210716857784,0.12773834280854676,0.12487810821089253,505
all_alfworld,all,activation_l16_norm,2,19,12,0.0,any_change,1.0,0.5,0.08333333333333333,0.034756210716857784,0.12773834280854676,0.12487810821089253,505
all_alfworld,all,activation_l16_norm,5,19,12,0.0,any_change,3.0,0.6,0.25,0.2031583269282997,0.12773834280854676,0.12487810821089253,505
all_alfworld,all,activation_l16_norm,10,19,12,0.0,any_change,6.0,0.6,0.5,0.694033485369884,0.12773834280854676,0.12487810821089253,505
all_alfworld,all,activation_l24_norm,1,19,12,0.0,any_change,1.0,1.0,0.08333333333333333,0.034756210716857784,0.07556352673181639,0.062439054105446264,505
all_alfworld,all,activation_l24_norm,2,19,12,0.0,any_change,1.0,0.5,0.08333333333333333,0.034756210716857784,0.07556352673181639,0.062439054105446264,505
all_alfworld,all,activation_l24_norm,5,19,12,0.0,any_change,3.0,0.6,0.25,0.330921254764749,0.07556352673181639,0.062439054105446264,505
all_alfworld,all,activation_l24_norm,10,19,12,0.0,any_change,7.0,0.7,0.5833333333333334,0.7330025701130275,0.07556352673181639,0.062439054105446264,505
all_alfworld,all,activation_l32_norm,1,19,12,0.0,any_change,1.0,1.0,0.08333333333333333,0.10716498304364484,0.05757221084328869,0.024975621642178505,505
all_alfworld,all,activation_l32_norm,2,19,12,0.0,any_change,1.0,0.5,0.08333333333333333,0.10716498304364484,0.05757221084328869,0.024975621642178505,505
all_alfworld,all,activation_l32_norm,5,19,12,0.0,any_change,2.0,0.4,0.16666666666666666,0.14192119376050263,0.05757221084328869,0.024975621642178505,505
all_alfworld,all,activation_l32_norm,10,19,12,0.0,any_change,7.0,0.7,0.5833333333333334,0.6389557111707704,0.05757221084328869,0.024975621642178505,505
all_alfworld,all,activation_l8_norm,1,19,12,0.0,any_change,1.0,1.0,0.08333333333333333,0.034756210716857784,0.1997036063626576,0.14985372985307105,505
all_alfworld,all,activation_l8_norm,2,19,12,0.0,any_change,1.0,0.5,0.08333333333333333,0.034756210716857784,0.1997036063626576,0.14985372985307105,505
all_alfworld,all,activation_l8_norm,5,19,12,0.0,any_change,4.0,0.8,0.3333333333333333,0.38127650428736287,0.1997036063626576,0.14985372985307105,505
all_alfworld,all,activation_l8_norm,10,19,12,0.0,any_change,7.0,0.7,0.5833333333333334,0.7666877111621856,0.1997036063626576,0.14985372985307105,505
all_alfworld,all,delta_centered_norm,1,19,12,0.0,any_change,0.0,0.0,0.0,0.0,-0.1565244482301911,-0.12487810821089253,505
all_alfworld,all,delta_centered_norm,2,19,12,0.0,any_change,1.0,0.5,0.08333333333333333,0.10716498304364484,-0.1565244482301911,-0.12487810821089253,505
all_alfworld,all,delta_centered_norm,5,19,12,0.0,any_change,2.0,0.4,0.16666666666666666,0.14192119376050263,-0.1565244482301911,-0.12487810821089253,505
all_alfworld,all,delta_centered_norm,10,19,12,0.0,any_change,5.0,0.5,0.4166666666666667,0.30910552607372127,-0.1565244482301911,-0.12487810821089253,505
all_alfworld,all,delta_norm,1,19,12,0.0,any_change,1.0,1.0,0.08333333333333333,0.10716498304364484,-0.008995657944263859,0.024975621642178505,505
all_alfworld,all,delta_norm,2,19,12,0.0,any_change,2.0,1.0,0.16666666666666666,0.14192119376050263,-0.008995657944263859,0.024975621642178505,505
all_alfworld,all,delta_norm,5,19,12,0.0,any_change,3.0,0.6,0.25,0.1808902785036462,-0.008995657944263859,0.024975621642178505,505
all_alfworld,all,delta_norm,10,19,12,0.0,any_change,6.0,0.6,0.5,0.4872237034327844,-0.008995657944263859,0.024975621642178505,505
all_alfworld,all,forward_kl_original,1,19,12,0.0,any_change,1.0,1.0,0.08333333333333333,0.16670108473455864,0.3292410807600572,0.22478059477960655,505
all_alfworld,all,forward_kl_original,2,19,12,0.0,any_change,2.0,1.0,0.16666666666666666,0.4238970440393063,0.3292410807600572,0.22478059477960655,505
all_alfworld,all,forward_kl_original,5,19,12,0.0,any_change,4.0,0.8,0.3333333333333333,0.5410463422733528,0.3292410807600572,0.22478059477960655,505
all_alfworld,all,forward_kl_original,10,19,12,0.0,any_change,7.0,0.7,0.5833333333333334,0.6713579962041272,0.3292410807600572,0.22478059477960655,505
all_alfworld,all,js_original,1,19,12,0.0,any_change,1.0,1.0,0.08333333333333333,0.16670108473455864,0.2248914486065964,0.12487810821089253,505
all_alfworld,all,js_original,2,19,12,0.0,any_change,2.0,1.0,0.16666666666666666,0.4238970440393063,0.2248914486065964,0.12487810821089253,505
all_alfworld,all,js_original,5,19,12,0.0,any_change,4.0,0.8,0.3333333333333333,0.4872305835678026,0.2248914486065964,0.12487810821089253,505
all_alfworld,all,js_original,10,19,12,0.0,any_change,7.0,0.7,0.5833333333333334,0.6490899477794737,0.2248914486065964,0.12487810821089253,505
all_alfworld,all,old_margin,1,19,12,0.0,any_change,1.0,1.0,0.08333333333333333,0.05591216506624948,0.3082603004734904,0.23411502173172793,505
all_alfworld,all,old_margin,2,19,12,0.0,any_change,2.0,1.0,0.16666666666666666,0.16307714810989432,0.3082603004734904,0.23411502173172793,505
all_alfworld,all,old_margin,5,19,12,0.0,any_change,4.0,0.8,0.3333333333333333,0.36453444356131076,0.3082603004734904,0.23411502173172793,505
all_alfworld,all,old_margin,10,19,12,0.0,any_change,9.0,0.9,0.75,0.7991305266376234,0.3082603004734904,0.23411502173172793,505
all_alfworld,all,u_control_norm,1,19,12,0.0,any_change,0.0,0.0,0.0,0.0,-0.5451368714223898,-0.4370733787381238,505
all_alfworld,all,u_control_norm,2,19,12,0.0,any_change,0.0,0.0,0.0,0.0,-0.5451368714223898,-0.4370733787381238,505
all_alfworld,all,u_control_norm,5,19,12,0.0,any_change,2.0,0.4,0.16666666666666666,0.0675464135547822,-0.5451368714223898,-0.4370733787381238,505
all_alfworld,all,u_control_norm,10,19,12,0.0,any_change,4.0,0.4,0.3333333333333333,0.2369362254624789,-0.5451368714223898,-0.4370733787381238,505
all_alfworld,all,u_original_norm,1,19,12,0.0,any_change,0.0,0.0,0.0,0.0,-0.3742193704813765,-0.2872196488850528,505
all_alfworld,all,u_original_norm,2,19,12,0.0,any_change,1.0,0.5,0.08333333333333333,0.10716498304364484,-0.3742193704813765,-0.2872196488850528,505
all_alfworld,all,u_original_norm,5,19,12,0.0,any_change,3.0,0.6,0.25,0.17471139659842705,-0.3742193704813765,-0.2872196488850528,505
all_alfworld,all,u_original_norm,10,19,12,0.0,any_change,5.0,0.5,0.4166666666666667,0.40264961450078274,-0.3742193704813765,-0.2872196488850528,505
all_alfworld,all,random_expected,1,19,12,0.0,any_change,0.631578947368421,0.631578947368421,0.05263157894736842,0.05263157894736842,,,505
all_alfworld,all,random_expected,2,19,12,0.0,any_change,1.263157894736842,0.631578947368421,0.10526315789473684,0.10526315789473684,,,505
all_alfworld,all,random_expected,5,19,12,0.0,any_change,3.1578947368421053,0.631578947368421,0.2631578947368421,0.26315789473684215,,,505
all_alfworld,all,random_expected,10,19,12,0.0,any_change,6.315789473684211,0.631578947368421,0.5263157894736842,0.5263157894736843,,,505
all_alfworld,all,C_upd,1,19,9,0.05,any_change,0.0,0.0,0.0,0.0,0.059371342432141455,0.062439054105446264,505
all_alfworld,all,C_upd,2,19,9,0.05,any_change,0.0,0.0,0.0,0.0,0.059371342432141455,0.062439054105446264,505
all_alfworld,all,C_upd,5,19,9,0.05,any_change,2.0,0.4,0.2222222222222222,0.2289259135986105,0.059371342432141455,0.062439054105446264,505
all_alfworld,all,C_upd,10,19,9,0.05,any_change,5.0,0.5,0.5555555555555556,0.5380314396723317,0.059371342432141455,0.062439054105446264,505
all_alfworld,all,D_contribution,1,19,9,0.05,any_change,0.0,0.0,0.0,0.0,-0.05397394766558314,-0.04995124328435701,505
all_alfworld,all,D_contribution,2,19,9,0.05,any_change,1.0,0.5,0.1111111111111111,0.04762888135273104,-0.05397394766558314,-0.04995124328435701,505
all_alfworld,all,D_contribution,5,19,9,0.05,any_change,1.0,0.2,0.1111111111111111,0.07620621016436965,-0.05397394766558314,-0.04995124328435701,505
all_alfworld,all,D_contribution,10,19,9,0.05,any_change,5.0,0.5,0.5555555555555556,0.40891862364747517,-0.05397394766558314,-0.04995124328435701,505
all_alfworld,all,D_ungated_contribution,1,19,9,0.05,any_change,1.0,1.0,0.1111111111111111,0.04762888135273104,0.003598263177705543,0.0,505
all_alfworld,all,D_ungated_contribution,2,19,9,0.05,any_change,2.0,1.0,0.2222222222222222,0.15479386439637588,0.003598263177705543,0.0,505
all_alfworld,all,D_ungated_contribution,5,19,9,0.05,any_change,2.0,0.4,0.2222222222222222,0.15479386439637588,0.003598263177705543,0.0,505
all_alfworld,all,D_ungated_contribution,10,19,9,0.05,any_change,5.0,0.5,0.5555555555555556,0.6038897540881709,0.003598263177705543,0.0,505
all_alfworld,all,P_int,1,19,9,0.05,any_change,1.0,1.0,0.1111111111111111,0.04762888135273104,-0.030585237010497115,-0.04995124328435701,505
all_alfworld,all,P_int,2,19,9,0.05,any_change,1.0,0.5,0.1111111111111111,0.07620621016436965,-0.030585237010497115,-0.04995124328435701,505
all_alfworld,all,P_int,5,19,9,0.05,any_change,2.0,0.4,0.2222222222222222,0.13211837523061912,-0.030585237010497115,-0.04995124328435701,505
all_alfworld,all,P_int,10,19,9,0.05,any_change,5.0,0.5,0.5555555555555556,0.569133543371313,-0.030585237010497115,-0.04995124328435701,505
all_alfworld,all,activation_l16_norm,1,19,9,0.05,any_change,0.0,0.0,0.0,0.034756210716857784,0.12773834280854676,0.12487810821089253,505
all_alfworld,all,activation_l16_norm,2,19,9,0.05,any_change,0.0,0.0,0.0,0.034756210716857784,0.12773834280854676,0.12487810821089253,505
all_alfworld,all,activation_l16_norm,5,19,9,0.05,any_change,2.0,0.4,0.2222222222222222,0.2031583269282997,0.12773834280854676,0.12487810821089253,505
all_alfworld,all,activation_l16_norm,10,19,9,0.05,any_change,5.0,0.5,0.5555555555555556,0.694033485369884,0.12773834280854676,0.12487810821089253,505
all_alfworld,all,activation_l24_norm,1,19,9,0.05,any_change,0.0,0.0,0.0,0.034756210716857784,0.07556352673181639,0.062439054105446264,505
all_alfworld,all,activation_l24_norm,2,19,9,0.05,any_change,0.0,0.0,0.0,0.034756210716857784,0.07556352673181639,0.062439054105446264,505
all_alfworld,all,activation_l24_norm,5,19,9,0.05,any_change,1.0,0.2,0.1111111111111111,0.330921254764749,0.07556352673181639,0.062439054105446264,505
all_alfworld,all,activation_l24_norm,10,19,9,0.05,any_change,5.0,0.5,0.5555555555555556,0.7330025701130275,0.07556352673181639,0.062439054105446264,505
all_alfworld,all,activation_l32_norm,1,19,9,0.05,any_change,1.0,1.0,0.1111111111111111,0.10716498304364484,0.05757221084328869,0.024975621642178505,505
all_alfworld,all,activation_l32_norm,2,19,9,0.05,any_change,1.0,0.5,0.1111111111111111,0.10716498304364484,0.05757221084328869,0.024975621642178505,505
all_alfworld,all,activation_l32_norm,5,19,9,0.05,any_change,1.0,0.2,0.1111111111111111,0.14192119376050263,0.05757221084328869,0.024975621642178505,505
all_alfworld,all,activation_l32_norm,10,19,9,0.05,any_change,5.0,0.5,0.5555555555555556,0.6389557111707704,0.05757221084328869,0.024975621642178505,505
all_alfworld,all,activation_l8_norm,1,19,9,0.05,any_change,0.0,0.0,0.0,0.034756210716857784,0.1997036063626576,0.14985372985307105,505
all_alfworld,all,activation_l8_norm,2,19,9,0.05,any_change,0.0,0.0,0.0,0.034756210716857784,0.1997036063626576,0.14985372985307105,505
all_alfworld,all,activation_l8_norm,5,19,9,0.05,any_change,3.0,0.6,0.3333333333333333,0.38127650428736287,0.1997036063626576,0.14985372985307105,505
all_alfworld,all,activation_l8_norm,10,19,9,0.05,any_change,6.0,0.6,0.6666666666666666,0.7666877111621856,0.1997036063626576,0.14985372985307105,505
all_alfworld,all,delta_centered_norm,1,19,9,0.05,any_change,0.0,0.0,0.0,0.0,-0.1565244482301911,-0.12487810821089253,505
all_alfworld,all,delta_centered_norm,2,19,9,0.05,any_change,1.0,0.5,0.1111111111111111,0.10716498304364484,-0.1565244482301911,-0.12487810821089253,505
all_alfworld,all,delta_centered_norm,5,19,9,0.05,any_change,1.0,0.2,0.1111111111111111,0.14192119376050263,-0.1565244482301911,-0.12487810821089253,505
all_alfworld,all,delta_centered_norm,10,19,9,0.05,any_change,3.0,0.3,0.3333333333333333,0.30910552607372127,-0.1565244482301911,-0.12487810821089253,505
all_alfworld,all,delta_norm,1,19,9,0.05,any_change,1.0,1.0,0.1111111111111111,0.10716498304364484,-0.008995657944263859,0.024975621642178505,505
all_alfworld,all,delta_norm,2,19,9,0.05,any_change,1.0,0.5,0.1111111111111111,0.14192119376050263,-0.008995657944263859,0.024975621642178505,505
all_alfworld,all,delta_norm,5,19,9,0.05,any_change,1.0,0.2,0.1111111111111111,0.1808902785036462,-0.008995657944263859,0.024975621642178505,505
all_alfworld,all,delta_norm,10,19,9,0.05,any_change,4.0,0.4,0.4444444444444444,0.4872237034327844,-0.008995657944263859,0.024975621642178505,505
all_alfworld,all,forward_kl_original,1,19,9,0.05,any_change,1.0,1.0,0.1111111111111111,0.16670108473455864,0.3292410807600572,0.22478059477960655,505
all_alfworld,all,forward_kl_original,2,19,9,0.05,any_change,2.0,1.0,0.2222222222222222,0.4238970440393063,0.3292410807600572,0.22478059477960655,505
all_alfworld,all,forward_kl_original,5,19,9,0.05,any_change,4.0,0.8,0.4444444444444444,0.5410463422733528,0.3292410807600572,0.22478059477960655,505
all_alfworld,all,forward_kl_original,10,19,9,0.05,any_change,5.0,0.5,0.5555555555555556,0.6713579962041272,0.3292410807600572,0.22478059477960655,505
all_alfworld,all,js_original,1,19,9,0.05,any_change,1.0,1.0,0.1111111111111111,0.16670108473455864,0.2248914486065964,0.12487810821089253,505
all_alfworld,all,js_original,2,19,9,0.05,any_change,2.0,1.0,0.2222222222222222,0.4238970440393063,0.2248914486065964,0.12487810821089253,505
all_alfworld,all,js_original,5,19,9,0.05,any_change,2.0,0.4,0.2222222222222222,0.4872305835678026,0.2248914486065964,0.12487810821089253,505
all_alfworld,all,js_original,10,19,9,0.05,any_change,4.0,0.4,0.4444444444444444,0.6490899477794737,0.2248914486065964,0.12487810821089253,505
all_alfworld,all,old_margin,1,19,9,0.05,any_change,1.0,1.0,0.1111111111111111,0.05591216506624948,0.3082603004734904,0.23411502173172793,505
all_alfworld,all,old_margin,2,19,9,0.05,any_change,2.0,1.0,0.2222222222222222,0.16307714810989432,0.3082603004734904,0.23411502173172793,505
all_alfworld,all,old_margin,5,19,9,0.05,any_change,3.0,0.6,0.3333333333333333,0.36453444356131076,0.3082603004734904,0.23411502173172793,505
all_alfworld,all,old_margin,10,19,9,0.05,any_change,6.0,0.6,0.6666666666666666,0.7991305266376234,0.3082603004734904,0.23411502173172793,505
all_alfworld,all,u_control_norm,1,19,9,0.05,any_change,0.0,0.0,0.0,0.0,-0.5451368714223898,-0.4370733787381238,505
all_alfworld,all,u_control_norm,2,19,9,0.05,any_change,0.0,0.0,0.0,0.0,-0.5451368714223898,-0.4370733787381238,505
all_alfworld,all,u_control_norm,5,19,9,0.05,any_change,0.0,0.0,0.0,0.0675464135547822,-0.5451368714223898,-0.4370733787381238,505
all_alfworld,all,u_control_norm,10,19,9,0.05,any_change,2.0,0.2,0.2222222222222222,0.2369362254624789,-0.5451368714223898,-0.4370733787381238,505
all_alfworld,all,u_original_norm,1,19,9,0.05,any_change,0.0,0.0,0.0,0.0,-0.3742193704813765,-0.2872196488850528,505
all_alfworld,all,u_original_norm,2,19,9,0.05,any_change,1.0,0.5,0.1111111111111111,0.10716498304364484,-0.3742193704813765,-0.2872196488850528,505
all_alfworld,all,u_original_norm,5,19,9,0.05,any_change,1.0,0.2,0.1111111111111111,0.17471139659842705,-0.3742193704813765,-0.2872196488850528,505
all_alfworld,all,u_original_norm,10,19,9,0.05,any_change,3.0,0.3,0.3333333333333333,0.40264961450078274,-0.3742193704813765,-0.2872196488850528,505
all_alfworld,all,random_expected,1,19,9,0.05,any_change,0.47368421052631576,0.47368421052631576,0.05263157894736842,0.05263157894736842,,,505
all_alfworld,all,random_expected,2,19,9,0.05,any_change,0.9473684210526315,0.47368421052631576,0.10526315789473684,0.10526315789473684,,,505
all_alfworld,all,random_expected,5,19,9,0.05,any_change,2.3684210526315788,0.47368421052631576,0.2631578947368421,0.26315789473684215,,,505
all_alfworld,all,random_expected,10,19,9,0.05,any_change,4.7368421052631575,0.47368421052631576,0.5263157894736842,0.5263157894736843,,,505
all_alfworld,early,C_upd,1,14,4,0.0,decline,0.0,0.0,0.0,0.0,-0.2798699963913215,-0.18081693429888276,505
all_alfworld,early,C_upd,2,14,4,0.0,decline,0.0,0.0,0.0,0.0,-0.2798699963913215,-0.18081693429888276,505
all_alfworld,early,C_upd,4,14,4,0.0,decline,0.0,0.0,0.0,0.0,-0.2798699963913215,-0.18081693429888276,505
all_alfworld,early,C_upd,7,14,4,0.0,decline,1.0,0.14285714285714285,0.25,0.4137931034482758,-0.2798699963913215,-0.18081693429888276,505
all_alfworld,early,D_contribution,1,14,4,0.0,decline,0.0,0.0,0.0,0.0,0.014380671751332725,0.04520423357472069,505
all_alfworld,early,D_contribution,2,14,4,0.0,decline,0.0,0.0,0.0,0.0,0.014380671751332725,0.04520423357472069,505
all_alfworld,early,D_contribution,4,14,4,0.0,decline,1.0,0.25,0.25,0.13793103448275862,0.014380671751332725,0.04520423357472069,505
all_alfworld,early,D_contribution,7,14,4,0.0,decline,2.0,0.2857142857142857,0.5,0.5517241379310345,0.014380671751332725,0.04520423357472069,505
all_alfworld,early,D_ungated_contribution,1,14,4,0.0,decline,0.0,0.0,0.0,0.0,0.10508952433666223,0.13561270072416207,505
all_alfworld,early,D_ungated_contribution,2,14,4,0.0,decline,0.0,0.0,0.0,0.0,0.10508952433666223,0.13561270072416207,505
all_alfworld,early,D_ungated_contribution,4,14,4,0.0,decline,1.0,0.25,0.25,0.4137931034482758,0.10508952433666223,0.13561270072416207,505
all_alfworld,early,D_ungated_contribution,7,14,4,0.0,decline,2.0,0.2857142857142857,0.5,0.5517241379310345,0.10508952433666223,0.13561270072416207,505
all_alfworld,early,P_int,1,14,4,0.0,decline,0.0,0.0,0.0,0.0,0.46792493467798024,0.3390317518104051,505
all_alfworld,early,P_int,2,14,4,0.0,decline,0.0,0.0,0.0,0.0,0.46792493467798024,0.3390317518104051,505
all_alfworld,early,P_int,4,14,4,0.0,decline,1.0,0.25,0.25,0.13793103448275862,0.46792493467798024,0.3390317518104051,505
all_alfworld,early,P_int,7,14,4,0.0,decline,3.0,0.42857142857142855,0.75,0.8620689655172413,0.46792493467798024,0.3390317518104051,505
all_alfworld,early,activation_l16_norm,1,14,4,0.0,decline,1.0,1.0,0.25,0.4137931034482758,0.13038873034591986,0.10114913821769637,505
all_alfworld,early,activation_l16_norm,2,14,4,0.0,decline,1.0,0.5,0.25,0.4137931034482758,0.13038873034591986,0.10114913821769637,505
all_alfworld,early,activation_l16_norm,4,14,4,0.0,decline,2.0,0.5,0.5,0.5517241379310345,0.13038873034591986,0.10114913821769637,505
all_alfworld,early,activation_l16_norm,7,14,4,0.0,decline,2.0,0.2857142857142857,0.5,0.5517241379310345,0.13038873034591986,0.10114913821769637,505
all_alfworld,early,activation_l24_norm,1,14,4,0.0,decline,1.0,1.0,0.25,0.4137931034482758,0.0022099784804393194,0.011238793135299597,505
all_alfworld,early,activation_l24_norm,2,14,4,0.0,decline,1.0,0.5,0.25,0.4137931034482758,0.0022099784804393194,0.011238793135299597,505
all_alfworld,early,activation_l24_norm,4,14,4,0.0,decline,1.0,0.25,0.25,0.4137931034482758,0.0022099784804393194,0.011238793135299597,505
all_alfworld,early,activation_l24_norm,7,14,4,0.0,decline,2.0,0.2857142857142857,0.5,0.5517241379310345,0.0022099784804393194,0.011238793135299597,505
all_alfworld,early,activation_l32_norm,1,14,4,0.0,decline,0.0,0.0,0.0,0.0,0.22762778348524987,0.16858189702949394,505
all_alfworld,early,activation_l32_norm,2,14,4,0.0,decline,1.0,0.5,0.25,0.4137931034482758,0.22762778348524987,0.16858189702949394,505
all_alfworld,early,activation_l32_norm,4,14,4,0.0,decline,1.0,0.25,0.25,0.4137931034482758,0.22762778348524987,0.16858189702949394,505
all_alfworld,early,activation_l32_norm,7,14,4,0.0,decline,2.0,0.2857142857142857,0.5,0.5517241379310345,0.22762778348524987,0.16858189702949394,505
all_alfworld,early,activation_l8_norm,1,14,4,0.0,decline,0.0,0.0,0.0,0.0,0.12154881642416256,0.07867155194709718,505
all_alfworld,early,activation_l8_norm,2,14,4,0.0,decline,1.0,0.5,0.25,0.4137931034482758,0.12154881642416256,0.07867155194709718,505
all_alfworld,early,activation_l8_norm,4,14,4,0.0,decline,2.0,0.5,0.5,0.5517241379310345,0.12154881642416256,0.07867155194709718,505
all_alfworld,early,activation_l8_norm,7,14,4,0.0,decline,2.0,0.2857142857142857,0.5,0.5517241379310345,0.12154881642416256,0.07867155194709718,505
all_alfworld,early,delta_centered_norm,1,14,4,0.0,decline,0.0,0.0,0.0,0.0,0.3535965568702911,0.25849224211189076,505
all_alfworld,early,delta_centered_norm,2,14,4,0.0,decline,1.0,0.5,0.25,0.4137931034482758,0.3535965568702911,0.25849224211189076,505
all_alfworld,early,delta_centered_norm,4,14,4,0.0,decline,1.0,0.25,0.25,0.4137931034482758,0.3535965568702911,0.25849224211189076,505
all_alfworld,early,delta_centered_norm,7,14,4,0.0,decline,2.0,0.2857142857142857,0.5,0.5517241379310345,0.3535965568702911,0.25849224211189076,505
all_alfworld,early,delta_norm,1,14,4,0.0,decline,0.0,0.0,0.0,0.0,0.15027853666987373,0.12362672448829556,505
all_alfworld,early,delta_norm,2,14,4,0.0,decline,1.0,0.5,0.25,0.4137931034482758,0.15027853666987373,0.12362672448829556,505
all_alfworld,early,delta_norm,4,14,4,0.0,decline,1.0,0.25,0.25,0.4137931034482758,0.15027853666987373,0.12362672448829556,505
all_alfworld,early,delta_norm,7,14,4,0.0,decline,2.0,0.2857142857142857,0.5,0.5517241379310345,0.15027853666987373,0.12362672448829556,505
all_alfworld,early,forward_kl_original,1,14,4,0.0,decline,1.0,1.0,0.25,0.13793103448275862,0.28950718093755085,0.19105948330009315,505
all_alfworld,early,forward_kl_original,2,14,4,0.0,decline,1.0,0.5,0.25,0.13793103448275862,0.28950718093755085,0.19105948330009315,505
all_alfworld,early,forward_kl_original,4,14,4,0.0,decline,3.0,0.75,0.75,0.6896551724137931,0.28950718093755085,0.19105948330009315,505
all_alfworld,early,forward_kl_original,7,14,4,0.0,decline,4.0,0.5714285714285714,1.0,1.0,0.28950718093755085,0.19105948330009315,505
all_alfworld,early,js_original,1,14,4,0.0,decline,1.0,1.0,0.25,0.13793103448275862,0.2607774606918397,0.21353706957069232,505
all_alfworld,early,js_original,2,14,4,0.0,decline,1.0,0.5,0.25,0.13793103448275862,0.2607774606918397,0.21353706957069232,505
all_alfworld,early,js_original,4,14,4,0.0,decline,3.0,0.75,0.75,0.6896551724137931,0.2607774606918397,0.21353706957069232,505
all_alfworld,early,js_original,7,14,4,0.0,decline,4.0,0.5714285714285714,1.0,1.0,0.2607774606918397,0.21353706957069232,505
all_alfworld,early,old_margin,1,14,4,0.0,decline,0.0,0.0,0.0,0.0,-0.46431718928046,-0.36138810990910425,505
all_alfworld,early,old_margin,2,14,4,0.0,decline,0.0,0.0,0.0,0.0,-0.46431718928046,-0.36138810990910425,505
all_alfworld,early,old_margin,4,14,4,0.0,decline,1.0,0.25,0.25,0.13793103448275862,-0.46431718928046,-0.36138810990910425,505
all_alfworld,early,old_margin,7,14,4,0.0,decline,1.4285714285714286,0.20408163265306123,0.35714285714285715,0.270935960591133,-0.46431718928046,-0.36138810990910425,505
all_alfworld,early,u_control_norm,1,14,4,0.0,decline,0.0,0.0,0.0,0.0,0.2828772454962329,0.23601465584129153,505
all_alfworld,early,u_control_norm,2,14,4,0.0,decline,0.0,0.0,0.0,0.0,0.2828772454962329,0.23601465584129153,505
all_alfworld,early,u_control_norm,4,14,4,0.0,decline,2.0,0.5,0.5,0.27586206896551724,0.2828772454962329,0.23601465584129153,505
all_alfworld,early,u_control_norm,7,14,4,0.0,decline,2.0,0.2857142857142857,0.5,0.27586206896551724,0.2828772454962329,0.23601465584129153,505
all_alfworld,early,u_original_norm,1,14,4,0.0,decline,0.0,0.0,0.0,0.0,0.44641565304874253,0.3484025871942875,505
all_alfworld,early,u_original_norm,2,14,4,0.0,decline,1.0,0.5,0.25,0.13793103448275862,0.44641565304874253,0.3484025871942875,505
all_alfworld,early,u_original_norm,4,14,4,0.0,decline,2.0,0.5,0.5,0.27586206896551724,0.44641565304874253,0.3484025871942875,505
all_alfworld,early,u_original_norm,7,14,4,0.0,decline,2.0,0.2857142857142857,0.5,0.27586206896551724,0.44641565304874253,0.3484025871942875,505
all_alfworld,early,random_expected,1,14,4,0.0,decline,0.2857142857142857,0.2857142857142857,0.07142857142857142,0.07142857142857142,,,505
all_alfworld,early,random_expected,2,14,4,0.0,decline,0.5714285714285714,0.2857142857142857,0.14285714285714285,0.14285714285714285,,,505
all_alfworld,early,random_expected,4,14,4,0.0,decline,1.1428571428571428,0.2857142857142857,0.2857142857142857,0.2857142857142857,,,505
all_alfworld,early,random_expected,7,14,4,0.0,decline,2.0,0.2857142857142857,0.5,0.5,,,505
all_alfworld,early,C_upd,1,14,4,0.05,decline,0.0,0.0,0.0,0.0,-0.2798699963913215,-0.18081693429888276,505
all_alfworld,early,C_upd,2,14,4,0.05,decline,0.0,0.0,0.0,0.0,-0.2798699963913215,-0.18081693429888276,505
all_alfworld,early,C_upd,4,14,4,0.05,decline,0.0,0.0,0.0,0.0,-0.2798699963913215,-0.18081693429888276,505
all_alfworld,early,C_upd,7,14,4,0.05,decline,1.0,0.14285714285714285,0.25,0.4137931034482758,-0.2798699963913215,-0.18081693429888276,505
all_alfworld,early,D_contribution,1,14,4,0.05,decline,0.0,0.0,0.0,0.0,0.014380671751332725,0.04520423357472069,505
all_alfworld,early,D_contribution,2,14,4,0.05,decline,0.0,0.0,0.0,0.0,0.014380671751332725,0.04520423357472069,505
all_alfworld,early,D_contribution,4,14,4,0.05,decline,1.0,0.25,0.25,0.13793103448275862,0.014380671751332725,0.04520423357472069,505
all_alfworld,early,D_contribution,7,14,4,0.05,decline,2.0,0.2857142857142857,0.5,0.5517241379310345,0.014380671751332725,0.04520423357472069,505
all_alfworld,early,D_ungated_contribution,1,14,4,0.05,decline,0.0,0.0,0.0,0.0,0.10508952433666223,0.13561270072416207,505
all_alfworld,early,D_ungated_contribution,2,14,4,0.05,decline,0.0,0.0,0.0,0.0,0.10508952433666223,0.13561270072416207,505
all_alfworld,early,D_ungated_contribution,4,14,4,0.05,decline,1.0,0.25,0.25,0.4137931034482758,0.10508952433666223,0.13561270072416207,505
all_alfworld,early,D_ungated_contribution,7,14,4,0.05,decline,2.0,0.2857142857142857,0.5,0.5517241379310345,0.10508952433666223,0.13561270072416207,505
all_alfworld,early,P_int,1,14,4,0.05,decline,0.0,0.0,0.0,0.0,0.46792493467798024,0.3390317518104051,505
all_alfworld,early,P_int,2,14,4,0.05,decline,0.0,0.0,0.0,0.0,0.46792493467798024,0.3390317518104051,505
all_alfworld,early,P_int,4,14,4,0.05,decline,1.0,0.25,0.25,0.13793103448275862,0.46792493467798024,0.3390317518104051,505
all_alfworld,early,P_int,7,14,4,0.05,decline,3.0,0.42857142857142855,0.75,0.8620689655172413,0.46792493467798024,0.3390317518104051,505
all_alfworld,early,activation_l16_norm,1,14,4,0.05,decline,1.0,1.0,0.25,0.4137931034482758,0.13038873034591986,0.10114913821769637,505
all_alfworld,early,activation_l16_norm,2,14,4,0.05,decline,1.0,0.5,0.25,0.4137931034482758,0.13038873034591986,0.10114913821769637,505
all_alfworld,early,activation_l16_norm,4,14,4,0.05,decline,2.0,0.5,0.5,0.5517241379310345,0.13038873034591986,0.10114913821769637,505
all_alfworld,early,activation_l16_norm,7,14,4,0.05,decline,2.0,0.2857142857142857,0.5,0.5517241379310345,0.13038873034591986,0.10114913821769637,505
all_alfworld,early,activation_l24_norm,1,14,4,0.05,decline,1.0,1.0,0.25,0.4137931034482758,0.0022099784804393194,0.011238793135299597,505
all_alfworld,early,activation_l24_norm,2,14,4,0.05,decline,1.0,0.5,0.25,0.4137931034482758,0.0022099784804393194,0.011238793135299597,505
all_alfworld,early,activation_l24_norm,4,14,4,0.05,decline,1.0,0.25,0.25,0.4137931034482758,0.0022099784804393194,0.011238793135299597,505
all_alfworld,early,activation_l24_norm,7,14,4,0.05,decline,2.0,0.2857142857142857,0.5,0.5517241379310345,0.0022099784804393194,0.011238793135299597,505
all_alfworld,early,activation_l32_norm,1,14,4,0.05,decline,0.0,0.0,0.0,0.0,0.22762778348524987,0.16858189702949394,505
all_alfworld,early,activation_l32_norm,2,14,4,0.05,decline,1.0,0.5,0.25,0.4137931034482758,0.22762778348524987,0.16858189702949394,505
all_alfworld,early,activation_l32_norm,4,14,4,0.05,decline,1.0,0.25,0.25,0.4137931034482758,0.22762778348524987,0.16858189702949394,505
all_alfworld,early,activation_l32_norm,7,14,4,0.05,decline,2.0,0.2857142857142857,0.5,0.5517241379310345,0.22762778348524987,0.16858189702949394,505
all_alfworld,early,activation_l8_norm,1,14,4,0.05,decline,0.0,0.0,0.0,0.0,0.12154881642416256,0.07867155194709718,505
all_alfworld,early,activation_l8_norm,2,14,4,0.05,decline,1.0,0.5,0.25,0.4137931034482758,0.12154881642416256,0.07867155194709718,505
all_alfworld,early,activation_l8_norm,4,14,4,0.05,decline,2.0,0.5,0.5,0.5517241379310345,0.12154881642416256,0.07867155194709718,505
all_alfworld,early,activation_l8_norm,7,14,4,0.05,decline,2.0,0.2857142857142857,0.5,0.5517241379310345,0.12154881642416256,0.07867155194709718,505
all_alfworld,early,delta_centered_norm,1,14,4,0.05,decline,0.0,0.0,0.0,0.0,0.3535965568702911,0.25849224211189076,505
all_alfworld,early,delta_centered_norm,2,14,4,0.05,decline,1.0,0.5,0.25,0.4137931034482758,0.3535965568702911,0.25849224211189076,505
all_alfworld,early,delta_centered_norm,4,14,4,0.05,decline,1.0,0.25,0.25,0.4137931034482758,0.3535965568702911,0.25849224211189076,505
all_alfworld,early,delta_centered_norm,7,14,4,0.05,decline,2.0,0.2857142857142857,0.5,0.5517241379310345,0.3535965568702911,0.25849224211189076,505
all_alfworld,early,delta_norm,1,14,4,0.05,decline,0.0,0.0,0.0,0.0,0.15027853666987373,0.12362672448829556,505
all_alfworld,early,delta_norm,2,14,4,0.05,decline,1.0,0.5,0.25,0.4137931034482758,0.15027853666987373,0.12362672448829556,505
all_alfworld,early,delta_norm,4,14,4,0.05,decline,1.0,0.25,0.25,0.4137931034482758,0.15027853666987373,0.12362672448829556,505
all_alfworld,early,delta_norm,7,14,4,0.05,decline,2.0,0.2857142857142857,0.5,0.5517241379310345,0.15027853666987373,0.12362672448829556,505
all_alfworld,early,forward_kl_original,1,14,4,0.05,decline,1.0,1.0,0.25,0.13793103448275862,0.28950718093755085,0.19105948330009315,505
all_alfworld,early,forward_kl_original,2,14,4,0.05,decline,1.0,0.5,0.25,0.13793103448275862,0.28950718093755085,0.19105948330009315,505
all_alfworld,early,forward_kl_original,4,14,4,0.05,decline,3.0,0.75,0.75,0.6896551724137931,0.28950718093755085,0.19105948330009315,505
all_alfworld,early,forward_kl_original,7,14,4,0.05,decline,4.0,0.5714285714285714,1.0,1.0,0.28950718093755085,0.19105948330009315,505
all_alfworld,early,js_original,1,14,4,0.05,decline,1.0,1.0,0.25,0.13793103448275862,0.2607774606918397,0.21353706957069232,505
all_alfworld,early,js_original,2,14,4,0.05,decline,1.0,0.5,0.25,0.13793103448275862,0.2607774606918397,0.21353706957069232,505
all_alfworld,early,js_original,4,14,4,0.05,decline,3.0,0.75,0.75,0.6896551724137931,0.2607774606918397,0.21353706957069232,505
all_alfworld,early,js_original,7,14,4,0.05,decline,4.0,0.5714285714285714,1.0,1.0,0.2607774606918397,0.21353706957069232,505
all_alfworld,early,old_margin,1,14,4,0.05,decline,0.0,0.0,0.0,0.0,-0.46431718928046,-0.36138810990910425,505
all_alfworld,early,old_margin,2,14,4,0.05,decline,0.0,0.0,0.0,0.0,-0.46431718928046,-0.36138810990910425,505
all_alfworld,early,old_margin,4,14,4,0.05,decline,1.0,0.25,0.25,0.13793103448275862,-0.46431718928046,-0.36138810990910425,505
all_alfworld,early,old_margin,7,14,4,0.05,decline,1.4285714285714286,0.20408163265306123,0.35714285714285715,0.270935960591133,-0.46431718928046,-0.36138810990910425,505
all_alfworld,early,u_control_norm,1,14,4,0.05,decline,0.0,0.0,0.0,0.0,0.2828772454962329,0.23601465584129153,505
all_alfworld,early,u_control_norm,2,14,4,0.05,decline,0.0,0.0,0.0,0.0,0.2828772454962329,0.23601465584129153,505
all_alfworld,early,u_control_norm,4,14,4,0.05,decline,2.0,0.5,0.5,0.27586206896551724,0.2828772454962329,0.23601465584129153,505
all_alfworld,early,u_control_norm,7,14,4,0.05,decline,2.0,0.2857142857142857,0.5,0.27586206896551724,0.2828772454962329,0.23601465584129153,505
all_alfworld,early,u_original_norm,1,14,4,0.05,decline,0.0,0.0,0.0,0.0,0.44641565304874253,0.3484025871942875,505
all_alfworld,early,u_original_norm,2,14,4,0.05,decline,1.0,0.5,0.25,0.13793103448275862,0.44641565304874253,0.3484025871942875,505
all_alfworld,early,u_original_norm,4,14,4,0.05,decline,2.0,0.5,0.5,0.27586206896551724,0.44641565304874253,0.3484025871942875,505
all_alfworld,early,u_original_norm,7,14,4,0.05,decline,2.0,0.2857142857142857,0.5,0.27586206896551724,0.44641565304874253,0.3484025871942875,505
all_alfworld,early,random_expected,1,14,4,0.05,decline,0.2857142857142857,0.2857142857142857,0.07142857142857142,0.07142857142857142,,,505
all_alfworld,early,random_expected,2,14,4,0.05,decline,0.5714285714285714,0.2857142857142857,0.14285714285714285,0.14285714285714285,,,505
all_alfworld,early,random_expected,4,14,4,0.05,decline,1.1428571428571428,0.2857142857142857,0.2857142857142857,0.2857142857142857,,,505
all_alfworld,early,random_expected,7,14,4,0.05,decline,2.0,0.2857142857142857,0.5,0.5,,,505
all_alfworld,early,C_upd,1,14,11,0.0,any_change,1.0,1.0,0.09090909090909091,0.30539581549002814,0.12222705104061225,0.08050764858994133,505
all_alfworld,early,C_upd,2,14,11,0.0,any_change,1.0,0.5,0.09090909090909091,0.30539581549002814,0.12222705104061225,0.08050764858994133,505
all_alfworld,early,C_upd,4,14,11,0.0,any_change,3.0,0.75,0.2727272727272727,0.4056038174476936,0.12222705104061225,0.08050764858994133,505
all_alfworld,early,C_upd,7,14,11,0.0,any_change,6.0,0.8571428571428571,0.5454545454545454,0.5768995472898568,0.12222705104061225,0.08050764858994133,505
all_alfworld,early,D_contribution,1,14,11,0.0,any_change,0.0,0.0,0.0,0.0,-0.08667009073788869,-0.12651201921276495,505
all_alfworld,early,D_contribution,2,14,11,0.0,any_change,1.0,0.5,0.09090909090909091,0.020555487581059587,-0.08667009073788869,-0.12651201921276495,505
all_alfworld,early,D_contribution,4,14,11,0.0,any_change,3.0,0.75,0.2727272727272727,0.0836494147395897,-0.08667009073788869,-0.12651201921276495,505
all_alfworld,early,D_contribution,7,14,11,0.0,any_change,6.0,0.8571428571428571,0.5454545454545454,0.26921978873526653,-0.08667009073788869,-0.12651201921276495,505
all_alfworld,early,D_ungated_contribution,1,14,11,0.0,any_change,0.0,0.0,0.0,0.0,-0.09555933081356958,-0.10350983390135313,505
all_alfworld,early,D_ungated_contribution,2,14,11,0.0,any_change,1.0,0.5,0.09090909090909091,0.020555487581059587,-0.09555933081356958,-0.10350983390135313,505
all_alfworld,early,D_ungated_contribution,4,14,11,0.0,any_change,3.0,0.75,0.2727272727272727,0.13932052693829272,-0.09555933081356958,-0.10350983390135313,505
all_alfworld,early,D_ungated_contribution,7,14,11,0.0,any_change,6.0,0.8571428571428571,0.5454545454545454,0.26921978873526653,-0.09555933081356958,-0.10350983390135313,505
all_alfworld,early,P_int,1,14,11,0.0,any_change,1.0,1.0,0.09090909090909091,0.020555487581059587,-0.4311281436705232,-0.35653387232688305,505
all_alfworld,early,P_int,2,14,11,0.0,any_change,1.0,0.5,0.09090909090909091,0.020555487581059587,-0.4311281436705232,-0.35653387232688305,505
all_alfworld,early,P_int,4,14,11,0.0,any_change,3.0,0.75,0.2727272727272727,0.07993800725967616,-0.4311281436705232,-0.35653387232688305,505
all_alfworld,early,P_int,7,14,11,0.0,any_change,6.0,0.8571428571428571,0.5454545454545454,0.30262245605448834,-0.4311281436705232,-0.35653387232688305,505
all_alfworld,early,activation_l16_norm,1,14,11,0.0,any_change,1.0,1.0,0.09090909090909091,0.08907377951792488,-0.09545426279849518,-0.06862635163075163,505
all_alfworld,early,activation_l16_norm,2,14,11,0.0,any_change,2.0,1.0,0.18181818181818182,0.15074024226110364,-0.09545426279849518,-0.06862635163075163,505
all_alfworld,early,activation_l16_norm,4,14,11,0.0,any_change,3.0,0.75,0.2727272727272727,0.18043150210041192,-0.09545426279849518,-0.06862635163075163,505
all_alfworld,early,activation_l16_norm,7,14,11,0.0,any_change,5.0,0.7142857142857143,0.45454545454545453,0.5526326522288837,-0.09545426279849518,-0.06862635163075163,505
all_alfworld,early,activation_l24_norm,1,14,11,0.0,any_change,1.0,1.0,0.09090909090909091,0.08907377951792488,0.0887946630683676,0.045750901087167756,505
all_alfworld,early,activation_l24_norm,2,14,11,0.0,any_change,1.0,0.5,0.09090909090909091,0.08907377951792488,0.0887946630683676,0.045750901087167756,505
all_alfworld,early,activation_l24_norm,4,14,11,0.0,any_change,3.0,0.75,0.2727272727272727,0.45613605775113175,0.0887946630683676,0.045750901087167756,505
all_alfworld,early,activation_l24_norm,7,14,11,0.0,any_change,6.0,0.8571428571428571,0.5454545454545454,0.5731881398099433,0.0887946630683676,0.045750901087167756,505
all_alfworld,early,activation_l32_norm,1,14,11,0.0,any_change,0.0,0.0,0.0,0.0,-0.2930223881256131,-0.2287545054358388,505
all_alfworld,early,activation_l32_norm,2,14,11,0.0,any_change,1.0,0.5,0.09090909090909091,0.08907377951792488,-0.2930223881256131,-0.2287545054358388,505
all_alfworld,early,activation_l32_norm,4,14,11,0.0,any_change,2.0,0.5,0.18181818181818182,0.15074024226110364,-0.2930223881256131,-0.2287545054358388,505
all_alfworld,early,activation_l32_norm,7,14,11,0.0,any_change,4.0,0.5714285714285714,0.36363636363636365,0.48582731759044007,-0.2930223881256131,-0.2287545054358388,505
all_alfworld,early,activation_l8_norm,1,14,11,0.0,any_change,0.0,0.0,0.0,0.0,-0.12653239487242385,-0.09150180217433551,505
all_alfworld,early,activation_l8_norm,2,14,11,0.0,any_change,1.0,0.5,0.09090909090909091,0.08907377951792488,-0.12653239487242385,-0.09150180217433551,505
all_alfworld,early,activation_l8_norm,4,14,11,0.0,any_change,3.0,0.75,0.2727272727272727,0.14845629919654146,-0.12653239487242385,-0.09150180217433551,505
all_alfworld,early,activation_l8_norm,7,14,11,0.0,any_change,5.0,0.7142857142857143,0.45454545454545453,0.5155185774297484,-0.12653239487242385,-0.09150180217433551,505
all_alfworld,early,delta_centered_norm,1,14,11,0.0,any_change,0.0,0.0,0.0,0.0,-0.455072648225384,-0.3202563076101743,505
all_alfworld,early,delta_centered_norm,2,14,11,0.0,any_change,1.0,0.5,0.09090909090909091,0.08907377951792488,-0.455072648225384,-0.3202563076101743,505
all_alfworld,early,delta_centered_norm,4,14,11,0.0,any_change,2.0,0.5,0.18181818181818182,0.15074024226110364,-0.455072648225384,-0.3202563076101743,505
all_alfworld,early,delta_centered_norm,7,14,11,0.0,any_change,4.0,0.5714285714285714,0.36363636363636365,0.21012276193972024,-0.455072648225384,-0.3202563076101743,505
all_alfworld,early,delta_norm,1,14,11,0.0,any_change,1.0,1.0,0.09090909090909091,0.2672213385537746,-0.03551786522734704,-0.045750901087167756,505
all_alfworld,early,delta_norm,2,14,11,0.0,any_change,2.0,1.0,0.18181818181818182,0.3562951180716995,-0.03551786522734704,-0.045750901087167756,505
all_alfworld,early,delta_norm,4,14,11,0.0,any_change,2.0,0.5,0.18181818181818182,0.3562951180716995,-0.03551786522734704,-0.045750901087167756,505
all_alfworld,early,delta_norm,7,14,11,0.0,any_change,5.0,0.7142857142857143,0.45454545454545453,0.47734410049349485,-0.03551786522734704,-0.045750901087167756,505
all_alfworld,early,forward_kl_original,1,14,11,0.0,any_change,1.0,1.0,0.09090909090909091,0.02969125983930829,0.36849785173372557,0.2973808570665904,505
all_alfworld,early,forward_kl_original,2,14,11,0.0,any_change,2.0,1.0,0.18181818181818182,0.3350870753293364,0.36849785173372557,0.2973808570665904,505
all_alfworld,early,forward_kl_original,4,14,11,0.0,any_change,4.0,1.0,0.36363636363636365,0.4538521146865696,0.36849785173372557,0.2973808570665904,505
all_alfworld,early,forward_kl_original,7,14,11,0.0,any_change,7.0,1.0,0.6363636363636364,0.6120151719075004,0.36849785173372557,0.2973808570665904,505
all_alfworld,early,js_original,1,14,11,0.0,any_change,1.0,1.0,0.09090909090909091,0.02969125983930829,0.315221053892705,0.2287545054358388,505
all_alfworld,early,js_original,2,14,11,0.0,any_change,2.0,1.0,0.18181818181818182,0.3350870753293364,0.315221053892705,0.2287545054358388,505
all_alfworld,early,js_original,4,14,11,0.0,any_change,4.0,1.0,0.36363636363636365,0.4538521146865696,0.315221053892705,0.2287545054358388,505
all_alfworld,early,js_original,7,14,11,0.0,any_change,7.0,1.0,0.6363636363636364,0.5709041967453811,0.315221053892705,0.2287545054358388,505
all_alfworld,early,old_margin,1,14,11,0.0,any_change,1.0,1.0,0.09090909090909091,0.30539581549002814,0.09256688334835178,0.09194621406122841,505
all_alfworld,early,old_margin,2,14,11,0.0,any_change,2.0,1.0,0.18181818181818182,0.37220115012847177,0.09256688334835178,0.09194621406122841,505
all_alfworld,early,old_margin,4,14,11,0.0,any_change,4.0,1.0,0.36363636363636365,0.42244789754883966,0.09256688334835178,0.09194621406122841,505
all_alfworld,early,old_margin,7,14,11,0.0,any_change,5.714285714285714,0.8163265306122449,0.5194805194805195,0.5926424405563032,0.09256688334835178,0.09194621406122841,505
all_alfworld,early,u_control_norm,1,14,11,0.0,any_change,1.0,1.0,0.09090909090909091,0.2672213385537746,-0.268603855781812,-0.25162995597942267,505
all_alfworld,early,u_control_norm,2,14,11,0.0,any_change,1.0,0.5,0.09090909090909091,0.2672213385537746,-0.268603855781812,-0.25162995597942267,505
all_alfworld,early,u_control_norm,4,14,11,0.0,any_change,3.0,0.75,0.2727272727272727,0.32660385823239124,-0.268603855781812,-0.25162995597942267,505
all_alfworld,early,u_control_norm,7,14,11,0.0,any_change,5.0,0.7142857142857143,0.45454545454545453,0.3805620131326726,-0.268603855781812,-0.25162995597942267,505
all_alfworld,early,u_original_norm,1,14,11,0.0,any_change,0.0,0.0,0.0,0.0,-0.5882646428279354,-0.41175810978450983,505
all_alfworld,early,u_original_norm,2,14,11,0.0,any_change,1.0,0.5,0.09090909090909091,0.02969125983930829,-0.5882646428279354,-0.41175810978450983,505
all_alfworld,early,u_original_norm,4,14,11,0.0,any_change,2.0,0.5,0.18181818181818182,0.05938251967861658,-0.5882646428279354,-0.41175810978450983,505
all_alfworld,early,u_original_norm,7,14,11,0.0,any_change,4.0,0.5714285714285714,0.36363636363636365,0.3471593458134508,-0.5882646428279354,-0.41175810978450983,505
all_alfworld,early,random_expected,1,14,11,0.0,any_change,0.7857142857142855,0.7857142857142855,0.07142857142857141,0.07142857142857141,,,505
all_alfworld,early,random_expected,2,14,11,0.0,any_change,1.571428571428571,0.7857142857142855,0.14285714285714282,0.14285714285714282,,,505
all_alfworld,early,random_expected,4,14,11,0.0,any_change,3.142857142857142,0.7857142857142855,0.28571428571428564,0.28571428571428564,,,505
all_alfworld,early,random_expected,7,14,11,0.0,any_change,5.5,0.7857142857142857,0.5,0.5,,,505
all_alfworld,early,C_upd,1,14,10,0.05,any_change,1.0,1.0,0.1,0.30539581549002814,0.12222705104061225,0.08050764858994133,505
all_alfworld,early,C_upd,2,14,10,0.05,any_change,1.0,0.5,0.1,0.30539581549002814,0.12222705104061225,0.08050764858994133,505
all_alfworld,early,C_upd,4,14,10,0.05,any_change,3.0,0.75,0.3,0.4056038174476936,0.12222705104061225,0.08050764858994133,505
all_alfworld,early,C_upd,7,14,10,0.05,any_change,5.0,0.7142857142857143,0.5,0.5768995472898568,0.12222705104061225,0.08050764858994133,505
all_alfworld,early,D_contribution,1,14,10,0.05,any_change,0.0,0.0,0.0,0.0,-0.08667009073788869,-0.12651201921276495,505
all_alfworld,early,D_contribution,2,14,10,0.05,any_change,0.0,0.0,0.0,0.020555487581059587,-0.08667009073788869,-0.12651201921276495,505
all_alfworld,early,D_contribution,4,14,10,0.05,any_change,2.0,0.5,0.2,0.0836494147395897,-0.08667009073788869,-0.12651201921276495,505
all_alfworld,early,D_contribution,7,14,10,0.05,any_change,5.0,0.7142857142857143,0.5,0.26921978873526653,-0.08667009073788869,-0.12651201921276495,505
all_alfworld,early,D_ungated_contribution,1,14,10,0.05,any_change,0.0,0.0,0.0,0.0,-0.09555933081356958,-0.10350983390135313,505
all_alfworld,early,D_ungated_contribution,2,14,10,0.05,any_change,0.0,0.0,0.0,0.020555487581059587,-0.09555933081356958,-0.10350983390135313,505
all_alfworld,early,D_ungated_contribution,4,14,10,0.05,any_change,2.0,0.5,0.2,0.13932052693829272,-0.09555933081356958,-0.10350983390135313,505
all_alfworld,early,D_ungated_contribution,7,14,10,0.05,any_change,5.0,0.7142857142857143,0.5,0.26921978873526653,-0.09555933081356958,-0.10350983390135313,505
all_alfworld,early,P_int,1,14,10,0.05,any_change,0.0,0.0,0.0,0.020555487581059587,-0.4311281436705232,-0.35653387232688305,505
all_alfworld,early,P_int,2,14,10,0.05,any_change,0.0,0.0,0.0,0.020555487581059587,-0.4311281436705232,-0.35653387232688305,505
all_alfworld,early,P_int,4,14,10,0.05,any_change,2.0,0.5,0.2,0.07993800725967616,-0.4311281436705232,-0.35653387232688305,505
all_alfworld,early,P_int,7,14,10,0.05,any_change,5.0,0.7142857142857143,0.5,0.30262245605448834,-0.4311281436705232,-0.35653387232688305,505
all_alfworld,early,activation_l16_norm,1,14,10,0.05,any_change,1.0,1.0,0.1,0.08907377951792488,-0.09545426279849518,-0.06862635163075163,505
all_alfworld,early,activation_l16_norm,2,14,10,0.05,any_change,2.0,1.0,0.2,0.15074024226110364,-0.09545426279849518,-0.06862635163075163,505
all_alfworld,early,activation_l16_norm,4,14,10,0.05,any_change,3.0,0.75,0.3,0.18043150210041192,-0.09545426279849518,-0.06862635163075163,505
all_alfworld,early,activation_l16_norm,7,14,10,0.05,any_change,5.0,0.7142857142857143,0.5,0.5526326522288837,-0.09545426279849518,-0.06862635163075163,505
all_alfworld,early,activation_l24_norm,1,14,10,0.05,any_change,1.0,1.0,0.1,0.08907377951792488,0.0887946630683676,0.045750901087167756,505
all_alfworld,early,activation_l24_norm,2,14,10,0.05,any_change,1.0,0.5,0.1,0.08907377951792488,0.0887946630683676,0.045750901087167756,505
all_alfworld,early,activation_l24_norm,4,14,10,0.05,any_change,3.0,0.75,0.3,0.45613605775113175,0.0887946630683676,0.045750901087167756,505
all_alfworld,early,activation_l24_norm,7,14,10,0.05,any_change,5.0,0.7142857142857143,0.5,0.5731881398099433,0.0887946630683676,0.045750901087167756,505
all_alfworld,early,activation_l32_norm,1,14,10,0.05,any_change,0.0,0.0,0.0,0.0,-0.2930223881256131,-0.2287545054358388,505
all_alfworld,early,activation_l32_norm,2,14,10,0.05,any_change,1.0,0.5,0.1,0.08907377951792488,-0.2930223881256131,-0.2287545054358388,505
all_alfworld,early,activation_l32_norm,4,14,10,0.05,any_change,2.0,0.5,0.2,0.15074024226110364,-0.2930223881256131,-0.2287545054358388,505
all_alfworld,early,activation_l32_norm,7,14,10,0.05,any_change,4.0,0.5714285714285714,0.4,0.48582731759044007,-0.2930223881256131,-0.2287545054358388,505
all_alfworld,early,activation_l8_norm,1,14,10,0.05,any_change,0.0,0.0,0.0,0.0,-0.12653239487242385,-0.09150180217433551,505
all_alfworld,early,activation_l8_norm,2,14,10,0.05,any_change,1.0,0.5,0.1,0.08907377951792488,-0.12653239487242385,-0.09150180217433551,505
all_alfworld,early,activation_l8_norm,4,14,10,0.05,any_change,3.0,0.75,0.3,0.14845629919654146,-0.12653239487242385,-0.09150180217433551,505
all_alfworld,early,activation_l8_norm,7,14,10,0.05,any_change,5.0,0.7142857142857143,0.5,0.5155185774297484,-0.12653239487242385,-0.09150180217433551,505
all_alfworld,early,delta_centered_norm,1,14,10,0.05,any_change,0.0,0.0,0.0,0.0,-0.455072648225384,-0.3202563076101743,505
all_alfworld,early,delta_centered_norm,2,14,10,0.05,any_change,1.0,0.5,0.1,0.08907377951792488,-0.455072648225384,-0.3202563076101743,505
all_alfworld,early,delta_centered_norm,4,14,10,0.05,any_change,2.0,0.5,0.2,0.15074024226110364,-0.455072648225384,-0.3202563076101743,505
all_alfworld,early,delta_centered_norm,7,14,10,0.05,any_change,4.0,0.5714285714285714,0.4,0.21012276193972024,-0.455072648225384,-0.3202563076101743,505
all_alfworld,early,delta_norm,1,14,10,0.05,any_change,1.0,1.0,0.1,0.2672213385537746,-0.03551786522734704,-0.045750901087167756,505
all_alfworld,early,delta_norm,2,14,10,0.05,any_change,2.0,1.0,0.2,0.3562951180716995,-0.03551786522734704,-0.045750901087167756,505
all_alfworld,early,delta_norm,4,14,10,0.05,any_change,2.0,0.5,0.2,0.3562951180716995,-0.03551786522734704,-0.045750901087167756,505
all_alfworld,early,delta_norm,7,14,10,0.05,any_change,5.0,0.7142857142857143,0.5,0.47734410049349485,-0.03551786522734704,-0.045750901087167756,505
all_alfworld,early,forward_kl_original,1,14,10,0.05,any_change,1.0,1.0,0.1,0.02969125983930829,0.36849785173372557,0.2973808570665904,505
all_alfworld,early,forward_kl_original,2,14,10,0.05,any_change,2.0,1.0,0.2,0.3350870753293364,0.36849785173372557,0.2973808570665904,505
all_alfworld,early,forward_kl_original,4,14,10,0.05,any_change,4.0,1.0,0.4,0.4538521146865696,0.36849785173372557,0.2973808570665904,505
all_alfworld,early,forward_kl_original,7,14,10,0.05,any_change,7.0,1.0,0.7,0.6120151719075004,0.36849785173372557,0.2973808570665904,505
all_alfworld,early,js_original,1,14,10,0.05,any_change,1.0,1.0,0.1,0.02969125983930829,0.315221053892705,0.2287545054358388,505
all_alfworld,early,js_original,2,14,10,0.05,any_change,2.0,1.0,0.2,0.3350870753293364,0.315221053892705,0.2287545054358388,505
all_alfworld,early,js_original,4,14,10,0.05,any_change,4.0,1.0,0.4,0.4538521146865696,0.315221053892705,0.2287545054358388,505
all_alfworld,early,js_original,7,14,10,0.05,any_change,6.0,0.8571428571428571,0.6,0.5709041967453811,0.315221053892705,0.2287545054358388,505
all_alfworld,early,old_margin,1,14,10,0.05,any_change,1.0,1.0,0.1,0.30539581549002814,0.09256688334835178,0.09194621406122841,505
all_alfworld,early,old_margin,2,14,10,0.05,any_change,2.0,1.0,0.2,0.37220115012847177,0.09256688334835178,0.09194621406122841,505
all_alfworld,early,old_margin,4,14,10,0.05,any_change,3.0,0.75,0.3,0.42244789754883966,0.09256688334835178,0.09194621406122841,505
all_alfworld,early,old_margin,7,14,10,0.05,any_change,4.7142857142857135,0.6734693877551019,0.47142857142857136,0.5926424405563032,0.09256688334835178,0.09194621406122841,505
all_alfworld,early,u_control_norm,1,14,10,0.05,any_change,1.0,1.0,0.1,0.2672213385537746,-0.268603855781812,-0.25162995597942267,505
all_alfworld,early,u_control_norm,2,14,10,0.05,any_change,1.0,0.5,0.1,0.2672213385537746,-0.268603855781812,-0.25162995597942267,505
all_alfworld,early,u_control_norm,4,14,10,0.05,any_change,3.0,0.75,0.3,0.32660385823239124,-0.268603855781812,-0.25162995597942267,505
all_alfworld,early,u_control_norm,7,14,10,0.05,any_change,4.0,0.5714285714285714,0.4,0.3805620131326726,-0.268603855781812,-0.25162995597942267,505
all_alfworld,early,u_original_norm,1,14,10,0.05,any_change,0.0,0.0,0.0,0.0,-0.5882646428279354,-0.41175810978450983,505
all_alfworld,early,u_original_norm,2,14,10,0.05,any_change,1.0,0.5,0.1,0.02969125983930829,-0.5882646428279354,-0.41175810978450983,505
all_alfworld,early,u_original_norm,4,14,10,0.05,any_change,2.0,0.5,0.2,0.05938251967861658,-0.5882646428279354,-0.41175810978450983,505
all_alfworld,early,u_original_norm,7,14,10,0.05,any_change,3.0,0.42857142857142855,0.3,0.3471593458134508,-0.5882646428279354,-0.41175810978450983,505
all_alfworld,early,random_expected,1,14,10,0.05,any_change,0.7142857142857141,0.7142857142857141,0.07142857142857141,0.07142857142857141,,,505
all_alfworld,early,random_expected,2,14,10,0.05,any_change,1.4285714285714282,0.7142857142857141,0.14285714285714282,0.14285714285714282,,,505
all_alfworld,early,random_expected,4,14,10,0.05,any_change,2.8571428571428563,0.7142857142857141,0.28571428571428564,0.28571428571428564,,,505
all_alfworld,early,random_expected,7,14,10,0.05,any_change,5.0,0.7142857142857143,0.5,0.5,,,505
all_alfworld,initial,C_upd,1,7,2,0.0,decline,0.0,0.0,0.0,0.0,0.23424374030084538,0.29277002188455997,505
all_alfworld,initial,C_upd,2,7,2,0.0,decline,0.0,0.0,0.0,0.0,0.23424374030084538,0.29277002188455997,505
all_alfworld,initial,C_upd,4,7,2,0.0,decline,0.5,0.125,0.25,0.2674418604651163,0.23424374030084538,0.29277002188455997,505
all_alfworld,initial,D_contribution,1,7,2,0.0,decline,0.0,0.0,0.0,0.0,-0.4504687313477795,-0.39036002917941326,505
all_alfworld,initial,D_contribution,2,7,2,0.0,decline,0.0,0.0,0.0,0.0,-0.4504687313477795,-0.39036002917941326,505
all_alfworld,initial,D_contribution,4,7,2,0.0,decline,0.0,0.0,0.0,0.0,-0.4504687313477795,-0.39036002917941326,505
all_alfworld,initial,D_ungated_contribution,1,7,2,0.0,decline,0.0,0.0,0.0,0.0,-0.4504687313477795,-0.39036002917941326,505
all_alfworld,initial,D_ungated_contribution,2,7,2,0.0,decline,0.0,0.0,0.0,0.0,-0.4504687313477795,-0.39036002917941326,505
all_alfworld,initial,D_ungated_contribution,4,7,2,0.0,decline,0.0,0.0,0.0,0.0,-0.4504687313477795,-0.39036002917941326,505
all_alfworld,initial,P_int,1,7,2,0.0,decline,0.0,0.0,0.0,0.0,-0.34235623582431246,-0.29277002188455997,505
all_alfworld,initial,P_int,2,7,2,0.0,decline,0.5,0.25,0.25,0.2674418604651163,-0.34235623582431246,-0.29277002188455997,505
all_alfworld,initial,P_int,4,7,2,0.0,decline,2.0,0.5,1.0,1.0,-0.34235623582431246,-0.29277002188455997,505
all_alfworld,initial,activation_l16_norm,1,7,2,0.0,decline,0.0,0.0,0.0,0.0,-0.07142857142857144,0.04761904761904762,505
all_alfworld,initial,activation_l16_norm,2,7,2,0.0,decline,0.0,0.0,0.0,0.0,-0.07142857142857144,0.04761904761904762,505
all_alfworld,initial,activation_l16_norm,4,7,2,0.0,decline,1.0,0.25,0.5,0.5348837209302326,-0.07142857142857144,0.04761904761904762,505
all_alfworld,initial,activation_l24_norm,1,7,2,0.0,decline,0.0,0.0,0.0,0.0,0.39285714285714296,0.23809523809523814,505
all_alfworld,initial,activation_l24_norm,2,7,2,0.0,decline,1.0,0.5,0.5,0.46511627906976744,0.39285714285714296,0.23809523809523814,505
all_alfworld,initial,activation_l24_norm,4,7,2,0.0,decline,2.0,0.5,1.0,1.0,0.39285714285714296,0.23809523809523814,505
all_alfworld,initial,activation_l32_norm,1,7,2,0.0,decline,1.0,1.0,0.5,0.46511627906976744,0.4642857142857144,0.33333333333333337,505
all_alfworld,initial,activation_l32_norm,2,7,2,0.0,decline,1.0,0.5,0.5,0.46511627906976744,0.4642857142857144,0.33333333333333337,505
all_alfworld,initial,activation_l32_norm,4,7,2,0.0,decline,2.0,0.5,1.0,1.0,0.4642857142857144,0.33333333333333337,505
all_alfworld,initial,activation_l8_norm,1,7,2,0.0,decline,0.0,0.0,0.0,0.0,-0.10714285714285716,-0.04761904761904762,505
all_alfworld,initial,activation_l8_norm,2,7,2,0.0,decline,0.0,0.0,0.0,0.0,-0.10714285714285716,-0.04761904761904762,505
all_alfworld,initial,activation_l8_norm,4,7,2,0.0,decline,1.0,0.25,0.5,0.5348837209302326,-0.10714285714285716,-0.04761904761904762,505
all_alfworld,initial,delta_centered_norm,1,7,2,0.0,decline,0.0,0.0,0.0,0.0,0.39285714285714296,0.23809523809523814,505
all_alfworld,initial,delta_centered_norm,2,7,2,0.0,decline,1.0,0.5,0.5,0.46511627906976744,0.39285714285714296,0.23809523809523814,505
all_alfworld,initial,delta_centered_norm,4,7,2,0.0,decline,2.0,0.5,1.0,1.0,0.39285714285714296,0.23809523809523814,505
all_alfworld,initial,delta_norm,1,7,2,0.0,decline,0.0,0.0,0.0,0.0,0.42857142857142866,0.33333333333333337,505
all_alfworld,initial,delta_norm,2,7,2,0.0,decline,1.0,0.5,0.5,0.5348837209302326,0.42857142857142866,0.33333333333333337,505
all_alfworld,initial,delta_norm,4,7,2,0.0,decline,2.0,0.5,1.0,1.0,0.42857142857142866,0.33333333333333337,505
all_alfworld,initial,forward_kl_original,1,7,2,0.0,decline,0.0,0.0,0.0,0.0,0.0,-0.04761904761904762,505
all_alfworld,initial,forward_kl_original,2,7,2,0.0,decline,1.0,0.5,0.5,0.5348837209302326,0.0,-0.04761904761904762,505
all_alfworld,initial,forward_kl_original,4,7,2,0.0,decline,1.0,0.25,0.5,0.5348837209302326,0.0,-0.04761904761904762,505
all_alfworld,initial,js_original,1,7,2,0.0,decline,0.0,0.0,0.0,0.0,0.03571428571428572,0.04761904761904762,505
all_alfworld,initial,js_original,2,7,2,0.0,decline,1.0,0.5,0.5,0.5348837209302326,0.03571428571428572,0.04761904761904762,505
all_alfworld,initial,js_original,4,7,2,0.0,decline,1.0,0.25,0.5,0.5348837209302326,0.03571428571428572,0.04761904761904762,505
all_alfworld,initial,old_margin,1,7,2,0.0,decline,0.0,0.0,0.0,0.0,-0.37062465833055064,-0.3086066999241839,505
all_alfworld,initial,old_margin,2,7,2,0.0,decline,0.0,0.0,0.0,0.0,-0.37062465833055064,-0.3086066999241839,505
all_alfworld,initial,old_margin,4,7,2,0.0,decline,0.6666666666666666,0.16666666666666666,0.3333333333333333,0.3333333333333333,-0.37062465833055064,-0.3086066999241839,505
all_alfworld,initial,u_control_norm,1,7,2,0.0,decline,1.0,1.0,0.5,0.46511627906976744,-0.3571428571428572,-0.33333333333333337,505
all_alfworld,initial,u_control_norm,2,7,2,0.0,decline,1.0,0.5,0.5,0.46511627906976744,-0.3571428571428572,-0.33333333333333337,505
all_alfworld,initial,u_control_norm,4,7,2,0.0,decline,1.0,0.25,0.5,0.46511627906976744,-0.3571428571428572,-0.33333333333333337,505
all_alfworld,initial,u_original_norm,1,7,2,0.0,decline,1.0,1.0,0.5,0.46511627906976744,-0.25,-0.23809523809523814,505
all_alfworld,initial,u_original_norm,2,7,2,0.0,decline,1.0,0.5,0.5,0.46511627906976744,-0.25,-0.23809523809523814,505
all_alfworld,initial,u_original_norm,4,7,2,0.0,decline,1.0,0.25,0.5,0.46511627906976744,-0.25,-0.23809523809523814,505
all_alfworld,initial,random_expected,1,7,2,0.0,decline,0.2857142857142857,0.2857142857142857,0.14285714285714285,0.14285714285714285,,,505
all_alfworld,initial,random_expected,2,7,2,0.0,decline,0.5714285714285714,0.2857142857142857,0.2857142857142857,0.2857142857142857,,,505
all_alfworld,initial,random_expected,4,7,2,0.0,decline,1.1428571428571428,0.2857142857142857,0.5714285714285714,0.5714285714285714,,,505
all_alfworld,initial,C_upd,1,7,0,0.05,decline,0.0,0.0,,0.0,0.23424374030084538,0.29277002188455997,505
all_alfworld,initial,C_upd,2,7,0,0.05,decline,0.0,0.0,,0.0,0.23424374030084538,0.29277002188455997,505
all_alfworld,initial,C_upd,4,7,0,0.05,decline,0.0,0.0,,0.2674418604651163,0.23424374030084538,0.29277002188455997,505
all_alfworld,initial,D_contribution,1,7,0,0.05,decline,0.0,0.0,,0.0,-0.4504687313477795,-0.39036002917941326,505
all_alfworld,initial,D_contribution,2,7,0,0.05,decline,0.0,0.0,,0.0,-0.4504687313477795,-0.39036002917941326,505
all_alfworld,initial,D_contribution,4,7,0,0.05,decline,0.0,0.0,,0.0,-0.4504687313477795,-0.39036002917941326,505
all_alfworld,initial,D_ungated_contribution,1,7,0,0.05,decline,0.0,0.0,,0.0,-0.4504687313477795,-0.39036002917941326,505
all_alfworld,initial,D_ungated_contribution,2,7,0,0.05,decline,0.0,0.0,,0.0,-0.4504687313477795,-0.39036002917941326,505
all_alfworld,initial,D_ungated_contribution,4,7,0,0.05,decline,0.0,0.0,,0.0,-0.4504687313477795,-0.39036002917941326,505
all_alfworld,initial,P_int,1,7,0,0.05,decline,0.0,0.0,,0.0,-0.34235623582431246,-0.29277002188455997,505
all_alfworld,initial,P_int,2,7,0,0.05,decline,0.0,0.0,,0.2674418604651163,-0.34235623582431246,-0.29277002188455997,505
all_alfworld,initial,P_int,4,7,0,0.05,decline,0.0,0.0,,1.0,-0.34235623582431246,-0.29277002188455997,505
all_alfworld,initial,activation_l16_norm,1,7,0,0.05,decline,0.0,0.0,,0.0,-0.07142857142857144,0.04761904761904762,505
all_alfworld,initial,activation_l16_norm,2,7,0,0.05,decline,0.0,0.0,,0.0,-0.07142857142857144,0.04761904761904762,505
all_alfworld,initial,activation_l16_norm,4,7,0,0.05,decline,0.0,0.0,,0.5348837209302326,-0.07142857142857144,0.04761904761904762,505
all_alfworld,initial,activation_l24_norm,1,7,0,0.05,decline,0.0,0.0,,0.0,0.39285714285714296,0.23809523809523814,505
all_alfworld,initial,activation_l24_norm,2,7,0,0.05,decline,0.0,0.0,,0.46511627906976744,0.39285714285714296,0.23809523809523814,505
all_alfworld,initial,activation_l24_norm,4,7,0,0.05,decline,0.0,0.0,,1.0,0.39285714285714296,0.23809523809523814,505
all_alfworld,initial,activation_l32_norm,1,7,0,0.05,decline,0.0,0.0,,0.46511627906976744,0.4642857142857144,0.33333333333333337,505
all_alfworld,initial,activation_l32_norm,2,7,0,0.05,decline,0.0,0.0,,0.46511627906976744,0.4642857142857144,0.33333333333333337,505
all_alfworld,initial,activation_l32_norm,4,7,0,0.05,decline,0.0,0.0,,1.0,0.4642857142857144,0.33333333333333337,505
all_alfworld,initial,activation_l8_norm,1,7,0,0.05,decline,0.0,0.0,,0.0,-0.10714285714285716,-0.04761904761904762,505
all_alfworld,initial,activation_l8_norm,2,7,0,0.05,decline,0.0,0.0,,0.0,-0.10714285714285716,-0.04761904761904762,505
all_alfworld,initial,activation_l8_norm,4,7,0,0.05,decline,0.0,0.0,,0.5348837209302326,-0.10714285714285716,-0.04761904761904762,505
all_alfworld,initial,delta_centered_norm,1,7,0,0.05,decline,0.0,0.0,,0.0,0.39285714285714296,0.23809523809523814,505
all_alfworld,initial,delta_centered_norm,2,7,0,0.05,decline,0.0,0.0,,0.46511627906976744,0.39285714285714296,0.23809523809523814,505
all_alfworld,initial,delta_centered_norm,4,7,0,0.05,decline,0.0,0.0,,1.0,0.39285714285714296,0.23809523809523814,505
all_alfworld,initial,delta_norm,1,7,0,0.05,decline,0.0,0.0,,0.0,0.42857142857142866,0.33333333333333337,505
all_alfworld,initial,delta_norm,2,7,0,0.05,decline,0.0,0.0,,0.5348837209302326,0.42857142857142866,0.33333333333333337,505
all_alfworld,initial,delta_norm,4,7,0,0.05,decline,0.0,0.0,,1.0,0.42857142857142866,0.33333333333333337,505
all_alfworld,initial,forward_kl_original,1,7,0,0.05,decline,0.0,0.0,,0.0,0.0,-0.04761904761904762,505
all_alfworld,initial,forward_kl_original,2,7,0,0.05,decline,0.0,0.0,,0.5348837209302326,0.0,-0.04761904761904762,505
all_alfworld,initial,forward_kl_original,4,7,0,0.05,decline,0.0,0.0,,0.5348837209302326,0.0,-0.04761904761904762,505
all_alfworld,initial,js_original,1,7,0,0.05,decline,0.0,0.0,,0.0,0.03571428571428572,0.04761904761904762,505
all_alfworld,initial,js_original,2,7,0,0.05,decline,0.0,0.0,,0.5348837209302326,0.03571428571428572,0.04761904761904762,505
all_alfworld,initial,js_original,4,7,0,0.05,decline,0.0,0.0,,0.5348837209302326,0.03571428571428572,0.04761904761904762,505
all_alfworld,initial,old_margin,1,7,0,0.05,decline,0.0,0.0,,0.0,-0.37062465833055064,-0.3086066999241839,505
all_alfworld,initial,old_margin,2,7,0,0.05,decline,0.0,0.0,,0.0,-0.37062465833055064,-0.3086066999241839,505
all_alfworld,initial,old_margin,4,7,0,0.05,decline,0.0,0.0,,0.3333333333333333,-0.37062465833055064,-0.3086066999241839,505
all_alfworld,initial,u_control_norm,1,7,0,0.05,decline,0.0,0.0,,0.46511627906976744,-0.3571428571428572,-0.33333333333333337,505
all_alfworld,initial,u_control_norm,2,7,0,0.05,decline,0.0,0.0,,0.46511627906976744,-0.3571428571428572,-0.33333333333333337,505
all_alfworld,initial,u_control_norm,4,7,0,0.05,decline,0.0,0.0,,0.46511627906976744,-0.3571428571428572,-0.33333333333333337,505
all_alfworld,initial,u_original_norm,1,7,0,0.05,decline,0.0,0.0,,0.46511627906976744,-0.25,-0.23809523809523814,505
all_alfworld,initial,u_original_norm,2,7,0,0.05,decline,0.0,0.0,,0.46511627906976744,-0.25,-0.23809523809523814,505
all_alfworld,initial,u_original_norm,4,7,0,0.05,decline,0.0,0.0,,0.46511627906976744,-0.25,-0.23809523809523814,505
all_alfworld,initial,random_expected,1,7,0,0.05,decline,0.0,0.0,,0.14285714285714285,,,505
all_alfworld,initial,random_expected,2,7,0,0.05,decline,0.0,0.0,,0.2857142857142857,,,505
all_alfworld,initial,random_expected,4,7,0,0.05,decline,0.0,0.0,,0.5714285714285714,,,505
all_alfworld,initial,C_upd,1,7,6,0.0,any_change,0.0,0.0,0.0,0.0,-0.48650622985560193,-0.39036002917941326,505
all_alfworld,initial,C_upd,2,7,6,0.0,any_change,1.0,0.5,0.16666666666666666,0.10510541699431743,-0.48650622985560193,-0.39036002917941326,505
all_alfworld,initial,C_upd,4,7,6,0.0,any_change,3.0,0.75,0.5,0.36758458335187966,-0.48650622985560193,-0.39036002917941326,505
all_alfworld,initial,D_contribution,1,7,6,0.0,any_change,1.0,1.0,0.16666666666666666,0.12512549642180645,0.198206241793023,0.09759000729485331,505
all_alfworld,initial,D_contribution,2,7,6,0.0,any_change,2.0,1.0,0.3333333333333333,0.563064733898129,0.198206241793023,0.09759000729485331,505
all_alfworld,initial,D_contribution,4,7,6,0.0,any_change,3.0,0.75,0.5,0.6681701508924465,0.198206241793023,0.09759000729485331,505
all_alfworld,initial,D_ungated_contribution,1,7,6,0.0,any_change,1.0,1.0,0.16666666666666666,0.4379392374763226,0.12613124477737825,0.09759000729485331,505
all_alfworld,initial,D_ungated_contribution,2,7,6,0.0,any_change,1.0,0.5,0.16666666666666666,0.4379392374763226,0.12613124477737825,0.09759000729485331,505
all_alfworld,initial,D_ungated_contribution,4,7,6,0.0,any_change,3.0,0.75,0.5,0.6681701508924465,0.12613124477737825,0.09759000729485331,505
all_alfworld,initial,P_int,1,7,6,0.0,any_change,1.0,1.0,0.16666666666666666,0.4379392374763226,0.6666937223947136,0.5855400437691199,505
all_alfworld,initial,P_int,2,7,6,0.0,any_change,2.0,1.0,0.3333333333333333,0.5752929074120783,0.6666937223947136,0.5855400437691199,505
all_alfworld,initial,P_int,4,7,6,0.0,any_change,4.0,1.0,0.6666666666666666,0.7697690865838762,0.6666937223947136,0.5855400437691199,505
all_alfworld,initial,activation_l16_norm,1,7,6,0.0,any_change,1.0,1.0,0.16666666666666666,0.10510541699431743,0.28571428571428575,0.23809523809523814,505
all_alfworld,initial,activation_l16_norm,2,7,6,0.0,any_change,2.0,1.0,0.3333333333333333,0.31412187124438046,0.28571428571428575,0.23809523809523814,505
all_alfworld,initial,activation_l16_norm,4,7,6,0.0,any_change,4.0,1.0,0.6666666666666666,0.8177519943421514,0.28571428571428575,0.23809523809523814,505
all_alfworld,initial,activation_l24_norm,1,7,6,0.0,any_change,1.0,1.0,0.16666666666666666,0.10510541699431743,-0.1785714285714286,-0.14285714285714288,505
all_alfworld,initial,activation_l24_norm,2,7,6,0.0,any_change,2.0,1.0,0.3333333333333333,0.1622279262303595,-0.1785714285714286,-0.14285714285714288,505
all_alfworld,initial,activation_l24_norm,4,7,6,0.0,any_change,4.0,1.0,0.6666666666666666,0.4369352661018709,-0.1785714285714286,-0.14285714285714288,505
all_alfworld,initial,activation_l32_norm,1,7,6,0.0,any_change,1.0,1.0,0.16666666666666666,0.05712250923604208,-0.25,-0.23809523809523814,505
all_alfworld,initial,activation_l32_norm,2,7,6,0.0,any_change,2.0,1.0,0.3333333333333333,0.1622279262303595,-0.25,-0.23809523809523814,505
all_alfworld,initial,activation_l32_norm,4,7,6,0.0,any_change,4.0,1.0,0.6666666666666666,0.4369352661018709,-0.25,-0.23809523809523814,505
all_alfworld,initial,activation_l8_norm,1,7,6,0.0,any_change,1.0,1.0,0.16666666666666666,0.10510541699431743,0.25,0.14285714285714288,505
all_alfworld,initial,activation_l8_norm,2,7,6,0.0,any_change,2.0,1.0,0.3333333333333333,0.31412187124438046,0.25,0.14285714285714288,505
all_alfworld,initial,activation_l8_norm,4,7,6,0.0,any_change,4.0,1.0,0.6666666666666666,0.8177519943421514,0.25,0.14285714285714288,505
all_alfworld,initial,delta_centered_norm,1,7,6,0.0,any_change,1.0,1.0,0.16666666666666666,0.10510541699431743,-0.1785714285714286,-0.14285714285714288,505
all_alfworld,initial,delta_centered_norm,2,7,6,0.0,any_change,2.0,1.0,0.3333333333333333,0.1622279262303595,-0.1785714285714286,-0.14285714285714288,505
all_alfworld,initial,delta_centered_norm,4,7,6,0.0,any_change,4.0,1.0,0.6666666666666666,0.4369352661018709,-0.1785714285714286,-0.14285714285714288,505
all_alfworld,initial,delta_norm,1,7,6,0.0,any_change,1.0,1.0,0.16666666666666666,0.10510541699431743,-0.07142857142857144,-0.04761904761904762,505
all_alfworld,initial,delta_norm,2,7,6,0.0,any_change,2.0,1.0,0.3333333333333333,0.1707963026157658,-0.07142857142857144,-0.04761904761904762,505
all_alfworld,initial,delta_norm,4,7,6,0.0,any_change,4.0,1.0,0.6666666666666666,0.3530443082736143,-0.07142857142857144,-0.04761904761904762,505
all_alfworld,initial,forward_kl_original,1,7,6,0.0,any_change,1.0,1.0,0.16666666666666666,0.20901645425006307,0.3571428571428572,0.33333333333333337,505
all_alfworld,initial,forward_kl_original,2,7,6,0.0,any_change,2.0,1.0,0.3333333333333333,0.27470733987151147,0.3571428571428572,0.33333333333333337,505
all_alfworld,initial,forward_kl_original,4,7,6,0.0,any_change,4.0,1.0,0.6666666666666666,0.5049382532876354,0.3571428571428572,0.33333333333333337,505
all_alfworld,initial,js_original,1,7,6,0.0,any_change,1.0,1.0,0.16666666666666666,0.20901645425006307,0.3214285714285715,0.23809523809523814,505
all_alfworld,initial,js_original,2,7,6,0.0,any_change,2.0,1.0,0.3333333333333333,0.27470733987151147,0.3214285714285715,0.23809523809523814,505
all_alfworld,initial,js_original,4,7,6,0.0,any_change,4.0,1.0,0.6666666666666666,0.5049382532876354,0.3214285714285715,0.23809523809523814,505
all_alfworld,initial,old_margin,1,7,6,0.0,any_change,1.0,1.0,0.16666666666666666,0.4379392374763226,0.37062465833055064,0.3086066999241839,505
all_alfworld,initial,old_margin,2,7,6,0.0,any_change,2.0,1.0,0.3333333333333333,0.54304465447064,0.37062465833055064,0.3086066999241839,505
all_alfworld,initial,old_margin,4,7,6,0.0,any_change,3.666666666666667,0.9166666666666667,0.6111111111111112,0.7091079491782767,0.37062465833055064,0.3086066999241839,505
all_alfworld,initial,u_control_norm,1,7,6,0.0,any_change,1.0,1.0,0.16666666666666666,0.05712250923604208,0.14285714285714288,0.23809523809523814,505
all_alfworld,initial,u_control_norm,2,7,6,0.0,any_change,2.0,1.0,0.3333333333333333,0.4950617467123647,0.14285714285714288,0.23809523809523814,505
all_alfworld,initial,u_control_norm,4,7,6,0.0,any_change,3.0,0.75,0.5,0.7040782009624277,0.14285714285714288,0.23809523809523814,505
all_alfworld,initial,u_original_norm,1,7,6,0.0,any_change,1.0,1.0,0.16666666666666666,0.05712250923604208,0.1785714285714286,0.14285714285714288,505
all_alfworld,initial,u_original_norm,2,7,6,0.0,any_change,2.0,1.0,0.3333333333333333,0.1622279262303595,0.1785714285714286,0.14285714285714288,505
all_alfworld,initial,u_original_norm,4,7,6,0.0,any_change,4.0,1.0,0.6666666666666666,0.8091836179567451,0.1785714285714286,0.14285714285714288,505
all_alfworld,initial,random_expected,1,7,6,0.0,any_change,0.857142857142857,0.857142857142857,0.14285714285714282,0.14285714285714285,,,505
all_alfworld,initial,random_expected,2,7,6,0.0,any_change,1.714285714285714,0.857142857142857,0.28571428571428564,0.2857142857142857,,,505
all_alfworld,initial,random_expected,4,7,6,0.0,any_change,3.428571428571428,0.857142857142857,0.5714285714285713,0.5714285714285714,,,505
all_alfworld,initial,C_upd,1,7,4,0.05,any_change,0.0,0.0,0.0,0.0,-0.48650622985560193,-0.39036002917941326,505
all_alfworld,initial,C_upd,2,7,4,0.05,any_change,1.0,0.5,0.25,0.10510541699431743,-0.48650622985560193,-0.39036002917941326,505
all_alfworld,initial,C_upd,4,7,4,0.05,any_change,2.5,0.625,0.625,0.36758458335187966,-0.48650622985560193,-0.39036002917941326,505
all_alfworld,initial,D_contribution,1,7,4,0.05,any_change,1.0,1.0,0.25,0.12512549642180645,0.198206241793023,0.09759000729485331,505
all_alfworld,initial,D_contribution,2,7,4,0.05,any_change,2.0,1.0,0.5,0.563064733898129,0.198206241793023,0.09759000729485331,505
all_alfworld,initial,D_contribution,4,7,4,0.05,any_change,3.0,0.75,0.75,0.6681701508924465,0.198206241793023,0.09759000729485331,505
all_alfworld,initial,D_ungated_contribution,1,7,4,0.05,any_change,1.0,1.0,0.25,0.4379392374763226,0.12613124477737825,0.09759000729485331,505
all_alfworld,initial,D_ungated_contribution,2,7,4,0.05,any_change,1.0,0.5,0.25,0.4379392374763226,0.12613124477737825,0.09759000729485331,505
all_alfworld,initial,D_ungated_contribution,4,7,4,0.05,any_change,3.0,0.75,0.75,0.6681701508924465,0.12613124477737825,0.09759000729485331,505
all_alfworld,initial,P_int,1,7,4,0.05,any_change,1.0,1.0,0.25,0.4379392374763226,0.6666937223947136,0.5855400437691199,505
all_alfworld,initial,P_int,2,7,4,0.05,any_change,1.5,0.75,0.375,0.5752929074120783,0.6666937223947136,0.5855400437691199,505
all_alfworld,initial,P_int,4,7,4,0.05,any_change,2.0,0.5,0.5,0.7697690865838762,0.6666937223947136,0.5855400437691199,505
all_alfworld,initial,activation_l16_norm,1,7,4,0.05,any_change,1.0,1.0,0.25,0.10510541699431743,0.28571428571428575,0.23809523809523814,505
all_alfworld,initial,activation_l16_norm,2,7,4,0.05,any_change,2.0,1.0,0.5,0.31412187124438046,0.28571428571428575,0.23809523809523814,505
all_alfworld,initial,activation_l16_norm,4,7,4,0.05,any_change,3.0,0.75,0.75,0.8177519943421514,0.28571428571428575,0.23809523809523814,505
all_alfworld,initial,activation_l24_norm,1,7,4,0.05,any_change,1.0,1.0,0.25,0.10510541699431743,-0.1785714285714286,-0.14285714285714288,505
all_alfworld,initial,activation_l24_norm,2,7,4,0.05,any_change,1.0,0.5,0.25,0.1622279262303595,-0.1785714285714286,-0.14285714285714288,505
all_alfworld,initial,activation_l24_norm,4,7,4,0.05,any_change,2.0,0.5,0.5,0.4369352661018709,-0.1785714285714286,-0.14285714285714288,505
all_alfworld,initial,activation_l32_norm,1,7,4,0.05,any_change,0.0,0.0,0.0,0.05712250923604208,-0.25,-0.23809523809523814,505
all_alfworld,initial,activation_l32_norm,2,7,4,0.05,any_change,1.0,0.5,0.25,0.1622279262303595,-0.25,-0.23809523809523814,505
all_alfworld,initial,activation_l32_norm,4,7,4,0.05,any_change,2.0,0.5,0.5,0.4369352661018709,-0.25,-0.23809523809523814,505
all_alfworld,initial,activation_l8_norm,1,7,4,0.05,any_change,1.0,1.0,0.25,0.10510541699431743,0.25,0.14285714285714288,505
all_alfworld,initial,activation_l8_norm,2,7,4,0.05,any_change,2.0,1.0,0.5,0.31412187124438046,0.25,0.14285714285714288,505
all_alfworld,initial,activation_l8_norm,4,7,4,0.05,any_change,3.0,0.75,0.75,0.8177519943421514,0.25,0.14285714285714288,505
all_alfworld,initial,delta_centered_norm,1,7,4,0.05,any_change,1.0,1.0,0.25,0.10510541699431743,-0.1785714285714286,-0.14285714285714288,505
all_alfworld,initial,delta_centered_norm,2,7,4,0.05,any_change,1.0,0.5,0.25,0.1622279262303595,-0.1785714285714286,-0.14285714285714288,505
all_alfworld,initial,delta_centered_norm,4,7,4,0.05,any_change,2.0,0.5,0.5,0.4369352661018709,-0.1785714285714286,-0.14285714285714288,505
all_alfworld,initial,delta_norm,1,7,4,0.05,any_change,1.0,1.0,0.25,0.10510541699431743,-0.07142857142857144,-0.04761904761904762,505
all_alfworld,initial,delta_norm,2,7,4,0.05,any_change,1.0,0.5,0.25,0.1707963026157658,-0.07142857142857144,-0.04761904761904762,505
all_alfworld,initial,delta_norm,4,7,4,0.05,any_change,2.0,0.5,0.5,0.3530443082736143,-0.07142857142857144,-0.04761904761904762,505
all_alfworld,initial,forward_kl_original,1,7,4,0.05,any_change,1.0,1.0,0.25,0.20901645425006307,0.3571428571428572,0.33333333333333337,505
all_alfworld,initial,forward_kl_original,2,7,4,0.05,any_change,1.0,0.5,0.25,0.27470733987151147,0.3571428571428572,0.33333333333333337,505
all_alfworld,initial,forward_kl_original,4,7,4,0.05,any_change,3.0,0.75,0.75,0.5049382532876354,0.3571428571428572,0.33333333333333337,505
all_alfworld,initial,js_original,1,7,4,0.05,any_change,1.0,1.0,0.25,0.20901645425006307,0.3214285714285715,0.23809523809523814,505
all_alfworld,initial,js_original,2,7,4,0.05,any_change,1.0,0.5,0.25,0.27470733987151147,0.3214285714285715,0.23809523809523814,505
all_alfworld,initial,js_original,4,7,4,0.05,any_change,3.0,0.75,0.75,0.5049382532876354,0.3214285714285715,0.23809523809523814,505
all_alfworld,initial,old_margin,1,7,4,0.05,any_change,1.0,1.0,0.25,0.4379392374763226,0.37062465833055064,0.3086066999241839,505
all_alfworld,initial,old_margin,2,7,4,0.05,any_change,2.0,1.0,0.5,0.54304465447064,0.37062465833055064,0.3086066999241839,505
all_alfworld,initial,old_margin,4,7,4,0.05,any_change,3.0,0.75,0.75,0.7091079491782767,0.37062465833055064,0.3086066999241839,505
all_alfworld,initial,u_control_norm,1,7,4,0.05,any_change,0.0,0.0,0.0,0.05712250923604208,0.14285714285714288,0.23809523809523814,505
all_alfworld,initial,u_control_norm,2,7,4,0.05,any_change,1.0,0.5,0.25,0.4950617467123647,0.14285714285714288,0.23809523809523814,505
all_alfworld,initial,u_control_norm,4,7,4,0.05,any_change,2.0,0.5,0.5,0.7040782009624277,0.14285714285714288,0.23809523809523814,505
all_alfworld,initial,u_original_norm,1,7,4,0.05,any_change,0.0,0.0,0.0,0.05712250923604208,0.1785714285714286,0.14285714285714288,505
all_alfworld,initial,u_original_norm,2,7,4,0.05,any_change,1.0,0.5,0.25,0.1622279262303595,0.1785714285714286,0.14285714285714288,505
all_alfworld,initial,u_original_norm,4,7,4,0.05,any_change,3.0,0.75,0.75,0.8091836179567451,0.1785714285714286,0.14285714285714288,505
all_alfworld,initial,random_expected,1,7,4,0.05,any_change,0.5714285714285714,0.5714285714285714,0.14285714285714285,0.14285714285714285,,,505
all_alfworld,initial,random_expected,2,7,4,0.05,any_change,1.1428571428571428,0.5714285714285714,0.2857142857142857,0.2857142857142857,,,505
all_alfworld,initial,random_expected,4,7,4,0.05,any_change,2.2857142857142856,0.5714285714285714,0.5714285714285714,0.5714285714285714,,,505
all_alfworld,late,C_upd,1,13,1,0.0,decline,0.0,0.0,0.0,0.0,-0.37274965820548744,-0.3202563076101742,505
all_alfworld,late,C_upd,2,13,1,0.0,decline,0.0,0.0,0.0,0.0,-0.37274965820548744,-0.3202563076101742,505
all_alfworld,late,C_upd,4,13,1,0.0,decline,0.0,0.0,0.0,0.0,-0.37274965820548744,-0.3202563076101742,505
all_alfworld,late,C_upd,7,13,1,0.0,decline,0.0,0.0,0.0,0.0,-0.37274965820548744,-0.3202563076101742,505
all_alfworld,late,D_contribution,1,13,1,0.0,decline,0.0,0.0,0.0,0.0,0.14095575310291542,0.09607689228305227,505
all_alfworld,late,D_contribution,2,13,1,0.0,decline,0.0,0.0,0.0,0.0,0.14095575310291542,0.09607689228305227,505
all_alfworld,late,D_contribution,4,13,1,0.0,decline,0.0,0.0,0.0,0.0,0.14095575310291542,0.09607689228305227,505
all_alfworld,late,D_contribution,7,13,1,0.0,decline,0.0,0.0,0.0,0.0,0.14095575310291542,0.09607689228305227,505
all_alfworld,late,D_ungated_contribution,1,13,1,0.0,decline,0.0,0.0,0.0,0.0,0.053249951172212484,0.03202563076101742,505
all_alfworld,late,D_ungated_contribution,2,13,1,0.0,decline,0.0,0.0,0.0,0.0,0.053249951172212484,0.03202563076101742,505
all_alfworld,late,D_ungated_contribution,4,13,1,0.0,decline,0.0,0.0,0.0,0.0,0.053249951172212484,0.03202563076101742,505
all_alfworld,late,D_ungated_contribution,7,13,1,0.0,decline,0.0,0.0,0.0,0.0,0.053249951172212484,0.03202563076101742,505
all_alfworld,late,P_int,1,13,1,0.0,decline,0.0,0.0,0.0,0.0,0.25685270565420143,0.22417941532712196,505
all_alfworld,late,P_int,2,13,1,0.0,decline,0.0,0.0,0.0,0.0,0.25685270565420143,0.22417941532712196,505
all_alfworld,late,P_int,4,13,1,0.0,decline,1.0,0.25,1.0,1.0,0.25685270565420143,0.22417941532712196,505
all_alfworld,late,P_int,7,13,1,0.0,decline,1.0,0.14285714285714285,1.0,1.0,0.25685270565420143,0.22417941532712196,505
all_alfworld,late,activation_l16_norm,1,13,1,0.0,decline,0.0,0.0,0.0,0.0,-0.05951465131011984,-0.03202563076101742,505
all_alfworld,late,activation_l16_norm,2,13,1,0.0,decline,0.0,0.0,0.0,0.0,-0.05951465131011984,-0.03202563076101742,505
all_alfworld,late,activation_l16_norm,4,13,1,0.0,decline,1.0,0.25,1.0,1.0,-0.05951465131011984,-0.03202563076101742,505
all_alfworld,late,activation_l16_norm,7,13,1,0.0,decline,1.0,0.14285714285714285,1.0,1.0,-0.05951465131011984,-0.03202563076101742,505
all_alfworld,late,activation_l24_norm,1,13,1,0.0,decline,0.0,0.0,0.0,0.0,-0.07517640165488823,-0.06405126152203484,505
all_alfworld,late,activation_l24_norm,2,13,1,0.0,decline,0.0,0.0,0.0,0.0,-0.07517640165488823,-0.06405126152203484,505
all_alfworld,late,activation_l24_norm,4,13,1,0.0,decline,0.0,0.0,0.0,0.0,-0.07517640165488823,-0.06405126152203484,505
all_alfworld,late,activation_l24_norm,7,13,1,0.0,decline,1.0,0.14285714285714285,1.0,1.0,-0.07517640165488823,-0.06405126152203484,505
all_alfworld,late,activation_l32_norm,1,13,1,0.0,decline,0.0,0.0,0.0,0.0,0.17227925379245218,0.09607689228305227,505
all_alfworld,late,activation_l32_norm,2,13,1,0.0,decline,0.0,0.0,0.0,0.0,0.17227925379245218,0.09607689228305227,505
all_alfworld,late,activation_l32_norm,4,13,1,0.0,decline,1.0,0.25,1.0,1.0,0.17227925379245218,0.09607689228305227,505
all_alfworld,late,activation_l32_norm,7,13,1,0.0,decline,1.0,0.14285714285714285,1.0,1.0,0.17227925379245218,0.09607689228305227,505
all_alfworld,late,activation_l8_norm,1,13,1,0.0,decline,0.0,0.0,0.0,0.0,0.27564680606792347,0.22417941532712196,505
all_alfworld,late,activation_l8_norm,2,13,1,0.0,decline,1.0,0.5,1.0,1.0,0.27564680606792347,0.22417941532712196,505
all_alfworld,late,activation_l8_norm,4,13,1,0.0,decline,1.0,0.25,1.0,1.0,0.27564680606792347,0.22417941532712196,505
all_alfworld,late,activation_l8_norm,7,13,1,0.0,decline,1.0,0.14285714285714285,1.0,1.0,0.27564680606792347,0.22417941532712196,505
all_alfworld,late,delta_centered_norm,1,13,1,0.0,decline,0.0,0.0,0.0,0.0,0.20360275448198892,0.1601281538050871,505
all_alfworld,late,delta_centered_norm,2,13,1,0.0,decline,0.0,0.0,0.0,0.0,0.20360275448198892,0.1601281538050871,505
all_alfworld,late,delta_centered_norm,4,13,1,0.0,decline,1.0,0.25,1.0,1.0,0.20360275448198892,0.1601281538050871,505
all_alfworld,late,delta_centered_norm,7,13,1,0.0,decline,1.0,0.14285714285714285,1.0,1.0,0.20360275448198892,0.1601281538050871,505
all_alfworld,late,delta_norm,1,13,1,0.0,decline,0.0,0.0,0.0,0.0,0.4917789608257271,0.4483588306542439,505
all_alfworld,late,delta_norm,2,13,1,0.0,decline,0.0,0.0,0.0,0.0,0.4917789608257271,0.4483588306542439,505
all_alfworld,late,delta_norm,4,13,1,0.0,decline,1.0,0.25,1.0,1.0,0.4917789608257271,0.4483588306542439,505
all_alfworld,late,delta_norm,7,13,1,0.0,decline,1.0,0.14285714285714285,1.0,1.0,0.4917789608257271,0.4483588306542439,505
all_alfworld,late,forward_kl_original,1,13,1,0.0,decline,0.0,0.0,0.0,0.0,-0.6483964642734109,-0.5444357229372961,505
all_alfworld,late,forward_kl_original,2,13,1,0.0,decline,0.0,0.0,0.0,0.0,-0.6483964642734109,-0.5444357229372961,505
all_alfworld,late,forward_kl_original,4,13,1,0.0,decline,0.0,0.0,0.0,0.0,-0.6483964642734109,-0.5444357229372961,505
all_alfworld,late,forward_kl_original,7,13,1,0.0,decline,0.0,0.0,0.0,0.0,-0.6483964642734109,-0.5444357229372961,505
all_alfworld,late,js_original,1,13,1,0.0,decline,0.0,0.0,0.0,0.0,-0.463587810205144,-0.3522819383711916,505
all_alfworld,late,js_original,2,13,1,0.0,decline,0.0,0.0,0.0,0.0,-0.463587810205144,-0.3522819383711916,505
all_alfworld,late,js_original,4,13,1,0.0,decline,0.0,0.0,0.0,0.0,-0.463587810205144,-0.3522819383711916,505
all_alfworld,late,js_original,7,13,1,0.0,decline,0.0,0.0,0.0,0.0,-0.463587810205144,-0.3522819383711916,505
all_alfworld,late,old_margin,1,13,1,0.0,decline,0.09090909090909091,0.09090909090909091,0.09090909090909091,0.09090909090909091,0.1344632185501193,0.1179535649239177,505
all_alfworld,late,old_margin,2,13,1,0.0,decline,0.18181818181818182,0.09090909090909091,0.18181818181818182,0.18181818181818182,0.1344632185501193,0.1179535649239177,505
all_alfworld,late,old_margin,4,13,1,0.0,decline,0.36363636363636365,0.09090909090909091,0.36363636363636365,0.36363636363636365,0.1344632185501193,0.1179535649239177,505
all_alfworld,late,old_margin,7,13,1,0.0,decline,0.6363636363636364,0.09090909090909091,0.6363636363636364,0.6363636363636364,0.1344632185501193,0.1179535649239177,505
all_alfworld,late,u_control_norm,1,13,1,0.0,decline,1.0,1.0,1.0,1.0,0.7642934168246969,0.6405126152203484,505
all_alfworld,late,u_control_norm,2,13,1,0.0,decline,1.0,0.5,1.0,1.0,0.7642934168246969,0.6405126152203484,505
all_alfworld,late,u_control_norm,4,13,1,0.0,decline,1.0,0.25,1.0,1.0,0.7642934168246969,0.6405126152203484,505
all_alfworld,late,u_control_norm,7,13,1,0.0,decline,1.0,0.14285714285714285,1.0,1.0,0.7642934168246969,0.6405126152203484,505
all_alfworld,late,u_original_norm,1,13,1,0.0,decline,1.0,1.0,1.0,1.0,0.5262348115842176,0.4483588306542439,505
all_alfworld,late,u_original_norm,2,13,1,0.0,decline,1.0,0.5,1.0,1.0,0.5262348115842176,0.4483588306542439,505
all_alfworld,late,u_original_norm,4,13,1,0.0,decline,1.0,0.25,1.0,1.0,0.5262348115842176,0.4483588306542439,505
all_alfworld,late,u_original_norm,7,13,1,0.0,decline,1.0,0.14285714285714285,1.0,1.0,0.5262348115842176,0.4483588306542439,505
all_alfworld,late,random_expected,1,13,1,0.0,decline,0.07692307692307693,0.07692307692307693,0.07692307692307693,0.07692307692307693,,,505
all_alfworld,late,random_expected,2,13,1,0.0,decline,0.15384615384615385,0.07692307692307693,0.15384615384615385,0.15384615384615385,,,505
all_alfworld,late,random_expected,4,13,1,0.0,decline,0.3076923076923077,0.07692307692307693,0.3076923076923077,0.3076923076923077,,,505
all_alfworld,late,random_expected,7,13,1,0.0,decline,0.5384615384615384,0.07692307692307691,0.5384615384615384,0.5384615384615384,,,505
all_alfworld,late,C_upd,1,13,1,0.05,decline,0.0,0.0,0.0,0.0,-0.37274965820548744,-0.3202563076101742,505
all_alfworld,late,C_upd,2,13,1,0.05,decline,0.0,0.0,0.0,0.0,-0.37274965820548744,-0.3202563076101742,505
all_alfworld,late,C_upd,4,13,1,0.05,decline,0.0,0.0,0.0,0.0,-0.37274965820548744,-0.3202563076101742,505
all_alfworld,late,C_upd,7,13,1,0.05,decline,0.0,0.0,0.0,0.0,-0.37274965820548744,-0.3202563076101742,505
all_alfworld,late,D_contribution,1,13,1,0.05,decline,0.0,0.0,0.0,0.0,0.14095575310291542,0.09607689228305227,505
all_alfworld,late,D_contribution,2,13,1,0.05,decline,0.0,0.0,0.0,0.0,0.14095575310291542,0.09607689228305227,505
all_alfworld,late,D_contribution,4,13,1,0.05,decline,0.0,0.0,0.0,0.0,0.14095575310291542,0.09607689228305227,505
all_alfworld,late,D_contribution,7,13,1,0.05,decline,0.0,0.0,0.0,0.0,0.14095575310291542,0.09607689228305227,505
all_alfworld,late,D_ungated_contribution,1,13,1,0.05,decline,0.0,0.0,0.0,0.0,0.053249951172212484,0.03202563076101742,505
all_alfworld,late,D_ungated_contribution,2,13,1,0.05,decline,0.0,0.0,0.0,0.0,0.053249951172212484,0.03202563076101742,505
all_alfworld,late,D_ungated_contribution,4,13,1,0.05,decline,0.0,0.0,0.0,0.0,0.053249951172212484,0.03202563076101742,505
all_alfworld,late,D_ungated_contribution,7,13,1,0.05,decline,0.0,0.0,0.0,0.0,0.053249951172212484,0.03202563076101742,505
all_alfworld,late,P_int,1,13,1,0.05,decline,0.0,0.0,0.0,0.0,0.25685270565420143,0.22417941532712196,505
all_alfworld,late,P_int,2,13,1,0.05,decline,0.0,0.0,0.0,0.0,0.25685270565420143,0.22417941532712196,505
all_alfworld,late,P_int,4,13,1,0.05,decline,1.0,0.25,1.0,1.0,0.25685270565420143,0.22417941532712196,505
all_alfworld,late,P_int,7,13,1,0.05,decline,1.0,0.14285714285714285,1.0,1.0,0.25685270565420143,0.22417941532712196,505
all_alfworld,late,activation_l16_norm,1,13,1,0.05,decline,0.0,0.0,0.0,0.0,-0.05951465131011984,-0.03202563076101742,505
all_alfworld,late,activation_l16_norm,2,13,1,0.05,decline,0.0,0.0,0.0,0.0,-0.05951465131011984,-0.03202563076101742,505
all_alfworld,late,activation_l16_norm,4,13,1,0.05,decline,1.0,0.25,1.0,1.0,-0.05951465131011984,-0.03202563076101742,505
all_alfworld,late,activation_l16_norm,7,13,1,0.05,decline,1.0,0.14285714285714285,1.0,1.0,-0.05951465131011984,-0.03202563076101742,505
all_alfworld,late,activation_l24_norm,1,13,1,0.05,decline,0.0,0.0,0.0,0.0,-0.07517640165488823,-0.06405126152203484,505
all_alfworld,late,activation_l24_norm,2,13,1,0.05,decline,0.0,0.0,0.0,0.0,-0.07517640165488823,-0.06405126152203484,505
all_alfworld,late,activation_l24_norm,4,13,1,0.05,decline,0.0,0.0,0.0,0.0,-0.07517640165488823,-0.06405126152203484,505
all_alfworld,late,activation_l24_norm,7,13,1,0.05,decline,1.0,0.14285714285714285,1.0,1.0,-0.07517640165488823,-0.06405126152203484,505
all_alfworld,late,activation_l32_norm,1,13,1,0.05,decline,0.0,0.0,0.0,0.0,0.17227925379245218,0.09607689228305227,505
all_alfworld,late,activation_l32_norm,2,13,1,0.05,decline,0.0,0.0,0.0,0.0,0.17227925379245218,0.09607689228305227,505
all_alfworld,late,activation_l32_norm,4,13,1,0.05,decline,1.0,0.25,1.0,1.0,0.17227925379245218,0.09607689228305227,505
all_alfworld,late,activation_l32_norm,7,13,1,0.05,decline,1.0,0.14285714285714285,1.0,1.0,0.17227925379245218,0.09607689228305227,505
all_alfworld,late,activation_l8_norm,1,13,1,0.05,decline,0.0,0.0,0.0,0.0,0.27564680606792347,0.22417941532712196,505
all_alfworld,late,activation_l8_norm,2,13,1,0.05,decline,1.0,0.5,1.0,1.0,0.27564680606792347,0.22417941532712196,505
all_alfworld,late,activation_l8_norm,4,13,1,0.05,decline,1.0,0.25,1.0,1.0,0.27564680606792347,0.22417941532712196,505
all_alfworld,late,activation_l8_norm,7,13,1,0.05,decline,1.0,0.14285714285714285,1.0,1.0,0.27564680606792347,0.22417941532712196,505
all_alfworld,late,delta_centered_norm,1,13,1,0.05,decline,0.0,0.0,0.0,0.0,0.20360275448198892,0.1601281538050871,505
all_alfworld,late,delta_centered_norm,2,13,1,0.05,decline,0.0,0.0,0.0,0.0,0.20360275448198892,0.1601281538050871,505
all_alfworld,late,delta_centered_norm,4,13,1,0.05,decline,1.0,0.25,1.0,1.0,0.20360275448198892,0.1601281538050871,505
all_alfworld,late,delta_centered_norm,7,13,1,0.05,decline,1.0,0.14285714285714285,1.0,1.0,0.20360275448198892,0.1601281538050871,505
all_alfworld,late,delta_norm,1,13,1,0.05,decline,0.0,0.0,0.0,0.0,0.4917789608257271,0.4483588306542439,505
all_alfworld,late,delta_norm,2,13,1,0.05,decline,0.0,0.0,0.0,0.0,0.4917789608257271,0.4483588306542439,505
all_alfworld,late,delta_norm,4,13,1,0.05,decline,1.0,0.25,1.0,1.0,0.4917789608257271,0.4483588306542439,505
all_alfworld,late,delta_norm,7,13,1,0.05,decline,1.0,0.14285714285714285,1.0,1.0,0.4917789608257271,0.4483588306542439,505
all_alfworld,late,forward_kl_original,1,13,1,0.05,decline,0.0,0.0,0.0,0.0,-0.6483964642734109,-0.5444357229372961,505
all_alfworld,late,forward_kl_original,2,13,1,0.05,decline,0.0,0.0,0.0,0.0,-0.6483964642734109,-0.5444357229372961,505
all_alfworld,late,forward_kl_original,4,13,1,0.05,decline,0.0,0.0,0.0,0.0,-0.6483964642734109,-0.5444357229372961,505
all_alfworld,late,forward_kl_original,7,13,1,0.05,decline,0.0,0.0,0.0,0.0,-0.6483964642734109,-0.5444357229372961,505
all_alfworld,late,js_original,1,13,1,0.05,decline,0.0,0.0,0.0,0.0,-0.463587810205144,-0.3522819383711916,505
all_alfworld,late,js_original,2,13,1,0.05,decline,0.0,0.0,0.0,0.0,-0.463587810205144,-0.3522819383711916,505
all_alfworld,late,js_original,4,13,1,0.05,decline,0.0,0.0,0.0,0.0,-0.463587810205144,-0.3522819383711916,505
all_alfworld,late,js_original,7,13,1,0.05,decline,0.0,0.0,0.0,0.0,-0.463587810205144,-0.3522819383711916,505
all_alfworld,late,old_margin,1,13,1,0.05,decline,0.09090909090909091,0.09090909090909091,0.09090909090909091,0.09090909090909091,0.1344632185501193,0.1179535649239177,505
all_alfworld,late,old_margin,2,13,1,0.05,decline,0.18181818181818182,0.09090909090909091,0.18181818181818182,0.18181818181818182,0.1344632185501193,0.1179535649239177,505
all_alfworld,late,old_margin,4,13,1,0.05,decline,0.36363636363636365,0.09090909090909091,0.36363636363636365,0.36363636363636365,0.1344632185501193,0.1179535649239177,505
all_alfworld,late,old_margin,7,13,1,0.05,decline,0.6363636363636364,0.09090909090909091,0.6363636363636364,0.6363636363636364,0.1344632185501193,0.1179535649239177,505
all_alfworld,late,u_control_norm,1,13,1,0.05,decline,1.0,1.0,1.0,1.0,0.7642934168246969,0.6405126152203484,505
all_alfworld,late,u_control_norm,2,13,1,0.05,decline,1.0,0.5,1.0,1.0,0.7642934168246969,0.6405126152203484,505
all_alfworld,late,u_control_norm,4,13,1,0.05,decline,1.0,0.25,1.0,1.0,0.7642934168246969,0.6405126152203484,505
all_alfworld,late,u_control_norm,7,13,1,0.05,decline,1.0,0.14285714285714285,1.0,1.0,0.7642934168246969,0.6405126152203484,505
all_alfworld,late,u_original_norm,1,13,1,0.05,decline,1.0,1.0,1.0,1.0,0.5262348115842176,0.4483588306542439,505
all_alfworld,late,u_original_norm,2,13,1,0.05,decline,1.0,0.5,1.0,1.0,0.5262348115842176,0.4483588306542439,505
all_alfworld,late,u_original_norm,4,13,1,0.05,decline,1.0,0.25,1.0,1.0,0.5262348115842176,0.4483588306542439,505
all_alfworld,late,u_original_norm,7,13,1,0.05,decline,1.0,0.14285714285714285,1.0,1.0,0.5262348115842176,0.4483588306542439,505
all_alfworld,late,random_expected,1,13,1,0.05,decline,0.07692307692307693,0.07692307692307693,0.07692307692307693,0.07692307692307693,,,505
all_alfworld,late,random_expected,2,13,1,0.05,decline,0.15384615384615385,0.07692307692307693,0.15384615384615385,0.15384615384615385,,,505
all_alfworld,late,random_expected,4,13,1,0.05,decline,0.3076923076923077,0.07692307692307693,0.3076923076923077,0.3076923076923077,,,505
all_alfworld,late,random_expected,7,13,1,0.05,decline,0.5384615384615384,0.07692307692307691,0.5384615384615384,0.5384615384615384,,,505
all_alfworld,late,C_upd,1,13,5,0.0,any_change,0.0,0.0,0.0,0.0,-0.028191150620583083,0.03202563076101742,505
all_alfworld,late,C_upd,2,13,5,0.0,any_change,1.0,0.5,0.2,0.18300653594771243,-0.028191150620583083,0.03202563076101742,505
all_alfworld,late,C_upd,4,13,5,0.0,any_change,3.0,0.75,0.6,0.4662309368191721,-0.028191150620583083,0.03202563076101742,505
all_alfworld,late,C_upd,7,13,5,0.0,any_change,3.0,0.42857142857142855,0.6,0.4662309368191721,-0.028191150620583083,0.03202563076101742,505
all_alfworld,late,D_contribution,1,13,5,0.0,any_change,0.0,0.0,0.0,0.0,-0.27877915613687715,-0.19215378456610455,505
all_alfworld,late,D_contribution,2,13,5,0.0,any_change,0.0,0.0,0.0,0.0,-0.27877915613687715,-0.19215378456610455,505
all_alfworld,late,D_contribution,4,13,5,0.0,any_change,0.0,0.0,0.0,0.0,-0.27877915613687715,-0.19215378456610455,505
all_alfworld,late,D_contribution,7,13,5,0.0,any_change,2.0,0.2857142857142857,0.4,0.48801742919389984,-0.27877915613687715,-0.19215378456610455,505
all_alfworld,late,D_ungated_contribution,1,13,5,0.0,any_change,0.0,0.0,0.0,0.0,-0.18480865406826685,-0.1281025230440697,505
all_alfworld,late,D_ungated_contribution,2,13,5,0.0,any_change,0.0,0.0,0.0,0.0,-0.18480865406826685,-0.1281025230440697,505
all_alfworld,late,D_ungated_contribution,4,13,5,0.0,any_change,1.0,0.25,0.2,0.30501089324618735,-0.18480865406826685,-0.1281025230440697,505
all_alfworld,late,D_ungated_contribution,7,13,5,0.0,any_change,2.0,0.2857142857142857,0.4,0.48801742919389984,-0.18480865406826685,-0.1281025230440697,505
all_alfworld,late,P_int,1,13,5,0.0,any_change,0.0,0.0,0.0,0.0,-0.006264700137907351,0.0,505
all_alfworld,late,P_int,2,13,5,0.0,any_change,0.0,0.0,0.0,0.0,-0.006264700137907351,0.0,505
all_alfworld,late,P_int,4,13,5,0.0,any_change,2.0,0.5,0.4,0.5337690631808278,-0.006264700137907351,0.0,505
all_alfworld,late,P_int,7,13,5,0.0,any_change,2.0,0.2857142857142857,0.4,0.5337690631808278,-0.006264700137907351,0.0,505
all_alfworld,late,activation_l16_norm,1,13,5,0.0,any_change,0.0,0.0,0.0,0.0,0.34769085765385804,0.2562050460881394,505
all_alfworld,late,activation_l16_norm,2,13,5,0.0,any_change,1.0,0.5,0.2,0.15250544662309368,0.34769085765385804,0.2562050460881394,505
all_alfworld,late,activation_l16_norm,4,13,5,0.0,any_change,3.0,0.75,0.6,0.5642701525054467,0.34769085765385804,0.2562050460881394,505
all_alfworld,late,activation_l16_norm,7,13,5,0.0,any_change,3.0,0.42857142857142855,0.6,0.5642701525054467,0.34769085765385804,0.2562050460881394,505
all_alfworld,late,activation_l24_norm,1,13,5,0.0,any_change,0.0,0.0,0.0,0.0,0.1315587028960544,0.09607689228305227,505
all_alfworld,late,activation_l24_norm,2,13,5,0.0,any_change,1.0,0.5,0.2,0.18300653594771243,0.1315587028960544,0.09607689228305227,505
all_alfworld,late,activation_l24_norm,4,13,5,0.0,any_change,1.0,0.25,0.2,0.18300653594771243,0.1315587028960544,0.09607689228305227,505
all_alfworld,late,activation_l24_norm,7,13,5,0.0,any_change,3.0,0.42857142857142855,0.6,0.5642701525054467,0.1315587028960544,0.09607689228305227,505
all_alfworld,late,activation_l32_norm,1,13,5,0.0,any_change,0.0,0.0,0.0,0.0,0.1033675522754713,0.1281025230440697,505
all_alfworld,late,activation_l32_norm,2,13,5,0.0,any_change,0.0,0.0,0.0,0.0,0.1033675522754713,0.1281025230440697,505
all_alfworld,late,activation_l32_norm,4,13,5,0.0,any_change,2.0,0.5,0.4,0.411764705882353,0.1033675522754713,0.1281025230440697,505
all_alfworld,late,activation_l32_norm,7,13,5,0.0,any_change,3.0,0.42857142857142855,0.6,0.5642701525054467,0.1033675522754713,0.1281025230440697,505
all_alfworld,late,activation_l8_norm,1,13,5,0.0,any_change,0.0,0.0,0.0,0.0,0.08144110179279557,0.06405126152203484,505
all_alfworld,late,activation_l8_norm,2,13,5,0.0,any_change,1.0,0.5,0.2,0.22875816993464054,0.08144110179279557,0.06405126152203484,505
all_alfworld,late,activation_l8_norm,4,13,5,0.0,any_change,1.0,0.25,0.2,0.22875816993464054,0.08144110179279557,0.06405126152203484,505
all_alfworld,late,activation_l8_norm,7,13,5,0.0,any_change,3.0,0.42857142857142855,0.6,0.542483660130719,0.08144110179279557,0.06405126152203484,505
all_alfworld,late,delta_centered_norm,1,13,5,0.0,any_change,0.0,0.0,0.0,0.0,0.07830875172384189,0.06405126152203484,505
all_alfworld,late,delta_centered_norm,2,13,5,0.0,any_change,0.0,0.0,0.0,0.0,0.07830875172384189,0.06405126152203484,505
all_alfworld,late,delta_centered_norm,4,13,5,0.0,any_change,2.0,0.5,0.4,0.3812636165577342,0.07830875172384189,0.06405126152203484,505
all_alfworld,late,delta_centered_norm,7,13,5,0.0,any_change,3.0,0.42857142857142855,0.6,0.5119825708061003,0.07830875172384189,0.06405126152203484,505
all_alfworld,late,delta_norm,1,13,5,0.0,any_change,0.0,0.0,0.0,0.0,-0.21613215475780365,-0.22417941532712196,505
all_alfworld,late,delta_norm,2,13,5,0.0,any_change,0.0,0.0,0.0,0.0,-0.21613215475780365,-0.22417941532712196,505
all_alfworld,late,delta_norm,4,13,5,0.0,any_change,1.0,0.25,0.2,0.22875816993464054,-0.21613215475780365,-0.22417941532712196,505
all_alfworld,late,delta_norm,7,13,5,0.0,any_change,2.0,0.2857142857142857,0.4,0.3594771241830066,-0.21613215475780365,-0.22417941532712196,505
all_alfworld,late,forward_kl_original,1,13,5,0.0,any_change,1.0,1.0,0.2,0.18300653594771243,0.44792605986037565,0.3843075691322091,505
all_alfworld,late,forward_kl_original,2,13,5,0.0,any_change,1.0,0.5,0.2,0.18300653594771243,0.44792605986037565,0.3843075691322091,505
all_alfworld,late,forward_kl_original,4,13,5,0.0,any_change,3.0,0.75,0.6,0.6405228758169935,0.44792605986037565,0.3843075691322091,505
all_alfworld,late,forward_kl_original,7,13,5,0.0,any_change,4.0,0.5714285714285714,0.8,0.7712418300653594,0.44792605986037565,0.3843075691322091,505
all_alfworld,late,js_original,1,13,5,0.0,any_change,1.0,1.0,0.2,0.18300653594771243,0.25685270565420143,0.19215378456610455,505
all_alfworld,late,js_original,2,13,5,0.0,any_change,1.0,0.5,0.2,0.18300653594771243,0.25685270565420143,0.19215378456610455,505
all_alfworld,late,js_original,4,13,5,0.0,any_change,2.0,0.5,0.4,0.48801742919389984,0.25685270565420143,0.19215378456610455,505
all_alfworld,late,js_original,7,13,5,0.0,any_change,3.0,0.42857142857142855,0.6,0.6187363834422659,0.25685270565420143,0.19215378456610455,505
all_alfworld,late,old_margin,1,13,5,0.0,any_change,0.36363636363636365,0.36363636363636365,0.07272727272727272,0.07704495939790058,-0.004980119205559973,0.0,505
all_alfworld,late,old_margin,2,13,5,0.0,any_change,0.7272727272727273,0.36363636363636365,0.14545454545454545,0.15408991879580117,-0.004980119205559973,0.0,505
all_alfworld,late,old_margin,4,13,5,0.0,any_change,1.4545454545454546,0.36363636363636365,0.2909090909090909,0.30817983759160233,-0.004980119205559973,0.0,505
all_alfworld,late,old_margin,7,13,5,0.0,any_change,2.5454545454545454,0.36363636363636365,0.509090909090909,0.539314715785304,-0.004980119205559973,0.0,505
all_alfworld,late,u_control_norm,1,13,5,0.0,any_change,1.0,1.0,0.2,0.22875816993464054,-0.32576440717118227,-0.28823067684915676,505
all_alfworld,late,u_control_norm,2,13,5,0.0,any_change,1.0,0.5,0.2,0.22875816993464054,-0.32576440717118227,-0.28823067684915676,505
all_alfworld,late,u_control_norm,4,13,5,0.0,any_change,1.0,0.25,0.2,0.22875816993464054,-0.32576440717118227,-0.28823067684915676,505
all_alfworld,late,u_control_norm,7,13,5,0.0,any_change,1.0,0.14285714285714285,0.2,0.22875816993464054,-0.32576440717118227,-0.28823067684915676,505
all_alfworld,late,u_original_norm,1,13,5,0.0,any_change,1.0,1.0,0.2,0.22875816993464054,-0.09397050206861028,-0.09607689228305227,505
all_alfworld,late,u_original_norm,2,13,5,0.0,any_change,1.0,0.5,0.2,0.22875816993464054,-0.09397050206861028,-0.09607689228305227,505
all_alfworld,late,u_original_norm,4,13,5,0.0,any_change,1.0,0.25,0.2,0.22875816993464054,-0.09397050206861028,-0.09607689228305227,505
all_alfworld,late,u_original_norm,7,13,5,0.0,any_change,3.0,0.42857142857142855,0.6,0.5119825708061003,-0.09397050206861028,-0.09607689228305227,505
all_alfworld,late,random_expected,1,13,5,0.0,any_change,0.38461538461538464,0.38461538461538464,0.07692307692307693,0.07692307692307694,,,505
all_alfworld,late,random_expected,2,13,5,0.0,any_change,0.7692307692307693,0.38461538461538464,0.15384615384615385,0.15384615384615388,,,505
all_alfworld,late,random_expected,4,13,5,0.0,any_change,1.5384615384615385,0.38461538461538464,0.3076923076923077,0.30769230769230776,,,505
all_alfworld,late,random_expected,7,13,5,0.0,any_change,2.692307692307692,0.3846153846153846,0.5384615384615384,0.5384615384615384,,,505
all_alfworld,late,C_upd,1,13,5,0.05,any_change,0.0,0.0,0.0,0.0,-0.028191150620583083,0.03202563076101742,505
all_alfworld,late,C_upd,2,13,5,0.05,any_change,1.0,0.5,0.2,0.18300653594771243,-0.028191150620583083,0.03202563076101742,505
all_alfworld,late,C_upd,4,13,5,0.05,any_change,3.0,0.75,0.6,0.4662309368191721,-0.028191150620583083,0.03202563076101742,505
all_alfworld,late,C_upd,7,13,5,0.05,any_change,3.0,0.42857142857142855,0.6,0.4662309368191721,-0.028191150620583083,0.03202563076101742,505
all_alfworld,late,D_contribution,1,13,5,0.05,any_change,0.0,0.0,0.0,0.0,-0.27877915613687715,-0.19215378456610455,505
all_alfworld,late,D_contribution,2,13,5,0.05,any_change,0.0,0.0,0.0,0.0,-0.27877915613687715,-0.19215378456610455,505
all_alfworld,late,D_contribution,4,13,5,0.05,any_change,0.0,0.0,0.0,0.0,-0.27877915613687715,-0.19215378456610455,505
all_alfworld,late,D_contribution,7,13,5,0.05,any_change,2.0,0.2857142857142857,0.4,0.48801742919389984,-0.27877915613687715,-0.19215378456610455,505
all_alfworld,late,D_ungated_contribution,1,13,5,0.05,any_change,0.0,0.0,0.0,0.0,-0.18480865406826685,-0.1281025230440697,505
all_alfworld,late,D_ungated_contribution,2,13,5,0.05,any_change,0.0,0.0,0.0,0.0,-0.18480865406826685,-0.1281025230440697,505
all_alfworld,late,D_ungated_contribution,4,13,5,0.05,any_change,1.0,0.25,0.2,0.30501089324618735,-0.18480865406826685,-0.1281025230440697,505
all_alfworld,late,D_ungated_contribution,7,13,5,0.05,any_change,2.0,0.2857142857142857,0.4,0.48801742919389984,-0.18480865406826685,-0.1281025230440697,505
all_alfworld,late,P_int,1,13,5,0.05,any_change,0.0,0.0,0.0,0.0,-0.006264700137907351,0.0,505
all_alfworld,late,P_int,2,13,5,0.05,any_change,0.0,0.0,0.0,0.0,-0.006264700137907351,0.0,505
all_alfworld,late,P_int,4,13,5,0.05,any_change,2.0,0.5,0.4,0.5337690631808278,-0.006264700137907351,0.0,505
all_alfworld,late,P_int,7,13,5,0.05,any_change,2.0,0.2857142857142857,0.4,0.5337690631808278,-0.006264700137907351,0.0,505
all_alfworld,late,activation_l16_norm,1,13,5,0.05,any_change,0.0,0.0,0.0,0.0,0.34769085765385804,0.2562050460881394,505
all_alfworld,late,activation_l16_norm,2,13,5,0.05,any_change,1.0,0.5,0.2,0.15250544662309368,0.34769085765385804,0.2562050460881394,505
all_alfworld,late,activation_l16_norm,4,13,5,0.05,any_change,3.0,0.75,0.6,0.5642701525054467,0.34769085765385804,0.2562050460881394,505
all_alfworld,late,activation_l16_norm,7,13,5,0.05,any_change,3.0,0.42857142857142855,0.6,0.5642701525054467,0.34769085765385804,0.2562050460881394,505
all_alfworld,late,activation_l24_norm,1,13,5,0.05,any_change,0.0,0.0,0.0,0.0,0.1315587028960544,0.09607689228305227,505
all_alfworld,late,activation_l24_norm,2,13,5,0.05,any_change,1.0,0.5,0.2,0.18300653594771243,0.1315587028960544,0.09607689228305227,505
all_alfworld,late,activation_l24_norm,4,13,5,0.05,any_change,1.0,0.25,0.2,0.18300653594771243,0.1315587028960544,0.09607689228305227,505
all_alfworld,late,activation_l24_norm,7,13,5,0.05,any_change,3.0,0.42857142857142855,0.6,0.5642701525054467,0.1315587028960544,0.09607689228305227,505
all_alfworld,late,activation_l32_norm,1,13,5,0.05,any_change,0.0,0.0,0.0,0.0,0.1033675522754713,0.1281025230440697,505
all_alfworld,late,activation_l32_norm,2,13,5,0.05,any_change,0.0,0.0,0.0,0.0,0.1033675522754713,0.1281025230440697,505
all_alfworld,late,activation_l32_norm,4,13,5,0.05,any_change,2.0,0.5,0.4,0.411764705882353,0.1033675522754713,0.1281025230440697,505
all_alfworld,late,activation_l32_norm,7,13,5,0.05,any_change,3.0,0.42857142857142855,0.6,0.5642701525054467,0.1033675522754713,0.1281025230440697,505
all_alfworld,late,activation_l8_norm,1,13,5,0.05,any_change,0.0,0.0,0.0,0.0,0.08144110179279557,0.06405126152203484,505
all_alfworld,late,activation_l8_norm,2,13,5,0.05,any_change,1.0,0.5,0.2,0.22875816993464054,0.08144110179279557,0.06405126152203484,505
all_alfworld,late,activation_l8_norm,4,13,5,0.05,any_change,1.0,0.25,0.2,0.22875816993464054,0.08144110179279557,0.06405126152203484,505
all_alfworld,late,activation_l8_norm,7,13,5,0.05,any_change,3.0,0.42857142857142855,0.6,0.542483660130719,0.08144110179279557,0.06405126152203484,505
all_alfworld,late,delta_centered_norm,1,13,5,0.05,any_change,0.0,0.0,0.0,0.0,0.07830875172384189,0.06405126152203484,505
all_alfworld,late,delta_centered_norm,2,13,5,0.05,any_change,0.0,0.0,0.0,0.0,0.07830875172384189,0.06405126152203484,505
all_alfworld,late,delta_centered_norm,4,13,5,0.05,any_change,2.0,0.5,0.4,0.3812636165577342,0.07830875172384189,0.06405126152203484,505
all_alfworld,late,delta_centered_norm,7,13,5,0.05,any_change,3.0,0.42857142857142855,0.6,0.5119825708061003,0.07830875172384189,0.06405126152203484,505
all_alfworld,late,delta_norm,1,13,5,0.05,any_change,0.0,0.0,0.0,0.0,-0.21613215475780365,-0.22417941532712196,505
all_alfworld,late,delta_norm,2,13,5,0.05,any_change,0.0,0.0,0.0,0.0,-0.21613215475780365,-0.22417941532712196,505
all_alfworld,late,delta_norm,4,13,5,0.05,any_change,1.0,0.25,0.2,0.22875816993464054,-0.21613215475780365,-0.22417941532712196,505
all_alfworld,late,delta_norm,7,13,5,0.05,any_change,2.0,0.2857142857142857,0.4,0.3594771241830066,-0.21613215475780365,-0.22417941532712196,505
all_alfworld,late,forward_kl_original,1,13,5,0.05,any_change,1.0,1.0,0.2,0.18300653594771243,0.44792605986037565,0.3843075691322091,505
all_alfworld,late,forward_kl_original,2,13,5,0.05,any_change,1.0,0.5,0.2,0.18300653594771243,0.44792605986037565,0.3843075691322091,505
all_alfworld,late,forward_kl_original,4,13,5,0.05,any_change,3.0,0.75,0.6,0.6405228758169935,0.44792605986037565,0.3843075691322091,505
all_alfworld,late,forward_kl_original,7,13,5,0.05,any_change,4.0,0.5714285714285714,0.8,0.7712418300653594,0.44792605986037565,0.3843075691322091,505
all_alfworld,late,js_original,1,13,5,0.05,any_change,1.0,1.0,0.2,0.18300653594771243,0.25685270565420143,0.19215378456610455,505
all_alfworld,late,js_original,2,13,5,0.05,any_change,1.0,0.5,0.2,0.18300653594771243,0.25685270565420143,0.19215378456610455,505
all_alfworld,late,js_original,4,13,5,0.05,any_change,2.0,0.5,0.4,0.48801742919389984,0.25685270565420143,0.19215378456610455,505
all_alfworld,late,js_original,7,13,5,0.05,any_change,3.0,0.42857142857142855,0.6,0.6187363834422659,0.25685270565420143,0.19215378456610455,505
all_alfworld,late,old_margin,1,13,5,0.05,any_change,0.36363636363636365,0.36363636363636365,0.07272727272727272,0.07704495939790058,-0.004980119205559973,0.0,505
all_alfworld,late,old_margin,2,13,5,0.05,any_change,0.7272727272727273,0.36363636363636365,0.14545454545454545,0.15408991879580117,-0.004980119205559973,0.0,505
all_alfworld,late,old_margin,4,13,5,0.05,any_change,1.4545454545454546,0.36363636363636365,0.2909090909090909,0.30817983759160233,-0.004980119205559973,0.0,505
all_alfworld,late,old_margin,7,13,5,0.05,any_change,2.5454545454545454,0.36363636363636365,0.509090909090909,0.539314715785304,-0.004980119205559973,0.0,505
all_alfworld,late,u_control_norm,1,13,5,0.05,any_change,1.0,1.0,0.2,0.22875816993464054,-0.32576440717118227,-0.28823067684915676,505
all_alfworld,late,u_control_norm,2,13,5,0.05,any_change,1.0,0.5,0.2,0.22875816993464054,-0.32576440717118227,-0.28823067684915676,505
all_alfworld,late,u_control_norm,4,13,5,0.05,any_change,1.0,0.25,0.2,0.22875816993464054,-0.32576440717118227,-0.28823067684915676,505
all_alfworld,late,u_control_norm,7,13,5,0.05,any_change,1.0,0.14285714285714285,0.2,0.22875816993464054,-0.32576440717118227,-0.28823067684915676,505
all_alfworld,late,u_original_norm,1,13,5,0.05,any_change,1.0,1.0,0.2,0.22875816993464054,-0.09397050206861028,-0.09607689228305227,505
all_alfworld,late,u_original_norm,2,13,5,0.05,any_change,1.0,0.5,0.2,0.22875816993464054,-0.09397050206861028,-0.09607689228305227,505
all_alfworld,late,u_original_norm,4,13,5,0.05,any_change,1.0,0.25,0.2,0.22875816993464054,-0.09397050206861028,-0.09607689228305227,505
all_alfworld,late,u_original_norm,7,13,5,0.05,any_change,3.0,0.42857142857142855,0.6,0.5119825708061003,-0.09397050206861028,-0.09607689228305227,505
all_alfworld,late,random_expected,1,13,5,0.05,any_change,0.38461538461538464,0.38461538461538464,0.07692307692307693,0.07692307692307694,,,505
all_alfworld,late,random_expected,2,13,5,0.05,any_change,0.7692307692307693,0.38461538461538464,0.15384615384615385,0.15384615384615388,,,505
all_alfworld,late,random_expected,4,13,5,0.05,any_change,1.5384615384615385,0.38461538461538464,0.3076923076923077,0.30769230769230776,,,505
all_alfworld,late,random_expected,7,13,5,0.05,any_change,2.692307692307692,0.3846153846153846,0.5384615384615384,0.5384615384615384,,,505
all_alfworld,middle,C_upd,1,12,0,0.0,decline,0.0,0.0,,,0.32328388246773465,0.21576949235051995,505
all_alfworld,middle,C_upd,2,12,0,0.0,decline,0.0,0.0,,,0.32328388246773465,0.21576949235051995,505
all_alfworld,middle,C_upd,3,12,0,0.0,decline,0.0,0.0,,,0.32328388246773465,0.21576949235051995,505
all_alfworld,middle,C_upd,6,12,0,0.0,decline,0.0,0.0,,,0.32328388246773465,0.21576949235051995,505
all_alfworld,middle,D_contribution,1,12,0,0.0,decline,0.0,0.0,,,0.3056566993783645,0.30104712360255265,505
all_alfworld,middle,D_contribution,2,12,0,0.0,decline,0.0,0.0,,,0.3056566993783645,0.30104712360255265,505
all_alfworld,middle,D_contribution,3,12,0,0.0,decline,0.0,0.0,,,0.3056566993783645,0.30104712360255265,505
all_alfworld,middle,D_contribution,6,12,0,0.0,decline,0.0,0.0,,,0.3056566993783645,0.30104712360255265,505
all_alfworld,middle,D_ungated_contribution,1,12,0,0.0,decline,0.0,0.0,,,0.2869598507297869,0.24896479886598458,505
all_alfworld,middle,D_ungated_contribution,2,12,0,0.0,decline,0.0,0.0,,,0.2869598507297869,0.24896479886598458,505
all_alfworld,middle,D_ungated_contribution,3,12,0,0.0,decline,0.0,0.0,,,0.2869598507297869,0.24896479886598458,505
all_alfworld,middle,D_ungated_contribution,6,12,0,0.0,decline,0.0,0.0,,,0.2869598507297869,0.24896479886598458,505
all_alfworld,middle,P_int,1,12,0,0.0,decline,0.0,0.0,,,0.04722124125933203,0.016597653257732305,505
all_alfworld,middle,P_int,2,12,0,0.0,decline,0.0,0.0,,,0.04722124125933203,0.016597653257732305,505
all_alfworld,middle,P_int,3,12,0,0.0,decline,0.0,0.0,,,0.04722124125933203,0.016597653257732305,505
all_alfworld,middle,P_int,6,12,0,0.0,decline,0.0,0.0,,,0.04722124125933203,0.016597653257732305,505
all_alfworld,middle,activation_l16_norm,1,12,0,0.0,decline,0.0,0.0,,,-0.21431178725389152,-0.18257418583505536,505
all_alfworld,middle,activation_l16_norm,2,12,0,0.0,decline,0.0,0.0,,,-0.21431178725389152,-0.18257418583505536,505
all_alfworld,middle,activation_l16_norm,3,12,0,0.0,decline,0.0,0.0,,,-0.21431178725389152,-0.18257418583505536,505
all_alfworld,middle,activation_l16_norm,6,12,0,0.0,decline,0.0,0.0,,,-0.21431178725389152,-0.18257418583505536,505
all_alfworld,middle,activation_l24_norm,1,12,0,0.0,decline,0.0,0.0,,,-0.24700341581804441,-0.21576949235051995,505
all_alfworld,middle,activation_l24_norm,2,12,0,0.0,decline,0.0,0.0,,,-0.24700341581804441,-0.21576949235051995,505
all_alfworld,middle,activation_l24_norm,3,12,0,0.0,decline,0.0,0.0,,,-0.24700341581804441,-0.21576949235051995,505
all_alfworld,middle,activation_l24_norm,6,12,0,0.0,decline,0.0,0.0,,,-0.24700341581804441,-0.21576949235051995,505
all_alfworld,middle,activation_l32_norm,1,12,0,0.0,decline,0.0,0.0,,,-0.15982573964696994,-0.11618357280412614,505
all_alfworld,middle,activation_l32_norm,2,12,0,0.0,decline,0.0,0.0,,,-0.15982573964696994,-0.11618357280412614,505
all_alfworld,middle,activation_l32_norm,3,12,0,0.0,decline,0.0,0.0,,,-0.15982573964696994,-0.11618357280412614,505
all_alfworld,middle,activation_l32_norm,6,12,0,0.0,decline,0.0,0.0,,,-0.15982573964696994,-0.11618357280412614,505
all_alfworld,middle,activation_l8_norm,1,12,0,0.0,decline,0.0,0.0,,,-0.10170728886625359,-0.08298826628866152,505
all_alfworld,middle,activation_l8_norm,2,12,0,0.0,decline,0.0,0.0,,,-0.10170728886625359,-0.08298826628866152,505
all_alfworld,middle,activation_l8_norm,3,12,0,0.0,decline,0.0,0.0,,,-0.10170728886625359,-0.08298826628866152,505
all_alfworld,middle,activation_l8_norm,6,12,0,0.0,decline,0.0,0.0,,,-0.10170728886625359,-0.08298826628866152,505
all_alfworld,middle,delta_centered_norm,1,12,0,0.0,decline,0.0,0.0,,,0.13439891743040655,0.11618357280412614,505
all_alfworld,middle,delta_centered_norm,2,12,0,0.0,decline,0.0,0.0,,,0.13439891743040655,0.11618357280412614,505
all_alfworld,middle,delta_centered_norm,3,12,0,0.0,decline,0.0,0.0,,,0.13439891743040655,0.11618357280412614,505
all_alfworld,middle,delta_centered_norm,6,12,0,0.0,decline,0.0,0.0,,,0.13439891743040655,0.11618357280412614,505
all_alfworld,middle,delta_norm,1,12,0,0.0,decline,0.0,0.0,,,0.33781349516291376,0.31535541189691385,505
all_alfworld,middle,delta_norm,2,12,0,0.0,decline,0.0,0.0,,,0.33781349516291376,0.31535541189691385,505
all_alfworld,middle,delta_norm,3,12,0,0.0,decline,0.0,0.0,,,0.33781349516291376,0.31535541189691385,505
all_alfworld,middle,delta_norm,6,12,0,0.0,decline,0.0,0.0,,,0.33781349516291376,0.31535541189691385,505
all_alfworld,middle,forward_kl_original,1,12,0,0.0,decline,0.0,0.0,,,-0.4104615586388092,-0.3485507184123784,505
all_alfworld,middle,forward_kl_original,2,12,0,0.0,decline,0.0,0.0,,,-0.4104615586388092,-0.3485507184123784,505
all_alfworld,middle,forward_kl_original,3,12,0,0.0,decline,0.0,0.0,,,-0.4104615586388092,-0.3485507184123784,505
all_alfworld,middle,forward_kl_original,6,12,0,0.0,decline,0.0,0.0,,,-0.4104615586388092,-0.3485507184123784,505
all_alfworld,middle,js_original,1,12,0,0.0,decline,0.0,0.0,,,-0.44315318720296215,-0.38174602492784304,505
all_alfworld,middle,js_original,2,12,0,0.0,decline,0.0,0.0,,,-0.44315318720296215,-0.38174602492784304,505
all_alfworld,middle,js_original,3,12,0,0.0,decline,0.0,0.0,,,-0.44315318720296215,-0.38174602492784304,505
all_alfworld,middle,js_original,6,12,0,0.0,decline,0.0,0.0,,,-0.44315318720296215,-0.38174602492784304,505
all_alfworld,middle,old_margin,1,12,0,0.0,decline,0.0,0.0,,,-0.01620216819770764,0.06030226891555272,505
all_alfworld,middle,old_margin,2,12,0,0.0,decline,0.0,0.0,,,-0.01620216819770764,0.06030226891555272,505
all_alfworld,middle,old_margin,3,12,0,0.0,decline,0.0,0.0,,,-0.01620216819770764,0.06030226891555272,505
all_alfworld,middle,old_margin,6,12,0,0.0,decline,0.0,0.0,,,-0.01620216819770764,0.06030226891555272,505
all_alfworld,middle,u_control_norm,1,12,0,0.0,decline,0.0,0.0,,,0.6138761363713163,0.4813319444742369,505
all_alfworld,middle,u_control_norm,2,12,0,0.0,decline,0.0,0.0,,,0.6138761363713163,0.4813319444742369,505
all_alfworld,middle,u_control_norm,3,12,0,0.0,decline,0.0,0.0,,,0.6138761363713163,0.4813319444742369,505
all_alfworld,middle,u_control_norm,6,12,0,0.0,decline,0.0,0.0,,,0.6138761363713163,0.4813319444742369,505
all_alfworld,middle,u_original_norm,1,12,0,0.0,decline,0.0,0.0,,,0.5339632665478313,0.41494133144330764,505
all_alfworld,middle,u_original_norm,2,12,0,0.0,decline,0.0,0.0,,,0.5339632665478313,0.41494133144330764,505
all_alfworld,middle,u_original_norm,3,12,0,0.0,decline,0.0,0.0,,,0.5339632665478313,0.41494133144330764,505
all_alfworld,middle,u_original_norm,6,12,0,0.0,decline,0.0,0.0,,,0.5339632665478313,0.41494133144330764,505
all_alfworld,middle,random_expected,1,12,0,0.0,decline,0.0,0.0,,,,,505
all_alfworld,middle,random_expected,2,12,0,0.0,decline,0.0,0.0,,,,,505
all_alfworld,middle,random_expected,3,12,0,0.0,decline,0.0,0.0,,,,,505
all_alfworld,middle,random_expected,6,12,0,0.0,decline,0.0,0.0,,,,,505
all_alfworld,middle,C_upd,1,12,0,0.05,decline,0.0,0.0,,,0.32328388246773465,0.21576949235051995,505
all_alfworld,middle,C_upd,2,12,0,0.05,decline,0.0,0.0,,,0.32328388246773465,0.21576949235051995,505
all_alfworld,middle,C_upd,3,12,0,0.05,decline,0.0,0.0,,,0.32328388246773465,0.21576949235051995,505
all_alfworld,middle,C_upd,6,12,0,0.05,decline,0.0,0.0,,,0.32328388246773465,0.21576949235051995,505
all_alfworld,middle,D_contribution,1,12,0,0.05,decline,0.0,0.0,,,0.3056566993783645,0.30104712360255265,505
all_alfworld,middle,D_contribution,2,12,0,0.05,decline,0.0,0.0,,,0.3056566993783645,0.30104712360255265,505
all_alfworld,middle,D_contribution,3,12,0,0.05,decline,0.0,0.0,,,0.3056566993783645,0.30104712360255265,505
all_alfworld,middle,D_contribution,6,12,0,0.05,decline,0.0,0.0,,,0.3056566993783645,0.30104712360255265,505
all_alfworld,middle,D_ungated_contribution,1,12,0,0.05,decline,0.0,0.0,,,0.2869598507297869,0.24896479886598458,505
all_alfworld,middle,D_ungated_contribution,2,12,0,0.05,decline,0.0,0.0,,,0.2869598507297869,0.24896479886598458,505
all_alfworld,middle,D_ungated_contribution,3,12,0,0.05,decline,0.0,0.0,,,0.2869598507297869,0.24896479886598458,505
all_alfworld,middle,D_ungated_contribution,6,12,0,0.05,decline,0.0,0.0,,,0.2869598507297869,0.24896479886598458,505
all_alfworld,middle,P_int,1,12,0,0.05,decline,0.0,0.0,,,0.04722124125933203,0.016597653257732305,505
all_alfworld,middle,P_int,2,12,0,0.05,decline,0.0,0.0,,,0.04722124125933203,0.016597653257732305,505
all_alfworld,middle,P_int,3,12,0,0.05,decline,0.0,0.0,,,0.04722124125933203,0.016597653257732305,505
all_alfworld,middle,P_int,6,12,0,0.05,decline,0.0,0.0,,,0.04722124125933203,0.016597653257732305,505
all_alfworld,middle,activation_l16_norm,1,12,0,0.05,decline,0.0,0.0,,,-0.21431178725389152,-0.18257418583505536,505
all_alfworld,middle,activation_l16_norm,2,12,0,0.05,decline,0.0,0.0,,,-0.21431178725389152,-0.18257418583505536,505
all_alfworld,middle,activation_l16_norm,3,12,0,0.05,decline,0.0,0.0,,,-0.21431178725389152,-0.18257418583505536,505
all_alfworld,middle,activation_l16_norm,6,12,0,0.05,decline,0.0,0.0,,,-0.21431178725389152,-0.18257418583505536,505
all_alfworld,middle,activation_l24_norm,1,12,0,0.05,decline,0.0,0.0,,,-0.24700341581804441,-0.21576949235051995,505
all_alfworld,middle,activation_l24_norm,2,12,0,0.05,decline,0.0,0.0,,,-0.24700341581804441,-0.21576949235051995,505
all_alfworld,middle,activation_l24_norm,3,12,0,0.05,decline,0.0,0.0,,,-0.24700341581804441,-0.21576949235051995,505
all_alfworld,middle,activation_l24_norm,6,12,0,0.05,decline,0.0,0.0,,,-0.24700341581804441,-0.21576949235051995,505
all_alfworld,middle,activation_l32_norm,1,12,0,0.05,decline,0.0,0.0,,,-0.15982573964696994,-0.11618357280412614,505
all_alfworld,middle,activation_l32_norm,2,12,0,0.05,decline,0.0,0.0,,,-0.15982573964696994,-0.11618357280412614,505
all_alfworld,middle,activation_l32_norm,3,12,0,0.05,decline,0.0,0.0,,,-0.15982573964696994,-0.11618357280412614,505
all_alfworld,middle,activation_l32_norm,6,12,0,0.05,decline,0.0,0.0,,,-0.15982573964696994,-0.11618357280412614,505
all_alfworld,middle,activation_l8_norm,1,12,0,0.05,decline,0.0,0.0,,,-0.10170728886625359,-0.08298826628866152,505
all_alfworld,middle,activation_l8_norm,2,12,0,0.05,decline,0.0,0.0,,,-0.10170728886625359,-0.08298826628866152,505
all_alfworld,middle,activation_l8_norm,3,12,0,0.05,decline,0.0,0.0,,,-0.10170728886625359,-0.08298826628866152,505
all_alfworld,middle,activation_l8_norm,6,12,0,0.05,decline,0.0,0.0,,,-0.10170728886625359,-0.08298826628866152,505
all_alfworld,middle,delta_centered_norm,1,12,0,0.05,decline,0.0,0.0,,,0.13439891743040655,0.11618357280412614,505
all_alfworld,middle,delta_centered_norm,2,12,0,0.05,decline,0.0,0.0,,,0.13439891743040655,0.11618357280412614,505
all_alfworld,middle,delta_centered_norm,3,12,0,0.05,decline,0.0,0.0,,,0.13439891743040655,0.11618357280412614,505
all_alfworld,middle,delta_centered_norm,6,12,0,0.05,decline,0.0,0.0,,,0.13439891743040655,0.11618357280412614,505
all_alfworld,middle,delta_norm,1,12,0,0.05,decline,0.0,0.0,,,0.33781349516291376,0.31535541189691385,505
all_alfworld,middle,delta_norm,2,12,0,0.05,decline,0.0,0.0,,,0.33781349516291376,0.31535541189691385,505
all_alfworld,middle,delta_norm,3,12,0,0.05,decline,0.0,0.0,,,0.33781349516291376,0.31535541189691385,505
all_alfworld,middle,delta_norm,6,12,0,0.05,decline,0.0,0.0,,,0.33781349516291376,0.31535541189691385,505
all_alfworld,middle,forward_kl_original,1,12,0,0.05,decline,0.0,0.0,,,-0.4104615586388092,-0.3485507184123784,505
all_alfworld,middle,forward_kl_original,2,12,0,0.05,decline,0.0,0.0,,,-0.4104615586388092,-0.3485507184123784,505
all_alfworld,middle,forward_kl_original,3,12,0,0.05,decline,0.0,0.0,,,-0.4104615586388092,-0.3485507184123784,505
all_alfworld,middle,forward_kl_original,6,12,0,0.05,decline,0.0,0.0,,,-0.4104615586388092,-0.3485507184123784,505
all_alfworld,middle,js_original,1,12,0,0.05,decline,0.0,0.0,,,-0.44315318720296215,-0.38174602492784304,505
all_alfworld,middle,js_original,2,12,0,0.05,decline,0.0,0.0,,,-0.44315318720296215,-0.38174602492784304,505
all_alfworld,middle,js_original,3,12,0,0.05,decline,0.0,0.0,,,-0.44315318720296215,-0.38174602492784304,505
all_alfworld,middle,js_original,6,12,0,0.05,decline,0.0,0.0,,,-0.44315318720296215,-0.38174602492784304,505
all_alfworld,middle,old_margin,1,12,0,0.05,decline,0.0,0.0,,,-0.01620216819770764,0.06030226891555272,505
all_alfworld,middle,old_margin,2,12,0,0.05,decline,0.0,0.0,,,-0.01620216819770764,0.06030226891555272,505
all_alfworld,middle,old_margin,3,12,0,0.05,decline,0.0,0.0,,,-0.01620216819770764,0.06030226891555272,505
all_alfworld,middle,old_margin,6,12,0,0.05,decline,0.0,0.0,,,-0.01620216819770764,0.06030226891555272,505
all_alfworld,middle,u_control_norm,1,12,0,0.05,decline,0.0,0.0,,,0.6138761363713163,0.4813319444742369,505
all_alfworld,middle,u_control_norm,2,12,0,0.05,decline,0.0,0.0,,,0.6138761363713163,0.4813319444742369,505
all_alfworld,middle,u_control_norm,3,12,0,0.05,decline,0.0,0.0,,,0.6138761363713163,0.4813319444742369,505
all_alfworld,middle,u_control_norm,6,12,0,0.05,decline,0.0,0.0,,,0.6138761363713163,0.4813319444742369,505
all_alfworld,middle,u_original_norm,1,12,0,0.05,decline,0.0,0.0,,,0.5339632665478313,0.41494133144330764,505
all_alfworld,middle,u_original_norm,2,12,0,0.05,decline,0.0,0.0,,,0.5339632665478313,0.41494133144330764,505
all_alfworld,middle,u_original_norm,3,12,0,0.05,decline,0.0,0.0,,,0.5339632665478313,0.41494133144330764,505
all_alfworld,middle,u_original_norm,6,12,0,0.05,decline,0.0,0.0,,,0.5339632665478313,0.41494133144330764,505
all_alfworld,middle,random_expected,1,12,0,0.05,decline,0.0,0.0,,,,,505
all_alfworld,middle,random_expected,2,12,0,0.05,decline,0.0,0.0,,,,,505
all_alfworld,middle,random_expected,3,12,0,0.05,decline,0.0,0.0,,,,,505
all_alfworld,middle,random_expected,6,12,0,0.05,decline,0.0,0.0,,,,,505
all_alfworld,middle,C_upd,1,12,7,0.0,any_change,0.0,0.0,0.0,0.0,-0.32328388246773465,-0.21576949235051995,505
all_alfworld,middle,C_upd,2,12,7,0.0,any_change,0.0,0.0,0.0,0.0,-0.32328388246773465,-0.21576949235051995,505
all_alfworld,middle,C_upd,3,12,7,0.0,any_change,0.0,0.0,0.0,0.0,-0.32328388246773465,-0.21576949235051995,505
all_alfworld,middle,C_upd,6,12,7,0.0,any_change,3.0,0.5,0.42857142857142855,0.5898876404494382,-0.32328388246773465,-0.21576949235051995,505
all_alfworld,middle,D_contribution,1,12,7,0.0,any_change,0.0,0.0,0.0,0.0,-0.3056566993783645,-0.30104712360255265,505
all_alfworld,middle,D_contribution,2,12,7,0.0,any_change,0.0,0.0,0.0,0.0,-0.3056566993783645,-0.30104712360255265,505
all_alfworld,middle,D_contribution,3,12,7,0.0,any_change,1.0,0.3333333333333333,0.14285714285714285,0.016853932584269662,-0.3056566993783645,-0.30104712360255265,505
all_alfworld,middle,D_contribution,6,12,7,0.0,any_change,3.0,0.5,0.42857142857142855,0.6910112359550561,-0.3056566993783645,-0.30104712360255265,505
all_alfworld,middle,D_ungated_contribution,1,12,7,0.0,any_change,0.0,0.0,0.0,0.0,-0.2869598507297869,-0.24896479886598458,505
all_alfworld,middle,D_ungated_contribution,2,12,7,0.0,any_change,0.0,0.0,0.0,0.0,-0.2869598507297869,-0.24896479886598458,505
all_alfworld,middle,D_ungated_contribution,3,12,7,0.0,any_change,1.0,0.3333333333333333,0.14285714285714285,0.016853932584269662,-0.2869598507297869,-0.24896479886598458,505
all_alfworld,middle,D_ungated_contribution,6,12,7,0.0,any_change,3.0,0.5,0.42857142857142855,0.6910112359550561,-0.2869598507297869,-0.24896479886598458,505
all_alfworld,middle,P_int,1,12,7,0.0,any_change,0.0,0.0,0.0,0.0,-0.04722124125933203,-0.016597653257732305,505
all_alfworld,middle,P_int,2,12,7,0.0,any_change,0.0,0.0,0.0,0.0,-0.04722124125933203,-0.016597653257732305,505
all_alfworld,middle,P_int,3,12,7,0.0,any_change,1.0,0.3333333333333333,0.14285714285714285,0.016853932584269662,-0.04722124125933203,-0.016597653257732305,505
all_alfworld,middle,P_int,6,12,7,0.0,any_change,3.0,0.5,0.42857142857142855,0.6910112359550561,-0.04722124125933203,-0.016597653257732305,505
all_alfworld,middle,activation_l16_norm,1,12,7,0.0,any_change,1.0,1.0,0.14285714285714285,0.33707865168539325,0.21431178725389152,0.18257418583505536,505
all_alfworld,middle,activation_l16_norm,2,12,7,0.0,any_change,2.0,1.0,0.2857142857142857,0.3792134831460674,0.21431178725389152,0.18257418583505536,505
all_alfworld,middle,activation_l16_norm,3,12,7,0.0,any_change,2.0,0.6666666666666666,0.2857142857142857,0.3792134831460674,0.21431178725389152,0.18257418583505536,505
all_alfworld,middle,activation_l16_norm,6,12,7,0.0,any_change,4.0,0.6666666666666666,0.5714285714285714,0.7303370786516855,0.21431178725389152,0.18257418583505536,505
all_alfworld,middle,activation_l24_norm,1,12,7,0.0,any_change,1.0,1.0,0.14285714285714285,0.33707865168539325,0.24700341581804441,0.21576949235051995,505
all_alfworld,middle,activation_l24_norm,2,12,7,0.0,any_change,1.0,0.5,0.14285714285714285,0.33707865168539325,0.24700341581804441,0.21576949235051995,505
all_alfworld,middle,activation_l24_norm,3,12,7,0.0,any_change,2.0,0.6666666666666666,0.2857142857142857,0.6741573033707865,0.24700341581804441,0.21576949235051995,505
all_alfworld,middle,activation_l24_norm,6,12,7,0.0,any_change,4.0,0.6666666666666666,0.5714285714285714,0.7303370786516855,0.24700341581804441,0.21576949235051995,505
all_alfworld,middle,activation_l32_norm,1,12,7,0.0,any_change,1.0,1.0,0.14285714285714285,0.33707865168539325,0.15982573964696994,0.11618357280412614,505
all_alfworld,middle,activation_l32_norm,2,12,7,0.0,any_change,2.0,1.0,0.2857142857142857,0.3792134831460674,0.15982573964696994,0.11618357280412614,505
all_alfworld,middle,activation_l32_norm,3,12,7,0.0,any_change,2.0,0.6666666666666666,0.2857142857142857,0.3792134831460674,0.15982573964696994,0.11618357280412614,505
all_alfworld,middle,activation_l32_norm,6,12,7,0.0,any_change,4.0,0.6666666666666666,0.5714285714285714,0.7303370786516855,0.15982573964696994,0.11618357280412614,505
all_alfworld,middle,activation_l8_norm,1,12,7,0.0,any_change,1.0,1.0,0.14285714285714285,0.042134831460674156,0.10170728886625359,0.08298826628866152,505
all_alfworld,middle,activation_l8_norm,2,12,7,0.0,any_change,2.0,1.0,0.2857142857142857,0.3792134831460674,0.10170728886625359,0.08298826628866152,505
all_alfworld,middle,activation_l8_norm,3,12,7,0.0,any_change,2.0,0.6666666666666666,0.2857142857142857,0.3792134831460674,0.10170728886625359,0.08298826628866152,505
all_alfworld,middle,activation_l8_norm,6,12,7,0.0,any_change,3.0,0.5,0.42857142857142855,0.7162921348314606,0.10170728886625359,0.08298826628866152,505
all_alfworld,middle,delta_centered_norm,1,12,7,0.0,any_change,1.0,1.0,0.14285714285714285,0.042134831460674156,-0.13439891743040655,-0.11618357280412614,505
all_alfworld,middle,delta_centered_norm,2,12,7,0.0,any_change,1.0,0.5,0.14285714285714285,0.042134831460674156,-0.13439891743040655,-0.11618357280412614,505
all_alfworld,middle,delta_centered_norm,3,12,7,0.0,any_change,2.0,0.6666666666666666,0.2857142857142857,0.3792134831460674,-0.13439891743040655,-0.11618357280412614,505
all_alfworld,middle,delta_centered_norm,6,12,7,0.0,any_change,3.0,0.5,0.42857142857142855,0.39325842696629215,-0.13439891743040655,-0.11618357280412614,505
all_alfworld,middle,delta_norm,1,12,7,0.0,any_change,1.0,1.0,0.14285714285714285,0.042134831460674156,-0.33781349516291376,-0.31535541189691385,505
all_alfworld,middle,delta_norm,2,12,7,0.0,any_change,1.0,0.5,0.14285714285714285,0.042134831460674156,-0.33781349516291376,-0.31535541189691385,505
all_alfworld,middle,delta_norm,3,12,7,0.0,any_change,2.0,0.6666666666666666,0.2857142857142857,0.3792134831460674,-0.33781349516291376,-0.31535541189691385,505
all_alfworld,middle,delta_norm,6,12,7,0.0,any_change,3.0,0.5,0.42857142857142855,0.39325842696629215,-0.33781349516291376,-0.31535541189691385,505
all_alfworld,middle,forward_kl_original,1,12,7,0.0,any_change,1.0,1.0,0.14285714285714285,0.33707865168539325,0.4104615586388092,0.3485507184123784,505
all_alfworld,middle,forward_kl_original,2,12,7,0.0,any_change,1.0,0.5,0.14285714285714285,0.33707865168539325,0.4104615586388092,0.3485507184123784,505
all_alfworld,middle,forward_kl_original,3,12,7,0.0,any_change,2.0,0.6666666666666666,0.2857142857142857,0.3539325842696629,0.4104615586388092,0.3485507184123784,505
all_alfworld,middle,forward_kl_original,6,12,7,0.0,any_change,5.0,0.8333333333333334,0.7142857142857143,0.8735955056179775,0.4104615586388092,0.3485507184123784,505
all_alfworld,middle,js_original,1,12,7,0.0,any_change,1.0,1.0,0.14285714285714285,0.33707865168539325,0.44315318720296215,0.38174602492784304,505
all_alfworld,middle,js_original,2,12,7,0.0,any_change,1.0,0.5,0.14285714285714285,0.33707865168539325,0.44315318720296215,0.38174602492784304,505
all_alfworld,middle,js_original,3,12,7,0.0,any_change,2.0,0.6666666666666666,0.2857142857142857,0.6741573033707865,0.44315318720296215,0.38174602492784304,505
all_alfworld,middle,js_original,6,12,7,0.0,any_change,5.0,0.8333333333333334,0.7142857142857143,0.8735955056179775,0.44315318720296215,0.38174602492784304,505
all_alfworld,middle,old_margin,1,12,7,0.0,any_change,1.0,1.0,0.14285714285714285,0.016853932584269662,0.01620216819770764,-0.06030226891555272,505
all_alfworld,middle,old_margin,2,12,7,0.0,any_change,1.0,0.5,0.14285714285714285,0.016853932584269662,0.01620216819770764,-0.06030226891555272,505
all_alfworld,middle,old_margin,3,12,7,0.0,any_change,2.0,0.6666666666666666,0.2857142857142857,0.05898876404494381,0.01620216819770764,-0.06030226891555272,505
all_alfworld,middle,old_margin,6,12,7,0.0,any_change,3.8571428571428568,0.6428571428571428,0.5510204081632653,0.3840288924558587,0.01620216819770764,-0.06030226891555272,505
all_alfworld,middle,u_control_norm,1,12,7,0.0,any_change,0.0,0.0,0.0,0.0,-0.6138761363713163,-0.4813319444742369,505
all_alfworld,middle,u_control_norm,2,12,7,0.0,any_change,0.0,0.0,0.0,0.0,-0.6138761363713163,-0.4813319444742369,505
all_alfworld,middle,u_control_norm,3,12,7,0.0,any_change,1.0,0.3333333333333333,0.14285714285714285,0.042134831460674156,-0.6138761363713163,-0.4813319444742369,505
all_alfworld,middle,u_control_norm,6,12,7,0.0,any_change,2.0,0.3333333333333333,0.2857142857142857,0.12640449438202248,-0.6138761363713163,-0.4813319444742369,505
all_alfworld,middle,u_original_norm,1,12,7,0.0,any_change,1.0,1.0,0.14285714285714285,0.042134831460674156,-0.5339632665478313,-0.41494133144330764,505
all_alfworld,middle,u_original_norm,2,12,7,0.0,any_change,1.0,0.5,0.14285714285714285,0.042134831460674156,-0.5339632665478313,-0.41494133144330764,505
all_alfworld,middle,u_original_norm,3,12,7,0.0,any_change,1.0,0.3333333333333333,0.14285714285714285,0.042134831460674156,-0.5339632665478313,-0.41494133144330764,505
all_alfworld,middle,u_original_norm,6,12,7,0.0,any_change,2.0,0.3333333333333333,0.2857142857142857,0.12640449438202248,-0.5339632665478313,-0.41494133144330764,505
all_alfworld,middle,random_expected,1,12,7,0.0,any_change,0.5833333333333333,0.5833333333333333,0.08333333333333333,0.08333333333333333,,,505
all_alfworld,middle,random_expected,2,12,7,0.0,any_change,1.1666666666666665,0.5833333333333333,0.16666666666666666,0.16666666666666666,,,505
all_alfworld,middle,random_expected,3,12,7,0.0,any_change,1.75,0.5833333333333334,0.25,0.25,,,505
all_alfworld,middle,random_expected,6,12,7,0.0,any_change,3.5,0.5833333333333334,0.5,0.5,,,505
all_alfworld,middle,C_upd,1,12,5,0.05,any_change,0.0,0.0,0.0,0.0,-0.32328388246773465,-0.21576949235051995,505
all_alfworld,middle,C_upd,2,12,5,0.05,any_change,0.0,0.0,0.0,0.0,-0.32328388246773465,-0.21576949235051995,505
all_alfworld,middle,C_upd,3,12,5,0.05,any_change,0.0,0.0,0.0,0.0,-0.32328388246773465,-0.21576949235051995,505
all_alfworld,middle,C_upd,6,12,5,0.05,any_change,3.0,0.5,0.6,0.5898876404494382,-0.32328388246773465,-0.21576949235051995,505
all_alfworld,middle,D_contribution,1,12,5,0.05,any_change,0.0,0.0,0.0,0.0,-0.3056566993783645,-0.30104712360255265,505
all_alfworld,middle,D_contribution,2,12,5,0.05,any_change,0.0,0.0,0.0,0.0,-0.3056566993783645,-0.30104712360255265,505
all_alfworld,middle,D_contribution,3,12,5,0.05,any_change,0.0,0.0,0.0,0.016853932584269662,-0.3056566993783645,-0.30104712360255265,505
all_alfworld,middle,D_contribution,6,12,5,0.05,any_change,2.0,0.3333333333333333,0.4,0.6910112359550561,-0.3056566993783645,-0.30104712360255265,505
all_alfworld,middle,D_ungated_contribution,1,12,5,0.05,any_change,0.0,0.0,0.0,0.0,-0.2869598507297869,-0.24896479886598458,505
all_alfworld,middle,D_ungated_contribution,2,12,5,0.05,any_change,0.0,0.0,0.0,0.0,-0.2869598507297869,-0.24896479886598458,505
all_alfworld,middle,D_ungated_contribution,3,12,5,0.05,any_change,0.0,0.0,0.0,0.016853932584269662,-0.2869598507297869,-0.24896479886598458,505
all_alfworld,middle,D_ungated_contribution,6,12,5,0.05,any_change,2.0,0.3333333333333333,0.4,0.6910112359550561,-0.2869598507297869,-0.24896479886598458,505
all_alfworld,middle,P_int,1,12,5,0.05,any_change,0.0,0.0,0.0,0.0,-0.04722124125933203,-0.016597653257732305,505
all_alfworld,middle,P_int,2,12,5,0.05,any_change,0.0,0.0,0.0,0.0,-0.04722124125933203,-0.016597653257732305,505
all_alfworld,middle,P_int,3,12,5,0.05,any_change,0.0,0.0,0.0,0.016853932584269662,-0.04722124125933203,-0.016597653257732305,505
all_alfworld,middle,P_int,6,12,5,0.05,any_change,2.0,0.3333333333333333,0.4,0.6910112359550561,-0.04722124125933203,-0.016597653257732305,505
all_alfworld,middle,activation_l16_norm,1,12,5,0.05,any_change,1.0,1.0,0.2,0.33707865168539325,0.21431178725389152,0.18257418583505536,505
all_alfworld,middle,activation_l16_norm,2,12,5,0.05,any_change,2.0,1.0,0.4,0.3792134831460674,0.21431178725389152,0.18257418583505536,505
all_alfworld,middle,activation_l16_norm,3,12,5,0.05,any_change,2.0,0.6666666666666666,0.4,0.3792134831460674,0.21431178725389152,0.18257418583505536,505
all_alfworld,middle,activation_l16_norm,6,12,5,0.05,any_change,3.0,0.5,0.6,0.7303370786516855,0.21431178725389152,0.18257418583505536,505
all_alfworld,middle,activation_l24_norm,1,12,5,0.05,any_change,1.0,1.0,0.2,0.33707865168539325,0.24700341581804441,0.21576949235051995,505
all_alfworld,middle,activation_l24_norm,2,12,5,0.05,any_change,1.0,0.5,0.2,0.33707865168539325,0.24700341581804441,0.21576949235051995,505
all_alfworld,middle,activation_l24_norm,3,12,5,0.05,any_change,2.0,0.6666666666666666,0.4,0.6741573033707865,0.24700341581804441,0.21576949235051995,505
all_alfworld,middle,activation_l24_norm,6,12,5,0.05,any_change,3.0,0.5,0.6,0.7303370786516855,0.24700341581804441,0.21576949235051995,505
all_alfworld,middle,activation_l32_norm,1,12,5,0.05,any_change,1.0,1.0,0.2,0.33707865168539325,0.15982573964696994,0.11618357280412614,505
all_alfworld,middle,activation_l32_norm,2,12,5,0.05,any_change,2.0,1.0,0.4,0.3792134831460674,0.15982573964696994,0.11618357280412614,505
all_alfworld,middle,activation_l32_norm,3,12,5,0.05,any_change,2.0,0.6666666666666666,0.4,0.3792134831460674,0.15982573964696994,0.11618357280412614,505
all_alfworld,middle,activation_l32_norm,6,12,5,0.05,any_change,3.0,0.5,0.6,0.7303370786516855,0.15982573964696994,0.11618357280412614,505
all_alfworld,middle,activation_l8_norm,1,12,5,0.05,any_change,1.0,1.0,0.2,0.042134831460674156,0.10170728886625359,0.08298826628866152,505
all_alfworld,middle,activation_l8_norm,2,12,5,0.05,any_change,2.0,1.0,0.4,0.3792134831460674,0.10170728886625359,0.08298826628866152,505
all_alfworld,middle,activation_l8_norm,3,12,5,0.05,any_change,2.0,0.6666666666666666,0.4,0.3792134831460674,0.10170728886625359,0.08298826628866152,505
all_alfworld,middle,activation_l8_norm,6,12,5,0.05,any_change,3.0,0.5,0.6,0.7162921348314606,0.10170728886625359,0.08298826628866152,505
all_alfworld,middle,delta_centered_norm,1,12,5,0.05,any_change,1.0,1.0,0.2,0.042134831460674156,-0.13439891743040655,-0.11618357280412614,505
all_alfworld,middle,delta_centered_norm,2,12,5,0.05,any_change,1.0,0.5,0.2,0.042134831460674156,-0.13439891743040655,-0.11618357280412614,505
all_alfworld,middle,delta_centered_norm,3,12,5,0.05,any_change,2.0,0.6666666666666666,0.4,0.3792134831460674,-0.13439891743040655,-0.11618357280412614,505
all_alfworld,middle,delta_centered_norm,6,12,5,0.05,any_change,2.0,0.3333333333333333,0.4,0.39325842696629215,-0.13439891743040655,-0.11618357280412614,505
all_alfworld,middle,delta_norm,1,12,5,0.05,any_change,1.0,1.0,0.2,0.042134831460674156,-0.33781349516291376,-0.31535541189691385,505
all_alfworld,middle,delta_norm,2,12,5,0.05,any_change,1.0,0.5,0.2,0.042134831460674156,-0.33781349516291376,-0.31535541189691385,505
all_alfworld,middle,delta_norm,3,12,5,0.05,any_change,2.0,0.6666666666666666,0.4,0.3792134831460674,-0.33781349516291376,-0.31535541189691385,505
all_alfworld,middle,delta_norm,6,12,5,0.05,any_change,2.0,0.3333333333333333,0.4,0.39325842696629215,-0.33781349516291376,-0.31535541189691385,505
all_alfworld,middle,forward_kl_original,1,12,5,0.05,any_change,1.0,1.0,0.2,0.33707865168539325,0.4104615586388092,0.3485507184123784,505
all_alfworld,middle,forward_kl_original,2,12,5,0.05,any_change,1.0,0.5,0.2,0.33707865168539325,0.4104615586388092,0.3485507184123784,505
all_alfworld,middle,forward_kl_original,3,12,5,0.05,any_change,1.0,0.3333333333333333,0.2,0.3539325842696629,0.4104615586388092,0.3485507184123784,505
all_alfworld,middle,forward_kl_original,6,12,5,0.05,any_change,3.0,0.5,0.6,0.8735955056179775,0.4104615586388092,0.3485507184123784,505
all_alfworld,middle,js_original,1,12,5,0.05,any_change,1.0,1.0,0.2,0.33707865168539325,0.44315318720296215,0.38174602492784304,505
all_alfworld,middle,js_original,2,12,5,0.05,any_change,1.0,0.5,0.2,0.33707865168539325,0.44315318720296215,0.38174602492784304,505
all_alfworld,middle,js_original,3,12,5,0.05,any_change,2.0,0.6666666666666666,0.4,0.6741573033707865,0.44315318720296215,0.38174602492784304,505
all_alfworld,middle,js_original,6,12,5,0.05,any_change,3.0,0.5,0.6,0.8735955056179775,0.44315318720296215,0.38174602492784304,505
all_alfworld,middle,old_margin,1,12,5,0.05,any_change,0.0,0.0,0.0,0.016853932584269662,0.01620216819770764,-0.06030226891555272,505
all_alfworld,middle,old_margin,2,12,5,0.05,any_change,0.0,0.0,0.0,0.016853932584269662,0.01620216819770764,-0.06030226891555272,505
all_alfworld,middle,old_margin,3,12,5,0.05,any_change,1.0,0.3333333333333333,0.2,0.05898876404494381,0.01620216819770764,-0.06030226891555272,505
all_alfworld,middle,old_margin,6,12,5,0.05,any_change,2.8571428571428568,0.4761904761904761,0.5714285714285714,0.3840288924558587,0.01620216819770764,-0.06030226891555272,505
all_alfworld,middle,u_control_norm,1,12,5,0.05,any_change,0.0,0.0,0.0,0.0,-0.6138761363713163,-0.4813319444742369,505
all_alfworld,middle,u_control_norm,2,12,5,0.05,any_change,0.0,0.0,0.0,0.0,-0.6138761363713163,-0.4813319444742369,505
all_alfworld,middle,u_control_norm,3,12,5,0.05,any_change,1.0,0.3333333333333333,0.2,0.042134831460674156,-0.6138761363713163,-0.4813319444742369,505
all_alfworld,middle,u_control_norm,6,12,5,0.05,any_change,2.0,0.3333333333333333,0.4,0.12640449438202248,-0.6138761363713163,-0.4813319444742369,505
all_alfworld,middle,u_original_norm,1,12,5,0.05,any_change,1.0,1.0,0.2,0.042134831460674156,-0.5339632665478313,-0.41494133144330764,505
all_alfworld,middle,u_original_norm,2,12,5,0.05,any_change,1.0,0.5,0.2,0.042134831460674156,-0.5339632665478313,-0.41494133144330764,505
all_alfworld,middle,u_original_norm,3,12,5,0.05,any_change,1.0,0.3333333333333333,0.2,0.042134831460674156,-0.5339632665478313,-0.41494133144330764,505
all_alfworld,middle,u_original_norm,6,12,5,0.05,any_change,2.0,0.3333333333333333,0.4,0.12640449438202248,-0.5339632665478313,-0.41494133144330764,505
all_alfworld,middle,random_expected,1,12,5,0.05,any_change,0.41666666666666663,0.41666666666666663,0.08333333333333333,0.08333333333333333,,,505
all_alfworld,middle,random_expected,2,12,5,0.05,any_change,0.8333333333333333,0.41666666666666663,0.16666666666666666,0.16666666666666666,,,505
all_alfworld,middle,random_expected,3,12,5,0.05,any_change,1.25,0.4166666666666667,0.25,0.25,,,505
all_alfworld,middle,random_expected,6,12,5,0.05,any_change,2.5,0.4166666666666667,0.5,0.5,,,505
